[10:26:33] [INIT] Debug logging enabled → logs/sim_20260819_102633.log
[10:26:33] [INIT] Snapshot interval=30s
[10:26:33] [INIT] Initial population: 6 stalkers, 0 mutants (not counted as trickle spawns)
[10:26:33] [MISSION] Beard accepted ScoutPoi @ Zaton (184 RU)
[10:26:33] [TASK] Beard → AcceptMission [ScoutPoi] (goal=AcceptMission)
[10:26:33] [GOAL] Beard achieved AcceptMission
[10:26:33] [MISSION] Lukash accepted ScoutPoi @ Army Warehouses (230 RU)
[10:26:33] [TASK] Lukash → AcceptMission [ScoutPoi] (goal=AcceptMission)
[10:26:33] [GOAL] Lukash achieved AcceptMission
[10:26:33] [MISSION] Barkeep accepted ScoutPoi @ Rostok (190 RU)
[10:26:33] [TASK] Barkeep → AcceptMission [ScoutPoi] (goal=AcceptMission)
[10:26:33] [GOAL] Barkeep achieved AcceptMission
[10:26:34] [MISSION] Cold accepted ScoutPoi @ Great Swamps (168 RU)
[10:26:34] [TASK] Cold → AcceptMission [ScoutPoi] (goal=AcceptMission)
[10:26:34] [GOAL] Cold achieved AcceptMission
[10:26:34] [MISSION] Sidorovich accepted ScoutPoi @ Cordon (160 RU)
[10:26:34] [TASK] Sidorovich → AcceptMission [ScoutPoi] (goal=AcceptMission)
[10:26:34] [GOAL] Sidorovich achieved AcceptMission
[10:26:35] [INBOUND] Initial +2 stalkers, +1 mutants (remaining S=1492 M=999)
[10:26:35] [MISSION] Connor accepted ScoutPoi @ Zaton (184 RU)
[10:26:35] [TASK] Connor → AcceptMission [ScoutPoi] (goal=AcceptMission)
[10:26:35] [GOAL] Connor achieved AcceptMission
[10:26:36] [INBOUND] Initial +2 stalkers, +1 mutants (remaining S=1490 M=998)
[10:26:37] [INBOUND] Initial +2 stalkers, +2 mutants (remaining S=1488 M=996)
[10:26:37] [MISSION] Dmytro accepted ScoutPoi @ Deserted Hospital (200 RU)
[10:26:37] [TASK] Dmytro → AcceptMission [ScoutPoi] (goal=AcceptMission)
[10:26:37] [GOAL] Dmytro achieved AcceptMission
[10:26:38] [INBOUND] Initial +2 stalkers, +1 mutants (remaining S=1486 M=995)
[10:26:38] [MISSION] Oleg accepted ScoutPoi @ Agroprom (184 RU)
[10:26:38] [TASK] Oleg → AcceptMission [ScoutPoi] (goal=AcceptMission)
[10:26:38] [GOAL] Oleg achieved AcceptMission
[10:26:39] [INBOUND] Initial +2 stalkers, +1 mutants (remaining S=1484 M=994)
[10:26:39] [MISSION] Igor accepted ScoutPoi @ Wild Territory (164 RU)
[10:26:39] [TASK] Igor → AcceptMission [ScoutPoi] (goal=AcceptMission)
[10:26:39] [GOAL] Igor achieved AcceptMission
[10:26:40] [INBOUND] Initial +2 stalkers, +2 mutants (remaining S=1482 M=992)
[10:26:40] [MISSION] Dmitri accepted ScoutPoi @ Wild Territory (164 RU)
[10:26:40] [TASK] Dmitri → AcceptMission [ScoutPoi] (goal=AcceptMission)
[10:26:40] [GOAL] Dmitri achieved AcceptMission
[10:26:40] [MISSION] Pierre accepted ScoutPoi @ Buriakivka Waste Site (160 RU)
[10:26:40] [TASK] Pierre → AcceptMission [ScoutPoi] (goal=AcceptMission)
[10:26:40] [GOAL] Pierre achieved AcceptMission
[10:26:41] [INBOUND] Initial +2 stalkers, +1 mutants (remaining S=1480 M=991)
[10:26:42] [INBOUND] Initial +2 stalkers, +2 mutants (remaining S=1478 M=989)
[10:26:42] [MISSION] Serhiy accepted ScoutPoi @ Generators (230 RU)
[10:26:42] [TASK] Serhiy → AcceptMission [ScoutPoi] (goal=AcceptMission)
[10:26:42] [GOAL] Serhiy achieved AcceptMission
[10:26:43] [INBOUND] Initial +2 stalkers, +1 mutants (remaining S=1476 M=988)
[10:26:43] [MISSION] Igor accepted ScoutPoi @ Meadow (164 RU)
[10:26:43] [TASK] Igor → AcceptMission [ScoutPoi] (goal=AcceptMission)
[10:26:43] [GOAL] Igor achieved AcceptMission
[10:26:44] [INBOUND] Initial +2 stalkers, +1 mutants (remaining S=1474 M=987)
[10:26:44] [MISSION] Bohdan accepted ScoutPoi @ Deserted Hospital (200 RU)
[10:26:44] [TASK] Bohdan → AcceptMission [ScoutPoi] (goal=AcceptMission)
[10:26:44] [GOAL] Bohdan achieved AcceptMission
[10:26:45] [INBOUND] Initial +2 stalkers, +2 mutants (remaining S=1472 M=985)
[10:26:45] [MISSION] Dmytro accepted ScoutPoi @ Zaton (184 RU)
[10:26:45] [TASK] Dmytro → AcceptMission [ScoutPoi] (goal=AcceptMission)
[10:26:45] [GOAL] Dmytro achieved AcceptMission
[10:26:45] [MISSION] Armen accepted ScoutPoi @ Zalissya (184 RU)
[10:26:45] [TASK] Armen → AcceptMission [ScoutPoi] (goal=AcceptMission)
[10:26:45] [GOAL] Armen achieved AcceptMission
[10:26:46] [INBOUND] Initial +2 stalkers, +1 mutants (remaining S=1470 M=984)
[10:26:46] [MISSION] Armen accepted ScoutPoi @ Radar (Brain Scorcher) (236 RU)
[10:26:46] [TASK] Armen → AcceptMission [ScoutPoi] (goal=AcceptMission)
[10:26:46] [GOAL] Armen achieved AcceptMission
[10:26:47] [INBOUND] Initial +2 stalkers, +2 mutants (remaining S=1468 M=982)
[10:26:48] [INBOUND] Initial +3 stalkers, +1 mutants (remaining S=1465 M=981)
[10:26:48] [MISSION] Yuriy accepted ScoutPoi @ Zalissya (184 RU)
[10:26:48] [TASK] Yuriy → AcceptMission [ScoutPoi] (goal=AcceptMission)
[10:26:48] [GOAL] Yuriy achieved AcceptMission
[10:26:49] [INBOUND] Initial +2 stalkers, +1 mutants (remaining S=1463 M=980)
[10:26:49] [MISSION] Lars accepted ScoutPoi @ Buriakivka Waste Site (160 RU)
[10:26:49] [TASK] Lars → AcceptMission [ScoutPoi] (goal=AcceptMission)
[10:26:49] [GOAL] Lars achieved AcceptMission
[10:26:50] [INBOUND] Initial +2 stalkers, +2 mutants (remaining S=1461 M=978)
[10:26:51] [INBOUND] Initial +2 stalkers, +1 mutants (remaining S=1459 M=977)
[10:26:51] [MISSION] Lars accepted ScoutPoi @ Dead City (Chernobyl-2 Settlement) (190 RU)
[10:26:51] [TASK] Lars → AcceptMission [ScoutPoi] (goal=AcceptMission)
[10:26:51] [GOAL] Lars achieved AcceptMission
[10:26:52] [INBOUND] Initial +2 stalkers, +1 mutants (remaining S=1457 M=976)
[10:26:52] [MISSION] Taras accepted ScoutPoi @ Zaton (184 RU)
[10:26:52] [TASK] Taras → AcceptMission [ScoutPoi] (goal=AcceptMission)
[10:26:52] [GOAL] Taras achieved AcceptMission
[10:26:53] [INBOUND] Initial +2 stalkers, +2 mutants (remaining S=1455 M=974)
[10:26:53] [MISSION] Alexei accepted ScoutPoi @ Kopachi (196 RU)
[10:26:53] [TASK] Alexei → AcceptMission [ScoutPoi] (goal=AcceptMission)
[10:26:53] [GOAL] Alexei achieved AcceptMission
[10:26:55] [INBOUND] Initial +2 stalkers, +1 mutants (remaining S=1453 M=973)
[10:26:56] [INBOUND] Initial +2 stalkers, +2 mutants (remaining S=1451 M=971)
[10:26:56] [COMBAT] Nikolai Petrov 'Stitch' killed Pavel Kovalenko 'Stitch' using wpn_pm
[10:26:56] [GEAR] Nikolai looted [wpn_gauss, out_scientific_outfit, helm_helm_m50] via combat
[10:26:57] [INBOUND] Initial +2 stalkers, +1 mutants (remaining S=1449 M=970)
[10:26:57] [MISSION] Tobias accepted ScoutPoi @ Buriakivka Waste Site (160 RU)
[10:26:57] [TASK] Tobias → AcceptMission [ScoutPoi] (goal=AcceptMission)
[10:26:57] [GOAL] Tobias achieved AcceptMission
[10:26:58] [INBOUND] Initial +2 stalkers, +1 mutants (remaining S=1447 M=969)
[10:26:58] [MISSION] Andrei accepted ScoutPoi @ Chistogalovka (236 RU)
[10:26:58] [TASK] Andrei → AcceptMission [ScoutPoi] (goal=AcceptMission)
[10:26:58] [GOAL] Andrei achieved AcceptMission
[10:26:58] [COMBAT] Alexei Bondarenko 'Bullet' killed Snork using wpn_pkm
[10:26:59] [INBOUND] Initial +2 stalkers, +2 mutants (remaining S=1445 M=967)
[10:26:59] [MISSION] Nikolai accepted ScoutPoi @ Duga Radar (210 RU)
[10:26:59] [TASK] Nikolai → AcceptMission [ScoutPoi] (goal=AcceptMission)
[10:26:59] [GOAL] Nikolai achieved AcceptMission
[10:27:00] [INBOUND] Initial +2 stalkers, +1 mutants (remaining S=1443 M=966)
[10:27:00] [MISSION] Vasyl accepted ScoutPoi @ Duga Radar (210 RU)
[10:27:00] [TASK] Vasyl → AcceptMission [ScoutPoi] (goal=AcceptMission)
[10:27:00] [GOAL] Vasyl achieved AcceptMission
[10:27:01] [INBOUND] Initial +2 stalkers, +2 mutants (remaining S=1441 M=964)
[10:27:01] [MISSION] Oleg accepted ScoutPoi @ Sarcophagus (184 RU)
[10:27:01] [TASK] Oleg → AcceptMission [ScoutPoi] (goal=AcceptMission)
[10:27:01] [GOAL] Oleg achieved AcceptMission
[10:27:01] [MISSION] Taras accepted ScoutPoi @ Meadow (164 RU)
[10:27:01] [TASK] Taras → AcceptMission [ScoutPoi] (goal=AcceptMission)
[10:27:01] [GOAL] Taras achieved AcceptMission
[10:27:02] [INBOUND] Initial +3 stalkers, +1 mutants (remaining S=1438 M=963)
[10:27:02] [MISSION] Bohdan accepted ScoutPoi @ Zaton (184 RU)
[10:27:02] [TASK] Bohdan → AcceptMission [ScoutPoi] (goal=AcceptMission)
[10:27:02] [GOAL] Bohdan achieved AcceptMission
[10:27:03] [INBOUND] Initial +2 stalkers, +1 mutants (remaining S=1436 M=962)
[10:27:03] [MISSION] Andriy accepted ScoutPoi @ Cordon (160 RU)
[10:27:03] [TASK] Andriy → AcceptMission [ScoutPoi] (goal=AcceptMission)
[10:27:03] [GOAL] Andriy achieved AcceptMission
[10:27:04] [INBOUND] Initial +2 stalkers, +2 mutants (remaining S=1434 M=960)
[10:27:04] [SNAPSHOT] real=0.5min game=D0 00:01 alive S=64 M=39 corpses=99 lootable=1 gammaGear out=25 helm=54 avgRU=850 leaderGoals trade=0 mission=25 emission=Dormant nextIn=103gmin desperate=0 hungry=0 interval deaths=2 combats=3 tasks=30 gearLoot=1 gearBuy=0 missions=30 corpseDespawn=0 trickleSpawns=0 ranks=[Rookie:64] goals=[CompleteMission::24,Idle:8,AcceptMission::1] leaders: Nikolai[Rookie/CompleteMission:], Tobias[Rookie/CompleteMission:], Sergei[Rookie/Idle], Serhiy[Rookie/Idle], Alexei[Rookie/CompleteMission:]
[10:27:04] [MISSION] Oleg accepted ScoutPoi @ Cordon (160 RU)
[10:27:04] [TASK] Oleg → AcceptMission [ScoutPoi] (goal=AcceptMission)
[10:27:04] [GOAL] Oleg achieved AcceptMission
[10:27:05] [INBOUND] Initial +2 stalkers, +1 mutants (remaining S=1432 M=959)
[10:27:05] [MISSION] Dmytro accepted ScoutPoi @ Chernobyl Town (200 RU)
[10:27:05] [TASK] Dmytro → AcceptMission [ScoutPoi] (goal=AcceptMission)
[10:27:05] [GOAL] Dmytro achieved AcceptMission
[10:27:06] [COMBAT] Alexei Bondarenko 'Wolf' killed Boar using wpn_pkm
[10:27:06] [INBOUND] Initial +2 stalkers, +2 mutants (remaining S=1430 M=957)
[10:27:06] [MISSION] Nikolai accepted ScoutPoi @ Garbage (196 RU)
[10:27:06] [TASK] Nikolai → AcceptMission [ScoutPoi] (goal=AcceptMission)
[10:27:06] [GOAL] Nikolai achieved AcceptMission
[10:27:06] [MISSION] Oleksiy accepted ScoutPoi @ Zaton (184 RU)
[10:27:06] [TASK] Oleksiy → AcceptMission [ScoutPoi] (goal=AcceptMission)
[10:27:06] [GOAL] Oleksiy achieved AcceptMission
[10:27:07] [INBOUND] Initial +2 stalkers, +1 mutants (remaining S=1428 M=956)
[10:27:07] [MISSION] Dmytro accepted ScoutPoi @ Zalissya (184 RU)
[10:27:07] [TASK] Dmytro → AcceptMission [ScoutPoi] (goal=AcceptMission)
[10:27:07] [GOAL] Dmytro achieved AcceptMission
[10:27:08] [INBOUND] Initial +2 stalkers, +1 mutants (remaining S=1426 M=955)
[10:27:08] [MISSION] Dmitri accepted ScoutPoi @ Red Forest (196 RU)
[10:27:08] [TASK] Dmitri → AcceptMission [ScoutPoi] (goal=AcceptMission)
[10:27:08] [GOAL] Dmitri achieved AcceptMission
[10:27:09] [INBOUND] Initial +2 stalkers, +2 mutants (remaining S=1424 M=953)
[10:27:09] [MISSION] Bohdan accepted ScoutPoi @ Limansk (190 RU)
[10:27:09] [TASK] Bohdan → AcceptMission [ScoutPoi] (goal=AcceptMission)
[10:27:09] [GOAL] Bohdan achieved AcceptMission
[10:27:10] [INBOUND] Initial +2 stalkers, +1 mutants (remaining S=1422 M=952)
[10:27:10] [MISSION] Bohdan accepted ScoutPoi @ Buriakivka Waste Site (160 RU)
[10:27:10] [TASK] Bohdan → AcceptMission [ScoutPoi] (goal=AcceptMission)
[10:27:10] [GOAL] Bohdan achieved AcceptMission
[10:27:11] [INBOUND] Initial +2 stalkers, +1 mutants (remaining S=1420 M=951)
[10:27:11] [MISSION] Mikhail accepted ScoutPoi @ Wild Territory (164 RU)
[10:27:11] [TASK] Mikhail → AcceptMission [ScoutPoi] (goal=AcceptMission)
[10:27:11] [GOAL] Mikhail achieved AcceptMission
[10:27:12] [INBOUND] Initial +2 stalkers, +2 mutants (remaining S=1418 M=949)
[10:27:12] [MISSION] Serhiy accepted ScoutPoi @ Generators (230 RU)
[10:27:12] [TASK] Serhiy → AcceptMission [ScoutPoi] (goal=AcceptMission)
[10:27:12] [GOAL] Serhiy achieved AcceptMission
[10:27:13] [INBOUND] Initial +2 stalkers, +1 mutants (remaining S=1416 M=948)
[10:27:13] [MISSION] Igor accepted ScoutPoi @ Truck Cemetery (210 RU)
[10:27:13] [TASK] Igor → AcceptMission [ScoutPoi] (goal=AcceptMission)
[10:27:13] [GOAL] Igor achieved AcceptMission
[10:27:14] [COMBAT] Heinrich Kovalenko 'Raven' killed Flesh using wpn_m4a1
[10:27:14] [INBOUND] Initial +2 stalkers, +2 mutants (remaining S=1414 M=946)
[10:27:14] [MISSION] Taras accepted ScoutPoi @ Wild Territory (164 RU)
[10:27:14] [TASK] Taras → AcceptMission [ScoutPoi] (goal=AcceptMission)
[10:27:14] [GOAL] Taras achieved AcceptMission
[10:27:15] [INBOUND] Initial +3 stalkers, +1 mutants (remaining S=1411 M=945)
[10:27:16] [INBOUND] Initial +2 stalkers, +1 mutants (remaining S=1409 M=944)
[10:27:16] [MISSION] Pavel accepted ScoutPoi @ Garbage (196 RU)
[10:27:16] [TASK] Pavel → AcceptMission [ScoutPoi] (goal=AcceptMission)
[10:27:16] [GOAL] Pavel achieved AcceptMission
[10:27:18] [INBOUND] Initial +2 stalkers, +2 mutants (remaining S=1407 M=942)
[10:27:18] [MISSION] Bohdan accepted ScoutPoi @ Dark Valley (168 RU)
[10:27:18] [TASK] Bohdan → AcceptMission [ScoutPoi] (goal=AcceptMission)
[10:27:18] [GOAL] Bohdan achieved AcceptMission
[10:27:19] [INBOUND] Initial +2 stalkers, +1 mutants (remaining S=1405 M=941)
[10:27:19] [MISSION] Taras accepted ScoutPoi @ Meadow (164 RU)
[10:27:19] [TASK] Taras → AcceptMission [ScoutPoi] (goal=AcceptMission)
[10:27:19] [GOAL] Taras achieved AcceptMission
[10:27:20] [INBOUND] Initial +2 stalkers, +2 mutants (remaining S=1403 M=939)
[10:27:20] [MISSION] Alexei accepted ScoutPoi @ Agroprom (184 RU)
[10:27:20] [TASK] Alexei → AcceptMission [ScoutPoi] (goal=AcceptMission)
[10:27:20] [GOAL] Alexei achieved AcceptMission
[10:27:21] [INBOUND] Initial +2 stalkers, +1 mutants (remaining S=1401 M=938)
[10:27:21] [MISSION] Andrei accepted ScoutPoi @ Jupiter (Pripyat Industrial) (236 RU)
[10:27:21] [TASK] Andrei → AcceptMission [ScoutPoi] (goal=AcceptMission)
[10:27:21] [GOAL] Andrei achieved AcceptMission
[10:27:22] [INBOUND] Initial +2 stalkers, +1 mutants (remaining S=1399 M=937)
[10:27:22] [MISSION] Dmitri accepted ScoutPoi @ Sarcophagus (184 RU)
[10:27:22] [TASK] Dmitri → AcceptMission [ScoutPoi] (goal=AcceptMission)
[10:27:22] [GOAL] Dmitri achieved AcceptMission
[10:27:22] [MISSION] Sergei accepted ScoutPoi @ Kopachi (196 RU)
[10:27:22] [TASK] Sergei → AcceptMission [ScoutPoi] (goal=AcceptMission)
[10:27:22] [GOAL] Sergei achieved AcceptMission
[10:27:23] [COMBAT] Oleksiy Ivanov 'Bullet' killed Boar using wpn_g36
[10:27:23] [INBOUND] Initial +2 stalkers, +2 mutants (remaining S=1397 M=935)
[10:27:23] [MISSION] Viktor accepted ScoutPoi @ Rostok (190 RU)
[10:27:23] [TASK] Viktor → AcceptMission [ScoutPoi] (goal=AcceptMission)
[10:27:23] [GOAL] Viktor achieved AcceptMission
[10:27:24] [INBOUND] Initial +2 stalkers, +1 mutants (remaining S=1395 M=934)
[10:27:24] [MISSION] Nikolai accepted ScoutPoi @ Rostok (190 RU)
[10:27:24] [TASK] Nikolai → AcceptMission [ScoutPoi] (goal=AcceptMission)
[10:27:24] [GOAL] Nikolai achieved AcceptMission
[10:27:25] [INBOUND] Initial +2 stalkers, +2 mutants (remaining S=1393 M=932)
[10:27:25] [MISSION] Ivan accepted ScoutPoi @ Cordon (160 RU)
[10:27:25] [TASK] Ivan → AcceptMission [ScoutPoi] (goal=AcceptMission)
[10:27:25] [GOAL] Ivan achieved AcceptMission
[10:27:25] [COMBAT] Pavel Volkov 'Wolf' killed Rat using wpn_pm
[10:27:26] [COMBAT] Lars Kovalenko 'Ghost' killed Fracture using wpn_rg6
[10:27:26] [INBOUND] Initial +2 stalkers, +1 mutants (remaining S=1391 M=931)
[10:27:26] [COMBAT] Dmytro Bondarenko 'Viper' killed Beard using wpn_pkm
[10:27:26] [GEAR] Dmytro looted [wpn_pm, helm_helm_respirator] via combat
[10:27:27] [INBOUND] Initial +2 stalkers, +1 mutants (remaining S=1389 M=930)
[10:27:27] [MISSION] Serhiy accepted ScoutPoi @ Great Swamps (168 RU)
[10:27:27] [TASK] Serhiy → AcceptMission [ScoutPoi] (goal=AcceptMission)
[10:27:27] [GOAL] Serhiy achieved AcceptMission
[10:27:28] [INBOUND] Initial +2 stalkers, +2 mutants (remaining S=1387 M=928)
[10:27:28] [MISSION] Andriy accepted ScoutPoi @ Zalissya (184 RU)
[10:27:28] [TASK] Andriy → AcceptMission [ScoutPoi] (goal=AcceptMission)
[10:27:28] [GOAL] Andriy achieved AcceptMission
[10:27:29] [INBOUND] Initial +2 stalkers, +1 mutants (remaining S=1385 M=927)
[10:27:29] [MISSION] Oleksiy accepted ScoutPoi @ Red Forest (196 RU)
[10:27:29] [TASK] Oleksiy → AcceptMission [ScoutPoi] (goal=AcceptMission)
[10:27:29] [GOAL] Oleksiy achieved AcceptMission
[10:27:30] [INBOUND] Initial +3 stalkers, +1 mutants (remaining S=1382 M=926)
[10:27:31] [COMBAT] Dmitri Bondarenko 'Phantom' killed BlindDog using wpn_aksu
[10:27:31] [INBOUND] Initial +2 stalkers, +2 mutants (remaining S=1380 M=924)
[10:27:31] [MISSION] Ivan accepted ScoutPoi @ Dark Valley (168 RU)
[10:27:31] [TASK] Ivan → AcceptMission [ScoutPoi] (goal=AcceptMission)
[10:27:31] [GOAL] Ivan achieved AcceptMission
[10:27:31] [COMBAT] Andrei Volkov 'Ash' killed Oleksiy Ivanov 'Bullet' using wpn_pkm
[10:27:31] [GEAR] Andrei looted [wpn_g36, arm_freedom] via combat
[10:27:31] [COMBAT] Cold killed Flesh using wpn_lr300
[10:27:32] [INBOUND] Initial +2 stalkers, +1 mutants (remaining S=1378 M=923)
[10:27:32] [MISSION] Andriy accepted ScoutPoi @ Deserted Hospital (200 RU)
[10:27:32] [TASK] Andriy → AcceptMission [ScoutPoi] (goal=AcceptMission)
[10:27:32] [GOAL] Andriy achieved AcceptMission
[10:27:32] [MISSION] Cold arrived for ScoutPoi @ Makeshift Camp (Cordon-Meadow) (travel=675m, work=241s game)
[10:27:33] [COMBAT] Igor Bondarenko 'Shadow' killed Igor Kovalenko 'Fox' using wpn_mp5
[10:27:33] [GEAR] Igor looted [wpn_ak74, wpn_desert_eagle] via combat
[10:27:33] [INBOUND] Initial +2 stalkers, +2 mutants (remaining S=1376 M=921)
[10:27:33] [MISSION] Ivan accepted ScoutPoi @ Great Swamps (168 RU)
[10:27:33] [TASK] Ivan → AcceptMission [ScoutPoi] (goal=AcceptMission)
[10:27:33] [GOAL] Ivan achieved AcceptMission
[10:27:33] [MISSION] Cold arrived for ScoutPoi @ Makeshift Camp (Cordon-Meadow) (travel=675m, work=241s game)
[10:27:33] [COMBAT] Serhiy Popov 'Crow' killed Snork using wpn_aksu
[10:27:33] [COMBAT] Igor Petrov 'Mole' killed Boar using wpn_mp5
[10:27:34] [INBOUND] Initial +2 stalkers, +1 mutants (remaining S=1374 M=920)
[10:27:34] [SNAPSHOT] real=1.0min game=D0 00:02 alive S=103 M=70 corpses=129 lootable=22 gammaGear out=48 helm=89 avgRU=850 leaderGoals trade=1 mission=45 emission=Dormant nextIn=101gmin desperate=0 hungry=0 interval deaths=21 combats=30 tasks=28 gearLoot=3 gearBuy=0 missions=28 corpseDespawn=0 trickleSpawns=0 ranks=[Rookie:103] goals=[CompleteMission::44,Idle:11,VisitTrader::1,AcceptMission::1] leaders: Armen[Rookie/Idle], Andriy[Rookie/CompleteMission:], Ivan[Rookie/CompleteMission:], Nikolai[Rookie/Idle], Oleg[Rookie/Idle]
[10:27:34] [MISSION] Sergei accepted ScoutPoi @ Rostok (190 RU)
[10:27:34] [TASK] Sergei → AcceptMission [ScoutPoi] (goal=AcceptMission)
[10:27:34] [GOAL] Sergei achieved AcceptMission
[10:27:34] [MISSION] Barkeep arrived for ScoutPoi @ Sunken Stash (travel=690m, work=244s game)
[10:27:34] [TASK] Alexei → TradeRun [poi_macro_5] (goal=VisitTrader)
[10:27:34] [GOAL] Alexei achieved VisitTrader
[10:27:35] [MISSION] Alexei accepted ScoutPoi @ Agroprom (184 RU)
[10:27:35] [TASK] Alexei → AcceptMission [ScoutPoi] (goal=AcceptMission)
[10:27:35] [GOAL] Alexei achieved AcceptMission
[10:27:35] [MISSION] Bohdan accepted ScoutPoi @ Garbage (196 RU)
[10:27:35] [TASK] Bohdan → AcceptMission [ScoutPoi] (goal=AcceptMission)
[10:27:35] [GOAL] Bohdan achieved AcceptMission
[10:27:35] [INBOUND] Initial +2 stalkers, +1 mutants (remaining S=1372 M=919)
[10:27:35] [MISSION] Damir accepted ScoutPoi @ Sarcophagus (184 RU)
[10:27:35] [TASK] Damir → AcceptMission [ScoutPoi] (goal=AcceptMission)
[10:27:35] [GOAL] Damir achieved AcceptMission
[10:27:35] [MISSION] Barkeep arrived for ScoutPoi @ Sunken Stash (travel=690m, work=244s game)
[10:27:36] [INBOUND] Initial +2 stalkers, +2 mutants (remaining S=1370 M=917)
[10:27:37] [TASK] Yuriy → FulfillMission [ScoutPoi] (goal=CompleteMission)
[10:27:37] [MISSION] Yuriy objective done ScoutPoi @ Forgotten Pillbox → return to Zalissya
[10:27:37] [TASK] Armen → FulfillMission [ScoutPoi] (goal=CompleteMission)
[10:27:37] [MISSION] Armen objective done ScoutPoi @ Windswept Cabin → return to Radar (Brain Scorcher)
[10:27:37] [TASK] Andriy → FulfillMission [ScoutPoi] (goal=CompleteMission)
[10:27:37] [MISSION] Andriy objective done ScoutPoi @ Forgotten Pillbox → return to Zalissya
[10:27:37] [TASK] Serhiy → FulfillMission [ScoutPoi] (goal=CompleteMission)
[10:27:37] [MISSION] Serhiy objective done ScoutPoi @ Makeshift Camp (Cordon-Meadow) → return to Great Swamps
[10:27:37] [TASK] Ivan → FulfillMission [ScoutPoi] (goal=CompleteMission)
[10:27:37] [MISSION] Ivan objective done ScoutPoi @ Abandoned Hut → return to Cordon
[10:27:37] [TASK] Nikolai → FulfillMission [ScoutPoi] (goal=CompleteMission)
[10:27:37] [MISSION] Nikolai objective done ScoutPoi @ Sunken Stash → return to Rostok
[10:27:37] [TASK] Viktor → FulfillMission [ScoutPoi] (goal=CompleteMission)
[10:27:37] [MISSION] Viktor objective done ScoutPoi @ Sunken Stash → return to Rostok
[10:27:37] [TASK] Dmitri → FulfillMission [ScoutPoi] (goal=CompleteMission)
[10:27:37] [MISSION] Dmitri objective done ScoutPoi @ Mutant Den #1 near Rostok → return to Sarcophagus
[10:27:37] [TASK] Sergei → FulfillMission [ScoutPoi] (goal=CompleteMission)
[10:27:37] [MISSION] Sergei objective done ScoutPoi @ Ruined Garage → return to Kopachi
[10:27:37] [TASK] Bohdan → FulfillMission [ScoutPoi] (goal=CompleteMission)
[10:27:37] [MISSION] Bohdan objective done ScoutPoi @ Hidden Cairn → return to Dark Valley
[10:27:37] [TASK] Bohdan → FulfillMission [ScoutPoi] (goal=CompleteMission)
[10:27:37] [MISSION] Bohdan objective done ScoutPoi @ Derelict Stash → return to Garbage
[10:27:37] [TASK] Taras → FulfillMission [ScoutPoi] (goal=CompleteMission)
[10:27:37] [MISSION] Taras objective done ScoutPoi @ Forgotten Shelter → return to Wild Territory
[10:27:37] [TASK] Igor → FulfillMission [ScoutPoi] (goal=CompleteMission)
[10:27:37] [MISSION] Igor objective done ScoutPoi @ Bandit Base → return to Truck Cemetery
[10:27:37] [TASK] Bohdan → FulfillMission [ScoutPoi] (goal=CompleteMission)
[10:27:37] [MISSION] Bohdan objective done ScoutPoi @ Overgrown Hut → return to Buriakivka Waste Site
[10:27:37] [TASK] Bohdan → FulfillMission [ScoutPoi] (goal=CompleteMission)
[10:27:37] [MISSION] Bohdan objective done ScoutPoi @ Duty Checkpoint → return to Limansk
[10:27:37] [TASK] Dmytro → FulfillMission [ScoutPoi] (goal=CompleteMission)
[10:27:37] [MISSION] Dmytro objective done ScoutPoi @ Forgotten Pillbox → return to Zalissya
[10:27:37] [TASK] Nikolai → FulfillMission [ScoutPoi] (goal=CompleteMission)
[10:27:37] [MISSION] Nikolai objective done ScoutPoi @ Derelict Stash → return to Garbage
[10:27:37] [TASK] Dmytro → FulfillMission [ScoutPoi] (goal=CompleteMission)
[10:27:37] [MISSION] Dmytro objective done ScoutPoi @ Makeshift Outpost → return to Chernobyl Town
[10:27:37] [TASK] Armen → FulfillMission [ScoutPoi] (goal=CompleteMission)
[10:27:37] [MISSION] Armen objective done ScoutPoi @ Forgotten Pillbox → return to Zalissya
[10:27:37] [TASK] Sergei → FulfillMission [ScoutPoi] (goal=CompleteMission)
[10:27:37] [MISSION] Sergei objective done ScoutPoi @ Sunken Stash → return to Rostok
[10:27:37] [TASK] Ivan → FulfillMission [ScoutPoi] (goal=CompleteMission)
[10:27:37] [MISSION] Ivan objective done ScoutPoi @ Makeshift Camp (Cordon-Meadow) → return to Great Swamps
[10:27:37] [TASK] Serhiy → FulfillMission [ScoutPoi] (goal=CompleteMission)
[10:27:37] [MISSION] Serhiy objective done ScoutPoi @ Hidden Stash (Rostok-Wild Ter) → return to Generators
[10:27:37] [TASK] Andriy → FulfillMission [ScoutPoi] (goal=CompleteMission)
[10:27:37] [MISSION] Andriy objective done ScoutPoi @ Abandoned Hut → return to Cordon
[10:27:37] [TASK] Bohdan → FulfillMission [ScoutPoi] (goal=CompleteMission)
[10:27:37] [MISSION] Bohdan objective done ScoutPoi @ Arena → return to Zaton
[10:27:37] [TASK] Oleg → FulfillMission [ScoutPoi] (goal=CompleteMission)
[10:27:37] [MISSION] Oleg objective done ScoutPoi @ Mutant Den #1 near Rostok → return to Sarcophagus
[10:27:37] [TASK] Taras → FulfillMission [ScoutPoi] (goal=CompleteMission)
[10:27:37] [MISSION] Taras objective done ScoutPoi @ Abandoned Bus → return to Meadow
[10:27:37] [TASK] Vasyl → FulfillMission [ScoutPoi] (goal=CompleteMission)
[10:27:37] [MISSION] Vasyl objective done ScoutPoi @ Mutant Den #0 near Dark Valley → return to Duga Radar
[10:27:37] [TASK] Andrei → FulfillMission [ScoutPoi] (goal=CompleteMission)
[10:27:37] [MISSION] Andrei objective done ScoutPoi @ Mutant Den #0 near Truck Cemetery → return to Chistogalovka
[10:27:37] [TASK] Bohdan → FulfillMission [ScoutPoi] (goal=CompleteMission)
[10:27:37] [MISSION] Bohdan objective done ScoutPoi @ Makeshift Camp (Garbage-Agroprom) → return to Deserted Hospital
[10:27:37] [TASK] Igor → FulfillMission [ScoutPoi] (goal=CompleteMission)
[10:27:37] [MISSION] Igor objective done ScoutPoi @ Abandoned Bus → return to Meadow
[10:27:37] [TASK] Dmitri → FulfillMission [ScoutPoi] (goal=CompleteMission)
[10:27:37] [MISSION] Dmitri objective done ScoutPoi @ Forgotten Shelter → return to Wild Territory
[10:27:37] [TASK] Pierre → FulfillMission [ScoutPoi] (goal=CompleteMission)
[10:27:37] [MISSION] Pierre objective done ScoutPoi @ Overgrown Hut → return to Buriakivka Waste Site
[10:27:37] [TASK] Igor → FulfillMission [ScoutPoi] (goal=CompleteMission)
[10:27:37] [MISSION] Igor objective done ScoutPoi @ Forgotten Shelter → return to Wild Territory
[10:27:37] [TASK] Dmytro → FulfillMission [ScoutPoi] (goal=CompleteMission)
[10:27:37] [MISSION] Dmytro objective done ScoutPoi @ Makeshift Camp (Garbage-Agroprom) → return to Deserted Hospital
[10:27:37] [TASK] Lukash → FulfillMission [ScoutPoi] (goal=CompleteMission)
[10:27:37] [MISSION] Lukash objective done ScoutPoi @ Collapsed Pillbox → return to Army Warehouses
[10:27:37] [TASK] Barkeep → FulfillMission [ScoutPoi] (goal=CompleteMission)
[10:27:37] [MISSION] Barkeep objective done ScoutPoi @ Sunken Stash → return to Rostok
[10:27:37] [TASK] Cold → FulfillMission [ScoutPoi] (goal=CompleteMission)
[10:27:37] [MISSION] Cold objective done ScoutPoi @ Makeshift Camp (Cordon-Meadow) → return to Great Swamps
[10:27:37] [TASK] Sidorovich → FulfillMission [ScoutPoi] (goal=CompleteMission)
[10:27:37] [MISSION] Sidorovich objective done ScoutPoi @ Abandoned Hut → return to Cordon
[10:27:37] [TASK] Damir → FulfillMission [ScoutPoi] (goal=CompleteMission)
[10:27:37] [MISSION] Damir objective done ScoutPoi @ Mutant Den #1 near Rostok → return to Sarcophagus
[10:27:37] [TASK] Andriy → FulfillMission [ScoutPoi] (goal=CompleteMission)
[10:27:37] [MISSION] Andriy objective done ScoutPoi @ Makeshift Camp (Garbage-Agroprom) → return to Deserted Hospital
[10:27:37] [TASK] Ivan → FulfillMission [ScoutPoi] (goal=CompleteMission)
[10:27:37] [MISSION] Ivan objective done ScoutPoi @ Hidden Cairn → return to Dark Valley
[10:27:37] [TASK] Oleksiy → FulfillMission [ScoutPoi] (goal=CompleteMission)
[10:27:37] [MISSION] Oleksiy objective done ScoutPoi @ Hidden Hut → return to Red Forest
[10:27:37] [TASK] Andrei → FulfillMission [ScoutPoi] (goal=CompleteMission)
[10:27:37] [MISSION] Andrei objective done ScoutPoi @ Windswept Cairn → return to Jupiter (Pripyat Industrial)
[10:27:37] [TASK] Alexei → FulfillMission [ScoutPoi] (goal=CompleteMission)
[10:27:37] [MISSION] Alexei objective done ScoutPoi @ Mutant Den #1 near Rostok → return to Agroprom
[10:27:37] [TASK] Taras → FulfillMission [ScoutPoi] (goal=CompleteMission)
[10:27:37] [MISSION] Taras objective done ScoutPoi @ Abandoned Bus → return to Meadow
[10:27:37] [TASK] Nikolai → FulfillMission [ScoutPoi] (goal=CompleteMission)
[10:27:37] [MISSION] Nikolai objective done ScoutPoi @ Mutant Den #0 near Dark Valley → return to Duga Radar
[10:27:37] [TASK] Tobias → FulfillMission [ScoutPoi] (goal=CompleteMission)
[10:27:37] [MISSION] Tobias objective done ScoutPoi @ Overgrown Hut → return to Buriakivka Waste Site
[10:27:37] [TASK] Alexei → FulfillMission [ScoutPoi] (goal=CompleteMission)
[10:27:37] [MISSION] Alexei objective done ScoutPoi @ Ruined Garage → return to Kopachi
[10:27:37] [TASK] Lars → FulfillMission [ScoutPoi] (goal=CompleteMission)
[10:27:37] [MISSION] Lars objective done ScoutPoi @ Sunken Shack → return to Dead City (Chernobyl-2 Settlement)
[10:27:37] [TASK] Lars → FulfillMission [ScoutPoi] (goal=CompleteMission)
[10:27:37] [MISSION] Lars objective done ScoutPoi @ Overgrown Hut → return to Buriakivka Waste Site
[10:27:37] [INBOUND] Initial +2 stalkers, +1 mutants (remaining S=1368 M=916)
[10:27:37] [MISSION] Ivan accepted ScoutPoi @ Great Swamps (168 RU)
[10:27:37] [TASK] Ivan → AcceptMission [ScoutPoi] (goal=AcceptMission)
[10:27:37] [GOAL] Ivan achieved AcceptMission
[10:27:37] [TASK] Damir → TurnInMission [ScoutPoi] (goal=CompleteMission)
[10:27:37] [MISSION] Damir turned in ScoutPoi @ Sarcophagus (+184 RU)
[10:27:37] [GOAL] Damir achieved CompleteMission
[10:27:37] [TASK] Andriy → TurnInMission [ScoutPoi] (goal=CompleteMission)
[10:27:37] [MISSION] Andriy turned in ScoutPoi @ Deserted Hospital (+200 RU)
[10:27:37] [GOAL] Andriy achieved CompleteMission
[10:27:37] [TASK] Ivan → TurnInMission [ScoutPoi] (goal=CompleteMission)
[10:27:37] [MISSION] Ivan turned in ScoutPoi @ Dark Valley (+168 RU)
[10:27:37] [GOAL] Ivan achieved CompleteMission
[10:27:37] [TASK] Oleksiy → TurnInMission [ScoutPoi] (goal=CompleteMission)
[10:27:37] [MISSION] Oleksiy turned in ScoutPoi @ Red Forest (+196 RU)
[10:27:37] [GOAL] Oleksiy achieved CompleteMission
[10:27:37] [TASK] Andrei → TurnInMission [ScoutPoi] (goal=CompleteMission)
[10:27:37] [MISSION] Andrei turned in ScoutPoi @ Jupiter (Pripyat Industrial) (+236 RU)
[10:27:37] [GOAL] Andrei achieved CompleteMission
[10:27:37] [TASK] Taras → TurnInMission [ScoutPoi] (goal=CompleteMission)
[10:27:37] [MISSION] Taras turned in ScoutPoi @ Meadow (+164 RU)
[10:27:37] [GOAL] Taras achieved CompleteMission
[10:27:37] [TASK] Alexei → TurnInMission [ScoutPoi] (goal=CompleteMission)
[10:27:37] [MISSION] Alexei turned in ScoutPoi @ Kopachi (+196 RU)
[10:27:37] [GOAL] Alexei achieved CompleteMission
[10:27:37] [TASK] Yuriy → TurnInMission [ScoutPoi] (goal=CompleteMission)
[10:27:37] [MISSION] Yuriy turned in ScoutPoi @ Zalissya (+184 RU)
[10:27:37] [GOAL] Yuriy achieved CompleteMission
[10:27:37] [TASK] Armen → TurnInMission [ScoutPoi] (goal=CompleteMission)
[10:27:37] [MISSION] Armen turned in ScoutPoi @ Radar (Brain Scorcher) (+236 RU)
[10:27:37] [GOAL] Armen achieved CompleteMission
[10:27:37] [TASK] Andriy → TurnInMission [ScoutPoi] (goal=CompleteMission)
[10:27:37] [MISSION] Andriy turned in ScoutPoi @ Zalissya (+184 RU)
[10:27:37] [GOAL] Andriy achieved CompleteMission
[10:27:37] [TASK] Serhiy → TurnInMission [ScoutPoi] (goal=CompleteMission)
[10:27:37] [MISSION] Serhiy turned in ScoutPoi @ Great Swamps (+168 RU)
[10:27:37] [GOAL] Serhiy achieved CompleteMission
[10:27:37] [TASK] Ivan → TurnInMission [ScoutPoi] (goal=CompleteMission)
[10:27:37] [MISSION] Ivan turned in ScoutPoi @ Cordon (+160 RU)
[10:27:37] [GOAL] Ivan achieved CompleteMission
[10:27:37] [TASK] Sergei → TurnInMission [ScoutPoi] (goal=CompleteMission)
[10:27:37] [MISSION] Sergei turned in ScoutPoi @ Kopachi (+196 RU)
[10:27:37] [GOAL] Sergei achieved CompleteMission
[10:27:37] [TASK] Bohdan → TurnInMission [ScoutPoi] (goal=CompleteMission)
[10:27:37] [MISSION] Bohdan turned in ScoutPoi @ Garbage (+196 RU)
[10:27:37] [GOAL] Bohdan achieved CompleteMission
[10:27:37] [TASK] Taras → TurnInMission [ScoutPoi] (goal=CompleteMission)
[10:27:37] [MISSION] Taras turned in ScoutPoi @ Wild Territory (+164 RU)
[10:27:37] [GOAL] Taras achieved CompleteMission
[10:27:37] [TASK] Dmytro → TurnInMission [ScoutPoi] (goal=CompleteMission)
[10:27:37] [MISSION] Dmytro turned in ScoutPoi @ Zalissya (+184 RU)
[10:27:37] [GOAL] Dmytro achieved CompleteMission
[10:27:37] [TASK] Nikolai → TurnInMission [ScoutPoi] (goal=CompleteMission)
[10:27:37] [MISSION] Nikolai turned in ScoutPoi @ Garbage (+196 RU)
[10:27:37] [GOAL] Nikolai achieved CompleteMission
[10:27:37] [TASK] Dmytro → TurnInMission [ScoutPoi] (goal=CompleteMission)
[10:27:37] [MISSION] Dmytro turned in ScoutPoi @ Chernobyl Town (+200 RU)
[10:27:37] [GOAL] Dmytro achieved CompleteMission
[10:27:37] [TASK] Armen → TurnInMission [ScoutPoi] (goal=CompleteMission)
[10:27:37] [MISSION] Armen turned in ScoutPoi @ Zalissya (+184 RU)
[10:27:37] [GOAL] Armen achieved CompleteMission
[10:27:37] [TASK] Sergei → TurnInMission [ScoutPoi] (goal=CompleteMission)
[10:27:37] [MISSION] Sergei turned in ScoutPoi @ Rostok (+190 RU)
[10:27:37] [GOAL] Sergei achieved CompleteMission
[10:27:37] [TASK] Ivan → TurnInMission [ScoutPoi] (goal=CompleteMission)
[10:27:37] [MISSION] Ivan turned in ScoutPoi @ Great Swamps (+168 RU)
[10:27:37] [GOAL] Ivan achieved CompleteMission
[10:27:37] [TASK] Andriy → TurnInMission [ScoutPoi] (goal=CompleteMission)
[10:27:37] [MISSION] Andriy turned in ScoutPoi @ Cordon (+160 RU)
[10:27:37] [GOAL] Andriy achieved CompleteMission
[10:27:37] [TASK] Taras → TurnInMission [ScoutPoi] (goal=CompleteMission)
[10:27:37] [MISSION] Taras turned in ScoutPoi @ Meadow (+164 RU)
[10:27:37] [GOAL] Taras achieved CompleteMission
[10:27:37] [TASK] Igor → TurnInMission [ScoutPoi] (goal=CompleteMission)
[10:27:37] [MISSION] Igor turned in ScoutPoi @ Meadow (+164 RU)
[10:27:37] [GOAL] Igor achieved CompleteMission
[10:27:37] [TASK] Dmitri → TurnInMission [ScoutPoi] (goal=CompleteMission)
[10:27:37] [MISSION] Dmitri turned in ScoutPoi @ Wild Territory (+164 RU)
[10:27:37] [GOAL] Dmitri achieved CompleteMission
[10:27:37] [TASK] Igor → TurnInMission [ScoutPoi] (goal=CompleteMission)
[10:27:37] [MISSION] Igor turned in ScoutPoi @ Wild Territory (+164 RU)
[10:27:37] [GOAL] Igor achieved CompleteMission
[10:27:37] [TASK] Lukash → TurnInMission [ScoutPoi] (goal=CompleteMission)
[10:27:37] [MISSION] Lukash turned in ScoutPoi @ Army Warehouses (+230 RU)
[10:27:37] [GOAL] Lukash achieved CompleteMission
[10:27:37] [TASK] Sidorovich → TurnInMission [ScoutPoi] (goal=CompleteMission)
[10:27:37] [MISSION] Sidorovich turned in ScoutPoi @ Cordon (+160 RU)
[10:27:37] [GOAL] Sidorovich achieved CompleteMission
[10:27:38] [MISSION] Damir accepted ScoutPoi @ Sarcophagus (184 RU)
[10:27:38] [TASK] Damir → AcceptMission [ScoutPoi] (goal=AcceptMission)
[10:27:38] [GOAL] Damir achieved AcceptMission
[10:27:38] [MISSION] Andriy accepted ScoutPoi @ Deserted Hospital (200 RU)
[10:27:38] [TASK] Andriy → AcceptMission [ScoutPoi] (goal=AcceptMission)
[10:27:38] [GOAL] Andriy achieved AcceptMission
[10:27:38] [MISSION] Ivan accepted ScoutPoi @ Dark Valley (168 RU)
[10:27:38] [TASK] Ivan → AcceptMission [ScoutPoi] (goal=AcceptMission)
[10:27:38] [GOAL] Ivan achieved AcceptMission
[10:27:38] [MISSION] Oleksiy accepted ScoutPoi @ Red Forest (196 RU)
[10:27:38] [TASK] Oleksiy → AcceptMission [ScoutPoi] (goal=AcceptMission)
[10:27:38] [GOAL] Oleksiy achieved AcceptMission
[10:27:38] [MISSION] Andrei accepted ScoutPoi @ Jupiter (Pripyat Industrial) (236 RU)
[10:27:38] [TASK] Andrei → AcceptMission [ScoutPoi] (goal=AcceptMission)
[10:27:38] [GOAL] Andrei achieved AcceptMission
[10:27:38] [MISSION] Taras accepted ScoutPoi @ Meadow (164 RU)
[10:27:38] [TASK] Taras → AcceptMission [ScoutPoi] (goal=AcceptMission)
[10:27:38] [GOAL] Taras achieved AcceptMission
[10:27:38] [MISSION] Alexei accepted ScoutPoi @ Kopachi (196 RU)
[10:27:38] [TASK] Alexei → AcceptMission [ScoutPoi] (goal=AcceptMission)
[10:27:38] [GOAL] Alexei achieved AcceptMission
[10:27:38] [MISSION] Yuriy accepted ScoutPoi @ Zalissya (184 RU)
[10:27:38] [TASK] Yuriy → AcceptMission [ScoutPoi] (goal=AcceptMission)
[10:27:38] [GOAL] Yuriy achieved AcceptMission
[10:27:38] [MISSION] Armen accepted ScoutPoi @ Radar (Brain Scorcher) (236 RU)
[10:27:38] [TASK] Armen → AcceptMission [ScoutPoi] (goal=AcceptMission)
[10:27:38] [GOAL] Armen achieved AcceptMission
[10:27:38] [MISSION] Andriy accepted ScoutPoi @ Zalissya (184 RU)
[10:27:38] [TASK] Andriy → AcceptMission [ScoutPoi] (goal=AcceptMission)
[10:27:38] [GOAL] Andriy achieved AcceptMission
[10:27:38] [MISSION] Serhiy accepted ScoutPoi @ Great Swamps (168 RU)
[10:27:38] [TASK] Serhiy → AcceptMission [ScoutPoi] (goal=AcceptMission)
[10:27:38] [GOAL] Serhiy achieved AcceptMission
[10:27:38] [MISSION] Ivan accepted ScoutPoi @ Cordon (160 RU)
[10:27:38] [TASK] Ivan → AcceptMission [ScoutPoi] (goal=AcceptMission)
[10:27:38] [GOAL] Ivan achieved AcceptMission
[10:27:38] [MISSION] Sergei accepted ScoutPoi @ Kopachi (196 RU)
[10:27:38] [TASK] Sergei → AcceptMission [ScoutPoi] (goal=AcceptMission)
[10:27:38] [GOAL] Sergei achieved AcceptMission
[10:27:38] [MISSION] Bohdan accepted ScoutPoi @ Garbage (196 RU)
[10:27:38] [TASK] Bohdan → AcceptMission [ScoutPoi] (goal=AcceptMission)
[10:27:38] [GOAL] Bohdan achieved AcceptMission
[10:27:38] [MISSION] Taras accepted ScoutPoi @ Wild Territory (164 RU)
[10:27:38] [TASK] Taras → AcceptMission [ScoutPoi] (goal=AcceptMission)
[10:27:38] [GOAL] Taras achieved AcceptMission
[10:27:38] [MISSION] Dmytro accepted ScoutPoi @ Zalissya (184 RU)
[10:27:38] [TASK] Dmytro → AcceptMission [ScoutPoi] (goal=AcceptMission)
[10:27:38] [GOAL] Dmytro achieved AcceptMission
[10:27:38] [MISSION] Nikolai accepted ScoutPoi @ Garbage (196 RU)
[10:27:38] [TASK] Nikolai → AcceptMission [ScoutPoi] (goal=AcceptMission)
[10:27:38] [GOAL] Nikolai achieved AcceptMission
[10:27:38] [MISSION] Dmytro accepted ScoutPoi @ Chernobyl Town (200 RU)
[10:27:38] [TASK] Dmytro → AcceptMission [ScoutPoi] (goal=AcceptMission)
[10:27:38] [GOAL] Dmytro achieved AcceptMission
[10:27:38] [MISSION] Armen accepted ScoutPoi @ Zalissya (184 RU)
[10:27:38] [TASK] Armen → AcceptMission [ScoutPoi] (goal=AcceptMission)
[10:27:38] [GOAL] Armen achieved AcceptMission
[10:27:38] [MISSION] Sergei accepted ScoutPoi @ Rostok (190 RU)
[10:27:38] [TASK] Sergei → AcceptMission [ScoutPoi] (goal=AcceptMission)
[10:27:38] [GOAL] Sergei achieved AcceptMission
[10:27:38] [MISSION] Ivan accepted ScoutPoi @ Great Swamps (168 RU)
[10:27:38] [TASK] Ivan → AcceptMission [ScoutPoi] (goal=AcceptMission)
[10:27:38] [GOAL] Ivan achieved AcceptMission
[10:27:38] [MISSION] Andriy accepted ScoutPoi @ Cordon (160 RU)
[10:27:38] [TASK] Andriy → AcceptMission [ScoutPoi] (goal=AcceptMission)
[10:27:38] [GOAL] Andriy achieved AcceptMission
[10:27:38] [MISSION] Taras accepted ScoutPoi @ Meadow (164 RU)
[10:27:38] [TASK] Taras → AcceptMission [ScoutPoi] (goal=AcceptMission)
[10:27:38] [GOAL] Taras achieved AcceptMission
[10:27:38] [MISSION] Igor accepted ScoutPoi @ Meadow (164 RU)
[10:27:38] [TASK] Igor → AcceptMission [ScoutPoi] (goal=AcceptMission)
[10:27:38] [GOAL] Igor achieved AcceptMission
[10:27:38] [MISSION] Dmitri accepted ScoutPoi @ Wild Territory (164 RU)
[10:27:38] [TASK] Dmitri → AcceptMission [ScoutPoi] (goal=AcceptMission)
[10:27:38] [GOAL] Dmitri achieved AcceptMission
[10:27:38] [MISSION] Igor accepted ScoutPoi @ Wild Territory (164 RU)
[10:27:38] [TASK] Igor → AcceptMission [ScoutPoi] (goal=AcceptMission)
[10:27:38] [GOAL] Igor achieved AcceptMission
[10:27:38] [MISSION] Lukash accepted ScoutPoi @ Army Warehouses (230 RU)
[10:27:38] [TASK] Lukash → AcceptMission [ScoutPoi] (goal=AcceptMission)
[10:27:38] [GOAL] Lukash achieved AcceptMission
[10:27:38] [MISSION] Sidorovich accepted ScoutPoi @ Cordon (160 RU)
[10:27:38] [TASK] Sidorovich → AcceptMission [ScoutPoi] (goal=AcceptMission)
[10:27:38] [GOAL] Sidorovich achieved AcceptMission
[10:27:41] [INBOUND] Initial +2 stalkers, +2 mutants (remaining S=1366 M=914)
[10:27:41] [MISSION] Ivan accepted ScoutPoi @ Deserted Hospital (200 RU)
[10:27:41] [TASK] Ivan → AcceptMission [ScoutPoi] (goal=AcceptMission)
[10:27:41] [GOAL] Ivan achieved AcceptMission
[10:27:42] [INBOUND] Initial +2 stalkers, +1 mutants (remaining S=1364 M=913)
[10:27:42] [MISSION] Frank accepted ScoutPoi @ Duga Radar (210 RU)
[10:27:42] [TASK] Frank → AcceptMission [ScoutPoi] (goal=AcceptMission)
[10:27:42] [GOAL] Frank achieved AcceptMission
[10:27:43] [COMBAT] Andrei Sokolov 'Razor' killed Serhiy Petrenko 'Ghost' using wpn_ak74
[10:27:43] [GEAR] Andrei looted [wpn_gauss, wpn_desert_eagle, arm_exo] via combat
[10:27:43] [COMBAT] Yuriy Popov 'Bone' killed Fracture using wpn_gauss
[10:27:43] [COMBAT] Damir Bondarenko 'Badger' killed Bloodsucker using wpn_l96a1
[10:27:43] [COMBAT] Bohdan Sokolov 'Phantom' killed Nikolai Volkov 'Badger' using wpn_pm
[10:27:43] [GEAR] Bohdan looted [wpn_pkm, arm_exo, helm_helm_ranger] via combat
[10:27:43] [INBOUND] Initial +2 stalkers, +1 mutants (remaining S=1362 M=912)
[10:27:43] [MISSION] Oleksiy accepted ScoutPoi @ Buriakivka Waste Site (160 RU)
[10:27:43] [TASK] Oleksiy → AcceptMission [ScoutPoi] (goal=AcceptMission)
[10:27:43] [GOAL] Oleksiy achieved AcceptMission
[10:27:44] [INBOUND] Initial +2 stalkers, +2 mutants (remaining S=1360 M=910)
[10:27:45] [MISSION] Mikhail accepted ScoutPoi @ Red Forest (196 RU)
[10:27:45] [TASK] Mikhail → AcceptMission [ScoutPoi] (goal=AcceptMission)
[10:27:45] [GOAL] Mikhail achieved AcceptMission
[10:27:46] [COMBAT] Nikolai Petrov 'Stitch' killed Lurker using wpn_gauss
[10:27:46] [INBOUND] Initial +2 stalkers, +1 mutants (remaining S=1358 M=909)
[10:27:46] [MISSION] Timur accepted ScoutPoi @ Dead City (Chernobyl-2 Settlement) (190 RU)
[10:27:46] [TASK] Timur → AcceptMission [ScoutPoi] (goal=AcceptMission)
[10:27:46] [GOAL] Timur achieved AcceptMission
[10:27:46] [COMBAT] Nikolai Melnyk 'Ugly' killed Sergei Petrenko 'Viper' using wpn_svd
[10:27:46] [GEAR] Nikolai looted [wpn_desert_eagle, arm_duty] via combat
[10:27:46] [COMBAT] Lars Kovalenko 'Ghost' killed Nikolai Petrenko 'Ash' using wpn_rg6
[10:27:46] [GEAR] Lars looted [arm_duty] via combat
[10:27:47] [COMBAT] Bohdan Petrenko 'Jackal' killed Pavel Volkov 'Wolf' using wpn_pm
[10:27:47] [GEAR] Bohdan looted [out_stalker_outfit] via combat
[10:27:47] [INBOUND] Initial +3 stalkers, +2 mutants (remaining S=1355 M=907)
[10:27:47] [MISSION] Taras accepted ScoutPoi @ Deserted Hospital (200 RU)
[10:27:47] [TASK] Taras → AcceptMission [ScoutPoi] (goal=AcceptMission)
[10:27:47] [GOAL] Taras achieved AcceptMission
[10:27:47] [MISSION] Serhiy accepted ScoutPoi @ Rostok (190 RU)
[10:27:47] [TASK] Serhiy → AcceptMission [ScoutPoi] (goal=AcceptMission)
[10:27:47] [GOAL] Serhiy achieved AcceptMission
[10:27:47] [COMBAT] Igor Shevchenko 'Spark' killed Flesh using wpn_aksu
[10:27:48] [COMBAT] Bohdan Shevchenko 'Ghost' killed Sergei Volkov 'Bone' using wpn_gauss
[10:27:48] [GEAR] Bohdan looted [arm_seva] via combat
[10:27:48] [COMBAT] Alexei Bondarenko 'Wolf' killed Nikolai Sokolov 'Whisper' using wpn_pkm
[10:27:48] [GEAR] Alexei looted [wpn_pm] via combat
[10:27:48] [INBOUND] Initial +2 stalkers, +1 mutants (remaining S=1353 M=906)
[10:27:48] [MISSION] Bakhyt accepted ScoutPoi @ Truck Cemetery (210 RU)
[10:27:48] [TASK] Bakhyt → AcceptMission [ScoutPoi] (goal=AcceptMission)
[10:27:48] [GOAL] Bakhyt achieved AcceptMission
[10:27:49] [INBOUND] Initial +2 stalkers, +1 mutants (remaining S=1351 M=905)
[10:27:49] [MISSION] Tobias accepted ScoutPoi @ Dead City (Chernobyl-2 Settlement) (190 RU)
[10:27:49] [TASK] Tobias → AcceptMission [ScoutPoi] (goal=AcceptMission)
[10:27:49] [GOAL] Tobias achieved AcceptMission
[10:27:50] [COMBAT] Oleksiy Petrov 'Raven' killed Armen Melnyk 'Ghost' using wpn_fn2000
[10:27:50] [INBOUND] Initial +2 stalkers, +2 mutants (remaining S=1349 M=903)
[10:27:51] [TASK] Dmytro → TradeRun [poi_macro_6] (goal=VisitTrader)
[10:27:51] [GOAL] Dmytro achieved VisitTrader
[10:27:51] [MISSION] Dmytro accepted ScoutPoi @ Garbage (196 RU)
[10:27:51] [TASK] Dmytro → AcceptMission [ScoutPoi] (goal=AcceptMission)
[10:27:51] [GOAL] Dmytro achieved AcceptMission
[10:27:51] [INBOUND] Initial +2 stalkers, +1 mutants (remaining S=1347 M=902)
[10:27:51] [MISSION] Andrei accepted ScoutPoi @ Great Swamps (168 RU)
[10:27:51] [TASK] Andrei → AcceptMission [ScoutPoi] (goal=AcceptMission)
[10:27:51] [GOAL] Andrei achieved AcceptMission
[10:27:52] [INBOUND] Initial +2 stalkers, +1 mutants (remaining S=1345 M=901)
[10:27:52] [MISSION] Pavel accepted ScoutPoi @ Agroprom (184 RU)
[10:27:52] [TASK] Pavel → AcceptMission [ScoutPoi] (goal=AcceptMission)
[10:27:52] [GOAL] Pavel achieved AcceptMission
[10:27:53] [COMBAT] Dmytro Sokolov 'Scar' killed BlindDog using wpn_mp5
[10:27:53] [INBOUND] Initial +2 stalkers, +2 mutants (remaining S=1343 M=899)
[10:27:53] [MISSION] Tobias accepted ScoutPoi @ Duga Radar (210 RU)
[10:27:53] [TASK] Tobias → AcceptMission [ScoutPoi] (goal=AcceptMission)
[10:27:53] [GOAL] Tobias achieved AcceptMission
[10:27:54] [COMBAT] Mykola Volkov 'Phantom' killed PsyDog using wpn_pkm
[10:27:54] [COMBAT] Oleg Kovalenko 'Razor' killed Rat using wpn_vintorez
[10:27:54] [INBOUND] Initial +2 stalkers, +1 mutants (remaining S=1341 M=898)
[10:27:54] [COMBAT] Alexei Bondarenko 'Viper' killed Dog using wpn_sg550
[10:27:55] [INBOUND] Initial +2 stalkers, +2 mutants (remaining S=1339 M=896)
[10:27:55] [MISSION] Andriy accepted ScoutPoi @ Limansk (190 RU)
[10:27:55] [TASK] Andriy → AcceptMission [ScoutPoi] (goal=AcceptMission)
[10:27:55] [GOAL] Andriy achieved AcceptMission
[10:27:56] [INBOUND] Initial +2 stalkers, +1 mutants (remaining S=1337 M=895)
[10:27:56] [MISSION] Ivan accepted ScoutPoi @ Dark Valley (168 RU)
[10:27:56] [TASK] Ivan → AcceptMission [ScoutPoi] (goal=AcceptMission)
[10:27:56] [GOAL] Ivan achieved AcceptMission
[10:27:57] [COMBAT] Yuriy Sokolov 'Two-Fingers' killed Alexei Bondarenko 'Spark' using wpn_l96a1
[10:27:57] [GEAR] Yuriy looted [wpn_ak74m] via combat
[10:27:57] [COMBAT] Yuriy Petrov 'Bullet' killed Pseudodog using wpn_gauss
[10:27:57] [INBOUND] Initial +2 stalkers, +1 mutants (remaining S=1335 M=894)
[10:27:57] [MISSION] Viktor accepted ScoutPoi @ Chernobyl Town (200 RU)
[10:27:57] [TASK] Viktor → AcceptMission [ScoutPoi] (goal=AcceptMission)
[10:27:57] [GOAL] Viktor achieved AcceptMission
[10:27:59] [INBOUND] Initial +2 stalkers, +2 mutants (remaining S=1333 M=892)
[10:27:59] [COMBAT] Andriy Shevchenko 'Jackal' killed Vasyl Kovalenko 'Ghost' using wpn_pm
[10:27:59] [GEAR] Andriy looted [wpn_pkm, out_scientific_outfit, helm_helm_m40] via combat
[10:28:00] [INBOUND] Initial +2 stalkers, +1 mutants (remaining S=1331 M=891)
[10:28:00] [MISSION] Serhiy accepted ScoutPoi @ Zalissya (184 RU)
[10:28:00] [TASK] Serhiy → AcceptMission [ScoutPoi] (goal=AcceptMission)
[10:28:00] [GOAL] Serhiy achieved AcceptMission
[10:28:01] [INBOUND] Initial +3 stalkers, +2 mutants (remaining S=1328 M=889)
[10:28:01] [MISSION] Serhiy accepted ScoutPoi @ Wild Territory (164 RU)
[10:28:01] [TASK] Serhiy → AcceptMission [ScoutPoi] (goal=AcceptMission)
[10:28:01] [GOAL] Serhiy achieved AcceptMission
[10:28:01] [MISSION] Mikhail accepted ScoutPoi @ Dead City (Chernobyl-2 Settlement) (190 RU)
[10:28:01] [TASK] Mikhail → AcceptMission [ScoutPoi] (goal=AcceptMission)
[10:28:01] [GOAL] Mikhail achieved AcceptMission
[10:28:02] [COMBAT] Zura Volkov 'Razor' killed Heinrich Kovalenko 'Raven' using wpn_svd
[10:28:02] [GEAR] Zura looted [wpn_m4a1, wpn_mp5, out_exo_outfit, helm_helm_protective] via combat
[10:28:02] [COMBAT] Andrei Volkov 'Ash' killed BlindDog using wpn_g36
[10:28:02] [INBOUND] Initial +2 stalkers, +1 mutants (remaining S=1326 M=888)
[10:28:02] [MISSION] Ivan accepted ScoutPoi @ Meadow (164 RU)
[10:28:02] [TASK] Ivan → AcceptMission [ScoutPoi] (goal=AcceptMission)
[10:28:02] [GOAL] Ivan achieved AcceptMission
[10:28:03] [INBOUND] Initial +2 stalkers, +1 mutants (remaining S=1324 M=887)
[10:28:03] [MISSION] Oleg accepted ScoutPoi @ Kopachi (196 RU)
[10:28:03] [TASK] Oleg → AcceptMission [ScoutPoi] (goal=AcceptMission)
[10:28:03] [GOAL] Oleg achieved AcceptMission
[10:28:04] [INBOUND] Initial +2 stalkers, +2 mutants (remaining S=1322 M=885)
[10:28:04] [SNAPSHOT] real=1.5min game=D0 00:04 alive S=127 M=95 corpses=167 lootable=46 gammaGear out=58 helm=106 avgRU=883 leaderGoals trade=0 mission=41 emission=Dormant nextIn=100gmin desperate=0 hungry=0 interval deaths=28 combats=38 tasks=134 gearLoot=10 gearBuy=0 missions=82 corpseDespawn=0 trickleSpawns=0 ranks=[Rookie:127] goals=[CompleteMission::41,Traveling:15,Idle:14] leaders: Vasyl[Rookie/Idle], Oleg[Rookie/CompleteMission:], Ivan[Rookie/CompleteMission:], Serhiy[Rookie/CompleteMission:], Mikhail[Rookie/CompleteMission:]
[10:28:05] [COMBAT] Igor Shevchenko 'Ash' killed Burer using wpn_gauss
[10:28:05] [COMBAT] Andriy Petrenko 'Scar' killed Pseudodog using wpn_mp5
[10:28:06] [INBOUND] Initial +2 stalkers, +1 mutants (remaining S=1320 M=884)
[10:28:06] [COMBAT] Nikolai Ivanov 'Bone' killed Fracture using wpn_p90
[10:28:06] [COMBAT] Serhiy Ivanov 'Stitch' killed Dmytro Bondarenko 'Viper' using wpn_mp5
[10:28:06] [GEAR] Serhiy looted [wpn_pkm] via combat
[10:28:06] [COMBAT] Vasyl Shevchenko 'Jackal' killed Damir Petrenko 'The Nail' using wpn_gauss
[10:28:06] [GEAR] Vasyl looted [wpn_mp5, arm_seva, helm_helm_m50] via combat
[10:28:07] [INBOUND] Initial +2 stalkers, +2 mutants (remaining S=1318 M=882)
[10:28:07] [MISSION] Igor accepted ScoutPoi @ Rostok (190 RU)
[10:28:07] [TASK] Igor → AcceptMission [ScoutPoi] (goal=AcceptMission)
[10:28:07] [GOAL] Igor achieved AcceptMission
[10:28:08] [INBOUND] Initial +2 stalkers, +1 mutants (remaining S=1316 M=881)
[10:28:08] [MISSION] Ivan accepted ScoutPoi @ Sarcophagus (184 RU)
[10:28:08] [TASK] Ivan → AcceptMission [ScoutPoi] (goal=AcceptMission)
[10:28:08] [GOAL] Ivan achieved AcceptMission
[10:28:09] [INBOUND] Initial +2 stalkers, +1 mutants (remaining S=1314 M=880)
[10:28:09] [MISSION] Ivan accepted ScoutPoi @ Agroprom (184 RU)
[10:28:09] [TASK] Ivan → AcceptMission [ScoutPoi] (goal=AcceptMission)
[10:28:09] [GOAL] Ivan achieved AcceptMission
[10:28:09] [COMBAT] Serhiy Melnyk 'Badger' killed Damir Bondarenko 'Badger' using wpn_aek971
[10:28:09] [GEAR] Serhiy looted [arm_seva, helm_helm_ranger] via combat
[10:28:10] [COMBAT] Armen Volkov 'Wolf' killed Yuriy Popov 'Broken Nose' using wpn_mp5
[10:28:10] [INBOUND] Initial +2 stalkers, +2 mutants (remaining S=1312 M=878)
[10:28:10] [MISSION] Oleg accepted ScoutPoi @ Sarcophagus (184 RU)
[10:28:10] [TASK] Oleg → AcceptMission [ScoutPoi] (goal=AcceptMission)
[10:28:10] [GOAL] Oleg achieved AcceptMission
[10:28:10] [COMBAT] Tobias Kovalenko 'Stitch' killed PsyDog using wpn_fn2000
[10:28:11] [INBOUND] Initial +2 stalkers, +1 mutants (remaining S=1310 M=877)
[10:28:11] [MISSION] Viktor accepted ScoutPoi @ Army Warehouses (230 RU)
[10:28:11] [TASK] Viktor → AcceptMission [ScoutPoi] (goal=AcceptMission)
[10:28:11] [GOAL] Viktor achieved AcceptMission
[10:28:12] [COMBAT] Mykola Volkov 'Phantom' killed Lurker using wpn_pkm
[10:28:12] [INBOUND] Initial +2 stalkers, +1 mutants (remaining S=1308 M=876)
[10:28:12] [MISSION] Armen accepted ScoutPoi @ Meadow (164 RU)
[10:28:12] [TASK] Armen → AcceptMission [ScoutPoi] (goal=AcceptMission)
[10:28:12] [GOAL] Armen achieved AcceptMission
[10:28:13] [INBOUND] Initial +2 stalkers, +2 mutants (remaining S=1306 M=874)
[10:28:14] [MISSION] Oleksiy accepted ScoutPoi @ Limansk (190 RU)
[10:28:14] [TASK] Oleksiy → AcceptMission [ScoutPoi] (goal=AcceptMission)
[10:28:14] [GOAL] Oleksiy achieved AcceptMission
[10:28:14] [COMBAT] Andriy Shevchenko 'Jackal' killed Taras Kovalenko 'Bone' using wpn_pkm
[10:28:14] [GEAR] Andriy looted [wpn_desert_eagle, arm_exo, helm_helm_exo] via combat
[10:28:14] [COMBAT] Dmytro Popov 'Crow' killed Andrei Melnyk 'Spark' using wpn_pm
[10:28:14] [GEAR] Dmytro looted [wpn_sg550, out_scientific_outfit, helm_helm_m40] via combat
[10:28:15] [INBOUND] Initial +2 stalkers, +1 mutants (remaining S=1304 M=873)
[10:28:15] [COMBAT] Andrei Petrov 'Scar' killed Viktor Shevchenko 'Jackal' using wpn_mp5
[10:28:15] [GEAR] Andrei looted [wpn_pkm, out_scientific_outfit, helm_helm_ach7ex] via combat
[10:28:16] [INBOUND] Initial +2 stalkers, +2 mutants (remaining S=1302 M=871)
[10:28:16] [MISSION] Igor accepted ScoutPoi @ Great Swamps (168 RU)
[10:28:16] [TASK] Igor → AcceptMission [ScoutPoi] (goal=AcceptMission)
[10:28:16] [GOAL] Igor achieved AcceptMission
[10:28:16] [COMBAT] Bohdan Popov 'Bone' killed Snork using wpn_fort12
[10:28:16] [COMBAT] Nikolai Ivanov 'Bone' killed Controller using wpn_p90
[10:28:17] [INBOUND] Initial +3 stalkers, +1 mutants (remaining S=1299 M=870)
[10:28:17] [MISSION] Ivan accepted ScoutPoi @ Red Forest (196 RU)
[10:28:17] [TASK] Ivan → AcceptMission [ScoutPoi] (goal=AcceptMission)
[10:28:17] [GOAL] Ivan achieved AcceptMission
[10:28:17] [COMBAT] Andriy Melnyk 'Viper' killed PsyDog using wpn_ak74
[10:28:18] [INBOUND] Initial +2 stalkers, +1 mutants (remaining S=1297 M=869)
[10:28:18] [MISSION] Taras accepted ScoutPoi @ Radar (Brain Scorcher) (236 RU)
[10:28:18] [TASK] Taras → AcceptMission [ScoutPoi] (goal=AcceptMission)
[10:28:18] [GOAL] Taras achieved AcceptMission
[10:28:18] [COMBAT] Lukash killed Burer using wpn_aksu
[10:28:19] [INBOUND] Initial +2 stalkers, +2 mutants (remaining S=1295 M=867)
[10:28:19] [MISSION] Pavel accepted ScoutPoi @ Agroprom (184 RU)
[10:28:19] [TASK] Pavel → AcceptMission [ScoutPoi] (goal=AcceptMission)
[10:28:19] [GOAL] Pavel achieved AcceptMission
[10:28:19] [MISSION] Serhiy accepted ScoutPoi @ Kopachi (196 RU)
[10:28:19] [TASK] Serhiy → AcceptMission [ScoutPoi] (goal=AcceptMission)
[10:28:19] [GOAL] Serhiy achieved AcceptMission
[10:28:20] [COMBAT] Sergei Petrenko 'Spark' killed Lurker using wpn_ak74
[10:28:20] [INBOUND] Initial +2 stalkers, +1 mutants (remaining S=1293 M=866)
[10:28:20] [MISSION] Nikolai accepted ScoutPoi @ Dark Valley (168 RU)
[10:28:20] [TASK] Nikolai → AcceptMission [ScoutPoi] (goal=AcceptMission)
[10:28:20] [GOAL] Nikolai achieved AcceptMission
[10:28:21] [COMBAT] Igor Petrov 'Mole' killed Bohdan Petrov 'Wolf' using wpn_mp5
[10:28:21] [GEAR] Igor looted [helm_helm_respirator] via combat
[10:28:21] [INBOUND] Initial +2 stalkers, +2 mutants (remaining S=1291 M=864)
[10:28:21] [MISSION] Bohdan accepted ScoutPoi @ Great Swamps (168 RU)
[10:28:21] [TASK] Bohdan → AcceptMission [ScoutPoi] (goal=AcceptMission)
[10:28:21] [GOAL] Bohdan achieved AcceptMission
[10:28:22] [INBOUND] Initial +2 stalkers, +1 mutants (remaining S=1289 M=863)
[10:28:23] [MISSION] Connor accepted ScoutPoi @ Duga Radar (210 RU)
[10:28:23] [TASK] Connor → AcceptMission [ScoutPoi] (goal=AcceptMission)
[10:28:23] [GOAL] Connor achieved AcceptMission
[10:28:23] [COMBAT] Mikhail Kovalenko 'Scar' killed Controller using wpn_vintorez
[10:28:23] [COMBAT] Igor Shevchenko 'Ash' killed Nikolai Petrov 'Stitch' using wpn_gauss
[10:28:23] [GEAR] Igor looted [wpn_pm] via combat
[10:28:24] [INBOUND] Initial +2 stalkers, +1 mutants (remaining S=1287 M=862)
[10:28:25] [INBOUND] Initial +2 stalkers, +2 mutants (remaining S=1285 M=860)
[10:28:25] [MISSION] Mykola accepted ScoutPoi @ Cordon (160 RU)
[10:28:25] [TASK] Mykola → AcceptMission [ScoutPoi] (goal=AcceptMission)
[10:28:25] [GOAL] Mykola achieved AcceptMission
[10:28:25] [COMBAT] Bohdan Petrenko 'Jackal' killed Alexei Bondarenko 'Wolf' using wpn_pm
[10:28:25] [GEAR] Bohdan looted [wpn_pkm, arm_duty, helm_helm_ach7] via combat
[10:28:26] [INBOUND] Initial +2 stalkers, +1 mutants (remaining S=1283 M=859)
[10:28:26] [MISSION] Andrei accepted ScoutPoi @ Garbage (196 RU)
[10:28:26] [TASK] Andrei → AcceptMission [ScoutPoi] (goal=AcceptMission)
[10:28:26] [GOAL] Andrei achieved AcceptMission
[10:28:27] [INBOUND] Initial +2 stalkers, +2 mutants (remaining S=1281 M=857)
[10:28:27] [MISSION] Oleg accepted ScoutPoi @ Zalissya (184 RU)
[10:28:27] [TASK] Oleg → AcceptMission [ScoutPoi] (goal=AcceptMission)
[10:28:27] [GOAL] Oleg achieved AcceptMission
[10:28:27] [MISSION] Alexei accepted ScoutPoi @ Red Forest (196 RU)
[10:28:27] [TASK] Alexei → AcceptMission [ScoutPoi] (goal=AcceptMission)
[10:28:27] [GOAL] Alexei achieved AcceptMission
[10:28:28] [COMBAT] Taras Petrenko 'Badger' killed Alexei Sokolov 'Fox' using wpn_pkm
[10:28:28] [TASK] Zura → TradeRun [poi_macro_12] (goal=VisitTrader)
[10:28:28] [GOAL] Zura achieved VisitTrader
[10:28:28] [MISSION] Zura accepted ScoutPoi @ Rostok (190 RU)
[10:28:28] [TASK] Zura → AcceptMission [ScoutPoi] (goal=AcceptMission)
[10:28:28] [GOAL] Zura achieved AcceptMission
[10:28:28] [COMBAT] Taras Volkov 'Fox' killed Ivan Melnyk 'Lucky' using wpn_ak74
[10:28:28] [INBOUND] Initial +2 stalkers, +1 mutants (remaining S=1279 M=856)
[10:28:29] [COMBAT] Serhiy Petrov 'Badger' killed Dog using wpn_ak74
[10:28:29] [INBOUND] Initial +2 stalkers, +1 mutants (remaining S=1277 M=855)
[10:28:30] [MISSION] Viktor accepted ScoutPoi @ Limansk (190 RU)
[10:28:30] [TASK] Viktor → AcceptMission [ScoutPoi] (goal=AcceptMission)
[10:28:30] [GOAL] Viktor achieved AcceptMission
[10:28:30] [COMBAT] Andrei Sokolov 'Razor' killed Oleg Ivanov 'Ghost' using wpn_gauss
[10:28:30] [GEAR] Andrei looted [wpn_pkm] via combat
[10:28:31] [INBOUND] Initial +2 stalkers, +2 mutants (remaining S=1275 M=853)
[10:28:31] [MISSION] Ivan accepted ScoutPoi @ Rostok (190 RU)
[10:28:31] [TASK] Ivan → AcceptMission [ScoutPoi] (goal=AcceptMission)
[10:28:31] [GOAL] Ivan achieved AcceptMission
[10:28:32] [INBOUND] Initial +3 stalkers, +1 mutants (remaining S=1272 M=852)
[10:28:32] [MISSION] Dmitri accepted ScoutPoi @ Deserted Hospital (200 RU)
[10:28:32] [TASK] Dmitri → AcceptMission [ScoutPoi] (goal=AcceptMission)
[10:28:32] [GOAL] Dmitri achieved AcceptMission
[10:28:32] [COMBAT] Andriy Kovalenko 'Ash' killed Fracture using wpn_ak74
[10:28:32] [COMBAT] Professor Sakharov killed Fracture using wpn_val
[10:28:32] [COMBAT] Timur Petrov 'Badger' killed Flesh using wpn_rg6
[10:28:33] [MISSION] Serhiy arrived for ScoutPoi @ Makeshift Camp (Cordon-Meadow) (travel=562m, work=241s game)
[10:28:33] [INBOUND] Initial +2 stalkers, +1 mutants (remaining S=1270 M=851)
[10:28:33] [COMBAT] Igor Sokolov 'Ash' killed Bloodsucker using wpn_svd
[10:28:33] [COMBAT] Zura Volkov 'Razor' killed Giorgi Shevchenko 'Bone' using wpn_m4a1
[10:28:33] [COMBAT] Marcus Bondarenko 'Razor' killed Snork using wpn_aksu
[10:28:34] [COMBAT] Serhiy Popov 'Crow' killed Lurker using wpn_aksu
[10:28:34] [INBOUND] Initial +2 stalkers, +2 mutants (remaining S=1268 M=849)
[10:28:34] [MISSION] Vasyl accepted ScoutPoi @ Cordon (160 RU)
[10:28:34] [TASK] Vasyl → AcceptMission [ScoutPoi] (goal=AcceptMission)
[10:28:34] [GOAL] Vasyl achieved AcceptMission
[10:28:34] [COMBAT] Sidorovich killed Lurker using wpn_aksu
[10:28:34] [COMBAT] Ivan Bondarenko 'Scar' killed Andrei Ivanov 'Wolf' using wpn_ak74
[10:28:35] [COMBAT] Mikhail Shevchenko 'Badger' killed Pavel Melnyk 'Raven' using wpn_rg6
[10:28:35] [GEAR] Mikhail looted [helm_tactic] via combat
[10:28:35] [COMBAT] Viktor Petrenko 'Crow' killed Boar using wpn_aksu
[10:28:35] [COMBAT] Armen Ivanov 'Wolf' killed Rat using wpn_ak74
[10:28:35] [INBOUND] Initial +2 stalkers, +1 mutants (remaining S=1266 M=848)
[10:28:35] [SNAPSHOT] real=2.0min game=D0 00:05 alive S=144 M=111 corpses=227 lootable=83 gammaGear out=65 helm=126 avgRU=873 leaderGoals trade=0 mission=53 emission=Dormant nextIn=99gmin desperate=0 hungry=0 interval deaths=39 combats=60 tasks=25 gearLoot=11 gearBuy=0 missions=24 corpseDespawn=0 trickleSpawns=0 ranks=[Rookie:144] goals=[CompleteMission::52,Idle:18,Traveling:7,AcceptMission::1] leaders: Nikolai[Rookie/AcceptMission:], Mykola[Rookie/CompleteMission:], Nikolai[Rookie/Idle], Connor[Rookie/CompleteMission:], Bohdan[Rookie/CompleteMission:]
[10:28:35] [MISSION] Nikolai accepted ScoutPoi @ Zaton (184 RU)
[10:28:35] [TASK] Nikolai → AcceptMission [ScoutPoi] (goal=AcceptMission)
[10:28:35] [GOAL] Nikolai achieved AcceptMission
[10:28:35] [COMBAT] Bohdan Kovalenko 'Jackal' killed Boar using wpn_ak74
[10:28:35] [MISSION] Bakhyt arrived for ScoutPoi @ Bandit Base (travel=525m, work=220s game)
[10:28:36] [INBOUND] Initial +2 stalkers, +2 mutants (remaining S=1264 M=846)
[10:28:37] [TASK] Yuriy → FulfillMission [ScoutPoi] (goal=CompleteMission)
[10:28:37] [MISSION] Yuriy objective done ScoutPoi @ Forgotten Pillbox → return to Zalissya
[10:28:37] [TASK] Vasyl → FulfillMission [ScoutPoi] (goal=CompleteMission)
[10:28:37] [MISSION] Vasyl objective done ScoutPoi @ Abandoned Hut → return to Cordon
[10:28:37] [TASK] Dmitri → FulfillMission [ScoutPoi] (goal=CompleteMission)
[10:28:37] [MISSION] Dmitri objective done ScoutPoi @ Makeshift Camp (Garbage-Agroprom) → return to Deserted Hospital
[10:28:37] [TASK] Ivan → FulfillMission [ScoutPoi] (goal=CompleteMission)
[10:28:37] [MISSION] Ivan objective done ScoutPoi @ Sunken Stash → return to Rostok
[10:28:37] [TASK] Viktor → FulfillMission [ScoutPoi] (goal=CompleteMission)
[10:28:37] [MISSION] Viktor objective done ScoutPoi @ Duty Checkpoint → return to Limansk
[10:28:37] [TASK] Oleg → FulfillMission [ScoutPoi] (goal=CompleteMission)
[10:28:37] [MISSION] Oleg objective done ScoutPoi @ Forgotten Pillbox → return to Zalissya
[10:28:37] [TASK] Alexei → FulfillMission [ScoutPoi] (goal=CompleteMission)
[10:28:37] [MISSION] Alexei objective done ScoutPoi @ Hidden Hut → return to Red Forest
[10:28:37] [TASK] Andrei → FulfillMission [ScoutPoi] (goal=CompleteMission)
[10:28:37] [MISSION] Andrei objective done ScoutPoi @ Derelict Stash → return to Garbage
[10:28:37] [TASK] Nikolai → FulfillMission [ScoutPoi] (goal=CompleteMission)
[10:28:37] [MISSION] Nikolai objective done ScoutPoi @ Hidden Cairn → return to Dark Valley
[10:28:37] [TASK] Pavel → FulfillMission [ScoutPoi] (goal=CompleteMission)
[10:28:37] [MISSION] Pavel objective done ScoutPoi @ Mutant Den #1 near Rostok → return to Agroprom
[10:28:37] [TASK] Serhiy → FulfillMission [ScoutPoi] (goal=CompleteMission)
[10:28:37] [MISSION] Serhiy objective done ScoutPoi @ Ruined Garage → return to Kopachi
[10:28:37] [TASK] Taras → FulfillMission [ScoutPoi] (goal=CompleteMission)
[10:28:37] [MISSION] Taras objective done ScoutPoi @ Windswept Cabin → return to Radar (Brain Scorcher)
[10:28:37] [TASK] Ivan → FulfillMission [ScoutPoi] (goal=CompleteMission)
[10:28:37] [MISSION] Ivan objective done ScoutPoi @ Hidden Hut → return to Red Forest
[10:28:37] [TASK] Igor → FulfillMission [ScoutPoi] (goal=CompleteMission)
[10:28:37] [MISSION] Igor objective done ScoutPoi @ Makeshift Camp (Cordon-Meadow) → return to Great Swamps
[10:28:37] [TASK] Mikhail → FulfillMission [ScoutPoi] (goal=CompleteMission)
[10:28:37] [MISSION] Mikhail objective done ScoutPoi @ Hidden Hut → return to Red Forest
[10:28:37] [TASK] Oleksiy → FulfillMission [ScoutPoi] (goal=CompleteMission)
[10:28:37] [MISSION] Oleksiy objective done ScoutPoi @ Overgrown Hut → return to Buriakivka Waste Site
[10:28:37] [TASK] Ivan → FulfillMission [ScoutPoi] (goal=CompleteMission)
[10:28:37] [MISSION] Ivan objective done ScoutPoi @ Makeshift Camp (Garbage-Agroprom) → return to Deserted Hospital
[10:28:37] [TASK] Serhiy → FulfillMission [ScoutPoi] (goal=CompleteMission)
[10:28:37] [MISSION] Serhiy objective done ScoutPoi @ Makeshift Camp (Cordon-Meadow) → return to Great Swamps
[10:28:37] [TASK] Ivan → FulfillMission [ScoutPoi] (goal=CompleteMission)
[10:28:37] [MISSION] Ivan objective done ScoutPoi @ Abandoned Hut → return to Cordon
[10:28:37] [TASK] Bohdan → FulfillMission [ScoutPoi] (goal=CompleteMission)
[10:28:37] [MISSION] Bohdan objective done ScoutPoi @ Derelict Stash → return to Garbage
[10:28:37] [TASK] Taras → FulfillMission [ScoutPoi] (goal=CompleteMission)
[10:28:37] [MISSION] Taras objective done ScoutPoi @ Forgotten Shelter → return to Wild Territory
[10:28:37] [TASK] Dmytro → FulfillMission [ScoutPoi] (goal=CompleteMission)
[10:28:37] [MISSION] Dmytro objective done ScoutPoi @ Makeshift Outpost → return to Chernobyl Town
[10:28:37] [TASK] Armen → FulfillMission [ScoutPoi] (goal=CompleteMission)
[10:28:37] [MISSION] Armen objective done ScoutPoi @ Forgotten Pillbox → return to Zalissya
[10:28:37] [TASK] Ivan → FulfillMission [ScoutPoi] (goal=CompleteMission)
[10:28:37] [MISSION] Ivan objective done ScoutPoi @ Hidden Cairn → return to Dark Valley
[10:28:37] [TASK] Andriy → FulfillMission [ScoutPoi] (goal=CompleteMission)
[10:28:37] [MISSION] Andriy objective done ScoutPoi @ Duty Checkpoint → return to Limansk
[10:28:37] [TASK] Ivan → FulfillMission [ScoutPoi] (goal=CompleteMission)
[10:28:37] [MISSION] Ivan objective done ScoutPoi @ Makeshift Camp (Cordon-Meadow) → return to Great Swamps
[10:28:37] [TASK] Andriy → FulfillMission [ScoutPoi] (goal=CompleteMission)
[10:28:37] [MISSION] Andriy objective done ScoutPoi @ Abandoned Hut → return to Cordon
[10:28:37] [TASK] Taras → FulfillMission [ScoutPoi] (goal=CompleteMission)
[10:28:37] [MISSION] Taras objective done ScoutPoi @ Abandoned Bus → return to Meadow
[10:28:37] [TASK] Igor → FulfillMission [ScoutPoi] (goal=CompleteMission)
[10:28:37] [MISSION] Igor objective done ScoutPoi @ Abandoned Bus → return to Meadow
[10:28:37] [TASK] Dmitri → FulfillMission [ScoutPoi] (goal=CompleteMission)
[10:28:37] [MISSION] Dmitri objective done ScoutPoi @ Forgotten Shelter → return to Wild Territory
[10:28:37] [TASK] Igor → FulfillMission [ScoutPoi] (goal=CompleteMission)
[10:28:37] [MISSION] Igor objective done ScoutPoi @ Forgotten Shelter → return to Wild Territory
[10:28:37] [TASK] Lukash → FulfillMission [ScoutPoi] (goal=CompleteMission)
[10:28:37] [MISSION] Lukash objective done ScoutPoi @ Collapsed Pillbox → return to Army Warehouses
[10:28:37] [TASK] Sidorovich → FulfillMission [ScoutPoi] (goal=CompleteMission)
[10:28:37] [MISSION] Sidorovich objective done ScoutPoi @ Abandoned Hut → return to Cordon
[10:28:37] [TASK] Nikolai → FulfillMission [ScoutPoi] (goal=CompleteMission)
[10:28:37] [MISSION] Nikolai objective done ScoutPoi @ Arena → return to Zaton
[10:28:37] [TASK] Mykola → FulfillMission [ScoutPoi] (goal=CompleteMission)
[10:28:37] [MISSION] Mykola objective done ScoutPoi @ Abandoned Hut → return to Cordon
[10:28:37] [TASK] Connor → FulfillMission [ScoutPoi] (goal=CompleteMission)
[10:28:37] [MISSION] Connor objective done ScoutPoi @ Mutant Den #0 near Dark Valley → return to Duga Radar
[10:28:37] [TASK] Bohdan → FulfillMission [ScoutPoi] (goal=CompleteMission)
[10:28:37] [MISSION] Bohdan objective done ScoutPoi @ Makeshift Camp (Cordon-Meadow) → return to Great Swamps
[10:28:37] [TASK] Oleksiy → FulfillMission [ScoutPoi] (goal=CompleteMission)
[10:28:37] [MISSION] Oleksiy objective done ScoutPoi @ Duty Checkpoint → return to Limansk
[10:28:37] [TASK] Armen → FulfillMission [ScoutPoi] (goal=CompleteMission)
[10:28:37] [MISSION] Armen objective done ScoutPoi @ Abandoned Bus → return to Meadow
[10:28:37] [TASK] Viktor → FulfillMission [ScoutPoi] (goal=CompleteMission)
[10:28:37] [MISSION] Viktor objective done ScoutPoi @ Collapsed Pillbox → return to Army Warehouses
[10:28:37] [TASK] Ivan → FulfillMission [ScoutPoi] (goal=CompleteMission)
[10:28:37] [MISSION] Ivan objective done ScoutPoi @ Mutant Den #1 near Rostok → return to Agroprom
[10:28:37] [TASK] Igor → FulfillMission [ScoutPoi] (goal=CompleteMission)
[10:28:37] [MISSION] Igor objective done ScoutPoi @ Sunken Stash → return to Rostok
[10:28:37] [TASK] Ivan → FulfillMission [ScoutPoi] (goal=CompleteMission)
[10:28:37] [MISSION] Ivan objective done ScoutPoi @ Abandoned Bus → return to Meadow
[10:28:37] [TASK] Serhiy → FulfillMission [ScoutPoi] (goal=CompleteMission)
[10:28:37] [MISSION] Serhiy objective done ScoutPoi @ Forgotten Shelter → return to Wild Territory
[10:28:37] [TASK] Mikhail → FulfillMission [ScoutPoi] (goal=CompleteMission)
[10:28:37] [MISSION] Mikhail objective done ScoutPoi @ Sunken Shack → return to Dead City (Chernobyl-2 Settlement)
[10:28:37] [TASK] Tobias → FulfillMission [ScoutPoi] (goal=CompleteMission)
[10:28:37] [MISSION] Tobias objective done ScoutPoi @ Mutant Den #0 near Dark Valley → return to Duga Radar
[10:28:37] [TASK] Pavel → FulfillMission [ScoutPoi] (goal=CompleteMission)
[10:28:37] [MISSION] Pavel objective done ScoutPoi @ Mutant Den #1 near Rostok → return to Agroprom
[10:28:37] [TASK] Andrei → FulfillMission [ScoutPoi] (goal=CompleteMission)
[10:28:37] [MISSION] Andrei objective done ScoutPoi @ Makeshift Camp (Cordon-Meadow) → return to Great Swamps
[10:28:37] [TASK] Tobias → FulfillMission [ScoutPoi] (goal=CompleteMission)
[10:28:37] [MISSION] Tobias objective done ScoutPoi @ Sunken Shack → return to Dead City (Chernobyl-2 Settlement)
[10:28:37] [TASK] Bakhyt → FulfillMission [ScoutPoi] (goal=CompleteMission)
[10:28:37] [MISSION] Bakhyt objective done ScoutPoi @ Bandit Base → return to Truck Cemetery
[10:28:37] [TASK] Timur → FulfillMission [ScoutPoi] (goal=CompleteMission)
[10:28:37] [MISSION] Timur objective done ScoutPoi @ Sunken Shack → return to Dead City (Chernobyl-2 Settlement)
[10:28:37] [TASK] Ivan → FulfillMission [ScoutPoi] (goal=CompleteMission)
[10:28:37] [MISSION] Ivan objective done ScoutPoi @ Makeshift Camp (Cordon-Meadow) → return to Great Swamps
[10:28:37] [TASK] Andriy → FulfillMission [ScoutPoi] (goal=CompleteMission)
[10:28:37] [MISSION] Andriy objective done ScoutPoi @ Makeshift Camp (Garbage-Agroprom) → return to Deserted Hospital
[10:28:37] [TASK] Andrei → FulfillMission [ScoutPoi] (goal=CompleteMission)
[10:28:37] [MISSION] Andrei objective done ScoutPoi @ Windswept Cairn → return to Jupiter (Pripyat Industrial)
[10:28:37] [TASK] Zura → FulfillMission [ScoutPoi] (goal=CompleteMission)
[10:28:37] [MISSION] Zura objective done ScoutPoi @ Sunken Stash → return to Rostok
[10:28:37] [TASK] Alexei → FulfillMission [ScoutPoi] (goal=CompleteMission)
[10:28:37] [MISSION] Alexei objective done ScoutPoi @ Ruined Garage → return to Kopachi
[10:28:37] [INBOUND] Initial +2 stalkers, +1 mutants (remaining S=1262 M=845)
[10:28:37] [MISSION] Vasyl accepted ScoutPoi @ Generators (230 RU)
[10:28:37] [TASK] Vasyl → AcceptMission [ScoutPoi] (goal=AcceptMission)
[10:28:37] [GOAL] Vasyl achieved AcceptMission
[10:28:37] [TASK] Nikolai → TurnInMission [ScoutPoi] (goal=CompleteMission)
[10:28:37] [MISSION] Nikolai turned in ScoutPoi @ Zaton (+184 RU)
[10:28:37] [GOAL] Nikolai achieved CompleteMission
[10:28:37] [TASK] Mykola → TurnInMission [ScoutPoi] (goal=CompleteMission)
[10:28:37] [MISSION] Mykola turned in ScoutPoi @ Cordon (+160 RU)
[10:28:37] [GOAL] Mykola achieved CompleteMission
[10:28:37] [TASK] Armen → TurnInMission [ScoutPoi] (goal=CompleteMission)
[10:28:37] [MISSION] Armen turned in ScoutPoi @ Meadow (+164 RU)
[10:28:37] [GOAL] Armen achieved CompleteMission
[10:28:37] [TASK] Viktor → TurnInMission [ScoutPoi] (goal=CompleteMission)
[10:28:37] [MISSION] Viktor turned in ScoutPoi @ Army Warehouses (+230 RU)
[10:28:37] [GOAL] Viktor achieved CompleteMission
[10:28:37] [TASK] Ivan → TurnInMission [ScoutPoi] (goal=CompleteMission)
[10:28:37] [MISSION] Ivan turned in ScoutPoi @ Meadow (+164 RU)
[10:28:37] [GOAL] Ivan achieved CompleteMission
[10:28:37] [TASK] Serhiy → TurnInMission [ScoutPoi] (goal=CompleteMission)
[10:28:37] [MISSION] Serhiy turned in ScoutPoi @ Wild Territory (+164 RU)
[10:28:37] [GOAL] Serhiy achieved CompleteMission
[10:28:38] [TASK] Andrei → TurnInMission [ScoutPoi] (goal=CompleteMission)
[10:28:38] [MISSION] Andrei turned in ScoutPoi @ Jupiter (Pripyat Industrial) (+236 RU)
[10:28:38] [GOAL] Andrei achieved CompleteMission
[10:28:38] [TASK] Zura → TurnInMission [ScoutPoi] (goal=CompleteMission)
[10:28:38] [MISSION] Zura turned in ScoutPoi @ Rostok (+190 RU)
[10:28:38] [GOAL] Zura achieved CompleteMission
[10:28:38] [TASK] Alexei → TurnInMission [ScoutPoi] (goal=CompleteMission)
[10:28:38] [MISSION] Alexei turned in ScoutPoi @ Kopachi (+196 RU)
[10:28:38] [GOAL] Alexei achieved CompleteMission
[10:28:38] [TASK] Vasyl → TurnInMission [ScoutPoi] (goal=CompleteMission)
[10:28:38] [MISSION] Vasyl turned in ScoutPoi @ Cordon (+160 RU)
[10:28:38] [GOAL] Vasyl achieved CompleteMission
[10:28:38] [TASK] Ivan → TurnInMission [ScoutPoi] (goal=CompleteMission)
[10:28:38] [MISSION] Ivan turned in ScoutPoi @ Rostok (+190 RU)
[10:28:38] [GOAL] Ivan achieved CompleteMission
[10:28:38] [TASK] Viktor → TurnInMission [ScoutPoi] (goal=CompleteMission)
[10:28:38] [MISSION] Viktor turned in ScoutPoi @ Limansk (+190 RU)
[10:28:38] [GOAL] Viktor achieved CompleteMission
[10:28:38] [TASK] Oleg → TurnInMission [ScoutPoi] (goal=CompleteMission)
[10:28:38] [MISSION] Oleg turned in ScoutPoi @ Zalissya (+184 RU)
[10:28:38] [GOAL] Oleg achieved CompleteMission
[10:28:38] [TASK] Alexei → TurnInMission [ScoutPoi] (goal=CompleteMission)
[10:28:38] [MISSION] Alexei turned in ScoutPoi @ Red Forest (+196 RU)
[10:28:38] [GOAL] Alexei achieved CompleteMission
[10:28:38] [TASK] Andrei → TurnInMission [ScoutPoi] (goal=CompleteMission)
[10:28:38] [MISSION] Andrei turned in ScoutPoi @ Garbage (+196 RU)
[10:28:38] [GOAL] Andrei achieved CompleteMission
[10:28:38] [TASK] Serhiy → TurnInMission [ScoutPoi] (goal=CompleteMission)
[10:28:38] [MISSION] Serhiy turned in ScoutPoi @ Kopachi (+196 RU)
[10:28:38] [GOAL] Serhiy achieved CompleteMission
[10:28:38] [TASK] Taras → TurnInMission [ScoutPoi] (goal=CompleteMission)
[10:28:38] [MISSION] Taras turned in ScoutPoi @ Radar (Brain Scorcher) (+236 RU)
[10:28:38] [GOAL] Taras achieved CompleteMission
[10:28:38] [TASK] Ivan → TurnInMission [ScoutPoi] (goal=CompleteMission)
[10:28:38] [MISSION] Ivan turned in ScoutPoi @ Red Forest (+196 RU)
[10:28:38] [GOAL] Ivan achieved CompleteMission
[10:28:38] [TASK] Mikhail → TurnInMission [ScoutPoi] (goal=CompleteMission)
[10:28:38] [MISSION] Mikhail turned in ScoutPoi @ Red Forest (+196 RU)
[10:28:38] [GOAL] Mikhail achieved CompleteMission
[10:28:38] [TASK] Ivan → TurnInMission [ScoutPoi] (goal=CompleteMission)
[10:28:38] [MISSION] Ivan turned in ScoutPoi @ Cordon (+160 RU)
[10:28:38] [GOAL] Ivan achieved CompleteMission
[10:28:38] [TASK] Bohdan → TurnInMission [ScoutPoi] (goal=CompleteMission)
[10:28:38] [MISSION] Bohdan turned in ScoutPoi @ Garbage (+196 RU)
[10:28:38] [GOAL] Bohdan achieved CompleteMission
[10:28:38] [TASK] Taras → TurnInMission [ScoutPoi] (goal=CompleteMission)
[10:28:38] [MISSION] Taras turned in ScoutPoi @ Wild Territory (+164 RU)
[10:28:38] [GOAL] Taras achieved CompleteMission
[10:28:38] [TASK] Dmytro → TurnInMission [ScoutPoi] (goal=CompleteMission)
[10:28:38] [MISSION] Dmytro turned in ScoutPoi @ Chernobyl Town (+200 RU)
[10:28:38] [GOAL] Dmytro achieved CompleteMission
[10:28:38] [TASK] Armen → TurnInMission [ScoutPoi] (goal=CompleteMission)
[10:28:38] [MISSION] Armen turned in ScoutPoi @ Zalissya (+184 RU)
[10:28:38] [GOAL] Armen achieved CompleteMission
[10:28:38] [TASK] Andriy → TurnInMission [ScoutPoi] (goal=CompleteMission)
[10:28:38] [MISSION] Andriy turned in ScoutPoi @ Cordon (+160 RU)
[10:28:38] [GOAL] Andriy achieved CompleteMission
[10:28:38] [TASK] Taras → TurnInMission [ScoutPoi] (goal=CompleteMission)
[10:28:38] [MISSION] Taras turned in ScoutPoi @ Meadow (+164 RU)
[10:28:38] [GOAL] Taras achieved CompleteMission
[10:28:38] [TASK] Igor → TurnInMission [ScoutPoi] (goal=CompleteMission)
[10:28:38] [MISSION] Igor turned in ScoutPoi @ Meadow (+164 RU)
[10:28:38] [GOAL] Igor achieved CompleteMission
[10:28:38] [TASK] Dmitri → TurnInMission [ScoutPoi] (goal=CompleteMission)
[10:28:38] [MISSION] Dmitri turned in ScoutPoi @ Wild Territory (+164 RU)
[10:28:38] [GOAL] Dmitri achieved CompleteMission
[10:28:38] [TASK] Igor → TurnInMission [ScoutPoi] (goal=CompleteMission)
[10:28:38] [MISSION] Igor turned in ScoutPoi @ Wild Territory (+164 RU)
[10:28:38] [GOAL] Igor achieved CompleteMission
[10:28:38] [TASK] Lukash → TurnInMission [ScoutPoi] (goal=CompleteMission)
[10:28:38] [MISSION] Lukash turned in ScoutPoi @ Army Warehouses (+230 RU)
[10:28:38] [GOAL] Lukash achieved CompleteMission
[10:28:38] [TASK] Sidorovich → TurnInMission [ScoutPoi] (goal=CompleteMission)
[10:28:38] [MISSION] Sidorovich turned in ScoutPoi @ Cordon (+160 RU)
[10:28:38] [GOAL] Sidorovich achieved CompleteMission
[10:28:38] [MISSION] Nikolai accepted ScoutPoi @ Zaton (184 RU)
[10:28:38] [TASK] Nikolai → AcceptMission [ScoutPoi] (goal=AcceptMission)
[10:28:38] [GOAL] Nikolai achieved AcceptMission
[10:28:38] [MISSION] Mykola accepted ScoutPoi @ Cordon (160 RU)
[10:28:38] [TASK] Mykola → AcceptMission [ScoutPoi] (goal=AcceptMission)
[10:28:38] [GOAL] Mykola achieved AcceptMission
[10:28:38] [MISSION] Armen accepted ScoutPoi @ Meadow (164 RU)
[10:28:38] [TASK] Armen → AcceptMission [ScoutPoi] (goal=AcceptMission)
[10:28:38] [GOAL] Armen achieved AcceptMission
[10:28:38] [MISSION] Viktor accepted ScoutPoi @ Army Warehouses (230 RU)
[10:28:38] [TASK] Viktor → AcceptMission [ScoutPoi] (goal=AcceptMission)
[10:28:38] [GOAL] Viktor achieved AcceptMission
[10:28:38] [MISSION] Ivan accepted ScoutPoi @ Meadow (164 RU)
[10:28:38] [TASK] Ivan → AcceptMission [ScoutPoi] (goal=AcceptMission)
[10:28:38] [GOAL] Ivan achieved AcceptMission
[10:28:38] [MISSION] Serhiy accepted ScoutPoi @ Wild Territory (164 RU)
[10:28:38] [TASK] Serhiy → AcceptMission [ScoutPoi] (goal=AcceptMission)
[10:28:38] [GOAL] Serhiy achieved AcceptMission
[10:28:38] [MISSION] Andrei accepted ScoutPoi @ Jupiter (Pripyat Industrial) (236 RU)
[10:28:38] [TASK] Andrei → AcceptMission [ScoutPoi] (goal=AcceptMission)
[10:28:38] [GOAL] Andrei achieved AcceptMission
[10:28:38] [MISSION] Zura accepted ScoutPoi @ Rostok (190 RU)
[10:28:38] [TASK] Zura → AcceptMission [ScoutPoi] (goal=AcceptMission)
[10:28:38] [GOAL] Zura achieved AcceptMission
[10:28:38] [MISSION] Alexei accepted ScoutPoi @ Kopachi (196 RU)
[10:28:38] [TASK] Alexei → AcceptMission [ScoutPoi] (goal=AcceptMission)
[10:28:38] [GOAL] Alexei achieved AcceptMission
[10:28:38] [MISSION] Vasyl accepted ScoutPoi @ Cordon (160 RU)
[10:28:38] [TASK] Vasyl → AcceptMission [ScoutPoi] (goal=AcceptMission)
[10:28:38] [GOAL] Vasyl achieved AcceptMission
[10:28:38] [MISSION] Ivan accepted ScoutPoi @ Rostok (190 RU)
[10:28:38] [TASK] Ivan → AcceptMission [ScoutPoi] (goal=AcceptMission)
[10:28:38] [GOAL] Ivan achieved AcceptMission
[10:28:38] [MISSION] Viktor accepted ScoutPoi @ Limansk (190 RU)
[10:28:38] [TASK] Viktor → AcceptMission [ScoutPoi] (goal=AcceptMission)
[10:28:38] [GOAL] Viktor achieved AcceptMission
[10:28:38] [MISSION] Oleg accepted ScoutPoi @ Zalissya (184 RU)
[10:28:38] [TASK] Oleg → AcceptMission [ScoutPoi] (goal=AcceptMission)
[10:28:38] [GOAL] Oleg achieved AcceptMission
[10:28:38] [MISSION] Alexei accepted ScoutPoi @ Red Forest (196 RU)
[10:28:38] [TASK] Alexei → AcceptMission [ScoutPoi] (goal=AcceptMission)
[10:28:38] [GOAL] Alexei achieved AcceptMission
[10:28:38] [MISSION] Andrei accepted ScoutPoi @ Garbage (196 RU)
[10:28:38] [TASK] Andrei → AcceptMission [ScoutPoi] (goal=AcceptMission)
[10:28:38] [GOAL] Andrei achieved AcceptMission
[10:28:38] [MISSION] Serhiy accepted ScoutPoi @ Kopachi (196 RU)
[10:28:38] [TASK] Serhiy → AcceptMission [ScoutPoi] (goal=AcceptMission)
[10:28:38] [GOAL] Serhiy achieved AcceptMission
[10:28:38] [MISSION] Taras accepted ScoutPoi @ Radar (Brain Scorcher) (236 RU)
[10:28:38] [TASK] Taras → AcceptMission [ScoutPoi] (goal=AcceptMission)
[10:28:38] [GOAL] Taras achieved AcceptMission
[10:28:38] [MISSION] Ivan accepted ScoutPoi @ Red Forest (196 RU)
[10:28:38] [TASK] Ivan → AcceptMission [ScoutPoi] (goal=AcceptMission)
[10:28:38] [GOAL] Ivan achieved AcceptMission
[10:28:38] [MISSION] Mikhail accepted ScoutPoi @ Red Forest (196 RU)
[10:28:38] [TASK] Mikhail → AcceptMission [ScoutPoi] (goal=AcceptMission)
[10:28:38] [GOAL] Mikhail achieved AcceptMission
[10:28:38] [MISSION] Ivan accepted ScoutPoi @ Cordon (160 RU)
[10:28:38] [TASK] Ivan → AcceptMission [ScoutPoi] (goal=AcceptMission)
[10:28:38] [GOAL] Ivan achieved AcceptMission
[10:28:38] [MISSION] Bohdan accepted ScoutPoi @ Garbage (196 RU)
[10:28:38] [TASK] Bohdan → AcceptMission [ScoutPoi] (goal=AcceptMission)
[10:28:38] [GOAL] Bohdan achieved AcceptMission
[10:28:38] [MISSION] Taras accepted ScoutPoi @ Wild Territory (164 RU)
[10:28:38] [TASK] Taras → AcceptMission [ScoutPoi] (goal=AcceptMission)
[10:28:38] [GOAL] Taras achieved AcceptMission
[10:28:38] [MISSION] Dmytro accepted ScoutPoi @ Chernobyl Town (200 RU)
[10:28:38] [TASK] Dmytro → AcceptMission [ScoutPoi] (goal=AcceptMission)
[10:28:38] [GOAL] Dmytro achieved AcceptMission
[10:28:38] [MISSION] Armen accepted ScoutPoi @ Zalissya (184 RU)
[10:28:38] [TASK] Armen → AcceptMission [ScoutPoi] (goal=AcceptMission)
[10:28:38] [GOAL] Armen achieved AcceptMission
[10:28:38] [MISSION] Andriy accepted ScoutPoi @ Cordon (160 RU)
[10:28:38] [TASK] Andriy → AcceptMission [ScoutPoi] (goal=AcceptMission)
[10:28:38] [GOAL] Andriy achieved AcceptMission
[10:28:38] [MISSION] Taras accepted ScoutPoi @ Meadow (164 RU)
[10:28:38] [TASK] Taras → AcceptMission [ScoutPoi] (goal=AcceptMission)
[10:28:38] [GOAL] Taras achieved AcceptMission
[10:28:38] [MISSION] Igor accepted ScoutPoi @ Meadow (164 RU)
[10:28:38] [TASK] Igor → AcceptMission [ScoutPoi] (goal=AcceptMission)
[10:28:38] [GOAL] Igor achieved AcceptMission
[10:28:38] [MISSION] Dmitri accepted ScoutPoi @ Wild Territory (164 RU)
[10:28:38] [TASK] Dmitri → AcceptMission [ScoutPoi] (goal=AcceptMission)
[10:28:38] [GOAL] Dmitri achieved AcceptMission
[10:28:38] [MISSION] Igor accepted ScoutPoi @ Wild Territory (164 RU)
[10:28:38] [TASK] Igor → AcceptMission [ScoutPoi] (goal=AcceptMission)
[10:28:38] [GOAL] Igor achieved AcceptMission
[10:28:38] [MISSION] Lukash accepted ScoutPoi @ Army Warehouses (230 RU)
[10:28:38] [TASK] Lukash → AcceptMission [ScoutPoi] (goal=AcceptMission)
[10:28:38] [GOAL] Lukash achieved AcceptMission
[10:28:38] [MISSION] Sidorovich accepted ScoutPoi @ Cordon (160 RU)
[10:28:38] [TASK] Sidorovich → AcceptMission [ScoutPoi] (goal=AcceptMission)
[10:28:38] [GOAL] Sidorovich achieved AcceptMission
[10:28:41] [COMBAT] Tobias Bondarenko 'Wolf' killed Vasyl Shevchenko 'Jackal' using wpn_l96a1
[10:28:41] [GEAR] Tobias looted [wpn_gauss, wpn_mp5, arm_seva] via combat
[10:28:42] [INBOUND] Initial +2 stalkers, +1 mutants (remaining S=1260 M=844)
[10:28:42] [MISSION] Taras accepted ScoutPoi @ Red Forest (196 RU)
[10:28:42] [TASK] Taras → AcceptMission [ScoutPoi] (goal=AcceptMission)
[10:28:42] [GOAL] Taras achieved AcceptMission
[10:28:43] [COMBAT] Mikhail Ivanov 'Spark' killed Lurker using wpn_mp5
[10:28:43] [INBOUND] Initial +2 stalkers, +2 mutants (remaining S=1258 M=842)
[10:28:43] [TASK] Igor → TurnInMission [ScoutPoi] (goal=CompleteMission)
[10:28:43] [MISSION] Igor turned in ScoutPoi @ Rostok (+190 RU)
[10:28:43] [GOAL] Igor achieved CompleteMission
[10:28:43] [MISSION] Yuriy accepted ScoutPoi @ Meadow (164 RU)
[10:28:43] [TASK] Yuriy → AcceptMission [ScoutPoi] (goal=AcceptMission)
[10:28:43] [GOAL] Yuriy achieved AcceptMission
[10:28:43] [MISSION] Igor accepted ScoutPoi @ Rostok (190 RU)
[10:28:43] [TASK] Igor → AcceptMission [ScoutPoi] (goal=AcceptMission)
[10:28:43] [GOAL] Igor achieved AcceptMission
[10:28:44] [INBOUND] Initial +2 stalkers, +1 mutants (remaining S=1256 M=841)
[10:28:44] [MISSION] Sergei accepted ScoutPoi @ Truck Cemetery (210 RU)
[10:28:44] [TASK] Sergei → AcceptMission [ScoutPoi] (goal=AcceptMission)
[10:28:44] [GOAL] Sergei achieved AcceptMission
[10:28:45] [COMBAT] Armen Petrov 'Phantom' killed Lurker using wpn_toz34
[10:28:45] [INBOUND] Initial +2 stalkers, +2 mutants (remaining S=1254 M=839)
[10:28:45] [MISSION] Alexei accepted ScoutPoi @ Chernobyl Town (200 RU)
[10:28:45] [TASK] Alexei → AcceptMission [ScoutPoi] (goal=AcceptMission)
[10:28:45] [GOAL] Alexei achieved AcceptMission
[10:28:46] [INBOUND] Initial +2 stalkers, +1 mutants (remaining S=1252 M=838)
[10:28:48] [INBOUND] Initial +2 stalkers, +1 mutants (remaining S=1250 M=837)
[10:28:48] [COMBAT] Yuriy Popov 'Bone' killed Oleg Popov 'Ash' using wpn_gauss
[10:28:48] [COMBAT] Serhiy Petrov 'Jackal' killed Tushkano using wpn_g36
[10:28:48] [COMBAT] Pavel Shevchenko 'Bullet' killed Snork using wpn_ak74
[10:28:48] [COMBAT] Andrei Volkov 'Ash' killed Sergei Petrov 'Wolf' using wpn_g36
[10:28:48] [GEAR] Andrei looted [wpn_fort12] via combat
[10:28:48] [MISSION] Bohdan accepted ScoutPoi @ Zalissya (184 RU)
[10:28:48] [TASK] Bohdan → AcceptMission [ScoutPoi] (goal=AcceptMission)
[10:28:48] [GOAL] Bohdan achieved AcceptMission
[10:28:49] [INBOUND] Initial +2 stalkers, +2 mutants (remaining S=1248 M=835)
[10:28:49] [COMBAT] Andrei Sokolov 'Razor' killed Chimera using wpn_pkm
[10:28:49] [COMBAT] Igor Bondarenko 'Shadow' killed Igor Sokolov 'Scar' using wpn_ak74
[10:28:49] [GEAR] Igor looted [helm_helm_battle] via combat
[10:28:49] [COMBAT] Andriy Petrenko 'Scar' killed Serhiy Volkov 'Mole' using wpn_mp5
[10:28:49] [GEAR] Andriy looted [arm_exo, helm_exo] via combat
[10:28:50] [INBOUND] Initial +3 stalkers, +1 mutants (remaining S=1245 M=834)
[10:28:50] [COMBAT] Pavel Shevchenko 'Crow' killed Boar using wpn_sg550
[10:28:51] [INBOUND] Initial +2 stalkers, +2 mutants (remaining S=1243 M=832)
[10:28:51] [MISSION] Heinrich accepted ScoutPoi @ Dead City (Chernobyl-2 Settlement) (190 RU)
[10:28:51] [TASK] Heinrich → AcceptMission [ScoutPoi] (goal=AcceptMission)
[10:28:51] [GOAL] Heinrich achieved AcceptMission
[10:28:51] [COMBAT] Serhiy Ivanov 'Ash' killed Bloodsucker using wpn_ak74
[10:28:52] [COMBAT] Nikolai Ivanov 'Phantom' killed Pseudodog using wpn_ak74
[10:28:52] [INBOUND] Initial +2 stalkers, +1 mutants (remaining S=1241 M=831)
[10:28:53] [INBOUND] Initial +2 stalkers, +1 mutants (remaining S=1239 M=830)
[10:28:53] [COMBAT] Timur Petrov 'Badger' killed Rat using wpn_rg6
[10:28:53] [COMBAT] Dmitri Petrov 'Shadow' killed Andriy Petrenko 'Razor' using wpn_vintorez
[10:28:53] [GEAR] Dmitri looted [wpn_pb] via combat
[10:28:54] [TASK] Andrei → TradeRun [poi_macro_1] (goal=VisitTrader)
[10:28:54] [GOAL] Andrei achieved VisitTrader
[10:28:54] [MISSION] Andrei accepted ScoutPoi @ Cordon (160 RU)
[10:28:54] [TASK] Andrei → AcceptMission [ScoutPoi] (goal=AcceptMission)
[10:28:54] [GOAL] Andrei achieved AcceptMission
[10:28:54] [INBOUND] Initial +2 stalkers, +2 mutants (remaining S=1237 M=828)
[10:28:54] [MISSION] Oleg accepted ScoutPoi @ Kopachi (196 RU)
[10:28:54] [TASK] Oleg → AcceptMission [ScoutPoi] (goal=AcceptMission)
[10:28:54] [GOAL] Oleg achieved AcceptMission
[10:28:55] [COMBAT] Sergei Bondarenko 'Jackal' killed Nikolai Sokolov 'Phantom' using wpn_pkm
[10:28:55] [GEAR] Sergei looted [wpn_pb] via combat
[10:28:55] [INBOUND] Initial +2 stalkers, +1 mutants (remaining S=1235 M=827)
[10:28:55] [MISSION] Taras accepted ScoutPoi @ Sarcophagus (184 RU)
[10:28:55] [TASK] Taras → AcceptMission [ScoutPoi] (goal=AcceptMission)
[10:28:55] [GOAL] Taras achieved AcceptMission
[10:28:56] [COMBAT] Taras Petrenko 'Badger' killed Andrei Petrov 'Scar' using wpn_pkm
[10:28:56] [GEAR] Taras looted [wpn_pkm, wpn_fort12, helm_helm_ach7ex] via combat
[10:28:56] [COMBAT] Yuriy Shevchenko 'Razor' killed Pseudodog using wpn_mp5
[10:28:56] [COMBAT] Andriy Kovalenko 'Ash' killed Fracture using wpn_ak74
[10:28:57] [INBOUND] Initial +2 stalkers, +1 mutants (remaining S=1233 M=826)
[10:28:57] [MISSION] Frank accepted ScoutPoi @ Buriakivka Waste Site (160 RU)
[10:28:57] [TASK] Frank → AcceptMission [ScoutPoi] (goal=AcceptMission)
[10:28:57] [GOAL] Frank achieved AcceptMission
[10:28:57] [COMBAT] Viktor Volkov 'Badger' killed Lurker using wpn_gauss
[10:28:57] [COMBAT] Bohdan Volkov 'Shadow' killed Flesh using wpn_mp5
[10:28:58] [INBOUND] Initial +2 stalkers, +2 mutants (remaining S=1231 M=824)
[10:28:58] [MISSION] Giorgi accepted ScoutPoi @ Buriakivka Waste Site (160 RU)
[10:28:58] [TASK] Giorgi → AcceptMission [ScoutPoi] (goal=AcceptMission)
[10:28:58] [GOAL] Giorgi achieved AcceptMission
[10:28:59] [INBOUND] Initial +2 stalkers, +1 mutants (remaining S=1229 M=823)
[10:28:59] [MISSION] Alexei accepted ScoutPoi @ Sarcophagus (184 RU)
[10:28:59] [TASK] Alexei → AcceptMission [ScoutPoi] (goal=AcceptMission)
[10:28:59] [GOAL] Alexei achieved AcceptMission
[10:29:00] [COMBAT] Andrei Sokolov 'Razor' killed Poltergeist using wpn_pkm
[10:29:00] [INBOUND] Initial +2 stalkers, +2 mutants (remaining S=1227 M=821)
[10:29:00] [MISSION] Nodar accepted ScoutPoi @ Kopachi (196 RU)
[10:29:00] [TASK] Nodar → AcceptMission [ScoutPoi] (goal=AcceptMission)
[10:29:00] [GOAL] Nodar achieved AcceptMission
[10:29:00] [COMBAT] Andrei Kovalenko 'Phantom' killed PsyDog using wpn_ak74
[10:29:01] [INBOUND] Initial +2 stalkers, +1 mutants (remaining S=1225 M=820)
[10:29:01] [MISSION] Vasyl accepted ScoutPoi @ Sarcophagus (184 RU)
[10:29:01] [TASK] Vasyl → AcceptMission [ScoutPoi] (goal=AcceptMission)
[10:29:01] [GOAL] Vasyl achieved AcceptMission
[10:29:02] [COMBAT] Serhiy Ivanov 'Badger' killed Fracture using wpn_mp5
[10:29:02] [INBOUND] Initial +2 stalkers, +1 mutants (remaining S=1223 M=819)
[10:29:02] [MISSION] Andrei accepted ScoutPoi @ Wild Territory (164 RU)
[10:29:02] [TASK] Andrei → AcceptMission [ScoutPoi] (goal=AcceptMission)
[10:29:02] [GOAL] Andrei achieved AcceptMission
[10:29:03] [COMBAT] Giorgi Petrov 'Stitch' killed Bloodsucker using wpn_gauss
[10:29:04] [INBOUND] Initial +2 stalkers, +2 mutants (remaining S=1221 M=817)
[10:29:04] [MISSION] Yuriy accepted ScoutPoi @ Great Swamps (168 RU)
[10:29:04] [TASK] Yuriy → AcceptMission [ScoutPoi] (goal=AcceptMission)
[10:29:04] [GOAL] Yuriy achieved AcceptMission
[10:29:04] [COMBAT] Viktor Sokolov 'Mole' killed Ivan Bondarenko 'Scar' using wpn_l96a1
[10:29:04] [GEAR] Viktor looted [wpn_ak74, arm_duty, helm_helm_battle] via combat
[10:29:04] [COMBAT] Bohdan Popov 'Ghost' killed PsyDog using wpn_pkm
[10:29:05] [INBOUND] Initial +2 stalkers, +1 mutants (remaining S=1219 M=816)
[10:29:05] [MISSION] Dmytro accepted ScoutPoi @ Yantar (236 RU)
[10:29:05] [TASK] Dmytro → AcceptMission [ScoutPoi] (goal=AcceptMission)
[10:29:05] [GOAL] Dmytro achieved AcceptMission
[10:29:05] [COMBAT] Viktor Shevchenko 'Crow' killed Flesh using wpn_sg550
[10:29:06] [INBOUND] Initial +3 stalkers, +2 mutants (remaining S=1216 M=814)
[10:29:06] [SNAPSHOT] real=2.5min game=D0 00:06 alive S=161 M=125 corpses=280 lootable=115 gammaGear out=73 helm=143 avgRU=893 leaderGoals trade=0 mission=38 emission=Dormant nextIn=98gmin desperate=0 hungry=0 interval deaths=33 combats=53 tasks=140 gearLoot=8 gearBuy=0 missions=83 corpseDespawn=0 trickleSpawns=0 ranks=[Rookie:149,Trainee:12] goals=[CompleteMission::36,Idle:31,Traveling:18,AcceptMission::2] leaders: Mikhail[Rookie/AcceptMission:], Vasyl[Rookie/AcceptMission:], Frank[Rookie/CompleteMission:], Taras[Rookie/CompleteMission:], Vasyl[Rookie/CompleteMission:]
[10:29:06] [MISSION] Mikhail accepted ScoutPoi @ Wild Territory (164 RU)
[10:29:06] [TASK] Mikhail → AcceptMission [ScoutPoi] (goal=AcceptMission)
[10:29:06] [GOAL] Mikhail achieved AcceptMission
[10:29:06] [MISSION] Vasyl accepted ScoutPoi @ Red Forest (196 RU)
[10:29:06] [TASK] Vasyl → AcceptMission [ScoutPoi] (goal=AcceptMission)
[10:29:06] [GOAL] Vasyl achieved AcceptMission
[10:29:07] [INBOUND] Initial +2 stalkers, +1 mutants (remaining S=1214 M=813)
[10:29:07] [MISSION] Dmytro accepted ScoutPoi @ Cordon (160 RU)
[10:29:07] [TASK] Dmytro → AcceptMission [ScoutPoi] (goal=AcceptMission)
[10:29:07] [GOAL] Dmytro achieved AcceptMission
[10:29:07] [MISSION] Lars accepted ScoutPoi @ Truck Cemetery (210 RU)
[10:29:07] [TASK] Lars → AcceptMission [ScoutPoi] (goal=AcceptMission)
[10:29:07] [GOAL] Lars achieved AcceptMission
[10:29:08] [COMBAT] Dmytro Ivanov 'Wolf' killed Nikolai Volkov 'Raven' using wpn_spas12
[10:29:08] [GEAR] Dmytro looted [wpn_lr300, out_cs_light_outfit, helm_helm_respirator] via combat
[10:29:08] [COMBAT] Andrei Volkov 'Ash' killed Bloodsucker using wpn_g36
[10:29:08] [INBOUND] Initial +2 stalkers, +1 mutants (remaining S=1212 M=812)
[10:29:08] [MISSION] Bohdan accepted ScoutPoi @ Zalissya (184 RU)
[10:29:08] [TASK] Bohdan → AcceptMission [ScoutPoi] (goal=AcceptMission)
[10:29:08] [GOAL] Bohdan achieved AcceptMission
[10:29:09] [COMBAT] Nikolai Ivanov 'Bone' killed Mikhail Kovalenko 'Scar' using wpn_p90
[10:29:09] [GEAR] Nikolai looted [wpn_vintorez, helm_gas] via combat
[10:29:09] [COMBAT] Ivan Kovalenko 'Scar' killed Flesh using wpn_ak74
[10:29:10] [INBOUND] Initial +2 stalkers, +2 mutants (remaining S=1210 M=810)
[10:29:10] [MISSION] Giorgi accepted ScoutPoi @ Chernobyl Town (200 RU)
[10:29:10] [TASK] Giorgi → AcceptMission [ScoutPoi] (goal=AcceptMission)
[10:29:10] [GOAL] Giorgi achieved AcceptMission
[10:29:10] [COMBAT] Andrei Volkov 'Ash' killed Burer using wpn_pm
[10:29:10] [COMBAT] Viktor Kovalenko 'Crow' killed Snork using wpn_aksu
[10:29:11] [INBOUND] Initial +2 stalkers, +1 mutants (remaining S=1208 M=809)
[10:29:11] [MISSION] Damir accepted ScoutPoi @ Duga Radar (210 RU)
[10:29:11] [TASK] Damir → AcceptMission [ScoutPoi] (goal=AcceptMission)
[10:29:11] [GOAL] Damir achieved AcceptMission
[10:29:11] [COMBAT] Karl Shevchenko 'Stitches' killed Pavel Shevchenko 'Crow' using wpn_m4a1
[10:29:11] [GEAR] Karl looted [arm_duty, helm_tactic] via combat
[10:29:11] [COMBAT] Viktor Volkov 'Badger' killed Lurker using wpn_gauss
[10:29:12] [INBOUND] Initial +2 stalkers, +2 mutants (remaining S=1206 M=807)
[10:29:12] [MISSION] Heinrich accepted ScoutPoi @ Buriakivka Waste Site (160 RU)
[10:29:12] [TASK] Heinrich → AcceptMission [ScoutPoi] (goal=AcceptMission)
[10:29:12] [GOAL] Heinrich achieved AcceptMission
[10:29:12] [COMBAT] Frank Petrenko 'Raven' killed Lurker using wpn_val
[10:29:13] [COMBAT] Andrei Bondarenko 'Phantom' killed Dog using wpn_aksu
[10:29:13] [INBOUND] Initial +2 stalkers, +1 mutants (remaining S=1204 M=806)
[10:29:13] [MISSION] Serhiy accepted ScoutPoi @ Rostok (190 RU)
[10:29:13] [TASK] Serhiy → AcceptMission [ScoutPoi] (goal=AcceptMission)
[10:29:13] [GOAL] Serhiy achieved AcceptMission
[10:29:14] [COMBAT] Nodar Petrov 'Viper' killed Andriy Melnyk 'Viper' using wpn_mp5
[10:29:14] [GEAR] Nodar looted [wpn_ak74, arm_exo, helm_helm_tactic] via combat
[10:29:14] [INBOUND] Initial +2 stalkers, +1 mutants (remaining S=1202 M=805)
[10:29:14] [COMBAT] Oleksiy Ivanov 'Crow' killed Bloodsucker using wpn_pkm
[10:29:14] [COMBAT] Mikhail Bondarenko 'Badger' killed Burer using wpn_gauss
[10:29:15] [COMBAT] Oleg Melnyk 'Spark' killed Tobias Ivanov 'Broken Nose' using wpn_pm
[10:29:15] [GEAR] Oleg looted [wpn_bm16] via combat
[10:29:15] [COMBAT] Bohdan Petrov 'Wolf' killed Poltergeist using wpn_vintorez
[10:29:15] [INBOUND] Initial +2 stalkers, +2 mutants (remaining S=1200 M=803)
[10:29:15] [MISSION] Nikolai accepted ScoutPoi @ Wild Territory (164 RU)
[10:29:15] [TASK] Nikolai → AcceptMission [ScoutPoi] (goal=AcceptMission)
[10:29:15] [GOAL] Nikolai achieved AcceptMission
[10:29:16] [INBOUND] Initial +2 stalkers, +1 mutants (remaining S=1198 M=802)
[10:29:16] [MISSION] Jake accepted ScoutPoi @ Duga Radar (210 RU)
[10:29:16] [TASK] Jake → AcceptMission [ScoutPoi] (goal=AcceptMission)
[10:29:16] [GOAL] Jake achieved AcceptMission
[10:29:17] [COMBAT] Oleg Kovalenko 'Razor' killed Lurker using wpn_vintorez
[10:29:17] [INBOUND] Initial +2 stalkers, +1 mutants (remaining S=1196 M=801)
[10:29:17] [MISSION] Sergei accepted ScoutPoi @ Chernobyl Town (200 RU)
[10:29:17] [TASK] Sergei → AcceptMission [ScoutPoi] (goal=AcceptMission)
[10:29:17] [GOAL] Sergei achieved AcceptMission
[10:29:18] [COMBAT] Taras Petrenko 'Badger' killed Alexei Petrov 'Jackal' using wpn_pkm
[10:29:18] [GEAR] Taras looted [wpn_sg550, helm_helm_exo] via combat
[10:29:18] [TASK] Serhiy → TradeRun [poi_macro_12] (goal=VisitTrader)
[10:29:18] [TRADE] Serhiy bought [helm_bandana] @ South
[10:29:18] [GOAL] Serhiy achieved VisitTrader
[10:29:18] [MISSION] Serhiy accepted ScoutPoi @ Rostok (190 RU)
[10:29:18] [TASK] Serhiy → AcceptMission [ScoutPoi] (goal=AcceptMission)
[10:29:18] [GOAL] Serhiy achieved AcceptMission
[10:29:19] [INBOUND] Initial +2 stalkers, +2 mutants (remaining S=1194 M=799)
[10:29:19] [MISSION] Dmytro accepted ScoutPoi @ Kopachi (196 RU)
[10:29:19] [TASK] Dmytro → AcceptMission [ScoutPoi] (goal=AcceptMission)
[10:29:19] [GOAL] Dmytro achieved AcceptMission
[10:29:19] [COMBAT] Lars Kovalenko 'Ghost' killed Dog using wpn_rg6
[10:29:20] [INBOUND] Initial +2 stalkers, +1 mutants (remaining S=1192 M=798)
[10:29:20] [MISSION] Damir accepted ScoutPoi @ Dark Valley (168 RU)
[10:29:20] [TASK] Damir → AcceptMission [ScoutPoi] (goal=AcceptMission)
[10:29:20] [GOAL] Damir achieved AcceptMission
[10:29:20] [COMBAT] Jake Sokolov 'Viper' killed Poltergeist using wpn_rg6
[10:29:20] [COMBAT] Bohdan Petrenko 'Jackal' killed Pseudodog using wpn_pkm
[10:29:21] [INBOUND] Initial +3 stalkers, +2 mutants (remaining S=1189 M=796)
[10:29:21] [MISSION] Serhiy accepted ScoutPoi @ Limansk (190 RU)
[10:29:21] [TASK] Serhiy → AcceptMission [ScoutPoi] (goal=AcceptMission)
[10:29:21] [GOAL] Serhiy achieved AcceptMission
[10:29:22] [COMBAT] Taras Volkov 'Fox' killed Bohdan Petrov 'One-Eye' using wpn_ak74
[10:29:22] [GEAR] Taras looted [wpn_pb, helm_helm_ppm88] via combat
[10:29:22] [MISSION] Connor accepted ScoutPoi @ Zalissya (184 RU)
[10:29:22] [TASK] Connor → AcceptMission [ScoutPoi] (goal=AcceptMission)
[10:29:22] [GOAL] Connor achieved AcceptMission
[10:29:22] [COMBAT] Sergei Shevchenko 'Stitch' killed Snork using wpn_fn2000
[10:29:22] [INBOUND] Initial +2 stalkers, +1 mutants (remaining S=1187 M=795)
[10:29:22] [MISSION] Dmitri accepted ScoutPoi @ Wild Territory (164 RU)
[10:29:22] [TASK] Dmitri → AcceptMission [ScoutPoi] (goal=AcceptMission)
[10:29:22] [GOAL] Dmitri achieved AcceptMission
[10:29:23] [COMBAT] Yuriy Kovalenko 'Scar' killed Snork using wpn_aksu
[10:29:23] [COMBAT] Ivan Kovalenko 'Scar' killed Tushkano using wpn_ak74
[10:29:23] [INBOUND] Initial +2 stalkers, +1 mutants (remaining S=1185 M=794)
[10:29:23] [MISSION] Andriy accepted ScoutPoi @ Cordon (160 RU)
[10:29:23] [TASK] Andriy → AcceptMission [ScoutPoi] (goal=AcceptMission)
[10:29:23] [GOAL] Andriy achieved AcceptMission
[10:29:24] [COMBAT] Vasyl Volkov 'Shadow' killed Bloodsucker using wpn_ak74
[10:29:25] [INBOUND] Initial +2 stalkers, +2 mutants (remaining S=1183 M=792)
[10:29:25] [MISSION] Andriy accepted ScoutPoi @ Zaton (184 RU)
[10:29:25] [TASK] Andriy → AcceptMission [ScoutPoi] (goal=AcceptMission)
[10:29:25] [GOAL] Andriy achieved AcceptMission
[10:29:25] [COMBAT] Oleksiy Sokolov 'Viper' killed Flesh using wpn_pkm
[10:29:25] [COMBAT] Barkeep killed Pseudodog using wpn_aek971
[10:29:25] [COMBAT] Connor Shevchenko 'Wolf' killed Bohdan Petrenko 'Spark' using wpn_rg6
[10:29:25] [GEAR] Connor looted [wpn_fort12] via combat
[10:29:26] [INBOUND] Initial +2 stalkers, +1 mutants (remaining S=1181 M=791)
[10:29:27] [INBOUND] Initial +2 stalkers, +2 mutants (remaining S=1179 M=789)
[10:29:27] [MISSION] Ivan accepted ScoutPoi @ Rostok (190 RU)
[10:29:27] [TASK] Ivan → AcceptMission [ScoutPoi] (goal=AcceptMission)
[10:29:27] [GOAL] Ivan achieved AcceptMission
[10:29:27] [COMBAT] Taras Shevchenko 'Viper' killed Fracture using wpn_ak74
[10:29:27] [COMBAT] Taras Sokolov 'Spark' killed Controller using wpn_vintorez
[10:29:28] [COMBAT] Andriy Kovalenko 'Ash' killed Nikolai Bondarenko 'Badger' using wpn_ak74
[10:29:28] [GEAR] Andriy looted [helm_helm_ach7] via combat
[10:29:28] [INBOUND] Initial +2 stalkers, +1 mutants (remaining S=1177 M=788)
[10:29:28] [MISSION] Oleg accepted ScoutPoi @ Yantar (236 RU)
[10:29:28] [TASK] Oleg → AcceptMission [ScoutPoi] (goal=AcceptMission)
[10:29:28] [GOAL] Oleg achieved AcceptMission
[10:29:28] [COMBAT] Viktor Sokolov 'Mole' killed Zura Volkov 'Razor' using wpn_ak74
[10:29:28] [GEAR] Viktor looted [wpn_m4a1, wpn_mp5, out_exo_outfit] via combat
[10:29:28] [COMBAT] Connor Ivanov 'Badger' killed Oleg Melnyk 'Spark' using wpn_bm16
[10:29:28] [GEAR] Connor looted [helm_helm_respirator_gp5] via combat
[10:29:28] [COMBAT] Bohdan Sokolov 'Phantom' killed Pavel Shevchenko 'Bullet' using wpn_pkm
[10:29:28] [GEAR] Bohdan looted [wpn_fort12, arm_duty] via combat
[10:29:29] [MISSION] Taras accepted ScoutPoi @ Zalissya (184 RU)
[10:29:29] [TASK] Taras → AcceptMission [ScoutPoi] (goal=AcceptMission)
[10:29:29] [GOAL] Taras achieved AcceptMission
[10:29:29] [INBOUND] Initial +2 stalkers, +1 mutants (remaining S=1175 M=787)
[10:29:29] [MISSION] Bohdan accepted ScoutPoi @ Zaton (184 RU)
[10:29:29] [TASK] Bohdan → AcceptMission [ScoutPoi] (goal=AcceptMission)
[10:29:29] [GOAL] Bohdan achieved AcceptMission
[10:29:29] [COMBAT] Dmytro Ivanov 'Wolf' killed Tobias Kovalenko 'Bullet' using wpn_lr300
[10:29:29] [GEAR] Dmytro looted [arm_seva, helm_helm_ach7ex] via combat
[10:29:30] [INBOUND] Initial +2 stalkers, +2 mutants (remaining S=1173 M=785)
[10:29:30] [MISSION] Mykola accepted ScoutPoi @ Chistogalovka (236 RU)
[10:29:30] [TASK] Mykola → AcceptMission [ScoutPoi] (goal=AcceptMission)
[10:29:30] [GOAL] Mykola achieved AcceptMission
[10:29:31] [COMBAT] Frank Petrenko 'Raven' killed Boar using wpn_val
[10:29:31] [COMBAT] Sean Petrenko 'One-Eye' killed Vasyl Volkov 'Viper' using wpn_rg6
[10:29:31] [GEAR] Sean looted [wpn_fn2000, out_monolith_exolight_outfit] via combat
[10:29:31] [INBOUND] Initial +2 stalkers, +1 mutants (remaining S=1171 M=784)
[10:29:32] [COMBAT] Serhiy Volkov 'Wolf' killed Tushkano using wpn_lr300
[10:29:32] [COMBAT] Serhiy Ivanov 'Badger' killed Nikolai Kovalenko 'Crow' using wpn_mp5
[10:29:32] [GEAR] Serhiy looted [wpn_vintorez, out_monolith_proto_exo_outfit, helm_gas] via combat
[10:29:32] [COMBAT] Lars Kovalenko 'Ghost' killed Rat using wpn_rg6
[10:29:32] [INBOUND] Initial +2 stalkers, +2 mutants (remaining S=1169 M=782)
[10:29:32] [MISSION] Ivan accepted ScoutPoi @ Cordon (160 RU)
[10:29:32] [TASK] Ivan → AcceptMission [ScoutPoi] (goal=AcceptMission)
[10:29:32] [GOAL] Ivan achieved AcceptMission
[10:29:32] [COMBAT] Nikolai Sokolov 'Shadow' killed Oleg Kovalenko 'Razor' using wpn_svd
[10:29:32] [GEAR] Nikolai looted [wpn_vintorez, helm_helm_tactic] via combat
[10:29:33] [COMBAT] Mykola Volkov 'Phantom' killed PsyDog using wpn_pkm
[10:29:33] [COMBAT] Mykola Kovalenko 'Wolf' killed Rat using wpn_ak74
[10:29:33] [COMBAT] Marcus Melnyk 'Razor' killed Poltergeist using wpn_rg6
[10:29:33] [COMBAT] Giorgi Petrov 'Stitch' killed Snork using wpn_gauss
[10:29:34] [INBOUND] Initial +2 stalkers, +1 mutants (remaining S=1167 M=781)
[10:29:34] [MISSION] Sean accepted ScoutPoi @ Yantar (236 RU)
[10:29:34] [TASK] Sean → AcceptMission [ScoutPoi] (goal=AcceptMission)
[10:29:34] [GOAL] Sean achieved AcceptMission
[10:29:35] [INBOUND] Initial +2 stalkers, +1 mutants (remaining S=1165 M=780)
[10:29:35] [MISSION] Karl accepted ScoutPoi @ Buriakivka Waste Site (160 RU)
[10:29:35] [TASK] Karl → AcceptMission [ScoutPoi] (goal=AcceptMission)
[10:29:35] [GOAL] Karl achieved AcceptMission
[10:29:35] [COMBAT] Heinrich Volkov 'Jackal' killed PsyDog using wpn_mp5
[10:29:36] [INBOUND] Initial +3 stalkers, +2 mutants (remaining S=1162 M=778)
[10:29:36] [SNAPSHOT] real=3.0min game=D0 00:08 alive S=169 M=131 corpses=356 lootable=158 gammaGear out=79 helm=151 avgRU=883 leaderGoals trade=0 mission=53 emission=Dormant nextIn=96gmin desperate=0 hungry=0 interval deaths=46 combats=76 tasks=29 gearLoot=16 gearBuy=1 missions=28 corpseDespawn=0 trickleSpawns=0 ranks=[Rookie:158,Trainee:11] goals=[CompleteMission::52,Idle:30,Traveling:9,AcceptMission::1] leaders: Andriy[Rookie/CompleteMission:], Sergei[Rookie/Idle], Serhiy[Rookie/CompleteMission:], Heinrich[Rookie/CompleteMission:], Damir[Rookie/CompleteMission:]
[10:29:36] [MISSION] Bakhyt accepted ScoutPoi @ Kopachi (196 RU)
[10:29:36] [TASK] Bakhyt → AcceptMission [ScoutPoi] (goal=AcceptMission)
[10:29:36] [GOAL] Bakhyt achieved AcceptMission
[10:29:36] [COMBAT] Vasyl Melnyk 'Raven' killed Controller using wpn_gauss
[10:29:36] [COMBAT] Serhiy Ivanov 'Stitch' killed PsyDog using wpn_pkm
[10:29:37] [INBOUND] Initial +2 stalkers, +1 mutants (remaining S=1160 M=777)
[10:29:37] [MISSION] Lasha accepted ScoutPoi @ Radar (Brain Scorcher) (236 RU)
[10:29:37] [TASK] Lasha → AcceptMission [ScoutPoi] (goal=AcceptMission)
[10:29:37] [GOAL] Lasha achieved AcceptMission
[10:29:38] [COMBAT] Oleg Petrov 'Bullet' killed Lurker using wpn_aksu
[10:29:38] [COMBAT] Mykola Melnyk 'Wolf' killed Controller using wpn_pkm
[10:29:38] [COMBAT] Bohdan Kovalenko 'Jackal' killed Snork using wpn_ak74
[10:29:38] [COMBAT] Taras Ivanov 'Mole' killed Snork using wpn_fn2000
[10:29:38] [INBOUND] Initial +2 stalkers, +1 mutants (remaining S=1158 M=776)
[10:29:38] [COMBAT] Damir Bondarenko 'Fox' killed Poltergeist using wpn_fn2000
[10:29:38] [MISSION] Bohdan accepted ScoutPoi @ Dark Valley (168 RU)
[10:29:38] [TASK] Bohdan → AcceptMission [ScoutPoi] (goal=AcceptMission)
[10:29:38] [GOAL] Bohdan achieved AcceptMission
[10:29:39] [INBOUND] Initial +2 stalkers, +2 mutants (remaining S=1156 M=774)
[10:29:39] [COMBAT] Viktor Shevchenko 'Crow' killed Alexei Popov 'Bullet' using wpn_sg550
[10:29:39] [GEAR] Viktor looted [wpn_pm] via combat
[10:29:39] [MISSION] Mykola accepted ScoutPoi @ Dark Valley (168 RU)
[10:29:39] [TASK] Mykola → AcceptMission [ScoutPoi] (goal=AcceptMission)
[10:29:39] [GOAL] Mykola achieved AcceptMission
[10:29:40] [COMBAT] Jake Sokolov 'Viper' killed Dmitri Petrov 'Viper' using wpn_rg6
[10:29:40] [GEAR] Jake looted [wpn_vintorez] via combat
[10:29:40] [COMBAT] Bohdan Volkov 'Shadow' killed Rat using wpn_mp5
[10:29:41] [INBOUND] Initial +2 stalkers, +1 mutants (remaining S=1154 M=773)
[10:29:42] [INBOUND] Initial +2 stalkers, +2 mutants (remaining S=1152 M=771)
[10:29:42] [MISSION] Mikhail accepted ScoutPoi @ Buriakivka Waste Site (160 RU)
[10:29:42] [TASK] Mikhail → AcceptMission [ScoutPoi] (goal=AcceptMission)
[10:29:42] [GOAL] Mikhail achieved AcceptMission
[10:29:42] [COMBAT] Barkeep killed Boar using wpn_aek971
[10:29:42] [COMBAT] Viktor Melnyk 'Mole' killed PsyDog using wpn_gauss
[10:29:43] [INBOUND] Initial +2 stalkers, +1 mutants (remaining S=1150 M=770)
[10:29:43] [MISSION] Timur accepted ScoutPoi @ Great Swamps (168 RU)
[10:29:43] [TASK] Timur → AcceptMission [ScoutPoi] (goal=AcceptMission)
[10:29:43] [GOAL] Timur achieved AcceptMission
[10:29:43] [COMBAT] Heinrich Petrov 'Fox' killed Serhiy Sokolov 'Bone' using wpn_sg550
[10:29:43] [GEAR] Heinrich looted [wpn_aek971, arm_duty] via combat
[10:29:44] [INBOUND] Initial +2 stalkers, +1 mutants (remaining S=1148 M=769)
[10:29:44] [MISSION] Nodar accepted ScoutPoi @ Zaton (184 RU)
[10:29:44] [TASK] Nodar → AcceptMission [ScoutPoi] (goal=AcceptMission)
[10:29:44] [GOAL] Nodar achieved AcceptMission
[10:29:44] [RANK] Lars Kovalenko 'Ghost' → Trainee
[10:29:44] [COMBAT] Lars Kovalenko 'Ghost' killed Boar using wpn_rg6
[10:29:44] [COMBAT] Dmytro Melnyk 'Bullet' killed Snork using wpn_ak74
[10:29:45] [INBOUND] Initial +2 stalkers, +2 mutants (remaining S=1146 M=767)
[10:29:45] [MISSION] Oleksiy accepted ScoutPoi @ Rostok (190 RU)
[10:29:45] [TASK] Oleksiy → AcceptMission [ScoutPoi] (goal=AcceptMission)
[10:29:45] [GOAL] Oleksiy achieved AcceptMission
[10:29:46] [INBOUND] Initial +2 stalkers, +1 mutants (remaining S=1144 M=766)
[10:29:46] [MISSION] Serhiy accepted ScoutPoi @ Great Swamps (168 RU)
[10:29:46] [TASK] Serhiy → AcceptMission [ScoutPoi] (goal=AcceptMission)
[10:29:46] [GOAL] Serhiy achieved AcceptMission
[10:29:46] [COMBAT] Mikhail Kovalenko 'Mole' killed PsyDog using wpn_aksu
[10:29:46] [COMBAT] Ivan Melnyk 'Fox' killed Poltergeist using wpn_toz34
[10:29:46] [COMBAT] Sergei Petrov 'Razor' killed Bloodsucker using wpn_ak74
[10:29:47] [INBOUND] Initial +2 stalkers, +2 mutants (remaining S=1142 M=764)
[10:29:47] [MISSION] Ivan accepted ScoutPoi @ Garbage (196 RU)
[10:29:47] [TASK] Ivan → AcceptMission [ScoutPoi] (goal=AcceptMission)
[10:29:47] [GOAL] Ivan achieved AcceptMission
[10:29:48] [COMBAT] Oleg Petrov 'Bullet' killed Bloodsucker using wpn_aksu
[10:29:48] [COMBAT] Dmytro Petrenko 'Fox' killed Poltergeist using wpn_pkm
[10:29:48] [INBOUND] Initial +2 stalkers, +1 mutants (remaining S=1140 M=763)
[10:29:48] [MISSION] Bohdan accepted ScoutPoi @ Limansk (190 RU)
[10:29:48] [TASK] Bohdan → AcceptMission [ScoutPoi] (goal=AcceptMission)
[10:29:48] [GOAL] Bohdan achieved AcceptMission
[10:29:49] [INBOUND] Initial +2 stalkers, +1 mutants (remaining S=1138 M=762)
[10:29:49] [MISSION] Bohdan accepted ScoutPoi @ Meadow (164 RU)
[10:29:49] [TASK] Bohdan → AcceptMission [ScoutPoi] (goal=AcceptMission)
[10:29:49] [GOAL] Bohdan achieved AcceptMission
[10:29:51] [INBOUND] Initial +2 stalkers, +2 mutants (remaining S=1136 M=760)
[10:29:51] [MISSION] Nikolai accepted ScoutPoi @ Duga Radar (210 RU)
[10:29:51] [TASK] Nikolai → AcceptMission [ScoutPoi] (goal=AcceptMission)
[10:29:51] [GOAL] Nikolai achieved AcceptMission
[10:29:52] [INBOUND] Initial +3 stalkers, +1 mutants (remaining S=1133 M=759)
[10:29:52] [MISSION] Alexei accepted ScoutPoi @ Kopachi (196 RU)
[10:29:52] [TASK] Alexei → AcceptMission [ScoutPoi] (goal=AcceptMission)
[10:29:52] [GOAL] Alexei achieved AcceptMission
[10:29:52] [COMBAT] Serhiy Ivanov 'Badger' killed Andrei Shevchenko 'Viper' using wpn_vintorez
[10:29:52] [GEAR] Serhiy looted [helm_helm_spartan] via combat
[10:29:52] [COMBAT] Taras Volkov 'Fox' killed Burer using wpn_ak74
[10:29:53] [INBOUND] Initial +2 stalkers, +2 mutants (remaining S=1131 M=757)
[10:29:53] [MISSION] Andriy accepted ScoutPoi @ Jupiter (Pripyat Industrial) (236 RU)
[10:29:53] [TASK] Andriy → AcceptMission [ScoutPoi] (goal=AcceptMission)
[10:29:53] [GOAL] Andriy achieved AcceptMission
[10:29:54] [COMBAT] Giorgi Shevchenko 'Jackal' killed Damir Volkov 'Badger' using wpn_ak74m
[10:29:54] [COMBAT] Mikhail Bondarenko 'Fox' killed Poltergeist using wpn_gauss
[10:29:54] [INBOUND] Initial +2 stalkers, +1 mutants (remaining S=1129 M=756)
[10:29:54] [COMBAT] Igor Petrov 'Mole' killed Poltergeist using wpn_mp5
[10:29:55] [COMBAT] Sergei Shevchenko 'Wolf' killed Pseudodog using wpn_ak74
[10:29:55] [COMBAT] Serhiy Petrov 'Jackal' killed Oleksiy Sokolov 'Viper' using wpn_g36
[10:29:55] [GEAR] Serhiy looted [helm_helm_metro] via combat
[10:29:55] [INBOUND] Initial +2 stalkers, +1 mutants (remaining S=1127 M=755)
[10:29:55] [MISSION] Nikolai accepted ScoutPoi @ Dark Valley (168 RU)
[10:29:55] [TASK] Nikolai → AcceptMission [ScoutPoi] (goal=AcceptMission)
[10:29:55] [GOAL] Nikolai achieved AcceptMission
[10:29:56] [COMBAT] Serhiy Sokolov 'Bullet' killed Bloodsucker using wpn_aksu
[10:29:56] [INBOUND] Initial +2 stalkers, +2 mutants (remaining S=1125 M=753)
[10:29:56] [MISSION] Ivan accepted ScoutPoi @ Dark Valley (168 RU)
[10:29:56] [TASK] Ivan → AcceptMission [ScoutPoi] (goal=AcceptMission)
[10:29:56] [GOAL] Ivan achieved AcceptMission
[10:29:56] [COMBAT] Taras Ivanov 'Mole' killed PsyDog using wpn_fn2000
[10:29:57] [COMBAT] Mikhail Shevchenko 'Badger' killed Dog using wpn_rg6
[10:29:57] [INBOUND] Initial +2 stalkers, +1 mutants (remaining S=1123 M=752)
[10:29:57] [MISSION] Sean accepted ScoutPoi @ Zaton (184 RU)
[10:29:57] [TASK] Sean → AcceptMission [ScoutPoi] (goal=AcceptMission)
[10:29:57] [GOAL] Sean achieved AcceptMission
[10:29:58] [COMBAT] Bohdan Ivanov 'Spark' killed Controller using wpn_ak74
[10:29:59] [INBOUND] Initial +2 stalkers, +1 mutants (remaining S=1121 M=751)
[10:29:59] [MISSION] Andrei accepted ScoutPoi @ Kopachi (196 RU)
[10:29:59] [TASK] Andrei → AcceptMission [ScoutPoi] (goal=AcceptMission)
[10:29:59] [GOAL] Andrei achieved AcceptMission
[10:29:59] [COMBAT] Serhiy Ivanov 'Stitch' killed Mykola Sokolov 'Viper' using wpn_pkm
[10:29:59] [COMBAT] Connor Popov 'Phantom' killed Snork using wpn_bm16
[10:29:59] [COMBAT] Serhiy Petrenko 'Fox' killed PsyDog using wpn_gauss
[10:29:59] [COMBAT] Ivan Petrenko 'Jackal' killed Andrei Ivanov 'One-Eye' using wpn_ak74
[10:30:00] [INBOUND] Initial +2 stalkers, +2 mutants (remaining S=1119 M=749)
[10:30:00] [COMBAT] Oleg Petrov 'Bullet' killed Snork using wpn_aksu
[10:30:00] [COMBAT] Rustam Bondarenko 'Badger' killed Nikolai Shevchenko 'Crow' using wpn_gauss
[10:30:01] [INBOUND] Initial +2 stalkers, +1 mutants (remaining S=1117 M=748)
[10:30:01] [MISSION] Dmytro accepted ScoutPoi @ Meadow (164 RU)
[10:30:01] [TASK] Dmytro → AcceptMission [ScoutPoi] (goal=AcceptMission)
[10:30:01] [GOAL] Dmytro achieved AcceptMission
[10:30:01] [COMBAT] Marcus Melnyk 'Razor' killed Lurker using wpn_rg6
[10:30:01] [COMBAT] Sergei Bondarenko 'Jackal' killed Boar using wpn_pkm
[10:30:02] [COMBAT] Vasyl Volkov 'Shadow' killed BlindDog using wpn_ak74
[10:30:02] [INBOUND] Initial +2 stalkers, +2 mutants (remaining S=1115 M=746)
[10:30:02] [MISSION] Bohdan accepted ScoutPoi @ Red Forest (196 RU)
[10:30:02] [TASK] Bohdan → AcceptMission [ScoutPoi] (goal=AcceptMission)
[10:30:02] [GOAL] Bohdan achieved AcceptMission
[10:30:03] [INBOUND] Initial +2 stalkers, +1 mutants (remaining S=1113 M=745)
[10:30:03] [MISSION] Lars accepted ScoutPoi @ Dead City (Chernobyl-2 Settlement) (190 RU)
[10:30:03] [TASK] Lars → AcceptMission [ScoutPoi] (goal=AcceptMission)
[10:30:03] [GOAL] Lars achieved AcceptMission
[10:30:03] [MISSION] Nikolai accepted ScoutPoi @ Dead City (Chernobyl-2 Settlement) (190 RU)
[10:30:03] [TASK] Nikolai → AcceptMission [ScoutPoi] (goal=AcceptMission)
[10:30:03] [GOAL] Nikolai achieved AcceptMission
[10:30:03] [MISSION] Lars arrived for ScoutPoi @ Bandit Base (travel=545m, work=220s game)
[10:30:03] [COMBAT] Mykola Bondarenko 'Stitches' killed BlindDog using wpn_bm16
[10:30:04] [RANK] Viktor Kovalenko 'Crow' → Trainee
[10:30:04] [COMBAT] Viktor Kovalenko 'Crow' killed Pseudodog using wpn_aksu
[10:30:04] [INBOUND] Initial +2 stalkers, +1 mutants (remaining S=1111 M=744)
[10:30:04] [MISSION] Mykola accepted ScoutPoi @ Truck Cemetery (210 RU)
[10:30:04] [TASK] Mykola → AcceptMission [ScoutPoi] (goal=AcceptMission)
[10:30:04] [GOAL] Mykola achieved AcceptMission
[10:30:04] [MISSION] Lars arrived for ScoutPoi @ Bandit Base (travel=545m, work=220s game)
[10:30:05] [COMBAT] Andrei Bondarenko 'Raven' killed Flesh using wpn_lr300
[10:30:05] [INBOUND] Initial +2 stalkers, +2 mutants (remaining S=1109 M=742)
[10:30:05] [MISSION] Oleg accepted ScoutPoi @ Truck Cemetery (210 RU)
[10:30:05] [TASK] Oleg → AcceptMission [ScoutPoi] (goal=AcceptMission)
[10:30:05] [GOAL] Oleg achieved AcceptMission
[10:30:06] [MISSION] Lars arrived for ScoutPoi @ Bandit Base (travel=545m, work=220s game)
[10:30:06] [COMBAT] Taras Shevchenko 'Viper' killed Rat using wpn_ak74
[10:30:06] [INBOUND] Initial +3 stalkers, +1 mutants (remaining S=1106 M=741)
[10:30:07] [SNAPSHOT] real=3.6min game=D0 00:09 alive S=178 M=133 corpses=438 lootable=205 gammaGear out=90 helm=156 avgRU=878 leaderGoals trade=0 mission=64 emission=Dormant nextIn=95gmin desperate=0 hungry=0 interval deaths=47 combats=82 tasks=25 gearLoot=5 gearBuy=0 missions=25 corpseDespawn=0 trickleSpawns=0 ranks=[Rookie:166,Trainee:12] goals=[CompleteMission::64,Idle:30,Traveling:2] leaders: Bohdan[Rookie/CompleteMission:], Serhiy[Rookie/CompleteMission:], Timur[Rookie/CompleteMission:], Mikhail[Rookie/CompleteMission:], Sergei[Rookie/Idle]
[10:30:07] [TASK] Sergei → FulfillMission [ScoutPoi] (goal=CompleteMission)
[10:30:07] [MISSION] Sergei objective done ScoutPoi @ Makeshift Outpost → return to Chernobyl Town
[10:30:07] [TASK] Dmytro → FulfillMission [ScoutPoi] (goal=CompleteMission)
[10:30:07] [MISSION] Dmytro objective done ScoutPoi @ Abandoned Hut → return to Cordon
[10:30:07] [TASK] Lars → FulfillMission [ScoutPoi] (goal=CompleteMission)
[10:30:07] [MISSION] Lars objective done ScoutPoi @ Bandit Base → return to Truck Cemetery
[10:30:07] [TASK] Nodar → FulfillMission [ScoutPoi] (goal=CompleteMission)
[10:30:07] [MISSION] Nodar objective done ScoutPoi @ Ruined Garage → return to Kopachi
[10:30:07] [TASK] Alexei → FulfillMission [ScoutPoi] (goal=CompleteMission)
[10:30:07] [MISSION] Alexei objective done ScoutPoi @ Mutant Den #1 near Rostok → return to Sarcophagus
[10:30:07] [TASK] Yuriy → FulfillMission [ScoutPoi] (goal=CompleteMission)
[10:30:07] [MISSION] Yuriy objective done ScoutPoi @ Abandoned Bus → return to Meadow
[10:30:07] [TASK] Taras → FulfillMission [ScoutPoi] (goal=CompleteMission)
[10:30:07] [MISSION] Taras objective done ScoutPoi @ Hidden Hut → return to Red Forest
[10:30:07] [TASK] Vasyl → FulfillMission [ScoutPoi] (goal=CompleteMission)
[10:30:07] [MISSION] Vasyl objective done ScoutPoi @ Abandoned Hut → return to Cordon
[10:30:07] [TASK] Ivan → FulfillMission [ScoutPoi] (goal=CompleteMission)
[10:30:07] [MISSION] Ivan objective done ScoutPoi @ Hidden Hut → return to Red Forest
[10:30:07] [TASK] Mikhail → FulfillMission [ScoutPoi] (goal=CompleteMission)
[10:30:07] [MISSION] Mikhail objective done ScoutPoi @ Hidden Hut → return to Red Forest
[10:30:07] [TASK] Ivan → FulfillMission [ScoutPoi] (goal=CompleteMission)
[10:30:07] [MISSION] Ivan objective done ScoutPoi @ Abandoned Hut → return to Cordon
[10:30:07] [TASK] Taras → FulfillMission [ScoutPoi] (goal=CompleteMission)
[10:30:07] [MISSION] Taras objective done ScoutPoi @ Forgotten Shelter → return to Wild Territory
[10:30:07] [TASK] Taras → FulfillMission [ScoutPoi] (goal=CompleteMission)
[10:30:07] [MISSION] Taras objective done ScoutPoi @ Forgotten Pillbox → return to Zalissya
[10:30:07] [TASK] Dmytro → FulfillMission [ScoutPoi] (goal=CompleteMission)
[10:30:07] [MISSION] Dmytro objective done ScoutPoi @ Makeshift Outpost → return to Chernobyl Town
[10:30:07] [TASK] Andrei → FulfillMission [ScoutPoi] (goal=CompleteMission)
[10:30:07] [MISSION] Andrei objective done ScoutPoi @ Ruined Garage → return to Kopachi
[10:30:07] [TASK] Sean → FulfillMission [ScoutPoi] (goal=CompleteMission)
[10:30:07] [MISSION] Sean objective done ScoutPoi @ Arena → return to Zaton
[10:30:07] [TASK] Ivan → FulfillMission [ScoutPoi] (goal=CompleteMission)
[10:30:07] [MISSION] Ivan objective done ScoutPoi @ Hidden Cairn → return to Dark Valley
[10:30:07] [TASK] Nikolai → FulfillMission [ScoutPoi] (goal=CompleteMission)
[10:30:07] [MISSION] Nikolai objective done ScoutPoi @ Hidden Cairn → return to Dark Valley
[10:30:07] [TASK] Mykola → FulfillMission [ScoutPoi] (goal=CompleteMission)
[10:30:07] [MISSION] Mykola objective done ScoutPoi @ Hidden Cairn → return to Dark Valley
[10:30:07] [TASK] Bohdan → FulfillMission [ScoutPoi] (goal=CompleteMission)
[10:30:07] [MISSION] Bohdan objective done ScoutPoi @ Hidden Cairn → return to Dark Valley
[10:30:07] [TASK] Bakhyt → FulfillMission [ScoutPoi] (goal=CompleteMission)
[10:30:07] [MISSION] Bakhyt objective done ScoutPoi @ Ruined Garage → return to Kopachi
[10:30:07] [TASK] Ivan → FulfillMission [ScoutPoi] (goal=CompleteMission)
[10:30:07] [MISSION] Ivan objective done ScoutPoi @ Abandoned Hut → return to Cordon
[10:30:07] [TASK] Bohdan → FulfillMission [ScoutPoi] (goal=CompleteMission)
[10:30:07] [MISSION] Bohdan objective done ScoutPoi @ Arena → return to Zaton
[10:30:07] [TASK] Oleg → FulfillMission [ScoutPoi] (goal=CompleteMission)
[10:30:07] [MISSION] Oleg objective done ScoutPoi @ Loot Crate (Rostok-Truck Ce) → return to Yantar
[10:30:07] [TASK] Ivan → FulfillMission [ScoutPoi] (goal=CompleteMission)
[10:30:07] [MISSION] Ivan objective done ScoutPoi @ Sunken Stash → return to Rostok
[10:30:07] [TASK] Andriy → FulfillMission [ScoutPoi] (goal=CompleteMission)
[10:30:07] [MISSION] Andriy objective done ScoutPoi @ Abandoned Hut → return to Cordon
[10:30:07] [TASK] Dmitri → FulfillMission [ScoutPoi] (goal=CompleteMission)
[10:30:07] [MISSION] Dmitri objective done ScoutPoi @ Forgotten Shelter → return to Wild Territory
[10:30:07] [TASK] Yuriy → FulfillMission [ScoutPoi] (goal=CompleteMission)
[10:30:07] [MISSION] Yuriy objective done ScoutPoi @ Makeshift Camp (Cordon-Meadow) → return to Great Swamps
[10:30:07] [TASK] Andrei → FulfillMission [ScoutPoi] (goal=CompleteMission)
[10:30:07] [MISSION] Andrei objective done ScoutPoi @ Forgotten Shelter → return to Wild Territory
[10:30:07] [TASK] Vasyl → FulfillMission [ScoutPoi] (goal=CompleteMission)
[10:30:07] [MISSION] Vasyl objective done ScoutPoi @ Mutant Den #1 near Rostok → return to Sarcophagus
[10:30:07] [TASK] Heinrich → FulfillMission [ScoutPoi] (goal=CompleteMission)
[10:30:07] [MISSION] Heinrich objective done ScoutPoi @ Sunken Shack → return to Dead City (Chernobyl-2 Settlement)
[10:30:07] [TASK] Andriy → FulfillMission [ScoutPoi] (goal=CompleteMission)
[10:30:07] [MISSION] Andriy objective done ScoutPoi @ Abandoned Hut → return to Cordon
[10:30:07] [TASK] Taras → FulfillMission [ScoutPoi] (goal=CompleteMission)
[10:30:07] [MISSION] Taras objective done ScoutPoi @ Abandoned Bus → return to Meadow
[10:30:07] [TASK] Igor → FulfillMission [ScoutPoi] (goal=CompleteMission)
[10:30:07] [MISSION] Igor objective done ScoutPoi @ Abandoned Bus → return to Meadow
[10:30:07] [TASK] Dmitri → FulfillMission [ScoutPoi] (goal=CompleteMission)
[10:30:07] [MISSION] Dmitri objective done ScoutPoi @ Forgotten Shelter → return to Wild Territory
[10:30:07] [TASK] Igor → FulfillMission [ScoutPoi] (goal=CompleteMission)
[10:30:07] [MISSION] Igor objective done ScoutPoi @ Forgotten Shelter → return to Wild Territory
[10:30:07] [TASK] Lukash → FulfillMission [ScoutPoi] (goal=CompleteMission)
[10:30:07] [MISSION] Lukash objective done ScoutPoi @ Collapsed Pillbox → return to Army Warehouses
[10:30:07] [TASK] Sidorovich → FulfillMission [ScoutPoi] (goal=CompleteMission)
[10:30:07] [MISSION] Sidorovich objective done ScoutPoi @ Abandoned Hut → return to Cordon
[10:30:07] [TASK] Bohdan → FulfillMission [ScoutPoi] (goal=CompleteMission)
[10:30:07] [MISSION] Bohdan objective done ScoutPoi @ Abandoned Bus → return to Meadow
[10:30:07] [TASK] Serhiy → FulfillMission [ScoutPoi] (goal=CompleteMission)
[10:30:07] [MISSION] Serhiy objective done ScoutPoi @ Makeshift Camp (Cordon-Meadow) → return to Great Swamps
[10:30:07] [TASK] Timur → FulfillMission [ScoutPoi] (goal=CompleteMission)
[10:30:07] [MISSION] Timur objective done ScoutPoi @ Makeshift Camp (Cordon-Meadow) → return to Great Swamps
[10:30:07] [TASK] Mikhail → FulfillMission [ScoutPoi] (goal=CompleteMission)
[10:30:07] [MISSION] Mikhail objective done ScoutPoi @ Overgrown Hut → return to Buriakivka Waste Site
[10:30:07] [TASK] Heinrich → FulfillMission [ScoutPoi] (goal=CompleteMission)
[10:30:07] [MISSION] Heinrich objective done ScoutPoi @ Overgrown Hut → return to Buriakivka Waste Site
[10:30:07] [TASK] Damir → FulfillMission [ScoutPoi] (goal=CompleteMission)
[10:30:07] [MISSION] Damir objective done ScoutPoi @ Mutant Den #0 near Dark Valley → return to Duga Radar
[10:30:07] [TASK] Giorgi → FulfillMission [ScoutPoi] (goal=CompleteMission)
[10:30:07] [MISSION] Giorgi objective done ScoutPoi @ Makeshift Outpost → return to Chernobyl Town
[10:30:07] [TASK] Mikhail → FulfillMission [ScoutPoi] (goal=CompleteMission)
[10:30:07] [MISSION] Mikhail objective done ScoutPoi @ Forgotten Shelter → return to Wild Territory
[10:30:07] [TASK] Vasyl → FulfillMission [ScoutPoi] (goal=CompleteMission)
[10:30:07] [MISSION] Vasyl objective done ScoutPoi @ Hidden Hut → return to Red Forest
[10:30:07] [TASK] Taras → FulfillMission [ScoutPoi] (goal=CompleteMission)
[10:30:07] [MISSION] Taras objective done ScoutPoi @ Mutant Den #1 near Rostok → return to Sarcophagus
[10:30:07] [TASK] Mykola → FulfillMission [ScoutPoi] (goal=CompleteMission)
[10:30:07] [MISSION] Mykola objective done ScoutPoi @ Abandoned Hut → return to Cordon
[10:30:07] [TASK] Viktor → FulfillMission [ScoutPoi] (goal=CompleteMission)
[10:30:07] [MISSION] Viktor objective done ScoutPoi @ Collapsed Pillbox → return to Army Warehouses
[10:30:07] [TASK] Ivan → FulfillMission [ScoutPoi] (goal=CompleteMission)
[10:30:07] [MISSION] Ivan objective done ScoutPoi @ Abandoned Bus → return to Meadow
[10:30:07] [TASK] Serhiy → FulfillMission [ScoutPoi] (goal=CompleteMission)
[10:30:07] [MISSION] Serhiy objective done ScoutPoi @ Forgotten Shelter → return to Wild Territory
[10:30:07] [TASK] Oleg → FulfillMission [ScoutPoi] (goal=CompleteMission)
[10:30:07] [MISSION] Oleg objective done ScoutPoi @ Bandit Base → return to Truck Cemetery
[10:30:07] [TASK] Mykola → FulfillMission [ScoutPoi] (goal=CompleteMission)
[10:30:07] [MISSION] Mykola objective done ScoutPoi @ Bandit Base → return to Truck Cemetery
[10:30:07] [TASK] Lars → FulfillMission [ScoutPoi] (goal=CompleteMission)
[10:30:07] [MISSION] Lars objective done ScoutPoi @ Sunken Shack → return to Dead City (Chernobyl-2 Settlement)
[10:30:07] [TASK] Nikolai → FulfillMission [ScoutPoi] (goal=CompleteMission)
[10:30:07] [MISSION] Nikolai objective done ScoutPoi @ Sunken Shack → return to Dead City (Chernobyl-2 Settlement)
[10:30:07] [TASK] Bohdan → FulfillMission [ScoutPoi] (goal=CompleteMission)
[10:30:07] [MISSION] Bohdan objective done ScoutPoi @ Hidden Hut → return to Red Forest
[10:30:07] [TASK] Dmytro → FulfillMission [ScoutPoi] (goal=CompleteMission)
[10:30:07] [MISSION] Dmytro objective done ScoutPoi @ Abandoned Bus → return to Meadow
[10:30:07] [TASK] Andriy → FulfillMission [ScoutPoi] (goal=CompleteMission)
[10:30:07] [MISSION] Andriy objective done ScoutPoi @ Windswept Cairn → return to Jupiter (Pripyat Industrial)
[10:30:07] [TASK] Alexei → FulfillMission [ScoutPoi] (goal=CompleteMission)
[10:30:07] [MISSION] Alexei objective done ScoutPoi @ Ruined Garage → return to Kopachi
[10:30:07] [TASK] Nikolai → FulfillMission [ScoutPoi] (goal=CompleteMission)
[10:30:07] [MISSION] Nikolai objective done ScoutPoi @ Mutant Den #0 near Dark Valley → return to Duga Radar
[10:30:07] [TASK] Bohdan → FulfillMission [ScoutPoi] (goal=CompleteMission)
[10:30:07] [MISSION] Bohdan objective done ScoutPoi @ Duty Checkpoint → return to Limansk
[10:30:07] [TASK] Oleksiy → FulfillMission [ScoutPoi] (goal=CompleteMission)
[10:30:07] [MISSION] Oleksiy objective done ScoutPoi @ Sunken Stash → return to Rostok
[10:30:07] [TASK] Nodar → FulfillMission [ScoutPoi] (goal=CompleteMission)
[10:30:07] [MISSION] Nodar objective done ScoutPoi @ Arena → return to Zaton
[10:30:07] [TASK] Sean → FulfillMission [ScoutPoi] (goal=CompleteMission)
[10:30:07] [MISSION] Sean objective done ScoutPoi @ Loot Crate (Rostok-Truck Ce) → return to Yantar
[10:30:07] [TASK] Serhiy → FulfillMission [ScoutPoi] (goal=CompleteMission)
[10:30:07] [MISSION] Serhiy objective done ScoutPoi @ Duty Checkpoint → return to Limansk
[10:30:07] [TASK] Dmytro → FulfillMission [ScoutPoi] (goal=CompleteMission)
[10:30:07] [MISSION] Dmytro objective done ScoutPoi @ Ruined Garage → return to Kopachi
[10:30:07] [COMBAT] Lukash killed Dmitri Petrov 'Shadow' using wpn_aksu
[10:30:07] [GEAR] Lukash looted [wpn_vintorez, wpn_pb, helm_helm_metro] via combat
[10:30:08] [INBOUND] Initial +2 stalkers, +2 mutants (remaining S=1104 M=739)
[10:30:08] [MISSION] Mykola accepted ScoutPoi @ Kopachi (196 RU)
[10:30:08] [TASK] Mykola → AcceptMission [ScoutPoi] (goal=AcceptMission)
[10:30:08] [GOAL] Mykola achieved AcceptMission
[10:30:08] [TASK] Bohdan → TurnInMission [ScoutPoi] (goal=CompleteMission)
[10:30:08] [MISSION] Bohdan turned in ScoutPoi @ Meadow (+164 RU)
[10:30:08] [GOAL] Bohdan achieved CompleteMission
[10:30:08] [TASK] Giorgi → TurnInMission [ScoutPoi] (goal=CompleteMission)
[10:30:08] [MISSION] Giorgi turned in ScoutPoi @ Chernobyl Town (+200 RU)
[10:30:08] [GOAL] Giorgi achieved CompleteMission
[10:30:08] [TASK] Mikhail → TurnInMission [ScoutPoi] (goal=CompleteMission)
[10:30:08] [MISSION] Mikhail turned in ScoutPoi @ Wild Territory (+164 RU)
[10:30:08] [GOAL] Mikhail achieved CompleteMission
[10:30:08] [TASK] Vasyl → TurnInMission [ScoutPoi] (goal=CompleteMission)
[10:30:08] [MISSION] Vasyl turned in ScoutPoi @ Red Forest (+196 RU)
[10:30:08] [GOAL] Vasyl achieved CompleteMission
[10:30:08] [TASK] Mykola → TurnInMission [ScoutPoi] (goal=CompleteMission)
[10:30:08] [MISSION] Mykola turned in ScoutPoi @ Cordon (+160 RU)
[10:30:08] [GOAL] Mykola achieved CompleteMission
[10:30:08] [TASK] Viktor → TurnInMission [ScoutPoi] (goal=CompleteMission)
[10:30:08] [MISSION] Viktor turned in ScoutPoi @ Army Warehouses (+230 RU)
[10:30:08] [GOAL] Viktor achieved CompleteMission
[10:30:08] [TASK] Ivan → TurnInMission [ScoutPoi] (goal=CompleteMission)
[10:30:08] [MISSION] Ivan turned in ScoutPoi @ Meadow (+164 RU)
[10:30:08] [GOAL] Ivan achieved CompleteMission
[10:30:08] [TASK] Serhiy → TurnInMission [ScoutPoi] (goal=CompleteMission)
[10:30:08] [MISSION] Serhiy turned in ScoutPoi @ Wild Territory (+164 RU)
[10:30:08] [GOAL] Serhiy achieved CompleteMission
[10:30:08] [TASK] Oleg → TurnInMission [ScoutPoi] (goal=CompleteMission)
[10:30:08] [MISSION] Oleg turned in ScoutPoi @ Truck Cemetery (+210 RU)
[10:30:08] [GOAL] Oleg achieved CompleteMission
[10:30:08] [TASK] Mykola → TurnInMission [ScoutPoi] (goal=CompleteMission)
[10:30:08] [MISSION] Mykola turned in ScoutPoi @ Truck Cemetery (+210 RU)
[10:30:08] [GOAL] Mykola achieved CompleteMission
[10:30:08] [TASK] Lars → TurnInMission [ScoutPoi] (goal=CompleteMission)
[10:30:08] [MISSION] Lars turned in ScoutPoi @ Dead City (Chernobyl-2 Settlement) (+190 RU)
[10:30:08] [GOAL] Lars achieved CompleteMission
[10:30:08] [TASK] Nikolai → TurnInMission [ScoutPoi] (goal=CompleteMission)
[10:30:08] [MISSION] Nikolai turned in ScoutPoi @ Dead City (Chernobyl-2 Settlement) (+190 RU)
[10:30:08] [GOAL] Nikolai achieved CompleteMission
[10:30:08] [TASK] Bohdan → TurnInMission [ScoutPoi] (goal=CompleteMission)
[10:30:08] [MISSION] Bohdan turned in ScoutPoi @ Red Forest (+196 RU)
[10:30:08] [GOAL] Bohdan achieved CompleteMission
[10:30:08] [TASK] Dmytro → TurnInMission [ScoutPoi] (goal=CompleteMission)
[10:30:08] [MISSION] Dmytro turned in ScoutPoi @ Meadow (+164 RU)
[10:30:08] [GOAL] Dmytro achieved CompleteMission
[10:30:08] [TASK] Andriy → TurnInMission [ScoutPoi] (goal=CompleteMission)
[10:30:08] [MISSION] Andriy turned in ScoutPoi @ Jupiter (Pripyat Industrial) (+236 RU)
[10:30:08] [GOAL] Andriy achieved CompleteMission
[10:30:08] [TASK] Alexei → TurnInMission [ScoutPoi] (goal=CompleteMission)
[10:30:08] [MISSION] Alexei turned in ScoutPoi @ Kopachi (+196 RU)
[10:30:08] [GOAL] Alexei achieved CompleteMission
[10:30:08] [TASK] Sean → TurnInMission [ScoutPoi] (goal=CompleteMission)
[10:30:08] [MISSION] Sean turned in ScoutPoi @ Yantar (+236 RU)
[10:30:08] [GOAL] Sean achieved CompleteMission
[10:30:08] [TASK] Dmytro → TurnInMission [ScoutPoi] (goal=CompleteMission)
[10:30:08] [MISSION] Dmytro turned in ScoutPoi @ Kopachi (+196 RU)
[10:30:08] [GOAL] Dmytro achieved CompleteMission
[10:30:08] [TASK] Sergei → TurnInMission [ScoutPoi] (goal=CompleteMission)
[10:30:08] [MISSION] Sergei turned in ScoutPoi @ Chernobyl Town (+200 RU)
[10:30:08] [GOAL] Sergei achieved CompleteMission
[10:30:08] [TASK] Dmytro → TurnInMission [ScoutPoi] (goal=CompleteMission)
[10:30:08] [MISSION] Dmytro turned in ScoutPoi @ Cordon (+160 RU)
[10:30:08] [GOAL] Dmytro achieved CompleteMission
[10:30:08] [TASK] Nodar → TurnInMission [ScoutPoi] (goal=CompleteMission)
[10:30:08] [MISSION] Nodar turned in ScoutPoi @ Kopachi (+196 RU)
[10:30:08] [GOAL] Nodar achieved CompleteMission
[10:30:08] [TASK] Yuriy → TurnInMission [ScoutPoi] (goal=CompleteMission)
[10:30:08] [MISSION] Yuriy turned in ScoutPoi @ Meadow (+164 RU)
[10:30:08] [GOAL] Yuriy achieved CompleteMission
[10:30:08] [TASK] Taras → TurnInMission [ScoutPoi] (goal=CompleteMission)
[10:30:08] [MISSION] Taras turned in ScoutPoi @ Red Forest (+196 RU)
[10:30:08] [GOAL] Taras achieved CompleteMission
[10:30:08] [TASK] Vasyl → TurnInMission [ScoutPoi] (goal=CompleteMission)
[10:30:08] [MISSION] Vasyl turned in ScoutPoi @ Cordon (+160 RU)
[10:30:08] [GOAL] Vasyl achieved CompleteMission
[10:30:08] [TASK] Ivan → TurnInMission [ScoutPoi] (goal=CompleteMission)
[10:30:08] [MISSION] Ivan turned in ScoutPoi @ Red Forest (+196 RU)
[10:30:08] [GOAL] Ivan achieved CompleteMission
[10:30:08] [TASK] Mikhail → TurnInMission [ScoutPoi] (goal=CompleteMission)
[10:30:08] [MISSION] Mikhail turned in ScoutPoi @ Red Forest (+196 RU)
[10:30:08] [GOAL] Mikhail achieved CompleteMission
[10:30:08] [TASK] Ivan → TurnInMission [ScoutPoi] (goal=CompleteMission)
[10:30:08] [MISSION] Ivan turned in ScoutPoi @ Cordon (+160 RU)
[10:30:08] [GOAL] Ivan achieved CompleteMission
[10:30:08] [TASK] Taras → TurnInMission [ScoutPoi] (goal=CompleteMission)
[10:30:08] [MISSION] Taras turned in ScoutPoi @ Wild Territory (+164 RU)
[10:30:08] [GOAL] Taras achieved CompleteMission
[10:30:08] [TASK] Taras → TurnInMission [ScoutPoi] (goal=CompleteMission)
[10:30:08] [MISSION] Taras turned in ScoutPoi @ Zalissya (+184 RU)
[10:30:08] [GOAL] Taras achieved CompleteMission
[10:30:08] [TASK] Dmytro → TurnInMission [ScoutPoi] (goal=CompleteMission)
[10:30:08] [MISSION] Dmytro turned in ScoutPoi @ Chernobyl Town (+200 RU)
[10:30:08] [GOAL] Dmytro achieved CompleteMission
[10:30:08] [TASK] Andrei → TurnInMission [ScoutPoi] (goal=CompleteMission)
[10:30:08] [MISSION] Andrei turned in ScoutPoi @ Kopachi (+196 RU)
[10:30:08] [GOAL] Andrei achieved CompleteMission
[10:30:08] [TASK] Sean → TurnInMission [ScoutPoi] (goal=CompleteMission)
[10:30:08] [MISSION] Sean turned in ScoutPoi @ Zaton (+184 RU)
[10:30:08] [GOAL] Sean achieved CompleteMission
[10:30:08] [TASK] Ivan → TurnInMission [ScoutPoi] (goal=CompleteMission)
[10:30:08] [MISSION] Ivan turned in ScoutPoi @ Dark Valley (+168 RU)
[10:30:08] [GOAL] Ivan achieved CompleteMission
[10:30:08] [TASK] Bakhyt → TurnInMission [ScoutPoi] (goal=CompleteMission)
[10:30:08] [MISSION] Bakhyt turned in ScoutPoi @ Kopachi (+196 RU)
[10:30:08] [GOAL] Bakhyt achieved CompleteMission
[10:30:08] [TASK] Ivan → TurnInMission [ScoutPoi] (goal=CompleteMission)
[10:30:08] [MISSION] Ivan turned in ScoutPoi @ Cordon (+160 RU)
[10:30:08] [GOAL] Ivan achieved CompleteMission
[10:30:08] [TASK] Oleg → TurnInMission [ScoutPoi] (goal=CompleteMission)
[10:30:08] [MISSION] Oleg turned in ScoutPoi @ Yantar (+236 RU)
[10:30:08] [GOAL] Oleg achieved CompleteMission
[10:30:08] [TASK] Andriy → TurnInMission [ScoutPoi] (goal=CompleteMission)
[10:30:08] [MISSION] Andriy turned in ScoutPoi @ Cordon (+160 RU)
[10:30:08] [GOAL] Andriy achieved CompleteMission
[10:30:08] [TASK] Dmitri → TurnInMission [ScoutPoi] (goal=CompleteMission)
[10:30:08] [MISSION] Dmitri turned in ScoutPoi @ Wild Territory (+164 RU)
[10:30:08] [GOAL] Dmitri achieved CompleteMission
[10:30:08] [TASK] Andrei → TurnInMission [ScoutPoi] (goal=CompleteMission)
[10:30:08] [MISSION] Andrei turned in ScoutPoi @ Wild Territory (+164 RU)
[10:30:08] [GOAL] Andrei achieved CompleteMission
[10:30:08] [TASK] Andriy → TurnInMission [ScoutPoi] (goal=CompleteMission)
[10:30:08] [MISSION] Andriy turned in ScoutPoi @ Cordon (+160 RU)
[10:30:08] [GOAL] Andriy achieved CompleteMission
[10:30:08] [TASK] Taras → TurnInMission [ScoutPoi] (goal=CompleteMission)
[10:30:08] [MISSION] Taras turned in ScoutPoi @ Meadow (+164 RU)
[10:30:08] [GOAL] Taras achieved CompleteMission
[10:30:08] [TASK] Igor → TurnInMission [ScoutPoi] (goal=CompleteMission)
[10:30:08] [MISSION] Igor turned in ScoutPoi @ Meadow (+164 RU)
[10:30:08] [GOAL] Igor achieved CompleteMission
[10:30:08] [TASK] Dmitri → TurnInMission [ScoutPoi] (goal=CompleteMission)
[10:30:08] [MISSION] Dmitri turned in ScoutPoi @ Wild Territory (+164 RU)
[10:30:08] [GOAL] Dmitri achieved CompleteMission
[10:30:08] [TASK] Igor → TurnInMission [ScoutPoi] (goal=CompleteMission)
[10:30:08] [MISSION] Igor turned in ScoutPoi @ Wild Territory (+164 RU)
[10:30:08] [GOAL] Igor achieved CompleteMission
[10:30:08] [TASK] Lukash → TurnInMission [ScoutPoi] (goal=CompleteMission)
[10:30:08] [MISSION] Lukash turned in ScoutPoi @ Army Warehouses (+230 RU)
[10:30:08] [GOAL] Lukash achieved CompleteMission
[10:30:08] [TASK] Sidorovich → TurnInMission [ScoutPoi] (goal=CompleteMission)
[10:30:08] [MISSION] Sidorovich turned in ScoutPoi @ Cordon (+160 RU)
[10:30:08] [GOAL] Sidorovich achieved CompleteMission
[10:30:08] [MISSION] Bohdan accepted ScoutPoi @ Meadow (164 RU)
[10:30:08] [TASK] Bohdan → AcceptMission [ScoutPoi] (goal=AcceptMission)
[10:30:08] [GOAL] Bohdan achieved AcceptMission
[10:30:08] [MISSION] Giorgi accepted ScoutPoi @ Chernobyl Town (200 RU)
[10:30:08] [TASK] Giorgi → AcceptMission [ScoutPoi] (goal=AcceptMission)
[10:30:08] [GOAL] Giorgi achieved AcceptMission
[10:30:08] [MISSION] Mikhail accepted ScoutPoi @ Wild Territory (164 RU)
[10:30:08] [TASK] Mikhail → AcceptMission [ScoutPoi] (goal=AcceptMission)
[10:30:08] [GOAL] Mikhail achieved AcceptMission
[10:30:08] [MISSION] Vasyl accepted ScoutPoi @ Red Forest (196 RU)
[10:30:08] [TASK] Vasyl → AcceptMission [ScoutPoi] (goal=AcceptMission)
[10:30:08] [GOAL] Vasyl achieved AcceptMission
[10:30:08] [MISSION] Mykola accepted ScoutPoi @ Cordon (160 RU)
[10:30:08] [TASK] Mykola → AcceptMission [ScoutPoi] (goal=AcceptMission)
[10:30:08] [GOAL] Mykola achieved AcceptMission
[10:30:08] [MISSION] Viktor accepted ScoutPoi @ Army Warehouses (230 RU)
[10:30:08] [TASK] Viktor → AcceptMission [ScoutPoi] (goal=AcceptMission)
[10:30:08] [GOAL] Viktor achieved AcceptMission
[10:30:08] [MISSION] Ivan accepted ScoutPoi @ Meadow (164 RU)
[10:30:08] [TASK] Ivan → AcceptMission [ScoutPoi] (goal=AcceptMission)
[10:30:08] [GOAL] Ivan achieved AcceptMission
[10:30:08] [MISSION] Serhiy accepted ScoutPoi @ Wild Territory (164 RU)
[10:30:08] [TASK] Serhiy → AcceptMission [ScoutPoi] (goal=AcceptMission)
[10:30:08] [GOAL] Serhiy achieved AcceptMission
[10:30:08] [MISSION] Oleg accepted ScoutPoi @ Truck Cemetery (210 RU)
[10:30:08] [TASK] Oleg → AcceptMission [ScoutPoi] (goal=AcceptMission)
[10:30:08] [GOAL] Oleg achieved AcceptMission
[10:30:08] [MISSION] Mykola accepted ScoutPoi @ Truck Cemetery (210 RU)
[10:30:08] [TASK] Mykola → AcceptMission [ScoutPoi] (goal=AcceptMission)
[10:30:08] [GOAL] Mykola achieved AcceptMission
[10:30:08] [MISSION] Lars accepted ScoutPoi @ Dead City (Chernobyl-2 Settlement) (190 RU)
[10:30:08] [TASK] Lars → AcceptMission [ScoutPoi] (goal=AcceptMission)
[10:30:08] [GOAL] Lars achieved AcceptMission
[10:30:08] [MISSION] Nikolai accepted ScoutPoi @ Dead City (Chernobyl-2 Settlement) (190 RU)
[10:30:08] [TASK] Nikolai → AcceptMission [ScoutPoi] (goal=AcceptMission)
[10:30:08] [GOAL] Nikolai achieved AcceptMission
[10:30:08] [MISSION] Bohdan accepted ScoutPoi @ Red Forest (196 RU)
[10:30:08] [TASK] Bohdan → AcceptMission [ScoutPoi] (goal=AcceptMission)
[10:30:08] [GOAL] Bohdan achieved AcceptMission
[10:30:08] [MISSION] Dmytro accepted ScoutPoi @ Meadow (164 RU)
[10:30:08] [TASK] Dmytro → AcceptMission [ScoutPoi] (goal=AcceptMission)
[10:30:08] [GOAL] Dmytro achieved AcceptMission
[10:30:08] [MISSION] Andriy accepted ScoutPoi @ Jupiter (Pripyat Industrial) (236 RU)
[10:30:08] [TASK] Andriy → AcceptMission [ScoutPoi] (goal=AcceptMission)
[10:30:08] [GOAL] Andriy achieved AcceptMission
[10:30:08] [MISSION] Alexei accepted ScoutPoi @ Kopachi (196 RU)
[10:30:08] [TASK] Alexei → AcceptMission [ScoutPoi] (goal=AcceptMission)
[10:30:08] [GOAL] Alexei achieved AcceptMission
[10:30:08] [MISSION] Sean accepted ScoutPoi @ Yantar (236 RU)
[10:30:08] [TASK] Sean → AcceptMission [ScoutPoi] (goal=AcceptMission)
[10:30:08] [GOAL] Sean achieved AcceptMission
[10:30:08] [MISSION] Dmytro accepted ScoutPoi @ Kopachi (196 RU)
[10:30:08] [TASK] Dmytro → AcceptMission [ScoutPoi] (goal=AcceptMission)
[10:30:08] [GOAL] Dmytro achieved AcceptMission
[10:30:08] [MISSION] Sergei accepted ScoutPoi @ Chernobyl Town (200 RU)
[10:30:08] [TASK] Sergei → AcceptMission [ScoutPoi] (goal=AcceptMission)
[10:30:08] [GOAL] Sergei achieved AcceptMission
[10:30:08] [MISSION] Dmytro accepted ScoutPoi @ Cordon (160 RU)
[10:30:08] [TASK] Dmytro → AcceptMission [ScoutPoi] (goal=AcceptMission)
[10:30:08] [GOAL] Dmytro achieved AcceptMission
[10:30:08] [MISSION] Nodar accepted ScoutPoi @ Kopachi (196 RU)
[10:30:08] [TASK] Nodar → AcceptMission [ScoutPoi] (goal=AcceptMission)
[10:30:08] [GOAL] Nodar achieved AcceptMission
[10:30:08] [MISSION] Yuriy accepted ScoutPoi @ Meadow (164 RU)
[10:30:08] [TASK] Yuriy → AcceptMission [ScoutPoi] (goal=AcceptMission)
[10:30:08] [GOAL] Yuriy achieved AcceptMission
[10:30:08] [MISSION] Taras accepted ScoutPoi @ Red Forest (196 RU)
[10:30:08] [TASK] Taras → AcceptMission [ScoutPoi] (goal=AcceptMission)
[10:30:08] [GOAL] Taras achieved AcceptMission
[10:30:08] [MISSION] Vasyl accepted ScoutPoi @ Cordon (160 RU)
[10:30:08] [TASK] Vasyl → AcceptMission [ScoutPoi] (goal=AcceptMission)
[10:30:08] [GOAL] Vasyl achieved AcceptMission
[10:30:08] [MISSION] Ivan accepted ScoutPoi @ Red Forest (196 RU)
[10:30:08] [TASK] Ivan → AcceptMission [ScoutPoi] (goal=AcceptMission)
[10:30:08] [GOAL] Ivan achieved AcceptMission
[10:30:08] [MISSION] Mikhail accepted ScoutPoi @ Red Forest (196 RU)
[10:30:08] [TASK] Mikhail → AcceptMission [ScoutPoi] (goal=AcceptMission)
[10:30:08] [GOAL] Mikhail achieved AcceptMission
[10:30:08] [MISSION] Ivan accepted ScoutPoi @ Cordon (160 RU)
[10:30:08] [TASK] Ivan → AcceptMission [ScoutPoi] (goal=AcceptMission)
[10:30:08] [GOAL] Ivan achieved AcceptMission
[10:30:08] [MISSION] Taras accepted ScoutPoi @ Wild Territory (164 RU)
[10:30:08] [TASK] Taras → AcceptMission [ScoutPoi] (goal=AcceptMission)
[10:30:08] [GOAL] Taras achieved AcceptMission
[10:30:08] [MISSION] Taras accepted ScoutPoi @ Zalissya (184 RU)
[10:30:08] [TASK] Taras → AcceptMission [ScoutPoi] (goal=AcceptMission)
[10:30:08] [GOAL] Taras achieved AcceptMission
[10:30:08] [MISSION] Dmytro accepted ScoutPoi @ Chernobyl Town (200 RU)
[10:30:08] [TASK] Dmytro → AcceptMission [ScoutPoi] (goal=AcceptMission)
[10:30:08] [GOAL] Dmytro achieved AcceptMission
[10:30:08] [MISSION] Andrei accepted ScoutPoi @ Kopachi (196 RU)
[10:30:08] [TASK] Andrei → AcceptMission [ScoutPoi] (goal=AcceptMission)
[10:30:08] [GOAL] Andrei achieved AcceptMission
[10:30:08] [MISSION] Sean accepted ScoutPoi @ Zaton (184 RU)
[10:30:08] [TASK] Sean → AcceptMission [ScoutPoi] (goal=AcceptMission)
[10:30:08] [GOAL] Sean achieved AcceptMission
[10:30:08] [MISSION] Ivan accepted ScoutPoi @ Dark Valley (168 RU)
[10:30:08] [TASK] Ivan → AcceptMission [ScoutPoi] (goal=AcceptMission)
[10:30:08] [GOAL] Ivan achieved AcceptMission
[10:30:08] [MISSION] Bakhyt accepted ScoutPoi @ Kopachi (196 RU)
[10:30:08] [TASK] Bakhyt → AcceptMission [ScoutPoi] (goal=AcceptMission)
[10:30:08] [GOAL] Bakhyt achieved AcceptMission
[10:30:08] [MISSION] Ivan accepted ScoutPoi @ Cordon (160 RU)
[10:30:08] [TASK] Ivan → AcceptMission [ScoutPoi] (goal=AcceptMission)
[10:30:08] [GOAL] Ivan achieved AcceptMission
[10:30:08] [MISSION] Oleg accepted ScoutPoi @ Yantar (236 RU)
[10:30:08] [TASK] Oleg → AcceptMission [ScoutPoi] (goal=AcceptMission)
[10:30:08] [GOAL] Oleg achieved AcceptMission
[10:30:08] [MISSION] Andriy accepted ScoutPoi @ Cordon (160 RU)
[10:30:08] [TASK] Andriy → AcceptMission [ScoutPoi] (goal=AcceptMission)
[10:30:08] [GOAL] Andriy achieved AcceptMission
[10:30:08] [MISSION] Dmitri accepted ScoutPoi @ Wild Territory (164 RU)
[10:30:08] [TASK] Dmitri → AcceptMission [ScoutPoi] (goal=AcceptMission)
[10:30:08] [GOAL] Dmitri achieved AcceptMission
[10:30:08] [MISSION] Andrei accepted ScoutPoi @ Wild Territory (164 RU)
[10:30:08] [TASK] Andrei → AcceptMission [ScoutPoi] (goal=AcceptMission)
[10:30:08] [GOAL] Andrei achieved AcceptMission
[10:30:08] [MISSION] Andriy accepted ScoutPoi @ Cordon (160 RU)
[10:30:08] [TASK] Andriy → AcceptMission [ScoutPoi] (goal=AcceptMission)
[10:30:08] [GOAL] Andriy achieved AcceptMission
[10:30:08] [MISSION] Taras accepted ScoutPoi @ Meadow (164 RU)
[10:30:08] [TASK] Taras → AcceptMission [ScoutPoi] (goal=AcceptMission)
[10:30:08] [GOAL] Taras achieved AcceptMission
[10:30:08] [MISSION] Igor accepted ScoutPoi @ Meadow (164 RU)
[10:30:08] [TASK] Igor → AcceptMission [ScoutPoi] (goal=AcceptMission)
[10:30:08] [GOAL] Igor achieved AcceptMission
[10:30:08] [MISSION] Dmitri accepted ScoutPoi @ Wild Territory (164 RU)
[10:30:08] [TASK] Dmitri → AcceptMission [ScoutPoi] (goal=AcceptMission)
[10:30:08] [GOAL] Dmitri achieved AcceptMission
[10:30:08] [MISSION] Igor accepted ScoutPoi @ Wild Territory (164 RU)
[10:30:08] [TASK] Igor → AcceptMission [ScoutPoi] (goal=AcceptMission)
[10:30:08] [GOAL] Igor achieved AcceptMission
[10:30:08] [MISSION] Lukash accepted ScoutPoi @ Army Warehouses (230 RU)
[10:30:08] [TASK] Lukash → AcceptMission [ScoutPoi] (goal=AcceptMission)
[10:30:08] [GOAL] Lukash achieved AcceptMission
[10:30:09] [MISSION] Sidorovich accepted ScoutPoi @ Cordon (160 RU)
[10:30:09] [TASK] Sidorovich → AcceptMission [ScoutPoi] (goal=AcceptMission)
[10:30:09] [GOAL] Sidorovich achieved AcceptMission
[10:30:13] [COMBAT] Yuriy Petrenko 'Badger' killed BlindDog using wpn_toz34
[10:30:14] [INBOUND] Initial +2 stalkers, +1 mutants (remaining S=1102 M=738)
[10:30:14] [MISSION] Sergei accepted ScoutPoi @ Garbage (196 RU)
[10:30:14] [TASK] Sergei → AcceptMission [ScoutPoi] (goal=AcceptMission)
[10:30:14] [GOAL] Sergei achieved AcceptMission
[10:30:14] [COMBAT] Andrei Petrov 'Scar' killed Mikhail Petrenko 'Phantom' using wpn_ak74m
[10:30:14] [COMBAT] Nikolai Ivanov 'Bone' killed Andrei Kovalenko 'Phantom' using wpn_vintorez
[10:30:14] [GEAR] Nikolai looted [helm_tactic] via combat
[10:30:15] [COMBAT] Heinrich Petrov 'Fox' killed Andriy Kovalenko 'Ash' using wpn_aek971
[10:30:15] [GEAR] Heinrich looted [wpn_sg550] via combat
[10:30:15] [COMBAT] Serhiy Kovalenko 'Razor' killed Lars Ivanov 'Ugly' using wpn_gauss
[10:30:15] [GEAR] Serhiy looted [wpn_sg550, arm_exo, helm_exo] via combat
[10:30:15] [MISSION] Nikolai accepted ScoutPoi @ Great Swamps (168 RU)
[10:30:15] [TASK] Nikolai → AcceptMission [ScoutPoi] (goal=AcceptMission)
[10:30:15] [GOAL] Nikolai achieved AcceptMission
[10:30:15] [INBOUND] Initial +2 stalkers, +1 mutants (remaining S=1100 M=737)
[10:30:15] [MISSION] Rustam accepted ScoutPoi @ Jupiter (Pripyat Industrial) (236 RU)
[10:30:15] [TASK] Rustam → AcceptMission [ScoutPoi] (goal=AcceptMission)
[10:30:15] [GOAL] Rustam achieved AcceptMission
[10:30:15] [COMBAT] Serhiy Petrov 'Razor' killed Pseudodog using wpn_ak74
[10:30:16] [COMBAT] Serhiy Petrenko 'Fox' killed Snork using wpn_gauss
[10:30:16] [COMBAT] Oleksiy Ivanov 'Crow' killed Fracture using wpn_pkm
[10:30:16] [INBOUND] Initial +2 stalkers, +2 mutants (remaining S=1098 M=735)
[10:30:17] [COMBAT] Andrei Sokolov 'Razor' killed Dmytro Sokolov 'Jackal' using wpn_pkm
[10:30:17] [GEAR] Andrei looted [wpn_pkm, out_exolight_outfit, helm_helm_battle] via combat
[10:30:17] [RANK] Dmytro Petrenko 'Fox' → Trainee
[10:30:17] [COMBAT] Dmytro Petrenko 'Fox' killed PsyDog using wpn_pkm
[10:30:17] [INBOUND] Initial +2 stalkers, +1 mutants (remaining S=1096 M=734)
[10:30:17] [MISSION] Taras accepted ScoutPoi @ Wild Territory (164 RU)
[10:30:17] [TASK] Taras → AcceptMission [ScoutPoi] (goal=AcceptMission)
[10:30:17] [GOAL] Taras achieved AcceptMission
[10:30:19] [INBOUND] Initial +2 stalkers, +2 mutants (remaining S=1094 M=732)
[10:30:19] [MISSION] Sergei accepted ScoutPoi @ Generators (230 RU)
[10:30:19] [TASK] Sergei → AcceptMission [ScoutPoi] (goal=AcceptMission)
[10:30:19] [GOAL] Sergei achieved AcceptMission
[10:30:19] [COMBAT] Dmytro Petrov 'Viper' killed Lars Volkov 'Phantom' using wpn_pm
[10:30:19] [GEAR] Dmytro looted [wpn_pm, out_stalker_autumn_outfit, helm_helm_respirator] via combat
[10:30:20] [INBOUND] Initial +2 stalkers, +1 mutants (remaining S=1092 M=731)
[10:30:20] [MISSION] Lasha accepted ScoutPoi @ Chernobyl Town (200 RU)
[10:30:20] [TASK] Lasha → AcceptMission [ScoutPoi] (goal=AcceptMission)
[10:30:20] [GOAL] Lasha achieved AcceptMission
[10:30:20] [COMBAT] Ivan Shevchenko 'Bullet' killed Mikhail Kovalenko 'Mole' using wpn_ak74
[10:30:20] [COMBAT] Viktor Petrenko 'Scar' killed Pseudodog using wpn_vintorez
[10:30:20] [COMBAT] Bohdan Melnyk 'Fox' killed Snork using wpn_val
[10:30:21] [INBOUND] Initial +2 stalkers, +1 mutants (remaining S=1090 M=730)
[10:30:21] [MISSION] Andriy accepted ScoutPoi @ Wild Territory (164 RU)
[10:30:21] [TASK] Andriy → AcceptMission [ScoutPoi] (goal=AcceptMission)
[10:30:21] [GOAL] Andriy achieved AcceptMission
[10:30:21] [COMBAT] Connor Popov 'Phantom' killed Bloodsucker using wpn_bm16
[10:30:22] [COMBAT] Mikhail Shevchenko 'Badger' killed Snork using wpn_rg6
[10:30:22] [INBOUND] Initial +2 stalkers, +2 mutants (remaining S=1088 M=728)
[10:30:23] [INBOUND] Initial +2 stalkers, +1 mutants (remaining S=1086 M=727)
[10:30:23] [MISSION] Lars accepted ScoutPoi @ Buriakivka Waste Site (160 RU)
[10:30:23] [TASK] Lars → AcceptMission [ScoutPoi] (goal=AcceptMission)
[10:30:23] [GOAL] Lars achieved AcceptMission
[10:30:23] [COMBAT] Taras Sokolov 'Spark' killed Bloodsucker using wpn_vintorez
[10:30:24] [INBOUND] Initial +2 stalkers, +1 mutants (remaining S=1084 M=726)
[10:30:24] [MISSION] Andriy accepted ScoutPoi @ Garbage (196 RU)
[10:30:24] [TASK] Andriy → AcceptMission [ScoutPoi] (goal=AcceptMission)
[10:30:24] [GOAL] Andriy achieved AcceptMission
[10:30:25] [COMBAT] Nodar Ivanov 'Wolf' killed Snork using wpn_pm
[10:30:25] [INBOUND] Initial +2 stalkers, +2 mutants (remaining S=1082 M=724)
[10:30:25] [MISSION] Giorgi accepted ScoutPoi @ Truck Cemetery (210 RU)
[10:30:25] [TASK] Giorgi → AcceptMission [ScoutPoi] (goal=AcceptMission)
[10:30:25] [GOAL] Giorgi achieved AcceptMission
[10:30:26] [COMBAT] Andrei Volkov 'Ash' killed Yuriy Bondarenko 'Scar' using wpn_g36
[10:30:27] [INBOUND] Initial +3 stalkers, +1 mutants (remaining S=1079 M=723)
[10:30:27] [MISSION] Nikolai accepted ScoutPoi @ Garbage (196 RU)
[10:30:27] [TASK] Nikolai → AcceptMission [ScoutPoi] (goal=AcceptMission)
[10:30:27] [GOAL] Nikolai achieved AcceptMission
[10:30:27] [MISSION] Oleg accepted ScoutPoi @ Radar (Brain Scorcher) (236 RU)
[10:30:27] [TASK] Oleg → AcceptMission [ScoutPoi] (goal=AcceptMission)
[10:30:27] [GOAL] Oleg achieved AcceptMission
[10:30:27] [COMBAT] Ivan Ivanov 'Viper' killed Mikhail Petrenko 'Bone' using wpn_pm
[10:30:27] [GEAR] Ivan looted [wpn_fort12] via combat
[10:30:27] [COMBAT] Heinrich Volkov 'Jackal' killed Boar using wpn_mp5
[10:30:28] [INBOUND] Initial +2 stalkers, +2 mutants (remaining S=1077 M=721)
[10:30:28] [MISSION] Andriy accepted ScoutPoi @ Zalissya (184 RU)
[10:30:28] [TASK] Andriy → AcceptMission [ScoutPoi] (goal=AcceptMission)
[10:30:28] [GOAL] Andriy achieved AcceptMission
[10:30:28] [COMBAT] Serhiy Ivanov 'Stitch' killed Snork using wpn_pkm
[10:30:28] [RANK] Oleg Petrov 'Bullet' → Trainee
[10:30:28] [COMBAT] Oleg Petrov 'Bullet' killed Pseudodog using wpn_aksu
[10:30:29] [INBOUND] Initial +2 stalkers, +1 mutants (remaining S=1075 M=720)
[10:30:29] [COMBAT] Andrei Sokolov 'Razor' killed Controller using wpn_pkm
[10:30:29] [MISSION] Yuriy accepted ScoutPoi @ Jupiter (Pripyat Industrial) (236 RU)
[10:30:29] [TASK] Yuriy → AcceptMission [ScoutPoi] (goal=AcceptMission)
[10:30:29] [GOAL] Yuriy achieved AcceptMission
[10:30:29] [COMBAT] Viktor Kovalenko 'Crow' killed Serhiy Kovalenko 'Razor' using wpn_aksu
[10:30:29] [GEAR] Viktor looted [wpn_gauss, wpn_sg550, helm_exo] via combat
[10:30:29] [COMBAT] Damir Volkov 'Stitch' killed Controller using wpn_mp5
[10:30:30] [COMBAT] Serhiy Petrov 'Razor' killed Bloodsucker using wpn_ak74
[10:30:30] [COMBAT] Marcus Bondarenko 'Fox' killed Lurker using wpn_rg6
[10:30:30] [INBOUND] Initial +2 stalkers, +1 mutants (remaining S=1073 M=719)
[10:30:30] [MISSION] Mikhail accepted ScoutPoi @ Dark Valley (168 RU)
[10:30:30] [TASK] Mikhail → AcceptMission [ScoutPoi] (goal=AcceptMission)
[10:30:30] [GOAL] Mikhail achieved AcceptMission
[10:30:30] [MISSION] Sergei accepted ScoutPoi @ Garbage (196 RU)
[10:30:30] [TASK] Sergei → AcceptMission [ScoutPoi] (goal=AcceptMission)
[10:30:30] [GOAL] Sergei achieved AcceptMission
[10:30:31] [TASK] Serhiy → TradeRun [poi_macro_2] (goal=VisitTrader)
[10:30:31] [GOAL] Serhiy achieved VisitTrader
[10:30:31] [MISSION] Serhiy accepted ScoutPoi @ Meadow (164 RU)
[10:30:31] [TASK] Serhiy → AcceptMission [ScoutPoi] (goal=AcceptMission)
[10:30:31] [GOAL] Serhiy achieved AcceptMission
[10:30:32] [INBOUND] Initial +2 stalkers, +2 mutants (remaining S=1071 M=717)
[10:30:33] [INBOUND] Initial +2 stalkers, +1 mutants (remaining S=1069 M=716)
[10:30:33] [MISSION] Vasyl accepted ScoutPoi @ Zaton (184 RU)
[10:30:33] [TASK] Vasyl → AcceptMission [ScoutPoi] (goal=AcceptMission)
[10:30:33] [GOAL] Vasyl achieved AcceptMission
[10:30:34] [INBOUND] Initial +2 stalkers, +2 mutants (remaining S=1067 M=714)
[10:30:34] [COMBAT] Andriy Petrov 'Bone' killed BlindDog using wpn_mp5
[10:30:35] [INBOUND] Initial +2 stalkers, +1 mutants (remaining S=1065 M=713)
[10:30:35] [COMBAT] Vasyl Petrov 'Phantom' killed Nodar Ivanov 'Wolf' using wpn_gauss
[10:30:35] [GEAR] Vasyl looted [helm_helm_resp] via combat
[10:30:36] [COMBAT] Nikolai Ivanov 'Bone' killed Sergei Bondarenko 'Jackal' using wpn_vintorez
[10:30:36] [GEAR] Nikolai looted [wpn_pb] via combat
[10:30:36] [INBOUND] Initial +2 stalkers, +1 mutants (remaining S=1063 M=712)
[10:30:36] [MISSION] Zura accepted ScoutPoi @ Dark Valley (168 RU)
[10:30:36] [TASK] Zura → AcceptMission [ScoutPoi] (goal=AcceptMission)
[10:30:36] [GOAL] Zura achieved AcceptMission
[10:30:37] [INBOUND] Initial +2 stalkers, +2 mutants (remaining S=1061 M=710)
[10:30:37] [SNAPSHOT] real=4.1min game=D0 00:10 alive S=178 M=145 corpses=502 lootable=250 gammaGear out=96 helm=156 avgRU=918 leaderGoals trade=1 mission=56 emission=Dormant nextIn=94gmin desperate=0 hungry=0 interval deaths=45 combats=64 tasks=180 gearLoot=10 gearBuy=0 missions=112 corpseDespawn=0 trickleSpawns=0 ranks=[Rookie:158,Trainee:9,Experienced:11] goals=[CompleteMission::56,Idle:33,Traveling:11,VisitTrader::1] leaders: Andriy[Rookie/CompleteMission:], Nikolai[Rookie/CompleteMission:], Oleg[Rookie/CompleteMission:], Giorgi[Rookie/CompleteMission:], Andriy[Rookie/CompleteMission:]
[10:30:37] [TASK] Alibek → TradeRun [poi_macro_8] (goal=VisitTrader)
[10:30:37] [GOAL] Alibek achieved VisitTrader
[10:30:37] [MISSION] Alibek accepted ScoutPoi @ Zalissya (184 RU)
[10:30:37] [TASK] Alibek → AcceptMission [ScoutPoi] (goal=AcceptMission)
[10:30:37] [GOAL] Alibek achieved AcceptMission
[10:30:38] [INBOUND] Initial +2 stalkers, +1 mutants (remaining S=1059 M=709)
[10:30:39] [INBOUND] Initial +2 stalkers, +2 mutants (remaining S=1057 M=707)
[10:30:39] [COMBAT] Lars Kovalenko 'Ghost' killed Rat using wpn_rg6
[10:30:40] [COMBAT] Dmytro Petrenko 'Viper' killed Pavel Petrov 'Phantom' using wpn_pkm
[10:30:40] [INBOUND] Initial +2 stalkers, +1 mutants (remaining S=1055 M=706)
[10:30:40] [MISSION] Heinrich accepted ScoutPoi @ Dark Valley (168 RU)
[10:30:40] [TASK] Heinrich → AcceptMission [ScoutPoi] (goal=AcceptMission)
[10:30:40] [GOAL] Heinrich achieved AcceptMission
[10:30:41] [COMBAT] Sergei Ivanov 'Phantom' killed Vasyl Petrenko 'Phantom' using wpn_toz34
[10:30:41] [INBOUND] Initial +2 stalkers, +1 mutants (remaining S=1053 M=705)
[10:30:42] [COMBAT] Nodar Kovalenko 'Bone' killed Rustam Melnyk 'Shadow' using wpn_fn2000
[10:30:43] [INBOUND] Initial +3 stalkers, +2 mutants (remaining S=1050 M=703)
[10:30:43] [MISSION] Andriy accepted ScoutPoi @ Limansk (190 RU)
[10:30:43] [TASK] Andriy → AcceptMission [ScoutPoi] (goal=AcceptMission)
[10:30:43] [GOAL] Andriy achieved AcceptMission
[10:30:43] [COMBAT] Oleksiy Shevchenko 'Spark' killed Nikolai Melnyk 'Stitches' using wpn_aksu
[10:30:43] [GEAR] Oleksiy looted [wpn_pb] via combat
[10:30:44] [INBOUND] Initial +2 stalkers, +1 mutants (remaining S=1048 M=702)
[10:30:44] [MISSION] Andriy accepted ScoutPoi @ Wild Territory (164 RU)
[10:30:44] [TASK] Andriy → AcceptMission [ScoutPoi] (goal=AcceptMission)
[10:30:44] [GOAL] Andriy achieved AcceptMission
[10:30:44] [COMBAT] Oleg Ivanov 'Phantom' killed Boar using wpn_svd
[10:30:45] [INBOUND] Initial +2 stalkers, +1 mutants (remaining S=1046 M=701)
[10:30:45] [MISSION] Karl accepted ScoutPoi @ Duga Radar (210 RU)
[10:30:45] [TASK] Karl → AcceptMission [ScoutPoi] (goal=AcceptMission)
[10:30:45] [GOAL] Karl achieved AcceptMission
[10:30:46] [INBOUND] Initial +2 stalkers, +2 mutants (remaining S=1044 M=699)
[10:30:47] [INBOUND] Initial +2 stalkers, +1 mutants (remaining S=1042 M=698)
[10:30:47] [COMBAT] Bohdan Petrov 'Viper' killed Bloodsucker using wpn_gauss
[10:30:47] [MISSION] Taras accepted ScoutPoi @ Limansk (190 RU)
[10:30:47] [TASK] Taras → AcceptMission [ScoutPoi] (goal=AcceptMission)
[10:30:47] [GOAL] Taras achieved AcceptMission
[10:30:48] [COMBAT] Sean Bondarenko 'Raven' killed Vasyl Petrov 'Phantom' using wpn_l96a1
[10:30:48] [GEAR] Sean looted [wpn_gauss, arm_exo] via combat
[10:30:48] [INBOUND] Initial +2 stalkers, +2 mutants (remaining S=1040 M=696)
[10:30:48] [MISSION] Taras accepted ScoutPoi @ Wild Territory (164 RU)
[10:30:48] [TASK] Taras → AcceptMission [ScoutPoi] (goal=AcceptMission)
[10:30:48] [GOAL] Taras achieved AcceptMission
[10:30:48] [COMBAT] Vasyl Volkov 'Shadow' killed Snork using wpn_ak74
[10:30:49] [INBOUND] Initial +2 stalkers, +1 mutants (remaining S=1038 M=695)
[10:30:49] [CORPSE] Despawned 1 bodies (lifetime=1)
[10:30:49] [MISSION] Dmytro accepted ScoutPoi @ Truck Cemetery (210 RU)
[10:30:49] [TASK] Dmytro → AcceptMission [ScoutPoi] (goal=AcceptMission)
[10:30:49] [GOAL] Dmytro achieved AcceptMission
[10:30:50] [COMBAT] Andrei Petrenko 'Jackal' killed Bloodsucker using wpn_p90
[10:30:50] [COMBAT] Sergei Petrov 'Ash' killed Lurker using wpn_toz34
[10:30:50] [INBOUND] Initial +2 stalkers, +1 mutants (remaining S=1036 M=694)
[10:30:50] [MISSION] Vasyl accepted ScoutPoi @ Buriakivka Waste Site (160 RU)
[10:30:50] [TASK] Vasyl → AcceptMission [ScoutPoi] (goal=AcceptMission)
[10:30:50] [GOAL] Vasyl achieved AcceptMission
[10:30:51] [COMBAT] Andriy Shevchenko 'Stitch' killed Burer using wpn_gauss
[10:30:51] [COMBAT] Dmytro Sokolov 'Spark' killed Pseudodog using wpn_mp5
[10:30:51] [RANK] Andrei Sokolov 'Razor' → Trainee
[10:30:51] [COMBAT] Andrei Sokolov 'Razor' killed Snork using wpn_pkm
[10:30:51] [COMBAT] Connor Shevchenko 'Wolf' killed Lurker using wpn_rg6
[10:30:52] [INBOUND] Initial +2 stalkers, +2 mutants (remaining S=1034 M=692)
[10:30:52] [MISSION] Andrei accepted ScoutPoi @ Jupiter (Pripyat Industrial) (236 RU)
[10:30:52] [TASK] Andrei → AcceptMission [ScoutPoi] (goal=AcceptMission)
[10:30:52] [GOAL] Andrei achieved AcceptMission
[10:30:52] [MISSION] Mikhail accepted ScoutPoi @ Dark Valley (168 RU)
[10:30:52] [TASK] Mikhail → AcceptMission [ScoutPoi] (goal=AcceptMission)
[10:30:52] [GOAL] Mikhail achieved AcceptMission
[10:30:53] [INBOUND] Initial +2 stalkers, +1 mutants (remaining S=1032 M=691)
[10:30:53] [MISSION] Vasyl accepted ScoutPoi @ Dark Valley (168 RU)
[10:30:53] [TASK] Vasyl → AcceptMission [ScoutPoi] (goal=AcceptMission)
[10:30:53] [GOAL] Vasyl achieved AcceptMission
[10:30:54] [COMBAT] Ivan Ivanov 'Viper' killed PsyDog using wpn_fort12
[10:30:54] [INBOUND] Initial +2 stalkers, +2 mutants (remaining S=1030 M=689)
[10:30:54] [MISSION] Yuriy accepted ScoutPoi @ Zalissya (184 RU)
[10:30:54] [TASK] Yuriy → AcceptMission [ScoutPoi] (goal=AcceptMission)
[10:30:54] [GOAL] Yuriy achieved AcceptMission
[10:30:54] [COMBAT] Oleg Kovalenko 'Wolf' killed Pseudodog using wpn_aksu
[10:30:55] [COMBAT] Giorgi Petrov 'Stitch' killed Bloodsucker using wpn_gauss
[10:30:55] [INBOUND] Initial +2 stalkers, +1 mutants (remaining S=1028 M=688)
[10:30:55] [MISSION] Oleksiy accepted ScoutPoi @ Meadow (164 RU)
[10:30:55] [TASK] Oleksiy → AcceptMission [ScoutPoi] (goal=AcceptMission)
[10:30:55] [GOAL] Oleksiy achieved AcceptMission
[10:30:55] [TASK] Pavel → TradeRun [poi_macro_8] (goal=VisitTrader)
[10:30:55] [GOAL] Pavel achieved VisitTrader
[10:30:55] [MISSION] Pavel accepted ScoutPoi @ Zalissya (184 RU)
[10:30:55] [TASK] Pavel → AcceptMission [ScoutPoi] (goal=AcceptMission)
[10:30:55] [GOAL] Pavel achieved AcceptMission
[10:30:56] [COMBAT] Jake Sokolov 'Viper' killed Poltergeist using wpn_vintorez
[10:30:56] [INBOUND] Initial +2 stalkers, +1 mutants (remaining S=1026 M=687)
[10:30:56] [MISSION] Andriy accepted ScoutPoi @ Garbage (196 RU)
[10:30:56] [TASK] Andriy → AcceptMission [ScoutPoi] (goal=AcceptMission)
[10:30:56] [GOAL] Andriy achieved AcceptMission
[10:30:57] [COMBAT] Bohdan Sokolov 'Viper' killed Bloodsucker using wpn_gauss
[10:30:57] [COMBAT] Oleksiy Shevchenko 'Spark' killed Lurker using wpn_aksu
[10:30:57] [INBOUND] Initial +3 stalkers, +2 mutants (remaining S=1023 M=685)
[10:30:58] [COMBAT] Andriy Shevchenko 'Raven' killed Burer using wpn_aksu
[10:30:58] [COMBAT] Nikolai Ivanov 'Bone' killed PsyDog using wpn_vintorez
[10:30:59] [INBOUND] Initial +2 stalkers, +1 mutants (remaining S=1021 M=684)
[10:30:59] [MISSION] Bohdan accepted ScoutPoi @ Zaton (184 RU)
[10:30:59] [TASK] Bohdan → AcceptMission [ScoutPoi] (goal=AcceptMission)
[10:30:59] [GOAL] Bohdan achieved AcceptMission
[10:30:59] [COMBAT] Rustam Melnyk 'Spark' killed Bloodsucker using wpn_fn2000
[10:30:59] [MISSION] Oleg arrived for ScoutPoi @ Bandit Base (travel=514m, work=220s game)
[10:31:00] [INBOUND] Initial +2 stalkers, +2 mutants (remaining S=1019 M=682)
[10:31:00] [MISSION] Sergei accepted ScoutPoi @ Red Forest (196 RU)
[10:31:00] [TASK] Sergei → AcceptMission [ScoutPoi] (goal=AcceptMission)
[10:31:00] [GOAL] Sergei achieved AcceptMission
[10:31:00] [COMBAT] Pavel Shevchenko 'Crow' killed Controller using wpn_ak74
[10:31:00] [COMBAT] Oleg Shevchenko 'Razor' killed Pavel Petrenko 'Ugly' using wpn_mp5
[10:31:01] [COMBAT] Mykola Shevchenko 'Phantom' killed Bloodsucker using wpn_mp5
[10:31:01] [INBOUND] Initial +2 stalkers, +1 mutants (remaining S=1017 M=681)
[10:31:01] [CORPSE] Despawned 2 bodies (lifetime=3)
[10:31:01] [MISSION] Oleksiy accepted ScoutPoi @ Garbage (196 RU)
[10:31:01] [TASK] Oleksiy → AcceptMission [ScoutPoi] (goal=AcceptMission)
[10:31:01] [GOAL] Oleksiy achieved AcceptMission
[10:31:02] [COMBAT] Tobias Shevchenko 'Razor' killed Burer using wpn_aksu
[10:31:02] [INBOUND] Initial +2 stalkers, +1 mutants (remaining S=1015 M=680)
[10:31:02] [MISSION] Taras accepted ScoutPoi @ Sarcophagus (184 RU)
[10:31:02] [TASK] Taras → AcceptMission [ScoutPoi] (goal=AcceptMission)
[10:31:02] [GOAL] Taras achieved AcceptMission
[10:31:02] [MISSION] Oleg arrived for ScoutPoi @ Bandit Base (travel=514m, work=220s game)
[10:31:03] [COMBAT] Sean Bondarenko 'Raven' killed Armen Volkov 'Jackal' using wpn_gauss
[10:31:03] [GEAR] Sean looted [wpn_pkm, wpn_desert_eagle] via combat
[10:31:03] [INBOUND] Initial +2 stalkers, +2 mutants (remaining S=1013 M=678)
[10:31:03] [MISSION] Bohdan accepted ScoutPoi @ Cordon (160 RU)
[10:31:03] [TASK] Bohdan → AcceptMission [ScoutPoi] (goal=AcceptMission)
[10:31:03] [GOAL] Bohdan achieved AcceptMission
[10:31:03] [COMBAT] Mykola Melnyk 'Scar' killed Controller using wpn_pkm
[10:31:04] [COMBAT] Viktor Kovalenko 'Crow' killed Bohdan Petrov 'Viper' using wpn_gauss
[10:31:04] [INBOUND] Initial +2 stalkers, +1 mutants (remaining S=1011 M=677)
[10:31:04] [MISSION] Taras accepted ScoutPoi @ Truck Cemetery (210 RU)
[10:31:04] [TASK] Taras → AcceptMission [ScoutPoi] (goal=AcceptMission)
[10:31:04] [GOAL] Taras achieved AcceptMission
[10:31:04] [MISSION] Oleg arrived for ScoutPoi @ Bandit Base (travel=514m, work=220s game)
[10:31:05] [COMBAT] Sergei Bondarenko 'Jackal' killed Controller using wpn_mp5
[10:31:05] [INBOUND] Initial +2 stalkers, +1 mutants (remaining S=1009 M=676)
[10:31:05] [MISSION] Bohdan accepted ScoutPoi @ Deserted Hospital (200 RU)
[10:31:05] [TASK] Bohdan → AcceptMission [ScoutPoi] (goal=AcceptMission)
[10:31:05] [GOAL] Bohdan achieved AcceptMission
[10:31:06] [MISSION] Oleg arrived for ScoutPoi @ Bandit Base (travel=514m, work=220s game)
[10:31:06] [COMBAT] Oleksiy Ivanov 'Crow' killed Vasyl Ivanov 'Badger' using wpn_pkm
[10:31:06] [GEAR] Oleksiy looted [helm_helm_respirator] via combat
[10:31:07] [INBOUND] Initial +2 stalkers, +2 mutants (remaining S=1007 M=674)
[10:31:07] [MISSION] Lasha accepted ScoutPoi @ Dead City (Chernobyl-2 Settlement) (190 RU)
[10:31:07] [TASK] Lasha → AcceptMission [ScoutPoi] (goal=AcceptMission)
[10:31:07] [GOAL] Lasha achieved AcceptMission
[10:31:07] [MISSION] Oleg arrived for ScoutPoi @ Bandit Base (travel=514m, work=220s game)
[10:31:07] [COMBAT] Dmytro Sokolov 'Spark' killed Vasyl Melnyk 'Ugly' using wpn_mp5
[10:31:07] [GEAR] Dmytro looted [wpn_pb, out_bandit_ps5_outfit, helm_helm_respirator] via combat
[10:31:08] [INBOUND] Initial +2 stalkers, +1 mutants (remaining S=1005 M=673)
[10:31:08] [SNAPSHOT] real=4.6min game=D0 00:11 alive S=198 M=158 corpses=559 lootable=286 gammaGear out=105 helm=171 avgRU=905 leaderGoals trade=0 mission=64 emission=Dormant nextIn=92gmin desperate=0 hungry=0 interval deaths=36 combats=60 tasks=26 gearLoot=5 gearBuy=0 missions=24 corpseDespawn=3 trickleSpawns=0 ranks=[Rookie:178,Trainee:10,Experienced:10] goals=[CompleteMission::64,Idle:41,Traveling:4] leaders: Lasha[Rookie/CompleteMission:], Bohdan[Rookie/CompleteMission:], Taras[Rookie/CompleteMission:], Bohdan[Rookie/CompleteMission:], Taras[Rookie/CompleteMission:]
[10:31:08] [TASK] Bohdan → FulfillMission [ScoutPoi] (goal=CompleteMission)
[10:31:08] [MISSION] Bohdan objective done ScoutPoi @ Arena → return to Zaton
[10:31:08] [TASK] Andriy → FulfillMission [ScoutPoi] (goal=CompleteMission)
[10:31:08] [MISSION] Andriy objective done ScoutPoi @ Derelict Stash → return to Garbage
[10:31:08] [TASK] Vasyl → FulfillMission [ScoutPoi] (goal=CompleteMission)
[10:31:08] [MISSION] Vasyl objective done ScoutPoi @ Overgrown Hut → return to Buriakivka Waste Site
[10:31:08] [TASK] Dmytro → FulfillMission [ScoutPoi] (goal=CompleteMission)
[10:31:08] [MISSION] Dmytro objective done ScoutPoi @ Bandit Base → return to Truck Cemetery
[10:31:08] [TASK] Taras → FulfillMission [ScoutPoi] (goal=CompleteMission)
[10:31:08] [MISSION] Taras objective done ScoutPoi @ Forgotten Shelter → return to Wild Territory
[10:31:08] [TASK] Zura → FulfillMission [ScoutPoi] (goal=CompleteMission)
[10:31:08] [MISSION] Zura objective done ScoutPoi @ Hidden Cairn → return to Dark Valley
[10:31:08] [TASK] Oleg → FulfillMission [ScoutPoi] (goal=CompleteMission)
[10:31:08] [MISSION] Oleg objective done ScoutPoi @ Bandit Base → return to Truck Cemetery
[10:31:08] [TASK] Mykola → FulfillMission [ScoutPoi] (goal=CompleteMission)
[10:31:08] [MISSION] Mykola objective done ScoutPoi @ Bandit Base → return to Truck Cemetery
[10:31:08] [TASK] Bohdan → FulfillMission [ScoutPoi] (goal=CompleteMission)
[10:31:08] [MISSION] Bohdan objective done ScoutPoi @ Hidden Hut → return to Red Forest
[10:31:08] [TASK] Sean → FulfillMission [ScoutPoi] (goal=CompleteMission)
[10:31:08] [MISSION] Sean objective done ScoutPoi @ Loot Crate (Rostok-Truck Ce) → return to Yantar
[10:31:08] [TASK] Dmytro → FulfillMission [ScoutPoi] (goal=CompleteMission)
[10:31:08] [MISSION] Dmytro objective done ScoutPoi @ Ruined Garage → return to Kopachi
[10:31:08] [TASK] Sergei → FulfillMission [ScoutPoi] (goal=CompleteMission)
[10:31:08] [MISSION] Sergei objective done ScoutPoi @ Makeshift Outpost → return to Chernobyl Town
[10:31:08] [TASK] Dmytro → FulfillMission [ScoutPoi] (goal=CompleteMission)
[10:31:08] [MISSION] Dmytro objective done ScoutPoi @ Abandoned Hut → return to Cordon
[10:31:08] [TASK] Nodar → FulfillMission [ScoutPoi] (goal=CompleteMission)
[10:31:08] [MISSION] Nodar objective done ScoutPoi @ Ruined Garage → return to Kopachi
[10:31:08] [TASK] Yuriy → FulfillMission [ScoutPoi] (goal=CompleteMission)
[10:31:08] [MISSION] Yuriy objective done ScoutPoi @ Abandoned Bus → return to Meadow
[10:31:08] [TASK] Vasyl → FulfillMission [ScoutPoi] (goal=CompleteMission)
[10:31:08] [MISSION] Vasyl objective done ScoutPoi @ Abandoned Hut → return to Cordon
[10:31:08] [TASK] Ivan → FulfillMission [ScoutPoi] (goal=CompleteMission)
[10:31:08] [MISSION] Ivan objective done ScoutPoi @ Hidden Hut → return to Red Forest
[10:31:08] [TASK] Mikhail → FulfillMission [ScoutPoi] (goal=CompleteMission)
[10:31:08] [MISSION] Mikhail objective done ScoutPoi @ Hidden Hut → return to Red Forest
[10:31:08] [TASK] Ivan → FulfillMission [ScoutPoi] (goal=CompleteMission)
[10:31:08] [MISSION] Ivan objective done ScoutPoi @ Abandoned Hut → return to Cordon
[10:31:08] [TASK] Taras → FulfillMission [ScoutPoi] (goal=CompleteMission)
[10:31:08] [MISSION] Taras objective done ScoutPoi @ Forgotten Shelter → return to Wild Territory
[10:31:08] [TASK] Nikolai → FulfillMission [ScoutPoi] (goal=CompleteMission)
[10:31:08] [MISSION] Nikolai objective done ScoutPoi @ Makeshift Camp (Cordon-Meadow) → return to Great Swamps
[10:31:08] [TASK] Dmytro → FulfillMission [ScoutPoi] (goal=CompleteMission)
[10:31:08] [MISSION] Dmytro objective done ScoutPoi @ Makeshift Outpost → return to Chernobyl Town
[10:31:08] [TASK] Yuriy → FulfillMission [ScoutPoi] (goal=CompleteMission)
[10:31:08] [MISSION] Yuriy objective done ScoutPoi @ Forgotten Pillbox → return to Zalissya
[10:31:08] [TASK] Mikhail → FulfillMission [ScoutPoi] (goal=CompleteMission)
[10:31:08] [MISSION] Mikhail objective done ScoutPoi @ Hidden Cairn → return to Dark Valley
[10:31:08] [TASK] Taras → FulfillMission [ScoutPoi] (goal=CompleteMission)
[10:31:08] [MISSION] Taras objective done ScoutPoi @ Duty Checkpoint → return to Limansk
[10:31:08] [TASK] Karl → FulfillMission [ScoutPoi] (goal=CompleteMission)
[10:31:08] [MISSION] Karl objective done ScoutPoi @ Mutant Den #0 near Dark Valley → return to Duga Radar
[10:31:08] [TASK] Andriy → FulfillMission [ScoutPoi] (goal=CompleteMission)
[10:31:08] [MISSION] Andriy objective done ScoutPoi @ Forgotten Shelter → return to Wild Territory
[10:31:08] [TASK] Andriy → FulfillMission [ScoutPoi] (goal=CompleteMission)
[10:31:08] [MISSION] Andriy objective done ScoutPoi @ Duty Checkpoint → return to Limansk
[10:31:08] [TASK] Mikhail → FulfillMission [ScoutPoi] (goal=CompleteMission)
[10:31:08] [MISSION] Mikhail objective done ScoutPoi @ Hidden Cairn → return to Dark Valley
[10:31:08] [TASK] Sergei → FulfillMission [ScoutPoi] (goal=CompleteMission)
[10:31:08] [MISSION] Sergei objective done ScoutPoi @ Derelict Stash → return to Garbage
[10:31:08] [TASK] Yuriy → FulfillMission [ScoutPoi] (goal=CompleteMission)
[10:31:08] [MISSION] Yuriy objective done ScoutPoi @ Windswept Cairn → return to Jupiter (Pripyat Industrial)
[10:31:08] [TASK] Taras → FulfillMission [ScoutPoi] (goal=CompleteMission)
[10:31:08] [MISSION] Taras objective done ScoutPoi @ Forgotten Shelter → return to Wild Territory
[10:31:08] [TASK] Sean → FulfillMission [ScoutPoi] (goal=CompleteMission)
[10:31:08] [MISSION] Sean objective done ScoutPoi @ Arena → return to Zaton
[10:31:08] [TASK] Ivan → FulfillMission [ScoutPoi] (goal=CompleteMission)
[10:31:08] [MISSION] Ivan objective done ScoutPoi @ Hidden Cairn → return to Dark Valley
[10:31:08] [TASK] Ivan → FulfillMission [ScoutPoi] (goal=CompleteMission)
[10:31:08] [MISSION] Ivan objective done ScoutPoi @ Abandoned Hut → return to Cordon
[10:31:08] [TASK] Oleg → FulfillMission [ScoutPoi] (goal=CompleteMission)
[10:31:08] [MISSION] Oleg objective done ScoutPoi @ Loot Crate (Rostok-Truck Ce) → return to Yantar
[10:31:08] [TASK] Andriy → FulfillMission [ScoutPoi] (goal=CompleteMission)
[10:31:08] [MISSION] Andriy objective done ScoutPoi @ Abandoned Hut → return to Cordon
[10:31:08] [TASK] Dmitri → FulfillMission [ScoutPoi] (goal=CompleteMission)
[10:31:08] [MISSION] Dmitri objective done ScoutPoi @ Forgotten Shelter → return to Wild Territory
[10:31:08] [TASK] Andrei → FulfillMission [ScoutPoi] (goal=CompleteMission)
[10:31:08] [MISSION] Andrei objective done ScoutPoi @ Forgotten Shelter → return to Wild Territory
[10:31:08] [TASK] Andriy → FulfillMission [ScoutPoi] (goal=CompleteMission)
[10:31:08] [MISSION] Andriy objective done ScoutPoi @ Abandoned Hut → return to Cordon
[10:31:08] [TASK] Taras → FulfillMission [ScoutPoi] (goal=CompleteMission)
[10:31:08] [MISSION] Taras objective done ScoutPoi @ Abandoned Bus → return to Meadow
[10:31:08] [TASK] Dmitri → FulfillMission [ScoutPoi] (goal=CompleteMission)
[10:31:08] [MISSION] Dmitri objective done ScoutPoi @ Forgotten Shelter → return to Wild Territory
[10:31:08] [TASK] Igor → FulfillMission [ScoutPoi] (goal=CompleteMission)
[10:31:08] [MISSION] Igor objective done ScoutPoi @ Forgotten Shelter → return to Wild Territory
[10:31:08] [TASK] Lukash → FulfillMission [ScoutPoi] (goal=CompleteMission)
[10:31:08] [MISSION] Lukash objective done ScoutPoi @ Collapsed Pillbox → return to Army Warehouses
[10:31:08] [TASK] Sidorovich → FulfillMission [ScoutPoi] (goal=CompleteMission)
[10:31:08] [MISSION] Sidorovich objective done ScoutPoi @ Abandoned Hut → return to Cordon
[10:31:08] [TASK] Lasha → FulfillMission [ScoutPoi] (goal=CompleteMission)
[10:31:08] [MISSION] Lasha objective done ScoutPoi @ Sunken Shack → return to Dead City (Chernobyl-2 Settlement)
[10:31:08] [TASK] Bohdan → FulfillMission [ScoutPoi] (goal=CompleteMission)
[10:31:08] [MISSION] Bohdan objective done ScoutPoi @ Makeshift Camp (Garbage-Agroprom) → return to Deserted Hospital
[10:31:08] [TASK] Taras → FulfillMission [ScoutPoi] (goal=CompleteMission)
[10:31:08] [MISSION] Taras objective done ScoutPoi @ Bandit Base → return to Truck Cemetery
[10:31:08] [TASK] Bohdan → FulfillMission [ScoutPoi] (goal=CompleteMission)
[10:31:08] [MISSION] Bohdan objective done ScoutPoi @ Abandoned Hut → return to Cordon
[10:31:08] [TASK] Taras → FulfillMission [ScoutPoi] (goal=CompleteMission)
[10:31:08] [MISSION] Taras objective done ScoutPoi @ Mutant Den #1 near Rostok → return to Sarcophagus
[10:31:08] [TASK] Oleksiy → FulfillMission [ScoutPoi] (goal=CompleteMission)
[10:31:08] [MISSION] Oleksiy objective done ScoutPoi @ Derelict Stash → return to Garbage
[10:31:08] [TASK] Sergei → FulfillMission [ScoutPoi] (goal=CompleteMission)
[10:31:08] [MISSION] Sergei objective done ScoutPoi @ Hidden Hut → return to Red Forest
[10:31:08] [TASK] Oleksiy → FulfillMission [ScoutPoi] (goal=CompleteMission)
[10:31:08] [MISSION] Oleksiy objective done ScoutPoi @ Abandoned Bus → return to Meadow
[10:31:08] [TASK] Giorgi → FulfillMission [ScoutPoi] (goal=CompleteMission)
[10:31:08] [MISSION] Giorgi objective done ScoutPoi @ Bandit Base → return to Truck Cemetery
[10:31:08] [TASK] Andriy → FulfillMission [ScoutPoi] (goal=CompleteMission)
[10:31:08] [MISSION] Andriy objective done ScoutPoi @ Derelict Stash → return to Garbage
[10:31:08] [TASK] Lars → FulfillMission [ScoutPoi] (goal=CompleteMission)
[10:31:08] [MISSION] Lars objective done ScoutPoi @ Overgrown Hut → return to Buriakivka Waste Site
[10:31:08] [TASK] Andriy → FulfillMission [ScoutPoi] (goal=CompleteMission)
[10:31:08] [MISSION] Andriy objective done ScoutPoi @ Forgotten Shelter → return to Wild Territory
[10:31:08] [TASK] Lasha → FulfillMission [ScoutPoi] (goal=CompleteMission)
[10:31:08] [MISSION] Lasha objective done ScoutPoi @ Makeshift Outpost → return to Chernobyl Town
[10:31:08] [TASK] Sergei → FulfillMission [ScoutPoi] (goal=CompleteMission)
[10:31:08] [MISSION] Sergei objective done ScoutPoi @ Derelict Stash → return to Garbage
[10:31:08] [TASK] Mykola → FulfillMission [ScoutPoi] (goal=CompleteMission)
[10:31:08] [MISSION] Mykola objective done ScoutPoi @ Ruined Garage → return to Kopachi
[10:31:08] [TASK] Giorgi → FulfillMission [ScoutPoi] (goal=CompleteMission)
[10:31:08] [MISSION] Giorgi objective done ScoutPoi @ Makeshift Outpost → return to Chernobyl Town
[10:31:08] [TASK] Mikhail → FulfillMission [ScoutPoi] (goal=CompleteMission)
[10:31:08] [MISSION] Mikhail objective done ScoutPoi @ Forgotten Shelter → return to Wild Territory
[10:31:08] [TASK] Mykola → FulfillMission [ScoutPoi] (goal=CompleteMission)
[10:31:08] [MISSION] Mykola objective done ScoutPoi @ Abandoned Hut → return to Cordon
[10:31:08] [TASK] Viktor → FulfillMission [ScoutPoi] (goal=CompleteMission)
[10:31:08] [MISSION] Viktor objective done ScoutPoi @ Collapsed Pillbox → return to Army Warehouses
[10:31:08] [TASK] Ivan → FulfillMission [ScoutPoi] (goal=CompleteMission)
[10:31:08] [MISSION] Ivan objective done ScoutPoi @ Abandoned Bus → return to Meadow
[10:31:08] [TASK] Serhiy → FulfillMission [ScoutPoi] (goal=CompleteMission)
[10:31:08] [MISSION] Serhiy objective done ScoutPoi @ Forgotten Shelter → return to Wild Territory
[10:31:08] [TASK] Andrei → FulfillMission [ScoutPoi] (goal=CompleteMission)
[10:31:08] [MISSION] Andrei objective done ScoutPoi @ Windswept Cairn → return to Jupiter (Pripyat Industrial)
[10:31:09] [INBOUND] Initial +2 stalkers, +2 mutants (remaining S=1003 M=671)
[10:31:09] [TASK] Lasha → TurnInMission [ScoutPoi] (goal=CompleteMission)
[10:31:09] [MISSION] Lasha turned in ScoutPoi @ Dead City (Chernobyl-2 Settlement) (+190 RU)
[10:31:09] [GOAL] Lasha achieved CompleteMission
[10:31:09] [TASK] Bohdan → TurnInMission [ScoutPoi] (goal=CompleteMission)
[10:31:09] [MISSION] Bohdan turned in ScoutPoi @ Deserted Hospital (+200 RU)
[10:31:09] [GOAL] Bohdan achieved CompleteMission
[10:31:09] [TASK] Taras → TurnInMission [ScoutPoi] (goal=CompleteMission)
[10:31:09] [MISSION] Taras turned in ScoutPoi @ Truck Cemetery (+210 RU)
[10:31:09] [GOAL] Taras achieved CompleteMission
[10:31:09] [TASK] Bohdan → TurnInMission [ScoutPoi] (goal=CompleteMission)
[10:31:09] [MISSION] Bohdan turned in ScoutPoi @ Cordon (+160 RU)
[10:31:09] [GOAL] Bohdan achieved CompleteMission
[10:31:09] [TASK] Taras → TurnInMission [ScoutPoi] (goal=CompleteMission)
[10:31:09] [MISSION] Taras turned in ScoutPoi @ Sarcophagus (+184 RU)
[10:31:09] [GOAL] Taras achieved CompleteMission
[10:31:09] [TASK] Oleksiy → TurnInMission [ScoutPoi] (goal=CompleteMission)
[10:31:09] [MISSION] Oleksiy turned in ScoutPoi @ Garbage (+196 RU)
[10:31:09] [GOAL] Oleksiy achieved CompleteMission
[10:31:09] [TASK] Sergei → TurnInMission [ScoutPoi] (goal=CompleteMission)
[10:31:09] [MISSION] Sergei turned in ScoutPoi @ Red Forest (+196 RU)
[10:31:09] [GOAL] Sergei achieved CompleteMission
[10:31:09] [TASK] Oleksiy → TurnInMission [ScoutPoi] (goal=CompleteMission)
[10:31:09] [MISSION] Oleksiy turned in ScoutPoi @ Meadow (+164 RU)
[10:31:09] [GOAL] Oleksiy achieved CompleteMission
[10:31:09] [TASK] Andriy → TurnInMission [ScoutPoi] (goal=CompleteMission)
[10:31:09] [MISSION] Andriy turned in ScoutPoi @ Garbage (+196 RU)
[10:31:09] [GOAL] Andriy achieved CompleteMission
[10:31:09] [TASK] Andriy → TurnInMission [ScoutPoi] (goal=CompleteMission)
[10:31:09] [MISSION] Andriy turned in ScoutPoi @ Wild Territory (+164 RU)
[10:31:09] [GOAL] Andriy achieved CompleteMission
[10:31:09] [TASK] Lasha → TurnInMission [ScoutPoi] (goal=CompleteMission)
[10:31:09] [MISSION] Lasha turned in ScoutPoi @ Chernobyl Town (+200 RU)
[10:31:09] [GOAL] Lasha achieved CompleteMission
[10:31:09] [TASK] Sergei → TurnInMission [ScoutPoi] (goal=CompleteMission)
[10:31:09] [MISSION] Sergei turned in ScoutPoi @ Garbage (+196 RU)
[10:31:09] [GOAL] Sergei achieved CompleteMission
[10:31:09] [TASK] Mykola → TurnInMission [ScoutPoi] (goal=CompleteMission)
[10:31:09] [MISSION] Mykola turned in ScoutPoi @ Kopachi (+196 RU)
[10:31:09] [GOAL] Mykola achieved CompleteMission
[10:31:09] [TASK] Giorgi → TurnInMission [ScoutPoi] (goal=CompleteMission)
[10:31:09] [MISSION] Giorgi turned in ScoutPoi @ Chernobyl Town (+200 RU)
[10:31:09] [GOAL] Giorgi achieved CompleteMission
[10:31:09] [TASK] Mikhail → TurnInMission [ScoutPoi] (goal=CompleteMission)
[10:31:09] [MISSION] Mikhail turned in ScoutPoi @ Wild Territory (+164 RU)
[10:31:09] [GOAL] Mikhail achieved CompleteMission
[10:31:09] [TASK] Mykola → TurnInMission [ScoutPoi] (goal=CompleteMission)
[10:31:09] [MISSION] Mykola turned in ScoutPoi @ Cordon (+160 RU)
[10:31:09] [GOAL] Mykola achieved CompleteMission
[10:31:09] [TASK] Viktor → TurnInMission [ScoutPoi] (goal=CompleteMission)
[10:31:09] [MISSION] Viktor turned in ScoutPoi @ Army Warehouses (+230 RU)
[10:31:09] [GOAL] Viktor achieved CompleteMission
[10:31:09] [TASK] Ivan → TurnInMission [ScoutPoi] (goal=CompleteMission)
[10:31:09] [MISSION] Ivan turned in ScoutPoi @ Meadow (+164 RU)
[10:31:09] [GOAL] Ivan achieved CompleteMission
[10:31:09] [TASK] Serhiy → TurnInMission [ScoutPoi] (goal=CompleteMission)
[10:31:09] [MISSION] Serhiy turned in ScoutPoi @ Wild Territory (+164 RU)
[10:31:09] [GOAL] Serhiy achieved CompleteMission
[10:31:09] [TASK] Andrei → TurnInMission [ScoutPoi] (goal=CompleteMission)
[10:31:09] [MISSION] Andrei turned in ScoutPoi @ Jupiter (Pripyat Industrial) (+236 RU)
[10:31:09] [GOAL] Andrei achieved CompleteMission
[10:31:09] [MISSION] Karl accepted ScoutPoi @ Truck Cemetery (210 RU)
[10:31:09] [TASK] Karl → AcceptMission [ScoutPoi] (goal=AcceptMission)
[10:31:09] [GOAL] Karl achieved AcceptMission
[10:31:09] [TASK] Andriy → TurnInMission [ScoutPoi] (goal=CompleteMission)
[10:31:09] [MISSION] Andriy turned in ScoutPoi @ Garbage (+196 RU)
[10:31:09] [GOAL] Andriy achieved CompleteMission
[10:31:09] [TASK] Taras → TurnInMission [ScoutPoi] (goal=CompleteMission)
[10:31:09] [MISSION] Taras turned in ScoutPoi @ Wild Territory (+164 RU)
[10:31:09] [GOAL] Taras achieved CompleteMission
[10:31:09] [TASK] Bohdan → TurnInMission [ScoutPoi] (goal=CompleteMission)
[10:31:09] [MISSION] Bohdan turned in ScoutPoi @ Red Forest (+196 RU)
[10:31:09] [GOAL] Bohdan achieved CompleteMission
[10:31:09] [TASK] Sean → TurnInMission [ScoutPoi] (goal=CompleteMission)
[10:31:09] [MISSION] Sean turned in ScoutPoi @ Yantar (+236 RU)
[10:31:09] [GOAL] Sean achieved CompleteMission
[10:31:09] [TASK] Dmytro → TurnInMission [ScoutPoi] (goal=CompleteMission)
[10:31:09] [MISSION] Dmytro turned in ScoutPoi @ Kopachi (+196 RU)
[10:31:09] [GOAL] Dmytro achieved CompleteMission
[10:31:09] [TASK] Sergei → TurnInMission [ScoutPoi] (goal=CompleteMission)
[10:31:09] [MISSION] Sergei turned in ScoutPoi @ Chernobyl Town (+200 RU)
[10:31:09] [GOAL] Sergei achieved CompleteMission
[10:31:09] [TASK] Dmytro → TurnInMission [ScoutPoi] (goal=CompleteMission)
[10:31:09] [MISSION] Dmytro turned in ScoutPoi @ Cordon (+160 RU)
[10:31:09] [GOAL] Dmytro achieved CompleteMission
[10:31:09] [TASK] Nodar → TurnInMission [ScoutPoi] (goal=CompleteMission)
[10:31:09] [MISSION] Nodar turned in ScoutPoi @ Kopachi (+196 RU)
[10:31:09] [GOAL] Nodar achieved CompleteMission
[10:31:09] [TASK] Yuriy → TurnInMission [ScoutPoi] (goal=CompleteMission)
[10:31:09] [MISSION] Yuriy turned in ScoutPoi @ Meadow (+164 RU)
[10:31:09] [GOAL] Yuriy achieved CompleteMission
[10:31:09] [TASK] Vasyl → TurnInMission [ScoutPoi] (goal=CompleteMission)
[10:31:09] [MISSION] Vasyl turned in ScoutPoi @ Cordon (+160 RU)
[10:31:09] [GOAL] Vasyl achieved CompleteMission
[10:31:09] [TASK] Ivan → TurnInMission [ScoutPoi] (goal=CompleteMission)
[10:31:09] [MISSION] Ivan turned in ScoutPoi @ Red Forest (+196 RU)
[10:31:09] [GOAL] Ivan achieved CompleteMission
[10:31:09] [TASK] Mikhail → TurnInMission [ScoutPoi] (goal=CompleteMission)
[10:31:09] [MISSION] Mikhail turned in ScoutPoi @ Red Forest (+196 RU)
[10:31:09] [GOAL] Mikhail achieved CompleteMission
[10:31:09] [TASK] Ivan → TurnInMission [ScoutPoi] (goal=CompleteMission)
[10:31:09] [MISSION] Ivan turned in ScoutPoi @ Cordon (+160 RU)
[10:31:09] [GOAL] Ivan achieved CompleteMission
[10:31:09] [TASK] Taras → TurnInMission [ScoutPoi] (goal=CompleteMission)
[10:31:09] [MISSION] Taras turned in ScoutPoi @ Wild Territory (+164 RU)
[10:31:09] [GOAL] Taras achieved CompleteMission
[10:31:09] [TASK] Dmytro → TurnInMission [ScoutPoi] (goal=CompleteMission)
[10:31:09] [MISSION] Dmytro turned in ScoutPoi @ Chernobyl Town (+200 RU)
[10:31:09] [GOAL] Dmytro achieved CompleteMission
[10:31:09] [TASK] Yuriy → TurnInMission [ScoutPoi] (goal=CompleteMission)
[10:31:09] [MISSION] Yuriy turned in ScoutPoi @ Zalissya (+184 RU)
[10:31:09] [GOAL] Yuriy achieved CompleteMission
[10:31:09] [TASK] Andriy → TurnInMission [ScoutPoi] (goal=CompleteMission)
[10:31:09] [MISSION] Andriy turned in ScoutPoi @ Wild Territory (+164 RU)
[10:31:09] [GOAL] Andriy achieved CompleteMission
[10:31:09] [TASK] Sergei → TurnInMission [ScoutPoi] (goal=CompleteMission)
[10:31:09] [MISSION] Sergei turned in ScoutPoi @ Garbage (+196 RU)
[10:31:09] [GOAL] Sergei achieved CompleteMission
[10:31:09] [TASK] Yuriy → TurnInMission [ScoutPoi] (goal=CompleteMission)
[10:31:09] [MISSION] Yuriy turned in ScoutPoi @ Jupiter (Pripyat Industrial) (+236 RU)
[10:31:09] [GOAL] Yuriy achieved CompleteMission
[10:31:09] [TASK] Taras → TurnInMission [ScoutPoi] (goal=CompleteMission)
[10:31:09] [MISSION] Taras turned in ScoutPoi @ Wild Territory (+164 RU)
[10:31:09] [GOAL] Taras achieved CompleteMission
[10:31:09] [TASK] Ivan → TurnInMission [ScoutPoi] (goal=CompleteMission)
[10:31:09] [MISSION] Ivan turned in ScoutPoi @ Cordon (+160 RU)
[10:31:09] [GOAL] Ivan achieved CompleteMission
[10:31:09] [TASK] Oleg → TurnInMission [ScoutPoi] (goal=CompleteMission)
[10:31:09] [MISSION] Oleg turned in ScoutPoi @ Yantar (+236 RU)
[10:31:09] [GOAL] Oleg achieved CompleteMission
[10:31:09] [TASK] Andriy → TurnInMission [ScoutPoi] (goal=CompleteMission)
[10:31:09] [MISSION] Andriy turned in ScoutPoi @ Cordon (+160 RU)
[10:31:09] [GOAL] Andriy achieved CompleteMission
[10:31:09] [TASK] Dmitri → TurnInMission [ScoutPoi] (goal=CompleteMission)
[10:31:09] [MISSION] Dmitri turned in ScoutPoi @ Wild Territory (+164 RU)
[10:31:09] [GOAL] Dmitri achieved CompleteMission
[10:31:09] [TASK] Andrei → TurnInMission [ScoutPoi] (goal=CompleteMission)
[10:31:09] [MISSION] Andrei turned in ScoutPoi @ Wild Territory (+164 RU)
[10:31:09] [GOAL] Andrei achieved CompleteMission
[10:31:09] [TASK] Andriy → TurnInMission [ScoutPoi] (goal=CompleteMission)
[10:31:09] [MISSION] Andriy turned in ScoutPoi @ Cordon (+160 RU)
[10:31:09] [GOAL] Andriy achieved CompleteMission
[10:31:09] [TASK] Taras → TurnInMission [ScoutPoi] (goal=CompleteMission)
[10:31:09] [MISSION] Taras turned in ScoutPoi @ Meadow (+164 RU)
[10:31:09] [GOAL] Taras achieved CompleteMission
[10:31:09] [TASK] Dmitri → TurnInMission [ScoutPoi] (goal=CompleteMission)
[10:31:09] [MISSION] Dmitri turned in ScoutPoi @ Wild Territory (+164 RU)
[10:31:09] [GOAL] Dmitri achieved CompleteMission
[10:31:09] [TASK] Igor → TurnInMission [ScoutPoi] (goal=CompleteMission)
[10:31:09] [MISSION] Igor turned in ScoutPoi @ Wild Territory (+164 RU)
[10:31:09] [GOAL] Igor achieved CompleteMission
[10:31:09] [TASK] Lukash → TurnInMission [ScoutPoi] (goal=CompleteMission)
[10:31:09] [MISSION] Lukash turned in ScoutPoi @ Army Warehouses (+230 RU)
[10:31:09] [GOAL] Lukash achieved CompleteMission
[10:31:09] [TASK] Sidorovich → TurnInMission [ScoutPoi] (goal=CompleteMission)
[10:31:09] [MISSION] Sidorovich turned in ScoutPoi @ Cordon (+160 RU)
[10:31:09] [GOAL] Sidorovich achieved CompleteMission
[10:31:09] [MISSION] Lasha accepted ScoutPoi @ Dead City (Chernobyl-2 Settlement) (190 RU)
[10:31:09] [TASK] Lasha → AcceptMission [ScoutPoi] (goal=AcceptMission)
[10:31:09] [GOAL] Lasha achieved AcceptMission
[10:31:09] [MISSION] Bohdan accepted ScoutPoi @ Deserted Hospital (200 RU)
[10:31:09] [TASK] Bohdan → AcceptMission [ScoutPoi] (goal=AcceptMission)
[10:31:09] [GOAL] Bohdan achieved AcceptMission
[10:31:09] [MISSION] Taras accepted ScoutPoi @ Truck Cemetery (210 RU)
[10:31:09] [TASK] Taras → AcceptMission [ScoutPoi] (goal=AcceptMission)
[10:31:09] [GOAL] Taras achieved AcceptMission
[10:31:09] [MISSION] Bohdan accepted ScoutPoi @ Cordon (160 RU)
[10:31:09] [TASK] Bohdan → AcceptMission [ScoutPoi] (goal=AcceptMission)
[10:31:09] [GOAL] Bohdan achieved AcceptMission
[10:31:09] [MISSION] Oleksiy accepted ScoutPoi @ Garbage (196 RU)
[10:31:09] [TASK] Oleksiy → AcceptMission [ScoutPoi] (goal=AcceptMission)
[10:31:09] [GOAL] Oleksiy achieved AcceptMission
[10:31:09] [MISSION] Sergei accepted ScoutPoi @ Red Forest (196 RU)
[10:31:09] [TASK] Sergei → AcceptMission [ScoutPoi] (goal=AcceptMission)
[10:31:09] [GOAL] Sergei achieved AcceptMission
[10:31:09] [MISSION] Oleksiy accepted ScoutPoi @ Meadow (164 RU)
[10:31:09] [TASK] Oleksiy → AcceptMission [ScoutPoi] (goal=AcceptMission)
[10:31:09] [GOAL] Oleksiy achieved AcceptMission
[10:31:09] [MISSION] Andriy accepted ScoutPoi @ Garbage (196 RU)
[10:31:09] [TASK] Andriy → AcceptMission [ScoutPoi] (goal=AcceptMission)
[10:31:09] [GOAL] Andriy achieved AcceptMission
[10:31:09] [MISSION] Andriy accepted ScoutPoi @ Wild Territory (164 RU)
[10:31:09] [TASK] Andriy → AcceptMission [ScoutPoi] (goal=AcceptMission)
[10:31:09] [GOAL] Andriy achieved AcceptMission
[10:31:09] [MISSION] Lasha accepted ScoutPoi @ Chernobyl Town (200 RU)
[10:31:09] [TASK] Lasha → AcceptMission [ScoutPoi] (goal=AcceptMission)
[10:31:09] [GOAL] Lasha achieved AcceptMission
[10:31:09] [MISSION] Sergei accepted ScoutPoi @ Garbage (196 RU)
[10:31:09] [TASK] Sergei → AcceptMission [ScoutPoi] (goal=AcceptMission)
[10:31:09] [GOAL] Sergei achieved AcceptMission
[10:31:09] [MISSION] Mykola accepted ScoutPoi @ Kopachi (196 RU)
[10:31:09] [TASK] Mykola → AcceptMission [ScoutPoi] (goal=AcceptMission)
[10:31:09] [GOAL] Mykola achieved AcceptMission
[10:31:09] [MISSION] Giorgi accepted ScoutPoi @ Chernobyl Town (200 RU)
[10:31:09] [TASK] Giorgi → AcceptMission [ScoutPoi] (goal=AcceptMission)
[10:31:09] [GOAL] Giorgi achieved AcceptMission
[10:31:09] [MISSION] Mikhail accepted ScoutPoi @ Wild Territory (164 RU)
[10:31:09] [TASK] Mikhail → AcceptMission [ScoutPoi] (goal=AcceptMission)
[10:31:09] [GOAL] Mikhail achieved AcceptMission
[10:31:09] [MISSION] Mykola accepted ScoutPoi @ Cordon (160 RU)
[10:31:09] [TASK] Mykola → AcceptMission [ScoutPoi] (goal=AcceptMission)
[10:31:09] [GOAL] Mykola achieved AcceptMission
[10:31:09] [MISSION] Viktor accepted ScoutPoi @ Army Warehouses (230 RU)
[10:31:09] [TASK] Viktor → AcceptMission [ScoutPoi] (goal=AcceptMission)
[10:31:09] [GOAL] Viktor achieved AcceptMission
[10:31:09] [MISSION] Ivan accepted ScoutPoi @ Meadow (164 RU)
[10:31:09] [TASK] Ivan → AcceptMission [ScoutPoi] (goal=AcceptMission)
[10:31:09] [GOAL] Ivan achieved AcceptMission
[10:31:09] [MISSION] Serhiy accepted ScoutPoi @ Wild Territory (164 RU)
[10:31:09] [TASK] Serhiy → AcceptMission [ScoutPoi] (goal=AcceptMission)
[10:31:09] [GOAL] Serhiy achieved AcceptMission
[10:31:09] [MISSION] Andrei accepted ScoutPoi @ Jupiter (Pripyat Industrial) (236 RU)
[10:31:09] [TASK] Andrei → AcceptMission [ScoutPoi] (goal=AcceptMission)
[10:31:09] [GOAL] Andrei achieved AcceptMission
[10:31:09] [MISSION] Andriy accepted ScoutPoi @ Garbage (196 RU)
[10:31:09] [TASK] Andriy → AcceptMission [ScoutPoi] (goal=AcceptMission)
[10:31:09] [GOAL] Andriy achieved AcceptMission
[10:31:09] [MISSION] Taras accepted ScoutPoi @ Wild Territory (164 RU)
[10:31:09] [TASK] Taras → AcceptMission [ScoutPoi] (goal=AcceptMission)
[10:31:09] [GOAL] Taras achieved AcceptMission
[10:31:09] [MISSION] Bohdan accepted ScoutPoi @ Red Forest (196 RU)
[10:31:09] [TASK] Bohdan → AcceptMission [ScoutPoi] (goal=AcceptMission)
[10:31:09] [GOAL] Bohdan achieved AcceptMission
[10:31:09] [MISSION] Sean accepted ScoutPoi @ Yantar (236 RU)
[10:31:09] [TASK] Sean → AcceptMission [ScoutPoi] (goal=AcceptMission)
[10:31:09] [GOAL] Sean achieved AcceptMission
[10:31:09] [MISSION] Dmytro accepted ScoutPoi @ Kopachi (196 RU)
[10:31:09] [TASK] Dmytro → AcceptMission [ScoutPoi] (goal=AcceptMission)
[10:31:09] [GOAL] Dmytro achieved AcceptMission
[10:31:09] [MISSION] Sergei accepted ScoutPoi @ Chernobyl Town (200 RU)
[10:31:09] [TASK] Sergei → AcceptMission [ScoutPoi] (goal=AcceptMission)
[10:31:09] [GOAL] Sergei achieved AcceptMission
[10:31:09] [MISSION] Dmytro accepted ScoutPoi @ Cordon (160 RU)
[10:31:09] [TASK] Dmytro → AcceptMission [ScoutPoi] (goal=AcceptMission)
[10:31:09] [GOAL] Dmytro achieved AcceptMission
[10:31:09] [MISSION] Nodar accepted ScoutPoi @ Kopachi (196 RU)
[10:31:09] [TASK] Nodar → AcceptMission [ScoutPoi] (goal=AcceptMission)
[10:31:09] [GOAL] Nodar achieved AcceptMission
[10:31:09] [MISSION] Yuriy accepted ScoutPoi @ Meadow (164 RU)
[10:31:09] [TASK] Yuriy → AcceptMission [ScoutPoi] (goal=AcceptMission)
[10:31:09] [GOAL] Yuriy achieved AcceptMission
[10:31:09] [MISSION] Vasyl accepted ScoutPoi @ Cordon (160 RU)
[10:31:09] [TASK] Vasyl → AcceptMission [ScoutPoi] (goal=AcceptMission)
[10:31:09] [GOAL] Vasyl achieved AcceptMission
[10:31:09] [MISSION] Ivan accepted ScoutPoi @ Red Forest (196 RU)
[10:31:09] [TASK] Ivan → AcceptMission [ScoutPoi] (goal=AcceptMission)
[10:31:09] [GOAL] Ivan achieved AcceptMission
[10:31:09] [MISSION] Mikhail accepted ScoutPoi @ Chistogalovka (236 RU)
[10:31:09] [TASK] Mikhail → AcceptMission [ScoutPoi] (goal=AcceptMission)
[10:31:09] [GOAL] Mikhail achieved AcceptMission
[10:31:09] [MISSION] Ivan accepted ScoutPoi @ Cordon (160 RU)
[10:31:09] [TASK] Ivan → AcceptMission [ScoutPoi] (goal=AcceptMission)
[10:31:09] [GOAL] Ivan achieved AcceptMission
[10:31:09] [MISSION] Taras accepted ScoutPoi @ Wild Territory (164 RU)
[10:31:09] [TASK] Taras → AcceptMission [ScoutPoi] (goal=AcceptMission)
[10:31:09] [GOAL] Taras achieved AcceptMission
[10:31:09] [MISSION] Dmytro accepted ScoutPoi @ Chernobyl Town (200 RU)
[10:31:09] [TASK] Dmytro → AcceptMission [ScoutPoi] (goal=AcceptMission)
[10:31:09] [GOAL] Dmytro achieved AcceptMission
[10:31:09] [MISSION] Yuriy accepted ScoutPoi @ Zalissya (184 RU)
[10:31:09] [TASK] Yuriy → AcceptMission [ScoutPoi] (goal=AcceptMission)
[10:31:09] [GOAL] Yuriy achieved AcceptMission
[10:31:09] [MISSION] Andriy accepted ScoutPoi @ Wild Territory (164 RU)
[10:31:09] [TASK] Andriy → AcceptMission [ScoutPoi] (goal=AcceptMission)
[10:31:09] [GOAL] Andriy achieved AcceptMission
[10:31:09] [MISSION] Sergei accepted ScoutPoi @ Garbage (196 RU)
[10:31:09] [TASK] Sergei → AcceptMission [ScoutPoi] (goal=AcceptMission)
[10:31:09] [GOAL] Sergei achieved AcceptMission
[10:31:10] [MISSION] Yuriy accepted ScoutPoi @ Jupiter (Pripyat Industrial) (236 RU)
[10:31:10] [TASK] Yuriy → AcceptMission [ScoutPoi] (goal=AcceptMission)
[10:31:10] [GOAL] Yuriy achieved AcceptMission
[10:31:10] [MISSION] Taras accepted ScoutPoi @ Wild Territory (164 RU)
[10:31:10] [TASK] Taras → AcceptMission [ScoutPoi] (goal=AcceptMission)
[10:31:10] [GOAL] Taras achieved AcceptMission
[10:31:10] [MISSION] Ivan accepted ScoutPoi @ Cordon (160 RU)
[10:31:10] [TASK] Ivan → AcceptMission [ScoutPoi] (goal=AcceptMission)
[10:31:10] [GOAL] Ivan achieved AcceptMission
[10:31:10] [MISSION] Oleg accepted ScoutPoi @ Yantar (236 RU)
[10:31:10] [TASK] Oleg → AcceptMission [ScoutPoi] (goal=AcceptMission)
[10:31:10] [GOAL] Oleg achieved AcceptMission
[10:31:10] [MISSION] Andriy accepted ScoutPoi @ Cordon (160 RU)
[10:31:10] [TASK] Andriy → AcceptMission [ScoutPoi] (goal=AcceptMission)
[10:31:10] [GOAL] Andriy achieved AcceptMission
[10:31:10] [MISSION] Dmitri accepted ScoutPoi @ Wild Territory (164 RU)
[10:31:10] [TASK] Dmitri → AcceptMission [ScoutPoi] (goal=AcceptMission)
[10:31:10] [GOAL] Dmitri achieved AcceptMission
[10:31:10] [MISSION] Andrei accepted ScoutPoi @ Wild Territory (164 RU)
[10:31:10] [TASK] Andrei → AcceptMission [ScoutPoi] (goal=AcceptMission)
[10:31:10] [GOAL] Andrei achieved AcceptMission
[10:31:10] [MISSION] Andriy accepted ScoutPoi @ Cordon (160 RU)
[10:31:10] [TASK] Andriy → AcceptMission [ScoutPoi] (goal=AcceptMission)
[10:31:10] [GOAL] Andriy achieved AcceptMission
[10:31:10] [MISSION] Taras accepted ScoutPoi @ Meadow (164 RU)
[10:31:10] [TASK] Taras → AcceptMission [ScoutPoi] (goal=AcceptMission)
[10:31:10] [GOAL] Taras achieved AcceptMission
[10:31:10] [MISSION] Dmitri accepted ScoutPoi @ Wild Territory (164 RU)
[10:31:10] [TASK] Dmitri → AcceptMission [ScoutPoi] (goal=AcceptMission)
[10:31:10] [GOAL] Dmitri achieved AcceptMission
[10:31:10] [MISSION] Igor accepted ScoutPoi @ Wild Territory (164 RU)
[10:31:10] [TASK] Igor → AcceptMission [ScoutPoi] (goal=AcceptMission)
[10:31:10] [GOAL] Igor achieved AcceptMission
[10:31:10] [MISSION] Lukash accepted ScoutPoi @ Army Warehouses (230 RU)
[10:31:10] [TASK] Lukash → AcceptMission [ScoutPoi] (goal=AcceptMission)
[10:31:10] [GOAL] Lukash achieved AcceptMission
[10:31:10] [MISSION] Sidorovich accepted ScoutPoi @ Cordon (160 RU)
[10:31:10] [TASK] Sidorovich → AcceptMission [ScoutPoi] (goal=AcceptMission)
[10:31:10] [GOAL] Sidorovich achieved AcceptMission
[10:31:15] [COMBAT] Igor Shevchenko 'Ash' killed Snork using wpn_gauss
[10:31:16] [INBOUND] Initial +2 stalkers, +1 mutants (remaining S=1001 M=670)
[10:31:16] [MISSION] Yuriy accepted ScoutPoi @ Buriakivka Waste Site (160 RU)
[10:31:16] [TASK] Yuriy → AcceptMission [ScoutPoi] (goal=AcceptMission)
[10:31:16] [GOAL] Yuriy achieved AcceptMission
[10:31:17] [INBOUND] Initial +2 stalkers, +1 mutants (remaining S=999 M=669)
[10:31:17] [MISSION] Taras accepted ScoutPoi @ Radar (Brain Scorcher) (236 RU)
[10:31:17] [TASK] Taras → AcceptMission [ScoutPoi] (goal=AcceptMission)
[10:31:17] [GOAL] Taras achieved AcceptMission
[10:31:17] [COMBAT] Taras Ivanov 'Fox' killed Lurker using wpn_mp5
[10:31:18] [INBOUND] Initial +3 stalkers, +2 mutants (remaining S=996 M=667)
[10:31:18] [MISSION] Taras accepted ScoutPoi @ Agroprom (184 RU)
[10:31:18] [TASK] Taras → AcceptMission [ScoutPoi] (goal=AcceptMission)
[10:31:18] [GOAL] Taras achieved AcceptMission
[10:31:19] [COMBAT] Pavel Melnyk 'Scar' killed Bloodsucker using wpn_toz34
[10:31:19] [INBOUND] Initial +2 stalkers, +1 mutants (remaining S=994 M=666)
[10:31:19] [MISSION] Sean accepted ScoutPoi @ Army Warehouses (230 RU)
[10:31:19] [TASK] Sean → AcceptMission [ScoutPoi] (goal=AcceptMission)
[10:31:19] [GOAL] Sean achieved AcceptMission
[10:31:19] [COMBAT] Giorgi Petrov 'Stitch' killed Connor Ivanov 'Stitch' using wpn_gauss
[10:31:19] [GEAR] Giorgi looted [wpn_mp5, helm_helm_tactic] via combat
[10:31:20] [COMBAT] Lars Melnyk 'Crow' killed Fracture using wpn_aksu
[10:31:20] [COMBAT] Mikhail Bondarenko 'Bullet' killed Pseudodog using wpn_pkm
[10:31:20] [COMBAT] Igor Bondarenko 'Viper' killed Bloodsucker using wpn_pkm
[10:31:20] [INBOUND] Initial +2 stalkers, +2 mutants (remaining S=992 M=664)
[10:31:20] [MISSION] Zura accepted ScoutPoi @ Dark Valley (168 RU)
[10:31:20] [TASK] Zura → AcceptMission [ScoutPoi] (goal=AcceptMission)
[10:31:20] [GOAL] Zura achieved AcceptMission
[10:31:20] [COMBAT] Andriy Petrenko 'The Nail' killed Andriy Petrenko 'Ghost' using wpn_toz34
[10:31:20] [GEAR] Andriy looted [wpn_aksu] via combat
[10:31:20] [COMBAT] Zura Shevchenko 'Phantom' killed Bloodsucker using wpn_toz34
[10:31:20] [COMBAT] Pavel Petrov 'Raven' killed Controller using wpn_ak74m
[10:31:21] [COMBAT] Yuriy Petrenko 'Badger' killed Rat using wpn_fn2000
[10:31:21] [INBOUND] Initial +2 stalkers, +1 mutants (remaining S=990 M=663)
[10:31:21] [MISSION] Nikolai accepted ScoutPoi @ Limansk (190 RU)
[10:31:21] [TASK] Nikolai → AcceptMission [ScoutPoi] (goal=AcceptMission)
[10:31:21] [GOAL] Nikolai achieved AcceptMission
[10:31:22] [COMBAT] Dmitri Popov 'Jackal' killed Poltergeist using wpn_ak74
[10:31:22] [COMBAT] Bohdan Bondarenko 'Fox' killed Dmitri Sokolov 'Stitch' using wpn_pm
[10:31:22] [GEAR] Bohdan looted [wpn_gauss, wpn_fort12, out_monolith_outfit, helm_gas] via combat
[10:31:22] [INBOUND] Initial +2 stalkers, +1 mutants (remaining S=988 M=662)
[10:31:23] [COMBAT] Yuriy Petrenko 'Badger' killed Pseudodog using wpn_toz34
[10:31:23] [COMBAT] Dmytro Petrenko 'Fox' killed PsyDog using wpn_pkm
[10:31:24] [INBOUND] Initial +2 stalkers, +2 mutants (remaining S=986 M=660)
[10:31:24] [MISSION] Viktor accepted ScoutPoi @ Garbage (196 RU)
[10:31:24] [TASK] Viktor → AcceptMission [ScoutPoi] (goal=AcceptMission)
[10:31:24] [GOAL] Viktor achieved AcceptMission
[10:31:24] [COMBAT] Yuriy Melnyk 'Whisper' killed Andriy Ivanov 'Spark' using wpn_pm
[10:31:24] [GEAR] Yuriy looted [out_stalker_autumn_outfit, helm_helm_respirator_gp5] via combat
[10:31:25] [INBOUND] Initial +2 stalkers, +1 mutants (remaining S=984 M=659)
[10:31:25] [MISSION] Damir accepted ScoutPoi @ Deserted Hospital (200 RU)
[10:31:25] [TASK] Damir → AcceptMission [ScoutPoi] (goal=AcceptMission)
[10:31:25] [GOAL] Damir achieved AcceptMission
[10:31:25] [COMBAT] Timur Volkov 'Ghost' killed Bloodsucker using wpn_ak74
[10:31:25] [COMBAT] Viktor Melnyk 'Mole' killed Chimera using wpn_gauss
[10:31:25] [COMBAT] Oleksiy Shevchenko 'Spark' killed Rat using wpn_aksu
[10:31:26] [INBOUND] Initial +2 stalkers, +2 mutants (remaining S=982 M=657)
[10:31:26] [MISSION] Viktor accepted ScoutPoi @ Meadow (164 RU)
[10:31:26] [TASK] Viktor → AcceptMission [ScoutPoi] (goal=AcceptMission)
[10:31:26] [GOAL] Viktor achieved AcceptMission
[10:31:27] [INBOUND] Initial +2 stalkers, +1 mutants (remaining S=980 M=656)
[10:31:28] [COMBAT] Bohdan Bondarenko 'Wolf' killed Andrei Volkov 'Ash' using wpn_ak74
[10:31:28] [GEAR] Bohdan looted [wpn_g36, wpn_fort12, arm_freedom, helm_exo] via combat
[10:31:28] [INBOUND] Initial +2 stalkers, +1 mutants (remaining S=978 M=655)
[10:31:28] [COMBAT] Damir Bondarenko 'Fox' killed Lurker using wpn_fn2000
[10:31:28] [MISSION] Bohdan accepted ScoutPoi @ Buriakivka Waste Site (160 RU)
[10:31:28] [TASK] Bohdan → AcceptMission [ScoutPoi] (goal=AcceptMission)
[10:31:28] [GOAL] Bohdan achieved AcceptMission
[10:31:29] [COMBAT] Mykola Bondarenko 'Stitches' killed Oleksiy Petrov 'Viper' using wpn_bm16
[10:31:29] [GEAR] Mykola looted [wpn_aksu, out_stalker_outfit] via combat
[10:31:29] [INBOUND] Initial +2 stalkers, +2 mutants (remaining S=976 M=653)
[10:31:29] [CORPSE] Despawned 3 bodies (lifetime=6)
[10:31:29] [MISSION] Andriy accepted ScoutPoi @ Zaton (184 RU)
[10:31:29] [TASK] Andriy → AcceptMission [ScoutPoi] (goal=AcceptMission)
[10:31:29] [GOAL] Andriy achieved AcceptMission
[10:31:29] [COMBAT] Andriy Ivanov 'Ash' killed Sean Bondarenko 'Raven' using wpn_pkm
[10:31:29] [GEAR] Andriy looted [helm_exo] via combat
[10:31:30] [INBOUND] Initial +2 stalkers, +1 mutants (remaining S=974 M=652)
[10:31:30] [MISSION] Yuriy accepted ScoutPoi @ Limansk (190 RU)
[10:31:30] [TASK] Yuriy → AcceptMission [ScoutPoi] (goal=AcceptMission)
[10:31:30] [GOAL] Yuriy achieved AcceptMission
[10:31:31] [COMBAT] Bakhyt Melnyk 'Bone' killed Snork using wpn_gauss
[10:31:32] [INBOUND] Initial +2 stalkers, +1 mutants (remaining S=972 M=651)
[10:31:32] [COMBAT] Giorgi Petrov 'Stitch' killed Lasha Melnyk 'Whisper' using wpn_gauss
[10:31:32] [GEAR] Giorgi looted [helm_helm_metro] via combat
[10:31:32] [COMBAT] Yuriy Shevchenko 'Bone' killed Bloodsucker using wpn_mp5
[10:31:33] [INBOUND] Initial +2 stalkers, +2 mutants (remaining S=970 M=649)
[10:31:33] [MISSION] Igor accepted ScoutPoi @ Sarcophagus (184 RU)
[10:31:33] [TASK] Igor → AcceptMission [ScoutPoi] (goal=AcceptMission)
[10:31:33] [GOAL] Igor achieved AcceptMission
[10:31:33] [COMBAT] Oleksiy Petrov 'Badger' killed Lurker using wpn_ak74
[10:31:34] [INBOUND] Initial +3 stalkers, +1 mutants (remaining S=967 M=648)
[10:31:34] [MISSION] Bakhyt accepted ScoutPoi @ Dead City (Chernobyl-2 Settlement) (190 RU)
[10:31:34] [TASK] Bakhyt → AcceptMission [ScoutPoi] (goal=AcceptMission)
[10:31:34] [GOAL] Bakhyt achieved AcceptMission
[10:31:34] [MISSION] Nikolai accepted ScoutPoi @ Army Warehouses (230 RU)
[10:31:34] [TASK] Nikolai → AcceptMission [ScoutPoi] (goal=AcceptMission)
[10:31:34] [GOAL] Nikolai achieved AcceptMission
[10:31:34] [MISSION] Dmytro accepted ScoutPoi @ Dark Valley (168 RU)
[10:31:34] [TASK] Dmytro → AcceptMission [ScoutPoi] (goal=AcceptMission)
[10:31:34] [GOAL] Dmytro achieved AcceptMission
[10:31:35] [COMBAT] Igor Sokolov 'Ash' killed Snork using wpn_svd
[10:31:35] [COMBAT] Andrei Bondarenko 'Phantom' killed Flesh using wpn_aksu
[10:31:35] [COMBAT] Sergei Bondarenko 'Jackal' killed Nikolai Sokolov 'Bone' using wpn_mp5
[10:31:35] [GEAR] Sergei looted [wpn_pkm, wpn_desert_eagle, out_monolith_scientific_outfit] via combat
[10:31:35] [INBOUND] Initial +2 stalkers, +2 mutants (remaining S=965 M=646)
[10:31:35] [MISSION] Mikhail accepted ScoutPoi @ Jupiter (Pripyat Industrial) (236 RU)
[10:31:35] [TASK] Mikhail → AcceptMission [ScoutPoi] (goal=AcceptMission)
[10:31:35] [GOAL] Mikhail achieved AcceptMission
[10:31:36] [INBOUND] Initial +2 stalkers, +1 mutants (remaining S=963 M=645)
[10:31:36] [MISSION] Taras accepted ScoutPoi @ Meadow (164 RU)
[10:31:36] [TASK] Taras → AcceptMission [ScoutPoi] (goal=AcceptMission)
[10:31:36] [GOAL] Taras achieved AcceptMission
[10:31:36] [COMBAT] Andriy Shevchenko 'Raven' killed Taras Popov 'Phantom' using wpn_aksu
[10:31:36] [GEAR] Andriy looted [wpn_pkm, arm_exo, helm_helm_metro] via combat
[10:31:37] [COMBAT] Ivan Shevchenko 'Bullet' killed Bohdan Bondarenko 'Fox' using wpn_ak74
[10:31:37] [GEAR] Ivan looted [wpn_gauss, wpn_fort12] via combat
[10:31:37] [INBOUND] Initial +2 stalkers, +1 mutants (remaining S=961 M=644)
[10:31:38] [COMBAT] Sean Bondarenko 'Mole' killed Pseudodog using wpn_mp5
[10:31:38] [COMBAT] Igor Petrenko 'Crow' killed Fracture using wpn_g36
[10:31:38] [INBOUND] Initial +2 stalkers, +2 mutants (remaining S=959 M=642)
[10:31:38] [SNAPSHOT] real=5.1min game=D0 00:12 alive S=205 M=166 corpses=618 lootable=321 gammaGear out=106 helm=181 avgRU=939 leaderGoals trade=1 mission=62 emission=Dormant nextIn=91gmin desperate=0 hungry=0 interval deaths=39 combats=62 tasks=187 gearLoot=11 gearBuy=0 missions=120 corpseDespawn=3 trickleSpawns=0 ranks=[Rookie:174,Trainee:14,Experienced:17] goals=[CompleteMission::61,Idle:40,Traveling:9,AcceptMission::1] leaders: Igor[Rookie/AcceptMission:], Nikolai[Rookie/CompleteMission:], Sean[Rookie/CompleteMission:], Taras[Rookie/CompleteMission:], Bohdan[Rookie/CompleteMission:]
[10:31:38] [MISSION] Igor accepted ScoutPoi @ Dark Valley (168 RU)
[10:31:38] [TASK] Igor → AcceptMission [ScoutPoi] (goal=AcceptMission)
[10:31:38] [GOAL] Igor achieved AcceptMission
[10:31:40] [INBOUND] Initial +2 stalkers, +1 mutants (remaining S=957 M=641)
[10:31:40] [MISSION] Andriy accepted ScoutPoi @ Limansk (190 RU)
[10:31:40] [TASK] Andriy → AcceptMission [ScoutPoi] (goal=AcceptMission)
[10:31:40] [GOAL] Andriy achieved AcceptMission
[10:31:40] [MISSION] Rustam accepted ScoutPoi @ Dark Valley (168 RU)
[10:31:40] [TASK] Rustam → AcceptMission [ScoutPoi] (goal=AcceptMission)
[10:31:40] [GOAL] Rustam achieved AcceptMission
[10:31:40] [COMBAT] Viktor Kovalenko 'Crow' killed Vasyl Volkov 'Shadow' using wpn_gauss
[10:31:40] [COMBAT] Andriy Petrov 'Crow' killed Snork using wpn_aksu
[10:31:41] [INBOUND] Initial +2 stalkers, +2 mutants (remaining S=955 M=639)
[10:31:41] [CORPSE] Despawned 5 bodies (lifetime=11)
[10:31:41] [COMBAT] Andriy Volkov 'Mole' killed Pseudodog using wpn_aksu
[10:31:41] [MISSION] Sergei accepted ScoutPoi @ Zaton (184 RU)
[10:31:41] [TASK] Sergei → AcceptMission [ScoutPoi] (goal=AcceptMission)
[10:31:41] [GOAL] Sergei achieved AcceptMission
[10:31:41] [COMBAT] Taras Petrenko 'Shadow' killed Tushkano using wpn_mp5
[10:31:42] [RANK] Oleg Kovalenko 'Wolf' → Experienced
[10:31:42] [COMBAT] Oleg Kovalenko 'Wolf' killed PsyDog using wpn_aksu
[10:31:42] [COMBAT] Ivan Volkov 'Mole' killed Lurker using wpn_toz34
[10:31:42] [INBOUND] Initial +2 stalkers, +1 mutants (remaining S=953 M=638)
[10:31:42] [MISSION] Alexei accepted ScoutPoi @ Generators (230 RU)
[10:31:42] [TASK] Alexei → AcceptMission [ScoutPoi] (goal=AcceptMission)
[10:31:42] [GOAL] Alexei achieved AcceptMission
[10:31:42] [COMBAT] Andrei Melnyk 'Ash' killed Pseudodog using wpn_gauss
[10:31:42] [COMBAT] Alexei Bondarenko 'Badger' killed Rustam Shevchenko 'The Nail' using wpn_ak74
[10:31:43] [TASK] Andriy → TradeRun [poi_macro_6] (goal=VisitTrader)
[10:31:43] [GOAL] Andriy achieved VisitTrader
[10:31:43] [INBOUND] Initial +2 stalkers, +1 mutants (remaining S=951 M=637)
[10:31:43] [MISSION] Andriy accepted ScoutPoi @ Chistogalovka (236 RU)
[10:31:43] [TASK] Andriy → AcceptMission [ScoutPoi] (goal=AcceptMission)
[10:31:43] [GOAL] Andriy achieved AcceptMission
[10:31:44] [COMBAT] Dmytro Sokolov 'Spark' killed Alexei Popov 'Mole' using wpn_mp5
[10:31:44] [INBOUND] Initial +2 stalkers, +2 mutants (remaining S=949 M=635)
[10:31:44] [MISSION] Mikhail accepted ScoutPoi @ Deserted Hospital (200 RU)
[10:31:44] [TASK] Mikhail → AcceptMission [ScoutPoi] (goal=AcceptMission)
[10:31:44] [GOAL] Mikhail achieved AcceptMission
[10:31:44] [COMBAT] Ivan Petrov 'Raven' killed Igor Petrov 'Phantom' using wpn_pkm
[10:31:44] [MISSION] Igor accepted ScoutPoi @ Chernobyl Town (200 RU)
[10:31:44] [TASK] Igor → AcceptMission [ScoutPoi] (goal=AcceptMission)
[10:31:44] [GOAL] Igor achieved AcceptMission
[10:31:44] [COMBAT] Oleksiy Petrov 'Badger' killed PsyDog using wpn_ak74
[10:31:45] [COMBAT] Mikhail Shevchenko 'Badger' killed Rat using wpn_rg6
[10:31:45] [COMBAT] Alexei Volkov 'Broken Nose' killed Yuriy Shevchenko 'Bone' using wpn_fort12
[10:31:45] [GEAR] Alexei looted [wpn_mp5, out_stalker_tigerstripe_outfit, helm_helm_respirator_old] via combat
[10:31:45] [INBOUND] Initial +2 stalkers, +1 mutants (remaining S=947 M=634)
[10:31:46] [COMBAT] Jake Sokolov 'One-Eye' killed Boar using wpn_l96a1
[10:31:46] [INBOUND] Initial +2 stalkers, +2 mutants (remaining S=945 M=632)
[10:31:46] [COMBAT] Oleg Ivanov 'Phantom' killed Snork using wpn_svd
[10:31:47] [COMBAT] Damir Volkov 'Stitch' killed Snork using wpn_mp5
[10:31:47] [INBOUND] Initial +2 stalkers, +1 mutants (remaining S=943 M=631)
[10:31:48] [COMBAT] Mykola Volkov 'Mole' killed Snork using wpn_pkm
[10:31:48] [INBOUND] Initial +3 stalkers, +1 mutants (remaining S=940 M=630)
[10:31:48] [MISSION] Pavel accepted ScoutPoi @ Red Forest (196 RU)
[10:31:48] [TASK] Pavel → AcceptMission [ScoutPoi] (goal=AcceptMission)
[10:31:48] [GOAL] Pavel achieved AcceptMission
[10:31:49] [COMBAT] Pavel Shevchenko 'Badger' killed Boar using wpn_val
[10:31:50] [INBOUND] Initial +2 stalkers, +2 mutants (remaining S=938 M=628)
[10:31:50] [COMBAT] Alexei Petrov 'Wolf' killed Bloodsucker using wpn_gauss
[10:31:51] [INBOUND] Initial +2 stalkers, +1 mutants (remaining S=936 M=627)
[10:31:51] [MISSION] Marcus accepted ScoutPoi @ Duga Radar (210 RU)
[10:31:51] [TASK] Marcus → AcceptMission [ScoutPoi] (goal=AcceptMission)
[10:31:51] [GOAL] Marcus achieved AcceptMission
[10:31:51] [COMBAT] Andriy Bondarenko 'Wolf' killed Fracture using wpn_spas12
[10:31:51] [COMBAT] Taras Kovalenko 'Bone' killed Andriy Petrenko 'The Nail' using wpn_sg550
[10:31:51] [GEAR] Taras looted [wpn_pb] via combat
[10:31:52] [INBOUND] Initial +2 stalkers, +1 mutants (remaining S=934 M=626)
[10:31:52] [CORPSE] Despawned 9 bodies (lifetime=20)
[10:31:52] [COMBAT] Alexei Petrov 'Spark' killed Controller using wpn_val
[10:31:52] [COMBAT] Viktor Kovalenko 'Crow' killed Snork using wpn_gauss
[10:31:53] [COMBAT] Bohdan Petrov 'Mole' killed Sergei Petrenko 'Two-Fingers' using wpn_pkm
[10:31:53] [INBOUND] Initial +2 stalkers, +2 mutants (remaining S=932 M=624)
[10:31:53] [COMBAT] Lasha Ivanov 'Stitch' killed Serhiy Kovalenko 'Razor' using wpn_ak74
[10:31:53] [MISSION] Mikhail accepted ScoutPoi @ Red Forest (196 RU)
[10:31:53] [TASK] Mikhail → AcceptMission [ScoutPoi] (goal=AcceptMission)
[10:31:53] [GOAL] Mikhail achieved AcceptMission
[10:31:54] [COMBAT] Igor Shevchenko 'Ash' killed Ivan Kovalenko 'Spark' using wpn_gauss
[10:31:54] [GEAR] Igor looted [wpn_g36] via combat
[10:31:54] [INBOUND] Initial +2 stalkers, +1 mutants (remaining S=930 M=623)
[10:31:54] [MISSION] Mykola accepted ScoutPoi @ Red Forest (196 RU)
[10:31:54] [TASK] Mykola → AcceptMission [ScoutPoi] (goal=AcceptMission)
[10:31:54] [GOAL] Mykola achieved AcceptMission
[10:31:54] [COMBAT] Serhiy Ivanov 'Badger' killed Bloodsucker using wpn_vintorez
[10:31:55] [COMBAT] Zura Shevchenko 'Phantom' killed Sergei Sokolov 'Crow' using wpn_toz34
[10:31:55] [GEAR] Zura looted [helm_helm_bandana] via combat
[10:31:55] [INBOUND] Initial +2 stalkers, +2 mutants (remaining S=928 M=621)
[10:31:55] [MISSION] Nikolai accepted ScoutPoi @ Sarcophagus (184 RU)
[10:31:55] [TASK] Nikolai → AcceptMission [ScoutPoi] (goal=AcceptMission)
[10:31:55] [GOAL] Nikolai achieved AcceptMission
[10:31:56] [COMBAT] Ivan Sokolov 'One-Eye' killed PsyDog using wpn_fort12
[10:31:56] [COMBAT] Giorgi Ivanov 'Razor' killed Controller using wpn_p90
[10:31:56] [INBOUND] Initial +2 stalkers, +1 mutants (remaining S=926 M=620)
[10:31:56] [MISSION] Igor accepted ScoutPoi @ Limansk (190 RU)
[10:31:56] [TASK] Igor → AcceptMission [ScoutPoi] (goal=AcceptMission)
[10:31:56] [GOAL] Igor achieved AcceptMission
[10:31:57] [RANK] Nikolai Ivanov 'Bone' → Trainee
[10:31:57] [COMBAT] Nikolai Ivanov 'Bone' killed Fracture using wpn_vintorez
[10:31:57] [COMBAT] Viktor Melnyk 'Mole' killed Bloodsucker using wpn_gauss
[10:31:58] [INBOUND] Initial +2 stalkers, +1 mutants (remaining S=924 M=619)
[10:31:58] [MISSION] Mykola accepted ScoutPoi @ Wild Territory (164 RU)
[10:31:58] [TASK] Mykola → AcceptMission [ScoutPoi] (goal=AcceptMission)
[10:31:58] [GOAL] Mykola achieved AcceptMission
[10:31:59] [INBOUND] Initial +2 stalkers, +2 mutants (remaining S=922 M=617)
[10:31:59] [MISSION] Taras accepted ScoutPoi @ Dark Valley (168 RU)
[10:31:59] [TASK] Taras → AcceptMission [ScoutPoi] (goal=AcceptMission)
[10:31:59] [GOAL] Taras achieved AcceptMission
[10:32:00] [INBOUND] Initial +2 stalkers, +1 mutants (remaining S=920 M=616)
[10:32:00] [COMBAT] Oleg Kovalenko 'Bullet' killed Burer using wpn_gauss
[10:32:00] [COMBAT] Andriy Ivanov 'Ash' killed Andrei Ivanov 'Ghost' using wpn_pkm
[10:32:00] [GEAR] Andriy looted [arm_freedom] via combat
[10:32:01] [COMBAT] Dmytro Petrenko 'Crow' killed Lurker using wpn_gauss
[10:32:01] [INBOUND] Initial +2 stalkers, +2 mutants (remaining S=918 M=614)
[10:32:01] [MISSION] Bohdan accepted ScoutPoi @ Meadow (164 RU)
[10:32:01] [TASK] Bohdan → AcceptMission [ScoutPoi] (goal=AcceptMission)
[10:32:01] [GOAL] Bohdan achieved AcceptMission
[10:32:01] [COMBAT] Igor Volkov 'Crow' killed Fracture using wpn_fn2000
[10:32:02] [COMBAT] Oleksiy Kovalenko 'Badger' killed PsyDog using wpn_aksu
[10:32:02] [INBOUND] Initial +2 stalkers, +1 mutants (remaining S=916 M=613)
[10:32:02] [MISSION] Oleksiy accepted ScoutPoi @ Deserted Hospital (200 RU)
[10:32:02] [TASK] Oleksiy → AcceptMission [ScoutPoi] (goal=AcceptMission)
[10:32:02] [GOAL] Oleksiy achieved AcceptMission
[10:32:03] [COMBAT] Taras Bondarenko 'Crow' killed Alexei Volkov 'Broken Nose' using wpn_mp5
[10:32:03] [GEAR] Taras looted [wpn_mp5, out_stalker_tigerstripe_outfit, helm_helm_respirator_old] via combat
[10:32:03] [COMBAT] Sergei Kovalenko 'Fox' killed Nikolai Popov 'Ash' using wpn_mp5
[10:32:03] [GEAR] Sergei looted [wpn_fort12, out_monolith_scientific_outfit, helm_helm_battle] via combat
[10:32:03] [COMBAT] Ivan Petrov 'Raven' killed Bohdan Popov 'Badger' using wpn_pkm
[10:32:03] [INBOUND] Initial +3 stalkers, +1 mutants (remaining S=913 M=612)
[10:32:03] [CORPSE] Despawned 6 bodies (lifetime=26)
[10:32:03] [MISSION] Tobias accepted ScoutPoi @ Dead City (Chernobyl-2 Settlement) (190 RU)
[10:32:03] [TASK] Tobias → AcceptMission [ScoutPoi] (goal=AcceptMission)
[10:32:03] [GOAL] Tobias achieved AcceptMission
[10:32:03] [MISSION] Mykola accepted ScoutPoi @ Cordon (160 RU)
[10:32:03] [TASK] Mykola → AcceptMission [ScoutPoi] (goal=AcceptMission)
[10:32:03] [GOAL] Mykola achieved AcceptMission
[10:32:04] [INBOUND] Initial +2 stalkers, +2 mutants (remaining S=911 M=610)
[10:32:04] [COMBAT] Alexei Bondarenko 'Badger' killed Igor Petrov 'Jackal' using wpn_ak74
[10:32:04] [GEAR] Alexei looted [wpn_pm, helm_helm_respirator] via combat
[10:32:05] [COMBAT] Nodar Kovalenko 'Bone' killed Andriy Popov 'Spark' using wpn_fn2000
[10:32:06] [INBOUND] Initial +2 stalkers, +1 mutants (remaining S=909 M=609)
[10:32:06] [MISSION] Vasyl accepted ScoutPoi @ Garbage (196 RU)
[10:32:06] [TASK] Vasyl → AcceptMission [ScoutPoi] (goal=AcceptMission)
[10:32:06] [GOAL] Vasyl achieved AcceptMission
[10:32:06] [COMBAT] Yuriy Volkov 'Viper' killed Flesh using wpn_pkm
[10:32:07] [INBOUND] Initial +2 stalkers, +2 mutants (remaining S=907 M=607)
[10:32:07] [MISSION] Jake accepted ScoutPoi @ Dead City (Chernobyl-2 Settlement) (190 RU)
[10:32:07] [TASK] Jake → AcceptMission [ScoutPoi] (goal=AcceptMission)
[10:32:07] [GOAL] Jake achieved AcceptMission
[10:32:07] [MISSION] Oleksiy accepted ScoutPoi @ Buriakivka Waste Site (160 RU)
[10:32:07] [TASK] Oleksiy → AcceptMission [ScoutPoi] (goal=AcceptMission)
[10:32:07] [GOAL] Oleksiy achieved AcceptMission
[10:32:07] [MISSION] Karl arrived for ScoutPoi @ Bandit Base (travel=567m, work=220s game)
[10:32:08] [INBOUND] Initial +2 stalkers, +1 mutants (remaining S=905 M=606)
[10:32:08] [TASK] Viktor → FulfillMission [ScoutPoi] (goal=CompleteMission)
[10:32:08] [MISSION] Viktor objective done ScoutPoi @ Abandoned Bus → return to Meadow
[10:32:08] [TASK] Damir → FulfillMission [ScoutPoi] (goal=CompleteMission)
[10:32:08] [MISSION] Damir objective done ScoutPoi @ Makeshift Camp (Garbage-Agroprom) → return to Deserted Hospital
[10:32:08] [TASK] Andriy → FulfillMission [ScoutPoi] (goal=CompleteMission)
[10:32:08] [MISSION] Andriy objective done ScoutPoi @ Forgotten Shelter → return to Wild Territory
[10:32:08] [TASK] Sergei → FulfillMission [ScoutPoi] (goal=CompleteMission)
[10:32:08] [MISSION] Sergei objective done ScoutPoi @ Derelict Stash → return to Garbage
[10:32:08] [TASK] Ivan → FulfillMission [ScoutPoi] (goal=CompleteMission)
[10:32:08] [MISSION] Ivan objective done ScoutPoi @ Abandoned Hut → return to Cordon
[10:32:08] [TASK] Oleg → FulfillMission [ScoutPoi] (goal=CompleteMission)
[10:32:08] [MISSION] Oleg objective done ScoutPoi @ Loot Crate (Rostok-Truck Ce) → return to Yantar
[10:32:08] [TASK] Andriy → FulfillMission [ScoutPoi] (goal=CompleteMission)
[10:32:08] [MISSION] Andriy objective done ScoutPoi @ Abandoned Hut → return to Cordon
[10:32:08] [TASK] Dmitri → FulfillMission [ScoutPoi] (goal=CompleteMission)
[10:32:08] [MISSION] Dmitri objective done ScoutPoi @ Forgotten Shelter → return to Wild Territory
[10:32:08] [TASK] Andrei → FulfillMission [ScoutPoi] (goal=CompleteMission)
[10:32:08] [MISSION] Andrei objective done ScoutPoi @ Forgotten Shelter → return to Wild Territory
[10:32:08] [TASK] Andriy → FulfillMission [ScoutPoi] (goal=CompleteMission)
[10:32:08] [MISSION] Andriy objective done ScoutPoi @ Abandoned Hut → return to Cordon
[10:32:08] [TASK] Taras → FulfillMission [ScoutPoi] (goal=CompleteMission)
[10:32:08] [MISSION] Taras objective done ScoutPoi @ Abandoned Bus → return to Meadow
[10:32:08] [TASK] Dmitri → FulfillMission [ScoutPoi] (goal=CompleteMission)
[10:32:08] [MISSION] Dmitri objective done ScoutPoi @ Forgotten Shelter → return to Wild Territory
[10:32:08] [TASK] Nikolai → FulfillMission [ScoutPoi] (goal=CompleteMission)
[10:32:08] [MISSION] Nikolai objective done ScoutPoi @ Collapsed Pillbox → return to Army Warehouses
[10:32:08] [TASK] Lukash → FulfillMission [ScoutPoi] (goal=CompleteMission)
[10:32:08] [MISSION] Lukash objective done ScoutPoi @ Collapsed Pillbox → return to Army Warehouses
[10:32:08] [TASK] Sidorovich → FulfillMission [ScoutPoi] (goal=CompleteMission)
[10:32:08] [MISSION] Sidorovich objective done ScoutPoi @ Abandoned Hut → return to Cordon
[10:32:08] [TASK] Bohdan → FulfillMission [ScoutPoi] (goal=CompleteMission)
[10:32:08] [MISSION] Bohdan objective done ScoutPoi @ Abandoned Bus → return to Meadow
[10:32:08] [TASK] Taras → FulfillMission [ScoutPoi] (goal=CompleteMission)
[10:32:08] [MISSION] Taras objective done ScoutPoi @ Hidden Cairn → return to Dark Valley
[10:32:08] [TASK] Pavel → FulfillMission [ScoutPoi] (goal=CompleteMission)
[10:32:08] [MISSION] Pavel objective done ScoutPoi @ Hidden Hut → return to Red Forest
[10:32:08] [TASK] Andriy → FulfillMission [ScoutPoi] (goal=CompleteMission)
[10:32:08] [MISSION] Andriy objective done ScoutPoi @ Duty Checkpoint → return to Limansk
[10:32:08] [TASK] Nikolai → FulfillMission [ScoutPoi] (goal=CompleteMission)
[10:32:08] [MISSION] Nikolai objective done ScoutPoi @ Duty Checkpoint → return to Limansk
[10:32:08] [TASK] Taras → FulfillMission [ScoutPoi] (goal=CompleteMission)
[10:32:08] [MISSION] Taras objective done ScoutPoi @ Mutant Den #1 near Rostok → return to Agroprom
[10:32:08] [TASK] Bohdan → FulfillMission [ScoutPoi] (goal=CompleteMission)
[10:32:08] [MISSION] Bohdan objective done ScoutPoi @ Makeshift Camp (Garbage-Agroprom) → return to Deserted Hospital
[10:32:08] [TASK] Bohdan → FulfillMission [ScoutPoi] (goal=CompleteMission)
[10:32:08] [MISSION] Bohdan objective done ScoutPoi @ Abandoned Hut → return to Cordon
[10:32:08] [TASK] Oleksiy → FulfillMission [ScoutPoi] (goal=CompleteMission)
[10:32:08] [MISSION] Oleksiy objective done ScoutPoi @ Derelict Stash → return to Garbage
[10:32:08] [TASK] Andriy → FulfillMission [ScoutPoi] (goal=CompleteMission)
[10:32:08] [MISSION] Andriy objective done ScoutPoi @ Forgotten Shelter → return to Wild Territory
[10:32:08] [TASK] Lasha → FulfillMission [ScoutPoi] (goal=CompleteMission)
[10:32:08] [MISSION] Lasha objective done ScoutPoi @ Makeshift Outpost → return to Chernobyl Town
[10:32:08] [TASK] Sergei → FulfillMission [ScoutPoi] (goal=CompleteMission)
[10:32:08] [MISSION] Sergei objective done ScoutPoi @ Derelict Stash → return to Garbage
[10:32:08] [TASK] Mykola → FulfillMission [ScoutPoi] (goal=CompleteMission)
[10:32:08] [MISSION] Mykola objective done ScoutPoi @ Ruined Garage → return to Kopachi
[10:32:08] [TASK] Mikhail → FulfillMission [ScoutPoi] (goal=CompleteMission)
[10:32:08] [MISSION] Mikhail objective done ScoutPoi @ Forgotten Shelter → return to Wild Territory
[10:32:08] [TASK] Mykola → FulfillMission [ScoutPoi] (goal=CompleteMission)
[10:32:08] [MISSION] Mykola objective done ScoutPoi @ Abandoned Hut → return to Cordon
[10:32:08] [TASK] Viktor → FulfillMission [ScoutPoi] (goal=CompleteMission)
[10:32:08] [MISSION] Viktor objective done ScoutPoi @ Collapsed Pillbox → return to Army Warehouses
[10:32:08] [TASK] Serhiy → FulfillMission [ScoutPoi] (goal=CompleteMission)
[10:32:08] [MISSION] Serhiy objective done ScoutPoi @ Forgotten Shelter → return to Wild Territory
[10:32:08] [TASK] Andrei → FulfillMission [ScoutPoi] (goal=CompleteMission)
[10:32:08] [MISSION] Andrei objective done ScoutPoi @ Windswept Cairn → return to Jupiter (Pripyat Industrial)
[10:32:08] [TASK] Mykola → FulfillMission [ScoutPoi] (goal=CompleteMission)
[10:32:08] [MISSION] Mykola objective done ScoutPoi @ Forgotten Shelter → return to Wild Territory
[10:32:08] [TASK] Igor → FulfillMission [ScoutPoi] (goal=CompleteMission)
[10:32:08] [MISSION] Igor objective done ScoutPoi @ Duty Checkpoint → return to Limansk
[10:32:08] [TASK] Nikolai → FulfillMission [ScoutPoi] (goal=CompleteMission)
[10:32:08] [MISSION] Nikolai objective done ScoutPoi @ Mutant Den #1 near Rostok → return to Sarcophagus
[10:32:08] [TASK] Mykola → FulfillMission [ScoutPoi] (goal=CompleteMission)
[10:32:08] [MISSION] Mykola objective done ScoutPoi @ Hidden Hut → return to Red Forest
[10:32:08] [TASK] Marcus → FulfillMission [ScoutPoi] (goal=CompleteMission)
[10:32:08] [MISSION] Marcus objective done ScoutPoi @ Mutant Den #0 near Dark Valley → return to Duga Radar
[10:32:08] [TASK] Andriy → FulfillMission [ScoutPoi] (goal=CompleteMission)
[10:32:08] [MISSION] Andriy objective done ScoutPoi @ Mutant Den #0 near Truck Cemetery → return to Chistogalovka
[10:32:08] [TASK] Alexei → FulfillMission [ScoutPoi] (goal=CompleteMission)
[10:32:08] [MISSION] Alexei objective done ScoutPoi @ Hidden Stash (Rostok-Wild Ter) → return to Generators
[10:32:08] [TASK] Sergei → FulfillMission [ScoutPoi] (goal=CompleteMission)
[10:32:08] [MISSION] Sergei objective done ScoutPoi @ Arena → return to Zaton
[10:32:08] [TASK] Taras → FulfillMission [ScoutPoi] (goal=CompleteMission)
[10:32:08] [MISSION] Taras objective done ScoutPoi @ Abandoned Bus → return to Meadow
[10:32:08] [TASK] Mikhail → FulfillMission [ScoutPoi] (goal=CompleteMission)
[10:32:08] [MISSION] Mikhail objective done ScoutPoi @ Windswept Cairn → return to Jupiter (Pripyat Industrial)
[10:32:08] [TASK] Bakhyt → FulfillMission [ScoutPoi] (goal=CompleteMission)
[10:32:08] [MISSION] Bakhyt objective done ScoutPoi @ Sunken Shack → return to Dead City (Chernobyl-2 Settlement)
[10:32:08] [TASK] Zura → FulfillMission [ScoutPoi] (goal=CompleteMission)
[10:32:08] [MISSION] Zura objective done ScoutPoi @ Hidden Cairn → return to Dark Valley
[10:32:08] [TASK] Taras → FulfillMission [ScoutPoi] (goal=CompleteMission)
[10:32:08] [MISSION] Taras objective done ScoutPoi @ Windswept Cabin → return to Radar (Brain Scorcher)
[10:32:08] [TASK] Karl → FulfillMission [ScoutPoi] (goal=CompleteMission)
[10:32:08] [MISSION] Karl objective done ScoutPoi @ Bandit Base → return to Truck Cemetery
[10:32:08] [TASK] Taras → FulfillMission [ScoutPoi] (goal=CompleteMission)
[10:32:08] [MISSION] Taras objective done ScoutPoi @ Forgotten Shelter → return to Wild Territory
[10:32:08] [TASK] Dmytro → FulfillMission [ScoutPoi] (goal=CompleteMission)
[10:32:08] [MISSION] Dmytro objective done ScoutPoi @ Hidden Cairn → return to Dark Valley
[10:32:08] [TASK] Sean → FulfillMission [ScoutPoi] (goal=CompleteMission)
[10:32:08] [MISSION] Sean objective done ScoutPoi @ Loot Crate (Rostok-Truck Ce) → return to Yantar
[10:32:08] [TASK] Dmytro → FulfillMission [ScoutPoi] (goal=CompleteMission)
[10:32:08] [MISSION] Dmytro objective done ScoutPoi @ Ruined Garage → return to Kopachi
[10:32:08] [TASK] Sergei → FulfillMission [ScoutPoi] (goal=CompleteMission)
[10:32:08] [MISSION] Sergei objective done ScoutPoi @ Makeshift Outpost → return to Chernobyl Town
[10:32:08] [TASK] Dmytro → FulfillMission [ScoutPoi] (goal=CompleteMission)
[10:32:08] [MISSION] Dmytro objective done ScoutPoi @ Abandoned Hut → return to Cordon
[10:32:08] [TASK] Nodar → FulfillMission [ScoutPoi] (goal=CompleteMission)
[10:32:08] [MISSION] Nodar objective done ScoutPoi @ Ruined Garage → return to Kopachi
[10:32:08] [TASK] Yuriy → FulfillMission [ScoutPoi] (goal=CompleteMission)
[10:32:08] [MISSION] Yuriy objective done ScoutPoi @ Abandoned Bus → return to Meadow
[10:32:08] [TASK] Vasyl → FulfillMission [ScoutPoi] (goal=CompleteMission)
[10:32:08] [MISSION] Vasyl objective done ScoutPoi @ Abandoned Hut → return to Cordon
[10:32:08] [TASK] Ivan → FulfillMission [ScoutPoi] (goal=CompleteMission)
[10:32:08] [MISSION] Ivan objective done ScoutPoi @ Hidden Hut → return to Red Forest
[10:32:08] [TASK] Mikhail → FulfillMission [ScoutPoi] (goal=CompleteMission)
[10:32:08] [MISSION] Mikhail objective done ScoutPoi @ Mutant Den #0 near Truck Cemetery → return to Chistogalovka
[10:32:08] [TASK] Ivan → FulfillMission [ScoutPoi] (goal=CompleteMission)
[10:32:08] [MISSION] Ivan objective done ScoutPoi @ Abandoned Hut → return to Cordon
[10:32:08] [TASK] Igor → FulfillMission [ScoutPoi] (goal=CompleteMission)
[10:32:08] [MISSION] Igor objective done ScoutPoi @ Makeshift Outpost → return to Chernobyl Town
[10:32:08] [TASK] Jake → FulfillMission [ScoutPoi] (goal=CompleteMission)
[10:32:08] [MISSION] Jake objective done ScoutPoi @ Sunken Shack → return to Dead City (Chernobyl-2 Settlement)
[10:32:08] [TASK] Oleksiy → FulfillMission [ScoutPoi] (goal=CompleteMission)
[10:32:08] [MISSION] Oleksiy objective done ScoutPoi @ Overgrown Hut → return to Buriakivka Waste Site
[10:32:08] [TASK] Vasyl → FulfillMission [ScoutPoi] (goal=CompleteMission)
[10:32:08] [MISSION] Vasyl objective done ScoutPoi @ Derelict Stash → return to Garbage
[10:32:08] [TASK] Tobias → FulfillMission [ScoutPoi] (goal=CompleteMission)
[10:32:08] [MISSION] Tobias objective done ScoutPoi @ Sunken Shack → return to Dead City (Chernobyl-2 Settlement)
[10:32:08] [TASK] Mykola → FulfillMission [ScoutPoi] (goal=CompleteMission)
[10:32:08] [MISSION] Mykola objective done ScoutPoi @ Abandoned Hut → return to Cordon
[10:32:08] [TASK] Oleksiy → FulfillMission [ScoutPoi] (goal=CompleteMission)
[10:32:08] [MISSION] Oleksiy objective done ScoutPoi @ Makeshift Camp (Garbage-Agroprom) → return to Deserted Hospital
[10:32:08] [TASK] Mikhail → FulfillMission [ScoutPoi] (goal=CompleteMission)
[10:32:08] [MISSION] Mikhail objective done ScoutPoi @ Hidden Hut → return to Red Forest
[10:32:08] [TASK] Igor → FulfillMission [ScoutPoi] (goal=CompleteMission)
[10:32:08] [MISSION] Igor objective done ScoutPoi @ Mutant Den #1 near Rostok → return to Sarcophagus
[10:32:08] [TASK] Yuriy → FulfillMission [ScoutPoi] (goal=CompleteMission)
[10:32:08] [MISSION] Yuriy objective done ScoutPoi @ Duty Checkpoint → return to Limansk
[10:32:08] [TASK] Andriy → FulfillMission [ScoutPoi] (goal=CompleteMission)
[10:32:08] [MISSION] Andriy objective done ScoutPoi @ Arena → return to Zaton
[10:32:08] [TASK] Bohdan → FulfillMission [ScoutPoi] (goal=CompleteMission)
[10:32:08] [MISSION] Bohdan objective done ScoutPoi @ Overgrown Hut → return to Buriakivka Waste Site
[10:32:08] [COMBAT] Yuriy Kovalenko 'Scar' killed Lurker using wpn_pkm
[10:32:09] [INBOUND] Initial +2 stalkers, +1 mutants (remaining S=903 M=605)
[10:32:09] [SNAPSHOT] real=5.6min game=D0 00:14 alive S=209 M=175 corpses=678 lootable=366 gammaGear out=106 helm=185 avgRU=919 leaderGoals trade=0 mission=49 emission=Dormant nextIn=90gmin desperate=0 hungry=0 interval deaths=52 combats=80 tasks=95 gearLoot=8 gearBuy=0 missions=23 corpseDespawn=20 trickleSpawns=0 ranks=[Rookie:182,Trainee:12,Experienced:15] goals=[CompleteMission::48,Idle:47,Traveling:24,AcceptMission::1] leaders: Bohdan[Rookie/CompleteMission:], Vasyl[Rookie/Idle], Taras[Rookie/CompleteMission:], Vasyl[Rookie/Idle], Pavel[Rookie/CompleteMission:]
[10:32:09] [TASK] Bohdan → TurnInMission [ScoutPoi] (goal=CompleteMission)
[10:32:09] [MISSION] Bohdan turned in ScoutPoi @ Meadow (+164 RU)
[10:32:09] [GOAL] Bohdan achieved CompleteMission
[10:32:09] [TASK] Taras → TurnInMission [ScoutPoi] (goal=CompleteMission)
[10:32:09] [MISSION] Taras turned in ScoutPoi @ Dark Valley (+168 RU)
[10:32:09] [GOAL] Taras achieved CompleteMission
[10:32:09] [TASK] Pavel → TurnInMission [ScoutPoi] (goal=CompleteMission)
[10:32:09] [MISSION] Pavel turned in ScoutPoi @ Red Forest (+196 RU)
[10:32:09] [GOAL] Pavel achieved CompleteMission
[10:32:09] [TASK] Bohdan → TurnInMission [ScoutPoi] (goal=CompleteMission)
[10:32:09] [MISSION] Bohdan turned in ScoutPoi @ Cordon (+160 RU)
[10:32:09] [GOAL] Bohdan achieved CompleteMission
[10:32:09] [TASK] Oleksiy → TurnInMission [ScoutPoi] (goal=CompleteMission)
[10:32:09] [MISSION] Oleksiy turned in ScoutPoi @ Garbage (+196 RU)
[10:32:09] [GOAL] Oleksiy achieved CompleteMission
[10:32:09] [TASK] Andriy → TurnInMission [ScoutPoi] (goal=CompleteMission)
[10:32:09] [MISSION] Andriy turned in ScoutPoi @ Wild Territory (+164 RU)
[10:32:09] [GOAL] Andriy achieved CompleteMission
[10:32:09] [TASK] Lasha → TurnInMission [ScoutPoi] (goal=CompleteMission)
[10:32:09] [MISSION] Lasha turned in ScoutPoi @ Chernobyl Town (+200 RU)
[10:32:09] [GOAL] Lasha achieved CompleteMission
[10:32:09] [TASK] Sergei → TurnInMission [ScoutPoi] (goal=CompleteMission)
[10:32:09] [MISSION] Sergei turned in ScoutPoi @ Garbage (+196 RU)
[10:32:09] [GOAL] Sergei achieved CompleteMission
[10:32:09] [TASK] Mykola → TurnInMission [ScoutPoi] (goal=CompleteMission)
[10:32:09] [MISSION] Mykola turned in ScoutPoi @ Kopachi (+196 RU)
[10:32:09] [GOAL] Mykola achieved CompleteMission
[10:32:09] [TASK] Mikhail → TurnInMission [ScoutPoi] (goal=CompleteMission)
[10:32:09] [MISSION] Mikhail turned in ScoutPoi @ Wild Territory (+164 RU)
[10:32:09] [GOAL] Mikhail achieved CompleteMission
[10:32:09] [TASK] Mykola → TurnInMission [ScoutPoi] (goal=CompleteMission)
[10:32:09] [MISSION] Mykola turned in ScoutPoi @ Cordon (+160 RU)
[10:32:09] [GOAL] Mykola achieved CompleteMission
[10:32:09] [TASK] Viktor → TurnInMission [ScoutPoi] (goal=CompleteMission)
[10:32:09] [MISSION] Viktor turned in ScoutPoi @ Army Warehouses (+230 RU)
[10:32:09] [GOAL] Viktor achieved CompleteMission
[10:32:09] [TASK] Serhiy → TurnInMission [ScoutPoi] (goal=CompleteMission)
[10:32:09] [MISSION] Serhiy turned in ScoutPoi @ Wild Territory (+164 RU)
[10:32:09] [GOAL] Serhiy achieved CompleteMission
[10:32:09] [TASK] Andrei → TurnInMission [ScoutPoi] (goal=CompleteMission)
[10:32:09] [MISSION] Andrei turned in ScoutPoi @ Jupiter (Pripyat Industrial) (+236 RU)
[10:32:09] [GOAL] Andrei achieved CompleteMission
[10:32:09] [TASK] Mykola → TurnInMission [ScoutPoi] (goal=CompleteMission)
[10:32:09] [MISSION] Mykola turned in ScoutPoi @ Wild Territory (+164 RU)
[10:32:09] [GOAL] Mykola achieved CompleteMission
[10:32:09] [TASK] Mykola → TurnInMission [ScoutPoi] (goal=CompleteMission)
[10:32:09] [MISSION] Mykola turned in ScoutPoi @ Red Forest (+196 RU)
[10:32:09] [GOAL] Mykola achieved CompleteMission
[10:32:09] [TASK] Taras → TurnInMission [ScoutPoi] (goal=CompleteMission)
[10:32:09] [MISSION] Taras turned in ScoutPoi @ Meadow (+164 RU)
[10:32:09] [GOAL] Taras achieved CompleteMission
[10:32:09] [TASK] Mikhail → TurnInMission [ScoutPoi] (goal=CompleteMission)
[10:32:09] [MISSION] Mikhail turned in ScoutPoi @ Jupiter (Pripyat Industrial) (+236 RU)
[10:32:09] [GOAL] Mikhail achieved CompleteMission
[10:32:09] [TASK] Taras → TurnInMission [ScoutPoi] (goal=CompleteMission)
[10:32:09] [MISSION] Taras turned in ScoutPoi @ Radar (Brain Scorcher) (+236 RU)
[10:32:09] [GOAL] Taras achieved CompleteMission
[10:32:09] [TASK] Taras → TurnInMission [ScoutPoi] (goal=CompleteMission)
[10:32:09] [MISSION] Taras turned in ScoutPoi @ Wild Territory (+164 RU)
[10:32:09] [GOAL] Taras achieved CompleteMission
[10:32:09] [TASK] Sean → TurnInMission [ScoutPoi] (goal=CompleteMission)
[10:32:09] [MISSION] Sean turned in ScoutPoi @ Yantar (+236 RU)
[10:32:09] [GOAL] Sean achieved CompleteMission
[10:32:09] [TASK] Dmytro → TurnInMission [ScoutPoi] (goal=CompleteMission)
[10:32:09] [MISSION] Dmytro turned in ScoutPoi @ Kopachi (+196 RU)
[10:32:09] [GOAL] Dmytro achieved CompleteMission
[10:32:09] [TASK] Sergei → TurnInMission [ScoutPoi] (goal=CompleteMission)
[10:32:09] [MISSION] Sergei turned in ScoutPoi @ Chernobyl Town (+200 RU)
[10:32:09] [GOAL] Sergei achieved CompleteMission
[10:32:09] [TASK] Dmytro → TurnInMission [ScoutPoi] (goal=CompleteMission)
[10:32:09] [MISSION] Dmytro turned in ScoutPoi @ Cordon (+160 RU)
[10:32:09] [GOAL] Dmytro achieved CompleteMission
[10:32:09] [TASK] Nodar → TurnInMission [ScoutPoi] (goal=CompleteMission)
[10:32:09] [MISSION] Nodar turned in ScoutPoi @ Kopachi (+196 RU)
[10:32:09] [GOAL] Nodar achieved CompleteMission
[10:32:09] [TASK] Yuriy → TurnInMission [ScoutPoi] (goal=CompleteMission)
[10:32:09] [MISSION] Yuriy turned in ScoutPoi @ Meadow (+164 RU)
[10:32:09] [GOAL] Yuriy achieved CompleteMission
[10:32:09] [TASK] Vasyl → TurnInMission [ScoutPoi] (goal=CompleteMission)
[10:32:09] [MISSION] Vasyl turned in ScoutPoi @ Cordon (+160 RU)
[10:32:09] [GOAL] Vasyl achieved CompleteMission
[10:32:09] [TASK] Ivan → TurnInMission [ScoutPoi] (goal=CompleteMission)
[10:32:09] [MISSION] Ivan turned in ScoutPoi @ Red Forest (+196 RU)
[10:32:09] [GOAL] Ivan achieved CompleteMission
[10:32:09] [TASK] Ivan → TurnInMission [ScoutPoi] (goal=CompleteMission)
[10:32:09] [MISSION] Ivan turned in ScoutPoi @ Cordon (+160 RU)
[10:32:09] [GOAL] Ivan achieved CompleteMission
[10:32:09] [TASK] Igor → TurnInMission [ScoutPoi] (goal=CompleteMission)
[10:32:09] [MISSION] Igor turned in ScoutPoi @ Chernobyl Town (+200 RU)
[10:32:09] [GOAL] Igor achieved CompleteMission
[10:32:09] [MISSION] Rustam accepted ScoutPoi @ Dead City (Chernobyl-2 Settlement) (190 RU)
[10:32:09] [TASK] Rustam → AcceptMission [ScoutPoi] (goal=AcceptMission)
[10:32:09] [GOAL] Rustam achieved AcceptMission
[10:32:09] [TASK] Jake → TurnInMission [ScoutPoi] (goal=CompleteMission)
[10:32:09] [MISSION] Jake turned in ScoutPoi @ Dead City (Chernobyl-2 Settlement) (+190 RU)
[10:32:09] [GOAL] Jake achieved CompleteMission
[10:32:09] [TASK] Oleksiy → TurnInMission [ScoutPoi] (goal=CompleteMission)
[10:32:09] [MISSION] Oleksiy turned in ScoutPoi @ Buriakivka Waste Site (+160 RU)
[10:32:09] [GOAL] Oleksiy achieved CompleteMission
[10:32:09] [TASK] Vasyl → TurnInMission [ScoutPoi] (goal=CompleteMission)
[10:32:09] [MISSION] Vasyl turned in ScoutPoi @ Garbage (+196 RU)
[10:32:09] [GOAL] Vasyl achieved CompleteMission
[10:32:09] [TASK] Tobias → TurnInMission [ScoutPoi] (goal=CompleteMission)
[10:32:09] [MISSION] Tobias turned in ScoutPoi @ Dead City (Chernobyl-2 Settlement) (+190 RU)
[10:32:09] [GOAL] Tobias achieved CompleteMission
[10:32:09] [TASK] Mykola → TurnInMission [ScoutPoi] (goal=CompleteMission)
[10:32:09] [MISSION] Mykola turned in ScoutPoi @ Cordon (+160 RU)
[10:32:09] [GOAL] Mykola achieved CompleteMission
[10:32:09] [TASK] Oleksiy → TurnInMission [ScoutPoi] (goal=CompleteMission)
[10:32:09] [MISSION] Oleksiy turned in ScoutPoi @ Deserted Hospital (+200 RU)
[10:32:09] [GOAL] Oleksiy achieved CompleteMission
[10:32:09] [TASK] Mikhail → TurnInMission [ScoutPoi] (goal=CompleteMission)
[10:32:09] [MISSION] Mikhail turned in ScoutPoi @ Red Forest (+196 RU)
[10:32:09] [GOAL] Mikhail achieved CompleteMission
[10:32:09] [TASK] Viktor → TurnInMission [ScoutPoi] (goal=CompleteMission)
[10:32:09] [MISSION] Viktor turned in ScoutPoi @ Meadow (+164 RU)
[10:32:09] [GOAL] Viktor achieved CompleteMission
[10:32:09] [TASK] Andriy → TurnInMission [ScoutPoi] (goal=CompleteMission)
[10:32:09] [MISSION] Andriy turned in ScoutPoi @ Wild Territory (+164 RU)
[10:32:09] [GOAL] Andriy achieved CompleteMission
[10:32:09] [TASK] Sergei → TurnInMission [ScoutPoi] (goal=CompleteMission)
[10:32:09] [MISSION] Sergei turned in ScoutPoi @ Garbage (+196 RU)
[10:32:09] [GOAL] Sergei achieved CompleteMission
[10:32:09] [TASK] Ivan → TurnInMission [ScoutPoi] (goal=CompleteMission)
[10:32:09] [MISSION] Ivan turned in ScoutPoi @ Cordon (+160 RU)
[10:32:09] [GOAL] Ivan achieved CompleteMission
[10:32:09] [TASK] Oleg → TurnInMission [ScoutPoi] (goal=CompleteMission)
[10:32:09] [MISSION] Oleg turned in ScoutPoi @ Yantar (+236 RU)
[10:32:09] [GOAL] Oleg achieved CompleteMission
[10:32:09] [TASK] Andriy → TurnInMission [ScoutPoi] (goal=CompleteMission)
[10:32:09] [MISSION] Andriy turned in ScoutPoi @ Cordon (+160 RU)
[10:32:09] [GOAL] Andriy achieved CompleteMission
[10:32:09] [TASK] Dmitri → TurnInMission [ScoutPoi] (goal=CompleteMission)
[10:32:09] [MISSION] Dmitri turned in ScoutPoi @ Wild Territory (+164 RU)
[10:32:09] [GOAL] Dmitri achieved CompleteMission
[10:32:09] [TASK] Andrei → TurnInMission [ScoutPoi] (goal=CompleteMission)
[10:32:09] [MISSION] Andrei turned in ScoutPoi @ Wild Territory (+164 RU)
[10:32:09] [GOAL] Andrei achieved CompleteMission
[10:32:09] [TASK] Andriy → TurnInMission [ScoutPoi] (goal=CompleteMission)
[10:32:09] [MISSION] Andriy turned in ScoutPoi @ Cordon (+160 RU)
[10:32:09] [GOAL] Andriy achieved CompleteMission
[10:32:09] [TASK] Taras → TurnInMission [ScoutPoi] (goal=CompleteMission)
[10:32:09] [MISSION] Taras turned in ScoutPoi @ Meadow (+164 RU)
[10:32:09] [GOAL] Taras achieved CompleteMission
[10:32:09] [TASK] Dmitri → TurnInMission [ScoutPoi] (goal=CompleteMission)
[10:32:09] [MISSION] Dmitri turned in ScoutPoi @ Wild Territory (+164 RU)
[10:32:09] [GOAL] Dmitri achieved CompleteMission
[10:32:09] [TASK] Nikolai → TurnInMission [ScoutPoi] (goal=CompleteMission)
[10:32:09] [MISSION] Nikolai turned in ScoutPoi @ Army Warehouses (+230 RU)
[10:32:09] [GOAL] Nikolai achieved CompleteMission
[10:32:09] [TASK] Lukash → TurnInMission [ScoutPoi] (goal=CompleteMission)
[10:32:09] [MISSION] Lukash turned in ScoutPoi @ Army Warehouses (+230 RU)
[10:32:09] [GOAL] Lukash achieved CompleteMission
[10:32:09] [TASK] Sidorovich → TurnInMission [ScoutPoi] (goal=CompleteMission)
[10:32:09] [MISSION] Sidorovich turned in ScoutPoi @ Cordon (+160 RU)
[10:32:09] [GOAL] Sidorovich achieved CompleteMission
[10:32:09] [MISSION] Bohdan accepted ScoutPoi @ Meadow (164 RU)
[10:32:09] [TASK] Bohdan → AcceptMission [ScoutPoi] (goal=AcceptMission)
[10:32:09] [GOAL] Bohdan achieved AcceptMission
[10:32:09] [MISSION] Taras accepted ScoutPoi @ Dark Valley (168 RU)
[10:32:09] [TASK] Taras → AcceptMission [ScoutPoi] (goal=AcceptMission)
[10:32:09] [GOAL] Taras achieved AcceptMission
[10:32:09] [MISSION] Pavel accepted ScoutPoi @ Red Forest (196 RU)
[10:32:09] [TASK] Pavel → AcceptMission [ScoutPoi] (goal=AcceptMission)
[10:32:09] [GOAL] Pavel achieved AcceptMission
[10:32:09] [MISSION] Bohdan accepted ScoutPoi @ Cordon (160 RU)
[10:32:09] [TASK] Bohdan → AcceptMission [ScoutPoi] (goal=AcceptMission)
[10:32:09] [GOAL] Bohdan achieved AcceptMission
[10:32:10] [MISSION] Oleksiy accepted ScoutPoi @ Garbage (196 RU)
[10:32:10] [TASK] Oleksiy → AcceptMission [ScoutPoi] (goal=AcceptMission)
[10:32:10] [GOAL] Oleksiy achieved AcceptMission
[10:32:10] [MISSION] Andriy accepted ScoutPoi @ Wild Territory (164 RU)
[10:32:10] [TASK] Andriy → AcceptMission [ScoutPoi] (goal=AcceptMission)
[10:32:10] [GOAL] Andriy achieved AcceptMission
[10:32:10] [MISSION] Lasha accepted ScoutPoi @ Chernobyl Town (200 RU)
[10:32:10] [TASK] Lasha → AcceptMission [ScoutPoi] (goal=AcceptMission)
[10:32:10] [GOAL] Lasha achieved AcceptMission
[10:32:10] [MISSION] Sergei accepted ScoutPoi @ Garbage (196 RU)
[10:32:10] [TASK] Sergei → AcceptMission [ScoutPoi] (goal=AcceptMission)
[10:32:10] [GOAL] Sergei achieved AcceptMission
[10:32:10] [MISSION] Mykola accepted ScoutPoi @ Kopachi (196 RU)
[10:32:10] [TASK] Mykola → AcceptMission [ScoutPoi] (goal=AcceptMission)
[10:32:10] [GOAL] Mykola achieved AcceptMission
[10:32:10] [MISSION] Mikhail accepted ScoutPoi @ Wild Territory (164 RU)
[10:32:10] [TASK] Mikhail → AcceptMission [ScoutPoi] (goal=AcceptMission)
[10:32:10] [GOAL] Mikhail achieved AcceptMission
[10:32:10] [MISSION] Mykola accepted ScoutPoi @ Cordon (160 RU)
[10:32:10] [TASK] Mykola → AcceptMission [ScoutPoi] (goal=AcceptMission)
[10:32:10] [GOAL] Mykola achieved AcceptMission
[10:32:10] [MISSION] Viktor accepted ScoutPoi @ Army Warehouses (230 RU)
[10:32:10] [TASK] Viktor → AcceptMission [ScoutPoi] (goal=AcceptMission)
[10:32:10] [GOAL] Viktor achieved AcceptMission
[10:32:10] [MISSION] Serhiy accepted ScoutPoi @ Wild Territory (164 RU)
[10:32:10] [TASK] Serhiy → AcceptMission [ScoutPoi] (goal=AcceptMission)
[10:32:10] [GOAL] Serhiy achieved AcceptMission
[10:32:10] [MISSION] Andrei accepted ScoutPoi @ Jupiter (Pripyat Industrial) (236 RU)
[10:32:10] [TASK] Andrei → AcceptMission [ScoutPoi] (goal=AcceptMission)
[10:32:10] [GOAL] Andrei achieved AcceptMission
[10:32:10] [MISSION] Mykola accepted ScoutPoi @ Wild Territory (164 RU)
[10:32:10] [TASK] Mykola → AcceptMission [ScoutPoi] (goal=AcceptMission)
[10:32:10] [GOAL] Mykola achieved AcceptMission
[10:32:10] [MISSION] Mykola accepted ScoutPoi @ Red Forest (196 RU)
[10:32:10] [TASK] Mykola → AcceptMission [ScoutPoi] (goal=AcceptMission)
[10:32:10] [GOAL] Mykola achieved AcceptMission
[10:32:10] [MISSION] Taras accepted ScoutPoi @ Meadow (164 RU)
[10:32:10] [TASK] Taras → AcceptMission [ScoutPoi] (goal=AcceptMission)
[10:32:10] [GOAL] Taras achieved AcceptMission
[10:32:10] [MISSION] Mikhail accepted ScoutPoi @ Jupiter (Pripyat Industrial) (236 RU)
[10:32:10] [TASK] Mikhail → AcceptMission [ScoutPoi] (goal=AcceptMission)
[10:32:10] [GOAL] Mikhail achieved AcceptMission
[10:32:10] [MISSION] Taras accepted ScoutPoi @ Radar (Brain Scorcher) (236 RU)
[10:32:10] [TASK] Taras → AcceptMission [ScoutPoi] (goal=AcceptMission)
[10:32:10] [GOAL] Taras achieved AcceptMission
[10:32:10] [MISSION] Taras accepted ScoutPoi @ Wild Territory (164 RU)
[10:32:10] [TASK] Taras → AcceptMission [ScoutPoi] (goal=AcceptMission)
[10:32:10] [GOAL] Taras achieved AcceptMission
[10:32:10] [MISSION] Sean accepted ScoutPoi @ Yantar (236 RU)
[10:32:10] [TASK] Sean → AcceptMission [ScoutPoi] (goal=AcceptMission)
[10:32:10] [GOAL] Sean achieved AcceptMission
[10:32:10] [MISSION] Dmytro accepted ScoutPoi @ Kopachi (196 RU)
[10:32:10] [TASK] Dmytro → AcceptMission [ScoutPoi] (goal=AcceptMission)
[10:32:10] [GOAL] Dmytro achieved AcceptMission
[10:32:10] [MISSION] Sergei accepted ScoutPoi @ Chernobyl Town (200 RU)
[10:32:10] [TASK] Sergei → AcceptMission [ScoutPoi] (goal=AcceptMission)
[10:32:10] [GOAL] Sergei achieved AcceptMission
[10:32:10] [MISSION] Dmytro accepted ScoutPoi @ Cordon (160 RU)
[10:32:10] [TASK] Dmytro → AcceptMission [ScoutPoi] (goal=AcceptMission)
[10:32:10] [GOAL] Dmytro achieved AcceptMission
[10:32:10] [MISSION] Nodar accepted ScoutPoi @ Kopachi (196 RU)
[10:32:10] [TASK] Nodar → AcceptMission [ScoutPoi] (goal=AcceptMission)
[10:32:10] [GOAL] Nodar achieved AcceptMission
[10:32:10] [MISSION] Yuriy accepted ScoutPoi @ Meadow (164 RU)
[10:32:10] [TASK] Yuriy → AcceptMission [ScoutPoi] (goal=AcceptMission)
[10:32:10] [GOAL] Yuriy achieved AcceptMission
[10:32:10] [MISSION] Vasyl accepted ScoutPoi @ Cordon (160 RU)
[10:32:10] [TASK] Vasyl → AcceptMission [ScoutPoi] (goal=AcceptMission)
[10:32:10] [GOAL] Vasyl achieved AcceptMission
[10:32:10] [MISSION] Ivan accepted ScoutPoi @ Red Forest (196 RU)
[10:32:10] [TASK] Ivan → AcceptMission [ScoutPoi] (goal=AcceptMission)
[10:32:10] [GOAL] Ivan achieved AcceptMission
[10:32:10] [MISSION] Ivan accepted ScoutPoi @ Cordon (160 RU)
[10:32:10] [TASK] Ivan → AcceptMission [ScoutPoi] (goal=AcceptMission)
[10:32:10] [GOAL] Ivan achieved AcceptMission
[10:32:10] [MISSION] Igor accepted ScoutPoi @ Chernobyl Town (200 RU)
[10:32:10] [TASK] Igor → AcceptMission [ScoutPoi] (goal=AcceptMission)
[10:32:10] [GOAL] Igor achieved AcceptMission
[10:32:10] [MISSION] Jake accepted ScoutPoi @ Dead City (Chernobyl-2 Settlement) (190 RU)
[10:32:10] [TASK] Jake → AcceptMission [ScoutPoi] (goal=AcceptMission)
[10:32:10] [GOAL] Jake achieved AcceptMission
[10:32:10] [MISSION] Oleksiy accepted ScoutPoi @ Buriakivka Waste Site (160 RU)
[10:32:10] [TASK] Oleksiy → AcceptMission [ScoutPoi] (goal=AcceptMission)
[10:32:10] [GOAL] Oleksiy achieved AcceptMission
[10:32:10] [MISSION] Vasyl accepted ScoutPoi @ Garbage (196 RU)
[10:32:10] [TASK] Vasyl → AcceptMission [ScoutPoi] (goal=AcceptMission)
[10:32:10] [GOAL] Vasyl achieved AcceptMission
[10:32:10] [MISSION] Tobias accepted ScoutPoi @ Dead City (Chernobyl-2 Settlement) (190 RU)
[10:32:10] [TASK] Tobias → AcceptMission [ScoutPoi] (goal=AcceptMission)
[10:32:10] [GOAL] Tobias achieved AcceptMission
[10:32:10] [MISSION] Mykola accepted ScoutPoi @ Cordon (160 RU)
[10:32:10] [TASK] Mykola → AcceptMission [ScoutPoi] (goal=AcceptMission)
[10:32:10] [GOAL] Mykola achieved AcceptMission
[10:32:10] [MISSION] Oleksiy accepted ScoutPoi @ Deserted Hospital (200 RU)
[10:32:10] [TASK] Oleksiy → AcceptMission [ScoutPoi] (goal=AcceptMission)
[10:32:10] [GOAL] Oleksiy achieved AcceptMission
[10:32:10] [MISSION] Mikhail accepted ScoutPoi @ Red Forest (196 RU)
[10:32:10] [TASK] Mikhail → AcceptMission [ScoutPoi] (goal=AcceptMission)
[10:32:10] [GOAL] Mikhail achieved AcceptMission
[10:32:10] [MISSION] Viktor accepted ScoutPoi @ Meadow (164 RU)
[10:32:10] [TASK] Viktor → AcceptMission [ScoutPoi] (goal=AcceptMission)
[10:32:10] [GOAL] Viktor achieved AcceptMission
[10:32:10] [MISSION] Andriy accepted ScoutPoi @ Wild Territory (164 RU)
[10:32:10] [TASK] Andriy → AcceptMission [ScoutPoi] (goal=AcceptMission)
[10:32:10] [GOAL] Andriy achieved AcceptMission
[10:32:10] [MISSION] Sergei accepted ScoutPoi @ Garbage (196 RU)
[10:32:10] [TASK] Sergei → AcceptMission [ScoutPoi] (goal=AcceptMission)
[10:32:10] [GOAL] Sergei achieved AcceptMission
[10:32:10] [MISSION] Ivan accepted ScoutPoi @ Cordon (160 RU)
[10:32:10] [TASK] Ivan → AcceptMission [ScoutPoi] (goal=AcceptMission)
[10:32:10] [GOAL] Ivan achieved AcceptMission
[10:32:10] [MISSION] Oleg accepted ScoutPoi @ Yantar (236 RU)
[10:32:10] [TASK] Oleg → AcceptMission [ScoutPoi] (goal=AcceptMission)
[10:32:10] [GOAL] Oleg achieved AcceptMission
[10:32:10] [MISSION] Andriy accepted ScoutPoi @ Cordon (160 RU)
[10:32:10] [TASK] Andriy → AcceptMission [ScoutPoi] (goal=AcceptMission)
[10:32:10] [GOAL] Andriy achieved AcceptMission
[10:32:10] [MISSION] Dmitri accepted ScoutPoi @ Wild Territory (164 RU)
[10:32:10] [TASK] Dmitri → AcceptMission [ScoutPoi] (goal=AcceptMission)
[10:32:10] [GOAL] Dmitri achieved AcceptMission
[10:32:10] [MISSION] Andrei accepted ScoutPoi @ Wild Territory (164 RU)
[10:32:10] [TASK] Andrei → AcceptMission [ScoutPoi] (goal=AcceptMission)
[10:32:10] [GOAL] Andrei achieved AcceptMission
[10:32:10] [MISSION] Andriy accepted ScoutPoi @ Cordon (160 RU)
[10:32:10] [TASK] Andriy → AcceptMission [ScoutPoi] (goal=AcceptMission)
[10:32:10] [GOAL] Andriy achieved AcceptMission
[10:32:10] [MISSION] Taras accepted ScoutPoi @ Meadow (164 RU)
[10:32:10] [TASK] Taras → AcceptMission [ScoutPoi] (goal=AcceptMission)
[10:32:10] [GOAL] Taras achieved AcceptMission
[10:32:10] [MISSION] Dmitri accepted ScoutPoi @ Wild Territory (164 RU)
[10:32:10] [TASK] Dmitri → AcceptMission [ScoutPoi] (goal=AcceptMission)
[10:32:10] [GOAL] Dmitri achieved AcceptMission
[10:32:10] [MISSION] Nikolai accepted ScoutPoi @ Army Warehouses (230 RU)
[10:32:10] [TASK] Nikolai → AcceptMission [ScoutPoi] (goal=AcceptMission)
[10:32:10] [GOAL] Nikolai achieved AcceptMission
[10:32:10] [MISSION] Lukash accepted ScoutPoi @ Army Warehouses (230 RU)
[10:32:10] [TASK] Lukash → AcceptMission [ScoutPoi] (goal=AcceptMission)
[10:32:10] [GOAL] Lukash achieved AcceptMission
[10:32:10] [MISSION] Sidorovich accepted ScoutPoi @ Cordon (160 RU)
[10:32:10] [TASK] Sidorovich → AcceptMission [ScoutPoi] (goal=AcceptMission)
[10:32:10] [GOAL] Sidorovich achieved AcceptMission
[10:32:15] [COMBAT] Alexei Petrenko 'Stitch' killed Andriy Bondarenko 'Wolf' using wpn_vintorez
[10:32:15] [GEAR] Alexei looted [wpn_pm] via combat
[10:32:16] [INBOUND] Initial +2 stalkers, +2 mutants (remaining S=901 M=603)
[10:32:16] [MISSION] Armen accepted ScoutPoi @ Wild Territory (164 RU)
[10:32:16] [TASK] Armen → AcceptMission [ScoutPoi] (goal=AcceptMission)
[10:32:16] [GOAL] Armen achieved AcceptMission
[10:32:17] [COMBAT] Pavel Melnyk 'Scar' killed Andriy Melnyk 'Wolf' using wpn_toz34
[10:32:17] [GEAR] Pavel looted [wpn_gauss, out_monolith_exolight_outfit, helm_helm_battle] via combat
[10:32:17] [INBOUND] Initial +2 stalkers, +1 mutants (remaining S=899 M=602)
[10:32:17] [MISSION] Bakhyt accepted ScoutPoi @ Great Swamps (168 RU)
[10:32:17] [TASK] Bakhyt → AcceptMission [ScoutPoi] (goal=AcceptMission)
[10:32:17] [GOAL] Bakhyt achieved AcceptMission
[10:32:17] [MISSION] Oleksiy accepted ScoutPoi @ Kopachi (196 RU)
[10:32:17] [TASK] Oleksiy → AcceptMission [ScoutPoi] (goal=AcceptMission)
[10:32:17] [GOAL] Oleksiy achieved AcceptMission
[10:32:17] [COMBAT] Karl Bondarenko 'Ghost' killed Flesh using wpn_ak74
[10:32:18] [COMBAT] Mykola Melnyk 'Scar' killed Chimera using wpn_pkm
[10:32:18] [INBOUND] Initial +2 stalkers, +1 mutants (remaining S=897 M=601)
[10:32:18] [MISSION] Bakhyt accepted ScoutPoi @ Deserted Hospital (200 RU)
[10:32:18] [TASK] Bakhyt → AcceptMission [ScoutPoi] (goal=AcceptMission)
[10:32:18] [GOAL] Bakhyt achieved AcceptMission
[10:32:19] [COMBAT] Alexei Petrenko 'Crow' killed BlindDog using wpn_mp5
[10:32:19] [COMBAT] Andriy Bondarenko 'Wolf' killed Fracture using wpn_spas12
[10:32:19] [COMBAT] Taras Shevchenko 'Stitch' killed PsyDog using wpn_vintorez
[10:32:19] [COMBAT] Yuriy Melnyk 'Whisper' killed Nikolai Popov 'Wolf' using wpn_pm
[10:32:19] [GEAR] Yuriy looted [wpn_toz34, wpn_pb] via combat
[10:32:20] [INBOUND] Initial +2 stalkers, +2 mutants (remaining S=895 M=599)
[10:32:20] [MISSION] Lasha accepted ScoutPoi @ Buriakivka Waste Site (160 RU)
[10:32:20] [TASK] Lasha → AcceptMission [ScoutPoi] (goal=AcceptMission)
[10:32:20] [GOAL] Lasha achieved AcceptMission
[10:32:20] [COMBAT] Vasyl Popov 'Shadow' killed Alexei Kovalenko 'Viper' using wpn_mp5
[10:32:20] [GEAR] Vasyl looted [wpn_gauss, arm_exo] via combat
[10:32:21] [INBOUND] Initial +2 stalkers, +1 mutants (remaining S=893 M=598)
[10:32:21] [CORPSE] Despawned 9 bodies (lifetime=35)
[10:32:21] [COMBAT] Mikhail Petrenko 'Spark' killed Andriy Ivanov 'Ash' using wpn_g36
[10:32:21] [GEAR] Mikhail looted [wpn_desert_eagle, arm_freedom, helm_exo] via combat
[10:32:21] [MISSION] Oleksiy accepted ScoutPoi @ Rostok (190 RU)
[10:32:21] [TASK] Oleksiy → AcceptMission [ScoutPoi] (goal=AcceptMission)
[10:32:21] [GOAL] Oleksiy achieved AcceptMission
[10:32:21] [COMBAT] Bohdan Sokolov 'Phantom' killed Giorgi Kovalenko 'Spark' using wpn_pkm
[10:32:21] [GEAR] Bohdan looted [wpn_pkm] via combat
[10:32:21] [RANK] Serhiy Petrov 'Jackal' → Professional
[10:32:21] [COMBAT] Serhiy Petrov 'Jackal' killed Dog using wpn_g36
[10:32:21] [COMBAT] Oleksiy Petrov 'Badger' killed Snork using wpn_ak74
[10:32:21] [RANK] Mikhail Shevchenko 'Badger' → Trainee
[10:32:21] [COMBAT] Mikhail Shevchenko 'Badger' killed Lurker using wpn_rg6
[10:32:22] [INBOUND] Initial +2 stalkers, +2 mutants (remaining S=891 M=596)
[10:32:22] [MISSION] Bohdan accepted ScoutPoi @ Buriakivka Waste Site (160 RU)
[10:32:22] [TASK] Bohdan → AcceptMission [ScoutPoi] (goal=AcceptMission)
[10:32:22] [GOAL] Bohdan achieved AcceptMission
[10:32:22] [MISSION] Yuriy accepted ScoutPoi @ Sarcophagus (184 RU)
[10:32:22] [TASK] Yuriy → AcceptMission [ScoutPoi] (goal=AcceptMission)
[10:32:22] [GOAL] Yuriy achieved AcceptMission
[10:32:23] [COMBAT] Dmitri Popov 'Jackal' killed Bloodsucker using wpn_ak74
[10:32:23] [COMBAT] Taras Volkov 'Spark' killed Bloodsucker using wpn_toz34
[10:32:23] [INBOUND] Initial +2 stalkers, +1 mutants (remaining S=889 M=595)
[10:32:23] [MISSION] Tobias accepted ScoutPoi @ Wild Territory (164 RU)
[10:32:23] [TASK] Tobias → AcceptMission [ScoutPoi] (goal=AcceptMission)
[10:32:23] [GOAL] Tobias achieved AcceptMission
[10:32:24] [COMBAT] Dmytro Ivanov 'Fox' killed Lars Popov 'Shadow' using wpn_gauss
[10:32:24] [GEAR] Dmytro looted [out_military_merc_outfit] via combat
[10:32:24] [INBOUND] Initial +2 stalkers, +1 mutants (remaining S=887 M=594)
[10:32:25] [MISSION] Dmitri accepted ScoutPoi @ Sarcophagus (184 RU)
[10:32:25] [TASK] Dmitri → AcceptMission [ScoutPoi] (goal=AcceptMission)
[10:32:25] [GOAL] Dmitri achieved AcceptMission
[10:32:25] [TASK] Pavel → TradeRun [poi_macro_6] (goal=VisitTrader)
[10:32:25] [GOAL] Pavel achieved VisitTrader
[10:32:25] [MISSION] Pavel accepted ScoutPoi @ Great Swamps (168 RU)
[10:32:25] [TASK] Pavel → AcceptMission [ScoutPoi] (goal=AcceptMission)
[10:32:25] [GOAL] Pavel achieved AcceptMission
[10:32:26] [INBOUND] Initial +3 stalkers, +2 mutants (remaining S=884 M=592)
[10:32:26] [COMBAT] Mykola Bondarenko 'Stitches' killed Ivan Ivanov 'Viper' using wpn_aksu
[10:32:26] [GEAR] Mykola looted [wpn_fort12, out_stalker_tigerstripe_outfit] via combat
[10:32:27] [INBOUND] Initial +2 stalkers, +1 mutants (remaining S=882 M=591)
[10:32:27] [MISSION] Dmitri accepted ScoutPoi @ Great Swamps (168 RU)
[10:32:27] [TASK] Dmitri → AcceptMission [ScoutPoi] (goal=AcceptMission)
[10:32:27] [GOAL] Dmitri achieved AcceptMission
[10:32:28] [INBOUND] Initial +2 stalkers, +2 mutants (remaining S=880 M=589)
[10:32:28] [MISSION] Mykola accepted ScoutPoi @ Zaton (184 RU)
[10:32:28] [TASK] Mykola → AcceptMission [ScoutPoi] (goal=AcceptMission)
[10:32:28] [GOAL] Mykola achieved AcceptMission
[10:32:28] [COMBAT] Igor Bondarenko 'Bone' killed Pseudodog using wpn_gauss
[10:32:28] [COMBAT] Taras Kovalenko 'Bone' killed Nikolai Petrenko 'Shadow' using wpn_sg550
[10:32:28] [GEAR] Taras looted [wpn_desert_eagle, helm_helm_tactic] via combat
[10:32:29] [COMBAT] Bohdan Petrenko 'Bone' killed Poltergeist using wpn_fn2000
[10:32:29] [INBOUND] Initial +2 stalkers, +1 mutants (remaining S=878 M=588)
[10:32:29] [MISSION] Damir accepted ScoutPoi @ Sarcophagus (184 RU)
[10:32:29] [TASK] Damir → AcceptMission [ScoutPoi] (goal=AcceptMission)
[10:32:29] [GOAL] Damir achieved AcceptMission
[10:32:30] [COMBAT] Vasyl Kovalenko 'Viper' killed Sergei Kovalenko 'Fox' using wpn_fn2000
[10:32:30] [GEAR] Vasyl looted [helm_helm_battle] via combat
[10:32:30] [COMBAT] Dmytro Sokolov 'Spark' killed Tushkano using wpn_mp5
[10:32:30] [INBOUND] Initial +2 stalkers, +1 mutants (remaining S=876 M=587)
[10:32:31] [MISSION] Giorgi accepted ScoutPoi @ Dark Valley (168 RU)
[10:32:31] [TASK] Giorgi → AcceptMission [ScoutPoi] (goal=AcceptMission)
[10:32:31] [GOAL] Giorgi achieved AcceptMission
[10:32:31] [COMBAT] Serhiy Popov 'Crow' killed Tushkano using wpn_gauss
[10:32:32] [INBOUND] Initial +2 stalkers, +2 mutants (remaining S=874 M=585)
[10:32:32] [MISSION] Igor accepted ScoutPoi @ Red Forest (196 RU)
[10:32:32] [TASK] Igor → AcceptMission [ScoutPoi] (goal=AcceptMission)
[10:32:32] [GOAL] Igor achieved AcceptMission
[10:32:32] [COMBAT] Sergei Ivanov 'Phantom' killed Vasyl Sokolov 'Fox' using wpn_toz34
[10:32:32] [GEAR] Sergei looted [out_stalker_salamander_outfit] via combat
[10:32:33] [COMBAT] Vasyl Petrov 'Stitch' killed Dog using wpn_pm
[10:32:33] [COMBAT] Mykola Ivanov 'Ghost' killed Andriy Sokolov 'Ghost' using wpn_p90
[10:32:33] [GEAR] Mykola looted [wpn_pkm, helm_helm_spartan] via combat
[10:32:33] [INBOUND] Initial +2 stalkers, +1 mutants (remaining S=872 M=584)
[10:32:33] [CORPSE] Despawned 12 bodies (lifetime=47)
[10:32:33] [MISSION] Andrei accepted ScoutPoi @ Rostok (190 RU)
[10:32:33] [TASK] Andrei → AcceptMission [ScoutPoi] (goal=AcceptMission)
[10:32:33] [GOAL] Andrei achieved AcceptMission
[10:32:33] [TASK] Andriy → TradeRun [poi_macro_3] (goal=VisitTrader)
[10:32:33] [GOAL] Andriy achieved VisitTrader
[10:32:34] [MISSION] Andriy accepted ScoutPoi @ Zalissya (184 RU)
[10:32:34] [TASK] Andriy → AcceptMission [ScoutPoi] (goal=AcceptMission)
[10:32:34] [GOAL] Andriy achieved AcceptMission
[10:32:34] [INBOUND] Initial +2 stalkers, +2 mutants (remaining S=870 M=582)
[10:32:35] [COMBAT] Sergei Ivanov 'Ash' killed Snork using wpn_gauss
[10:32:35] [COMBAT] Vasyl Melnyk 'Stitch' killed Flesh using wpn_vintorez
[10:32:35] [INBOUND] Initial +2 stalkers, +1 mutants (remaining S=868 M=581)
[10:32:36] [MISSION] Oleksiy accepted ScoutPoi @ Duga Radar (210 RU)
[10:32:36] [TASK] Oleksiy → AcceptMission [ScoutPoi] (goal=AcceptMission)
[10:32:36] [GOAL] Oleksiy achieved AcceptMission
[10:32:36] [COMBAT] Mykola Petrenko 'Scar' killed Burer using wpn_vintorez
[10:32:36] [COMBAT] Connor Sokolov 'Ghost' killed Andriy Petrov 'Raven' using wpn_sg550
[10:32:36] [GEAR] Connor looted [wpn_sg550] via combat
[10:32:37] [INBOUND] Initial +2 stalkers, +1 mutants (remaining S=866 M=580)
[10:32:37] [COMBAT] Ivan Melnyk 'Jackal' killed Bloodsucker using wpn_vintorez
[10:32:37] [MISSION] Sergei accepted ScoutPoi @ Agroprom (184 RU)
[10:32:37] [TASK] Sergei → AcceptMission [ScoutPoi] (goal=AcceptMission)
[10:32:37] [GOAL] Sergei achieved AcceptMission
[10:32:37] [COMBAT] Ivan Kovalenko 'Bullet' killed Flesh using wpn_aksu
[10:32:38] [COMBAT] Alexei Bondarenko 'Badger' killed Andriy Bondarenko 'Wolf' using wpn_ak74
[10:32:38] [GEAR] Alexei looted [wpn_pb, helm_helm_respirator] via combat
[10:32:38] [INBOUND] Initial +2 stalkers, +2 mutants (remaining S=864 M=578)
[10:32:38] [COMBAT] Bohdan Bondarenko 'Wolf' killed Ivan Volkov 'Shadow' using wpn_g36
[10:32:38] [COMBAT] Bohdan Kovalenko 'Badger' killed Fracture using wpn_ak74
[10:32:38] [COMBAT] Marcus Melnyk 'Jackal' killed Snork using wpn_val
[10:32:39] [INBOUND] Initial +2 stalkers, +1 mutants (remaining S=862 M=577)
[10:32:39] [MISSION] Dmytro accepted ScoutPoi @ Generators (230 RU)
[10:32:39] [TASK] Dmytro → AcceptMission [ScoutPoi] (goal=AcceptMission)
[10:32:39] [GOAL] Dmytro achieved AcceptMission
[10:32:40] [INBOUND] Initial +2 stalkers, +1 mutants (remaining S=860 M=576)
[10:32:40] [SNAPSHOT] real=6.1min game=D0 00:15 alive S=214 M=182 corpses=717 lootable=389 gammaGear out=111 helm=187 avgRU=951 leaderGoals trade=0 mission=64 emission=Dormant nextIn=89gmin desperate=0 hungry=0 interval deaths=38 combats=60 tasks=126 gearLoot=14 gearBuy=0 missions=124 corpseDespawn=21 trickleSpawns=0 ranks=[Rookie:179,Trainee:12,Experienced:15,Professional:8] goals=[CompleteMission::63,Idle:48,Traveling:10,AcceptMission::1] leaders: Damir[Rookie/Idle], Andrei[Rookie/CompleteMission:], Igor[Rookie/CompleteMission:], Giorgi[Rookie/CompleteMission:], Dmitri[Rookie/CompleteMission:]
[10:32:40] [MISSION] Mykola accepted ScoutPoi @ Meadow (164 RU)
[10:32:40] [TASK] Mykola → AcceptMission [ScoutPoi] (goal=AcceptMission)
[10:32:40] [GOAL] Mykola achieved AcceptMission
[10:32:40] [COMBAT] Taras Petrov 'Ash' killed Burer using wpn_g36
[10:32:41] [COMBAT] Oleg Kovalenko 'Wolf' killed Burer using wpn_aksu
[10:32:42] [INBOUND] Initial +3 stalkers, +2 mutants (remaining S=857 M=574)
[10:32:42] [MISSION] Oleksiy accepted ScoutPoi @ Deserted Hospital (200 RU)
[10:32:42] [TASK] Oleksiy → AcceptMission [ScoutPoi] (goal=AcceptMission)
[10:32:42] [GOAL] Oleksiy achieved AcceptMission
[10:32:42] [MISSION] Vasyl accepted ScoutPoi @ Rostok (190 RU)
[10:32:42] [TASK] Vasyl → AcceptMission [ScoutPoi] (goal=AcceptMission)
[10:32:42] [GOAL] Vasyl achieved AcceptMission
[10:32:42] [COMBAT] Yuriy Melnyk 'Whisper' killed Bloodsucker using wpn_toz34
[10:32:43] [INBOUND] Initial +2 stalkers, +1 mutants (remaining S=855 M=573)
[10:32:43] [COMBAT] Vasyl Kovalenko 'Viper' killed Bloodsucker using wpn_fn2000
[10:32:43] [COMBAT] Vasyl Popov 'Shadow' killed Dmytro Petrenko 'Fox' using wpn_gauss
[10:32:43] [GEAR] Vasyl looted [wpn_pkm, arm_exo] via combat
[10:32:43] [COMBAT] Timur Petrov 'Badger' killed Bloodsucker using wpn_rg6
[10:32:44] [INBOUND] Initial +2 stalkers, +2 mutants (remaining S=853 M=571)
[10:32:44] [MISSION] Lasha accepted ScoutPoi @ Duga Radar (210 RU)
[10:32:44] [TASK] Lasha → AcceptMission [ScoutPoi] (goal=AcceptMission)
[10:32:44] [GOAL] Lasha achieved AcceptMission
[10:32:45] [INBOUND] Initial +2 stalkers, +1 mutants (remaining S=851 M=570)
[10:32:45] [CORPSE] Despawned 13 bodies (lifetime=60)
[10:32:45] [COMBAT] Marcus Petrenko 'Lucky' killed Bohdan Ivanov 'Scar' using wpn_fn2000
[10:32:45] [COMBAT] Igor Petrenko 'Fox' killed Lurker using wpn_ak74
[10:32:45] [COMBAT] Bohdan Sokolov 'Phantom' killed Pseudodog using wpn_mp5
[10:32:45] [COMBAT] Jake Sokolov 'One-Eye' killed Flesh using wpn_l96a1
[10:32:46] [COMBAT] Andriy Volkov 'Crow' killed Snork using wpn_vintorez
[10:32:46] [INBOUND] Initial +2 stalkers, +1 mutants (remaining S=849 M=569)
[10:32:46] [MISSION] Tobias accepted ScoutPoi @ Dead City (Chernobyl-2 Settlement) (190 RU)
[10:32:46] [TASK] Tobias → AcceptMission [ScoutPoi] (goal=AcceptMission)
[10:32:46] [GOAL] Tobias achieved AcceptMission
[10:32:47] [COMBAT] Andrei Ivanov 'Scar' killed Snork using wpn_aksu
[10:32:47] [MISSION] Alexei accepted ScoutPoi @ Zalissya (184 RU)
[10:32:47] [TASK] Alexei → AcceptMission [ScoutPoi] (goal=AcceptMission)
[10:32:47] [GOAL] Alexei achieved AcceptMission
[10:32:48] [INBOUND] Initial +2 stalkers, +2 mutants (remaining S=847 M=567)
[10:32:48] [MISSION] Vasyl accepted ScoutPoi @ Zalissya (184 RU)
[10:32:48] [TASK] Vasyl → AcceptMission [ScoutPoi] (goal=AcceptMission)
[10:32:48] [GOAL] Vasyl achieved AcceptMission
[10:32:49] [INBOUND] Initial +2 stalkers, +1 mutants (remaining S=845 M=566)
[10:32:49] [COMBAT] Oleksiy Kovalenko 'Badger' killed Nikolai Melnyk 'Shadow' using wpn_aksu
[10:32:49] [GEAR] Oleksiy looted [wpn_gauss, arm_exo, helm_exo] via combat
[10:32:49] [COMBAT] Andriy Shevchenko 'Raven' killed Pseudodog using wpn_pkm
[10:32:49] [COMBAT] Andriy Kovalenko 'Jackal' killed Snork using wpn_gauss
[10:32:50] [RANK] Andriy Volkov 'Mole' → Experienced
[10:32:50] [COMBAT] Andriy Volkov 'Mole' killed PsyDog using wpn_aksu
[10:32:50] [INBOUND] Initial +2 stalkers, +2 mutants (remaining S=843 M=564)
[10:32:50] [MISSION] Sergei accepted ScoutPoi @ Sarcophagus (184 RU)
[10:32:50] [TASK] Sergei → AcceptMission [ScoutPoi] (goal=AcceptMission)
[10:32:50] [GOAL] Sergei achieved AcceptMission
[10:32:51] [COMBAT] Andriy Shevchenko 'Stitch' killed Poltergeist using wpn_gauss
[10:32:51] [INBOUND] Initial +2 stalkers, +1 mutants (remaining S=841 M=563)
[10:32:51] [MISSION] Nikolai accepted ScoutPoi @ Agroprom (184 RU)
[10:32:51] [TASK] Nikolai → AcceptMission [ScoutPoi] (goal=AcceptMission)
[10:32:51] [GOAL] Nikolai achieved AcceptMission
[10:32:52] [MISSION] Armen accepted ScoutPoi @ Cordon (160 RU)
[10:32:52] [TASK] Armen → AcceptMission [ScoutPoi] (goal=AcceptMission)
[10:32:52] [GOAL] Armen achieved AcceptMission
[10:32:53] [INBOUND] Initial +2 stalkers, +1 mutants (remaining S=839 M=562)
[10:32:53] [MISSION] Oleksiy accepted ScoutPoi @ Great Swamps (168 RU)
[10:32:53] [TASK] Oleksiy → AcceptMission [ScoutPoi] (goal=AcceptMission)
[10:32:53] [GOAL] Oleksiy achieved AcceptMission
[10:32:53] [COMBAT] Giorgi Ivanov 'Scar' killed Igor Bondarenko 'Viper' using wpn_bm16
[10:32:53] [GEAR] Giorgi looted [wpn_pkm, wpn_desert_eagle, arm_duty, helm_helm_ppm88] via combat
[10:32:54] [INBOUND] Initial +2 stalkers, +2 mutants (remaining S=837 M=560)
[10:32:54] [COMBAT] Dmytro Bondarenko 'Badger' killed Rat using wpn_toz34
[10:32:54] [MISSION] Tobias accepted ScoutPoi @ Rostok (190 RU)
[10:32:54] [TASK] Tobias → AcceptMission [ScoutPoi] (goal=AcceptMission)
[10:32:54] [GOAL] Tobias achieved AcceptMission
[10:32:54] [COMBAT] Viktor Kovalenko 'Crow' killed Snork using wpn_gauss
[10:32:55] [INBOUND] Initial +2 stalkers, +1 mutants (remaining S=835 M=559)
[10:32:55] [MISSION] Bakhyt accepted ScoutPoi @ Radar (Brain Scorcher) (236 RU)
[10:32:55] [TASK] Bakhyt → AcceptMission [ScoutPoi] (goal=AcceptMission)
[10:32:55] [GOAL] Bakhyt achieved AcceptMission
[10:32:55] [TASK] Oleksiy → TradeRun [poi_macro_1] (goal=VisitTrader)
[10:32:55] [GOAL] Oleksiy achieved VisitTrader
[10:32:55] [MISSION] Oleksiy accepted ScoutPoi @ Cordon (160 RU)
[10:32:55] [TASK] Oleksiy → AcceptMission [ScoutPoi] (goal=AcceptMission)
[10:32:55] [GOAL] Oleksiy achieved AcceptMission
[10:32:56] [COMBAT] Sergei Melnyk 'Raven' killed Pseudodog using wpn_sg550
[10:32:56] [INBOUND] Initial +2 stalkers, +2 mutants (remaining S=833 M=557)
[10:32:56] [MISSION] Bohdan accepted ScoutPoi @ Kopachi (196 RU)
[10:32:56] [TASK] Bohdan → AcceptMission [ScoutPoi] (goal=AcceptMission)
[10:32:56] [GOAL] Bohdan achieved AcceptMission
[10:32:57] [COMBAT] Dmytro Ivanov 'Fox' killed Tushkano using wpn_gauss
[10:32:57] [COMBAT] Taras Sokolov 'Stitch' killed Flesh using wpn_lr300
[10:32:58] [INBOUND] Initial +3 stalkers, +1 mutants (remaining S=830 M=556)
[10:32:58] [CORPSE] Despawned 21 bodies (lifetime=81)
[10:32:58] [MISSION] Mykola accepted ScoutPoi @ Great Swamps (168 RU)
[10:32:58] [TASK] Mykola → AcceptMission [ScoutPoi] (goal=AcceptMission)
[10:32:58] [GOAL] Mykola achieved AcceptMission
[10:32:58] [MISSION] Taras accepted ScoutPoi @ Great Swamps (168 RU)
[10:32:58] [TASK] Taras → AcceptMission [ScoutPoi] (goal=AcceptMission)
[10:32:58] [GOAL] Taras achieved AcceptMission
[10:32:59] [INBOUND] Initial +2 stalkers, +1 mutants (remaining S=828 M=555)
[10:32:59] [MISSION] Zura accepted ScoutPoi @ Kopachi (196 RU)
[10:32:59] [TASK] Zura → AcceptMission [ScoutPoi] (goal=AcceptMission)
[10:32:59] [GOAL] Zura achieved AcceptMission
[10:32:59] [COMBAT] Igor Shevchenko 'Crow' killed Dog using wpn_pkm
[10:32:59] [COMBAT] Damir Bondarenko 'Bone' killed Mikhail Melnyk 'Phantom' using wpn_vintorez
[10:32:59] [GEAR] Damir looted [wpn_pb] via combat
[10:32:59] [COMBAT] Alibek Petrov 'Wolf' killed Poltergeist using wpn_aek971
[10:33:00] [INBOUND] Initial +2 stalkers, +2 mutants (remaining S=826 M=553)
[10:33:01] [COMBAT] Mikhail Bondarenko 'Spark' killed Lasha Popov 'Wolf' using wpn_aksu
[10:33:01] [GEAR] Mikhail looted [wpn_fn2000, helm_helm_ranger] via combat
[10:33:01] [COMBAT] Nodar Popov 'Jackal' killed Burer using wpn_ak74
[10:33:01] [INBOUND] Initial +2 stalkers, +1 mutants (remaining S=824 M=552)
[10:33:02] [COMBAT] Damir Volkov 'Shadow' killed Armen Sokolov 'Scar' using wpn_aksu
[10:33:02] [GEAR] Damir looted [out_stalker_proto_exo_outfit, helm_hardhat] via combat
[10:33:03] [INBOUND] Initial +2 stalkers, +1 mutants (remaining S=822 M=551)
[10:33:03] [COMBAT] Serhiy Petrov 'Jackal' killed Taras Kovalenko 'Bone' using wpn_g36
[10:33:03] [GEAR] Serhiy looted [wpn_desert_eagle, arm_duty] via combat
[10:33:03] [MISSION] Dmytro accepted ScoutPoi @ Chistogalovka (236 RU)
[10:33:03] [TASK] Dmytro → AcceptMission [ScoutPoi] (goal=AcceptMission)
[10:33:03] [GOAL] Dmytro achieved AcceptMission
[10:33:03] [COMBAT] Alexei Petrov 'Wolf' killed Igor Petrenko 'Crow' using wpn_gauss
[10:33:03] [GEAR] Alexei looted [wpn_g36] via combat
[10:33:03] [COMBAT] Igor Volkov 'Phantom' killed Sergei Ivanov 'Shadow' using wpn_fn2000
[10:33:03] [GEAR] Igor looted [wpn_pb] via combat
[10:33:04] [INBOUND] Initial +2 stalkers, +2 mutants (remaining S=820 M=549)
[10:33:04] [MISSION] Bohdan accepted ScoutPoi @ Sarcophagus (184 RU)
[10:33:04] [TASK] Bohdan → AcceptMission [ScoutPoi] (goal=AcceptMission)
[10:33:04] [GOAL] Bohdan achieved AcceptMission
[10:33:04] [COMBAT] Damir Melnyk 'Badger' killed Pseudodog using wpn_ak74
[10:33:05] [INBOUND] Initial +2 stalkers, +1 mutants (remaining S=818 M=548)
[10:33:05] [MISSION] Connor accepted ScoutPoi @ Dead City (Chernobyl-2 Settlement) (190 RU)
[10:33:05] [TASK] Connor → AcceptMission [ScoutPoi] (goal=AcceptMission)
[10:33:05] [GOAL] Connor achieved AcceptMission
[10:33:05] [RANK] Yuriy Volkov 'Viper' → Trainee
[10:33:05] [COMBAT] Yuriy Volkov 'Viper' killed Tushkano using wpn_pkm
[10:33:06] [INBOUND] Initial +2 stalkers, +2 mutants (remaining S=816 M=546)
[10:33:06] [MISSION] Timur accepted ScoutPoi @ Great Swamps (168 RU)
[10:33:06] [TASK] Timur → AcceptMission [ScoutPoi] (goal=AcceptMission)
[10:33:06] [GOAL] Timur achieved AcceptMission
[10:33:06] [MISSION] Viktor accepted ScoutPoi @ Red Forest (196 RU)
[10:33:06] [TASK] Viktor → AcceptMission [ScoutPoi] (goal=AcceptMission)
[10:33:06] [GOAL] Viktor achieved AcceptMission
[10:33:06] [COMBAT] Andriy Shevchenko 'Raven' killed Lurker using wpn_pkm
[10:33:07] [INBOUND] Initial +2 stalkers, +1 mutants (remaining S=814 M=545)
[10:33:08] [MISSION] Mykola accepted ScoutPoi @ Red Forest (196 RU)
[10:33:08] [TASK] Mykola → AcceptMission [ScoutPoi] (goal=AcceptMission)
[10:33:08] [GOAL] Mykola achieved AcceptMission
[10:33:08] [COMBAT] Lasha Petrov 'Stitches' killed Pseudodog using wpn_rg6
[10:33:08] [RANK] Timur Petrov 'Badger' → Trainee
[10:33:08] [COMBAT] Timur Petrov 'Badger' killed Tushkano using wpn_rg6
[10:33:09] [INBOUND] Initial +2 stalkers, +1 mutants (remaining S=812 M=544)
[10:33:09] [MISSION] Dmitri accepted ScoutPoi @ Zaton (184 RU)
[10:33:09] [TASK] Dmitri → AcceptMission [ScoutPoi] (goal=AcceptMission)
[10:33:09] [GOAL] Dmitri achieved AcceptMission
[10:33:09] [COMBAT] Connor Shevchenko 'Wolf' killed Lurker using wpn_rg6
[10:33:10] [COMBAT] Oleksiy Volkov 'Scar' killed Lurker using wpn_pkm
[10:33:10] [INBOUND] Initial +2 stalkers, +2 mutants (remaining S=810 M=542)
[10:33:10] [CORPSE] Despawned 10 bodies (lifetime=91)
[10:33:10] [MISSION] Mykola accepted ScoutPoi @ Zaton (184 RU)
[10:33:10] [TASK] Mykola → AcceptMission [ScoutPoi] (goal=AcceptMission)
[10:33:10] [GOAL] Mykola achieved AcceptMission
[10:33:10] [COMBAT] Tobias Ivanov 'One-Eye' killed Burer using wpn_rg6
[10:33:11] [COMBAT] Serhiy Popov 'Crow' killed Pseudodog using wpn_gauss
[10:33:11] [INBOUND] Initial +2 stalkers, +1 mutants (remaining S=808 M=541)
[10:33:11] [SNAPSHOT] real=6.6min game=D0 00:16 alive S=220 M=186 corpses=750 lootable=407 gammaGear out=109 helm=190 avgRU=920 leaderGoals trade=0 mission=71 emission=Dormant nextIn=88gmin desperate=1 hungry=0 interval deaths=46 combats=77 tasks=27 gearLoot=9 gearBuy=0 missions=26 corpseDespawn=44 trickleSpawns=0 ranks=[Rookie:193,Trainee:10,Experienced:11,Professional:6] goals=[CompleteMission::70,Idle:49,Traveling:6,AcceptMission::1] leaders: Pavel[Rookie/AcceptMission:], Pierre[Rookie/Idle], Mykola[Rookie/CompleteMission:], Timur[Rookie/CompleteMission:], Viktor[Rookie/CompleteMission:]
[10:33:11] [MISSION] Pavel accepted ScoutPoi @ Truck Cemetery (210 RU)
[10:33:11] [TASK] Pavel → AcceptMission [ScoutPoi] (goal=AcceptMission)
[10:33:11] [GOAL] Pavel achieved AcceptMission
[10:33:12] [TASK] Oleksiy → TradeRun [poi_macro_2] (goal=VisitTrader)
[10:33:12] [TRADE] Oleksiy bought [arm_leather] @ South
[10:33:12] [GOAL] Oleksiy achieved VisitTrader
[10:33:12] [MISSION] Oleksiy accepted ScoutPoi @ Meadow (164 RU)
[10:33:12] [TASK] Oleksiy → AcceptMission [ScoutPoi] (goal=AcceptMission)
[10:33:12] [GOAL] Oleksiy achieved AcceptMission
[10:33:12] [INBOUND] Initial +2 stalkers, +2 mutants (remaining S=806 M=539)
[10:33:13] [MISSION] Dmytro accepted ScoutPoi @ Red Forest (196 RU)
[10:33:13] [TASK] Dmytro → AcceptMission [ScoutPoi] (goal=AcceptMission)
[10:33:13] [GOAL] Dmytro achieved AcceptMission
[10:33:13] [MISSION] Oleksiy accepted ScoutPoi @ Red Forest (196 RU)
[10:33:13] [TASK] Oleksiy → AcceptMission [ScoutPoi] (goal=AcceptMission)
[10:33:13] [GOAL] Oleksiy achieved AcceptMission
[10:33:13] [COMBAT] Igor Popov 'Raven' killed Dog using wpn_ak74
[10:33:13] [COMBAT] Igor Sokolov 'Ash' killed Boar using wpn_toz34
[10:33:13] [COMBAT] Yuriy Petrov 'Scar' killed Fracture using wpn_pm
[10:33:14] [INBOUND] Initial +2 stalkers, +1 mutants (remaining S=804 M=538)
[10:33:14] [MISSION] Giorgi accepted ScoutPoi @ Great Swamps (168 RU)
[10:33:14] [TASK] Giorgi → AcceptMission [ScoutPoi] (goal=AcceptMission)
[10:33:14] [GOAL] Giorgi achieved AcceptMission
[10:33:14] [MISSION] Nikolai accepted ScoutPoi @ Deserted Hospital (200 RU)
[10:33:14] [TASK] Nikolai → AcceptMission [ScoutPoi] (goal=AcceptMission)
[10:33:14] [GOAL] Nikolai achieved AcceptMission
[10:33:14] [RANK] Taras Volkov 'Spark' → Trainee
[10:33:14] [COMBAT] Taras Volkov 'Spark' killed Pseudodog using wpn_toz34
[10:33:15] [INBOUND] Initial +3 stalkers, +1 mutants (remaining S=801 M=537)
[10:33:15] [MISSION] Tobias accepted ScoutPoi @ Truck Cemetery (210 RU)
[10:33:15] [TASK] Tobias → AcceptMission [ScoutPoi] (goal=AcceptMission)
[10:33:15] [GOAL] Tobias achieved AcceptMission
[10:33:15] [COMBAT] Oleksiy Bondarenko 'Shadow' killed Timur Volkov 'Stitch' using wpn_toz34
[10:33:15] [GEAR] Oleksiy looted [wpn_lr300, out_stalker_tigerstripe_outfit, helm_tactic] via combat
[10:33:16] [INBOUND] Initial +2 stalkers, +2 mutants (remaining S=799 M=535)
[10:33:16] [COMBAT] Bohdan Kovalenko 'Crow' killed BlindDog using wpn_val
[10:33:17] [COMBAT] Dmytro Ivanov 'Scar' killed Pavel Melnyk 'Scar' using wpn_vintorez
[10:33:17] [GEAR] Dmytro looted [wpn_pm, out_monolith_exolight_outfit] via combat
[10:33:17] [COMBAT] Yuriy Volkov 'Razor' killed Tushkano using wpn_pm
[10:33:17] [INBOUND] Initial +2 stalkers, +1 mutants (remaining S=797 M=534)
[10:33:17] [MISSION] Taras accepted ScoutPoi @ Zaton (184 RU)
[10:33:17] [TASK] Taras → AcceptMission [ScoutPoi] (goal=AcceptMission)
[10:33:17] [GOAL] Taras achieved AcceptMission
[10:33:18] [COMBAT] Andriy Bondarenko 'Razor' killed Bloodsucker using wpn_pm
[10:33:18] [COMBAT] Oleksiy Popov 'Badger' killed Flesh using wpn_ak74
[10:33:18] [RANK] Damir Bondarenko 'Ash' → Trainee
[10:33:18] [COMBAT] Damir Bondarenko 'Ash' killed Serhiy Petrov 'Jackal' using wpn_pkm
[10:33:18] [GEAR] Damir looted [wpn_g36, wpn_desert_eagle, arm_duty] via combat
[10:33:18] [COMBAT] Oleksiy Shevchenko 'The Nail' killed Alexei Petrov 'Wolf' using wpn_svd
[10:33:18] [GEAR] Oleksiy looted [wpn_g36, out_military_monolit_outfit] via combat
[10:33:18] [RANK] Dmytro Sokolov 'Bullet' → Trainee
[10:33:18] [COMBAT] Dmytro Sokolov 'Bullet' killed Viktor Kovalenko 'Crow' using wpn_ak74
[10:33:18] [GEAR] Dmytro looted [wpn_gauss, wpn_sg550, helm_exo] via combat
[10:33:18] [TASK] Dmytro → TradeRun [poi_macro_12] (goal=VisitTrader)
[10:33:18] [GOAL] Dmytro achieved VisitTrader
[10:33:18] [COMBAT] Alibek Petrov 'Wolf' killed Snork using wpn_aek971
[10:33:19] [INBOUND] Initial +2 stalkers, +2 mutants (remaining S=795 M=532)
[10:33:19] [COMBAT] Bohdan Petrov 'Stitch' killed Pseudodog using wpn_mp5
[10:33:19] [TASK] Dmytro → TradeRun [poi_macro_12] (goal=VisitTrader)
[10:33:19] [GOAL] Dmytro achieved VisitTrader
[10:33:19] [MISSION] Dmytro accepted ScoutPoi @ Truck Cemetery (210 RU)
[10:33:19] [TASK] Dmytro → AcceptMission [ScoutPoi] (goal=AcceptMission)
[10:33:19] [GOAL] Dmytro achieved AcceptMission
[10:33:19] [COMBAT] Giorgi Ivanov 'Scar' killed Rat using wpn_pkm
[10:33:19] [RANK] Giorgi Petrov 'Stitch' → Trainee
[10:33:19] [COMBAT] Giorgi Petrov 'Stitch' killed BlindDog using wpn_gauss
[10:33:19] [COMBAT] Vasyl Popov 'Raven' killed Dog using wpn_ak74
[10:33:20] [COMBAT] Jake Ivanov 'The Butcher' killed BlindDog using wpn_l96a1
[10:33:20] [INBOUND] Initial +2 stalkers, +1 mutants (remaining S=793 M=531)
[10:33:20] [MISSION] Oleksiy accepted ScoutPoi @ Truck Cemetery (210 RU)
[10:33:20] [TASK] Oleksiy → AcceptMission [ScoutPoi] (goal=AcceptMission)
[10:33:20] [GOAL] Oleksiy achieved AcceptMission
[10:33:20] [MISSION] Alexei accepted ScoutPoi @ Duga Radar (210 RU)
[10:33:20] [TASK] Alexei → AcceptMission [ScoutPoi] (goal=AcceptMission)
[10:33:20] [GOAL] Alexei achieved AcceptMission
[10:33:20] [COMBAT] Yuriy Kovalenko 'Scar' killed Bloodsucker using wpn_pkm
[10:33:21] [INBOUND] Initial +2 stalkers, +1 mutants (remaining S=791 M=530)
[10:33:21] [MISSION] Andrei accepted ScoutPoi @ Garbage (196 RU)
[10:33:21] [TASK] Andrei → AcceptMission [ScoutPoi] (goal=AcceptMission)
[10:33:21] [GOAL] Andrei achieved AcceptMission
[10:33:21] [MISSION] Viktor accepted ScoutPoi @ Meadow (164 RU)
[10:33:21] [TASK] Viktor → AcceptMission [ScoutPoi] (goal=AcceptMission)
[10:33:21] [GOAL] Viktor achieved AcceptMission
[10:33:22] [INBOUND] Initial +2 stalkers, +2 mutants (remaining S=789 M=528)
[10:33:22] [CORPSE] Despawned 11 bodies (lifetime=102)
[10:33:22] [MISSION] Andriy accepted ScoutPoi @ Jupiter (Pripyat Industrial) (236 RU)
[10:33:22] [TASK] Andriy → AcceptMission [ScoutPoi] (goal=AcceptMission)
[10:33:22] [GOAL] Andriy achieved AcceptMission
[10:33:22] [MISSION] Taras accepted ScoutPoi @ Red Forest (196 RU)
[10:33:22] [TASK] Taras → AcceptMission [ScoutPoi] (goal=AcceptMission)
[10:33:22] [GOAL] Taras achieved AcceptMission
[10:33:24] [INBOUND] Initial +2 stalkers, +1 mutants (remaining S=787 M=527)
[10:33:24] [COMBAT] Pavel Bondarenko 'Phantom' killed Flesh using wpn_gauss
[10:33:25] [INBOUND] Initial +2 stalkers, +1 mutants (remaining S=785 M=526)
[10:33:25] [MISSION] Mykola accepted ScoutPoi @ Generators (230 RU)
[10:33:25] [TASK] Mykola → AcceptMission [ScoutPoi] (goal=AcceptMission)
[10:33:25] [GOAL] Mykola achieved AcceptMission
[10:33:25] [MISSION] Bakhyt arrived for ScoutPoi @ Makeshift Camp (Cordon-Meadow) (travel=651m, work=241s game)
[10:33:25] [COMBAT] Andrei Volkov 'Razor' killed Flesh using wpn_m4a1
[10:33:26] [INBOUND] Initial +2 stalkers, +2 mutants (remaining S=783 M=524)
[10:33:26] [MISSION] Sean accepted ScoutPoi @ Duga Radar (210 RU)
[10:33:26] [TASK] Sean → AcceptMission [ScoutPoi] (goal=AcceptMission)
[10:33:26] [GOAL] Sean achieved AcceptMission
[10:33:26] [MISSION] Bakhyt arrived for ScoutPoi @ Makeshift Camp (Cordon-Meadow) (travel=651m, work=241s game)
[10:33:26] [COMBAT] Ivan Melnyk 'Jackal' killed Yuriy Volkov 'Viper' using wpn_aksu
[10:33:26] [GEAR] Ivan looted [wpn_pkm, arm_exo] via combat
[10:33:27] [COMBAT] Mikhail Petrenko 'Fox' killed Snork using wpn_svd
[10:33:27] [INBOUND] Initial +2 stalkers, +1 mutants (remaining S=781 M=523)
[10:33:27] [MISSION] Ivan accepted ScoutPoi @ Rostok (190 RU)
[10:33:27] [TASK] Ivan → AcceptMission [ScoutPoi] (goal=AcceptMission)
[10:33:27] [GOAL] Ivan achieved AcceptMission
[10:33:27] [MISSION] Bakhyt arrived for ScoutPoi @ Makeshift Camp (Cordon-Meadow) (travel=651m, work=241s game)
[10:33:27] [COMBAT] Taras Kovalenko 'Wolf' killed Pseudogiant using wpn_fn2000
[10:33:28] [INBOUND] Initial +2 stalkers, +2 mutants (remaining S=779 M=521)
[10:33:28] [MISSION] Andriy accepted ScoutPoi @ Yantar (236 RU)
[10:33:28] [TASK] Andriy → AcceptMission [ScoutPoi] (goal=AcceptMission)
[10:33:28] [GOAL] Andriy achieved AcceptMission
[10:33:28] [RANK] Oleg Kovalenko 'Wolf' → Professional
[10:33:28] [COMBAT] Oleg Kovalenko 'Wolf' killed Pseudodog using wpn_aksu
[10:33:29] [COMBAT] Nodar Kovalenko 'Bone' killed Bloodsucker using wpn_fn2000
[10:33:29] [COMBAT] Tobias Ivanov 'One-Eye' killed Zura Petrov 'Ash' using wpn_rg6
[10:33:29] [GEAR] Tobias looted [wpn_fort12] via combat
[10:33:29] [INBOUND] Initial +2 stalkers, +1 mutants (remaining S=777 M=520)
[10:33:29] [MISSION] Yuriy accepted ScoutPoi @ Limansk (190 RU)
[10:33:29] [TASK] Yuriy → AcceptMission [ScoutPoi] (goal=AcceptMission)
[10:33:29] [GOAL] Yuriy achieved AcceptMission
[10:33:30] [COMBAT] Dmytro Petrov 'Crow' killed Taras Petrov 'Ash' using wpn_vintorez
[10:33:30] [GEAR] Dmytro looted [arm_freedom, helm_bandana] via combat
[10:33:30] [MISSION] Bakhyt arrived for ScoutPoi @ Makeshift Camp (Cordon-Meadow) (travel=651m, work=241s game)
[10:33:30] [COMBAT] Mykola Shevchenko 'Viper' killed Boar using wpn_ak74
[10:33:31] [INBOUND] Initial +3 stalkers, +1 mutants (remaining S=774 M=519)
[10:33:31] [MISSION] Mikhail accepted ScoutPoi @ Red Forest (196 RU)
[10:33:31] [TASK] Mikhail → AcceptMission [ScoutPoi] (goal=AcceptMission)
[10:33:31] [GOAL] Mikhail achieved AcceptMission
[10:33:31] [MISSION] Oleg accepted ScoutPoi @ Garbage (196 RU)
[10:33:31] [TASK] Oleg → AcceptMission [ScoutPoi] (goal=AcceptMission)
[10:33:31] [GOAL] Oleg achieved AcceptMission
[10:33:31] [COMBAT] Ivan Petrov 'Phantom' killed PsyDog using wpn_fn2000
[10:33:31] [COMBAT] Bohdan Kovalenko 'Crow' killed Boar using wpn_val
[10:33:32] [INBOUND] Initial +2 stalkers, +2 mutants (remaining S=772 M=517)
[10:33:32] [MISSION] Igor accepted ScoutPoi @ Kopachi (196 RU)
[10:33:32] [TASK] Igor → AcceptMission [ScoutPoi] (goal=AcceptMission)
[10:33:32] [GOAL] Igor achieved AcceptMission
[10:33:33] [COMBAT] Tobias Petrov 'Bone' killed Lurker using wpn_svd
[10:33:33] [INBOUND] Initial +2 stalkers, +1 mutants (remaining S=770 M=516)
[10:33:33] [MISSION] Bohdan accepted ScoutPoi @ Rostok (190 RU)
[10:33:33] [TASK] Bohdan → AcceptMission [ScoutPoi] (goal=AcceptMission)
[10:33:33] [GOAL] Bohdan achieved AcceptMission
[10:33:33] [COMBAT] Nikolai Petrov 'Stitch' killed Lurker using wpn_gauss
[10:33:33] [MISSION] Oleksiy arrived for ScoutPoi @ Sunken Stash (travel=648m, work=244s game)
[10:33:34] [COMBAT] Oleksiy Ivanov 'Crow' killed Poltergeist using wpn_pkm
[10:33:34] [INBOUND] Initial +2 stalkers, +2 mutants (remaining S=768 M=514)
[10:33:34] [CORPSE] Despawned 18 bodies (lifetime=120)
[10:33:34] [MISSION] Pavel accepted ScoutPoi @ Rostok (190 RU)
[10:33:34] [TASK] Pavel → AcceptMission [ScoutPoi] (goal=AcceptMission)
[10:33:34] [GOAL] Pavel achieved AcceptMission
[10:33:34] [MISSION] Oleksiy arrived for ScoutPoi @ Sunken Stash (travel=648m, work=244s game)
[10:33:35] [COMBAT] Tobias Shevchenko 'Broken Nose' killed Oleksiy Ivanov 'Razor' using wpn_pm
[10:33:35] [GEAR] Tobias looted [wpn_mp5, out_stalker_tigerstripe_outfit, helm_helm_hardhat] via combat
[10:33:35] [INBOUND] Initial +2 stalkers, +1 mutants (remaining S=766 M=513)
[10:33:35] [MISSION] Igor accepted ScoutPoi @ Great Swamps (168 RU)
[10:33:35] [TASK] Igor → AcceptMission [ScoutPoi] (goal=AcceptMission)
[10:33:35] [GOAL] Igor achieved AcceptMission
[10:33:35] [MISSION] Oleksiy arrived for ScoutPoi @ Sunken Stash (travel=648m, work=244s game)
[10:33:35] [COMBAT] Yuriy Petrenko 'Badger' killed Snork using wpn_fn2000
[10:33:36] [TASK] Mikhail → TradeRun [poi_macro_5] (goal=VisitTrader)
[10:33:36] [GOAL] Mikhail achieved VisitTrader
[10:33:36] [INBOUND] Initial +2 stalkers, +1 mutants (remaining S=764 M=512)
[10:33:36] [MISSION] Jake accepted ScoutPoi @ Duga Radar (210 RU)
[10:33:36] [TASK] Jake → AcceptMission [ScoutPoi] (goal=AcceptMission)
[10:33:36] [GOAL] Jake achieved AcceptMission
[10:33:36] [TASK] Mykola → FulfillMission [ScoutPoi] (goal=CompleteMission)
[10:33:36] [MISSION] Mykola objective done ScoutPoi @ Arena → return to Zaton
[10:33:36] [TASK] Connor → FulfillMission [ScoutPoi] (goal=CompleteMission)
[10:33:36] [MISSION] Connor objective done ScoutPoi @ Sunken Shack → return to Dead City (Chernobyl-2 Settlement)
[10:33:36] [TASK] Bohdan → FulfillMission [ScoutPoi] (goal=CompleteMission)
[10:33:36] [MISSION] Bohdan objective done ScoutPoi @ Mutant Den #1 near Rostok → return to Sarcophagus
[10:33:36] [TASK] Dmytro → FulfillMission [ScoutPoi] (goal=CompleteMission)
[10:33:36] [MISSION] Dmytro objective done ScoutPoi @ Mutant Den #0 near Truck Cemetery → return to Chistogalovka
[10:33:36] [TASK] Zura → FulfillMission [ScoutPoi] (goal=CompleteMission)
[10:33:36] [MISSION] Zura objective done ScoutPoi @ Ruined Garage → return to Kopachi
[10:33:36] [TASK] Sergei → FulfillMission [ScoutPoi] (goal=CompleteMission)
[10:33:36] [MISSION] Sergei objective done ScoutPoi @ Mutant Den #1 near Rostok → return to Sarcophagus
[10:33:36] [TASK] Damir → FulfillMission [ScoutPoi] (goal=CompleteMission)
[10:33:36] [MISSION] Damir objective done ScoutPoi @ Mutant Den #1 near Rostok → return to Sarcophagus
[10:33:36] [TASK] Mykola → FulfillMission [ScoutPoi] (goal=CompleteMission)
[10:33:36] [MISSION] Mykola objective done ScoutPoi @ Forgotten Shelter → return to Wild Territory
[10:33:36] [TASK] Mikhail → FulfillMission [ScoutPoi] (goal=CompleteMission)
[10:33:36] [MISSION] Mikhail objective done ScoutPoi @ Windswept Cairn → return to Jupiter (Pripyat Industrial)
[10:33:36] [TASK] Taras → FulfillMission [ScoutPoi] (goal=CompleteMission)
[10:33:36] [MISSION] Taras objective done ScoutPoi @ Windswept Cabin → return to Radar (Brain Scorcher)
[10:33:36] [TASK] Taras → FulfillMission [ScoutPoi] (goal=CompleteMission)
[10:33:36] [MISSION] Taras objective done ScoutPoi @ Forgotten Shelter → return to Wild Territory
[10:33:36] [TASK] Alexei → FulfillMission [ScoutPoi] (goal=CompleteMission)
[10:33:36] [MISSION] Alexei objective done ScoutPoi @ Forgotten Pillbox → return to Zalissya
[10:33:36] [TASK] Sergei → FulfillMission [ScoutPoi] (goal=CompleteMission)
[10:33:36] [MISSION] Sergei objective done ScoutPoi @ Makeshift Outpost → return to Chernobyl Town
[10:33:36] [TASK] Dmytro → FulfillMission [ScoutPoi] (goal=CompleteMission)
[10:33:36] [MISSION] Dmytro objective done ScoutPoi @ Abandoned Hut → return to Cordon
[10:33:36] [TASK] Nodar → FulfillMission [ScoutPoi] (goal=CompleteMission)
[10:33:36] [MISSION] Nodar objective done ScoutPoi @ Ruined Garage → return to Kopachi
[10:33:36] [TASK] Oleksiy → FulfillMission [ScoutPoi] (goal=CompleteMission)
[10:33:36] [MISSION] Oleksiy objective done ScoutPoi @ Hidden Hut → return to Red Forest
[10:33:36] [TASK] Vasyl → FulfillMission [ScoutPoi] (goal=CompleteMission)
[10:33:36] [MISSION] Vasyl objective done ScoutPoi @ Abandoned Hut → return to Cordon
[10:33:36] [TASK] Igor → FulfillMission [ScoutPoi] (goal=CompleteMission)
[10:33:36] [MISSION] Igor objective done ScoutPoi @ Makeshift Outpost → return to Chernobyl Town
[10:33:37] [TASK] Mikhail → TradeRun [poi_macro_5] (goal=VisitTrader)
[10:33:37] [GOAL] Mikhail achieved VisitTrader
[10:33:37] [MISSION] Oleksiy arrived for ScoutPoi @ Sunken Stash (travel=648m, work=244s game)
[10:33:37] [MISSION] Mikhail accepted ScoutPoi @ Agroprom (184 RU)
[10:33:37] [TASK] Mikhail → AcceptMission [ScoutPoi] (goal=AcceptMission)
[10:33:37] [GOAL] Mikhail achieved AcceptMission
[10:33:37] [COMBAT] Yuriy Kovalenko 'Scar' killed Bloodsucker using wpn_pkm
[10:33:38] [INBOUND] Initial +2 stalkers, +2 mutants (remaining S=762 M=510)
[10:33:38] [TASK] Zura → TurnInMission [ScoutPoi] (goal=CompleteMission)
[10:33:38] [MISSION] Zura turned in ScoutPoi @ Kopachi (+196 RU)
[10:33:38] [GOAL] Zura achieved CompleteMission
[10:33:38] [TASK] Mykola → TurnInMission [ScoutPoi] (goal=CompleteMission)
[10:33:38] [MISSION] Mykola turned in ScoutPoi @ Wild Territory (+164 RU)
[10:33:38] [GOAL] Mykola achieved CompleteMission
[10:33:38] [TASK] Mikhail → TurnInMission [ScoutPoi] (goal=CompleteMission)
[10:33:38] [MISSION] Mikhail turned in ScoutPoi @ Jupiter (Pripyat Industrial) (+236 RU)
[10:33:38] [GOAL] Mikhail achieved CompleteMission
[10:33:38] [TASK] Taras → TurnInMission [ScoutPoi] (goal=CompleteMission)
[10:33:38] [MISSION] Taras turned in ScoutPoi @ Radar (Brain Scorcher) (+236 RU)
[10:33:38] [GOAL] Taras achieved CompleteMission
[10:33:38] [TASK] Taras → TurnInMission [ScoutPoi] (goal=CompleteMission)
[10:33:38] [MISSION] Taras turned in ScoutPoi @ Wild Territory (+164 RU)
[10:33:38] [GOAL] Taras achieved CompleteMission
[10:33:38] [TASK] Alexei → TurnInMission [ScoutPoi] (goal=CompleteMission)
[10:33:38] [MISSION] Alexei turned in ScoutPoi @ Zalissya (+184 RU)
[10:33:38] [GOAL] Alexei achieved CompleteMission
[10:33:38] [TASK] Sergei → TurnInMission [ScoutPoi] (goal=CompleteMission)
[10:33:38] [MISSION] Sergei turned in ScoutPoi @ Chernobyl Town (+200 RU)
[10:33:38] [GOAL] Sergei achieved CompleteMission
[10:33:38] [TASK] Dmytro → TurnInMission [ScoutPoi] (goal=CompleteMission)
[10:33:38] [MISSION] Dmytro turned in ScoutPoi @ Cordon (+160 RU)
[10:33:38] [GOAL] Dmytro achieved CompleteMission
[10:33:38] [TASK] Nodar → TurnInMission [ScoutPoi] (goal=CompleteMission)
[10:33:38] [MISSION] Nodar turned in ScoutPoi @ Kopachi (+196 RU)
[10:33:38] [GOAL] Nodar achieved CompleteMission
[10:33:38] [TASK] Oleksiy → TurnInMission [ScoutPoi] (goal=CompleteMission)
[10:33:38] [MISSION] Oleksiy turned in ScoutPoi @ Red Forest (+196 RU)
[10:33:38] [GOAL] Oleksiy achieved CompleteMission
[10:33:38] [TASK] Vasyl → TurnInMission [ScoutPoi] (goal=CompleteMission)
[10:33:38] [MISSION] Vasyl turned in ScoutPoi @ Cordon (+160 RU)
[10:33:38] [GOAL] Vasyl achieved CompleteMission
[10:33:38] [TASK] Igor → TurnInMission [ScoutPoi] (goal=CompleteMission)
[10:33:38] [MISSION] Igor turned in ScoutPoi @ Chernobyl Town (+200 RU)
[10:33:38] [GOAL] Igor achieved CompleteMission
[10:33:38] [MISSION] Ivan accepted ScoutPoi @ Army Warehouses (230 RU)
[10:33:38] [TASK] Ivan → AcceptMission [ScoutPoi] (goal=AcceptMission)
[10:33:38] [GOAL] Ivan achieved AcceptMission
[10:33:38] [MISSION] Zura accepted ScoutPoi @ Kopachi (196 RU)
[10:33:38] [TASK] Zura → AcceptMission [ScoutPoi] (goal=AcceptMission)
[10:33:38] [GOAL] Zura achieved AcceptMission
[10:33:38] [MISSION] Mykola accepted ScoutPoi @ Wild Territory (164 RU)
[10:33:38] [TASK] Mykola → AcceptMission [ScoutPoi] (goal=AcceptMission)
[10:33:38] [GOAL] Mykola achieved AcceptMission
[10:33:38] [MISSION] Mikhail accepted ScoutPoi @ Jupiter (Pripyat Industrial) (236 RU)
[10:33:38] [TASK] Mikhail → AcceptMission [ScoutPoi] (goal=AcceptMission)
[10:33:38] [GOAL] Mikhail achieved AcceptMission
[10:33:38] [MISSION] Taras accepted ScoutPoi @ Radar (Brain Scorcher) (236 RU)
[10:33:38] [TASK] Taras → AcceptMission [ScoutPoi] (goal=AcceptMission)
[10:33:38] [GOAL] Taras achieved AcceptMission
[10:33:38] [MISSION] Taras accepted ScoutPoi @ Wild Territory (164 RU)
[10:33:38] [TASK] Taras → AcceptMission [ScoutPoi] (goal=AcceptMission)
[10:33:38] [GOAL] Taras achieved AcceptMission
[10:33:38] [MISSION] Alexei accepted ScoutPoi @ Zalissya (184 RU)
[10:33:38] [TASK] Alexei → AcceptMission [ScoutPoi] (goal=AcceptMission)
[10:33:38] [GOAL] Alexei achieved AcceptMission
[10:33:38] [MISSION] Sergei accepted ScoutPoi @ Chernobyl Town (200 RU)
[10:33:38] [TASK] Sergei → AcceptMission [ScoutPoi] (goal=AcceptMission)
[10:33:38] [GOAL] Sergei achieved AcceptMission
[10:33:38] [MISSION] Dmytro accepted ScoutPoi @ Cordon (160 RU)
[10:33:38] [TASK] Dmytro → AcceptMission [ScoutPoi] (goal=AcceptMission)
[10:33:38] [GOAL] Dmytro achieved AcceptMission
[10:33:38] [MISSION] Nodar accepted ScoutPoi @ Kopachi (196 RU)
[10:33:38] [TASK] Nodar → AcceptMission [ScoutPoi] (goal=AcceptMission)
[10:33:38] [GOAL] Nodar achieved AcceptMission
[10:33:38] [MISSION] Oleksiy accepted ScoutPoi @ Red Forest (196 RU)
[10:33:38] [TASK] Oleksiy → AcceptMission [ScoutPoi] (goal=AcceptMission)
[10:33:38] [GOAL] Oleksiy achieved AcceptMission
[10:33:38] [MISSION] Vasyl accepted ScoutPoi @ Cordon (160 RU)
[10:33:38] [TASK] Vasyl → AcceptMission [ScoutPoi] (goal=AcceptMission)
[10:33:38] [GOAL] Vasyl achieved AcceptMission
[10:33:38] [MISSION] Igor accepted ScoutPoi @ Chernobyl Town (200 RU)
[10:33:38] [TASK] Igor → AcceptMission [ScoutPoi] (goal=AcceptMission)
[10:33:38] [GOAL] Igor achieved AcceptMission
[10:33:40] [COMBAT] Serhiy Volkov 'Crow' killed Bloodsucker using wpn_ak74
[10:33:40] [INBOUND] Initial +2 stalkers, +1 mutants (remaining S=760 M=509)
[10:33:40] [MISSION] Andriy accepted ScoutPoi @ Deserted Hospital (200 RU)
[10:33:40] [TASK] Andriy → AcceptMission [ScoutPoi] (goal=AcceptMission)
[10:33:40] [GOAL] Andriy achieved AcceptMission
[10:33:40] [MISSION] Oleksiy arrived for ScoutPoi @ Sunken Stash (travel=648m, work=244s game)
[10:33:40] [RANK] Sergei Shevchenko 'Wolf' → Professional
[10:33:40] [COMBAT] Sergei Shevchenko 'Wolf' killed Burer using wpn_ak74
[10:33:41] [COMBAT] Andriy Sokolov 'Mole' killed Snork using wpn_aksu
[10:33:41] [COMBAT] Mikhail Petrenko 'Fox' killed Vasyl Kovalenko 'The Nail' using wpn_svd
[10:33:41] [GEAR] Mikhail looted [wpn_pm] via combat
[10:33:41] [COMBAT] Serhiy Kovalenko 'Shadow' killed Rat using wpn_aksu
[10:33:41] [COMBAT] Lasha Petrov 'Stitches' killed Viktor Ivanov 'Wolf' using wpn_rg6
[10:33:41] [INBOUND] Initial +2 stalkers, +2 mutants (remaining S=758 M=507)
[10:33:41] [SNAPSHOT] real=7.1min game=D0 00:17 alive S=226 M=187 corpses=798 lootable=428 gammaGear out=110 helm=196 avgRU=914 leaderGoals trade=0 mission=80 emission=Dormant nextIn=87gmin desperate=2 hungry=0 interval deaths=44 combats=77 tasks=77 gearLoot=10 gearBuy=1 missions=54 corpseDespawn=29 trickleSpawns=0 ranks=[Rookie:197,Trainee:14,Experienced:8,Professional:7] goals=[CompleteMission::79,Idle:44,Traveling:10,AcceptMission::1] leaders: Pavel[Rookie/CompleteMission:], Pierre[Rookie/Idle], Mykola[Rookie/CompleteMission:], Viktor[Rookie/CompleteMission:], Mykola[Rookie/CompleteMission:]
[10:33:41] [MISSION] Rustam accepted ScoutPoi @ Army Warehouses (230 RU)
[10:33:41] [TASK] Rustam → AcceptMission [ScoutPoi] (goal=AcceptMission)
[10:33:41] [GOAL] Rustam achieved AcceptMission
[10:33:42] [COMBAT] Giorgi Ivanov 'Ghost' killed Lurker using wpn_lr300
[10:33:43] [INBOUND] Initial +2 stalkers, +1 mutants (remaining S=756 M=506)
[10:33:43] [MISSION] Karl accepted ScoutPoi @ Army Warehouses (230 RU)
[10:33:43] [TASK] Karl → AcceptMission [ScoutPoi] (goal=AcceptMission)
[10:33:43] [GOAL] Karl achieved AcceptMission
[10:33:44] [INBOUND] Initial +2 stalkers, +1 mutants (remaining S=754 M=505)
[10:33:45] [COMBAT] Lars Ivanov 'Badger' killed Bohdan Ivanov 'Raven' using wpn_sg550
[10:33:45] [GEAR] Lars looted [wpn_aek971, arm_duty] via combat
[10:33:45] [INBOUND] Initial +2 stalkers, +2 mutants (remaining S=752 M=503)
[10:33:45] [MISSION] Pavel accepted ScoutPoi @ Chernobyl Town (200 RU)
[10:33:45] [TASK] Pavel → AcceptMission [ScoutPoi] (goal=AcceptMission)
[10:33:45] [GOAL] Pavel achieved AcceptMission
[10:33:46] [COMBAT] Lars Kovalenko 'Ghost' killed Vasyl Ivanov 'Stitch' using wpn_rg6
[10:33:46] [GEAR] Lars looted [arm_duty] via combat
[10:33:46] [INBOUND] Initial +2 stalkers, +1 mutants (remaining S=750 M=502)
[10:33:46] [MISSION] Mykola accepted ScoutPoi @ Sarcophagus (184 RU)
[10:33:46] [TASK] Mykola → AcceptMission [ScoutPoi] (goal=AcceptMission)
[10:33:46] [GOAL] Mykola achieved AcceptMission
[10:33:47] [MISSION] Oleksiy arrived for ScoutPoi @ Sunken Stash (travel=648m, work=244s game)
[10:33:47] [COMBAT] Dmytro Petrenko 'Crow' killed Bloodsucker using wpn_gauss
[10:33:47] [COMBAT] Nikolai Kovalenko 'Phantom' killed Poltergeist using wpn_aksu
[10:33:48] [INBOUND] Initial +3 stalkers, +1 mutants (remaining S=747 M=501)
[10:33:48] [CORPSE] Despawned 18 bodies (lifetime=138)
[10:33:48] [MISSION] Mykola accepted ScoutPoi @ Dark Valley (168 RU)
[10:33:48] [TASK] Mykola → AcceptMission [ScoutPoi] (goal=AcceptMission)
[10:33:48] [GOAL] Mykola achieved AcceptMission
[10:33:48] [MISSION] Nikolai accepted ScoutPoi @ Buriakivka Waste Site (160 RU)
[10:33:48] [TASK] Nikolai → AcceptMission [ScoutPoi] (goal=AcceptMission)
[10:33:48] [GOAL] Nikolai achieved AcceptMission
[10:33:48] [MISSION] Oleksiy arrived for ScoutPoi @ Sunken Stash (travel=648m, work=244s game)
[10:33:48] [COMBAT] Mykola Ivanov 'Raven' killed Poltergeist using wpn_gauss
[10:33:49] [INBOUND] Initial +2 stalkers, +2 mutants (remaining S=745 M=499)
[10:33:49] [MISSION] Sergei accepted ScoutPoi @ Agroprom (184 RU)
[10:33:49] [TASK] Sergei → AcceptMission [ScoutPoi] (goal=AcceptMission)
[10:33:49] [GOAL] Sergei achieved AcceptMission
[10:33:49] [COMBAT] Dmitri Sokolov 'Bone' killed Burer using wpn_mp5
[10:33:49] [MISSION] Oleksiy arrived for ScoutPoi @ Sunken Stash (travel=648m, work=244s game)
[10:33:50] [COMBAT] Taras Volkov 'Spark' killed Lurker using wpn_toz34
[10:33:50] [COMBAT] Mikhail Shevchenko 'Badger' killed Burer using wpn_rg6
[10:33:50] [COMBAT] Karl Bondarenko 'Ghost' killed Pseudodog using wpn_ak74
[10:33:50] [INBOUND] Initial +2 stalkers, +1 mutants (remaining S=743 M=498)
[10:33:50] [MISSION] Dmytro accepted ScoutPoi @ Deserted Hospital (200 RU)
[10:33:50] [TASK] Dmytro → AcceptMission [ScoutPoi] (goal=AcceptMission)
[10:33:50] [GOAL] Dmytro achieved AcceptMission
[10:33:50] [COMBAT] Oleksiy Volkov 'Scar' killed Bloodsucker using wpn_pkm
[10:33:50] [TASK] Oleksiy → FulfillMission [ScoutPoi] (goal=CompleteMission)
[10:33:50] [MISSION] Oleksiy objective done ScoutPoi @ Hidden Hut → return to Red Forest
[10:33:50] [TASK] Vasyl → FulfillMission [ScoutPoi] (goal=CompleteMission)
[10:33:50] [MISSION] Vasyl objective done ScoutPoi @ Abandoned Hut → return to Cordon
[10:33:50] [TASK] Igor → FulfillMission [ScoutPoi] (goal=CompleteMission)
[10:33:50] [MISSION] Igor objective done ScoutPoi @ Makeshift Outpost → return to Chernobyl Town
[10:33:50] [MISSION] Oleksiy arrived for ScoutPoi @ Sunken Stash (travel=648m, work=244s game)
[10:33:51] [INBOUND] Initial +2 stalkers, +2 mutants (remaining S=741 M=496)
[10:33:51] [TASK] Oleksiy → TurnInMission [ScoutPoi] (goal=CompleteMission)
[10:33:51] [MISSION] Oleksiy turned in ScoutPoi @ Red Forest (+196 RU)
[10:33:51] [GOAL] Oleksiy achieved CompleteMission
[10:33:51] [TASK] Vasyl → TurnInMission [ScoutPoi] (goal=CompleteMission)
[10:33:51] [MISSION] Vasyl turned in ScoutPoi @ Cordon (+160 RU)
[10:33:51] [GOAL] Vasyl achieved CompleteMission
[10:33:51] [TASK] Igor → TurnInMission [ScoutPoi] (goal=CompleteMission)
[10:33:51] [MISSION] Igor turned in ScoutPoi @ Chernobyl Town (+200 RU)
[10:33:51] [GOAL] Igor achieved CompleteMission
[10:33:51] [MISSION] Mikhail accepted ScoutPoi @ Limansk (190 RU)
[10:33:51] [TASK] Mikhail → AcceptMission [ScoutPoi] (goal=AcceptMission)
[10:33:51] [GOAL] Mikhail achieved AcceptMission
[10:33:51] [MISSION] Oleksiy accepted ScoutPoi @ Red Forest (196 RU)
[10:33:51] [TASK] Oleksiy → AcceptMission [ScoutPoi] (goal=AcceptMission)
[10:33:51] [GOAL] Oleksiy achieved AcceptMission
[10:33:51] [MISSION] Vasyl accepted ScoutPoi @ Cordon (160 RU)
[10:33:51] [TASK] Vasyl → AcceptMission [ScoutPoi] (goal=AcceptMission)
[10:33:51] [GOAL] Vasyl achieved AcceptMission
[10:33:51] [MISSION] Igor accepted ScoutPoi @ Chernobyl Town (200 RU)
[10:33:51] [TASK] Igor → AcceptMission [ScoutPoi] (goal=AcceptMission)
[10:33:51] [GOAL] Igor achieved AcceptMission
[10:33:51] [MISSION] Oleksiy arrived for ScoutPoi @ Sunken Stash (travel=648m, work=244s game)
[10:33:52] [COMBAT] Damir Volkov 'Shadow' killed Bloodsucker using wpn_aksu
[10:33:52] [INBOUND] Initial +2 stalkers, +1 mutants (remaining S=739 M=495)
[10:33:53] [MISSION] Mykola accepted ScoutPoi @ Radar (Brain Scorcher) (236 RU)
[10:33:53] [TASK] Mykola → AcceptMission [ScoutPoi] (goal=AcceptMission)
[10:33:53] [GOAL] Mykola achieved AcceptMission
[10:33:53] [COMBAT] Dmytro Kovalenko 'Phantom' killed Poltergeist using wpn_mp5
[10:33:54] [INBOUND] Initial +2 stalkers, +1 mutants (remaining S=737 M=494)
[10:33:54] [COMBAT] Andriy Ivanov 'Scar' killed Snork using wpn_mp5
[10:33:55] [INBOUND] Initial +2 stalkers, +2 mutants (remaining S=735 M=492)
[10:33:55] [MISSION] Karl accepted ScoutPoi @ Great Swamps (168 RU)
[10:33:55] [TASK] Karl → AcceptMission [ScoutPoi] (goal=AcceptMission)
[10:33:55] [GOAL] Karl achieved AcceptMission
[10:33:55] [MISSION] Oleksiy arrived for ScoutPoi @ Sunken Stash (travel=648m, work=244s game)
[10:33:56] [COMBAT] Karl Bondarenko 'Knuckle' killed BlindDog using wpn_l96a1
[10:33:56] [COMBAT] Timur Petrov 'Badger' killed Dog using wpn_rg6
[10:33:56] [COMBAT] Damir Bondarenko 'Bone' killed Nodar Bondarenko 'Ghost' using wpn_vintorez
[10:33:56] [INBOUND] Initial +2 stalkers, +1 mutants (remaining S=733 M=491)
[10:33:56] [MISSION] Jake accepted ScoutPoi @ Dead City (Chernobyl-2 Settlement) (190 RU)
[10:33:56] [TASK] Jake → AcceptMission [ScoutPoi] (goal=AcceptMission)
[10:33:56] [GOAL] Jake achieved AcceptMission
[10:33:56] [TASK] Vasyl → FulfillMission [ScoutPoi] (goal=CompleteMission)
[10:33:56] [MISSION] Vasyl objective done ScoutPoi @ Forgotten Pillbox → return to Zalissya
[10:33:56] [TASK] Tobias → FulfillMission [ScoutPoi] (goal=CompleteMission)
[10:33:56] [MISSION] Tobias objective done ScoutPoi @ Sunken Shack → return to Dead City (Chernobyl-2 Settlement)
[10:33:56] [TASK] Lasha → FulfillMission [ScoutPoi] (goal=CompleteMission)
[10:33:56] [MISSION] Lasha objective done ScoutPoi @ Mutant Den #0 near Dark Valley → return to Duga Radar
[10:33:56] [TASK] Oleksiy → FulfillMission [ScoutPoi] (goal=CompleteMission)
[10:33:56] [MISSION] Oleksiy objective done ScoutPoi @ Makeshift Camp (Garbage-Agroprom) → return to Deserted Hospital
[10:33:56] [TASK] Igor → FulfillMission [ScoutPoi] (goal=CompleteMission)
[10:33:56] [MISSION] Igor objective done ScoutPoi @ Hidden Hut → return to Red Forest
[10:33:56] [TASK] Giorgi → FulfillMission [ScoutPoi] (goal=CompleteMission)
[10:33:56] [MISSION] Giorgi objective done ScoutPoi @ Hidden Cairn → return to Dark Valley
[10:33:56] [TASK] Dmitri → FulfillMission [ScoutPoi] (goal=CompleteMission)
[10:33:56] [MISSION] Dmitri objective done ScoutPoi @ Makeshift Camp (Cordon-Meadow) → return to Great Swamps
[10:33:56] [TASK] Bohdan → FulfillMission [ScoutPoi] (goal=CompleteMission)
[10:33:56] [MISSION] Bohdan objective done ScoutPoi @ Abandoned Bus → return to Meadow
[10:33:56] [TASK] Taras → FulfillMission [ScoutPoi] (goal=CompleteMission)
[10:33:56] [MISSION] Taras objective done ScoutPoi @ Hidden Cairn → return to Dark Valley
[10:33:56] [TASK] Pavel → FulfillMission [ScoutPoi] (goal=CompleteMission)
[10:33:56] [MISSION] Pavel objective done ScoutPoi @ Hidden Hut → return to Red Forest
[10:33:56] [TASK] Bohdan → FulfillMission [ScoutPoi] (goal=CompleteMission)
[10:33:56] [MISSION] Bohdan objective done ScoutPoi @ Abandoned Hut → return to Cordon
[10:33:56] [TASK] Andriy → FulfillMission [ScoutPoi] (goal=CompleteMission)
[10:33:56] [MISSION] Andriy objective done ScoutPoi @ Windswept Cairn → return to Jupiter (Pripyat Industrial)
[10:33:56] [TASK] Andriy → FulfillMission [ScoutPoi] (goal=CompleteMission)
[10:33:56] [MISSION] Andriy objective done ScoutPoi @ Forgotten Shelter → return to Wild Territory
[10:33:56] [TASK] Lasha → FulfillMission [ScoutPoi] (goal=CompleteMission)
[10:33:56] [MISSION] Lasha objective done ScoutPoi @ Makeshift Outpost → return to Chernobyl Town
[10:33:56] [TASK] Mykola → FulfillMission [ScoutPoi] (goal=CompleteMission)
[10:33:56] [MISSION] Mykola objective done ScoutPoi @ Ruined Garage → return to Kopachi
[10:33:56] [TASK] Mikhail → FulfillMission [ScoutPoi] (goal=CompleteMission)
[10:33:56] [MISSION] Mikhail objective done ScoutPoi @ Forgotten Shelter → return to Wild Territory
[10:33:56] [TASK] Igor → FulfillMission [ScoutPoi] (goal=CompleteMission)
[10:33:56] [MISSION] Igor objective done ScoutPoi @ Makeshift Camp (Cordon-Meadow) → return to Great Swamps
[10:33:56] [TASK] Pavel → FulfillMission [ScoutPoi] (goal=CompleteMission)
[10:33:56] [MISSION] Pavel objective done ScoutPoi @ Sunken Stash → return to Rostok
[10:33:56] [TASK] Igor → FulfillMission [ScoutPoi] (goal=CompleteMission)
[10:33:56] [MISSION] Igor objective done ScoutPoi @ Ruined Garage → return to Kopachi
[10:33:56] [TASK] Mikhail → FulfillMission [ScoutPoi] (goal=CompleteMission)
[10:33:56] [MISSION] Mikhail objective done ScoutPoi @ Hidden Hut → return to Red Forest
[10:33:56] [TASK] Oleg → FulfillMission [ScoutPoi] (goal=CompleteMission)
[10:33:56] [MISSION] Oleg objective done ScoutPoi @ Derelict Stash → return to Garbage
[10:33:56] [TASK] Yuriy → FulfillMission [ScoutPoi] (goal=CompleteMission)
[10:33:56] [MISSION] Yuriy objective done ScoutPoi @ Duty Checkpoint → return to Limansk
[10:33:56] [TASK] Andriy → FulfillMission [ScoutPoi] (goal=CompleteMission)
[10:33:56] [MISSION] Andriy objective done ScoutPoi @ Loot Crate (Rostok-Truck Ce) → return to Yantar
[10:33:56] [TASK] Ivan → FulfillMission [ScoutPoi] (goal=CompleteMission)
[10:33:56] [MISSION] Ivan objective done ScoutPoi @ Sunken Stash → return to Rostok
[10:33:56] [TASK] Zura → FulfillMission [ScoutPoi] (goal=CompleteMission)
[10:33:56] [MISSION] Zura objective done ScoutPoi @ Ruined Garage → return to Kopachi
[10:33:56] [TASK] Mykola → FulfillMission [ScoutPoi] (goal=CompleteMission)
[10:33:56] [MISSION] Mykola objective done ScoutPoi @ Forgotten Shelter → return to Wild Territory
[10:33:56] [TASK] Mikhail → FulfillMission [ScoutPoi] (goal=CompleteMission)
[10:33:56] [MISSION] Mikhail objective done ScoutPoi @ Windswept Cairn → return to Jupiter (Pripyat Industrial)
[10:33:56] [TASK] Taras → FulfillMission [ScoutPoi] (goal=CompleteMission)
[10:33:56] [MISSION] Taras objective done ScoutPoi @ Windswept Cabin → return to Radar (Brain Scorcher)
[10:33:56] [TASK] Taras → FulfillMission [ScoutPoi] (goal=CompleteMission)
[10:33:56] [MISSION] Taras objective done ScoutPoi @ Forgotten Shelter → return to Wild Territory
[10:33:56] [TASK] Sergei → FulfillMission [ScoutPoi] (goal=CompleteMission)
[10:33:56] [MISSION] Sergei objective done ScoutPoi @ Makeshift Outpost → return to Chernobyl Town
[10:33:56] [TASK] Dmytro → FulfillMission [ScoutPoi] (goal=CompleteMission)
[10:33:56] [MISSION] Dmytro objective done ScoutPoi @ Abandoned Hut → return to Cordon
[10:33:56] [TASK] Nodar → FulfillMission [ScoutPoi] (goal=CompleteMission)
[10:33:56] [MISSION] Nodar objective done ScoutPoi @ Ruined Garage → return to Kopachi
[10:33:56] [TASK] Oleksiy → FulfillMission [ScoutPoi] (goal=CompleteMission)
[10:33:56] [MISSION] Oleksiy objective done ScoutPoi @ Hidden Hut → return to Red Forest
[10:33:56] [TASK] Vasyl → FulfillMission [ScoutPoi] (goal=CompleteMission)
[10:33:56] [MISSION] Vasyl objective done ScoutPoi @ Abandoned Hut → return to Cordon
[10:33:56] [TASK] Igor → FulfillMission [ScoutPoi] (goal=CompleteMission)
[10:33:56] [MISSION] Igor objective done ScoutPoi @ Makeshift Outpost → return to Chernobyl Town
[10:33:56] [MISSION] Oleksiy arrived for ScoutPoi @ Sunken Stash (travel=648m, work=244s game)
[10:33:56] [COMBAT] Karl Sokolov 'Fox' killed Alibek Bondarenko 'Bullet' using wpn_spas12
[10:33:56] [GEAR] Karl looted [wpn_aksu, out_stalker_tigerstripe_outfit, helm_helm_hardhat] via combat
[10:33:56] [COMBAT] Lukash killed Bloodsucker using wpn_vintorez
[10:33:57] [COMBAT] Dmytro Petrov 'Crow' killed Mykola Ivanov 'Ghost' using wpn_vintorez
[10:33:57] [GEAR] Dmytro looted [wpn_fort12, arm_freedom, helm_helm_spartan] via combat
[10:33:57] [INBOUND] Initial +2 stalkers, +2 mutants (remaining S=731 M=489)
[10:33:57] [COMBAT] Vasyl Melnyk 'Spark' killed Taras Petrov 'Spark' using wpn_vintorez
[10:33:57] [TASK] Vasyl → TurnInMission [ScoutPoi] (goal=CompleteMission)
[10:33:57] [MISSION] Vasyl turned in ScoutPoi @ Zalissya (+184 RU)
[10:33:57] [GOAL] Vasyl achieved CompleteMission
[10:33:57] [TASK] Igor → TurnInMission [ScoutPoi] (goal=CompleteMission)
[10:33:57] [MISSION] Igor turned in ScoutPoi @ Red Forest (+196 RU)
[10:33:57] [GOAL] Igor achieved CompleteMission
[10:33:57] [TASK] Bohdan → TurnInMission [ScoutPoi] (goal=CompleteMission)
[10:33:57] [MISSION] Bohdan turned in ScoutPoi @ Meadow (+164 RU)
[10:33:57] [GOAL] Bohdan achieved CompleteMission
[10:33:57] [TASK] Pavel → TurnInMission [ScoutPoi] (goal=CompleteMission)
[10:33:57] [MISSION] Pavel turned in ScoutPoi @ Red Forest (+196 RU)
[10:33:57] [GOAL] Pavel achieved CompleteMission
[10:33:57] [TASK] Bohdan → TurnInMission [ScoutPoi] (goal=CompleteMission)
[10:33:57] [MISSION] Bohdan turned in ScoutPoi @ Cordon (+160 RU)
[10:33:57] [GOAL] Bohdan achieved CompleteMission
[10:33:57] [TASK] Andriy → TurnInMission [ScoutPoi] (goal=CompleteMission)
[10:33:57] [MISSION] Andriy turned in ScoutPoi @ Jupiter (Pripyat Industrial) (+236 RU)
[10:33:57] [GOAL] Andriy achieved CompleteMission
[10:33:57] [TASK] Andriy → TurnInMission [ScoutPoi] (goal=CompleteMission)
[10:33:57] [MISSION] Andriy turned in ScoutPoi @ Wild Territory (+164 RU)
[10:33:57] [GOAL] Andriy achieved CompleteMission
[10:33:57] [TASK] Lasha → TurnInMission [ScoutPoi] (goal=CompleteMission)
[10:33:57] [MISSION] Lasha turned in ScoutPoi @ Chernobyl Town (+200 RU)
[10:33:57] [GOAL] Lasha achieved CompleteMission
[10:33:57] [TASK] Mykola → TurnInMission [ScoutPoi] (goal=CompleteMission)
[10:33:57] [MISSION] Mykola turned in ScoutPoi @ Kopachi (+196 RU)
[10:33:57] [GOAL] Mykola achieved CompleteMission
[10:33:57] [TASK] Mikhail → TurnInMission [ScoutPoi] (goal=CompleteMission)
[10:33:57] [MISSION] Mikhail turned in ScoutPoi @ Wild Territory (+164 RU)
[10:33:57] [GOAL] Mikhail achieved CompleteMission
[10:33:57] [MISSION] Vasyl accepted ScoutPoi @ Garbage (196 RU)
[10:33:57] [TASK] Vasyl → AcceptMission [ScoutPoi] (goal=AcceptMission)
[10:33:57] [GOAL] Vasyl achieved AcceptMission
[10:33:57] [TASK] Igor → TurnInMission [ScoutPoi] (goal=CompleteMission)
[10:33:57] [MISSION] Igor turned in ScoutPoi @ Kopachi (+196 RU)
[10:33:57] [GOAL] Igor achieved CompleteMission
[10:33:57] [TASK] Mikhail → TurnInMission [ScoutPoi] (goal=CompleteMission)
[10:33:57] [MISSION] Mikhail turned in ScoutPoi @ Red Forest (+196 RU)
[10:33:57] [GOAL] Mikhail achieved CompleteMission
[10:33:57] [TASK] Oleg → TurnInMission [ScoutPoi] (goal=CompleteMission)
[10:33:57] [MISSION] Oleg turned in ScoutPoi @ Garbage (+196 RU)
[10:33:57] [GOAL] Oleg achieved CompleteMission
[10:33:57] [TASK] Andriy → TurnInMission [ScoutPoi] (goal=CompleteMission)
[10:33:57] [MISSION] Andriy turned in ScoutPoi @ Yantar (+236 RU)
[10:33:57] [GOAL] Andriy achieved CompleteMission
[10:33:57] [TASK] Zura → TurnInMission [ScoutPoi] (goal=CompleteMission)
[10:33:57] [MISSION] Zura turned in ScoutPoi @ Kopachi (+196 RU)
[10:33:57] [GOAL] Zura achieved CompleteMission
[10:33:57] [TASK] Mykola → TurnInMission [ScoutPoi] (goal=CompleteMission)
[10:33:57] [MISSION] Mykola turned in ScoutPoi @ Wild Territory (+164 RU)
[10:33:57] [GOAL] Mykola achieved CompleteMission
[10:33:57] [TASK] Mikhail → TurnInMission [ScoutPoi] (goal=CompleteMission)
[10:33:57] [MISSION] Mikhail turned in ScoutPoi @ Jupiter (Pripyat Industrial) (+236 RU)
[10:33:57] [GOAL] Mikhail achieved CompleteMission
[10:33:57] [TASK] Taras → TurnInMission [ScoutPoi] (goal=CompleteMission)
[10:33:57] [MISSION] Taras turned in ScoutPoi @ Radar (Brain Scorcher) (+236 RU)
[10:33:57] [GOAL] Taras achieved CompleteMission
[10:33:57] [TASK] Taras → TurnInMission [ScoutPoi] (goal=CompleteMission)
[10:33:57] [MISSION] Taras turned in ScoutPoi @ Wild Territory (+164 RU)
[10:33:57] [GOAL] Taras achieved CompleteMission
[10:33:57] [TASK] Sergei → TurnInMission [ScoutPoi] (goal=CompleteMission)
[10:33:57] [MISSION] Sergei turned in ScoutPoi @ Chernobyl Town (+200 RU)
[10:33:57] [GOAL] Sergei achieved CompleteMission
[10:33:57] [TASK] Dmytro → TurnInMission [ScoutPoi] (goal=CompleteMission)
[10:33:57] [MISSION] Dmytro turned in ScoutPoi @ Cordon (+160 RU)
[10:33:57] [GOAL] Dmytro achieved CompleteMission
[10:33:57] [TASK] Nodar → TurnInMission [ScoutPoi] (goal=CompleteMission)
[10:33:57] [MISSION] Nodar turned in ScoutPoi @ Kopachi (+196 RU)
[10:33:57] [GOAL] Nodar achieved CompleteMission
[10:33:57] [TASK] Oleksiy → TurnInMission [ScoutPoi] (goal=CompleteMission)
[10:33:57] [MISSION] Oleksiy turned in ScoutPoi @ Red Forest (+196 RU)
[10:33:57] [GOAL] Oleksiy achieved CompleteMission
[10:33:57] [TASK] Vasyl → TurnInMission [ScoutPoi] (goal=CompleteMission)
[10:33:57] [MISSION] Vasyl turned in ScoutPoi @ Cordon (+160 RU)
[10:33:57] [GOAL] Vasyl achieved CompleteMission
[10:33:57] [TASK] Igor → TurnInMission [ScoutPoi] (goal=CompleteMission)
[10:33:57] [MISSION] Igor turned in ScoutPoi @ Chernobyl Town (+200 RU)
[10:33:57] [GOAL] Igor achieved CompleteMission
[10:33:57] [COMBAT] Nikolai Melnyk 'Ghost' killed Snork using wpn_val
[10:33:57] [MISSION] Vasyl accepted ScoutPoi @ Zalissya (184 RU)
[10:33:57] [TASK] Vasyl → AcceptMission [ScoutPoi] (goal=AcceptMission)
[10:33:57] [GOAL] Vasyl achieved AcceptMission
[10:33:57] [MISSION] Igor accepted ScoutPoi @ Red Forest (196 RU)
[10:33:57] [TASK] Igor → AcceptMission [ScoutPoi] (goal=AcceptMission)
[10:33:57] [GOAL] Igor achieved AcceptMission
[10:33:57] [MISSION] Bohdan accepted ScoutPoi @ Meadow (164 RU)
[10:33:57] [TASK] Bohdan → AcceptMission [ScoutPoi] (goal=AcceptMission)
[10:33:57] [GOAL] Bohdan achieved AcceptMission
[10:33:57] [MISSION] Pavel accepted ScoutPoi @ Red Forest (196 RU)
[10:33:57] [TASK] Pavel → AcceptMission [ScoutPoi] (goal=AcceptMission)
[10:33:57] [GOAL] Pavel achieved AcceptMission
[10:33:57] [MISSION] Bohdan accepted ScoutPoi @ Cordon (160 RU)
[10:33:57] [TASK] Bohdan → AcceptMission [ScoutPoi] (goal=AcceptMission)
[10:33:57] [GOAL] Bohdan achieved AcceptMission
[10:33:57] [MISSION] Andriy accepted ScoutPoi @ Jupiter (Pripyat Industrial) (236 RU)
[10:33:57] [TASK] Andriy → AcceptMission [ScoutPoi] (goal=AcceptMission)
[10:33:57] [GOAL] Andriy achieved AcceptMission
[10:33:57] [MISSION] Andriy accepted ScoutPoi @ Wild Territory (164 RU)
[10:33:57] [TASK] Andriy → AcceptMission [ScoutPoi] (goal=AcceptMission)
[10:33:57] [GOAL] Andriy achieved AcceptMission
[10:33:57] [MISSION] Lasha accepted ScoutPoi @ Chernobyl Town (200 RU)
[10:33:57] [TASK] Lasha → AcceptMission [ScoutPoi] (goal=AcceptMission)
[10:33:57] [GOAL] Lasha achieved AcceptMission
[10:33:57] [MISSION] Mykola accepted ScoutPoi @ Kopachi (196 RU)
[10:33:57] [TASK] Mykola → AcceptMission [ScoutPoi] (goal=AcceptMission)
[10:33:57] [GOAL] Mykola achieved AcceptMission
[10:33:57] [MISSION] Mikhail accepted ScoutPoi @ Wild Territory (164 RU)
[10:33:57] [TASK] Mikhail → AcceptMission [ScoutPoi] (goal=AcceptMission)
[10:33:57] [GOAL] Mikhail achieved AcceptMission
[10:33:58] [MISSION] Igor accepted ScoutPoi @ Kopachi (196 RU)
[10:33:58] [TASK] Igor → AcceptMission [ScoutPoi] (goal=AcceptMission)
[10:33:58] [GOAL] Igor achieved AcceptMission
[10:33:58] [MISSION] Mikhail accepted ScoutPoi @ Red Forest (196 RU)
[10:33:58] [TASK] Mikhail → AcceptMission [ScoutPoi] (goal=AcceptMission)
[10:33:58] [GOAL] Mikhail achieved AcceptMission
[10:33:58] [MISSION] Oleg accepted ScoutPoi @ Garbage (196 RU)
[10:33:58] [TASK] Oleg → AcceptMission [ScoutPoi] (goal=AcceptMission)
[10:33:58] [GOAL] Oleg achieved AcceptMission
[10:33:58] [MISSION] Andriy accepted ScoutPoi @ Yantar (236 RU)
[10:33:58] [TASK] Andriy → AcceptMission [ScoutPoi] (goal=AcceptMission)
[10:33:58] [GOAL] Andriy achieved AcceptMission
[10:33:58] [MISSION] Zura accepted ScoutPoi @ Kopachi (196 RU)
[10:33:58] [TASK] Zura → AcceptMission [ScoutPoi] (goal=AcceptMission)
[10:33:58] [GOAL] Zura achieved AcceptMission
[10:33:58] [MISSION] Mykola accepted ScoutPoi @ Wild Territory (164 RU)
[10:33:58] [TASK] Mykola → AcceptMission [ScoutPoi] (goal=AcceptMission)
[10:33:58] [GOAL] Mykola achieved AcceptMission
[10:33:58] [MISSION] Mikhail accepted ScoutPoi @ Jupiter (Pripyat Industrial) (236 RU)
[10:33:58] [TASK] Mikhail → AcceptMission [ScoutPoi] (goal=AcceptMission)
[10:33:58] [GOAL] Mikhail achieved AcceptMission
[10:33:58] [MISSION] Taras accepted ScoutPoi @ Radar (Brain Scorcher) (236 RU)
[10:33:58] [TASK] Taras → AcceptMission [ScoutPoi] (goal=AcceptMission)
[10:33:58] [GOAL] Taras achieved AcceptMission
[10:33:58] [MISSION] Taras accepted ScoutPoi @ Wild Territory (164 RU)
[10:33:58] [TASK] Taras → AcceptMission [ScoutPoi] (goal=AcceptMission)
[10:33:58] [GOAL] Taras achieved AcceptMission
[10:33:58] [MISSION] Sergei accepted ScoutPoi @ Chernobyl Town (200 RU)
[10:33:58] [TASK] Sergei → AcceptMission [ScoutPoi] (goal=AcceptMission)
[10:33:58] [GOAL] Sergei achieved AcceptMission
[10:33:58] [MISSION] Dmytro accepted ScoutPoi @ Cordon (160 RU)
[10:33:58] [TASK] Dmytro → AcceptMission [ScoutPoi] (goal=AcceptMission)
[10:33:58] [GOAL] Dmytro achieved AcceptMission
[10:33:58] [MISSION] Nodar accepted ScoutPoi @ Kopachi (196 RU)
[10:33:58] [TASK] Nodar → AcceptMission [ScoutPoi] (goal=AcceptMission)
[10:33:58] [GOAL] Nodar achieved AcceptMission
[10:33:58] [MISSION] Oleksiy accepted ScoutPoi @ Red Forest (196 RU)
[10:33:58] [TASK] Oleksiy → AcceptMission [ScoutPoi] (goal=AcceptMission)
[10:33:58] [GOAL] Oleksiy achieved AcceptMission
[10:33:58] [MISSION] Vasyl accepted ScoutPoi @ Cordon (160 RU)
[10:33:58] [TASK] Vasyl → AcceptMission [ScoutPoi] (goal=AcceptMission)
[10:33:58] [GOAL] Vasyl achieved AcceptMission
[10:33:58] [MISSION] Igor accepted ScoutPoi @ Chernobyl Town (200 RU)
[10:33:58] [TASK] Igor → AcceptMission [ScoutPoi] (goal=AcceptMission)
[10:33:58] [GOAL] Igor achieved AcceptMission
[10:34:00] [COMBAT] Igor Volkov 'Crow' killed Controller using wpn_fn2000
[10:34:01] [COMBAT] Nikolai Petrov 'Stitch' killed Burer using wpn_gauss
[10:34:01] [COMBAT] Dmytro Kovalenko 'Phantom' killed Dmytro Sokolov 'Bullet' using wpn_toz34
[10:34:01] [GEAR] Dmytro looted [wpn_gauss, wpn_sg550, out_stalker_proto_exo_outfit, helm_exo] via combat
[10:34:01] [COMBAT] Connor Shevchenko 'Wolf' killed PsyDog using wpn_rg6
[10:34:01] [INBOUND] Initial +2 stalkers, +1 mutants (remaining S=729 M=488)
[10:34:02] [COMBAT] Andriy Petrov 'Spark' killed Snork using wpn_vintorez
[10:34:02] [COMBAT] Pavel Sokolov 'Jackal' killed Bohdan Bondarenko 'Wolf' using wpn_fort12
[10:34:02] [GEAR] Pavel looted [wpn_g36, arm_freedom, helm_exo] via combat
[10:34:03] [INBOUND] Initial +2 stalkers, +1 mutants (remaining S=727 M=487)
[10:34:03] [CORPSE] Despawned 13 bodies (lifetime=151)
[10:34:03] [COMBAT] Serhiy Popov 'Crow' killed Lurker using wpn_gauss
[10:34:04] [INBOUND] Initial +2 stalkers, +2 mutants (remaining S=725 M=485)
[10:34:04] [COMBAT] Andrei Volkov 'Badger' killed Fracture using wpn_bm16
[10:34:05] [INBOUND] Initial +2 stalkers, +1 mutants (remaining S=723 M=484)
[10:34:05] [MISSION] Heinrich accepted ScoutPoi @ Wild Territory (164 RU)
[10:34:05] [TASK] Heinrich → AcceptMission [ScoutPoi] (goal=AcceptMission)
[10:34:05] [GOAL] Heinrich achieved AcceptMission
[10:34:05] [COMBAT] Tobias Ivanov 'One-Eye' killed Ivan Petrov 'Razor' using wpn_rg6
[10:34:05] [GEAR] Tobias looted [arm_duty, helm_tactic] via combat
[10:34:06] [INBOUND] Initial +2 stalkers, +2 mutants (remaining S=721 M=482)
[10:34:06] [MISSION] Viktor accepted ScoutPoi @ Great Swamps (168 RU)
[10:34:06] [TASK] Viktor → AcceptMission [ScoutPoi] (goal=AcceptMission)
[10:34:06] [GOAL] Viktor achieved AcceptMission
[10:34:06] [MISSION] Oleksiy arrived for ScoutPoi @ Sunken Stash (travel=648m, work=244s game)
[10:34:06] [COMBAT] Igor Petrenko 'Mole' killed Chimera using wpn_vintorez
[10:34:07] [COMBAT] Mykola Sokolov 'Ghost' killed Tushkano using wpn_ak74
[10:34:07] [INBOUND] Initial +3 stalkers, +1 mutants (remaining S=718 M=481)
[10:34:07] [MISSION] Connor accepted ScoutPoi @ Buriakivka Waste Site (160 RU)
[10:34:07] [TASK] Connor → AcceptMission [ScoutPoi] (goal=AcceptMission)
[10:34:07] [GOAL] Connor achieved AcceptMission
[10:34:08] [MISSION] Oleksiy arrived for ScoutPoi @ Sunken Stash (travel=648m, work=244s game)
[10:34:08] [COMBAT] Nikolai Melnyk 'Badger' killed Controller using wpn_vintorez
[10:34:08] [COMBAT] Ivan Popov 'Crow' killed Lurker using wpn_p90
[10:34:08] [COMBAT] Connor Bondarenko 'Fox' killed Boar using wpn_l96a1
[10:34:09] [INBOUND] Initial +2 stalkers, +1 mutants (remaining S=716 M=480)
[10:34:09] [MISSION] Andrei accepted ScoutPoi @ Red Forest (196 RU)
[10:34:09] [TASK] Andrei → AcceptMission [ScoutPoi] (goal=AcceptMission)
[10:34:09] [GOAL] Andrei achieved AcceptMission
[10:34:10] [INBOUND] Initial +2 stalkers, +2 mutants (remaining S=714 M=478)
[10:34:11] [INBOUND] Initial +2 stalkers, +1 mutants (remaining S=712 M=477)
[10:34:11] [MISSION] Mykola accepted ScoutPoi @ Sarcophagus (184 RU)
[10:34:11] [TASK] Mykola → AcceptMission [ScoutPoi] (goal=AcceptMission)
[10:34:11] [GOAL] Mykola achieved AcceptMission
[10:34:11] [MISSION] Pavel arrived for ScoutPoi @ Bandit Base (travel=541m, work=220s game)
[10:34:12] [INBOUND] Initial +2 stalkers, +1 mutants (remaining S=710 M=476)
[10:34:12] [SNAPSHOT] real=7.6min game=D0 00:18 alive S=239 M=191 corpses=829 lootable=437 gammaGear out=109 helm=211 avgRU=929 leaderGoals trade=1 mission=78 emission=Dormant nextIn=85gmin desperate=1 hungry=0 interval deaths=35 combats=62 tasks=112 gearLoot=7 gearBuy=0 missions=74 corpseDespawn=31 trickleSpawns=0 ranks=[Rookie:209,Trainee:9,Experienced:12,Professional:9] goals=[CompleteMission::77,Idle:47,Traveling:16,AcceptMission::1] leaders: Tobias[Rookie/AcceptMission:], Mykola[Rookie/CompleteMission:], Alexei[Rookie/Idle], Mykola[Rookie/Idle], Pavel[Rookie/CompleteMission:]
[10:34:12] [MISSION] Tobias accepted ScoutPoi @ Dead City (Chernobyl-2 Settlement) (190 RU)
[10:34:12] [TASK] Tobias → AcceptMission [ScoutPoi] (goal=AcceptMission)
[10:34:12] [GOAL] Tobias achieved AcceptMission
[10:34:12] [TASK] Lasha → FulfillMission [ScoutPoi] (goal=CompleteMission)
[10:34:12] [MISSION] Lasha objective done ScoutPoi @ Makeshift Outpost → return to Chernobyl Town
[10:34:12] [TASK] Mykola → FulfillMission [ScoutPoi] (goal=CompleteMission)
[10:34:12] [MISSION] Mykola objective done ScoutPoi @ Ruined Garage → return to Kopachi
[10:34:12] [TASK] Mikhail → FulfillMission [ScoutPoi] (goal=CompleteMission)
[10:34:12] [MISSION] Mikhail objective done ScoutPoi @ Forgotten Shelter → return to Wild Territory
[10:34:12] [TASK] Andrei → FulfillMission [ScoutPoi] (goal=CompleteMission)
[10:34:12] [MISSION] Andrei objective done ScoutPoi @ Hidden Hut → return to Red Forest
[10:34:12] [TASK] Viktor → FulfillMission [ScoutPoi] (goal=CompleteMission)
[10:34:12] [MISSION] Viktor objective done ScoutPoi @ Makeshift Camp (Cordon-Meadow) → return to Great Swamps
[10:34:12] [TASK] Heinrich → FulfillMission [ScoutPoi] (goal=CompleteMission)
[10:34:12] [MISSION] Heinrich objective done ScoutPoi @ Forgotten Shelter → return to Wild Territory
[10:34:12] [TASK] Vasyl → FulfillMission [ScoutPoi] (goal=CompleteMission)
[10:34:12] [MISSION] Vasyl objective done ScoutPoi @ Derelict Stash → return to Garbage
[10:34:12] [TASK] Igor → FulfillMission [ScoutPoi] (goal=CompleteMission)
[10:34:12] [MISSION] Igor objective done ScoutPoi @ Ruined Garage → return to Kopachi
[10:34:12] [TASK] Mikhail → FulfillMission [ScoutPoi] (goal=CompleteMission)
[10:34:12] [MISSION] Mikhail objective done ScoutPoi @ Hidden Hut → return to Red Forest
[10:34:12] [TASK] Andriy → FulfillMission [ScoutPoi] (goal=CompleteMission)
[10:34:12] [MISSION] Andriy objective done ScoutPoi @ Loot Crate (Rostok-Truck Ce) → return to Yantar
[10:34:12] [TASK] Zura → FulfillMission [ScoutPoi] (goal=CompleteMission)
[10:34:12] [MISSION] Zura objective done ScoutPoi @ Ruined Garage → return to Kopachi
[10:34:12] [TASK] Mykola → FulfillMission [ScoutPoi] (goal=CompleteMission)
[10:34:12] [MISSION] Mykola objective done ScoutPoi @ Forgotten Shelter → return to Wild Territory
[10:34:12] [TASK] Mikhail → FulfillMission [ScoutPoi] (goal=CompleteMission)
[10:34:12] [MISSION] Mikhail objective done ScoutPoi @ Windswept Cairn → return to Jupiter (Pripyat Industrial)
[10:34:12] [TASK] Taras → FulfillMission [ScoutPoi] (goal=CompleteMission)
[10:34:12] [MISSION] Taras objective done ScoutPoi @ Windswept Cabin → return to Radar (Brain Scorcher)
[10:34:12] [TASK] Taras → FulfillMission [ScoutPoi] (goal=CompleteMission)
[10:34:12] [MISSION] Taras objective done ScoutPoi @ Forgotten Shelter → return to Wild Territory
[10:34:12] [TASK] Sergei → FulfillMission [ScoutPoi] (goal=CompleteMission)
[10:34:12] [MISSION] Sergei objective done ScoutPoi @ Makeshift Outpost → return to Chernobyl Town
[10:34:12] [TASK] Dmytro → FulfillMission [ScoutPoi] (goal=CompleteMission)
[10:34:12] [MISSION] Dmytro objective done ScoutPoi @ Abandoned Hut → return to Cordon
[10:34:12] [TASK] Nodar → FulfillMission [ScoutPoi] (goal=CompleteMission)
[10:34:12] [MISSION] Nodar objective done ScoutPoi @ Ruined Garage → return to Kopachi
[10:34:12] [TASK] Oleksiy → FulfillMission [ScoutPoi] (goal=CompleteMission)
[10:34:12] [MISSION] Oleksiy objective done ScoutPoi @ Hidden Hut → return to Red Forest
[10:34:12] [TASK] Vasyl → FulfillMission [ScoutPoi] (goal=CompleteMission)
[10:34:12] [MISSION] Vasyl objective done ScoutPoi @ Abandoned Hut → return to Cordon
[10:34:12] [TASK] Igor → FulfillMission [ScoutPoi] (goal=CompleteMission)
[10:34:12] [MISSION] Igor objective done ScoutPoi @ Makeshift Outpost → return to Chernobyl Town
[10:34:12] [TASK] Connor → FulfillMission [ScoutPoi] (goal=CompleteMission)
[10:34:12] [MISSION] Connor objective done ScoutPoi @ Overgrown Hut → return to Buriakivka Waste Site
[10:34:12] [TASK] Jake → FulfillMission [ScoutPoi] (goal=CompleteMission)
[10:34:12] [MISSION] Jake objective done ScoutPoi @ Sunken Shack → return to Dead City (Chernobyl-2 Settlement)
[10:34:12] [TASK] Karl → FulfillMission [ScoutPoi] (goal=CompleteMission)
[10:34:12] [MISSION] Karl objective done ScoutPoi @ Makeshift Camp (Cordon-Meadow) → return to Great Swamps
[10:34:12] [TASK] Mykola → FulfillMission [ScoutPoi] (goal=CompleteMission)
[10:34:12] [MISSION] Mykola objective done ScoutPoi @ Windswept Cabin → return to Radar (Brain Scorcher)
[10:34:12] [TASK] Mikhail → FulfillMission [ScoutPoi] (goal=CompleteMission)
[10:34:12] [MISSION] Mikhail objective done ScoutPoi @ Duty Checkpoint → return to Limansk
[10:34:12] [TASK] Dmytro → FulfillMission [ScoutPoi] (goal=CompleteMission)
[10:34:12] [MISSION] Dmytro objective done ScoutPoi @ Makeshift Camp (Garbage-Agroprom) → return to Deserted Hospital
[10:34:12] [TASK] Sergei → FulfillMission [ScoutPoi] (goal=CompleteMission)
[10:34:12] [MISSION] Sergei objective done ScoutPoi @ Mutant Den #1 near Rostok → return to Agroprom
[10:34:12] [TASK] Mykola → FulfillMission [ScoutPoi] (goal=CompleteMission)
[10:34:12] [MISSION] Mykola objective done ScoutPoi @ Hidden Cairn → return to Dark Valley
[10:34:12] [TASK] Nikolai → FulfillMission [ScoutPoi] (goal=CompleteMission)
[10:34:12] [MISSION] Nikolai objective done ScoutPoi @ Overgrown Hut → return to Buriakivka Waste Site
[10:34:12] [TASK] Mykola → FulfillMission [ScoutPoi] (goal=CompleteMission)
[10:34:12] [MISSION] Mykola objective done ScoutPoi @ Mutant Den #1 near Rostok → return to Sarcophagus
[10:34:12] [TASK] Pavel → FulfillMission [ScoutPoi] (goal=CompleteMission)
[10:34:12] [MISSION] Pavel objective done ScoutPoi @ Makeshift Outpost → return to Chernobyl Town
[10:34:12] [TASK] Rustam → FulfillMission [ScoutPoi] (goal=CompleteMission)
[10:34:12] [MISSION] Rustam objective done ScoutPoi @ Collapsed Pillbox → return to Army Warehouses
[10:34:12] [TASK] Andriy → FulfillMission [ScoutPoi] (goal=CompleteMission)
[10:34:12] [MISSION] Andriy objective done ScoutPoi @ Makeshift Camp (Garbage-Agroprom) → return to Deserted Hospital
[10:34:12] [TASK] Ivan → FulfillMission [ScoutPoi] (goal=CompleteMission)
[10:34:12] [MISSION] Ivan objective done ScoutPoi @ Collapsed Pillbox → return to Army Warehouses
[10:34:12] [TASK] Jake → FulfillMission [ScoutPoi] (goal=CompleteMission)
[10:34:12] [MISSION] Jake objective done ScoutPoi @ Mutant Den #0 near Dark Valley → return to Duga Radar
[10:34:12] [TASK] Sean → FulfillMission [ScoutPoi] (goal=CompleteMission)
[10:34:12] [MISSION] Sean objective done ScoutPoi @ Mutant Den #0 near Dark Valley → return to Duga Radar
[10:34:12] [TASK] Mykola → FulfillMission [ScoutPoi] (goal=CompleteMission)
[10:34:12] [MISSION] Mykola objective done ScoutPoi @ Hidden Stash (Rostok-Wild Ter) → return to Generators
[10:34:12] [TASK] Taras → FulfillMission [ScoutPoi] (goal=CompleteMission)
[10:34:12] [MISSION] Taras objective done ScoutPoi @ Hidden Hut → return to Red Forest
[10:34:12] [TASK] Andrei → FulfillMission [ScoutPoi] (goal=CompleteMission)
[10:34:12] [MISSION] Andrei objective done ScoutPoi @ Derelict Stash → return to Garbage
[10:34:12] [TASK] Viktor → FulfillMission [ScoutPoi] (goal=CompleteMission)
[10:34:12] [MISSION] Viktor objective done ScoutPoi @ Abandoned Bus → return to Meadow
[10:34:12] [TASK] Alexei → FulfillMission [ScoutPoi] (goal=CompleteMission)
[10:34:12] [MISSION] Alexei objective done ScoutPoi @ Mutant Den #0 near Dark Valley → return to Duga Radar
[10:34:12] [TASK] Giorgi → FulfillMission [ScoutPoi] (goal=CompleteMission)
[10:34:12] [MISSION] Giorgi objective done ScoutPoi @ Makeshift Camp (Cordon-Meadow) → return to Great Swamps
[10:34:12] [TASK] Nikolai → FulfillMission [ScoutPoi] (goal=CompleteMission)
[10:34:12] [MISSION] Nikolai objective done ScoutPoi @ Makeshift Camp (Garbage-Agroprom) → return to Deserted Hospital
[10:34:12] [TASK] Bakhyt → FulfillMission [ScoutPoi] (goal=CompleteMission)
[10:34:12] [MISSION] Bakhyt objective done ScoutPoi @ Windswept Cabin → return to Radar (Brain Scorcher)
[10:34:12] [TASK] Oleksiy → FulfillMission [ScoutPoi] (goal=CompleteMission)
[10:34:12] [MISSION] Oleksiy objective done ScoutPoi @ Makeshift Camp (Cordon-Meadow) → return to Great Swamps
[10:34:12] [TASK] Mykola → FulfillMission [ScoutPoi] (goal=CompleteMission)
[10:34:12] [MISSION] Mykola objective done ScoutPoi @ Abandoned Bus → return to Meadow
[10:34:12] [TASK] Dmytro → FulfillMission [ScoutPoi] (goal=CompleteMission)
[10:34:12] [MISSION] Dmytro objective done ScoutPoi @ Hidden Stash (Rostok-Wild Ter) → return to Generators
[10:34:12] [TASK] Bohdan → FulfillMission [ScoutPoi] (goal=CompleteMission)
[10:34:12] [MISSION] Bohdan objective done ScoutPoi @ Overgrown Hut → return to Buriakivka Waste Site
[10:34:12] [TASK] Yuriy → FulfillMission [ScoutPoi] (goal=CompleteMission)
[10:34:12] [MISSION] Yuriy objective done ScoutPoi @ Mutant Den #1 near Rostok → return to Sarcophagus
[10:34:12] [TASK] Oleksiy → FulfillMission [ScoutPoi] (goal=CompleteMission)
[10:34:12] [MISSION] Oleksiy objective done ScoutPoi @ Sunken Stash → return to Rostok
[10:34:12] [TASK] Bakhyt → FulfillMission [ScoutPoi] (goal=CompleteMission)
[10:34:12] [MISSION] Bakhyt objective done ScoutPoi @ Makeshift Camp (Cordon-Meadow) → return to Great Swamps
[10:34:12] [TASK] Oleksiy → FulfillMission [ScoutPoi] (goal=CompleteMission)
[10:34:12] [MISSION] Oleksiy objective done ScoutPoi @ Ruined Garage → return to Kopachi
[10:34:12] [TASK] Armen → FulfillMission [ScoutPoi] (goal=CompleteMission)
[10:34:12] [MISSION] Armen objective done ScoutPoi @ Forgotten Shelter → return to Wild Territory
[10:34:12] [TASK] Rustam → FulfillMission [ScoutPoi] (goal=CompleteMission)
[10:34:12] [MISSION] Rustam objective done ScoutPoi @ Sunken Shack → return to Dead City (Chernobyl-2 Settlement)
[10:34:12] [TASK] Jake → FulfillMission [ScoutPoi] (goal=CompleteMission)
[10:34:12] [MISSION] Jake objective done ScoutPoi @ Sunken Shack → return to Dead City (Chernobyl-2 Settlement)
[10:34:12] [TASK] Oleksiy → FulfillMission [ScoutPoi] (goal=CompleteMission)
[10:34:12] [MISSION] Oleksiy objective done ScoutPoi @ Overgrown Hut → return to Buriakivka Waste Site
[10:34:12] [TASK] Tobias → FulfillMission [ScoutPoi] (goal=CompleteMission)
[10:34:12] [MISSION] Tobias objective done ScoutPoi @ Sunken Shack → return to Dead City (Chernobyl-2 Settlement)
[10:34:12] [TASK] Viktor → FulfillMission [ScoutPoi] (goal=CompleteMission)
[10:34:12] [MISSION] Viktor objective done ScoutPoi @ Abandoned Bus → return to Meadow
[10:34:12] [TASK] Andriy → FulfillMission [ScoutPoi] (goal=CompleteMission)
[10:34:12] [MISSION] Andriy objective done ScoutPoi @ Abandoned Hut → return to Cordon
[10:34:12] [TASK] Andrei → FulfillMission [ScoutPoi] (goal=CompleteMission)
[10:34:12] [MISSION] Andrei objective done ScoutPoi @ Forgotten Shelter → return to Wild Territory
[10:34:12] [TASK] Armen → FulfillMission [ScoutPoi] (goal=CompleteMission)
[10:34:12] [MISSION] Armen objective done ScoutPoi @ Abandoned Hut → return to Cordon
[10:34:12] [TASK] Taras → FulfillMission [ScoutPoi] (goal=CompleteMission)
[10:34:12] [MISSION] Taras objective done ScoutPoi @ Abandoned Bus → return to Meadow
[10:34:12] [TASK] Dmitri → FulfillMission [ScoutPoi] (goal=CompleteMission)
[10:34:12] [MISSION] Dmitri objective done ScoutPoi @ Forgotten Shelter → return to Wild Territory
[10:34:12] [TASK] Lukash → FulfillMission [ScoutPoi] (goal=CompleteMission)
[10:34:12] [MISSION] Lukash objective done ScoutPoi @ Collapsed Pillbox → return to Army Warehouses
[10:34:12] [TASK] Sidorovich → FulfillMission [ScoutPoi] (goal=CompleteMission)
[10:34:12] [MISSION] Sidorovich objective done ScoutPoi @ Abandoned Hut → return to Cordon
[10:34:12] [MISSION] Pavel arrived for ScoutPoi @ Bandit Base (travel=541m, work=220s game)
[10:34:13] [COMBAT] Igor Shevchenko 'Crow' killed Lurker using wpn_pkm
[10:34:13] [COMBAT] Andrei Ivanov 'Stitch' killed Jake Sokolov 'Shadow' using wpn_ak74
[10:34:13] [GEAR] Andrei looted [wpn_fn2000, out_exo_outfit] via combat
[10:34:14] [INBOUND] Initial +2 stalkers, +2 mutants (remaining S=708 M=474)
[10:34:14] [MISSION] Serhiy accepted ScoutPoi @ Zalissya (184 RU)
[10:34:14] [TASK] Serhiy → AcceptMission [ScoutPoi] (goal=AcceptMission)
[10:34:14] [GOAL] Serhiy achieved AcceptMission
[10:34:14] [MISSION] Sergei accepted ScoutPoi @ Chernobyl Town (200 RU)
[10:34:14] [TASK] Sergei → AcceptMission [ScoutPoi] (goal=AcceptMission)
[10:34:14] [GOAL] Sergei achieved AcceptMission
[10:34:14] [TASK] Lasha → TurnInMission [ScoutPoi] (goal=CompleteMission)
[10:34:14] [MISSION] Lasha turned in ScoutPoi @ Chernobyl Town (+200 RU)
[10:34:14] [GOAL] Lasha achieved CompleteMission
[10:34:14] [TASK] Mykola → TurnInMission [ScoutPoi] (goal=CompleteMission)
[10:34:14] [MISSION] Mykola turned in ScoutPoi @ Kopachi (+196 RU)
[10:34:14] [GOAL] Mykola achieved CompleteMission
[10:34:14] [TASK] Mikhail → TurnInMission [ScoutPoi] (goal=CompleteMission)
[10:34:14] [MISSION] Mikhail turned in ScoutPoi @ Wild Territory (+164 RU)
[10:34:14] [GOAL] Mikhail achieved CompleteMission
[10:34:14] [TASK] Andrei → TurnInMission [ScoutPoi] (goal=CompleteMission)
[10:34:14] [MISSION] Andrei turned in ScoutPoi @ Red Forest (+196 RU)
[10:34:14] [GOAL] Andrei achieved CompleteMission
[10:34:14] [TASK] Viktor → TurnInMission [ScoutPoi] (goal=CompleteMission)
[10:34:14] [MISSION] Viktor turned in ScoutPoi @ Great Swamps (+168 RU)
[10:34:14] [GOAL] Viktor achieved CompleteMission
[10:34:14] [TASK] Heinrich → TurnInMission [ScoutPoi] (goal=CompleteMission)
[10:34:14] [MISSION] Heinrich turned in ScoutPoi @ Wild Territory (+164 RU)
[10:34:14] [GOAL] Heinrich achieved CompleteMission
[10:34:14] [TASK] Vasyl → TurnInMission [ScoutPoi] (goal=CompleteMission)
[10:34:14] [MISSION] Vasyl turned in ScoutPoi @ Garbage (+196 RU)
[10:34:14] [GOAL] Vasyl achieved CompleteMission
[10:34:14] [TASK] Igor → TurnInMission [ScoutPoi] (goal=CompleteMission)
[10:34:14] [MISSION] Igor turned in ScoutPoi @ Kopachi (+196 RU)
[10:34:14] [GOAL] Igor achieved CompleteMission
[10:34:14] [TASK] Mikhail → TurnInMission [ScoutPoi] (goal=CompleteMission)
[10:34:14] [MISSION] Mikhail turned in ScoutPoi @ Red Forest (+196 RU)
[10:34:14] [GOAL] Mikhail achieved CompleteMission
[10:34:14] [TASK] Andriy → TurnInMission [ScoutPoi] (goal=CompleteMission)
[10:34:14] [MISSION] Andriy turned in ScoutPoi @ Yantar (+236 RU)
[10:34:14] [GOAL] Andriy achieved CompleteMission
[10:34:14] [TASK] Zura → TurnInMission [ScoutPoi] (goal=CompleteMission)
[10:34:14] [MISSION] Zura turned in ScoutPoi @ Kopachi (+196 RU)
[10:34:14] [GOAL] Zura achieved CompleteMission
[10:34:14] [TASK] Mykola → TurnInMission [ScoutPoi] (goal=CompleteMission)
[10:34:14] [MISSION] Mykola turned in ScoutPoi @ Wild Territory (+164 RU)
[10:34:14] [GOAL] Mykola achieved CompleteMission
[10:34:14] [TASK] Mikhail → TurnInMission [ScoutPoi] (goal=CompleteMission)
[10:34:14] [MISSION] Mikhail turned in ScoutPoi @ Jupiter (Pripyat Industrial) (+236 RU)
[10:34:14] [GOAL] Mikhail achieved CompleteMission
[10:34:14] [TASK] Taras → TurnInMission [ScoutPoi] (goal=CompleteMission)
[10:34:14] [MISSION] Taras turned in ScoutPoi @ Radar (Brain Scorcher) (+236 RU)
[10:34:14] [GOAL] Taras achieved CompleteMission
[10:34:14] [TASK] Taras → TurnInMission [ScoutPoi] (goal=CompleteMission)
[10:34:14] [MISSION] Taras turned in ScoutPoi @ Wild Territory (+164 RU)
[10:34:14] [GOAL] Taras achieved CompleteMission
[10:34:14] [TASK] Sergei → TurnInMission [ScoutPoi] (goal=CompleteMission)
[10:34:14] [MISSION] Sergei turned in ScoutPoi @ Chernobyl Town (+200 RU)
[10:34:14] [GOAL] Sergei achieved CompleteMission
[10:34:14] [TASK] Dmytro → TurnInMission [ScoutPoi] (goal=CompleteMission)
[10:34:14] [MISSION] Dmytro turned in ScoutPoi @ Cordon (+160 RU)
[10:34:14] [GOAL] Dmytro achieved CompleteMission
[10:34:14] [TASK] Nodar → TurnInMission [ScoutPoi] (goal=CompleteMission)
[10:34:14] [MISSION] Nodar turned in ScoutPoi @ Kopachi (+196 RU)
[10:34:14] [GOAL] Nodar achieved CompleteMission
[10:34:14] [TASK] Oleksiy → TurnInMission [ScoutPoi] (goal=CompleteMission)
[10:34:14] [MISSION] Oleksiy turned in ScoutPoi @ Red Forest (+196 RU)
[10:34:14] [GOAL] Oleksiy achieved CompleteMission
[10:34:14] [TASK] Vasyl → TurnInMission [ScoutPoi] (goal=CompleteMission)
[10:34:14] [MISSION] Vasyl turned in ScoutPoi @ Cordon (+160 RU)
[10:34:14] [GOAL] Vasyl achieved CompleteMission
[10:34:14] [TASK] Igor → TurnInMission [ScoutPoi] (goal=CompleteMission)
[10:34:14] [MISSION] Igor turned in ScoutPoi @ Chernobyl Town (+200 RU)
[10:34:14] [GOAL] Igor achieved CompleteMission
[10:34:14] [TASK] Connor → TurnInMission [ScoutPoi] (goal=CompleteMission)
[10:34:14] [MISSION] Connor turned in ScoutPoi @ Buriakivka Waste Site (+160 RU)
[10:34:14] [GOAL] Connor achieved CompleteMission
[10:34:14] [TASK] Mykola → TurnInMission [ScoutPoi] (goal=CompleteMission)
[10:34:14] [MISSION] Mykola turned in ScoutPoi @ Radar (Brain Scorcher) (+236 RU)
[10:34:14] [GOAL] Mykola achieved CompleteMission
[10:34:14] [TASK] Pavel → TurnInMission [ScoutPoi] (goal=CompleteMission)
[10:34:14] [MISSION] Pavel turned in ScoutPoi @ Chernobyl Town (+200 RU)
[10:34:14] [GOAL] Pavel achieved CompleteMission
[10:34:14] [TASK] Rustam → TurnInMission [ScoutPoi] (goal=CompleteMission)
[10:34:14] [MISSION] Rustam turned in ScoutPoi @ Army Warehouses (+230 RU)
[10:34:14] [GOAL] Rustam achieved CompleteMission
[10:34:14] [TASK] Ivan → TurnInMission [ScoutPoi] (goal=CompleteMission)
[10:34:14] [MISSION] Ivan turned in ScoutPoi @ Army Warehouses (+230 RU)
[10:34:14] [GOAL] Ivan achieved CompleteMission
[10:34:14] [TASK] Taras → TurnInMission [ScoutPoi] (goal=CompleteMission)
[10:34:14] [MISSION] Taras turned in ScoutPoi @ Red Forest (+196 RU)
[10:34:14] [GOAL] Taras achieved CompleteMission
[10:34:14] [TASK] Andrei → TurnInMission [ScoutPoi] (goal=CompleteMission)
[10:34:14] [MISSION] Andrei turned in ScoutPoi @ Garbage (+196 RU)
[10:34:14] [GOAL] Andrei achieved CompleteMission
[10:34:14] [TASK] Viktor → TurnInMission [ScoutPoi] (goal=CompleteMission)
[10:34:14] [MISSION] Viktor turned in ScoutPoi @ Meadow (+164 RU)
[10:34:14] [GOAL] Viktor achieved CompleteMission
[10:34:14] [TASK] Bakhyt → TurnInMission [ScoutPoi] (goal=CompleteMission)
[10:34:14] [MISSION] Bakhyt turned in ScoutPoi @ Radar (Brain Scorcher) (+236 RU)
[10:34:14] [GOAL] Bakhyt achieved CompleteMission
[10:34:14] [TASK] Mykola → TurnInMission [ScoutPoi] (goal=CompleteMission)
[10:34:14] [MISSION] Mykola turned in ScoutPoi @ Meadow (+164 RU)
[10:34:14] [GOAL] Mykola achieved CompleteMission
[10:34:14] [TASK] Oleksiy → TurnInMission [ScoutPoi] (goal=CompleteMission)
[10:34:14] [MISSION] Oleksiy turned in ScoutPoi @ Kopachi (+196 RU)
[10:34:14] [GOAL] Oleksiy achieved CompleteMission
[10:34:14] [TASK] Armen → TurnInMission [ScoutPoi] (goal=CompleteMission)
[10:34:14] [MISSION] Armen turned in ScoutPoi @ Wild Territory (+164 RU)
[10:34:14] [GOAL] Armen achieved CompleteMission
[10:34:14] [TASK] Viktor → TurnInMission [ScoutPoi] (goal=CompleteMission)
[10:34:14] [MISSION] Viktor turned in ScoutPoi @ Meadow (+164 RU)
[10:34:14] [GOAL] Viktor achieved CompleteMission
[10:34:14] [TASK] Andriy → TurnInMission [ScoutPoi] (goal=CompleteMission)
[10:34:14] [MISSION] Andriy turned in ScoutPoi @ Cordon (+160 RU)
[10:34:14] [GOAL] Andriy achieved CompleteMission
[10:34:14] [TASK] Andrei → TurnInMission [ScoutPoi] (goal=CompleteMission)
[10:34:14] [MISSION] Andrei turned in ScoutPoi @ Wild Territory (+164 RU)
[10:34:14] [GOAL] Andrei achieved CompleteMission
[10:34:14] [TASK] Armen → TurnInMission [ScoutPoi] (goal=CompleteMission)
[10:34:14] [MISSION] Armen turned in ScoutPoi @ Cordon (+160 RU)
[10:34:14] [GOAL] Armen achieved CompleteMission
[10:34:14] [TASK] Taras → TurnInMission [ScoutPoi] (goal=CompleteMission)
[10:34:14] [MISSION] Taras turned in ScoutPoi @ Meadow (+164 RU)
[10:34:14] [GOAL] Taras achieved CompleteMission
[10:34:14] [TASK] Dmitri → TurnInMission [ScoutPoi] (goal=CompleteMission)
[10:34:14] [MISSION] Dmitri turned in ScoutPoi @ Wild Territory (+164 RU)
[10:34:14] [GOAL] Dmitri achieved CompleteMission
[10:34:14] [TASK] Lukash → TurnInMission [ScoutPoi] (goal=CompleteMission)
[10:34:14] [MISSION] Lukash turned in ScoutPoi @ Army Warehouses (+230 RU)
[10:34:14] [GOAL] Lukash achieved CompleteMission
[10:34:14] [TASK] Sidorovich → TurnInMission [ScoutPoi] (goal=CompleteMission)
[10:34:14] [MISSION] Sidorovich turned in ScoutPoi @ Cordon (+160 RU)
[10:34:14] [GOAL] Sidorovich achieved CompleteMission
[10:34:14] [MISSION] Lasha accepted ScoutPoi @ Chernobyl Town (200 RU)
[10:34:14] [TASK] Lasha → AcceptMission [ScoutPoi] (goal=AcceptMission)
[10:34:14] [GOAL] Lasha achieved AcceptMission
[10:34:14] [MISSION] Mykola accepted ScoutPoi @ Kopachi (196 RU)
[10:34:14] [TASK] Mykola → AcceptMission [ScoutPoi] (goal=AcceptMission)
[10:34:14] [GOAL] Mykola achieved AcceptMission
[10:34:14] [MISSION] Mikhail accepted ScoutPoi @ Wild Territory (164 RU)
[10:34:14] [TASK] Mikhail → AcceptMission [ScoutPoi] (goal=AcceptMission)
[10:34:14] [GOAL] Mikhail achieved AcceptMission
[10:34:14] [MISSION] Andrei accepted ScoutPoi @ Red Forest (196 RU)
[10:34:14] [TASK] Andrei → AcceptMission [ScoutPoi] (goal=AcceptMission)
[10:34:14] [GOAL] Andrei achieved AcceptMission
[10:34:14] [MISSION] Viktor accepted ScoutPoi @ Great Swamps (168 RU)
[10:34:14] [TASK] Viktor → AcceptMission [ScoutPoi] (goal=AcceptMission)
[10:34:14] [GOAL] Viktor achieved AcceptMission
[10:34:14] [MISSION] Heinrich accepted ScoutPoi @ Wild Territory (164 RU)
[10:34:14] [TASK] Heinrich → AcceptMission [ScoutPoi] (goal=AcceptMission)
[10:34:14] [GOAL] Heinrich achieved AcceptMission
[10:34:14] [MISSION] Vasyl accepted ScoutPoi @ Garbage (196 RU)
[10:34:14] [TASK] Vasyl → AcceptMission [ScoutPoi] (goal=AcceptMission)
[10:34:14] [GOAL] Vasyl achieved AcceptMission
[10:34:14] [MISSION] Igor accepted ScoutPoi @ Kopachi (196 RU)
[10:34:14] [TASK] Igor → AcceptMission [ScoutPoi] (goal=AcceptMission)
[10:34:14] [GOAL] Igor achieved AcceptMission
[10:34:14] [MISSION] Mikhail accepted ScoutPoi @ Red Forest (196 RU)
[10:34:14] [TASK] Mikhail → AcceptMission [ScoutPoi] (goal=AcceptMission)
[10:34:14] [GOAL] Mikhail achieved AcceptMission
[10:34:14] [MISSION] Andriy accepted ScoutPoi @ Yantar (236 RU)
[10:34:14] [TASK] Andriy → AcceptMission [ScoutPoi] (goal=AcceptMission)
[10:34:14] [GOAL] Andriy achieved AcceptMission
[10:34:14] [MISSION] Zura accepted ScoutPoi @ Kopachi (196 RU)
[10:34:14] [TASK] Zura → AcceptMission [ScoutPoi] (goal=AcceptMission)
[10:34:14] [GOAL] Zura achieved AcceptMission
[10:34:14] [MISSION] Mykola accepted ScoutPoi @ Wild Territory (164 RU)
[10:34:14] [TASK] Mykola → AcceptMission [ScoutPoi] (goal=AcceptMission)
[10:34:14] [GOAL] Mykola achieved AcceptMission
[10:34:14] [MISSION] Mikhail accepted ScoutPoi @ Jupiter (Pripyat Industrial) (236 RU)
[10:34:14] [TASK] Mikhail → AcceptMission [ScoutPoi] (goal=AcceptMission)
[10:34:14] [GOAL] Mikhail achieved AcceptMission
[10:34:14] [MISSION] Taras accepted ScoutPoi @ Radar (Brain Scorcher) (236 RU)
[10:34:14] [TASK] Taras → AcceptMission [ScoutPoi] (goal=AcceptMission)
[10:34:14] [GOAL] Taras achieved AcceptMission
[10:34:14] [MISSION] Taras accepted ScoutPoi @ Wild Territory (164 RU)
[10:34:14] [TASK] Taras → AcceptMission [ScoutPoi] (goal=AcceptMission)
[10:34:14] [GOAL] Taras achieved AcceptMission
[10:34:14] [MISSION] Sergei accepted ScoutPoi @ Chernobyl Town (200 RU)
[10:34:14] [TASK] Sergei → AcceptMission [ScoutPoi] (goal=AcceptMission)
[10:34:14] [GOAL] Sergei achieved AcceptMission
[10:34:14] [MISSION] Dmytro accepted ScoutPoi @ Cordon (160 RU)
[10:34:14] [TASK] Dmytro → AcceptMission [ScoutPoi] (goal=AcceptMission)
[10:34:14] [GOAL] Dmytro achieved AcceptMission
[10:34:14] [MISSION] Nodar accepted ScoutPoi @ Kopachi (196 RU)
[10:34:14] [TASK] Nodar → AcceptMission [ScoutPoi] (goal=AcceptMission)
[10:34:14] [GOAL] Nodar achieved AcceptMission
[10:34:14] [MISSION] Oleksiy accepted ScoutPoi @ Red Forest (196 RU)
[10:34:14] [TASK] Oleksiy → AcceptMission [ScoutPoi] (goal=AcceptMission)
[10:34:14] [GOAL] Oleksiy achieved AcceptMission
[10:34:14] [MISSION] Vasyl accepted ScoutPoi @ Cordon (160 RU)
[10:34:14] [TASK] Vasyl → AcceptMission [ScoutPoi] (goal=AcceptMission)
[10:34:14] [GOAL] Vasyl achieved AcceptMission
[10:34:14] [MISSION] Igor accepted ScoutPoi @ Chernobyl Town (200 RU)
[10:34:14] [TASK] Igor → AcceptMission [ScoutPoi] (goal=AcceptMission)
[10:34:14] [GOAL] Igor achieved AcceptMission
[10:34:14] [MISSION] Connor accepted ScoutPoi @ Buriakivka Waste Site (160 RU)
[10:34:14] [TASK] Connor → AcceptMission [ScoutPoi] (goal=AcceptMission)
[10:34:14] [GOAL] Connor achieved AcceptMission
[10:34:14] [MISSION] Mykola accepted ScoutPoi @ Radar (Brain Scorcher) (236 RU)
[10:34:14] [TASK] Mykola → AcceptMission [ScoutPoi] (goal=AcceptMission)
[10:34:14] [GOAL] Mykola achieved AcceptMission
[10:34:14] [MISSION] Pavel accepted ScoutPoi @ Chernobyl Town (200 RU)
[10:34:14] [TASK] Pavel → AcceptMission [ScoutPoi] (goal=AcceptMission)
[10:34:14] [GOAL] Pavel achieved AcceptMission
[10:34:14] [MISSION] Rustam accepted ScoutPoi @ Army Warehouses (230 RU)
[10:34:14] [TASK] Rustam → AcceptMission [ScoutPoi] (goal=AcceptMission)
[10:34:14] [GOAL] Rustam achieved AcceptMission
[10:34:14] [MISSION] Ivan accepted ScoutPoi @ Army Warehouses (230 RU)
[10:34:14] [TASK] Ivan → AcceptMission [ScoutPoi] (goal=AcceptMission)
[10:34:14] [GOAL] Ivan achieved AcceptMission
[10:34:14] [MISSION] Taras accepted ScoutPoi @ Red Forest (196 RU)
[10:34:14] [TASK] Taras → AcceptMission [ScoutPoi] (goal=AcceptMission)
[10:34:14] [GOAL] Taras achieved AcceptMission
[10:34:14] [MISSION] Andrei accepted ScoutPoi @ Garbage (196 RU)
[10:34:14] [TASK] Andrei → AcceptMission [ScoutPoi] (goal=AcceptMission)
[10:34:14] [GOAL] Andrei achieved AcceptMission
[10:34:14] [MISSION] Viktor accepted ScoutPoi @ Meadow (164 RU)
[10:34:14] [TASK] Viktor → AcceptMission [ScoutPoi] (goal=AcceptMission)
[10:34:14] [GOAL] Viktor achieved AcceptMission
[10:34:14] [MISSION] Bakhyt accepted ScoutPoi @ Radar (Brain Scorcher) (236 RU)
[10:34:14] [TASK] Bakhyt → AcceptMission [ScoutPoi] (goal=AcceptMission)
[10:34:14] [GOAL] Bakhyt achieved AcceptMission
[10:34:14] [MISSION] Mykola accepted ScoutPoi @ Meadow (164 RU)
[10:34:14] [TASK] Mykola → AcceptMission [ScoutPoi] (goal=AcceptMission)
[10:34:14] [GOAL] Mykola achieved AcceptMission
[10:34:14] [COMBAT] Nikolai Melnyk 'Ghost' killed Pseudodog using wpn_val
[10:34:14] [MISSION] Oleksiy accepted ScoutPoi @ Kopachi (196 RU)
[10:34:14] [TASK] Oleksiy → AcceptMission [ScoutPoi] (goal=AcceptMission)
[10:34:14] [GOAL] Oleksiy achieved AcceptMission
[10:34:14] [MISSION] Armen accepted ScoutPoi @ Wild Territory (164 RU)
[10:34:14] [TASK] Armen → AcceptMission [ScoutPoi] (goal=AcceptMission)
[10:34:14] [GOAL] Armen achieved AcceptMission
[10:34:14] [MISSION] Viktor accepted ScoutPoi @ Meadow (164 RU)
[10:34:14] [TASK] Viktor → AcceptMission [ScoutPoi] (goal=AcceptMission)
[10:34:14] [GOAL] Viktor achieved AcceptMission
[10:34:14] [MISSION] Andriy accepted ScoutPoi @ Cordon (160 RU)
[10:34:14] [TASK] Andriy → AcceptMission [ScoutPoi] (goal=AcceptMission)
[10:34:14] [GOAL] Andriy achieved AcceptMission
[10:34:14] [MISSION] Andrei accepted ScoutPoi @ Wild Territory (164 RU)
[10:34:14] [TASK] Andrei → AcceptMission [ScoutPoi] (goal=AcceptMission)
[10:34:14] [GOAL] Andrei achieved AcceptMission
[10:34:14] [MISSION] Armen accepted ScoutPoi @ Cordon (160 RU)
[10:34:14] [TASK] Armen → AcceptMission [ScoutPoi] (goal=AcceptMission)
[10:34:14] [GOAL] Armen achieved AcceptMission
[10:34:14] [MISSION] Taras accepted ScoutPoi @ Meadow (164 RU)
[10:34:14] [TASK] Taras → AcceptMission [ScoutPoi] (goal=AcceptMission)
[10:34:14] [GOAL] Taras achieved AcceptMission
[10:34:14] [MISSION] Dmitri accepted ScoutPoi @ Wild Territory (164 RU)
[10:34:14] [TASK] Dmitri → AcceptMission [ScoutPoi] (goal=AcceptMission)
[10:34:14] [GOAL] Dmitri achieved AcceptMission
[10:34:14] [MISSION] Lukash accepted ScoutPoi @ Army Warehouses (230 RU)
[10:34:14] [TASK] Lukash → AcceptMission [ScoutPoi] (goal=AcceptMission)
[10:34:14] [GOAL] Lukash achieved AcceptMission
[10:34:14] [MISSION] Sidorovich accepted ScoutPoi @ Cordon (160 RU)
[10:34:14] [TASK] Sidorovich → AcceptMission [ScoutPoi] (goal=AcceptMission)
[10:34:14] [GOAL] Sidorovich achieved AcceptMission
[10:34:20] [INBOUND] Initial +2 stalkers, +1 mutants (remaining S=706 M=473)
[10:34:20] [CORPSE] Despawned 23 bodies (lifetime=174)
[10:34:20] [MISSION] Pavel accepted ScoutPoi @ Radar (Brain Scorcher) (236 RU)
[10:34:20] [TASK] Pavel → AcceptMission [ScoutPoi] (goal=AcceptMission)
[10:34:20] [GOAL] Pavel achieved AcceptMission
[10:34:20] [COMBAT] Sergei Kovalenko 'Wolf' killed Rustam Bondarenko 'Spark' using wpn_vintorez
[10:34:20] [GEAR] Sergei looted [arm_freedom] via combat
[10:34:21] [INBOUND] Initial +2 stalkers, +2 mutants (remaining S=704 M=471)
[10:34:22] [COMBAT] Vasyl Volkov 'Stitch' killed Snork using wpn_aksu
[10:34:22] [COMBAT] Bohdan Kovalenko 'Crow' killed Flesh using wpn_val
[10:34:22] [INBOUND] Initial +2 stalkers, +1 mutants (remaining S=702 M=470)
[10:34:22] [MISSION] Mykola accepted ScoutPoi @ Meadow (164 RU)
[10:34:22] [TASK] Mykola → AcceptMission [ScoutPoi] (goal=AcceptMission)
[10:34:22] [GOAL] Mykola achieved AcceptMission
[10:34:23] [COMBAT] Andriy Kovalenko 'Jackal' killed Mikhail Volkov 'Phantom' using wpn_gauss
[10:34:23] [GEAR] Andriy looted [wpn_fn2000, wpn_sg550, arm_exo] via combat
[10:34:23] [COMBAT] Bohdan Melnyk 'Ash' killed Lurker using wpn_aksu
[10:34:24] [INBOUND] Initial +2 stalkers, +1 mutants (remaining S=700 M=469)
[10:34:24] [MISSION] Ivan accepted ScoutPoi @ Yantar (236 RU)
[10:34:24] [TASK] Ivan → AcceptMission [ScoutPoi] (goal=AcceptMission)
[10:34:24] [GOAL] Ivan achieved AcceptMission
[10:34:24] [COMBAT] Andrei Volkov 'Badger' killed Vasyl Bondarenko 'Crow' using wpn_bm16
[10:34:24] [GEAR] Andrei looted [wpn_mp5, wpn_fort12] via combat
[10:34:24] [COMBAT] Igor Sokolov 'Viper' killed Controller using wpn_lr300
[10:34:25] [INBOUND] Initial +2 stalkers, +2 mutants (remaining S=698 M=467)
[10:34:25] [MISSION] Timur accepted ScoutPoi @ Sarcophagus (184 RU)
[10:34:25] [TASK] Timur → AcceptMission [ScoutPoi] (goal=AcceptMission)
[10:34:25] [GOAL] Timur achieved AcceptMission
[10:34:25] [MISSION] Pavel arrived for ScoutPoi @ Bandit Base (travel=541m, work=220s game)
[10:34:25] [RANK] Taras Volkov 'Spark' → Experienced
[10:34:25] [COMBAT] Taras Volkov 'Spark' killed Lurker using wpn_toz34
[10:34:25] [COMBAT] Pavel Bondarenko 'Phantom' killed Snork using wpn_gauss
[10:34:26] [INBOUND] Initial +2 stalkers, +1 mutants (remaining S=696 M=466)
[10:34:26] [MISSION] Mykola accepted ScoutPoi @ Sarcophagus (184 RU)
[10:34:26] [TASK] Mykola → AcceptMission [ScoutPoi] (goal=AcceptMission)
[10:34:26] [GOAL] Mykola achieved AcceptMission
[10:34:26] [MISSION] Pavel arrived for ScoutPoi @ Bandit Base (travel=541m, work=220s game)
[10:34:27] [COMBAT] Andrei Petrenko 'Mole' killed BlindDog using wpn_sg550
[10:34:27] [INBOUND] Initial +2 stalkers, +2 mutants (remaining S=694 M=464)
[10:34:27] [COMBAT] Andriy Petrenko 'Bone' killed Fracture using wpn_aksu
[10:34:28] [COMBAT] Sergei Shevchenko 'Wolf' killed Pseudodog using wpn_ak74
[10:34:28] [TASK] Mykola → FulfillMission [ScoutPoi] (goal=CompleteMission)
[10:34:28] [MISSION] Mykola objective done ScoutPoi @ Abandoned Bus → return to Meadow
[10:34:28] [TASK] Oleksiy → FulfillMission [ScoutPoi] (goal=CompleteMission)
[10:34:28] [MISSION] Oleksiy objective done ScoutPoi @ Ruined Garage → return to Kopachi
[10:34:28] [TASK] Armen → FulfillMission [ScoutPoi] (goal=CompleteMission)
[10:34:28] [MISSION] Armen objective done ScoutPoi @ Forgotten Shelter → return to Wild Territory
[10:34:28] [TASK] Viktor → FulfillMission [ScoutPoi] (goal=CompleteMission)
[10:34:28] [MISSION] Viktor objective done ScoutPoi @ Abandoned Bus → return to Meadow
[10:34:28] [TASK] Andriy → FulfillMission [ScoutPoi] (goal=CompleteMission)
[10:34:28] [MISSION] Andriy objective done ScoutPoi @ Abandoned Hut → return to Cordon
[10:34:28] [TASK] Andrei → FulfillMission [ScoutPoi] (goal=CompleteMission)
[10:34:28] [MISSION] Andrei objective done ScoutPoi @ Forgotten Shelter → return to Wild Territory
[10:34:28] [TASK] Armen → FulfillMission [ScoutPoi] (goal=CompleteMission)
[10:34:28] [MISSION] Armen objective done ScoutPoi @ Abandoned Hut → return to Cordon
[10:34:28] [TASK] Taras → FulfillMission [ScoutPoi] (goal=CompleteMission)
[10:34:28] [MISSION] Taras objective done ScoutPoi @ Abandoned Bus → return to Meadow
[10:34:28] [TASK] Dmitri → FulfillMission [ScoutPoi] (goal=CompleteMission)
[10:34:28] [MISSION] Dmitri objective done ScoutPoi @ Forgotten Shelter → return to Wild Territory
[10:34:28] [TASK] Lukash → FulfillMission [ScoutPoi] (goal=CompleteMission)
[10:34:28] [MISSION] Lukash objective done ScoutPoi @ Collapsed Pillbox → return to Army Warehouses
[10:34:28] [TASK] Sidorovich → FulfillMission [ScoutPoi] (goal=CompleteMission)
[10:34:28] [MISSION] Sidorovich objective done ScoutPoi @ Abandoned Hut → return to Cordon
[10:34:28] [TASK] Mykola → FulfillMission [ScoutPoi] (goal=CompleteMission)
[10:34:28] [MISSION] Mykola objective done ScoutPoi @ Mutant Den #1 near Rostok → return to Sarcophagus
[10:34:28] [TASK] Ivan → FulfillMission [ScoutPoi] (goal=CompleteMission)
[10:34:28] [MISSION] Ivan objective done ScoutPoi @ Loot Crate (Rostok-Truck Ce) → return to Yantar
[10:34:28] [TASK] Mykola → FulfillMission [ScoutPoi] (goal=CompleteMission)
[10:34:28] [MISSION] Mykola objective done ScoutPoi @ Abandoned Bus → return to Meadow
[10:34:28] [TASK] Pavel → FulfillMission [ScoutPoi] (goal=CompleteMission)
[10:34:28] [MISSION] Pavel objective done ScoutPoi @ Windswept Cabin → return to Radar (Brain Scorcher)
[10:34:28] [TASK] Serhiy → FulfillMission [ScoutPoi] (goal=CompleteMission)
[10:34:28] [MISSION] Serhiy objective done ScoutPoi @ Forgotten Pillbox → return to Zalissya
[10:34:28] [TASK] Sergei → FulfillMission [ScoutPoi] (goal=CompleteMission)
[10:34:28] [MISSION] Sergei objective done ScoutPoi @ Makeshift Outpost → return to Chernobyl Town
[10:34:28] [TASK] Tobias → FulfillMission [ScoutPoi] (goal=CompleteMission)
[10:34:28] [MISSION] Tobias objective done ScoutPoi @ Sunken Shack → return to Dead City (Chernobyl-2 Settlement)
[10:34:28] [TASK] Mykola → FulfillMission [ScoutPoi] (goal=CompleteMission)
[10:34:28] [MISSION] Mykola objective done ScoutPoi @ Mutant Den #1 near Rostok → return to Sarcophagus
[10:34:28] [TASK] Pavel → FulfillMission [ScoutPoi] (goal=CompleteMission)
[10:34:28] [MISSION] Pavel objective done ScoutPoi @ Bandit Base → return to Truck Cemetery
[10:34:28] [TASK] Mykola → FulfillMission [ScoutPoi] (goal=CompleteMission)
[10:34:28] [MISSION] Mykola objective done ScoutPoi @ Hidden Hut → return to Red Forest
[10:34:28] [TASK] Viktor → FulfillMission [ScoutPoi] (goal=CompleteMission)
[10:34:28] [MISSION] Viktor objective done ScoutPoi @ Hidden Hut → return to Red Forest
[10:34:28] [TASK] Mykola → FulfillMission [ScoutPoi] (goal=CompleteMission)
[10:34:28] [MISSION] Mykola objective done ScoutPoi @ Makeshift Camp (Cordon-Meadow) → return to Great Swamps
[10:34:28] [TASK] Bohdan → FulfillMission [ScoutPoi] (goal=CompleteMission)
[10:34:28] [MISSION] Bohdan objective done ScoutPoi @ Ruined Garage → return to Kopachi
[10:34:28] [TASK] Bohdan → FulfillMission [ScoutPoi] (goal=CompleteMission)
[10:34:28] [MISSION] Bohdan objective done ScoutPoi @ Abandoned Bus → return to Meadow
[10:34:28] [TASK] Pavel → FulfillMission [ScoutPoi] (goal=CompleteMission)
[10:34:28] [MISSION] Pavel objective done ScoutPoi @ Hidden Hut → return to Red Forest
[10:34:28] [TASK] Bohdan → FulfillMission [ScoutPoi] (goal=CompleteMission)
[10:34:28] [MISSION] Bohdan objective done ScoutPoi @ Abandoned Hut → return to Cordon
[10:34:28] [TASK] Andriy → FulfillMission [ScoutPoi] (goal=CompleteMission)
[10:34:28] [MISSION] Andriy objective done ScoutPoi @ Windswept Cairn → return to Jupiter (Pripyat Industrial)
[10:34:28] [TASK] Andriy → FulfillMission [ScoutPoi] (goal=CompleteMission)
[10:34:28] [MISSION] Andriy objective done ScoutPoi @ Forgotten Shelter → return to Wild Territory
[10:34:28] [TASK] Lasha → FulfillMission [ScoutPoi] (goal=CompleteMission)
[10:34:28] [MISSION] Lasha objective done ScoutPoi @ Makeshift Outpost → return to Chernobyl Town
[10:34:28] [TASK] Mykola → FulfillMission [ScoutPoi] (goal=CompleteMission)
[10:34:28] [MISSION] Mykola objective done ScoutPoi @ Ruined Garage → return to Kopachi
[10:34:28] [TASK] Mikhail → FulfillMission [ScoutPoi] (goal=CompleteMission)
[10:34:28] [MISSION] Mikhail objective done ScoutPoi @ Forgotten Shelter → return to Wild Territory
[10:34:28] [TASK] Timur → FulfillMission [ScoutPoi] (goal=CompleteMission)
[10:34:28] [MISSION] Timur objective done ScoutPoi @ Mutant Den #1 near Rostok → return to Sarcophagus
[10:34:28] [TASK] Andrei → FulfillMission [ScoutPoi] (goal=CompleteMission)
[10:34:28] [MISSION] Andrei objective done ScoutPoi @ Hidden Hut → return to Red Forest
[10:34:28] [TASK] Viktor → FulfillMission [ScoutPoi] (goal=CompleteMission)
[10:34:28] [MISSION] Viktor objective done ScoutPoi @ Makeshift Camp (Cordon-Meadow) → return to Great Swamps
[10:34:28] [TASK] Heinrich → FulfillMission [ScoutPoi] (goal=CompleteMission)
[10:34:28] [MISSION] Heinrich objective done ScoutPoi @ Forgotten Shelter → return to Wild Territory
[10:34:28] [TASK] Igor → FulfillMission [ScoutPoi] (goal=CompleteMission)
[10:34:28] [MISSION] Igor objective done ScoutPoi @ Ruined Garage → return to Kopachi
[10:34:28] [TASK] Mikhail → FulfillMission [ScoutPoi] (goal=CompleteMission)
[10:34:28] [MISSION] Mikhail objective done ScoutPoi @ Hidden Hut → return to Red Forest
[10:34:28] [TASK] Andriy → FulfillMission [ScoutPoi] (goal=CompleteMission)
[10:34:28] [MISSION] Andriy objective done ScoutPoi @ Loot Crate (Rostok-Truck Ce) → return to Yantar
[10:34:28] [TASK] Zura → FulfillMission [ScoutPoi] (goal=CompleteMission)
[10:34:28] [MISSION] Zura objective done ScoutPoi @ Ruined Garage → return to Kopachi
[10:34:28] [TASK] Mykola → FulfillMission [ScoutPoi] (goal=CompleteMission)
[10:34:28] [MISSION] Mykola objective done ScoutPoi @ Forgotten Shelter → return to Wild Territory
[10:34:28] [TASK] Mikhail → FulfillMission [ScoutPoi] (goal=CompleteMission)
[10:34:28] [MISSION] Mikhail objective done ScoutPoi @ Windswept Cairn → return to Jupiter (Pripyat Industrial)
[10:34:28] [TASK] Taras → FulfillMission [ScoutPoi] (goal=CompleteMission)
[10:34:28] [MISSION] Taras objective done ScoutPoi @ Windswept Cabin → return to Radar (Brain Scorcher)
[10:34:28] [TASK] Taras → FulfillMission [ScoutPoi] (goal=CompleteMission)
[10:34:28] [MISSION] Taras objective done ScoutPoi @ Forgotten Shelter → return to Wild Territory
[10:34:28] [TASK] Sergei → FulfillMission [ScoutPoi] (goal=CompleteMission)
[10:34:28] [MISSION] Sergei objective done ScoutPoi @ Makeshift Outpost → return to Chernobyl Town
[10:34:28] [TASK] Dmytro → FulfillMission [ScoutPoi] (goal=CompleteMission)
[10:34:28] [MISSION] Dmytro objective done ScoutPoi @ Abandoned Hut → return to Cordon
[10:34:28] [TASK] Nodar → FulfillMission [ScoutPoi] (goal=CompleteMission)
[10:34:28] [MISSION] Nodar objective done ScoutPoi @ Ruined Garage → return to Kopachi
[10:34:28] [TASK] Oleksiy → FulfillMission [ScoutPoi] (goal=CompleteMission)
[10:34:28] [MISSION] Oleksiy objective done ScoutPoi @ Hidden Hut → return to Red Forest
[10:34:28] [TASK] Vasyl → FulfillMission [ScoutPoi] (goal=CompleteMission)
[10:34:28] [MISSION] Vasyl objective done ScoutPoi @ Abandoned Hut → return to Cordon
[10:34:28] [TASK] Igor → FulfillMission [ScoutPoi] (goal=CompleteMission)
[10:34:28] [MISSION] Igor objective done ScoutPoi @ Makeshift Outpost → return to Chernobyl Town
[10:34:28] [TASK] Connor → FulfillMission [ScoutPoi] (goal=CompleteMission)
[10:34:28] [MISSION] Connor objective done ScoutPoi @ Overgrown Hut → return to Buriakivka Waste Site
[10:34:28] [TASK] Mykola → FulfillMission [ScoutPoi] (goal=CompleteMission)
[10:34:28] [MISSION] Mykola objective done ScoutPoi @ Windswept Cabin → return to Radar (Brain Scorcher)
[10:34:28] [TASK] Pavel → FulfillMission [ScoutPoi] (goal=CompleteMission)
[10:34:28] [MISSION] Pavel objective done ScoutPoi @ Makeshift Outpost → return to Chernobyl Town
[10:34:28] [TASK] Ivan → FulfillMission [ScoutPoi] (goal=CompleteMission)
[10:34:28] [MISSION] Ivan objective done ScoutPoi @ Collapsed Pillbox → return to Army Warehouses
[10:34:28] [TASK] Taras → FulfillMission [ScoutPoi] (goal=CompleteMission)
[10:34:28] [MISSION] Taras objective done ScoutPoi @ Hidden Hut → return to Red Forest
[10:34:28] [TASK] Andrei → FulfillMission [ScoutPoi] (goal=CompleteMission)
[10:34:28] [MISSION] Andrei objective done ScoutPoi @ Derelict Stash → return to Garbage
[10:34:28] [TASK] Viktor → FulfillMission [ScoutPoi] (goal=CompleteMission)
[10:34:28] [MISSION] Viktor objective done ScoutPoi @ Abandoned Bus → return to Meadow
[10:34:28] [TASK] Bakhyt → FulfillMission [ScoutPoi] (goal=CompleteMission)
[10:34:28] [MISSION] Bakhyt objective done ScoutPoi @ Windswept Cabin → return to Radar (Brain Scorcher)
[10:34:29] [INBOUND] Initial +3 stalkers, +1 mutants (remaining S=691 M=463)
[10:34:29] [MISSION] Bohdan accepted ScoutPoi @ Army Warehouses (230 RU)
[10:34:29] [TASK] Bohdan → AcceptMission [ScoutPoi] (goal=AcceptMission)
[10:34:29] [GOAL] Bohdan achieved AcceptMission
[10:34:29] [TASK] Mykola → TurnInMission [ScoutPoi] (goal=CompleteMission)
[10:34:29] [MISSION] Mykola turned in ScoutPoi @ Sarcophagus (+184 RU)
[10:34:29] [GOAL] Mykola achieved CompleteMission
[10:34:29] [TASK] Ivan → TurnInMission [ScoutPoi] (goal=CompleteMission)
[10:34:29] [MISSION] Ivan turned in ScoutPoi @ Yantar (+236 RU)
[10:34:29] [GOAL] Ivan achieved CompleteMission
[10:34:29] [TASK] Mykola → TurnInMission [ScoutPoi] (goal=CompleteMission)
[10:34:29] [MISSION] Mykola turned in ScoutPoi @ Meadow (+164 RU)
[10:34:29] [GOAL] Mykola achieved CompleteMission
[10:34:29] [TASK] Pavel → TurnInMission [ScoutPoi] (goal=CompleteMission)
[10:34:29] [MISSION] Pavel turned in ScoutPoi @ Radar (Brain Scorcher) (+236 RU)
[10:34:29] [GOAL] Pavel achieved CompleteMission
[10:34:29] [TASK] Serhiy → TurnInMission [ScoutPoi] (goal=CompleteMission)
[10:34:29] [MISSION] Serhiy turned in ScoutPoi @ Zalissya (+184 RU)
[10:34:29] [GOAL] Serhiy achieved CompleteMission
[10:34:29] [TASK] Sergei → TurnInMission [ScoutPoi] (goal=CompleteMission)
[10:34:29] [MISSION] Sergei turned in ScoutPoi @ Chernobyl Town (+200 RU)
[10:34:29] [GOAL] Sergei achieved CompleteMission
[10:34:29] [TASK] Tobias → TurnInMission [ScoutPoi] (goal=CompleteMission)
[10:34:29] [MISSION] Tobias turned in ScoutPoi @ Dead City (Chernobyl-2 Settlement) (+190 RU)
[10:34:29] [GOAL] Tobias achieved CompleteMission
[10:34:29] [TASK] Mykola → TurnInMission [ScoutPoi] (goal=CompleteMission)
[10:34:29] [MISSION] Mykola turned in ScoutPoi @ Red Forest (+196 RU)
[10:34:29] [GOAL] Mykola achieved CompleteMission
[10:34:29] [TASK] Viktor → TurnInMission [ScoutPoi] (goal=CompleteMission)
[10:34:29] [MISSION] Viktor turned in ScoutPoi @ Red Forest (+196 RU)
[10:34:29] [GOAL] Viktor achieved CompleteMission
[10:34:29] [TASK] Bohdan → TurnInMission [ScoutPoi] (goal=CompleteMission)
[10:34:29] [MISSION] Bohdan turned in ScoutPoi @ Kopachi (+196 RU)
[10:34:29] [GOAL] Bohdan achieved CompleteMission
[10:34:29] [TASK] Bohdan → TurnInMission [ScoutPoi] (goal=CompleteMission)
[10:34:29] [MISSION] Bohdan turned in ScoutPoi @ Meadow (+164 RU)
[10:34:29] [GOAL] Bohdan achieved CompleteMission
[10:34:29] [TASK] Pavel → TurnInMission [ScoutPoi] (goal=CompleteMission)
[10:34:29] [MISSION] Pavel turned in ScoutPoi @ Red Forest (+196 RU)
[10:34:29] [GOAL] Pavel achieved CompleteMission
[10:34:29] [TASK] Bohdan → TurnInMission [ScoutPoi] (goal=CompleteMission)
[10:34:29] [MISSION] Bohdan turned in ScoutPoi @ Cordon (+160 RU)
[10:34:29] [GOAL] Bohdan achieved CompleteMission
[10:34:29] [TASK] Andriy → TurnInMission [ScoutPoi] (goal=CompleteMission)
[10:34:29] [MISSION] Andriy turned in ScoutPoi @ Jupiter (Pripyat Industrial) (+236 RU)
[10:34:29] [GOAL] Andriy achieved CompleteMission
[10:34:29] [TASK] Andriy → TurnInMission [ScoutPoi] (goal=CompleteMission)
[10:34:29] [MISSION] Andriy turned in ScoutPoi @ Wild Territory (+164 RU)
[10:34:29] [GOAL] Andriy achieved CompleteMission
[10:34:29] [TASK] Lasha → TurnInMission [ScoutPoi] (goal=CompleteMission)
[10:34:29] [MISSION] Lasha turned in ScoutPoi @ Chernobyl Town (+200 RU)
[10:34:29] [GOAL] Lasha achieved CompleteMission
[10:34:29] [TASK] Mykola → TurnInMission [ScoutPoi] (goal=CompleteMission)
[10:34:29] [MISSION] Mykola turned in ScoutPoi @ Kopachi (+196 RU)
[10:34:29] [GOAL] Mykola achieved CompleteMission
[10:34:29] [TASK] Mikhail → TurnInMission [ScoutPoi] (goal=CompleteMission)
[10:34:29] [MISSION] Mikhail turned in ScoutPoi @ Wild Territory (+164 RU)
[10:34:29] [GOAL] Mikhail achieved CompleteMission
[10:34:29] [TASK] Timur → TurnInMission [ScoutPoi] (goal=CompleteMission)
[10:34:29] [MISSION] Timur turned in ScoutPoi @ Sarcophagus (+184 RU)
[10:34:29] [GOAL] Timur achieved CompleteMission
[10:34:29] [TASK] Andrei → TurnInMission [ScoutPoi] (goal=CompleteMission)
[10:34:29] [MISSION] Andrei turned in ScoutPoi @ Red Forest (+196 RU)
[10:34:29] [GOAL] Andrei achieved CompleteMission
[10:34:29] [TASK] Heinrich → TurnInMission [ScoutPoi] (goal=CompleteMission)
[10:34:29] [MISSION] Heinrich turned in ScoutPoi @ Wild Territory (+164 RU)
[10:34:29] [GOAL] Heinrich achieved CompleteMission
[10:34:29] [TASK] Igor → TurnInMission [ScoutPoi] (goal=CompleteMission)
[10:34:29] [MISSION] Igor turned in ScoutPoi @ Kopachi (+196 RU)
[10:34:29] [GOAL] Igor achieved CompleteMission
[10:34:29] [TASK] Mikhail → TurnInMission [ScoutPoi] (goal=CompleteMission)
[10:34:29] [MISSION] Mikhail turned in ScoutPoi @ Red Forest (+196 RU)
[10:34:29] [GOAL] Mikhail achieved CompleteMission
[10:34:29] [TASK] Andriy → TurnInMission [ScoutPoi] (goal=CompleteMission)
[10:34:29] [MISSION] Andriy turned in ScoutPoi @ Yantar (+236 RU)
[10:34:29] [GOAL] Andriy achieved CompleteMission
[10:34:29] [TASK] Zura → TurnInMission [ScoutPoi] (goal=CompleteMission)
[10:34:29] [MISSION] Zura turned in ScoutPoi @ Kopachi (+196 RU)
[10:34:29] [GOAL] Zura achieved CompleteMission
[10:34:29] [TASK] Mykola → TurnInMission [ScoutPoi] (goal=CompleteMission)
[10:34:29] [MISSION] Mykola turned in ScoutPoi @ Wild Territory (+164 RU)
[10:34:29] [GOAL] Mykola achieved CompleteMission
[10:34:29] [TASK] Mikhail → TurnInMission [ScoutPoi] (goal=CompleteMission)
[10:34:29] [MISSION] Mikhail turned in ScoutPoi @ Jupiter (Pripyat Industrial) (+236 RU)
[10:34:29] [GOAL] Mikhail achieved CompleteMission
[10:34:29] [TASK] Taras → TurnInMission [ScoutPoi] (goal=CompleteMission)
[10:34:29] [MISSION] Taras turned in ScoutPoi @ Radar (Brain Scorcher) (+236 RU)
[10:34:29] [GOAL] Taras achieved CompleteMission
[10:34:29] [TASK] Taras → TurnInMission [ScoutPoi] (goal=CompleteMission)
[10:34:29] [MISSION] Taras turned in ScoutPoi @ Wild Territory (+164 RU)
[10:34:29] [GOAL] Taras achieved CompleteMission
[10:34:29] [TASK] Sergei → TurnInMission [ScoutPoi] (goal=CompleteMission)
[10:34:29] [MISSION] Sergei turned in ScoutPoi @ Chernobyl Town (+200 RU)
[10:34:29] [GOAL] Sergei achieved CompleteMission
[10:34:29] [TASK] Dmytro → TurnInMission [ScoutPoi] (goal=CompleteMission)
[10:34:29] [MISSION] Dmytro turned in ScoutPoi @ Cordon (+160 RU)
[10:34:29] [GOAL] Dmytro achieved CompleteMission
[10:34:29] [TASK] Nodar → TurnInMission [ScoutPoi] (goal=CompleteMission)
[10:34:29] [MISSION] Nodar turned in ScoutPoi @ Kopachi (+196 RU)
[10:34:29] [GOAL] Nodar achieved CompleteMission
[10:34:29] [TASK] Oleksiy → TurnInMission [ScoutPoi] (goal=CompleteMission)
[10:34:29] [MISSION] Oleksiy turned in ScoutPoi @ Red Forest (+196 RU)
[10:34:29] [GOAL] Oleksiy achieved CompleteMission
[10:34:29] [TASK] Vasyl → TurnInMission [ScoutPoi] (goal=CompleteMission)
[10:34:29] [MISSION] Vasyl turned in ScoutPoi @ Cordon (+160 RU)
[10:34:29] [GOAL] Vasyl achieved CompleteMission
[10:34:29] [TASK] Igor → TurnInMission [ScoutPoi] (goal=CompleteMission)
[10:34:29] [MISSION] Igor turned in ScoutPoi @ Chernobyl Town (+200 RU)
[10:34:29] [GOAL] Igor achieved CompleteMission
[10:34:29] [TASK] Mykola → TurnInMission [ScoutPoi] (goal=CompleteMission)
[10:34:29] [MISSION] Mykola turned in ScoutPoi @ Radar (Brain Scorcher) (+236 RU)
[10:34:29] [GOAL] Mykola achieved CompleteMission
[10:34:29] [TASK] Pavel → TurnInMission [ScoutPoi] (goal=CompleteMission)
[10:34:29] [MISSION] Pavel turned in ScoutPoi @ Chernobyl Town (+200 RU)
[10:34:29] [GOAL] Pavel achieved CompleteMission
[10:34:29] [TASK] Ivan → TurnInMission [ScoutPoi] (goal=CompleteMission)
[10:34:29] [MISSION] Ivan turned in ScoutPoi @ Army Warehouses (+230 RU)
[10:34:29] [GOAL] Ivan achieved CompleteMission
[10:34:29] [TASK] Taras → TurnInMission [ScoutPoi] (goal=CompleteMission)
[10:34:29] [MISSION] Taras turned in ScoutPoi @ Red Forest (+196 RU)
[10:34:29] [GOAL] Taras achieved CompleteMission
[10:34:29] [TASK] Andrei → TurnInMission [ScoutPoi] (goal=CompleteMission)
[10:34:29] [MISSION] Andrei turned in ScoutPoi @ Garbage (+196 RU)
[10:34:29] [GOAL] Andrei achieved CompleteMission
[10:34:29] [TASK] Viktor → TurnInMission [ScoutPoi] (goal=CompleteMission)
[10:34:29] [MISSION] Viktor turned in ScoutPoi @ Meadow (+164 RU)
[10:34:29] [GOAL] Viktor achieved CompleteMission
[10:34:29] [TASK] Bakhyt → TurnInMission [ScoutPoi] (goal=CompleteMission)
[10:34:29] [MISSION] Bakhyt turned in ScoutPoi @ Radar (Brain Scorcher) (+236 RU)
[10:34:29] [GOAL] Bakhyt achieved CompleteMission
[10:34:29] [TASK] Mykola → TurnInMission [ScoutPoi] (goal=CompleteMission)
[10:34:29] [MISSION] Mykola turned in ScoutPoi @ Meadow (+164 RU)
[10:34:29] [GOAL] Mykola achieved CompleteMission
[10:34:29] [TASK] Oleksiy → TurnInMission [ScoutPoi] (goal=CompleteMission)
[10:34:29] [MISSION] Oleksiy turned in ScoutPoi @ Kopachi (+196 RU)
[10:34:29] [GOAL] Oleksiy achieved CompleteMission
[10:34:29] [TASK] Armen → TurnInMission [ScoutPoi] (goal=CompleteMission)
[10:34:29] [MISSION] Armen turned in ScoutPoi @ Wild Territory (+164 RU)
[10:34:29] [GOAL] Armen achieved CompleteMission
[10:34:29] [TASK] Viktor → TurnInMission [ScoutPoi] (goal=CompleteMission)
[10:34:29] [MISSION] Viktor turned in ScoutPoi @ Meadow (+164 RU)
[10:34:29] [GOAL] Viktor achieved CompleteMission
[10:34:29] [TASK] Andriy → TurnInMission [ScoutPoi] (goal=CompleteMission)
[10:34:29] [MISSION] Andriy turned in ScoutPoi @ Cordon (+160 RU)
[10:34:29] [GOAL] Andriy achieved CompleteMission
[10:34:29] [TASK] Andrei → TurnInMission [ScoutPoi] (goal=CompleteMission)
[10:34:29] [MISSION] Andrei turned in ScoutPoi @ Wild Territory (+164 RU)
[10:34:29] [GOAL] Andrei achieved CompleteMission
[10:34:29] [TASK] Armen → TurnInMission [ScoutPoi] (goal=CompleteMission)
[10:34:29] [MISSION] Armen turned in ScoutPoi @ Cordon (+160 RU)
[10:34:29] [GOAL] Armen achieved CompleteMission
[10:34:29] [TASK] Taras → TurnInMission [ScoutPoi] (goal=CompleteMission)
[10:34:29] [MISSION] Taras turned in ScoutPoi @ Meadow (+164 RU)
[10:34:29] [GOAL] Taras achieved CompleteMission
[10:34:29] [TASK] Dmitri → TurnInMission [ScoutPoi] (goal=CompleteMission)
[10:34:29] [MISSION] Dmitri turned in ScoutPoi @ Wild Territory (+164 RU)
[10:34:29] [GOAL] Dmitri achieved CompleteMission
[10:34:29] [TASK] Lukash → TurnInMission [ScoutPoi] (goal=CompleteMission)
[10:34:29] [MISSION] Lukash turned in ScoutPoi @ Army Warehouses (+230 RU)
[10:34:29] [GOAL] Lukash achieved CompleteMission
[10:34:29] [TASK] Sidorovich → TurnInMission [ScoutPoi] (goal=CompleteMission)
[10:34:29] [MISSION] Sidorovich turned in ScoutPoi @ Cordon (+160 RU)
[10:34:29] [GOAL] Sidorovich achieved CompleteMission
[10:34:29] [MISSION] Mykola accepted ScoutPoi @ Sarcophagus (184 RU)
[10:34:29] [TASK] Mykola → AcceptMission [ScoutPoi] (goal=AcceptMission)
[10:34:29] [GOAL] Mykola achieved AcceptMission
[10:34:29] [MISSION] Ivan accepted ScoutPoi @ Yantar (236 RU)
[10:34:29] [TASK] Ivan → AcceptMission [ScoutPoi] (goal=AcceptMission)
[10:34:29] [GOAL] Ivan achieved AcceptMission
[10:34:29] [MISSION] Mykola accepted ScoutPoi @ Meadow (164 RU)
[10:34:29] [TASK] Mykola → AcceptMission [ScoutPoi] (goal=AcceptMission)
[10:34:29] [GOAL] Mykola achieved AcceptMission
[10:34:29] [MISSION] Pavel accepted ScoutPoi @ Radar (Brain Scorcher) (236 RU)
[10:34:29] [TASK] Pavel → AcceptMission [ScoutPoi] (goal=AcceptMission)
[10:34:29] [GOAL] Pavel achieved AcceptMission
[10:34:29] [MISSION] Serhiy accepted ScoutPoi @ Zalissya (184 RU)
[10:34:29] [TASK] Serhiy → AcceptMission [ScoutPoi] (goal=AcceptMission)
[10:34:29] [GOAL] Serhiy achieved AcceptMission
[10:34:29] [MISSION] Sergei accepted ScoutPoi @ Chernobyl Town (200 RU)
[10:34:29] [TASK] Sergei → AcceptMission [ScoutPoi] (goal=AcceptMission)
[10:34:29] [GOAL] Sergei achieved AcceptMission
[10:34:29] [MISSION] Tobias accepted ScoutPoi @ Dead City (Chernobyl-2 Settlement) (190 RU)
[10:34:29] [TASK] Tobias → AcceptMission [ScoutPoi] (goal=AcceptMission)
[10:34:29] [GOAL] Tobias achieved AcceptMission
[10:34:29] [MISSION] Mykola accepted ScoutPoi @ Red Forest (196 RU)
[10:34:29] [TASK] Mykola → AcceptMission [ScoutPoi] (goal=AcceptMission)
[10:34:29] [GOAL] Mykola achieved AcceptMission
[10:34:29] [MISSION] Viktor accepted ScoutPoi @ Red Forest (196 RU)
[10:34:29] [TASK] Viktor → AcceptMission [ScoutPoi] (goal=AcceptMission)
[10:34:29] [GOAL] Viktor achieved AcceptMission
[10:34:29] [MISSION] Bohdan accepted ScoutPoi @ Kopachi (196 RU)
[10:34:29] [TASK] Bohdan → AcceptMission [ScoutPoi] (goal=AcceptMission)
[10:34:29] [GOAL] Bohdan achieved AcceptMission
[10:34:29] [MISSION] Bohdan accepted ScoutPoi @ Meadow (164 RU)
[10:34:29] [TASK] Bohdan → AcceptMission [ScoutPoi] (goal=AcceptMission)
[10:34:29] [GOAL] Bohdan achieved AcceptMission
[10:34:29] [MISSION] Pavel accepted ScoutPoi @ Red Forest (196 RU)
[10:34:29] [TASK] Pavel → AcceptMission [ScoutPoi] (goal=AcceptMission)
[10:34:29] [GOAL] Pavel achieved AcceptMission
[10:34:29] [MISSION] Bohdan accepted ScoutPoi @ Cordon (160 RU)
[10:34:29] [TASK] Bohdan → AcceptMission [ScoutPoi] (goal=AcceptMission)
[10:34:29] [GOAL] Bohdan achieved AcceptMission
[10:34:29] [MISSION] Andriy accepted ScoutPoi @ Jupiter (Pripyat Industrial) (236 RU)
[10:34:29] [TASK] Andriy → AcceptMission [ScoutPoi] (goal=AcceptMission)
[10:34:29] [GOAL] Andriy achieved AcceptMission
[10:34:29] [MISSION] Andriy accepted ScoutPoi @ Wild Territory (164 RU)
[10:34:29] [TASK] Andriy → AcceptMission [ScoutPoi] (goal=AcceptMission)
[10:34:29] [GOAL] Andriy achieved AcceptMission
[10:34:29] [MISSION] Lasha accepted ScoutPoi @ Chernobyl Town (200 RU)
[10:34:29] [TASK] Lasha → AcceptMission [ScoutPoi] (goal=AcceptMission)
[10:34:29] [GOAL] Lasha achieved AcceptMission
[10:34:29] [MISSION] Mykola accepted ScoutPoi @ Kopachi (196 RU)
[10:34:29] [TASK] Mykola → AcceptMission [ScoutPoi] (goal=AcceptMission)
[10:34:29] [GOAL] Mykola achieved AcceptMission
[10:34:29] [MISSION] Mikhail accepted ScoutPoi @ Wild Territory (164 RU)
[10:34:29] [TASK] Mikhail → AcceptMission [ScoutPoi] (goal=AcceptMission)
[10:34:29] [GOAL] Mikhail achieved AcceptMission
[10:34:29] [MISSION] Timur accepted ScoutPoi @ Sarcophagus (184 RU)
[10:34:29] [TASK] Timur → AcceptMission [ScoutPoi] (goal=AcceptMission)
[10:34:29] [GOAL] Timur achieved AcceptMission
[10:34:29] [MISSION] Andrei accepted ScoutPoi @ Red Forest (196 RU)
[10:34:29] [TASK] Andrei → AcceptMission [ScoutPoi] (goal=AcceptMission)
[10:34:29] [GOAL] Andrei achieved AcceptMission
[10:34:29] [MISSION] Heinrich accepted ScoutPoi @ Wild Territory (164 RU)
[10:34:29] [TASK] Heinrich → AcceptMission [ScoutPoi] (goal=AcceptMission)
[10:34:29] [GOAL] Heinrich achieved AcceptMission
[10:34:29] [MISSION] Igor accepted ScoutPoi @ Kopachi (196 RU)
[10:34:29] [TASK] Igor → AcceptMission [ScoutPoi] (goal=AcceptMission)
[10:34:29] [GOAL] Igor achieved AcceptMission
[10:34:29] [MISSION] Mikhail accepted ScoutPoi @ Red Forest (196 RU)
[10:34:29] [TASK] Mikhail → AcceptMission [ScoutPoi] (goal=AcceptMission)
[10:34:29] [GOAL] Mikhail achieved AcceptMission
[10:34:29] [MISSION] Andriy accepted ScoutPoi @ Yantar (236 RU)
[10:34:29] [TASK] Andriy → AcceptMission [ScoutPoi] (goal=AcceptMission)
[10:34:29] [GOAL] Andriy achieved AcceptMission
[10:34:29] [MISSION] Zura accepted ScoutPoi @ Kopachi (196 RU)
[10:34:29] [TASK] Zura → AcceptMission [ScoutPoi] (goal=AcceptMission)
[10:34:29] [GOAL] Zura achieved AcceptMission
[10:34:29] [MISSION] Mykola accepted ScoutPoi @ Wild Territory (164 RU)
[10:34:29] [TASK] Mykola → AcceptMission [ScoutPoi] (goal=AcceptMission)
[10:34:29] [GOAL] Mykola achieved AcceptMission
[10:34:29] [MISSION] Mikhail accepted ScoutPoi @ Jupiter (Pripyat Industrial) (236 RU)
[10:34:29] [TASK] Mikhail → AcceptMission [ScoutPoi] (goal=AcceptMission)
[10:34:29] [GOAL] Mikhail achieved AcceptMission
[10:34:29] [MISSION] Taras accepted ScoutPoi @ Radar (Brain Scorcher) (236 RU)
[10:34:29] [TASK] Taras → AcceptMission [ScoutPoi] (goal=AcceptMission)
[10:34:29] [GOAL] Taras achieved AcceptMission
[10:34:29] [MISSION] Taras accepted ScoutPoi @ Wild Territory (164 RU)
[10:34:29] [TASK] Taras → AcceptMission [ScoutPoi] (goal=AcceptMission)
[10:34:29] [GOAL] Taras achieved AcceptMission
[10:34:29] [MISSION] Sergei accepted ScoutPoi @ Chernobyl Town (200 RU)
[10:34:29] [TASK] Sergei → AcceptMission [ScoutPoi] (goal=AcceptMission)
[10:34:29] [GOAL] Sergei achieved AcceptMission
[10:34:29] [MISSION] Dmytro accepted ScoutPoi @ Cordon (160 RU)
[10:34:29] [TASK] Dmytro → AcceptMission [ScoutPoi] (goal=AcceptMission)
[10:34:29] [GOAL] Dmytro achieved AcceptMission
[10:34:29] [MISSION] Nodar accepted ScoutPoi @ Kopachi (196 RU)
[10:34:29] [TASK] Nodar → AcceptMission [ScoutPoi] (goal=AcceptMission)
[10:34:29] [GOAL] Nodar achieved AcceptMission
[10:34:29] [MISSION] Oleksiy accepted ScoutPoi @ Red Forest (196 RU)
[10:34:29] [TASK] Oleksiy → AcceptMission [ScoutPoi] (goal=AcceptMission)
[10:34:29] [GOAL] Oleksiy achieved AcceptMission
[10:34:29] [MISSION] Vasyl accepted ScoutPoi @ Cordon (160 RU)
[10:34:29] [TASK] Vasyl → AcceptMission [ScoutPoi] (goal=AcceptMission)
[10:34:29] [GOAL] Vasyl achieved AcceptMission
[10:34:29] [MISSION] Igor accepted ScoutPoi @ Chernobyl Town (200 RU)
[10:34:29] [TASK] Igor → AcceptMission [ScoutPoi] (goal=AcceptMission)
[10:34:29] [GOAL] Igor achieved AcceptMission
[10:34:29] [MISSION] Mykola accepted ScoutPoi @ Radar (Brain Scorcher) (236 RU)
[10:34:29] [TASK] Mykola → AcceptMission [ScoutPoi] (goal=AcceptMission)
[10:34:29] [GOAL] Mykola achieved AcceptMission
[10:34:29] [MISSION] Pavel accepted ScoutPoi @ Chernobyl Town (200 RU)
[10:34:29] [TASK] Pavel → AcceptMission [ScoutPoi] (goal=AcceptMission)
[10:34:29] [GOAL] Pavel achieved AcceptMission
[10:34:29] [MISSION] Ivan accepted ScoutPoi @ Army Warehouses (230 RU)
[10:34:29] [TASK] Ivan → AcceptMission [ScoutPoi] (goal=AcceptMission)
[10:34:29] [GOAL] Ivan achieved AcceptMission
[10:34:29] [MISSION] Taras accepted ScoutPoi @ Red Forest (196 RU)
[10:34:29] [TASK] Taras → AcceptMission [ScoutPoi] (goal=AcceptMission)
[10:34:29] [GOAL] Taras achieved AcceptMission
[10:34:29] [MISSION] Andrei accepted ScoutPoi @ Garbage (196 RU)
[10:34:29] [TASK] Andrei → AcceptMission [ScoutPoi] (goal=AcceptMission)
[10:34:29] [GOAL] Andrei achieved AcceptMission
[10:34:29] [MISSION] Viktor accepted ScoutPoi @ Meadow (164 RU)
[10:34:29] [TASK] Viktor → AcceptMission [ScoutPoi] (goal=AcceptMission)
[10:34:29] [GOAL] Viktor achieved AcceptMission
[10:34:29] [MISSION] Bakhyt accepted ScoutPoi @ Radar (Brain Scorcher) (236 RU)
[10:34:29] [TASK] Bakhyt → AcceptMission [ScoutPoi] (goal=AcceptMission)
[10:34:29] [GOAL] Bakhyt achieved AcceptMission
[10:34:29] [MISSION] Mykola accepted ScoutPoi @ Meadow (164 RU)
[10:34:29] [TASK] Mykola → AcceptMission [ScoutPoi] (goal=AcceptMission)
[10:34:29] [GOAL] Mykola achieved AcceptMission
[10:34:29] [MISSION] Oleksiy accepted ScoutPoi @ Kopachi (196 RU)
[10:34:29] [TASK] Oleksiy → AcceptMission [ScoutPoi] (goal=AcceptMission)
[10:34:29] [GOAL] Oleksiy achieved AcceptMission
[10:34:29] [MISSION] Armen accepted ScoutPoi @ Wild Territory (164 RU)
[10:34:29] [TASK] Armen → AcceptMission [ScoutPoi] (goal=AcceptMission)
[10:34:29] [GOAL] Armen achieved AcceptMission
[10:34:29] [COMBAT] Serhiy Popov 'Crow' killed Oleg Volkov 'Mole' using wpn_gauss
[10:34:29] [GEAR] Serhiy looted [wpn_pm, helm_helm_respirator_gp5] via combat
[10:34:29] [MISSION] Viktor accepted ScoutPoi @ Meadow (164 RU)
[10:34:29] [TASK] Viktor → AcceptMission [ScoutPoi] (goal=AcceptMission)
[10:34:29] [GOAL] Viktor achieved AcceptMission
[10:34:29] [MISSION] Andriy accepted ScoutPoi @ Cordon (160 RU)
[10:34:29] [TASK] Andriy → AcceptMission [ScoutPoi] (goal=AcceptMission)
[10:34:29] [GOAL] Andriy achieved AcceptMission
[10:34:29] [MISSION] Andrei accepted ScoutPoi @ Wild Territory (164 RU)
[10:34:29] [TASK] Andrei → AcceptMission [ScoutPoi] (goal=AcceptMission)
[10:34:29] [GOAL] Andrei achieved AcceptMission
[10:34:29] [MISSION] Armen accepted ScoutPoi @ Cordon (160 RU)
[10:34:29] [TASK] Armen → AcceptMission [ScoutPoi] (goal=AcceptMission)
[10:34:29] [GOAL] Armen achieved AcceptMission
[10:34:30] [MISSION] Taras accepted ScoutPoi @ Meadow (164 RU)
[10:34:30] [TASK] Taras → AcceptMission [ScoutPoi] (goal=AcceptMission)
[10:34:30] [GOAL] Taras achieved AcceptMission
[10:34:30] [MISSION] Dmitri accepted ScoutPoi @ Wild Territory (164 RU)
[10:34:30] [TASK] Dmitri → AcceptMission [ScoutPoi] (goal=AcceptMission)
[10:34:30] [GOAL] Dmitri achieved AcceptMission
[10:34:30] [MISSION] Lukash accepted ScoutPoi @ Army Warehouses (230 RU)
[10:34:30] [TASK] Lukash → AcceptMission [ScoutPoi] (goal=AcceptMission)
[10:34:30] [GOAL] Lukash achieved AcceptMission
[10:34:30] [MISSION] Sidorovich accepted ScoutPoi @ Cordon (160 RU)
[10:34:30] [TASK] Sidorovich → AcceptMission [ScoutPoi] (goal=AcceptMission)
[10:34:30] [GOAL] Sidorovich achieved AcceptMission
[10:34:36] [INBOUND] Initial +2 stalkers, +1 mutants (remaining S=689 M=462)
[10:34:36] [MISSION] Yuriy accepted ScoutPoi @ Kopachi (196 RU)
[10:34:36] [TASK] Yuriy → AcceptMission [ScoutPoi] (goal=AcceptMission)
[10:34:36] [GOAL] Yuriy achieved AcceptMission
[10:34:37] [COMBAT] Andrei Petrov 'Viper' killed BlindDog using wpn_mp5
[10:34:37] [INBOUND] Initial +2 stalkers, +2 mutants (remaining S=687 M=460)
[10:34:39] [INBOUND] Initial +2 stalkers, +1 mutants (remaining S=685 M=459)
[10:34:39] [CORPSE] Despawned 15 bodies (lifetime=189)
[10:34:39] [MISSION] Dmytro accepted ScoutPoi @ Army Warehouses (230 RU)
[10:34:39] [TASK] Dmytro → AcceptMission [ScoutPoi] (goal=AcceptMission)
[10:34:39] [GOAL] Dmytro achieved AcceptMission
[10:34:40] [TASK] Sergei → TradeRun [poi_macro_6] (goal=VisitTrader)
[10:34:40] [GOAL] Sergei achieved VisitTrader
[10:34:40] [COMBAT] Dmitri Sokolov 'Ghost' killed Tushkano using wpn_ak74
[10:34:40] [MISSION] Sergei accepted ScoutPoi @ Garbage (196 RU)
[10:34:40] [TASK] Sergei → AcceptMission [ScoutPoi] (goal=AcceptMission)
[10:34:40] [GOAL] Sergei achieved AcceptMission
[10:34:40] [COMBAT] Bohdan Kovalenko 'Crow' killed Burer using wpn_spas12
[10:34:40] [INBOUND] Initial +2 stalkers, +2 mutants (remaining S=683 M=457)
[10:34:40] [COMBAT] Mykola Petrenko 'Raven' killed PsyDog using wpn_fn2000
[10:34:41] [COMBAT] Yuriy Petrov 'Jackal' killed Bloodsucker using wpn_pkm
[10:34:41] [INBOUND] Initial +2 stalkers, +1 mutants (remaining S=681 M=456)
[10:34:42] [COMBAT] Andrei Bondarenko 'Jackal' killed Dmytro Kovalenko 'Phantom' using wpn_gauss
[10:34:43] [INBOUND] Initial +2 stalkers, +1 mutants (remaining S=679 M=455)
[10:34:43] [SNAPSHOT] real=8.2min game=D0 00:19 alive S=239 M=196 corpses=838 lootable=444 gammaGear out=107 helm=210 avgRU=990 leaderGoals trade=0 mission=51 emission=Dormant nextIn=85gmin desperate=1 hungry=0 interval deaths=31 combats=47 tasks=325 gearLoot=5 gearBuy=0 missions=200 corpseDespawn=38 trickleSpawns=0 ranks=[Rookie:194,Trainee:16,Experienced:10,Professional:17,Veteran:2] goals=[Idle:62,CompleteMission::51,Traveling:27] leaders: Andrei[Rookie/Idle], Dmytro[Rookie/CompleteMission:], Sean[Rookie/Idle], Yuriy[Rookie/CompleteMission:], Bohdan[Rookie/CompleteMission:]
[10:34:43] [COMBAT] Igor Shevchenko 'Crow' killed Bohdan Bondarenko 'Fox' using wpn_pkm
[10:34:44] [COMBAT] Andriy Shevchenko 'Raven' killed Snork using wpn_pkm
[10:34:44] [INBOUND] Initial +2 stalkers, +2 mutants (remaining S=677 M=453)
[10:34:45] [COMBAT] Andrei Petrenko 'Mole' killed Connor Volkov 'Stitches' using wpn_sg550
[10:34:45] [GEAR] Andrei looted [arm_exo, helm_gas] via combat
[10:34:45] [INBOUND] Initial +2 stalkers, +1 mutants (remaining S=675 M=452)
[10:34:45] [MISSION] Nikolai accepted ScoutPoi @ Radar (Brain Scorcher) (236 RU)
[10:34:45] [TASK] Nikolai → AcceptMission [ScoutPoi] (goal=AcceptMission)
[10:34:45] [GOAL] Nikolai achieved AcceptMission
[10:34:46] [COMBAT] Tobias Ivanov 'One-Eye' killed Mikhail Petrenko 'Fox' using wpn_rg6
[10:34:47] [INBOUND] Initial +2 stalkers, +1 mutants (remaining S=673 M=451)
[10:34:47] [MISSION] Ivan accepted ScoutPoi @ Zalissya (184 RU)
[10:34:47] [TASK] Ivan → AcceptMission [ScoutPoi] (goal=AcceptMission)
[10:34:47] [GOAL] Ivan achieved AcceptMission
[10:34:48] [RANK] Dmytro Ivanov 'Badger' → Professional
[10:34:48] [COMBAT] Ivan Volkov 'Shadow' killed Dmitri Petrenko 'Bullet' using wpn_gauss
[10:34:48] [GEAR] Ivan looted [wpn_mp5, out_exo_outfit, helm_helm_ranger] via combat
[10:34:48] [INBOUND] Initial +2 stalkers, +2 mutants (remaining S=671 M=449)
[10:34:48] [MISSION] Bohdan accepted ScoutPoi @ Sarcophagus (184 RU)
[10:34:48] [TASK] Bohdan → AcceptMission [ScoutPoi] (goal=AcceptMission)
[10:34:48] [GOAL] Bohdan achieved AcceptMission
[10:34:49] [COMBAT] Bohdan Sokolov 'Phantom' killed Rat using wpn_mp5
[10:34:49] [COMBAT] Pavel Petrov 'Scar' killed Connor Ivanov 'The Nail' using wpn_fn2000
[10:34:49] [GEAR] Pavel looted [wpn_desert_eagle, helm_helm_tactic] via combat
[10:34:49] [INBOUND] Initial +2 stalkers, +1 mutants (remaining S=669 M=448)
[10:34:49] [COMBAT] Sergei Popov 'Spark' killed Fracture using wpn_svd
[10:34:51] [INBOUND] Initial +2 stalkers, +2 mutants (remaining S=667 M=446)
[10:34:51] [MISSION] Dmitri accepted ScoutPoi @ Chistogalovka (236 RU)
[10:34:51] [TASK] Dmitri → AcceptMission [ScoutPoi] (goal=AcceptMission)
[10:34:51] [GOAL] Dmitri achieved AcceptMission
[10:34:51] [COMBAT] Andrei Ivanov 'Scar' killed Snork using wpn_aksu
[10:34:51] [RANK] Andrei Volkov 'Badger' → Experienced
[10:34:51] [COMBAT] Andrei Volkov 'Badger' killed Pseudodog using wpn_mp5
[10:34:51] [COMBAT] Pavel Sokolov 'Jackal' killed Lurker using wpn_g36
[10:34:52] [INBOUND] Initial +3 stalkers, +1 mutants (remaining S=664 M=445)
[10:34:52] [CORPSE] Despawned 17 bodies (lifetime=206)
[10:34:52] [MISSION] Mikhail accepted ScoutPoi @ Agroprom (184 RU)
[10:34:52] [TASK] Mikhail → AcceptMission [ScoutPoi] (goal=AcceptMission)
[10:34:52] [GOAL] Mikhail achieved AcceptMission
[10:34:53] [RANK] Timur Petrov 'Badger' → Experienced
[10:34:53] [COMBAT] Timur Petrov 'Badger' killed Fracture using wpn_rg6
[10:34:53] [INBOUND] Initial +2 stalkers, +1 mutants (remaining S=662 M=444)
[10:34:53] [MISSION] Lars accepted ScoutPoi @ Duga Radar (210 RU)
[10:34:53] [TASK] Lars → AcceptMission [ScoutPoi] (goal=AcceptMission)
[10:34:53] [GOAL] Lars achieved AcceptMission
[10:34:54] [INBOUND] Initial +2 stalkers, +2 mutants (remaining S=660 M=442)
[10:34:54] [MISSION] Bohdan accepted ScoutPoi @ Sarcophagus (184 RU)
[10:34:54] [TASK] Bohdan → AcceptMission [ScoutPoi] (goal=AcceptMission)
[10:34:54] [GOAL] Bohdan achieved AcceptMission
[10:34:55] [COMBAT] Serhiy Bondarenko 'Spark' killed Yuriy Petrov 'Jackal' using wpn_svd
[10:34:55] [GEAR] Serhiy looted [wpn_pkm, helm_helm_exo] via combat
[10:34:55] [INBOUND] Initial +2 stalkers, +1 mutants (remaining S=658 M=441)
[10:34:56] [COMBAT] Pavel Bondarenko 'Viper' killed Snork using wpn_mp5
[10:34:56] [COMBAT] Mikhail Bondarenko 'Spark' killed Snork using wpn_fn2000
[10:34:57] [INBOUND] Initial +2 stalkers, +2 mutants (remaining S=656 M=439)
[10:34:57] [COMBAT] Damir Volkov 'Shadow' killed Flesh using wpn_aksu
[10:34:58] [INBOUND] Initial +2 stalkers, +1 mutants (remaining S=654 M=438)
[10:34:58] [MISSION] Mikhail accepted ScoutPoi @ Red Forest (196 RU)
[10:34:58] [TASK] Mikhail → AcceptMission [ScoutPoi] (goal=AcceptMission)
[10:34:58] [GOAL] Mikhail achieved AcceptMission
[10:34:59] [COMBAT] Sean Volkov 'Stitches' killed Sergei Petrov 'Scar' using wpn_l96a1
[10:34:59] [GEAR] Sean looted [wpn_ak74m, arm_duty] via combat
[10:34:59] [INBOUND] Initial +2 stalkers, +1 mutants (remaining S=652 M=437)
[10:34:59] [MISSION] Dmitri accepted ScoutPoi @ Garbage (196 RU)
[10:34:59] [TASK] Dmitri → AcceptMission [ScoutPoi] (goal=AcceptMission)
[10:34:59] [GOAL] Dmitri achieved AcceptMission
[10:34:59] [MISSION] Dmitri accepted ScoutPoi @ Yantar (236 RU)
[10:34:59] [TASK] Dmitri → AcceptMission [ScoutPoi] (goal=AcceptMission)
[10:34:59] [GOAL] Dmitri achieved AcceptMission
[10:34:59] [COMBAT] Andrei Ivanov 'Ghost' killed Controller using wpn_gauss
[10:35:01] [INBOUND] Initial +2 stalkers, +2 mutants (remaining S=650 M=435)
[10:35:01] [COMBAT] Dmitri Sokolov 'Ghost' killed BlindDog using wpn_ak74
[10:35:02] [INBOUND] Initial +2 stalkers, +1 mutants (remaining S=648 M=434)
[10:35:02] [MISSION] Pavel accepted ScoutPoi @ Chernobyl Town (200 RU)
[10:35:02] [TASK] Pavel → AcceptMission [ScoutPoi] (goal=AcceptMission)
[10:35:02] [GOAL] Pavel achieved AcceptMission
[10:35:02] [COMBAT] Oleg Kovalenko 'Bullet' killed Poltergeist using wpn_gauss
[10:35:03] [INBOUND] Initial +2 stalkers, +2 mutants (remaining S=646 M=432)
[10:35:03] [MISSION] Bohdan accepted ScoutPoi @ Red Forest (196 RU)
[10:35:03] [TASK] Bohdan → AcceptMission [ScoutPoi] (goal=AcceptMission)
[10:35:03] [GOAL] Bohdan achieved AcceptMission
[10:35:03] [RANK] Lars Kovalenko 'Ghost' → Experienced
[10:35:03] [COMBAT] Lars Kovalenko 'Ghost' killed Pseudodog using wpn_rg6
[10:35:03] [COMBAT] Mikhail Bondarenko 'Bone' killed Lurker using wpn_ak74
[10:35:04] [INBOUND] Initial +2 stalkers, +1 mutants (remaining S=644 M=431)
[10:35:04] [CORPSE] Despawned 16 bodies (lifetime=222)
[10:35:04] [COMBAT] Lars Ivanov 'Badger' killed Snork using wpn_aek971
[10:35:05] [COMBAT] Mykola Shevchenko 'Phantom' killed Dog using wpn_aksu
[10:35:06] [INBOUND] Initial +2 stalkers, +1 mutants (remaining S=642 M=430)
[10:35:06] [COMBAT] Bohdan Sokolov 'Phantom' killed Andrei Petrenko 'Mole' using wpn_pkm
[10:35:07] [INBOUND] Initial +2 stalkers, +2 mutants (remaining S=640 M=428)
[10:35:07] [MISSION] Alexei accepted ScoutPoi @ Zalissya (184 RU)
[10:35:07] [TASK] Alexei → AcceptMission [ScoutPoi] (goal=AcceptMission)
[10:35:07] [GOAL] Alexei achieved AcceptMission
[10:35:07] [COMBAT] Ivan Melnyk 'The Nail' killed Igor Shevchenko 'Crow' using wpn_svd
[10:35:07] [GEAR] Ivan looted [wpn_pkm, arm_exo, helm_exo] via combat
[10:35:08] [COMBAT] Oleksiy Popov 'Badger' killed Tushkano using wpn_ak74
[10:35:08] [INBOUND] Initial +2 stalkers, +1 mutants (remaining S=638 M=427)
[10:35:08] [MISSION] Viktor accepted ScoutPoi @ Red Forest (196 RU)
[10:35:08] [TASK] Viktor → AcceptMission [ScoutPoi] (goal=AcceptMission)
[10:35:08] [GOAL] Viktor achieved AcceptMission
[10:35:09] [COMBAT] Lasha Petrov 'Stitches' killed PsyDog using wpn_rg6
[10:35:09] [INBOUND] Initial +3 stalkers, +1 mutants (remaining S=635 M=426)
[10:35:09] [MISSION] Zura accepted ScoutPoi @ Chernobyl Town (200 RU)
[10:35:09] [TASK] Zura → AcceptMission [ScoutPoi] (goal=AcceptMission)
[10:35:09] [GOAL] Zura achieved AcceptMission
[10:35:11] [INBOUND] Initial +2 stalkers, +2 mutants (remaining S=633 M=424)
[10:35:11] [MISSION] Yuriy accepted ScoutPoi @ Sarcophagus (184 RU)
[10:35:11] [TASK] Yuriy → AcceptMission [ScoutPoi] (goal=AcceptMission)
[10:35:11] [GOAL] Yuriy achieved AcceptMission
[10:35:11] [COMBAT] Alibek Petrenko 'Stitch' killed Boar using wpn_pkm
[10:35:11] [COMBAT] Vasyl Melnyk 'Stitch' killed Bloodsucker using wpn_vintorez
[10:35:12] [COMBAT] Dmytro Kovalenko 'Phantom' killed BlindDog using wpn_gauss
[10:35:12] [INBOUND] Initial +2 stalkers, +1 mutants (remaining S=631 M=423)
[10:35:12] [MISSION] Andriy accepted ScoutPoi @ Zalissya (184 RU)
[10:35:12] [TASK] Andriy → AcceptMission [ScoutPoi] (goal=AcceptMission)
[10:35:12] [GOAL] Andriy achieved AcceptMission
[10:35:13] [COMBAT] Vasyl Sokolov 'Badger' killed Tushkano using wpn_lr300
[10:35:13] [INBOUND] Initial +2 stalkers, +2 mutants (remaining S=629 M=421)
[10:35:13] [SNAPSHOT] real=8.7min game=D0 00:20 alive S=250 M=207 corpses=867 lootable=457 gammaGear out=114 helm=217 avgRU=967 leaderGoals trade=0 mission=62 emission=Dormant nextIn=83gmin desperate=1 hungry=0 interval deaths=39 combats=62 tasks=17 gearLoot=6 gearBuy=0 missions=17 corpseDespawn=33 trickleSpawns=0 ranks=[Rookie:210,Trainee:12,Experienced:11,Professional:16,Veteran:1] goals=[Idle:66,CompleteMission::61,Traveling:15,AcceptMission::1] leaders: Igor[Rookie/AcceptMission:], Andriy[Rookie/CompleteMission:], Yuriy[Rookie/CompleteMission:], Zura[Rookie/CompleteMission:], Sean[Rookie/Idle]
[10:35:13] [MISSION] Igor accepted ScoutPoi @ Garbage (196 RU)
[10:35:13] [TASK] Igor → AcceptMission [ScoutPoi] (goal=AcceptMission)
[10:35:13] [GOAL] Igor achieved AcceptMission
[10:35:14] [COMBAT] Damir Volkov 'Shadow' killed Alexei Volkov 'Razor' using wpn_aksu
[10:35:14] [GEAR] Damir looted [wpn_pkm, wpn_fort12] via combat
[10:35:14] [COMBAT] Bohdan Kovalenko 'Crow' killed Snork using wpn_spas12
[10:35:14] [COMBAT] Serhiy Bondarenko 'Spark' killed Nikolai Ivanov 'Jackal' using wpn_pkm
[10:35:14] [COMBAT] Ivan Volkov 'Wolf' killed Controller using wpn_pm
[10:35:15] [INBOUND] Initial +2 stalkers, +1 mutants (remaining S=627 M=420)
[10:35:15] [MISSION] Oleg accepted ScoutPoi @ Limansk (190 RU)
[10:35:15] [TASK] Oleg → AcceptMission [ScoutPoi] (goal=AcceptMission)
[10:35:15] [GOAL] Oleg achieved AcceptMission
[10:35:15] [COMBAT] Tobias Shevchenko 'Shadow' killed Controller using wpn_val
[10:35:16] [INBOUND] Initial +2 stalkers, +1 mutants (remaining S=625 M=419)
[10:35:16] [COMBAT] Bohdan Melnyk 'Ash' killed BlindDog using wpn_aksu
[10:35:17] [INBOUND] Initial +2 stalkers, +2 mutants (remaining S=623 M=417)
[10:35:17] [CORPSE] Despawned 14 bodies (lifetime=236)
[10:35:17] [MISSION] Andrei accepted ScoutPoi @ Rostok (190 RU)
[10:35:17] [TASK] Andrei → AcceptMission [ScoutPoi] (goal=AcceptMission)
[10:35:17] [GOAL] Andrei achieved AcceptMission
[10:35:17] [COMBAT] Pavel Volkov 'Phantom' killed Tushkano using wpn_gauss
[10:35:18] [INBOUND] Initial +2 stalkers, +1 mutants (remaining S=621 M=416)
[10:35:18] [MISSION] Andrei accepted ScoutPoi @ Zaton (184 RU)
[10:35:18] [TASK] Andrei → AcceptMission [ScoutPoi] (goal=AcceptMission)
[10:35:18] [GOAL] Andrei achieved AcceptMission
[10:35:18] [COMBAT] Pavel Sokolov 'Jackal' killed Snork using wpn_g36
[10:35:19] [INBOUND] Initial +2 stalkers, +2 mutants (remaining S=619 M=414)
[10:35:19] [MISSION] Oleksiy accepted ScoutPoi @ Sarcophagus (184 RU)
[10:35:19] [TASK] Oleksiy → AcceptMission [ScoutPoi] (goal=AcceptMission)
[10:35:19] [GOAL] Oleksiy achieved AcceptMission
[10:35:20] [COMBAT] Andriy Ivanov 'Scar' killed PsyDog using wpn_mp5
[10:35:21] [INBOUND] Initial +2 stalkers, +1 mutants (remaining S=617 M=413)
[10:35:21] [MISSION] Andriy accepted ScoutPoi @ Zaton (184 RU)
[10:35:21] [TASK] Andriy → AcceptMission [ScoutPoi] (goal=AcceptMission)
[10:35:21] [GOAL] Andriy achieved AcceptMission
[10:35:22] [INBOUND] Initial +2 stalkers, +1 mutants (remaining S=615 M=412)
[10:35:22] [MISSION] Andriy accepted ScoutPoi @ Kopachi (196 RU)
[10:35:22] [TASK] Andriy → AcceptMission [ScoutPoi] (goal=AcceptMission)
[10:35:22] [GOAL] Andriy achieved AcceptMission
[10:35:22] [COMBAT] Jake Shevchenko 'Viper' killed BlindDog using wpn_rg6
[10:35:23] [COMBAT] Pavel Bondarenko 'Viper' killed Snork using wpn_mp5
[10:35:23] [COMBAT] Andriy Petrov 'Spark' killed Poltergeist using wpn_vintorez
[10:35:23] [INBOUND] Initial +2 stalkers, +2 mutants (remaining S=613 M=410)
[10:35:23] [MISSION] Igor accepted ScoutPoi @ Truck Cemetery (210 RU)
[10:35:23] [TASK] Igor → AcceptMission [ScoutPoi] (goal=AcceptMission)
[10:35:23] [GOAL] Igor achieved AcceptMission
[10:35:24] [INBOUND] Initial +2 stalkers, +1 mutants (remaining S=611 M=409)
[10:35:24] [MISSION] Mykola accepted ScoutPoi @ Generators (230 RU)
[10:35:24] [TASK] Mykola → AcceptMission [ScoutPoi] (goal=AcceptMission)
[10:35:24] [GOAL] Mykola achieved AcceptMission
[10:35:24] [COMBAT] Andriy Bondarenko 'Razor' killed Poltergeist using wpn_pm
[10:35:24] [COMBAT] Giorgi Kovalenko 'Phantom' killed BlindDog using wpn_pkm
[10:35:25] [COMBAT] Connor Bondarenko 'Fox' killed Pseudodog using wpn_l96a1
[10:35:25] [INBOUND] Initial +3 stalkers, +2 mutants (remaining S=608 M=407)
[10:35:25] [MISSION] Alexei accepted ScoutPoi @ Chernobyl Town (200 RU)
[10:35:25] [TASK] Alexei → AcceptMission [ScoutPoi] (goal=AcceptMission)
[10:35:25] [GOAL] Alexei achieved AcceptMission
[10:35:26] [RANK] Nodar Kovalenko 'Bone' → Veteran
[10:35:26] [COMBAT] Nodar Kovalenko 'Bone' killed Bloodsucker using wpn_fn2000
[10:35:26] [COMBAT] Bohdan Petrov 'Bullet' killed Bloodsucker using wpn_aksu
[10:35:27] [INBOUND] Initial +2 stalkers, +1 mutants (remaining S=606 M=406)
[10:35:27] [COMBAT] Mykola Petrenko 'Phantom' killed BlindDog using wpn_gauss
[10:35:27] [COMBAT] Pierre Ivanov 'Scar' killed Burer using wpn_mp5
[10:35:27] [COMBAT] Taras Ivanov 'Bullet' killed Chimera using wpn_pkm
[10:35:28] [COMBAT] Serhiy Kovalenko 'Spark' killed Snork using wpn_ak74
[10:35:28] [INBOUND] Initial +2 stalkers, +1 mutants (remaining S=604 M=405)
[10:35:28] [MISSION] Bohdan accepted ScoutPoi @ Deserted Hospital (200 RU)
[10:35:28] [TASK] Bohdan → AcceptMission [ScoutPoi] (goal=AcceptMission)
[10:35:28] [GOAL] Bohdan achieved AcceptMission
[10:35:29] [COMBAT] Serhiy Petrov 'Badger' killed Pseudodog using wpn_ak74
[10:35:29] [INBOUND] Initial +2 stalkers, +2 mutants (remaining S=602 M=403)
[10:35:29] [CORPSE] Despawned 22 bodies (lifetime=258)
[10:35:29] [MISSION] Igor accepted ScoutPoi @ Rostok (190 RU)
[10:35:29] [TASK] Igor → AcceptMission [ScoutPoi] (goal=AcceptMission)
[10:35:29] [GOAL] Igor achieved AcceptMission
[10:35:29] [COMBAT] Pavel Sokolov 'Wolf' killed BlindDog using wpn_pkm
[10:35:30] [INBOUND] Initial +2 stalkers, +1 mutants (remaining S=600 M=402)
[10:35:31] [COMBAT] Zura Popov 'Ghost' killed Flesh using wpn_ak74m
[10:35:32] [INBOUND] Initial +2 stalkers, +1 mutants (remaining S=598 M=401)
[10:35:32] [MISSION] Frank accepted ScoutPoi @ Buriakivka Waste Site (160 RU)
[10:35:32] [TASK] Frank → AcceptMission [ScoutPoi] (goal=AcceptMission)
[10:35:32] [GOAL] Frank achieved AcceptMission
[10:35:32] [COMBAT] Dmytro Shevchenko 'Jackal' killed Bloodsucker using wpn_fn2000
[10:35:32] [COMBAT] Pavel Sokolov 'Stitch' killed Boar using wpn_pkm
[10:35:33] [INBOUND] Initial +2 stalkers, +2 mutants (remaining S=596 M=399)
[10:35:33] [MISSION] Yuriy accepted ScoutPoi @ Deserted Hospital (200 RU)
[10:35:33] [TASK] Yuriy → AcceptMission [ScoutPoi] (goal=AcceptMission)
[10:35:33] [GOAL] Yuriy achieved AcceptMission
[10:35:33] [COMBAT] Bohdan Kovalenko 'Spark' killed Taras Kovalenko 'Razor' using wpn_vintorez
[10:35:34] [COMBAT] Bohdan Volkov 'Bullet' killed Pseudogiant using wpn_vintorez
[10:35:34] [COMBAT] Viktor Sokolov 'Bone' killed Fracture using wpn_gauss
[10:35:34] [INBOUND] Initial +2 stalkers, +1 mutants (remaining S=594 M=398)
[10:35:34] [MISSION] Igor accepted ScoutPoi @ Generators (230 RU)
[10:35:34] [TASK] Igor → AcceptMission [ScoutPoi] (goal=AcceptMission)
[10:35:34] [GOAL] Igor achieved AcceptMission
[10:35:34] [COMBAT] Igor Petrenko 'Ash' killed Poltergeist using wpn_ak74
[10:35:35] [COMBAT] Nikolai Volkov 'Fox' killed Vasyl Bondarenko 'Wolf' using wpn_pm
[10:35:35] [GEAR] Nikolai looted [wpn_pkm, out_specops_outfit, helm_helm_ppm88] via combat
[10:35:35] [INBOUND] Initial +2 stalkers, +2 mutants (remaining S=592 M=396)
[10:35:35] [MISSION] Oleg accepted ScoutPoi @ Chernobyl Town (200 RU)
[10:35:35] [TASK] Oleg → AcceptMission [ScoutPoi] (goal=AcceptMission)
[10:35:35] [GOAL] Oleg achieved AcceptMission
[10:35:36] [COMBAT] Mikhail Bondarenko 'Spark' killed Pseudodog using wpn_fn2000
[10:35:37] [INBOUND] Initial +2 stalkers, +1 mutants (remaining S=590 M=395)
[10:35:37] [MISSION] Taras accepted ScoutPoi @ Army Warehouses (230 RU)
[10:35:37] [TASK] Taras → AcceptMission [ScoutPoi] (goal=AcceptMission)
[10:35:37] [GOAL] Taras achieved AcceptMission
[10:35:37] [MISSION] Ivan accepted ScoutPoi @ Sarcophagus (184 RU)
[10:35:37] [TASK] Ivan → AcceptMission [ScoutPoi] (goal=AcceptMission)
[10:35:37] [GOAL] Ivan achieved AcceptMission
[10:35:38] [INBOUND] Initial +2 stalkers, +1 mutants (remaining S=588 M=394)
[10:35:38] [MISSION] Dmitri accepted ScoutPoi @ Yantar (236 RU)
[10:35:38] [TASK] Dmitri → AcceptMission [ScoutPoi] (goal=AcceptMission)
[10:35:38] [GOAL] Dmitri achieved AcceptMission
[10:35:38] [COMBAT] Andrei Bondarenko 'Jackal' killed Snork using wpn_gauss
[10:35:39] [INBOUND] Initial +2 stalkers, +2 mutants (remaining S=586 M=392)
[10:35:39] [MISSION] Andrei accepted ScoutPoi @ Dark Valley (168 RU)
[10:35:39] [TASK] Andrei → AcceptMission [ScoutPoi] (goal=AcceptMission)
[10:35:39] [GOAL] Andrei achieved AcceptMission
[10:35:40] [INBOUND] Initial +2 stalkers, +1 mutants (remaining S=584 M=391)
[10:35:40] [MISSION] Heinrich accepted ScoutPoi @ Dead City (Chernobyl-2 Settlement) (190 RU)
[10:35:40] [TASK] Heinrich → AcceptMission [ScoutPoi] (goal=AcceptMission)
[10:35:40] [GOAL] Heinrich achieved AcceptMission
[10:35:41] [COMBAT] Giorgi Kovalenko 'Phantom' killed Lurker using wpn_pkm
[10:35:41] [COMBAT] Mykola Melnyk 'Scar' killed Lurker using wpn_pkm
[10:35:41] [COMBAT] Timur Petrov 'Badger' killed Lurker using wpn_rg6
[10:35:42] [INBOUND] Initial +3 stalkers, +2 mutants (remaining S=581 M=389)
[10:35:42] [CORPSE] Despawned 23 bodies (lifetime=281)
[10:35:43] [INBOUND] Initial +2 stalkers, +1 mutants (remaining S=579 M=388)
[10:35:43] [RANK] Pavel Sokolov 'Stitch' → Experienced
[10:35:43] [COMBAT] Pavel Sokolov 'Stitch' killed Pseudodog using wpn_pkm
[10:35:43] [COMBAT] Oleg Sokolov 'Phantom' killed Andrei Popov 'Jackal' using wpn_vintorez
[10:35:44] [INBOUND] Initial +2 stalkers, +1 mutants (remaining S=577 M=387)
[10:35:44] [SNAPSHOT] real=9.2min game=D0 00:22 alive S=270 M=208 corpses=873 lootable=438 gammaGear out=122 helm=236 avgRU=947 leaderGoals trade=0 mission=74 emission=Dormant nextIn=82gmin desperate=1 hungry=0 interval deaths=32 combats=65 tasks=21 gearLoot=2 gearBuy=0 missions=21 corpseDespawn=59 trickleSpawns=0 ranks=[Rookie:233,Trainee:11,Experienced:11,Professional:13,Veteran:2] goals=[CompleteMission::73,Idle:71,Traveling:9,AcceptMission::1] leaders: Ivan[Rookie/Idle], Heinrich[Rookie/CompleteMission:], Dmitri[Rookie/CompleteMission:], Taras[Rookie/CompleteMission:], Ivan[Rookie/CompleteMission:]
[10:35:44] [MISSION] Heinrich accepted ScoutPoi @ Dead City (Chernobyl-2 Settlement) (190 RU)
[10:35:44] [TASK] Heinrich → AcceptMission [ScoutPoi] (goal=AcceptMission)
[10:35:44] [GOAL] Heinrich achieved AcceptMission
[10:35:44] [COMBAT] Andriy Bondarenko 'Razor' killed Fracture using wpn_pm
[10:35:45] [INBOUND] Initial +2 stalkers, +2 mutants (remaining S=575 M=385)
[10:35:45] [MISSION] Mykola accepted ScoutPoi @ Sarcophagus (184 RU)
[10:35:45] [TASK] Mykola → AcceptMission [ScoutPoi] (goal=AcceptMission)
[10:35:45] [GOAL] Mykola achieved AcceptMission
[10:35:45] [COMBAT] Pierre Ivanov 'Scar' killed Fracture using wpn_mp5
[10:35:46] [COMBAT] Andriy Petrov 'Spark' killed Nodar Ivanov 'Stitch' using wpn_vintorez
[10:35:46] [COMBAT] Nikolai Melnyk 'Viper' killed Rat using wpn_ak74
[10:35:47] [INBOUND] Initial +2 stalkers, +1 mutants (remaining S=573 M=384)
[10:35:47] [COMBAT] Bohdan Popov 'Crow' killed Tushkano using wpn_pkm
[10:35:47] [COMBAT] Dmytro Kovalenko 'Phantom' killed Fracture using wpn_gauss
[10:35:48] [INBOUND] Initial +2 stalkers, +2 mutants (remaining S=571 M=382)
[10:35:48] [MISSION] Ivan accepted ScoutPoi @ Red Forest (196 RU)
[10:35:48] [TASK] Ivan → AcceptMission [ScoutPoi] (goal=AcceptMission)
[10:35:48] [GOAL] Ivan achieved AcceptMission
[10:35:48] [COMBAT] Lars Bondarenko 'Ghost' killed Dog using wpn_m4a1
[10:35:48] [COMBAT] Sergei Bondarenko 'Phantom' killed Snork using wpn_sg550
[10:35:48] [COMBAT] Pavel Volkov 'Phantom' killed Rat using wpn_gauss
[10:35:49] [COMBAT] Nikolai Volkov 'Fox' killed Dmitri Volkov 'Scar' using wpn_pkm
[10:35:49] [GEAR] Nikolai looted [wpn_fort12, helm_helm_ach7] via combat
[10:35:49] [INBOUND] Initial +2 stalkers, +1 mutants (remaining S=569 M=381)
[10:35:49] [MISSION] Oleg accepted ScoutPoi @ Dark Valley (168 RU)
[10:35:49] [TASK] Oleg → AcceptMission [ScoutPoi] (goal=AcceptMission)
[10:35:49] [GOAL] Oleg achieved AcceptMission
[10:35:49] [COMBAT] Andriy Volkov 'Scar' killed BlindDog using wpn_mp5
[10:35:50] [RANK] Mykola Melnyk 'Badger' → Professional
[10:35:50] [COMBAT] Andriy Ivanov 'Scar' killed PsyDog using wpn_mp5
[10:35:50] [COMBAT] Yuriy Petrov 'Scar' killed Pseudodog using wpn_pm
[10:35:50] [INBOUND] Initial +2 stalkers, +1 mutants (remaining S=567 M=380)
[10:35:50] [MISSION] Oleksiy accepted ScoutPoi @ Deserted Hospital (200 RU)
[10:35:50] [TASK] Oleksiy → AcceptMission [ScoutPoi] (goal=AcceptMission)
[10:35:50] [GOAL] Oleksiy achieved AcceptMission
[10:35:51] [COMBAT] Andriy Kovalenko 'Bone' killed Flesh using wpn_toz34
[10:35:51] [COMBAT] Sean Petrenko 'Razor' killed Snork using wpn_mp5
[10:35:51] [RANK] Igor Petrenko 'Ash' → Experienced
[10:35:51] [COMBAT] Igor Petrenko 'Ash' killed Mikhail Petrenko 'Spark' using wpn_ak74
[10:35:51] [GEAR] Igor looted [wpn_g36, wpn_desert_eagle, arm_freedom, helm_exo] via combat
[10:35:52] [INBOUND] Initial +2 stalkers, +2 mutants (remaining S=565 M=378)
[10:35:53] [INBOUND] Initial +2 stalkers, +1 mutants (remaining S=563 M=377)
[10:35:53] [MISSION] Viktor accepted ScoutPoi @ Buriakivka Waste Site (160 RU)
[10:35:53] [TASK] Viktor → AcceptMission [ScoutPoi] (goal=AcceptMission)
[10:35:53] [GOAL] Viktor achieved AcceptMission
[10:35:53] [COMBAT] Bohdan Ivanov 'Razor' killed Taras Popov 'Scar' using wpn_pkm
[10:35:53] [COMBAT] Oleg Shevchenko 'Spark' killed PsyDog using wpn_toz34
[10:35:54] [INBOUND] Initial +2 stalkers, +1 mutants (remaining S=561 M=376)
[10:35:54] [CORPSE] Despawned 20 bodies (lifetime=301)
[10:35:54] [MISSION] Viktor accepted ScoutPoi @ Red Forest (196 RU)
[10:35:54] [TASK] Viktor → AcceptMission [ScoutPoi] (goal=AcceptMission)
[10:35:54] [GOAL] Viktor achieved AcceptMission
[10:35:55] [INBOUND] Initial +2 stalkers, +2 mutants (remaining S=559 M=374)
[10:35:55] [MISSION] Serhiy accepted ScoutPoi @ Red Forest (196 RU)
[10:35:55] [TASK] Serhiy → AcceptMission [ScoutPoi] (goal=AcceptMission)
[10:35:55] [GOAL] Serhiy achieved AcceptMission
[10:35:55] [COMBAT] Andrei Kovalenko 'Phantom' killed Tobias Bondarenko 'Spark' using wpn_ak74m
[10:35:55] [GEAR] Andrei looted [wpn_fn2000, helm_helm_metro] via combat
[10:35:55] [COMBAT] Bohdan Petrov 'Phantom' killed Pseudogiant using wpn_gauss
[10:35:56] [COMBAT] Pavel Sokolov 'Spark' killed Andrei Popov 'Badger' using wpn_gauss
[10:35:57] [INBOUND] Initial +2 stalkers, +1 mutants (remaining S=557 M=373)
[10:35:57] [COMBAT] Sergei Shevchenko 'Wolf' killed Rat using wpn_ak74
[10:35:57] [MISSION] Vasyl accepted ScoutPoi @ Meadow (164 RU)
[10:35:57] [TASK] Vasyl → AcceptMission [ScoutPoi] (goal=AcceptMission)
[10:35:57] [GOAL] Vasyl achieved AcceptMission
[10:35:57] [COMBAT] Igor Popov 'Razor' killed Pseudogiant using wpn_vintorez
[10:35:58] [INBOUND] Initial +2 stalkers, +2 mutants (remaining S=555 M=371)
[10:35:58] [MISSION] Oleksiy accepted ScoutPoi @ Agroprom (184 RU)
[10:35:58] [TASK] Oleksiy → AcceptMission [ScoutPoi] (goal=AcceptMission)
[10:35:58] [GOAL] Oleksiy achieved AcceptMission
[10:35:58] [COMBAT] Zura Popov 'Ghost' killed Snork using wpn_ak74m
[10:35:59] [INBOUND] Initial +3 stalkers, +1 mutants (remaining S=552 M=370)
[10:36:00] [COMBAT] Mykola Petrenko 'Bullet' killed Snork using wpn_fn2000
[10:36:00] [COMBAT] Alibek Volkov 'Ghost' killed Poltergeist using wpn_fn2000
[10:36:00] [COMBAT] Dmitri Sokolov 'Ghost' killed PsyDog using wpn_ak74
[10:36:00] [INBOUND] Initial +2 stalkers, +1 mutants (remaining S=550 M=369)
[10:36:00] [COMBAT] Oleksiy Popov 'Spark' killed Flesh using wpn_val
[10:36:01] [RANK] Mikhail Shevchenko 'Badger' → Experienced
[10:36:01] [COMBAT] Mikhail Shevchenko 'Badger' killed Bloodsucker using wpn_rg6
[10:36:02] [INBOUND] Initial +2 stalkers, +2 mutants (remaining S=548 M=367)
[10:36:03] [INBOUND] Initial +2 stalkers, +1 mutants (remaining S=546 M=366)
[10:36:03] [MISSION] Pavel accepted ScoutPoi @ Buriakivka Waste Site (160 RU)
[10:36:03] [TASK] Pavel → AcceptMission [ScoutPoi] (goal=AcceptMission)
[10:36:03] [GOAL] Pavel achieved AcceptMission
[10:36:04] [COMBAT] Nikolai Melnyk 'Viper' killed Dog using wpn_ak74
[10:36:04] [COMBAT] Sergei Bondarenko 'Mole' killed Vasyl Popov 'Raven' using wpn_pm
[10:36:04] [GEAR] Sergei looted [wpn_fn2000, out_monolith_proto_exo_outfit, helm_helm_battle] via combat
[10:36:04] [INBOUND] Initial +2 stalkers, +2 mutants (remaining S=544 M=364)
[10:36:04] [MISSION] Ivan accepted ScoutPoi @ Sarcophagus (184 RU)
[10:36:04] [TASK] Ivan → AcceptMission [ScoutPoi] (goal=AcceptMission)
[10:36:04] [GOAL] Ivan achieved AcceptMission
[10:36:05] [RANK] Oleksiy Popov 'Badger' → Trainee
[10:36:05] [COMBAT] Oleksiy Popov 'Badger' killed Flesh using wpn_ak74
[10:36:05] [COMBAT] Bohdan Sokolov 'Phantom' killed Poltergeist using wpn_gauss
[10:36:05] [INBOUND] Initial +2 stalkers, +1 mutants (remaining S=542 M=363)
[10:36:06] [COMBAT] Dmytro Kovalenko 'Scar' killed Bloodsucker using wpn_pkm
[10:36:07] [INBOUND] Initial +2 stalkers, +1 mutants (remaining S=540 M=362)
[10:36:07] [CORPSE] Despawned 20 bodies (lifetime=321)
[10:36:07] [MISSION] Taras accepted ScoutPoi @ Red Forest (196 RU)
[10:36:07] [TASK] Taras → AcceptMission [ScoutPoi] (goal=AcceptMission)
[10:36:07] [GOAL] Taras achieved AcceptMission
[10:36:08] [COMBAT] Damir Volkov 'Shadow' killed Pavel Kovalenko 'Bone' using wpn_pkm
[10:36:08] [GEAR] Damir looted [helm_helm_hardhat] via combat
[10:36:08] [INBOUND] Initial +2 stalkers, +2 mutants (remaining S=538 M=360)
[10:36:08] [MISSION] Oleksiy accepted ScoutPoi @ Cordon (160 RU)
[10:36:08] [TASK] Oleksiy → AcceptMission [ScoutPoi] (goal=AcceptMission)
[10:36:08] [GOAL] Oleksiy achieved AcceptMission
[10:36:08] [COMBAT] Dmytro Petrov 'Mole' killed Dog using wpn_fn2000
[10:36:09] [COMBAT] Mikhail Bondarenko 'Spark' killed Mykola Volkov 'Crow' using wpn_fn2000
[10:36:09] [GEAR] Mikhail looted [helm_helm_spartan] via combat
[10:36:10] [INBOUND] Initial +2 stalkers, +1 mutants (remaining S=536 M=359)
[10:36:10] [MISSION] Andrei accepted ScoutPoi @ Truck Cemetery (210 RU)
[10:36:10] [TASK] Andrei → AcceptMission [ScoutPoi] (goal=AcceptMission)
[10:36:10] [GOAL] Andrei achieved AcceptMission
[10:36:11] [INBOUND] Initial +2 stalkers, +2 mutants (remaining S=534 M=357)
[10:36:11] [MISSION] Frank accepted ScoutPoi @ Buriakivka Waste Site (160 RU)
[10:36:11] [TASK] Frank → AcceptMission [ScoutPoi] (goal=AcceptMission)
[10:36:11] [GOAL] Frank achieved AcceptMission
[10:36:12] [INBOUND] Initial +2 stalkers, +1 mutants (remaining S=532 M=356)
[10:36:12] [MISSION] Mykola accepted ScoutPoi @ Jupiter (Pripyat Industrial) (236 RU)
[10:36:12] [TASK] Mykola → AcceptMission [ScoutPoi] (goal=AcceptMission)
[10:36:12] [GOAL] Mykola achieved AcceptMission
[10:36:12] [COMBAT] Lars Bondarenko 'Ghost' killed Flesh using wpn_m4a1
[10:36:14] [INBOUND] Initial +2 stalkers, +1 mutants (remaining S=530 M=355)
[10:36:14] [MISSION] Yuriy accepted ScoutPoi @ Zalissya (184 RU)
[10:36:14] [TASK] Yuriy → AcceptMission [ScoutPoi] (goal=AcceptMission)
[10:36:14] [GOAL] Yuriy achieved AcceptMission
[10:36:14] [COMBAT] Mykola Bondarenko 'Bone' killed Mykola Ivanov 'Raven' using wpn_aksu
[10:36:14] [GEAR] Mykola looted [wpn_gauss, helm_helm_metro] via combat
[10:36:15] [INBOUND] Initial +2 stalkers, +2 mutants (remaining S=528 M=353)
[10:36:15] [SNAPSHOT] real=9.7min game=D0 00:23 alive S=283 M=213 corpses=898 lootable=442 gammaGear out=134 helm=245 avgRU=927 leaderGoals trade=0 mission=81 emission=Dormant nextIn=81gmin desperate=1 hungry=0 interval deaths=36 combats=65 tasks=18 gearLoot=7 gearBuy=0 missions=18 corpseDespawn=40 trickleSpawns=0 ranks=[Rookie:247,Trainee:10,Experienced:13,Professional:12,Veteran:1] goals=[CompleteMission::80,Idle:76,Traveling:3,AcceptMission::1] leaders: Frank[Rookie/CompleteMission:], Andrei[Rookie/CompleteMission:], Pavel[Rookie/CompleteMission:], Serhiy[Rookie/Idle], Yuriy[Rookie/Idle]
[10:36:15] [MISSION] Nikolai accepted ScoutPoi @ Meadow (164 RU)
[10:36:15] [TASK] Nikolai → AcceptMission [ScoutPoi] (goal=AcceptMission)
[10:36:15] [GOAL] Nikolai achieved AcceptMission
[10:36:15] [COMBAT] Mykola Petrenko 'Phantom' killed BlindDog using wpn_gauss
[10:36:16] [INBOUND] Initial +3 stalkers, +1 mutants (remaining S=525 M=352)
[10:36:16] [COMBAT] Bohdan Melnyk 'Badger' killed Lurker using wpn_pkm
[10:36:16] [MISSION] Vasyl accepted ScoutPoi @ Meadow (164 RU)
[10:36:16] [TASK] Vasyl → AcceptMission [ScoutPoi] (goal=AcceptMission)
[10:36:16] [GOAL] Vasyl achieved AcceptMission
[10:36:17] [COMBAT] Oleg Shevchenko 'Spark' killed PsyDog using wpn_toz34
[10:36:18] [INBOUND] Initial +2 stalkers, +1 mutants (remaining S=523 M=351)
[10:36:18] [COMBAT] Vasyl Petrov 'Wolf' killed Dog using wpn_toz34
[10:36:19] [INBOUND] Initial +2 stalkers, +2 mutants (remaining S=521 M=349)
[10:36:19] [COMBAT] Serhiy Kovalenko 'Spark' killed Snork using wpn_ak74
[10:36:19] [MISSION] Alexei accepted ScoutPoi @ Truck Cemetery (210 RU)
[10:36:19] [TASK] Alexei → AcceptMission [ScoutPoi] (goal=AcceptMission)
[10:36:19] [GOAL] Alexei achieved AcceptMission
[10:36:19] [MISSION] Igor arrived for ScoutPoi @ Bandit Base (travel=502m, work=220s game)
[10:36:19] [COMBAT] Alibek Petrov 'Wolf' killed Burer using wpn_aek971
[10:36:20] [COMBAT] Frank Melnyk 'Ash' killed BlindDog using wpn_m4a1
[10:36:20] [INBOUND] Initial +2 stalkers, +1 mutants (remaining S=519 M=348)
[10:36:20] [CORPSE] Despawned 10 bodies (lifetime=331)
[10:36:20] [MISSION] Oleksiy accepted ScoutPoi @ Meadow (164 RU)
[10:36:20] [TASK] Oleksiy → AcceptMission [ScoutPoi] (goal=AcceptMission)
[10:36:20] [GOAL] Oleksiy achieved AcceptMission
[10:36:20] [TASK] Armen → FulfillMission [ScoutPoi] (goal=CompleteMission)
[10:36:20] [MISSION] Armen objective done ScoutPoi @ Abandoned Hut → return to Cordon
[10:36:20] [TASK] Dmitri → FulfillMission [ScoutPoi] (goal=CompleteMission)
[10:36:20] [MISSION] Dmitri objective done ScoutPoi @ Forgotten Shelter → return to Wild Territory
[10:36:20] [TASK] Frank → FulfillMission [ScoutPoi] (goal=CompleteMission)
[10:36:20] [MISSION] Frank objective done ScoutPoi @ Overgrown Hut → return to Buriakivka Waste Site
[10:36:20] [TASK] Andrei → FulfillMission [ScoutPoi] (goal=CompleteMission)
[10:36:20] [MISSION] Andrei objective done ScoutPoi @ Bandit Base → return to Truck Cemetery
[10:36:20] [TASK] Pavel → FulfillMission [ScoutPoi] (goal=CompleteMission)
[10:36:20] [MISSION] Pavel objective done ScoutPoi @ Overgrown Hut → return to Buriakivka Waste Site
[10:36:20] [TASK] Oleksiy → FulfillMission [ScoutPoi] (goal=CompleteMission)
[10:36:20] [MISSION] Oleksiy objective done ScoutPoi @ Mutant Den #1 near Rostok → return to Agroprom
[10:36:20] [TASK] Serhiy → FulfillMission [ScoutPoi] (goal=CompleteMission)
[10:36:20] [MISSION] Serhiy objective done ScoutPoi @ Hidden Hut → return to Red Forest
[10:36:20] [TASK] Viktor → FulfillMission [ScoutPoi] (goal=CompleteMission)
[10:36:20] [MISSION] Viktor objective done ScoutPoi @ Hidden Hut → return to Red Forest
[10:36:20] [TASK] Viktor → FulfillMission [ScoutPoi] (goal=CompleteMission)
[10:36:20] [MISSION] Viktor objective done ScoutPoi @ Overgrown Hut → return to Buriakivka Waste Site
[10:36:20] [TASK] Oleksiy → FulfillMission [ScoutPoi] (goal=CompleteMission)
[10:36:20] [MISSION] Oleksiy objective done ScoutPoi @ Makeshift Camp (Garbage-Agroprom) → return to Deserted Hospital
[10:36:20] [TASK] Dmitri → FulfillMission [ScoutPoi] (goal=CompleteMission)
[10:36:20] [MISSION] Dmitri objective done ScoutPoi @ Loot Crate (Rostok-Truck Ce) → return to Yantar
[10:36:20] [TASK] Ivan → FulfillMission [ScoutPoi] (goal=CompleteMission)
[10:36:20] [MISSION] Ivan objective done ScoutPoi @ Mutant Den #1 near Rostok → return to Sarcophagus
[10:36:20] [TASK] Oleg → FulfillMission [ScoutPoi] (goal=CompleteMission)
[10:36:20] [MISSION] Oleg objective done ScoutPoi @ Makeshift Outpost → return to Chernobyl Town
[10:36:20] [TASK] Igor → FulfillMission [ScoutPoi] (goal=CompleteMission)
[10:36:20] [MISSION] Igor objective done ScoutPoi @ Hidden Stash (Rostok-Wild Ter) → return to Generators
[10:36:20] [TASK] Yuriy → FulfillMission [ScoutPoi] (goal=CompleteMission)
[10:36:20] [MISSION] Yuriy objective done ScoutPoi @ Makeshift Camp (Garbage-Agroprom) → return to Deserted Hospital
[10:36:20] [TASK] Andriy → FulfillMission [ScoutPoi] (goal=CompleteMission)
[10:36:20] [MISSION] Andriy objective done ScoutPoi @ Arena → return to Zaton
[10:36:20] [TASK] Oleksiy → FulfillMission [ScoutPoi] (goal=CompleteMission)
[10:36:20] [MISSION] Oleksiy objective done ScoutPoi @ Mutant Den #1 near Rostok → return to Sarcophagus
[10:36:20] [TASK] Andrei → FulfillMission [ScoutPoi] (goal=CompleteMission)
[10:36:20] [MISSION] Andrei objective done ScoutPoi @ Sunken Stash → return to Rostok
[10:36:20] [TASK] Oleg → FulfillMission [ScoutPoi] (goal=CompleteMission)
[10:36:20] [MISSION] Oleg objective done ScoutPoi @ Duty Checkpoint → return to Limansk
[10:36:20] [TASK] Igor → FulfillMission [ScoutPoi] (goal=CompleteMission)
[10:36:20] [MISSION] Igor objective done ScoutPoi @ Derelict Stash → return to Garbage
[10:36:20] [TASK] Yuriy → FulfillMission [ScoutPoi] (goal=CompleteMission)
[10:36:20] [MISSION] Yuriy objective done ScoutPoi @ Mutant Den #1 near Rostok → return to Sarcophagus
[10:36:20] [TASK] Zura → FulfillMission [ScoutPoi] (goal=CompleteMission)
[10:36:20] [MISSION] Zura objective done ScoutPoi @ Makeshift Outpost → return to Chernobyl Town
[10:36:20] [TASK] Nikolai → FulfillMission [ScoutPoi] (goal=CompleteMission)
[10:36:20] [MISSION] Nikolai objective done ScoutPoi @ Windswept Cabin → return to Radar (Brain Scorcher)
[10:36:20] [TASK] Yuriy → FulfillMission [ScoutPoi] (goal=CompleteMission)
[10:36:20] [MISSION] Yuriy objective done ScoutPoi @ Ruined Garage → return to Kopachi
[10:36:20] [TASK] Mykola → FulfillMission [ScoutPoi] (goal=CompleteMission)
[10:36:20] [MISSION] Mykola objective done ScoutPoi @ Mutant Den #1 near Rostok → return to Sarcophagus
[10:36:20] [TASK] Ivan → FulfillMission [ScoutPoi] (goal=CompleteMission)
[10:36:20] [MISSION] Ivan objective done ScoutPoi @ Loot Crate (Rostok-Truck Ce) → return to Yantar
[10:36:20] [TASK] Pavel → FulfillMission [ScoutPoi] (goal=CompleteMission)
[10:36:20] [MISSION] Pavel objective done ScoutPoi @ Windswept Cabin → return to Radar (Brain Scorcher)
[10:36:20] [TASK] Sergei → FulfillMission [ScoutPoi] (goal=CompleteMission)
[10:36:20] [MISSION] Sergei objective done ScoutPoi @ Makeshift Outpost → return to Chernobyl Town
[10:36:20] [TASK] Mykola → FulfillMission [ScoutPoi] (goal=CompleteMission)
[10:36:20] [MISSION] Mykola objective done ScoutPoi @ Hidden Hut → return to Red Forest
[10:36:20] [TASK] Bohdan → FulfillMission [ScoutPoi] (goal=CompleteMission)
[10:36:20] [MISSION] Bohdan objective done ScoutPoi @ Ruined Garage → return to Kopachi
[10:36:20] [TASK] Bohdan → FulfillMission [ScoutPoi] (goal=CompleteMission)
[10:36:20] [MISSION] Bohdan objective done ScoutPoi @ Abandoned Bus → return to Meadow
[10:36:20] [TASK] Pavel → FulfillMission [ScoutPoi] (goal=CompleteMission)
[10:36:20] [MISSION] Pavel objective done ScoutPoi @ Hidden Hut → return to Red Forest
[10:36:20] [TASK] Bohdan → FulfillMission [ScoutPoi] (goal=CompleteMission)
[10:36:20] [MISSION] Bohdan objective done ScoutPoi @ Abandoned Hut → return to Cordon
[10:36:20] [TASK] Andriy → FulfillMission [ScoutPoi] (goal=CompleteMission)
[10:36:20] [MISSION] Andriy objective done ScoutPoi @ Forgotten Shelter → return to Wild Territory
[10:36:20] [TASK] Lasha → FulfillMission [ScoutPoi] (goal=CompleteMission)
[10:36:20] [MISSION] Lasha objective done ScoutPoi @ Makeshift Outpost → return to Chernobyl Town
[10:36:20] [TASK] Mykola → FulfillMission [ScoutPoi] (goal=CompleteMission)
[10:36:20] [MISSION] Mykola objective done ScoutPoi @ Ruined Garage → return to Kopachi
[10:36:22] [INBOUND] Initial +2 stalkers, +2 mutants (remaining S=517 M=346)
[10:36:22] [TASK] Frank → TurnInMission [ScoutPoi] (goal=CompleteMission)
[10:36:22] [MISSION] Frank turned in ScoutPoi @ Buriakivka Waste Site (+160 RU)
[10:36:22] [GOAL] Frank achieved CompleteMission
[10:36:22] [TASK] Serhiy → TurnInMission [ScoutPoi] (goal=CompleteMission)
[10:36:22] [MISSION] Serhiy turned in ScoutPoi @ Red Forest (+196 RU)
[10:36:22] [GOAL] Serhiy achieved CompleteMission
[10:36:22] [TASK] Viktor → TurnInMission [ScoutPoi] (goal=CompleteMission)
[10:36:22] [MISSION] Viktor turned in ScoutPoi @ Red Forest (+196 RU)
[10:36:22] [GOAL] Viktor achieved CompleteMission
[10:36:22] [TASK] Dmitri → TurnInMission [ScoutPoi] (goal=CompleteMission)
[10:36:22] [MISSION] Dmitri turned in ScoutPoi @ Yantar (+236 RU)
[10:36:22] [GOAL] Dmitri achieved CompleteMission
[10:36:22] [TASK] Oleg → TurnInMission [ScoutPoi] (goal=CompleteMission)
[10:36:22] [MISSION] Oleg turned in ScoutPoi @ Chernobyl Town (+200 RU)
[10:36:22] [GOAL] Oleg achieved CompleteMission
[10:36:22] [TASK] Igor → TurnInMission [ScoutPoi] (goal=CompleteMission)
[10:36:22] [MISSION] Igor turned in ScoutPoi @ Garbage (+196 RU)
[10:36:22] [GOAL] Igor achieved CompleteMission
[10:36:22] [TASK] Zura → TurnInMission [ScoutPoi] (goal=CompleteMission)
[10:36:22] [MISSION] Zura turned in ScoutPoi @ Chernobyl Town (+200 RU)
[10:36:22] [GOAL] Zura achieved CompleteMission
[10:36:22] [TASK] Nikolai → TurnInMission [ScoutPoi] (goal=CompleteMission)
[10:36:22] [MISSION] Nikolai turned in ScoutPoi @ Radar (Brain Scorcher) (+236 RU)
[10:36:22] [GOAL] Nikolai achieved CompleteMission
[10:36:22] [TASK] Yuriy → TurnInMission [ScoutPoi] (goal=CompleteMission)
[10:36:22] [MISSION] Yuriy turned in ScoutPoi @ Kopachi (+196 RU)
[10:36:22] [GOAL] Yuriy achieved CompleteMission
[10:36:22] [TASK] Ivan → TurnInMission [ScoutPoi] (goal=CompleteMission)
[10:36:22] [MISSION] Ivan turned in ScoutPoi @ Yantar (+236 RU)
[10:36:22] [GOAL] Ivan achieved CompleteMission
[10:36:22] [TASK] Pavel → TurnInMission [ScoutPoi] (goal=CompleteMission)
[10:36:22] [MISSION] Pavel turned in ScoutPoi @ Radar (Brain Scorcher) (+236 RU)
[10:36:22] [GOAL] Pavel achieved CompleteMission
[10:36:22] [TASK] Sergei → TurnInMission [ScoutPoi] (goal=CompleteMission)
[10:36:22] [MISSION] Sergei turned in ScoutPoi @ Chernobyl Town (+200 RU)
[10:36:22] [GOAL] Sergei achieved CompleteMission
[10:36:22] [TASK] Mykola → TurnInMission [ScoutPoi] (goal=CompleteMission)
[10:36:22] [MISSION] Mykola turned in ScoutPoi @ Red Forest (+196 RU)
[10:36:22] [GOAL] Mykola achieved CompleteMission
[10:36:22] [TASK] Bohdan → TurnInMission [ScoutPoi] (goal=CompleteMission)
[10:36:22] [MISSION] Bohdan turned in ScoutPoi @ Kopachi (+196 RU)
[10:36:22] [GOAL] Bohdan achieved CompleteMission
[10:36:22] [TASK] Bohdan → TurnInMission [ScoutPoi] (goal=CompleteMission)
[10:36:22] [MISSION] Bohdan turned in ScoutPoi @ Meadow (+164 RU)
[10:36:22] [GOAL] Bohdan achieved CompleteMission
[10:36:22] [TASK] Pavel → TurnInMission [ScoutPoi] (goal=CompleteMission)
[10:36:22] [MISSION] Pavel turned in ScoutPoi @ Red Forest (+196 RU)
[10:36:22] [GOAL] Pavel achieved CompleteMission
[10:36:22] [TASK] Bohdan → TurnInMission [ScoutPoi] (goal=CompleteMission)
[10:36:22] [MISSION] Bohdan turned in ScoutPoi @ Cordon (+160 RU)
[10:36:22] [GOAL] Bohdan achieved CompleteMission
[10:36:22] [TASK] Andriy → TurnInMission [ScoutPoi] (goal=CompleteMission)
[10:36:22] [MISSION] Andriy turned in ScoutPoi @ Wild Territory (+164 RU)
[10:36:22] [GOAL] Andriy achieved CompleteMission
[10:36:22] [TASK] Lasha → TurnInMission [ScoutPoi] (goal=CompleteMission)
[10:36:22] [MISSION] Lasha turned in ScoutPoi @ Chernobyl Town (+200 RU)
[10:36:22] [GOAL] Lasha achieved CompleteMission
[10:36:22] [TASK] Mykola → TurnInMission [ScoutPoi] (goal=CompleteMission)
[10:36:22] [MISSION] Mykola turned in ScoutPoi @ Kopachi (+196 RU)
[10:36:22] [GOAL] Mykola achieved CompleteMission
[10:36:22] [MISSION] Sean accepted ScoutPoi @ Dead City (Chernobyl-2 Settlement) (190 RU)
[10:36:22] [TASK] Sean → AcceptMission [ScoutPoi] (goal=AcceptMission)
[10:36:22] [GOAL] Sean achieved AcceptMission
[10:36:22] [TASK] Armen → TurnInMission [ScoutPoi] (goal=CompleteMission)
[10:36:22] [MISSION] Armen turned in ScoutPoi @ Cordon (+160 RU)
[10:36:22] [GOAL] Armen achieved CompleteMission
[10:36:22] [TASK] Dmitri → TurnInMission [ScoutPoi] (goal=CompleteMission)
[10:36:22] [MISSION] Dmitri turned in ScoutPoi @ Wild Territory (+164 RU)
[10:36:22] [GOAL] Dmitri achieved CompleteMission
[10:36:22] [MISSION] Frank accepted ScoutPoi @ Buriakivka Waste Site (160 RU)
[10:36:22] [TASK] Frank → AcceptMission [ScoutPoi] (goal=AcceptMission)
[10:36:22] [GOAL] Frank achieved AcceptMission
[10:36:22] [MISSION] Serhiy accepted ScoutPoi @ Red Forest (196 RU)
[10:36:22] [TASK] Serhiy → AcceptMission [ScoutPoi] (goal=AcceptMission)
[10:36:22] [GOAL] Serhiy achieved AcceptMission
[10:36:22] [MISSION] Viktor accepted ScoutPoi @ Red Forest (196 RU)
[10:36:22] [TASK] Viktor → AcceptMission [ScoutPoi] (goal=AcceptMission)
[10:36:22] [GOAL] Viktor achieved AcceptMission
[10:36:22] [MISSION] Dmitri accepted ScoutPoi @ Yantar (236 RU)
[10:36:22] [TASK] Dmitri → AcceptMission [ScoutPoi] (goal=AcceptMission)
[10:36:22] [GOAL] Dmitri achieved AcceptMission
[10:36:22] [MISSION] Oleg accepted ScoutPoi @ Chernobyl Town (200 RU)
[10:36:22] [TASK] Oleg → AcceptMission [ScoutPoi] (goal=AcceptMission)
[10:36:22] [GOAL] Oleg achieved AcceptMission
[10:36:22] [MISSION] Igor accepted ScoutPoi @ Garbage (196 RU)
[10:36:22] [TASK] Igor → AcceptMission [ScoutPoi] (goal=AcceptMission)
[10:36:22] [GOAL] Igor achieved AcceptMission
[10:36:22] [MISSION] Zura accepted ScoutPoi @ Chernobyl Town (200 RU)
[10:36:22] [TASK] Zura → AcceptMission [ScoutPoi] (goal=AcceptMission)
[10:36:22] [GOAL] Zura achieved AcceptMission
[10:36:22] [MISSION] Nikolai accepted ScoutPoi @ Radar (Brain Scorcher) (236 RU)
[10:36:22] [TASK] Nikolai → AcceptMission [ScoutPoi] (goal=AcceptMission)
[10:36:22] [GOAL] Nikolai achieved AcceptMission
[10:36:22] [MISSION] Yuriy accepted ScoutPoi @ Kopachi (196 RU)
[10:36:22] [TASK] Yuriy → AcceptMission [ScoutPoi] (goal=AcceptMission)
[10:36:22] [GOAL] Yuriy achieved AcceptMission
[10:36:22] [MISSION] Ivan accepted ScoutPoi @ Yantar (236 RU)
[10:36:22] [TASK] Ivan → AcceptMission [ScoutPoi] (goal=AcceptMission)
[10:36:22] [GOAL] Ivan achieved AcceptMission
[10:36:22] [MISSION] Pavel accepted ScoutPoi @ Radar (Brain Scorcher) (236 RU)
[10:36:22] [TASK] Pavel → AcceptMission [ScoutPoi] (goal=AcceptMission)
[10:36:22] [GOAL] Pavel achieved AcceptMission
[10:36:22] [MISSION] Sergei accepted ScoutPoi @ Chernobyl Town (200 RU)
[10:36:22] [TASK] Sergei → AcceptMission [ScoutPoi] (goal=AcceptMission)
[10:36:22] [GOAL] Sergei achieved AcceptMission
[10:36:22] [MISSION] Mykola accepted ScoutPoi @ Red Forest (196 RU)
[10:36:22] [TASK] Mykola → AcceptMission [ScoutPoi] (goal=AcceptMission)
[10:36:22] [GOAL] Mykola achieved AcceptMission
[10:36:22] [MISSION] Bohdan accepted ScoutPoi @ Kopachi (196 RU)
[10:36:22] [TASK] Bohdan → AcceptMission [ScoutPoi] (goal=AcceptMission)
[10:36:22] [GOAL] Bohdan achieved AcceptMission
[10:36:22] [MISSION] Bohdan accepted ScoutPoi @ Meadow (164 RU)
[10:36:22] [TASK] Bohdan → AcceptMission [ScoutPoi] (goal=AcceptMission)
[10:36:22] [GOAL] Bohdan achieved AcceptMission
[10:36:22] [MISSION] Pavel accepted ScoutPoi @ Red Forest (196 RU)
[10:36:22] [TASK] Pavel → AcceptMission [ScoutPoi] (goal=AcceptMission)
[10:36:22] [GOAL] Pavel achieved AcceptMission
[10:36:22] [MISSION] Bohdan accepted ScoutPoi @ Cordon (160 RU)
[10:36:22] [TASK] Bohdan → AcceptMission [ScoutPoi] (goal=AcceptMission)
[10:36:22] [GOAL] Bohdan achieved AcceptMission
[10:36:22] [MISSION] Andriy accepted ScoutPoi @ Wild Territory (164 RU)
[10:36:22] [TASK] Andriy → AcceptMission [ScoutPoi] (goal=AcceptMission)
[10:36:22] [GOAL] Andriy achieved AcceptMission
[10:36:22] [MISSION] Lasha accepted ScoutPoi @ Chernobyl Town (200 RU)
[10:36:22] [TASK] Lasha → AcceptMission [ScoutPoi] (goal=AcceptMission)
[10:36:22] [GOAL] Lasha achieved AcceptMission
[10:36:22] [MISSION] Mykola accepted ScoutPoi @ Kopachi (196 RU)
[10:36:22] [TASK] Mykola → AcceptMission [ScoutPoi] (goal=AcceptMission)
[10:36:22] [GOAL] Mykola achieved AcceptMission
[10:36:22] [MISSION] Igor arrived for ScoutPoi @ Bandit Base (travel=502m, work=220s game)
[10:36:22] [MISSION] Armen accepted ScoutPoi @ Cordon (160 RU)
[10:36:22] [TASK] Armen → AcceptMission [ScoutPoi] (goal=AcceptMission)
[10:36:22] [GOAL] Armen achieved AcceptMission
[10:36:22] [MISSION] Dmitri accepted ScoutPoi @ Wild Territory (164 RU)
[10:36:22] [TASK] Dmitri → AcceptMission [ScoutPoi] (goal=AcceptMission)
[10:36:22] [GOAL] Dmitri achieved AcceptMission
[10:36:25] [COMBAT] Pavel Petrov 'Jackal' killed Flesh using wpn_sg550
[10:36:25] [COMBAT] Damir Melnyk 'Badger' killed Dog using wpn_ak74
[10:36:26] [INBOUND] Initial +2 stalkers, +1 mutants (remaining S=515 M=345)
[10:36:26] [MISSION] Viktor accepted ScoutPoi @ Dark Valley (168 RU)
[10:36:26] [TASK] Viktor → AcceptMission [ScoutPoi] (goal=AcceptMission)
[10:36:26] [GOAL] Viktor achieved AcceptMission
[10:36:26] [MISSION] Sergei accepted ScoutPoi @ Limansk (190 RU)
[10:36:26] [TASK] Sergei → AcceptMission [ScoutPoi] (goal=AcceptMission)
[10:36:26] [GOAL] Sergei achieved AcceptMission
[10:36:26] [MISSION] Igor arrived for ScoutPoi @ Bandit Base (travel=502m, work=220s game)
[10:36:26] [COMBAT] Marcus Melnyk 'Whisper' killed Giorgi Petrov 'Stitch' using wpn_m4a1
[10:36:26] [GEAR] Marcus looted [wpn_gauss, wpn_mp5, helm_helm_metro] via combat
[10:36:26] [COMBAT] Mikhail Petrov 'Raven' killed Poltergeist using wpn_toz34
[10:36:27] [RANK] Bohdan Kovalenko 'Crow' → Trainee
[10:36:27] [COMBAT] Bohdan Kovalenko 'Crow' killed BlindDog using wpn_val
[10:36:27] [INBOUND] Initial +2 stalkers, +1 mutants (remaining S=513 M=344)
[10:36:27] [TASK] Mikhail → FulfillMission [ScoutPoi] (goal=CompleteMission)
[10:36:27] [MISSION] Mikhail objective done ScoutPoi @ Hidden Hut → return to Red Forest
[10:36:27] [TASK] Andriy → FulfillMission [ScoutPoi] (goal=CompleteMission)
[10:36:27] [MISSION] Andriy objective done ScoutPoi @ Loot Crate (Rostok-Truck Ce) → return to Yantar
[10:36:27] [TASK] Zura → FulfillMission [ScoutPoi] (goal=CompleteMission)
[10:36:27] [MISSION] Zura objective done ScoutPoi @ Ruined Garage → return to Kopachi
[10:36:27] [TASK] Mykola → FulfillMission [ScoutPoi] (goal=CompleteMission)
[10:36:27] [MISSION] Mykola objective done ScoutPoi @ Forgotten Shelter → return to Wild Territory
[10:36:27] [TASK] Mikhail → FulfillMission [ScoutPoi] (goal=CompleteMission)
[10:36:27] [MISSION] Mikhail objective done ScoutPoi @ Windswept Cairn → return to Jupiter (Pripyat Industrial)
[10:36:27] [TASK] Taras → FulfillMission [ScoutPoi] (goal=CompleteMission)
[10:36:27] [MISSION] Taras objective done ScoutPoi @ Windswept Cabin → return to Radar (Brain Scorcher)
[10:36:27] [TASK] Sergei → FulfillMission [ScoutPoi] (goal=CompleteMission)
[10:36:27] [MISSION] Sergei objective done ScoutPoi @ Makeshift Outpost → return to Chernobyl Town
[10:36:27] [TASK] Dmytro → FulfillMission [ScoutPoi] (goal=CompleteMission)
[10:36:27] [MISSION] Dmytro objective done ScoutPoi @ Abandoned Hut → return to Cordon
[10:36:27] [TASK] Oleksiy → FulfillMission [ScoutPoi] (goal=CompleteMission)
[10:36:27] [MISSION] Oleksiy objective done ScoutPoi @ Hidden Hut → return to Red Forest
[10:36:27] [TASK] Alexei → FulfillMission [ScoutPoi] (goal=CompleteMission)
[10:36:27] [MISSION] Alexei objective done ScoutPoi @ Bandit Base → return to Truck Cemetery
[10:36:27] [TASK] Vasyl → FulfillMission [ScoutPoi] (goal=CompleteMission)
[10:36:27] [MISSION] Vasyl objective done ScoutPoi @ Abandoned Bus → return to Meadow
[10:36:27] [TASK] Vasyl → FulfillMission [ScoutPoi] (goal=CompleteMission)
[10:36:27] [MISSION] Vasyl objective done ScoutPoi @ Abandoned Bus → return to Meadow
[10:36:27] [TASK] Alexei → FulfillMission [ScoutPoi] (goal=CompleteMission)
[10:36:27] [MISSION] Alexei objective done ScoutPoi @ Makeshift Outpost → return to Chernobyl Town
[10:36:27] [TASK] Igor → FulfillMission [ScoutPoi] (goal=CompleteMission)
[10:36:27] [MISSION] Igor objective done ScoutPoi @ Bandit Base → return to Truck Cemetery
[10:36:27] [TASK] Andriy → FulfillMission [ScoutPoi] (goal=CompleteMission)
[10:36:27] [MISSION] Andriy objective done ScoutPoi @ Ruined Garage → return to Kopachi
[10:36:27] [TASK] Bohdan → FulfillMission [ScoutPoi] (goal=CompleteMission)
[10:36:27] [MISSION] Bohdan objective done ScoutPoi @ Hidden Hut → return to Red Forest
[10:36:27] [TASK] Pavel → FulfillMission [ScoutPoi] (goal=CompleteMission)
[10:36:27] [MISSION] Pavel objective done ScoutPoi @ Makeshift Outpost → return to Chernobyl Town
[10:36:27] [TASK] Pavel → FulfillMission [ScoutPoi] (goal=CompleteMission)
[10:36:27] [MISSION] Pavel objective done ScoutPoi @ Makeshift Outpost → return to Chernobyl Town
[10:36:27] [TASK] Dmitri → FulfillMission [ScoutPoi] (goal=CompleteMission)
[10:36:27] [MISSION] Dmitri objective done ScoutPoi @ Loot Crate (Rostok-Truck Ce) → return to Yantar
[10:36:27] [TASK] Taras → FulfillMission [ScoutPoi] (goal=CompleteMission)
[10:36:27] [MISSION] Taras objective done ScoutPoi @ Hidden Hut → return to Red Forest
[10:36:27] [TASK] Viktor → FulfillMission [ScoutPoi] (goal=CompleteMission)
[10:36:27] [MISSION] Viktor objective done ScoutPoi @ Abandoned Bus → return to Meadow
[10:36:27] [TASK] Bakhyt → FulfillMission [ScoutPoi] (goal=CompleteMission)
[10:36:27] [MISSION] Bakhyt objective done ScoutPoi @ Windswept Cabin → return to Radar (Brain Scorcher)
[10:36:27] [TASK] Mykola → FulfillMission [ScoutPoi] (goal=CompleteMission)
[10:36:27] [MISSION] Mykola objective done ScoutPoi @ Abandoned Bus → return to Meadow
[10:36:27] [TASK] Oleksiy → FulfillMission [ScoutPoi] (goal=CompleteMission)
[10:36:27] [MISSION] Oleksiy objective done ScoutPoi @ Ruined Garage → return to Kopachi
[10:36:27] [TASK] Armen → FulfillMission [ScoutPoi] (goal=CompleteMission)
[10:36:27] [MISSION] Armen objective done ScoutPoi @ Abandoned Hut → return to Cordon
[10:36:27] [TASK] Dmitri → FulfillMission [ScoutPoi] (goal=CompleteMission)
[10:36:27] [MISSION] Dmitri objective done ScoutPoi @ Forgotten Shelter → return to Wild Territory
[10:36:27] [TASK] Frank → FulfillMission [ScoutPoi] (goal=CompleteMission)
[10:36:27] [MISSION] Frank objective done ScoutPoi @ Overgrown Hut → return to Buriakivka Waste Site
[10:36:27] [TASK] Serhiy → FulfillMission [ScoutPoi] (goal=CompleteMission)
[10:36:27] [MISSION] Serhiy objective done ScoutPoi @ Hidden Hut → return to Red Forest
[10:36:27] [TASK] Viktor → FulfillMission [ScoutPoi] (goal=CompleteMission)
[10:36:27] [MISSION] Viktor objective done ScoutPoi @ Hidden Hut → return to Red Forest
[10:36:27] [TASK] Dmitri → FulfillMission [ScoutPoi] (goal=CompleteMission)
[10:36:27] [MISSION] Dmitri objective done ScoutPoi @ Loot Crate (Rostok-Truck Ce) → return to Yantar
[10:36:27] [TASK] Oleg → FulfillMission [ScoutPoi] (goal=CompleteMission)
[10:36:27] [MISSION] Oleg objective done ScoutPoi @ Makeshift Outpost → return to Chernobyl Town
[10:36:27] [TASK] Igor → FulfillMission [ScoutPoi] (goal=CompleteMission)
[10:36:27] [MISSION] Igor objective done ScoutPoi @ Derelict Stash → return to Garbage
[10:36:27] [TASK] Zura → FulfillMission [ScoutPoi] (goal=CompleteMission)
[10:36:27] [MISSION] Zura objective done ScoutPoi @ Makeshift Outpost → return to Chernobyl Town
[10:36:27] [TASK] Nikolai → FulfillMission [ScoutPoi] (goal=CompleteMission)
[10:36:27] [MISSION] Nikolai objective done ScoutPoi @ Windswept Cabin → return to Radar (Brain Scorcher)
[10:36:27] [TASK] Yuriy → FulfillMission [ScoutPoi] (goal=CompleteMission)
[10:36:27] [MISSION] Yuriy objective done ScoutPoi @ Ruined Garage → return to Kopachi
[10:36:27] [TASK] Ivan → FulfillMission [ScoutPoi] (goal=CompleteMission)
[10:36:27] [MISSION] Ivan objective done ScoutPoi @ Loot Crate (Rostok-Truck Ce) → return to Yantar
[10:36:27] [TASK] Pavel → FulfillMission [ScoutPoi] (goal=CompleteMission)
[10:36:27] [MISSION] Pavel objective done ScoutPoi @ Windswept Cabin → return to Radar (Brain Scorcher)
[10:36:27] [TASK] Sergei → FulfillMission [ScoutPoi] (goal=CompleteMission)
[10:36:27] [MISSION] Sergei objective done ScoutPoi @ Makeshift Outpost → return to Chernobyl Town
[10:36:27] [TASK] Mykola → FulfillMission [ScoutPoi] (goal=CompleteMission)
[10:36:27] [MISSION] Mykola objective done ScoutPoi @ Hidden Hut → return to Red Forest
[10:36:27] [TASK] Bohdan → FulfillMission [ScoutPoi] (goal=CompleteMission)
[10:36:27] [MISSION] Bohdan objective done ScoutPoi @ Ruined Garage → return to Kopachi
[10:36:27] [TASK] Bohdan → FulfillMission [ScoutPoi] (goal=CompleteMission)
[10:36:27] [MISSION] Bohdan objective done ScoutPoi @ Abandoned Bus → return to Meadow
[10:36:27] [TASK] Pavel → FulfillMission [ScoutPoi] (goal=CompleteMission)
[10:36:27] [MISSION] Pavel objective done ScoutPoi @ Hidden Hut → return to Red Forest
[10:36:27] [TASK] Bohdan → FulfillMission [ScoutPoi] (goal=CompleteMission)
[10:36:27] [MISSION] Bohdan objective done ScoutPoi @ Abandoned Hut → return to Cordon
[10:36:27] [TASK] Andriy → FulfillMission [ScoutPoi] (goal=CompleteMission)
[10:36:27] [MISSION] Andriy objective done ScoutPoi @ Forgotten Shelter → return to Wild Territory
[10:36:27] [TASK] Lasha → FulfillMission [ScoutPoi] (goal=CompleteMission)
[10:36:27] [MISSION] Lasha objective done ScoutPoi @ Makeshift Outpost → return to Chernobyl Town
[10:36:27] [TASK] Mykola → FulfillMission [ScoutPoi] (goal=CompleteMission)
[10:36:27] [MISSION] Mykola objective done ScoutPoi @ Ruined Garage → return to Kopachi
[10:36:27] [TASK] Viktor → FulfillMission [ScoutPoi] (goal=CompleteMission)
[10:36:27] [MISSION] Viktor objective done ScoutPoi @ Hidden Cairn → return to Dark Valley
[10:36:27] [TASK] Sergei → FulfillMission [ScoutPoi] (goal=CompleteMission)
[10:36:27] [MISSION] Sergei objective done ScoutPoi @ Duty Checkpoint → return to Limansk
[10:36:27] [TASK] Sean → FulfillMission [ScoutPoi] (goal=CompleteMission)
[10:36:27] [MISSION] Sean objective done ScoutPoi @ Sunken Shack → return to Dead City (Chernobyl-2 Settlement)
[10:36:27] [TASK] Oleksiy → FulfillMission [ScoutPoi] (goal=CompleteMission)
[10:36:27] [MISSION] Oleksiy objective done ScoutPoi @ Abandoned Bus → return to Meadow
[10:36:27] [TASK] Nikolai → FulfillMission [ScoutPoi] (goal=CompleteMission)
[10:36:27] [MISSION] Nikolai objective done ScoutPoi @ Abandoned Bus → return to Meadow
[10:36:27] [TASK] Yuriy → FulfillMission [ScoutPoi] (goal=CompleteMission)
[10:36:27] [MISSION] Yuriy objective done ScoutPoi @ Forgotten Pillbox → return to Zalissya
[10:36:27] [TASK] Mykola → FulfillMission [ScoutPoi] (goal=CompleteMission)
[10:36:27] [MISSION] Mykola objective done ScoutPoi @ Windswept Cairn → return to Jupiter (Pripyat Industrial)
[10:36:27] [TASK] Oleksiy → FulfillMission [ScoutPoi] (goal=CompleteMission)
[10:36:27] [MISSION] Oleksiy objective done ScoutPoi @ Abandoned Hut → return to Cordon
[10:36:27] [TASK] Taras → FulfillMission [ScoutPoi] (goal=CompleteMission)
[10:36:27] [MISSION] Taras objective done ScoutPoi @ Hidden Hut → return to Red Forest
[10:36:27] [TASK] Ivan → FulfillMission [ScoutPoi] (goal=CompleteMission)
[10:36:27] [MISSION] Ivan objective done ScoutPoi @ Mutant Den #1 near Rostok → return to Sarcophagus
[10:36:27] [TASK] Ivan → FulfillMission [ScoutPoi] (goal=CompleteMission)
[10:36:27] [MISSION] Ivan objective done ScoutPoi @ Hidden Hut → return to Red Forest
[10:36:27] [TASK] Mykola → FulfillMission [ScoutPoi] (goal=CompleteMission)
[10:36:27] [MISSION] Mykola objective done ScoutPoi @ Mutant Den #1 near Rostok → return to Sarcophagus
[10:36:27] [TASK] Heinrich → FulfillMission [ScoutPoi] (goal=CompleteMission)
[10:36:27] [MISSION] Heinrich objective done ScoutPoi @ Sunken Shack → return to Dead City (Chernobyl-2 Settlement)
[10:36:27] [TASK] Andrei → FulfillMission [ScoutPoi] (goal=CompleteMission)
[10:36:27] [MISSION] Andrei objective done ScoutPoi @ Hidden Cairn → return to Dark Valley
[10:36:27] [TASK] Frank → FulfillMission [ScoutPoi] (goal=CompleteMission)
[10:36:27] [MISSION] Frank objective done ScoutPoi @ Overgrown Hut → return to Buriakivka Waste Site
[10:36:27] [TASK] Bohdan → FulfillMission [ScoutPoi] (goal=CompleteMission)
[10:36:27] [MISSION] Bohdan objective done ScoutPoi @ Makeshift Camp (Garbage-Agroprom) → return to Deserted Hospital
[10:36:27] [TASK] Viktor → FulfillMission [ScoutPoi] (goal=CompleteMission)
[10:36:27] [MISSION] Viktor objective done ScoutPoi @ Hidden Hut → return to Red Forest
[10:36:27] [TASK] Bohdan → FulfillMission [ScoutPoi] (goal=CompleteMission)
[10:36:27] [MISSION] Bohdan objective done ScoutPoi @ Mutant Den #1 near Rostok → return to Sarcophagus
[10:36:27] [TASK] Lars → FulfillMission [ScoutPoi] (goal=CompleteMission)
[10:36:27] [MISSION] Lars objective done ScoutPoi @ Mutant Den #0 near Dark Valley → return to Duga Radar
[10:36:27] [TASK] Bohdan → FulfillMission [ScoutPoi] (goal=CompleteMission)
[10:36:27] [MISSION] Bohdan objective done ScoutPoi @ Mutant Den #1 near Rostok → return to Sarcophagus
[10:36:27] [TASK] Andrei → FulfillMission [ScoutPoi] (goal=CompleteMission)
[10:36:27] [MISSION] Andrei objective done ScoutPoi @ Hidden Hut → return to Red Forest
[10:36:27] [TASK] Igor → FulfillMission [ScoutPoi] (goal=CompleteMission)
[10:36:27] [MISSION] Igor objective done ScoutPoi @ Ruined Garage → return to Kopachi
[10:36:27] [COMBAT] Andriy Petrov 'Spark' killed Marcus Ivanov 'Fox' using wpn_vintorez
[10:36:27] [GEAR] Andriy looted [wpn_desert_eagle, out_military_merc_outfit] via combat
[10:36:28] [COMBAT] Andrei Kovalenko 'Phantom' killed Pseudodog using wpn_fn2000
[10:36:28] [COMBAT] Andrei Sokolov 'Scar' killed Tushkano using wpn_fort12
[10:36:28] [INBOUND] Initial +2 stalkers, +2 mutants (remaining S=511 M=342)
[10:36:28] [TASK] Frank → TurnInMission [ScoutPoi] (goal=CompleteMission)
[10:36:28] [MISSION] Frank turned in ScoutPoi @ Buriakivka Waste Site (+160 RU)
[10:36:28] [GOAL] Frank achieved CompleteMission
[10:36:28] [COMBAT] Lasha Ivanov 'Ghost' killed Andriy Ivanov 'Bullet' using wpn_pkm
[10:36:28] [TASK] Serhiy → TurnInMission [ScoutPoi] (goal=CompleteMission)
[10:36:28] [MISSION] Serhiy turned in ScoutPoi @ Red Forest (+196 RU)
[10:36:28] [GOAL] Serhiy achieved CompleteMission
[10:36:28] [TASK] Viktor → TurnInMission [ScoutPoi] (goal=CompleteMission)
[10:36:28] [MISSION] Viktor turned in ScoutPoi @ Red Forest (+196 RU)
[10:36:28] [GOAL] Viktor achieved CompleteMission
[10:36:28] [TASK] Dmitri → TurnInMission [ScoutPoi] (goal=CompleteMission)
[10:36:28] [MISSION] Dmitri turned in ScoutPoi @ Yantar (+236 RU)
[10:36:28] [GOAL] Dmitri achieved CompleteMission
[10:36:28] [TASK] Oleg → TurnInMission [ScoutPoi] (goal=CompleteMission)
[10:36:28] [MISSION] Oleg turned in ScoutPoi @ Chernobyl Town (+200 RU)
[10:36:28] [GOAL] Oleg achieved CompleteMission
[10:36:29] [TASK] Igor → TurnInMission [ScoutPoi] (goal=CompleteMission)
[10:36:29] [MISSION] Igor turned in ScoutPoi @ Garbage (+196 RU)
[10:36:29] [GOAL] Igor achieved CompleteMission
[10:36:29] [TASK] Zura → TurnInMission [ScoutPoi] (goal=CompleteMission)
[10:36:29] [MISSION] Zura turned in ScoutPoi @ Chernobyl Town (+200 RU)
[10:36:29] [GOAL] Zura achieved CompleteMission
[10:36:29] [TASK] Nikolai → TurnInMission [ScoutPoi] (goal=CompleteMission)
[10:36:29] [MISSION] Nikolai turned in ScoutPoi @ Radar (Brain Scorcher) (+236 RU)
[10:36:29] [GOAL] Nikolai achieved CompleteMission
[10:36:29] [TASK] Yuriy → TurnInMission [ScoutPoi] (goal=CompleteMission)
[10:36:29] [MISSION] Yuriy turned in ScoutPoi @ Kopachi (+196 RU)
[10:36:29] [GOAL] Yuriy achieved CompleteMission
[10:36:29] [TASK] Ivan → TurnInMission [ScoutPoi] (goal=CompleteMission)
[10:36:29] [MISSION] Ivan turned in ScoutPoi @ Yantar (+236 RU)
[10:36:29] [GOAL] Ivan achieved CompleteMission
[10:36:29] [TASK] Pavel → TurnInMission [ScoutPoi] (goal=CompleteMission)
[10:36:29] [MISSION] Pavel turned in ScoutPoi @ Radar (Brain Scorcher) (+236 RU)
[10:36:29] [GOAL] Pavel achieved CompleteMission
[10:36:29] [TASK] Sergei → TurnInMission [ScoutPoi] (goal=CompleteMission)
[10:36:29] [MISSION] Sergei turned in ScoutPoi @ Chernobyl Town (+200 RU)
[10:36:29] [GOAL] Sergei achieved CompleteMission
[10:36:29] [TASK] Mykola → TurnInMission [ScoutPoi] (goal=CompleteMission)
[10:36:29] [MISSION] Mykola turned in ScoutPoi @ Red Forest (+196 RU)
[10:36:29] [GOAL] Mykola achieved CompleteMission
[10:36:29] [TASK] Bohdan → TurnInMission [ScoutPoi] (goal=CompleteMission)
[10:36:29] [MISSION] Bohdan turned in ScoutPoi @ Kopachi (+196 RU)
[10:36:29] [GOAL] Bohdan achieved CompleteMission
[10:36:29] [TASK] Bohdan → TurnInMission [ScoutPoi] (goal=CompleteMission)
[10:36:29] [MISSION] Bohdan turned in ScoutPoi @ Meadow (+164 RU)
[10:36:29] [GOAL] Bohdan achieved CompleteMission
[10:36:29] [TASK] Pavel → TurnInMission [ScoutPoi] (goal=CompleteMission)
[10:36:29] [MISSION] Pavel turned in ScoutPoi @ Red Forest (+196 RU)
[10:36:29] [GOAL] Pavel achieved CompleteMission
[10:36:29] [TASK] Bohdan → TurnInMission [ScoutPoi] (goal=CompleteMission)
[10:36:29] [MISSION] Bohdan turned in ScoutPoi @ Cordon (+160 RU)
[10:36:29] [GOAL] Bohdan achieved CompleteMission
[10:36:29] [TASK] Andriy → TurnInMission [ScoutPoi] (goal=CompleteMission)
[10:36:29] [MISSION] Andriy turned in ScoutPoi @ Wild Territory (+164 RU)
[10:36:29] [GOAL] Andriy achieved CompleteMission
[10:36:29] [TASK] Lasha → TurnInMission [ScoutPoi] (goal=CompleteMission)
[10:36:29] [MISSION] Lasha turned in ScoutPoi @ Chernobyl Town (+200 RU)
[10:36:29] [GOAL] Lasha achieved CompleteMission
[10:36:29] [TASK] Mykola → TurnInMission [ScoutPoi] (goal=CompleteMission)
[10:36:29] [MISSION] Mykola turned in ScoutPoi @ Kopachi (+196 RU)
[10:36:29] [GOAL] Mykola achieved CompleteMission
[10:36:29] [TASK] Viktor → TurnInMission [ScoutPoi] (goal=CompleteMission)
[10:36:29] [MISSION] Viktor turned in ScoutPoi @ Dark Valley (+168 RU)
[10:36:29] [GOAL] Viktor achieved CompleteMission
[10:36:29] [TASK] Sergei → TurnInMission [ScoutPoi] (goal=CompleteMission)
[10:36:29] [MISSION] Sergei turned in ScoutPoi @ Limansk (+190 RU)
[10:36:29] [GOAL] Sergei achieved CompleteMission
[10:36:29] [TASK] Sean → TurnInMission [ScoutPoi] (goal=CompleteMission)
[10:36:29] [MISSION] Sean turned in ScoutPoi @ Dead City (Chernobyl-2 Settlement) (+190 RU)
[10:36:29] [GOAL] Sean achieved CompleteMission
[10:36:29] [TASK] Oleksiy → TurnInMission [ScoutPoi] (goal=CompleteMission)
[10:36:29] [MISSION] Oleksiy turned in ScoutPoi @ Meadow (+164 RU)
[10:36:29] [GOAL] Oleksiy achieved CompleteMission
[10:36:29] [TASK] Nikolai → TurnInMission [ScoutPoi] (goal=CompleteMission)
[10:36:29] [MISSION] Nikolai turned in ScoutPoi @ Meadow (+164 RU)
[10:36:29] [GOAL] Nikolai achieved CompleteMission
[10:36:29] [TASK] Yuriy → TurnInMission [ScoutPoi] (goal=CompleteMission)
[10:36:29] [MISSION] Yuriy turned in ScoutPoi @ Zalissya (+184 RU)
[10:36:29] [GOAL] Yuriy achieved CompleteMission
[10:36:29] [TASK] Mykola → TurnInMission [ScoutPoi] (goal=CompleteMission)
[10:36:29] [MISSION] Mykola turned in ScoutPoi @ Jupiter (Pripyat Industrial) (+236 RU)
[10:36:29] [GOAL] Mykola achieved CompleteMission
[10:36:29] [TASK] Oleksiy → TurnInMission [ScoutPoi] (goal=CompleteMission)
[10:36:29] [MISSION] Oleksiy turned in ScoutPoi @ Cordon (+160 RU)
[10:36:29] [GOAL] Oleksiy achieved CompleteMission
[10:36:29] [TASK] Taras → TurnInMission [ScoutPoi] (goal=CompleteMission)
[10:36:29] [MISSION] Taras turned in ScoutPoi @ Red Forest (+196 RU)
[10:36:29] [GOAL] Taras achieved CompleteMission
[10:36:29] [TASK] Ivan → TurnInMission [ScoutPoi] (goal=CompleteMission)
[10:36:29] [MISSION] Ivan turned in ScoutPoi @ Red Forest (+196 RU)
[10:36:29] [GOAL] Ivan achieved CompleteMission
[10:36:29] [COMBAT] Ivan Sokolov 'Shadow' killed Chimera using wpn_vintorez
[10:36:29] [TASK] Viktor → TurnInMission [ScoutPoi] (goal=CompleteMission)
[10:36:29] [MISSION] Viktor turned in ScoutPoi @ Red Forest (+196 RU)
[10:36:29] [GOAL] Viktor achieved CompleteMission
[10:36:29] [TASK] Andrei → TurnInMission [ScoutPoi] (goal=CompleteMission)
[10:36:29] [MISSION] Andrei turned in ScoutPoi @ Red Forest (+196 RU)
[10:36:29] [GOAL] Andrei achieved CompleteMission
[10:36:29] [TASK] Igor → TurnInMission [ScoutPoi] (goal=CompleteMission)
[10:36:29] [MISSION] Igor turned in ScoutPoi @ Kopachi (+196 RU)
[10:36:29] [GOAL] Igor achieved CompleteMission
[10:36:29] [TASK] Mikhail → TurnInMission [ScoutPoi] (goal=CompleteMission)
[10:36:29] [MISSION] Mikhail turned in ScoutPoi @ Red Forest (+196 RU)
[10:36:29] [GOAL] Mikhail achieved CompleteMission
[10:36:29] [TASK] Andriy → TurnInMission [ScoutPoi] (goal=CompleteMission)
[10:36:29] [MISSION] Andriy turned in ScoutPoi @ Yantar (+236 RU)
[10:36:29] [GOAL] Andriy achieved CompleteMission
[10:36:29] [TASK] Zura → TurnInMission [ScoutPoi] (goal=CompleteMission)
[10:36:29] [MISSION] Zura turned in ScoutPoi @ Kopachi (+196 RU)
[10:36:29] [GOAL] Zura achieved CompleteMission
[10:36:29] [TASK] Mykola → TurnInMission [ScoutPoi] (goal=CompleteMission)
[10:36:29] [MISSION] Mykola turned in ScoutPoi @ Wild Territory (+164 RU)
[10:36:29] [GOAL] Mykola achieved CompleteMission
[10:36:29] [TASK] Mikhail → TurnInMission [ScoutPoi] (goal=CompleteMission)
[10:36:29] [MISSION] Mikhail turned in ScoutPoi @ Jupiter (Pripyat Industrial) (+236 RU)
[10:36:29] [GOAL] Mikhail achieved CompleteMission
[10:36:29] [TASK] Taras → TurnInMission [ScoutPoi] (goal=CompleteMission)
[10:36:29] [MISSION] Taras turned in ScoutPoi @ Radar (Brain Scorcher) (+236 RU)
[10:36:29] [GOAL] Taras achieved CompleteMission
[10:36:29] [TASK] Sergei → TurnInMission [ScoutPoi] (goal=CompleteMission)
[10:36:29] [MISSION] Sergei turned in ScoutPoi @ Chernobyl Town (+200 RU)
[10:36:29] [GOAL] Sergei achieved CompleteMission
[10:36:29] [TASK] Dmytro → TurnInMission [ScoutPoi] (goal=CompleteMission)
[10:36:29] [MISSION] Dmytro turned in ScoutPoi @ Cordon (+160 RU)
[10:36:29] [GOAL] Dmytro achieved CompleteMission
[10:36:29] [TASK] Oleksiy → TurnInMission [ScoutPoi] (goal=CompleteMission)
[10:36:29] [MISSION] Oleksiy turned in ScoutPoi @ Red Forest (+196 RU)
[10:36:29] [GOAL] Oleksiy achieved CompleteMission
[10:36:29] [TASK] Alexei → TurnInMission [ScoutPoi] (goal=CompleteMission)
[10:36:29] [MISSION] Alexei turned in ScoutPoi @ Truck Cemetery (+210 RU)
[10:36:29] [GOAL] Alexei achieved CompleteMission
[10:36:29] [TASK] Vasyl → TurnInMission [ScoutPoi] (goal=CompleteMission)
[10:36:29] [MISSION] Vasyl turned in ScoutPoi @ Meadow (+164 RU)
[10:36:29] [GOAL] Vasyl achieved CompleteMission
[10:36:29] [TASK] Vasyl → TurnInMission [ScoutPoi] (goal=CompleteMission)
[10:36:29] [MISSION] Vasyl turned in ScoutPoi @ Meadow (+164 RU)
[10:36:29] [GOAL] Vasyl achieved CompleteMission
[10:36:29] [TASK] Alexei → TurnInMission [ScoutPoi] (goal=CompleteMission)
[10:36:29] [MISSION] Alexei turned in ScoutPoi @ Chernobyl Town (+200 RU)
[10:36:29] [GOAL] Alexei achieved CompleteMission
[10:36:29] [TASK] Andriy → TurnInMission [ScoutPoi] (goal=CompleteMission)
[10:36:29] [MISSION] Andriy turned in ScoutPoi @ Kopachi (+196 RU)
[10:36:29] [GOAL] Andriy achieved CompleteMission
[10:36:29] [TASK] Bohdan → TurnInMission [ScoutPoi] (goal=CompleteMission)
[10:36:29] [MISSION] Bohdan turned in ScoutPoi @ Red Forest (+196 RU)
[10:36:29] [GOAL] Bohdan achieved CompleteMission
[10:36:29] [TASK] Pavel → TurnInMission [ScoutPoi] (goal=CompleteMission)
[10:36:29] [MISSION] Pavel turned in ScoutPoi @ Chernobyl Town (+200 RU)
[10:36:29] [GOAL] Pavel achieved CompleteMission
[10:36:29] [TASK] Pavel → TurnInMission [ScoutPoi] (goal=CompleteMission)
[10:36:29] [MISSION] Pavel turned in ScoutPoi @ Chernobyl Town (+200 RU)
[10:36:29] [GOAL] Pavel achieved CompleteMission
[10:36:29] [TASK] Dmitri → TurnInMission [ScoutPoi] (goal=CompleteMission)
[10:36:29] [MISSION] Dmitri turned in ScoutPoi @ Yantar (+236 RU)
[10:36:29] [GOAL] Dmitri achieved CompleteMission
[10:36:29] [TASK] Taras → TurnInMission [ScoutPoi] (goal=CompleteMission)
[10:36:29] [MISSION] Taras turned in ScoutPoi @ Red Forest (+196 RU)
[10:36:29] [GOAL] Taras achieved CompleteMission
[10:36:29] [TASK] Viktor → TurnInMission [ScoutPoi] (goal=CompleteMission)
[10:36:29] [MISSION] Viktor turned in ScoutPoi @ Meadow (+164 RU)
[10:36:29] [GOAL] Viktor achieved CompleteMission
[10:36:29] [TASK] Bakhyt → TurnInMission [ScoutPoi] (goal=CompleteMission)
[10:36:29] [MISSION] Bakhyt turned in ScoutPoi @ Radar (Brain Scorcher) (+236 RU)
[10:36:29] [GOAL] Bakhyt achieved CompleteMission
[10:36:29] [TASK] Mykola → TurnInMission [ScoutPoi] (goal=CompleteMission)
[10:36:29] [MISSION] Mykola turned in ScoutPoi @ Meadow (+164 RU)
[10:36:29] [GOAL] Mykola achieved CompleteMission
[10:36:29] [TASK] Oleksiy → TurnInMission [ScoutPoi] (goal=CompleteMission)
[10:36:29] [MISSION] Oleksiy turned in ScoutPoi @ Kopachi (+196 RU)
[10:36:29] [GOAL] Oleksiy achieved CompleteMission
[10:36:29] [TASK] Armen → TurnInMission [ScoutPoi] (goal=CompleteMission)
[10:36:29] [MISSION] Armen turned in ScoutPoi @ Cordon (+160 RU)
[10:36:29] [GOAL] Armen achieved CompleteMission
[10:36:29] [TASK] Dmitri → TurnInMission [ScoutPoi] (goal=CompleteMission)
[10:36:29] [MISSION] Dmitri turned in ScoutPoi @ Wild Territory (+164 RU)
[10:36:29] [GOAL] Dmitri achieved CompleteMission
[10:36:29] [MISSION] Frank accepted ScoutPoi @ Buriakivka Waste Site (160 RU)
[10:36:29] [TASK] Frank → AcceptMission [ScoutPoi] (goal=AcceptMission)
[10:36:29] [GOAL] Frank achieved AcceptMission
[10:36:29] [MISSION] Serhiy accepted ScoutPoi @ Red Forest (196 RU)
[10:36:29] [TASK] Serhiy → AcceptMission [ScoutPoi] (goal=AcceptMission)
[10:36:29] [GOAL] Serhiy achieved AcceptMission
[10:36:29] [MISSION] Viktor accepted ScoutPoi @ Red Forest (196 RU)
[10:36:29] [TASK] Viktor → AcceptMission [ScoutPoi] (goal=AcceptMission)
[10:36:29] [GOAL] Viktor achieved AcceptMission
[10:36:29] [MISSION] Dmitri accepted ScoutPoi @ Yantar (236 RU)
[10:36:29] [TASK] Dmitri → AcceptMission [ScoutPoi] (goal=AcceptMission)
[10:36:29] [GOAL] Dmitri achieved AcceptMission
[10:36:29] [MISSION] Oleg accepted ScoutPoi @ Chernobyl Town (200 RU)
[10:36:29] [TASK] Oleg → AcceptMission [ScoutPoi] (goal=AcceptMission)
[10:36:29] [GOAL] Oleg achieved AcceptMission
[10:36:29] [MISSION] Igor accepted ScoutPoi @ Garbage (196 RU)
[10:36:29] [TASK] Igor → AcceptMission [ScoutPoi] (goal=AcceptMission)
[10:36:29] [GOAL] Igor achieved AcceptMission
[10:36:29] [MISSION] Zura accepted ScoutPoi @ Chernobyl Town (200 RU)
[10:36:29] [TASK] Zura → AcceptMission [ScoutPoi] (goal=AcceptMission)
[10:36:29] [GOAL] Zura achieved AcceptMission
[10:36:29] [MISSION] Nikolai accepted ScoutPoi @ Radar (Brain Scorcher) (236 RU)
[10:36:29] [TASK] Nikolai → AcceptMission [ScoutPoi] (goal=AcceptMission)
[10:36:29] [GOAL] Nikolai achieved AcceptMission
[10:36:29] [MISSION] Yuriy accepted ScoutPoi @ Kopachi (196 RU)
[10:36:29] [TASK] Yuriy → AcceptMission [ScoutPoi] (goal=AcceptMission)
[10:36:29] [GOAL] Yuriy achieved AcceptMission
[10:36:29] [MISSION] Ivan accepted ScoutPoi @ Yantar (236 RU)
[10:36:29] [TASK] Ivan → AcceptMission [ScoutPoi] (goal=AcceptMission)
[10:36:29] [GOAL] Ivan achieved AcceptMission
[10:36:29] [MISSION] Pavel accepted ScoutPoi @ Radar (Brain Scorcher) (236 RU)
[10:36:29] [TASK] Pavel → AcceptMission [ScoutPoi] (goal=AcceptMission)
[10:36:29] [GOAL] Pavel achieved AcceptMission
[10:36:29] [MISSION] Sergei accepted ScoutPoi @ Chernobyl Town (200 RU)
[10:36:29] [TASK] Sergei → AcceptMission [ScoutPoi] (goal=AcceptMission)
[10:36:29] [GOAL] Sergei achieved AcceptMission
[10:36:29] [MISSION] Mykola accepted ScoutPoi @ Red Forest (196 RU)
[10:36:29] [TASK] Mykola → AcceptMission [ScoutPoi] (goal=AcceptMission)
[10:36:29] [GOAL] Mykola achieved AcceptMission
[10:36:29] [MISSION] Bohdan accepted ScoutPoi @ Kopachi (196 RU)
[10:36:29] [TASK] Bohdan → AcceptMission [ScoutPoi] (goal=AcceptMission)
[10:36:29] [GOAL] Bohdan achieved AcceptMission
[10:36:29] [MISSION] Bohdan accepted ScoutPoi @ Meadow (164 RU)
[10:36:29] [TASK] Bohdan → AcceptMission [ScoutPoi] (goal=AcceptMission)
[10:36:29] [GOAL] Bohdan achieved AcceptMission
[10:36:29] [MISSION] Pavel accepted ScoutPoi @ Red Forest (196 RU)
[10:36:29] [TASK] Pavel → AcceptMission [ScoutPoi] (goal=AcceptMission)
[10:36:29] [GOAL] Pavel achieved AcceptMission
[10:36:29] [MISSION] Bohdan accepted ScoutPoi @ Cordon (160 RU)
[10:36:29] [TASK] Bohdan → AcceptMission [ScoutPoi] (goal=AcceptMission)
[10:36:29] [GOAL] Bohdan achieved AcceptMission
[10:36:29] [MISSION] Andriy accepted ScoutPoi @ Wild Territory (164 RU)
[10:36:29] [TASK] Andriy → AcceptMission [ScoutPoi] (goal=AcceptMission)
[10:36:29] [GOAL] Andriy achieved AcceptMission
[10:36:29] [MISSION] Lasha accepted ScoutPoi @ Chernobyl Town (200 RU)
[10:36:29] [TASK] Lasha → AcceptMission [ScoutPoi] (goal=AcceptMission)
[10:36:29] [GOAL] Lasha achieved AcceptMission
[10:36:29] [MISSION] Mykola accepted ScoutPoi @ Kopachi (196 RU)
[10:36:29] [TASK] Mykola → AcceptMission [ScoutPoi] (goal=AcceptMission)
[10:36:29] [GOAL] Mykola achieved AcceptMission
[10:36:29] [MISSION] Viktor accepted ScoutPoi @ Dark Valley (168 RU)
[10:36:29] [TASK] Viktor → AcceptMission [ScoutPoi] (goal=AcceptMission)
[10:36:29] [GOAL] Viktor achieved AcceptMission
[10:36:29] [MISSION] Sergei accepted ScoutPoi @ Limansk (190 RU)
[10:36:29] [TASK] Sergei → AcceptMission [ScoutPoi] (goal=AcceptMission)
[10:36:29] [GOAL] Sergei achieved AcceptMission
[10:36:29] [MISSION] Sean accepted ScoutPoi @ Dead City (Chernobyl-2 Settlement) (190 RU)
[10:36:29] [TASK] Sean → AcceptMission [ScoutPoi] (goal=AcceptMission)
[10:36:29] [GOAL] Sean achieved AcceptMission
[10:36:29] [MISSION] Oleksiy accepted ScoutPoi @ Meadow (164 RU)
[10:36:29] [TASK] Oleksiy → AcceptMission [ScoutPoi] (goal=AcceptMission)
[10:36:29] [GOAL] Oleksiy achieved AcceptMission
[10:36:29] [MISSION] Nikolai accepted ScoutPoi @ Meadow (164 RU)
[10:36:29] [TASK] Nikolai → AcceptMission [ScoutPoi] (goal=AcceptMission)
[10:36:29] [GOAL] Nikolai achieved AcceptMission
[10:36:29] [MISSION] Yuriy accepted ScoutPoi @ Zalissya (184 RU)
[10:36:29] [TASK] Yuriy → AcceptMission [ScoutPoi] (goal=AcceptMission)
[10:36:29] [GOAL] Yuriy achieved AcceptMission
[10:36:29] [MISSION] Mykola accepted ScoutPoi @ Jupiter (Pripyat Industrial) (236 RU)
[10:36:29] [TASK] Mykola → AcceptMission [ScoutPoi] (goal=AcceptMission)
[10:36:29] [GOAL] Mykola achieved AcceptMission
[10:36:29] [MISSION] Oleksiy accepted ScoutPoi @ Cordon (160 RU)
[10:36:29] [TASK] Oleksiy → AcceptMission [ScoutPoi] (goal=AcceptMission)
[10:36:29] [GOAL] Oleksiy achieved AcceptMission
[10:36:29] [MISSION] Taras accepted ScoutPoi @ Red Forest (196 RU)
[10:36:29] [TASK] Taras → AcceptMission [ScoutPoi] (goal=AcceptMission)
[10:36:29] [GOAL] Taras achieved AcceptMission
[10:36:29] [MISSION] Ivan accepted ScoutPoi @ Red Forest (196 RU)
[10:36:29] [TASK] Ivan → AcceptMission [ScoutPoi] (goal=AcceptMission)
[10:36:29] [GOAL] Ivan achieved AcceptMission
[10:36:29] [MISSION] Viktor accepted ScoutPoi @ Red Forest (196 RU)
[10:36:29] [TASK] Viktor → AcceptMission [ScoutPoi] (goal=AcceptMission)
[10:36:29] [GOAL] Viktor achieved AcceptMission
[10:36:29] [MISSION] Andrei accepted ScoutPoi @ Red Forest (196 RU)
[10:36:29] [TASK] Andrei → AcceptMission [ScoutPoi] (goal=AcceptMission)
[10:36:29] [GOAL] Andrei achieved AcceptMission
[10:36:29] [MISSION] Igor accepted ScoutPoi @ Kopachi (196 RU)
[10:36:29] [TASK] Igor → AcceptMission [ScoutPoi] (goal=AcceptMission)
[10:36:29] [GOAL] Igor achieved AcceptMission
[10:36:29] [MISSION] Mikhail accepted ScoutPoi @ Red Forest (196 RU)
[10:36:29] [TASK] Mikhail → AcceptMission [ScoutPoi] (goal=AcceptMission)
[10:36:29] [GOAL] Mikhail achieved AcceptMission
[10:36:29] [MISSION] Andriy accepted ScoutPoi @ Yantar (236 RU)
[10:36:29] [TASK] Andriy → AcceptMission [ScoutPoi] (goal=AcceptMission)
[10:36:29] [GOAL] Andriy achieved AcceptMission
[10:36:29] [MISSION] Zura accepted ScoutPoi @ Kopachi (196 RU)
[10:36:29] [TASK] Zura → AcceptMission [ScoutPoi] (goal=AcceptMission)
[10:36:29] [GOAL] Zura achieved AcceptMission
[10:36:29] [MISSION] Mykola accepted ScoutPoi @ Wild Territory (164 RU)
[10:36:29] [TASK] Mykola → AcceptMission [ScoutPoi] (goal=AcceptMission)
[10:36:29] [GOAL] Mykola achieved AcceptMission
[10:36:29] [MISSION] Mikhail accepted ScoutPoi @ Jupiter (Pripyat Industrial) (236 RU)
[10:36:29] [TASK] Mikhail → AcceptMission [ScoutPoi] (goal=AcceptMission)
[10:36:29] [GOAL] Mikhail achieved AcceptMission
[10:36:29] [MISSION] Taras accepted ScoutPoi @ Radar (Brain Scorcher) (236 RU)
[10:36:29] [TASK] Taras → AcceptMission [ScoutPoi] (goal=AcceptMission)
[10:36:29] [GOAL] Taras achieved AcceptMission
[10:36:29] [MISSION] Sergei accepted ScoutPoi @ Chernobyl Town (200 RU)
[10:36:29] [TASK] Sergei → AcceptMission [ScoutPoi] (goal=AcceptMission)
[10:36:29] [GOAL] Sergei achieved AcceptMission
[10:36:29] [MISSION] Dmytro accepted ScoutPoi @ Cordon (160 RU)
[10:36:29] [TASK] Dmytro → AcceptMission [ScoutPoi] (goal=AcceptMission)
[10:36:29] [GOAL] Dmytro achieved AcceptMission
[10:36:29] [MISSION] Oleksiy accepted ScoutPoi @ Red Forest (196 RU)
[10:36:29] [TASK] Oleksiy → AcceptMission [ScoutPoi] (goal=AcceptMission)
[10:36:29] [GOAL] Oleksiy achieved AcceptMission
[10:36:29] [MISSION] Alexei accepted ScoutPoi @ Truck Cemetery (210 RU)
[10:36:29] [TASK] Alexei → AcceptMission [ScoutPoi] (goal=AcceptMission)
[10:36:29] [GOAL] Alexei achieved AcceptMission
[10:36:29] [MISSION] Vasyl accepted ScoutPoi @ Meadow (164 RU)
[10:36:29] [TASK] Vasyl → AcceptMission [ScoutPoi] (goal=AcceptMission)
[10:36:29] [GOAL] Vasyl achieved AcceptMission
[10:36:29] [MISSION] Vasyl accepted ScoutPoi @ Meadow (164 RU)
[10:36:29] [TASK] Vasyl → AcceptMission [ScoutPoi] (goal=AcceptMission)
[10:36:29] [GOAL] Vasyl achieved AcceptMission
[10:36:29] [MISSION] Alexei accepted ScoutPoi @ Chernobyl Town (200 RU)
[10:36:29] [TASK] Alexei → AcceptMission [ScoutPoi] (goal=AcceptMission)
[10:36:29] [GOAL] Alexei achieved AcceptMission
[10:36:29] [MISSION] Andriy accepted ScoutPoi @ Kopachi (196 RU)
[10:36:29] [TASK] Andriy → AcceptMission [ScoutPoi] (goal=AcceptMission)
[10:36:29] [GOAL] Andriy achieved AcceptMission
[10:36:29] [MISSION] Bohdan accepted ScoutPoi @ Red Forest (196 RU)
[10:36:29] [TASK] Bohdan → AcceptMission [ScoutPoi] (goal=AcceptMission)
[10:36:29] [GOAL] Bohdan achieved AcceptMission
[10:36:29] [MISSION] Pavel accepted ScoutPoi @ Chernobyl Town (200 RU)
[10:36:29] [TASK] Pavel → AcceptMission [ScoutPoi] (goal=AcceptMission)
[10:36:29] [GOAL] Pavel achieved AcceptMission
[10:36:29] [MISSION] Pavel accepted ScoutPoi @ Chernobyl Town (200 RU)
[10:36:29] [TASK] Pavel → AcceptMission [ScoutPoi] (goal=AcceptMission)
[10:36:29] [GOAL] Pavel achieved AcceptMission
[10:36:29] [MISSION] Dmitri accepted ScoutPoi @ Yantar (236 RU)
[10:36:29] [TASK] Dmitri → AcceptMission [ScoutPoi] (goal=AcceptMission)
[10:36:29] [GOAL] Dmitri achieved AcceptMission
[10:36:29] [MISSION] Taras accepted ScoutPoi @ Red Forest (196 RU)
[10:36:29] [TASK] Taras → AcceptMission [ScoutPoi] (goal=AcceptMission)
[10:36:29] [GOAL] Taras achieved AcceptMission
[10:36:29] [MISSION] Viktor accepted ScoutPoi @ Meadow (164 RU)
[10:36:29] [TASK] Viktor → AcceptMission [ScoutPoi] (goal=AcceptMission)
[10:36:29] [GOAL] Viktor achieved AcceptMission
[10:36:29] [MISSION] Bakhyt accepted ScoutPoi @ Radar (Brain Scorcher) (236 RU)
[10:36:29] [TASK] Bakhyt → AcceptMission [ScoutPoi] (goal=AcceptMission)
[10:36:29] [GOAL] Bakhyt achieved AcceptMission
[10:36:29] [MISSION] Mykola accepted ScoutPoi @ Meadow (164 RU)
[10:36:29] [TASK] Mykola → AcceptMission [ScoutPoi] (goal=AcceptMission)
[10:36:29] [GOAL] Mykola achieved AcceptMission
[10:36:29] [MISSION] Oleksiy accepted ScoutPoi @ Kopachi (196 RU)
[10:36:29] [TASK] Oleksiy → AcceptMission [ScoutPoi] (goal=AcceptMission)
[10:36:29] [GOAL] Oleksiy achieved AcceptMission
[10:36:29] [MISSION] Armen accepted ScoutPoi @ Cordon (160 RU)
[10:36:29] [TASK] Armen → AcceptMission [ScoutPoi] (goal=AcceptMission)
[10:36:29] [GOAL] Armen achieved AcceptMission
[10:36:29] [MISSION] Dmitri accepted ScoutPoi @ Wild Territory (164 RU)
[10:36:29] [TASK] Dmitri → AcceptMission [ScoutPoi] (goal=AcceptMission)
[10:36:29] [GOAL] Dmitri achieved AcceptMission
[10:36:36] [COMBAT] Igor Petrenko 'Badger' killed Pavel Sokolov 'Jackal' using wpn_toz34
[10:36:36] [GEAR] Igor looted [wpn_g36, arm_freedom, helm_exo] via combat
[10:36:36] [COMBAT] Bohdan Bondarenko 'Crow' killed Boar using wpn_p90
[10:36:37] [INBOUND] Initial +2 stalkers, +1 mutants (remaining S=509 M=341)
[10:36:37] [MISSION] Bohdan accepted ScoutPoi @ Chistogalovka (236 RU)
[10:36:37] [TASK] Bohdan → AcceptMission [ScoutPoi] (goal=AcceptMission)
[10:36:37] [GOAL] Bohdan achieved AcceptMission
[10:36:38] [INBOUND] Initial +2 stalkers, +2 mutants (remaining S=507 M=339)
[10:36:38] [MISSION] Dmitri accepted ScoutPoi @ Meadow (164 RU)
[10:36:38] [TASK] Dmitri → AcceptMission [ScoutPoi] (goal=AcceptMission)
[10:36:38] [GOAL] Dmitri achieved AcceptMission
[10:36:39] [INBOUND] Initial +2 stalkers, +1 mutants (remaining S=505 M=338)
[10:36:39] [MISSION] Serhiy accepted ScoutPoi @ Cordon (160 RU)
[10:36:39] [TASK] Serhiy → AcceptMission [ScoutPoi] (goal=AcceptMission)
[10:36:39] [GOAL] Serhiy achieved AcceptMission
[10:36:41] [INBOUND] Initial +2 stalkers, +1 mutants (remaining S=503 M=337)
[10:36:41] [MISSION] Yuriy accepted ScoutPoi @ Army Warehouses (230 RU)
[10:36:41] [TASK] Yuriy → AcceptMission [ScoutPoi] (goal=AcceptMission)
[10:36:41] [GOAL] Yuriy achieved AcceptMission
[10:36:41] [COMBAT] Andrei Petrov 'Viper' killed Burer using wpn_mp5
[10:36:41] [COMBAT] Ivan Ivanov 'Crow' killed Bloodsucker using wpn_pkm
[10:36:41] [COMBAT] Damir Volkov 'Stitch' killed Lurker using wpn_mp5
[10:36:42] [TASK] Dmytro → TradeRun [poi_macro_5] (goal=VisitTrader)
[10:36:42] [GOAL] Dmytro achieved VisitTrader
[10:36:42] [MISSION] Dmytro accepted ScoutPoi @ Garbage (196 RU)
[10:36:42] [TASK] Dmytro → AcceptMission [ScoutPoi] (goal=AcceptMission)
[10:36:42] [GOAL] Dmytro achieved AcceptMission
[10:36:42] [INBOUND] Initial +2 stalkers, +2 mutants (remaining S=501 M=335)
[10:36:42] [MISSION] Alibek accepted ScoutPoi @ Duga Radar (210 RU)
[10:36:42] [TASK] Alibek → AcceptMission [ScoutPoi] (goal=AcceptMission)
[10:36:42] [GOAL] Alibek achieved AcceptMission
[10:36:43] [COMBAT] Andrei Volkov 'Razor' killed Lurker using wpn_m4a1
[10:36:44] [INBOUND] Initial +3 stalkers, +1 mutants (remaining S=498 M=334)
[10:36:44] [CORPSE] Despawned 19 bodies (lifetime=350)
[10:36:44] [MISSION] Bohdan accepted ScoutPoi @ Limansk (190 RU)
[10:36:44] [TASK] Bohdan → AcceptMission [ScoutPoi] (goal=AcceptMission)
[10:36:44] [GOAL] Bohdan achieved AcceptMission
[10:36:44] [COMBAT] Dmytro Shevchenko 'Jackal' killed Tushkano using wpn_fn2000
[10:36:44] [COMBAT] Oleksiy Volkov 'Fox' killed Igor Petrenko 'Ash' using wpn_ak74
[10:36:44] [GEAR] Oleksiy looted [wpn_g36, wpn_desert_eagle, helm_exo] via combat
[10:36:44] [COMBAT] Dmytro Petrenko 'Crow' killed Fracture using wpn_gauss
[10:36:45] [COMBAT] Viktor Petrenko 'Crow' killed BlindDog using wpn_aksu
[10:36:45] [INBOUND] Initial +2 stalkers, +2 mutants (remaining S=496 M=332)
[10:36:45] [MISSION] Oleksiy accepted ScoutPoi @ Deserted Hospital (200 RU)
[10:36:45] [TASK] Oleksiy → AcceptMission [ScoutPoi] (goal=AcceptMission)
[10:36:45] [GOAL] Oleksiy achieved AcceptMission
[10:36:46] [INBOUND] Initial +2 stalkers, +1 mutants (remaining S=494 M=331)
[10:36:46] [SNAPSHOT] real=10.2min game=D0 00:24 alive S=285 M=213 corpses=923 lootable=451 gammaGear out=133 helm=250 avgRU=969 leaderGoals trade=0 mission=65 emission=Dormant nextIn=80gmin desperate=1 hungry=0 interval deaths=32 combats=54 tasks=280 gearLoot=4 gearBuy=0 missions=175 corpseDespawn=29 trickleSpawns=0 ranks=[Rookie:240,Trainee:9,Experienced:21,Professional:12,Veteran:3] goals=[Idle:74,CompleteMission::64,Traveling:25,AcceptMission::1] leaders: Damir[Rookie/AcceptMission:], Oleksiy[Rookie/CompleteMission:], Bohdan[Rookie/CompleteMission:], Alibek[Rookie/CompleteMission:], Yuriy[Rookie/CompleteMission:]
[10:36:46] [MISSION] Damir accepted ScoutPoi @ Chernobyl Town (200 RU)
[10:36:46] [TASK] Damir → AcceptMission [ScoutPoi] (goal=AcceptMission)
[10:36:46] [GOAL] Damir achieved AcceptMission
[10:36:48] [INBOUND] Initial +2 stalkers, +1 mutants (remaining S=492 M=330)
[10:36:48] [MISSION] Alexei accepted ScoutPoi @ Cordon (160 RU)
[10:36:48] [TASK] Alexei → AcceptMission [ScoutPoi] (goal=AcceptMission)
[10:36:48] [GOAL] Alexei achieved AcceptMission
[10:36:49] [INBOUND] Initial +2 stalkers, +2 mutants (remaining S=490 M=328)
[10:36:49] [MISSION] Pavel accepted ScoutPoi @ Zalissya (184 RU)
[10:36:49] [TASK] Pavel → AcceptMission [ScoutPoi] (goal=AcceptMission)
[10:36:49] [GOAL] Pavel achieved AcceptMission
[10:36:49] [COMBAT] Nikolai Petrenko 'Badger' killed PsyDog using wpn_mp5
[10:36:50] [COMBAT] Nikolai Popov 'Viper' killed BlindDog using wpn_mp5
[10:36:50] [INBOUND] Initial +2 stalkers, +1 mutants (remaining S=488 M=327)
[10:36:50] [MISSION] Mykola accepted ScoutPoi @ Sarcophagus (184 RU)
[10:36:50] [TASK] Mykola → AcceptMission [ScoutPoi] (goal=AcceptMission)
[10:36:50] [GOAL] Mykola achieved AcceptMission
[10:36:51] [COMBAT] Dmytro Petrenko 'Viper' killed Snork using wpn_fn2000
[10:36:52] [INBOUND] Initial +2 stalkers, +1 mutants (remaining S=486 M=326)
[10:36:52] [MISSION] Mykola accepted ScoutPoi @ Limansk (190 RU)
[10:36:52] [TASK] Mykola → AcceptMission [ScoutPoi] (goal=AcceptMission)
[10:36:52] [GOAL] Mykola achieved AcceptMission
[10:36:52] [COMBAT] Damir Volkov 'Stitch' killed Vasyl Melnyk 'Jackal' using wpn_mp5
[10:36:52] [GEAR] Damir looted [wpn_gauss, wpn_fort12, arm_exo, helm_helm_m50] via combat
[10:36:52] [COMBAT] Mikhail Ivanov 'Razor' killed Snork using wpn_fn2000
[10:36:53] [INBOUND] Initial +2 stalkers, +2 mutants (remaining S=484 M=324)
[10:36:53] [MISSION] Nikolai accepted ScoutPoi @ Great Swamps (168 RU)
[10:36:53] [TASK] Nikolai → AcceptMission [ScoutPoi] (goal=AcceptMission)
[10:36:53] [GOAL] Nikolai achieved AcceptMission
[10:36:54] [INBOUND] Initial +2 stalkers, +1 mutants (remaining S=482 M=323)
[10:36:54] [MISSION] Mykola accepted ScoutPoi @ Meadow (164 RU)
[10:36:54] [TASK] Mykola → AcceptMission [ScoutPoi] (goal=AcceptMission)
[10:36:54] [GOAL] Mykola achieved AcceptMission
[10:36:55] [COMBAT] Yuriy Petrenko 'Stitch' killed PsyDog using wpn_gauss
[10:36:56] [INBOUND] Initial +2 stalkers, +2 mutants (remaining S=480 M=321)
[10:36:56] [MISSION] Dmytro accepted ScoutPoi @ Yantar (236 RU)
[10:36:56] [TASK] Dmytro → AcceptMission [ScoutPoi] (goal=AcceptMission)
[10:36:56] [GOAL] Dmytro achieved AcceptMission
[10:36:56] [MISSION] Taras accepted ScoutPoi @ Garbage (196 RU)
[10:36:56] [TASK] Taras → AcceptMission [ScoutPoi] (goal=AcceptMission)
[10:36:56] [GOAL] Taras achieved AcceptMission
[10:36:56] [COMBAT] Marcus Melnyk 'Whisper' killed Rat using wpn_gauss
[10:36:56] [COMBAT] Pavel Sokolov 'Wolf' killed Viktor Bondarenko 'The Rat' using wpn_pkm
[10:36:56] [GEAR] Pavel looted [helm_helm_hardhat] via combat
[10:36:57] [COMBAT] Pavel Volkov 'Phantom' killed Bloodsucker using wpn_gauss
[10:36:57] [COMBAT] Bohdan Popov 'Crow' killed Snork using wpn_pkm
[10:36:57] [INBOUND] Initial +2 stalkers, +1 mutants (remaining S=478 M=320)
[10:36:57] [CORPSE] Despawned 23 bodies (lifetime=373)
[10:36:57] [MISSION] Dmitri accepted ScoutPoi @ Chernobyl Town (200 RU)
[10:36:57] [TASK] Dmitri → AcceptMission [ScoutPoi] (goal=AcceptMission)
[10:36:57] [GOAL] Dmitri achieved AcceptMission
[10:36:58] [COMBAT] Mykola Popov 'Bone' killed Pseudogiant using wpn_vintorez
[10:36:59] [INBOUND] Initial +2 stalkers, +1 mutants (remaining S=476 M=319)
[10:36:59] [MISSION] Serhiy accepted ScoutPoi @ Zalissya (184 RU)
[10:36:59] [TASK] Serhiy → AcceptMission [ScoutPoi] (goal=AcceptMission)
[10:36:59] [GOAL] Serhiy achieved AcceptMission
[10:36:59] [COMBAT] Bohdan Popov 'Ash' killed Pseudodog using wpn_ak74
[10:37:00] [INBOUND] Initial +2 stalkers, +2 mutants (remaining S=474 M=317)
[10:37:00] [MISSION] Pavel accepted ScoutPoi @ Dark Valley (168 RU)
[10:37:00] [TASK] Pavel → AcceptMission [ScoutPoi] (goal=AcceptMission)
[10:37:00] [GOAL] Pavel achieved AcceptMission
[10:37:01] [COMBAT] Oleksiy Shevchenko 'Crow' killed Poltergeist using wpn_fn2000
[10:37:01] [INBOUND] Initial +2 stalkers, +1 mutants (remaining S=472 M=316)
[10:37:01] [MISSION] Jake accepted ScoutPoi @ Cordon (160 RU)
[10:37:01] [TASK] Jake → AcceptMission [ScoutPoi] (goal=AcceptMission)
[10:37:01] [GOAL] Jake achieved AcceptMission
[10:37:02] [COMBAT] Andriy Petrov 'Ghost' killed PsyDog using wpn_gauss
[10:37:02] [COMBAT] Bohdan Kovalenko 'Crow' killed Boar using wpn_val
[10:37:02] [COMBAT] Heinrich Ivanov 'Ash' killed Bloodsucker using wpn_svd
[10:37:03] [INBOUND] Initial +3 stalkers, +2 mutants (remaining S=469 M=314)
[10:37:03] [MISSION] Igor accepted ScoutPoi @ Dead City (Chernobyl-2 Settlement) (190 RU)
[10:37:03] [TASK] Igor → AcceptMission [ScoutPoi] (goal=AcceptMission)
[10:37:03] [GOAL] Igor achieved AcceptMission
[10:37:03] [MISSION] Yuriy accepted ScoutPoi @ Generators (230 RU)
[10:37:03] [TASK] Yuriy → AcceptMission [ScoutPoi] (goal=AcceptMission)
[10:37:03] [GOAL] Yuriy achieved AcceptMission
[10:37:04] [INBOUND] Initial +2 stalkers, +1 mutants (remaining S=467 M=313)
[10:37:04] [MISSION] Vasyl accepted ScoutPoi @ Sarcophagus (184 RU)
[10:37:04] [TASK] Vasyl → AcceptMission [ScoutPoi] (goal=AcceptMission)
[10:37:04] [GOAL] Vasyl achieved AcceptMission
[10:37:04] [COMBAT] Pierre Sokolov 'Crow' killed Andriy Petrov 'Spark' using wpn_toz34
[10:37:04] [GEAR] Pierre looted [wpn_vintorez, wpn_desert_eagle, out_military_merc_outfit, helm_helm_battle] via combat
[10:37:04] [COMBAT] Yuriy Shevchenko 'Stitch' killed Bloodsucker using wpn_toz34
[10:37:04] [COMBAT] Oleg Petrenko 'Shadow' killed Bloodsucker using wpn_ak74
[10:37:04] [COMBAT] Taras Ivanov 'Mole' killed Bloodsucker using wpn_gauss
[10:37:05] [COMBAT] Andrei Petrenko 'Crow' killed Poltergeist using wpn_vintorez
[10:37:05] [COMBAT] Timur Petrov 'Badger' killed Tushkano using wpn_rg6
[10:37:05] [INBOUND] Initial +2 stalkers, +1 mutants (remaining S=465 M=312)
[10:37:05] [MISSION] Mikhail accepted ScoutPoi @ Garbage (196 RU)
[10:37:05] [TASK] Mikhail → AcceptMission [ScoutPoi] (goal=AcceptMission)
[10:37:05] [GOAL] Mikhail achieved AcceptMission
[10:37:06] [COMBAT] Nikolai Melnyk 'Viper' killed Andrei Sokolov 'Scar' using wpn_ak74
[10:37:06] [GEAR] Nikolai looted [wpn_fort12, helm_helm_ach7] via combat
[10:37:06] [COMBAT] Nikolai Volkov 'Shadow' killed Rat using wpn_pm
[10:37:06] [COMBAT] Igor Petrenko 'Badger' killed Alexei Sokolov 'Wolf' using wpn_g36
[10:37:07] [INBOUND] Initial +2 stalkers, +2 mutants (remaining S=463 M=310)
[10:37:07] [MISSION] Bohdan accepted ScoutPoi @ Cordon (160 RU)
[10:37:07] [TASK] Bohdan → AcceptMission [ScoutPoi] (goal=AcceptMission)
[10:37:07] [GOAL] Bohdan achieved AcceptMission
[10:37:07] [COMBAT] Ivan Volkov 'Phantom' killed Fracture using wpn_vintorez
[10:37:07] [COMBAT] Bohdan Petrov 'Bullet' killed Lurker using wpn_aksu
[10:37:08] [INBOUND] Initial +2 stalkers, +1 mutants (remaining S=461 M=309)
[10:37:08] [COMBAT] Taras Melnyk 'Razor' killed Mykola Sokolov 'Ghost' using wpn_pm
[10:37:08] [GEAR] Taras looted [wpn_gauss, wpn_sg550, arm_exo] via combat
[10:37:08] [MISSION] Andriy accepted ScoutPoi @ Garbage (196 RU)
[10:37:08] [TASK] Andriy → AcceptMission [ScoutPoi] (goal=AcceptMission)
[10:37:08] [GOAL] Andriy achieved AcceptMission
[10:37:09] [COMBAT] Nikolai Volkov 'Fox' killed Vasyl Melnyk 'Stitch' using wpn_pkm
[10:37:09] [COMBAT] Yuriy Shevchenko 'Razor' killed Burer using wpn_g36
[10:37:10] [INBOUND] Initial +2 stalkers, +2 mutants (remaining S=459 M=307)
[10:37:10] [MISSION] Rustam accepted ScoutPoi @ Cordon (160 RU)
[10:37:10] [TASK] Rustam → AcceptMission [ScoutPoi] (goal=AcceptMission)
[10:37:10] [GOAL] Rustam achieved AcceptMission
[10:37:10] [COMBAT] Mikhail Bondarenko 'Spark' killed Fracture using wpn_fn2000
[10:37:10] [COMBAT] Taras Volkov 'Spark' killed Pseudogiant using wpn_toz34
[10:37:10] [COMBAT] Damir Volkov 'Shadow' killed PsyDog using wpn_pkm
[10:37:10] [COMBAT] Andriy Ivanov 'Scar' killed Fracture using wpn_mp5
[10:37:11] [INBOUND] Initial +2 stalkers, +1 mutants (remaining S=457 M=306)
[10:37:11] [CORPSE] Despawned 22 bodies (lifetime=395)
[10:37:11] [MISSION] Viktor accepted ScoutPoi @ Agroprom (184 RU)
[10:37:11] [TASK] Viktor → AcceptMission [ScoutPoi] (goal=AcceptMission)
[10:37:11] [GOAL] Viktor achieved AcceptMission
[10:37:11] [COMBAT] Alexei Petrenko 'Viper' killed Lurker using wpn_toz34
[10:37:11] [RANK] Pavel Volkov 'Phantom' → Trainee
[10:37:11] [COMBAT] Pavel Volkov 'Phantom' killed Lurker using wpn_gauss
[10:37:12] [INBOUND] Initial +2 stalkers, +1 mutants (remaining S=455 M=305)
[10:37:12] [MISSION] Oleg accepted ScoutPoi @ Zaton (184 RU)
[10:37:12] [TASK] Oleg → AcceptMission [ScoutPoi] (goal=AcceptMission)
[10:37:12] [GOAL] Oleg achieved AcceptMission
[10:37:12] [COMBAT] Pavel Popov 'Spark' killed Bloodsucker using wpn_vintorez
[10:37:14] [INBOUND] Initial +2 stalkers, +2 mutants (remaining S=453 M=303)
[10:37:14] [MISSION] Vasyl accepted ScoutPoi @ Great Swamps (168 RU)
[10:37:14] [TASK] Vasyl → AcceptMission [ScoutPoi] (goal=AcceptMission)
[10:37:14] [GOAL] Vasyl achieved AcceptMission
[10:37:15] [INBOUND] Initial +2 stalkers, +1 mutants (remaining S=451 M=302)
[10:37:15] [MISSION] Sergei accepted ScoutPoi @ Dark Valley (168 RU)
[10:37:15] [TASK] Sergei → AcceptMission [ScoutPoi] (goal=AcceptMission)
[10:37:15] [GOAL] Sergei achieved AcceptMission
[10:37:15] [COMBAT] Andriy Petrenko 'Bone' killed Armen Melnyk 'Bone' using wpn_aksu
[10:37:15] [GEAR] Andriy looted [arm_duty, helm_helm_hardhat] via combat
[10:37:16] [COMBAT] Heinrich Ivanov 'Ash' killed Oleksiy Volkov 'Fox' using wpn_svd
[10:37:16] [GEAR] Heinrich looted [wpn_g36, wpn_desert_eagle, arm_duty] via combat
[10:37:16] [INBOUND] Initial +2 stalkers, +1 mutants (remaining S=449 M=301)
[10:37:16] [MISSION] Bohdan accepted ScoutPoi @ Limansk (190 RU)
[10:37:16] [TASK] Bohdan → AcceptMission [ScoutPoi] (goal=AcceptMission)
[10:37:16] [GOAL] Bohdan achieved AcceptMission
[10:37:16] [COMBAT] Tobias Ivanov 'One-Eye' killed Rat using wpn_rg6
[10:37:17] [COMBAT] Oleg Shevchenko 'Spark' killed Oleg Petrenko 'Shadow' using wpn_toz34
[10:37:17] [GEAR] Oleg looted [wpn_ak74, out_stalker_proto_exo_outfit, helm_helm_ach7ex] via combat
[10:37:17] [INBOUND] Initial +2 stalkers, +2 mutants (remaining S=447 M=299)
[10:37:17] [SNAPSHOT] real=10.7min game=D0 00:25 alive S=302 M=214 corpses=939 lootable=445 gammaGear out=145 helm=262 avgRU=953 leaderGoals trade=1 mission=85 emission=Dormant nextIn=79gmin desperate=1 hungry=0 interval deaths=30 combats=61 tasks=25 gearLoot=8 gearBuy=0 missions=25 corpseDespawn=45 trickleSpawns=0 ranks=[Rookie:258,Trainee:10,Experienced:20,Professional:12,Veteran:2] goals=[CompleteMission::83,Idle:75,Traveling:17,AcceptMission::2] leaders: Viktor[Rookie/AcceptMission:], Mikhail[Rookie/AcceptMission:], Bohdan[Rookie/CompleteMission:], Sergei[Rookie/CompleteMission:], Mikhail[Rookie/CompleteMission:]
[10:37:17] [MISSION] Viktor accepted ScoutPoi @ Kopachi (196 RU)
[10:37:17] [TASK] Viktor → AcceptMission [ScoutPoi] (goal=AcceptMission)
[10:37:17] [GOAL] Viktor achieved AcceptMission
[10:37:17] [MISSION] Mikhail accepted ScoutPoi @ Limansk (190 RU)
[10:37:17] [TASK] Mikhail → AcceptMission [ScoutPoi] (goal=AcceptMission)
[10:37:17] [GOAL] Mikhail achieved AcceptMission
[10:37:18] [COMBAT] Bohdan Melnyk 'Badger' killed Rat using wpn_pkm
[10:37:19] [INBOUND] Initial +2 stalkers, +1 mutants (remaining S=445 M=298)
[10:37:19] [MISSION] Pavel accepted ScoutPoi @ Limansk (190 RU)
[10:37:19] [TASK] Pavel → AcceptMission [ScoutPoi] (goal=AcceptMission)
[10:37:19] [GOAL] Pavel achieved AcceptMission
[10:37:19] [RANK] Pavel Sokolov 'Wolf' → Trainee
[10:37:19] [COMBAT] Pavel Sokolov 'Wolf' killed Chimera using wpn_pkm
[10:37:19] [COMBAT] Armen Petrov 'Phantom' killed Rustam Petrov 'Razor' using wpn_toz34
[10:37:19] [GEAR] Armen looted [wpn_ak74m, arm_duty, helm_helm_battle] via combat
[10:37:20] [COMBAT] Dmytro Kovalenko 'Scar' killed Lurker using wpn_pkm
[10:37:20] [INBOUND] Initial +3 stalkers, +2 mutants (remaining S=442 M=296)
[10:37:20] [MISSION] Ivan accepted ScoutPoi @ Zalissya (184 RU)
[10:37:20] [TASK] Ivan → AcceptMission [ScoutPoi] (goal=AcceptMission)
[10:37:20] [GOAL] Ivan achieved AcceptMission
[10:37:22] [INBOUND] Initial +2 stalkers, +1 mutants (remaining S=440 M=295)
[10:37:22] [MISSION] Mikhail accepted ScoutPoi @ Deserted Hospital (200 RU)
[10:37:22] [TASK] Mikhail → AcceptMission [ScoutPoi] (goal=AcceptMission)
[10:37:22] [GOAL] Mikhail achieved AcceptMission
[10:37:22] [MISSION] Ivan accepted ScoutPoi @ Deserted Hospital (200 RU)
[10:37:22] [TASK] Ivan → AcceptMission [ScoutPoi] (goal=AcceptMission)
[10:37:22] [GOAL] Ivan achieved AcceptMission
[10:37:22] [COMBAT] Alexei Volkov 'Shadow' killed Flesh using wpn_aksu
[10:37:22] [COMBAT] Sean Popov 'Scar' killed Rat using wpn_rg6
[10:37:22] [COMBAT] Vasyl Melnyk 'Spark' killed Snork using wpn_vintorez
[10:37:23] [INBOUND] Initial +2 stalkers, +1 mutants (remaining S=438 M=294)
[10:37:23] [MISSION] Ivan accepted ScoutPoi @ Generators (230 RU)
[10:37:23] [TASK] Ivan → AcceptMission [ScoutPoi] (goal=AcceptMission)
[10:37:23] [GOAL] Ivan achieved AcceptMission
[10:37:24] [INBOUND] Initial +2 stalkers, +2 mutants (remaining S=436 M=292)
[10:37:24] [CORPSE] Despawned 22 bodies (lifetime=417)
[10:37:24] [MISSION] Andriy accepted ScoutPoi @ Limansk (190 RU)
[10:37:24] [TASK] Andriy → AcceptMission [ScoutPoi] (goal=AcceptMission)
[10:37:24] [GOAL] Andriy achieved AcceptMission
[10:37:25] [TASK] Taras → TradeRun [poi_macro_5] (goal=VisitTrader)
[10:37:25] [GOAL] Taras achieved VisitTrader
[10:37:25] [MISSION] Taras accepted ScoutPoi @ Zalissya (184 RU)
[10:37:25] [TASK] Taras → AcceptMission [ScoutPoi] (goal=AcceptMission)
[10:37:25] [GOAL] Taras achieved AcceptMission
[10:37:25] [INBOUND] Initial +2 stalkers, +1 mutants (remaining S=434 M=291)
[10:37:25] [MISSION] Giorgi accepted ScoutPoi @ Zalissya (184 RU)
[10:37:25] [TASK] Giorgi → AcceptMission [ScoutPoi] (goal=AcceptMission)
[10:37:25] [GOAL] Giorgi achieved AcceptMission
[10:37:26] [COMBAT] Igor Petrenko 'Badger' killed Taras Shevchenko 'Ghost' using wpn_g36
[10:37:27] [INBOUND] Initial +2 stalkers, +2 mutants (remaining S=432 M=289)
[10:37:27] [MISSION] Sean accepted ScoutPoi @ Zalissya (184 RU)
[10:37:27] [TASK] Sean → AcceptMission [ScoutPoi] (goal=AcceptMission)
[10:37:27] [GOAL] Sean achieved AcceptMission
[10:37:28] [INBOUND] Initial +2 stalkers, +1 mutants (remaining S=430 M=288)
[10:37:28] [MISSION] Dmytro accepted ScoutPoi @ Red Forest (196 RU)
[10:37:28] [TASK] Dmytro → AcceptMission [ScoutPoi] (goal=AcceptMission)
[10:37:28] [GOAL] Dmytro achieved AcceptMission
[10:37:28] [MISSION] Taras accepted ScoutPoi @ Cordon (160 RU)
[10:37:28] [TASK] Taras → AcceptMission [ScoutPoi] (goal=AcceptMission)
[10:37:28] [GOAL] Taras achieved AcceptMission
[10:37:29] [COMBAT] Dmytro Volkov 'Fox' killed Alexei Ivanov 'Ash' using wpn_toz34
[10:37:29] [GEAR] Dmytro looted [wpn_ak74, out_monolith_exolight_outfit] via combat
[10:37:29] [COMBAT] Pavel Sokolov 'Spark' killed Taras Melnyk 'Razor' using wpn_gauss
[10:37:29] [GEAR] Pavel looted [wpn_sg550] via combat
[10:37:29] [COMBAT] Sergei Bondarenko 'Mole' killed Viktor Kovalenko 'Shadow' using wpn_fn2000
[10:37:29] [GEAR] Sergei looted [wpn_desert_eagle, arm_exo] via combat
[10:37:30] [INBOUND] Initial +2 stalkers, +1 mutants (remaining S=428 M=287)
[10:37:30] [MISSION] Bakhyt accepted ScoutPoi @ Duga Radar (210 RU)
[10:37:30] [TASK] Bakhyt → AcceptMission [ScoutPoi] (goal=AcceptMission)
[10:37:30] [GOAL] Bakhyt achieved AcceptMission
[10:37:30] [RANK] Viktor Melnyk 'Mole' → Trainee
[10:37:30] [COMBAT] Viktor Melnyk 'Mole' killed Bloodsucker using wpn_gauss
[10:37:31] [COMBAT] Nikolai Popov 'Fox' killed Pseudogiant using wpn_fn2000
[10:37:31] [COMBAT] Nikolai Sokolov 'Scar' killed Flesh using wpn_ak74
[10:37:31] [INBOUND] Initial +2 stalkers, +2 mutants (remaining S=426 M=285)
[10:37:31] [MISSION] Frank accepted ScoutPoi @ Garbage (196 RU)
[10:37:31] [TASK] Frank → AcceptMission [ScoutPoi] (goal=AcceptMission)
[10:37:31] [GOAL] Frank achieved AcceptMission
[10:37:31] [COMBAT] Andrei Ivanov 'Wolf' killed Boar using wpn_toz34
[10:37:31] [MISSION] Viktor accepted ScoutPoi @ Generators (230 RU)
[10:37:31] [TASK] Viktor → AcceptMission [ScoutPoi] (goal=AcceptMission)
[10:37:31] [GOAL] Viktor achieved AcceptMission
[10:37:32] [RANK] Damir Volkov 'Shadow' → Trainee
[10:37:32] [COMBAT] Damir Volkov 'Shadow' killed Controller using wpn_pkm
[10:37:32] [COMBAT] Mykola Petrenko 'Phantom' killed Lurker using wpn_gauss
[10:37:32] [MISSION] Alexei arrived for ScoutPoi @ Bandit Base (travel=522m, work=220s game)
[10:37:32] [INBOUND] Initial +2 stalkers, +1 mutants (remaining S=424 M=284)
[10:37:32] [MISSION] Sergei accepted ScoutPoi @ Army Warehouses (230 RU)
[10:37:32] [TASK] Sergei → AcceptMission [ScoutPoi] (goal=AcceptMission)
[10:37:32] [GOAL] Sergei achieved AcceptMission
[10:37:34] [INBOUND] Initial +2 stalkers, +2 mutants (remaining S=422 M=282)
[10:37:34] [MISSION] Andrei accepted ScoutPoi @ Agroprom (184 RU)
[10:37:34] [TASK] Andrei → AcceptMission [ScoutPoi] (goal=AcceptMission)
[10:37:34] [GOAL] Andrei achieved AcceptMission
[10:37:34] [MISSION] Alexei arrived for ScoutPoi @ Bandit Base (travel=522m, work=220s game)
[10:37:35] [TASK] Oleksiy → FulfillMission [ScoutPoi] (goal=CompleteMission)
[10:37:35] [MISSION] Oleksiy objective done ScoutPoi @ Abandoned Bus → return to Meadow
[10:37:35] [TASK] Nikolai → FulfillMission [ScoutPoi] (goal=CompleteMission)
[10:37:35] [MISSION] Nikolai objective done ScoutPoi @ Abandoned Bus → return to Meadow
[10:37:35] [TASK] Yuriy → FulfillMission [ScoutPoi] (goal=CompleteMission)
[10:37:35] [MISSION] Yuriy objective done ScoutPoi @ Forgotten Pillbox → return to Zalissya
[10:37:35] [TASK] Mykola → FulfillMission [ScoutPoi] (goal=CompleteMission)
[10:37:35] [MISSION] Mykola objective done ScoutPoi @ Windswept Cairn → return to Jupiter (Pripyat Industrial)
[10:37:35] [TASK] Taras → FulfillMission [ScoutPoi] (goal=CompleteMission)
[10:37:35] [MISSION] Taras objective done ScoutPoi @ Hidden Hut → return to Red Forest
[10:37:35] [TASK] Ivan → FulfillMission [ScoutPoi] (goal=CompleteMission)
[10:37:35] [MISSION] Ivan objective done ScoutPoi @ Hidden Hut → return to Red Forest
[10:37:35] [TASK] Viktor → FulfillMission [ScoutPoi] (goal=CompleteMission)
[10:37:35] [MISSION] Viktor objective done ScoutPoi @ Hidden Hut → return to Red Forest
[10:37:35] [TASK] Andrei → FulfillMission [ScoutPoi] (goal=CompleteMission)
[10:37:35] [MISSION] Andrei objective done ScoutPoi @ Hidden Hut → return to Red Forest
[10:37:35] [TASK] Igor → FulfillMission [ScoutPoi] (goal=CompleteMission)
[10:37:35] [MISSION] Igor objective done ScoutPoi @ Ruined Garage → return to Kopachi
[10:37:35] [TASK] Mikhail → FulfillMission [ScoutPoi] (goal=CompleteMission)
[10:37:35] [MISSION] Mikhail objective done ScoutPoi @ Hidden Hut → return to Red Forest
[10:37:35] [TASK] Andriy → FulfillMission [ScoutPoi] (goal=CompleteMission)
[10:37:35] [MISSION] Andriy objective done ScoutPoi @ Loot Crate (Rostok-Truck Ce) → return to Yantar
[10:37:35] [TASK] Zura → FulfillMission [ScoutPoi] (goal=CompleteMission)
[10:37:35] [MISSION] Zura objective done ScoutPoi @ Ruined Garage → return to Kopachi
[10:37:35] [TASK] Mikhail → FulfillMission [ScoutPoi] (goal=CompleteMission)
[10:37:35] [MISSION] Mikhail objective done ScoutPoi @ Windswept Cairn → return to Jupiter (Pripyat Industrial)
[10:37:35] [TASK] Taras → FulfillMission [ScoutPoi] (goal=CompleteMission)
[10:37:35] [MISSION] Taras objective done ScoutPoi @ Windswept Cabin → return to Radar (Brain Scorcher)
[10:37:35] [TASK] Dmytro → FulfillMission [ScoutPoi] (goal=CompleteMission)
[10:37:35] [MISSION] Dmytro objective done ScoutPoi @ Abandoned Hut → return to Cordon
[10:37:35] [TASK] Oleksiy → FulfillMission [ScoutPoi] (goal=CompleteMission)
[10:37:35] [MISSION] Oleksiy objective done ScoutPoi @ Hidden Hut → return to Red Forest
[10:37:35] [TASK] Viktor → FulfillMission [ScoutPoi] (goal=CompleteMission)
[10:37:35] [MISSION] Viktor objective done ScoutPoi @ Hidden Stash (Rostok-Wild Ter) → return to Generators
[10:37:35] [TASK] Alexei → FulfillMission [ScoutPoi] (goal=CompleteMission)
[10:37:35] [MISSION] Alexei objective done ScoutPoi @ Bandit Base → return to Truck Cemetery
[10:37:35] [TASK] Vasyl → FulfillMission [ScoutPoi] (goal=CompleteMission)
[10:37:35] [MISSION] Vasyl objective done ScoutPoi @ Abandoned Bus → return to Meadow
[10:37:35] [TASK] Vasyl → FulfillMission [ScoutPoi] (goal=CompleteMission)
[10:37:35] [MISSION] Vasyl objective done ScoutPoi @ Abandoned Bus → return to Meadow
[10:37:35] [TASK] Alexei → FulfillMission [ScoutPoi] (goal=CompleteMission)
[10:37:35] [MISSION] Alexei objective done ScoutPoi @ Makeshift Outpost → return to Chernobyl Town
[10:37:35] [TASK] Andriy → FulfillMission [ScoutPoi] (goal=CompleteMission)
[10:37:35] [MISSION] Andriy objective done ScoutPoi @ Ruined Garage → return to Kopachi
[10:37:35] [TASK] Bohdan → FulfillMission [ScoutPoi] (goal=CompleteMission)
[10:37:35] [MISSION] Bohdan objective done ScoutPoi @ Hidden Hut → return to Red Forest
[10:37:35] [TASK] Pavel → FulfillMission [ScoutPoi] (goal=CompleteMission)
[10:37:35] [MISSION] Pavel objective done ScoutPoi @ Makeshift Outpost → return to Chernobyl Town
[10:37:35] [TASK] Pavel → FulfillMission [ScoutPoi] (goal=CompleteMission)
[10:37:35] [MISSION] Pavel objective done ScoutPoi @ Makeshift Outpost → return to Chernobyl Town
[10:37:35] [TASK] Dmitri → FulfillMission [ScoutPoi] (goal=CompleteMission)
[10:37:35] [MISSION] Dmitri objective done ScoutPoi @ Loot Crate (Rostok-Truck Ce) → return to Yantar
[10:37:35] [TASK] Taras → FulfillMission [ScoutPoi] (goal=CompleteMission)
[10:37:35] [MISSION] Taras objective done ScoutPoi @ Hidden Hut → return to Red Forest
[10:37:35] [TASK] Viktor → FulfillMission [ScoutPoi] (goal=CompleteMission)
[10:37:35] [MISSION] Viktor objective done ScoutPoi @ Abandoned Bus → return to Meadow
[10:37:35] [TASK] Bakhyt → FulfillMission [ScoutPoi] (goal=CompleteMission)
[10:37:35] [MISSION] Bakhyt objective done ScoutPoi @ Windswept Cabin → return to Radar (Brain Scorcher)
[10:37:35] [TASK] Mykola → FulfillMission [ScoutPoi] (goal=CompleteMission)
[10:37:35] [MISSION] Mykola objective done ScoutPoi @ Abandoned Bus → return to Meadow
[10:37:35] [TASK] Oleksiy → FulfillMission [ScoutPoi] (goal=CompleteMission)
[10:37:35] [MISSION] Oleksiy objective done ScoutPoi @ Ruined Garage → return to Kopachi
[10:37:35] [TASK] Armen → FulfillMission [ScoutPoi] (goal=CompleteMission)
[10:37:35] [MISSION] Armen objective done ScoutPoi @ Abandoned Hut → return to Cordon
[10:37:35] [TASK] Dmitri → FulfillMission [ScoutPoi] (goal=CompleteMission)
[10:37:35] [MISSION] Dmitri objective done ScoutPoi @ Forgotten Shelter → return to Wild Territory
[10:37:35] [INBOUND] Initial +2 stalkers, +1 mutants (remaining S=420 M=281)
[10:37:35] [TASK] Bakhyt → FulfillMission [ScoutPoi] (goal=CompleteMission)
[10:37:35] [MISSION] Bakhyt objective done ScoutPoi @ Mutant Den #0 near Dark Valley → return to Duga Radar
[10:37:35] [TASK] Pavel → FulfillMission [ScoutPoi] (goal=CompleteMission)
[10:37:35] [MISSION] Pavel objective done ScoutPoi @ Duty Checkpoint → return to Limansk
[10:37:35] [TASK] Mikhail → FulfillMission [ScoutPoi] (goal=CompleteMission)
[10:37:35] [MISSION] Mikhail objective done ScoutPoi @ Duty Checkpoint → return to Limansk
[10:37:35] [TASK] Bohdan → FulfillMission [ScoutPoi] (goal=CompleteMission)
[10:37:35] [MISSION] Bohdan objective done ScoutPoi @ Duty Checkpoint → return to Limansk
[10:37:35] [TASK] Sergei → FulfillMission [ScoutPoi] (goal=CompleteMission)
[10:37:35] [MISSION] Sergei objective done ScoutPoi @ Hidden Cairn → return to Dark Valley
[10:37:35] [TASK] Mikhail → FulfillMission [ScoutPoi] (goal=CompleteMission)
[10:37:35] [MISSION] Mikhail objective done ScoutPoi @ Derelict Stash → return to Garbage
[10:37:35] [TASK] Dmitri → FulfillMission [ScoutPoi] (goal=CompleteMission)
[10:37:35] [MISSION] Dmitri objective done ScoutPoi @ Makeshift Outpost → return to Chernobyl Town
[10:37:35] [TASK] Dmytro → FulfillMission [ScoutPoi] (goal=CompleteMission)
[10:37:35] [MISSION] Dmytro objective done ScoutPoi @ Loot Crate (Rostok-Truck Ce) → return to Yantar
[10:37:35] [COMBAT] Taras Melnyk 'Ash' killed Mikhail Volkov 'Lucky' using wpn_aksu
[10:37:35] [GEAR] Taras looted [wpn_pm] via combat
[10:37:35] [TASK] Taras → FulfillMission [ScoutPoi] (goal=CompleteMission)
[10:37:35] [MISSION] Taras objective done ScoutPoi @ Derelict Stash → return to Garbage
[10:37:35] [TASK] Mykola → FulfillMission [ScoutPoi] (goal=CompleteMission)
[10:37:35] [MISSION] Mykola objective done ScoutPoi @ Abandoned Bus → return to Meadow
[10:37:35] [TASK] Damir → FulfillMission [ScoutPoi] (goal=CompleteMission)
[10:37:35] [MISSION] Damir objective done ScoutPoi @ Makeshift Outpost → return to Chernobyl Town
[10:37:35] [TASK] Oleksiy → FulfillMission [ScoutPoi] (goal=CompleteMission)
[10:37:35] [MISSION] Oleksiy objective done ScoutPoi @ Makeshift Camp (Garbage-Agroprom) → return to Deserted Hospital
[10:37:35] [TASK] Bohdan → FulfillMission [ScoutPoi] (goal=CompleteMission)
[10:37:35] [MISSION] Bohdan objective done ScoutPoi @ Duty Checkpoint → return to Limansk
[10:37:35] [TASK] Alibek → FulfillMission [ScoutPoi] (goal=CompleteMission)
[10:37:35] [MISSION] Alibek objective done ScoutPoi @ Mutant Den #0 near Dark Valley → return to Duga Radar
[10:37:35] [TASK] Yuriy → FulfillMission [ScoutPoi] (goal=CompleteMission)
[10:37:35] [MISSION] Yuriy objective done ScoutPoi @ Collapsed Pillbox → return to Army Warehouses
[10:37:35] [TASK] Serhiy → FulfillMission [ScoutPoi] (goal=CompleteMission)
[10:37:35] [MISSION] Serhiy objective done ScoutPoi @ Abandoned Hut → return to Cordon
[10:37:35] [TASK] Dmitri → FulfillMission [ScoutPoi] (goal=CompleteMission)
[10:37:35] [MISSION] Dmitri objective done ScoutPoi @ Abandoned Bus → return to Meadow
[10:37:35] [MISSION] Bohdan accepted ScoutPoi @ Garbage (196 RU)
[10:37:35] [TASK] Bohdan → AcceptMission [ScoutPoi] (goal=AcceptMission)
[10:37:35] [GOAL] Bohdan achieved AcceptMission
[10:37:35] [TASK] Andrei → FulfillMission [ScoutPoi] (goal=CompleteMission)
[10:37:35] [MISSION] Andrei objective done ScoutPoi @ Mutant Den #1 near Rostok → return to Agroprom
[10:37:35] [TASK] Sergei → FulfillMission [ScoutPoi] (goal=CompleteMission)
[10:37:35] [MISSION] Sergei objective done ScoutPoi @ Collapsed Pillbox → return to Army Warehouses
[10:37:35] [TASK] Frank → FulfillMission [ScoutPoi] (goal=CompleteMission)
[10:37:35] [MISSION] Frank objective done ScoutPoi @ Derelict Stash → return to Garbage
[10:37:35] [TASK] Dmytro → FulfillMission [ScoutPoi] (goal=CompleteMission)
[10:37:35] [MISSION] Dmytro objective done ScoutPoi @ Hidden Hut → return to Red Forest
[10:37:35] [TASK] Taras → FulfillMission [ScoutPoi] (goal=CompleteMission)
[10:37:35] [MISSION] Taras objective done ScoutPoi @ Abandoned Hut → return to Cordon
[10:37:35] [TASK] Sean → FulfillMission [ScoutPoi] (goal=CompleteMission)
[10:37:35] [MISSION] Sean objective done ScoutPoi @ Forgotten Pillbox → return to Zalissya
[10:37:35] [TASK] Giorgi → FulfillMission [ScoutPoi] (goal=CompleteMission)
[10:37:35] [MISSION] Giorgi objective done ScoutPoi @ Forgotten Pillbox → return to Zalissya
[10:37:35] [TASK] Andriy → FulfillMission [ScoutPoi] (goal=CompleteMission)
[10:37:35] [MISSION] Andriy objective done ScoutPoi @ Duty Checkpoint → return to Limansk
[10:37:35] [TASK] Ivan → FulfillMission [ScoutPoi] (goal=CompleteMission)
[10:37:35] [MISSION] Ivan objective done ScoutPoi @ Hidden Stash (Rostok-Wild Ter) → return to Generators
[10:37:35] [TASK] Mikhail → FulfillMission [ScoutPoi] (goal=CompleteMission)
[10:37:35] [MISSION] Mikhail objective done ScoutPoi @ Makeshift Camp (Garbage-Agroprom) → return to Deserted Hospital
[10:37:35] [TASK] Ivan → FulfillMission [ScoutPoi] (goal=CompleteMission)
[10:37:35] [MISSION] Ivan objective done ScoutPoi @ Makeshift Camp (Garbage-Agroprom) → return to Deserted Hospital
[10:37:35] [TASK] Ivan → FulfillMission [ScoutPoi] (goal=CompleteMission)
[10:37:35] [MISSION] Ivan objective done ScoutPoi @ Forgotten Pillbox → return to Zalissya
[10:37:35] [TASK] Vasyl → FulfillMission [ScoutPoi] (goal=CompleteMission)
[10:37:35] [MISSION] Vasyl objective done ScoutPoi @ Makeshift Camp (Cordon-Meadow) → return to Great Swamps
[10:37:35] [TASK] Oleg → FulfillMission [ScoutPoi] (goal=CompleteMission)
[10:37:35] [MISSION] Oleg objective done ScoutPoi @ Arena → return to Zaton
[10:37:35] [TASK] Vasyl → FulfillMission [ScoutPoi] (goal=CompleteMission)
[10:37:35] [MISSION] Vasyl objective done ScoutPoi @ Mutant Den #1 near Rostok → return to Sarcophagus
[10:37:35] [TASK] Igor → FulfillMission [ScoutPoi] (goal=CompleteMission)
[10:37:35] [MISSION] Igor objective done ScoutPoi @ Sunken Shack → return to Dead City (Chernobyl-2 Settlement)
[10:37:35] [TASK] Yuriy → FulfillMission [ScoutPoi] (goal=CompleteMission)
[10:37:35] [MISSION] Yuriy objective done ScoutPoi @ Hidden Stash (Rostok-Wild Ter) → return to Generators
[10:37:35] [TASK] Jake → FulfillMission [ScoutPoi] (goal=CompleteMission)
[10:37:35] [MISSION] Jake objective done ScoutPoi @ Abandoned Hut → return to Cordon
[10:37:35] [TASK] Serhiy → FulfillMission [ScoutPoi] (goal=CompleteMission)
[10:37:35] [MISSION] Serhiy objective done ScoutPoi @ Forgotten Pillbox → return to Zalissya
[10:37:35] [TASK] Frank → FulfillMission [ScoutPoi] (goal=CompleteMission)
[10:37:35] [MISSION] Frank objective done ScoutPoi @ Overgrown Hut → return to Buriakivka Waste Site
[10:37:35] [TASK] Serhiy → FulfillMission [ScoutPoi] (goal=CompleteMission)
[10:37:35] [MISSION] Serhiy objective done ScoutPoi @ Hidden Hut → return to Red Forest
[10:37:35] [TASK] Viktor → FulfillMission [ScoutPoi] (goal=CompleteMission)
[10:37:35] [MISSION] Viktor objective done ScoutPoi @ Hidden Hut → return to Red Forest
[10:37:35] [TASK] Dmitri → FulfillMission [ScoutPoi] (goal=CompleteMission)
[10:37:35] [MISSION] Dmitri objective done ScoutPoi @ Loot Crate (Rostok-Truck Ce) → return to Yantar
[10:37:35] [TASK] Oleg → FulfillMission [ScoutPoi] (goal=CompleteMission)
[10:37:35] [MISSION] Oleg objective done ScoutPoi @ Makeshift Outpost → return to Chernobyl Town
[10:37:35] [TASK] Igor → FulfillMission [ScoutPoi] (goal=CompleteMission)
[10:37:35] [MISSION] Igor objective done ScoutPoi @ Derelict Stash → return to Garbage
[10:37:35] [TASK] Zura → FulfillMission [ScoutPoi] (goal=CompleteMission)
[10:37:35] [MISSION] Zura objective done ScoutPoi @ Makeshift Outpost → return to Chernobyl Town
[10:37:35] [TASK] Nikolai → FulfillMission [ScoutPoi] (goal=CompleteMission)
[10:37:35] [MISSION] Nikolai objective done ScoutPoi @ Windswept Cabin → return to Radar (Brain Scorcher)
[10:37:35] [TASK] Yuriy → FulfillMission [ScoutPoi] (goal=CompleteMission)
[10:37:35] [MISSION] Yuriy objective done ScoutPoi @ Ruined Garage → return to Kopachi
[10:37:35] [TASK] Ivan → FulfillMission [ScoutPoi] (goal=CompleteMission)
[10:37:35] [MISSION] Ivan objective done ScoutPoi @ Loot Crate (Rostok-Truck Ce) → return to Yantar
[10:37:35] [TASK] Pavel → FulfillMission [ScoutPoi] (goal=CompleteMission)
[10:37:35] [MISSION] Pavel objective done ScoutPoi @ Windswept Cabin → return to Radar (Brain Scorcher)
[10:37:35] [TASK] Mykola → FulfillMission [ScoutPoi] (goal=CompleteMission)
[10:37:35] [MISSION] Mykola objective done ScoutPoi @ Hidden Hut → return to Red Forest
[10:37:35] [TASK] Bohdan → FulfillMission [ScoutPoi] (goal=CompleteMission)
[10:37:35] [MISSION] Bohdan objective done ScoutPoi @ Ruined Garage → return to Kopachi
[10:37:35] [TASK] Bohdan → FulfillMission [ScoutPoi] (goal=CompleteMission)
[10:37:35] [MISSION] Bohdan objective done ScoutPoi @ Abandoned Bus → return to Meadow
[10:37:35] [TASK] Bohdan → FulfillMission [ScoutPoi] (goal=CompleteMission)
[10:37:35] [MISSION] Bohdan objective done ScoutPoi @ Abandoned Hut → return to Cordon
[10:37:35] [TASK] Andriy → FulfillMission [ScoutPoi] (goal=CompleteMission)
[10:37:35] [MISSION] Andriy objective done ScoutPoi @ Forgotten Shelter → return to Wild Territory
[10:37:35] [TASK] Mykola → FulfillMission [ScoutPoi] (goal=CompleteMission)
[10:37:35] [MISSION] Mykola objective done ScoutPoi @ Ruined Garage → return to Kopachi
[10:37:35] [TASK] Viktor → FulfillMission [ScoutPoi] (goal=CompleteMission)
[10:37:35] [MISSION] Viktor objective done ScoutPoi @ Mutant Den #1 near Rostok → return to Agroprom
[10:37:35] [TASK] Andriy → FulfillMission [ScoutPoi] (goal=CompleteMission)
[10:37:35] [MISSION] Andriy objective done ScoutPoi @ Derelict Stash → return to Garbage
[10:37:35] [TASK] Bohdan → FulfillMission [ScoutPoi] (goal=CompleteMission)
[10:37:35] [MISSION] Bohdan objective done ScoutPoi @ Abandoned Hut → return to Cordon
[10:37:35] [TASK] Nikolai → FulfillMission [ScoutPoi] (goal=CompleteMission)
[10:37:35] [MISSION] Nikolai objective done ScoutPoi @ Makeshift Camp (Cordon-Meadow) → return to Great Swamps
[10:37:35] [TASK] Mykola → FulfillMission [ScoutPoi] (goal=CompleteMission)
[10:37:35] [MISSION] Mykola objective done ScoutPoi @ Duty Checkpoint → return to Limansk
[10:37:35] [TASK] Alexei → FulfillMission [ScoutPoi] (goal=CompleteMission)
[10:37:35] [MISSION] Alexei objective done ScoutPoi @ Abandoned Hut → return to Cordon
[10:37:35] [TASK] Bohdan → FulfillMission [ScoutPoi] (goal=CompleteMission)
[10:37:35] [MISSION] Bohdan objective done ScoutPoi @ Mutant Den #0 near Truck Cemetery → return to Chistogalovka
[10:37:35] [TASK] Sean → FulfillMission [ScoutPoi] (goal=CompleteMission)
[10:37:35] [MISSION] Sean objective done ScoutPoi @ Sunken Shack → return to Dead City (Chernobyl-2 Settlement)
[10:37:35] [TASK] Oleksiy → TurnInMission [ScoutPoi] (goal=CompleteMission)
[10:37:35] [MISSION] Oleksiy turned in ScoutPoi @ Meadow (+164 RU)
[10:37:35] [GOAL] Oleksiy achieved CompleteMission
[10:37:35] [TASK] Nikolai → TurnInMission [ScoutPoi] (goal=CompleteMission)
[10:37:35] [MISSION] Nikolai turned in ScoutPoi @ Meadow (+164 RU)
[10:37:35] [GOAL] Nikolai achieved CompleteMission
[10:37:35] [TASK] Yuriy → TurnInMission [ScoutPoi] (goal=CompleteMission)
[10:37:35] [MISSION] Yuriy turned in ScoutPoi @ Zalissya (+184 RU)
[10:37:35] [GOAL] Yuriy achieved CompleteMission
[10:37:35] [TASK] Mykola → TurnInMission [ScoutPoi] (goal=CompleteMission)
[10:37:35] [MISSION] Mykola turned in ScoutPoi @ Jupiter (Pripyat Industrial) (+236 RU)
[10:37:35] [GOAL] Mykola achieved CompleteMission
[10:37:35] [TASK] Taras → TurnInMission [ScoutPoi] (goal=CompleteMission)
[10:37:35] [MISSION] Taras turned in ScoutPoi @ Red Forest (+196 RU)
[10:37:35] [GOAL] Taras achieved CompleteMission
[10:37:35] [TASK] Ivan → TurnInMission [ScoutPoi] (goal=CompleteMission)
[10:37:35] [MISSION] Ivan turned in ScoutPoi @ Red Forest (+196 RU)
[10:37:35] [GOAL] Ivan achieved CompleteMission
[10:37:35] [TASK] Viktor → TurnInMission [ScoutPoi] (goal=CompleteMission)
[10:37:35] [MISSION] Viktor turned in ScoutPoi @ Red Forest (+196 RU)
[10:37:35] [GOAL] Viktor achieved CompleteMission
[10:37:35] [TASK] Andrei → TurnInMission [ScoutPoi] (goal=CompleteMission)
[10:37:35] [MISSION] Andrei turned in ScoutPoi @ Red Forest (+196 RU)
[10:37:35] [GOAL] Andrei achieved CompleteMission
[10:37:35] [TASK] Igor → TurnInMission [ScoutPoi] (goal=CompleteMission)
[10:37:35] [MISSION] Igor turned in ScoutPoi @ Kopachi (+196 RU)
[10:37:35] [GOAL] Igor achieved CompleteMission
[10:37:35] [TASK] Mikhail → TurnInMission [ScoutPoi] (goal=CompleteMission)
[10:37:35] [MISSION] Mikhail turned in ScoutPoi @ Red Forest (+196 RU)
[10:37:35] [GOAL] Mikhail achieved CompleteMission
[10:37:35] [TASK] Andriy → TurnInMission [ScoutPoi] (goal=CompleteMission)
[10:37:35] [MISSION] Andriy turned in ScoutPoi @ Yantar (+236 RU)
[10:37:35] [GOAL] Andriy achieved CompleteMission
[10:37:35] [TASK] Zura → TurnInMission [ScoutPoi] (goal=CompleteMission)
[10:37:35] [MISSION] Zura turned in ScoutPoi @ Kopachi (+196 RU)
[10:37:35] [GOAL] Zura achieved CompleteMission
[10:37:35] [TASK] Mikhail → TurnInMission [ScoutPoi] (goal=CompleteMission)
[10:37:35] [MISSION] Mikhail turned in ScoutPoi @ Jupiter (Pripyat Industrial) (+236 RU)
[10:37:35] [GOAL] Mikhail achieved CompleteMission
[10:37:35] [TASK] Taras → TurnInMission [ScoutPoi] (goal=CompleteMission)
[10:37:35] [MISSION] Taras turned in ScoutPoi @ Radar (Brain Scorcher) (+236 RU)
[10:37:35] [GOAL] Taras achieved CompleteMission
[10:37:35] [TASK] Dmytro → TurnInMission [ScoutPoi] (goal=CompleteMission)
[10:37:35] [MISSION] Dmytro turned in ScoutPoi @ Cordon (+160 RU)
[10:37:35] [GOAL] Dmytro achieved CompleteMission
[10:37:35] [TASK] Oleksiy → TurnInMission [ScoutPoi] (goal=CompleteMission)
[10:37:35] [MISSION] Oleksiy turned in ScoutPoi @ Red Forest (+196 RU)
[10:37:35] [GOAL] Oleksiy achieved CompleteMission
[10:37:35] [TASK] Viktor → TurnInMission [ScoutPoi] (goal=CompleteMission)
[10:37:35] [MISSION] Viktor turned in ScoutPoi @ Generators (+230 RU)
[10:37:35] [GOAL] Viktor achieved CompleteMission
[10:37:35] [TASK] Vasyl → TurnInMission [ScoutPoi] (goal=CompleteMission)
[10:37:35] [MISSION] Vasyl turned in ScoutPoi @ Meadow (+164 RU)
[10:37:35] [GOAL] Vasyl achieved CompleteMission
[10:37:35] [TASK] Vasyl → TurnInMission [ScoutPoi] (goal=CompleteMission)
[10:37:35] [MISSION] Vasyl turned in ScoutPoi @ Meadow (+164 RU)
[10:37:35] [GOAL] Vasyl achieved CompleteMission
[10:37:35] [TASK] Alexei → TurnInMission [ScoutPoi] (goal=CompleteMission)
[10:37:35] [MISSION] Alexei turned in ScoutPoi @ Chernobyl Town (+200 RU)
[10:37:35] [GOAL] Alexei achieved CompleteMission
[10:37:35] [TASK] Andriy → TurnInMission [ScoutPoi] (goal=CompleteMission)
[10:37:35] [MISSION] Andriy turned in ScoutPoi @ Kopachi (+196 RU)
[10:37:35] [GOAL] Andriy achieved CompleteMission
[10:37:35] [TASK] Bohdan → TurnInMission [ScoutPoi] (goal=CompleteMission)
[10:37:35] [MISSION] Bohdan turned in ScoutPoi @ Red Forest (+196 RU)
[10:37:35] [GOAL] Bohdan achieved CompleteMission
[10:37:35] [TASK] Pavel → TurnInMission [ScoutPoi] (goal=CompleteMission)
[10:37:35] [MISSION] Pavel turned in ScoutPoi @ Chernobyl Town (+200 RU)
[10:37:35] [GOAL] Pavel achieved CompleteMission
[10:37:35] [TASK] Pavel → TurnInMission [ScoutPoi] (goal=CompleteMission)
[10:37:35] [MISSION] Pavel turned in ScoutPoi @ Chernobyl Town (+200 RU)
[10:37:35] [GOAL] Pavel achieved CompleteMission
[10:37:35] [TASK] Dmitri → TurnInMission [ScoutPoi] (goal=CompleteMission)
[10:37:35] [MISSION] Dmitri turned in ScoutPoi @ Yantar (+236 RU)
[10:37:35] [GOAL] Dmitri achieved CompleteMission
[10:37:35] [TASK] Taras → TurnInMission [ScoutPoi] (goal=CompleteMission)
[10:37:35] [MISSION] Taras turned in ScoutPoi @ Red Forest (+196 RU)
[10:37:35] [GOAL] Taras achieved CompleteMission
[10:37:35] [TASK] Viktor → TurnInMission [ScoutPoi] (goal=CompleteMission)
[10:37:35] [MISSION] Viktor turned in ScoutPoi @ Meadow (+164 RU)
[10:37:35] [GOAL] Viktor achieved CompleteMission
[10:37:35] [TASK] Bakhyt → TurnInMission [ScoutPoi] (goal=CompleteMission)
[10:37:35] [MISSION] Bakhyt turned in ScoutPoi @ Radar (Brain Scorcher) (+236 RU)
[10:37:35] [GOAL] Bakhyt achieved CompleteMission
[10:37:35] [TASK] Mykola → TurnInMission [ScoutPoi] (goal=CompleteMission)
[10:37:35] [MISSION] Mykola turned in ScoutPoi @ Meadow (+164 RU)
[10:37:35] [GOAL] Mykola achieved CompleteMission
[10:37:35] [TASK] Oleksiy → TurnInMission [ScoutPoi] (goal=CompleteMission)
[10:37:35] [MISSION] Oleksiy turned in ScoutPoi @ Kopachi (+196 RU)
[10:37:35] [GOAL] Oleksiy achieved CompleteMission
[10:37:35] [TASK] Armen → TurnInMission [ScoutPoi] (goal=CompleteMission)
[10:37:35] [MISSION] Armen turned in ScoutPoi @ Cordon (+160 RU)
[10:37:35] [GOAL] Armen achieved CompleteMission
[10:37:35] [TASK] Dmitri → TurnInMission [ScoutPoi] (goal=CompleteMission)
[10:37:35] [MISSION] Dmitri turned in ScoutPoi @ Wild Territory (+164 RU)
[10:37:35] [GOAL] Dmitri achieved CompleteMission
[10:37:36] [MISSION] Oleksiy accepted ScoutPoi @ Meadow (164 RU)
[10:37:36] [TASK] Oleksiy → AcceptMission [ScoutPoi] (goal=AcceptMission)
[10:37:36] [GOAL] Oleksiy achieved AcceptMission
[10:37:36] [MISSION] Nikolai accepted ScoutPoi @ Meadow (164 RU)
[10:37:36] [TASK] Nikolai → AcceptMission [ScoutPoi] (goal=AcceptMission)
[10:37:36] [GOAL] Nikolai achieved AcceptMission
[10:37:36] [MISSION] Yuriy accepted ScoutPoi @ Zalissya (184 RU)
[10:37:36] [TASK] Yuriy → AcceptMission [ScoutPoi] (goal=AcceptMission)
[10:37:36] [GOAL] Yuriy achieved AcceptMission
[10:37:36] [MISSION] Mykola accepted ScoutPoi @ Jupiter (Pripyat Industrial) (236 RU)
[10:37:36] [TASK] Mykola → AcceptMission [ScoutPoi] (goal=AcceptMission)
[10:37:36] [GOAL] Mykola achieved AcceptMission
[10:37:36] [MISSION] Taras accepted ScoutPoi @ Red Forest (196 RU)
[10:37:36] [TASK] Taras → AcceptMission [ScoutPoi] (goal=AcceptMission)
[10:37:36] [GOAL] Taras achieved AcceptMission
[10:37:36] [MISSION] Ivan accepted ScoutPoi @ Red Forest (196 RU)
[10:37:36] [TASK] Ivan → AcceptMission [ScoutPoi] (goal=AcceptMission)
[10:37:36] [GOAL] Ivan achieved AcceptMission
[10:37:36] [MISSION] Viktor accepted ScoutPoi @ Red Forest (196 RU)
[10:37:36] [TASK] Viktor → AcceptMission [ScoutPoi] (goal=AcceptMission)
[10:37:36] [GOAL] Viktor achieved AcceptMission
[10:37:36] [MISSION] Andrei accepted ScoutPoi @ Red Forest (196 RU)
[10:37:36] [TASK] Andrei → AcceptMission [ScoutPoi] (goal=AcceptMission)
[10:37:36] [GOAL] Andrei achieved AcceptMission
[10:37:36] [MISSION] Igor accepted ScoutPoi @ Kopachi (196 RU)
[10:37:36] [TASK] Igor → AcceptMission [ScoutPoi] (goal=AcceptMission)
[10:37:36] [GOAL] Igor achieved AcceptMission
[10:37:36] [MISSION] Mikhail accepted ScoutPoi @ Red Forest (196 RU)
[10:37:36] [TASK] Mikhail → AcceptMission [ScoutPoi] (goal=AcceptMission)
[10:37:36] [GOAL] Mikhail achieved AcceptMission
[10:37:36] [MISSION] Andriy accepted ScoutPoi @ Yantar (236 RU)
[10:37:36] [TASK] Andriy → AcceptMission [ScoutPoi] (goal=AcceptMission)
[10:37:36] [GOAL] Andriy achieved AcceptMission
[10:37:36] [MISSION] Zura accepted ScoutPoi @ Kopachi (196 RU)
[10:37:36] [TASK] Zura → AcceptMission [ScoutPoi] (goal=AcceptMission)
[10:37:36] [GOAL] Zura achieved AcceptMission
[10:37:36] [MISSION] Mikhail accepted ScoutPoi @ Jupiter (Pripyat Industrial) (236 RU)
[10:37:36] [TASK] Mikhail → AcceptMission [ScoutPoi] (goal=AcceptMission)
[10:37:36] [GOAL] Mikhail achieved AcceptMission
[10:37:36] [MISSION] Taras accepted ScoutPoi @ Radar (Brain Scorcher) (236 RU)
[10:37:36] [TASK] Taras → AcceptMission [ScoutPoi] (goal=AcceptMission)
[10:37:36] [GOAL] Taras achieved AcceptMission
[10:37:36] [MISSION] Dmytro accepted ScoutPoi @ Cordon (160 RU)
[10:37:36] [TASK] Dmytro → AcceptMission [ScoutPoi] (goal=AcceptMission)
[10:37:36] [GOAL] Dmytro achieved AcceptMission
[10:37:36] [MISSION] Oleksiy accepted ScoutPoi @ Red Forest (196 RU)
[10:37:36] [TASK] Oleksiy → AcceptMission [ScoutPoi] (goal=AcceptMission)
[10:37:36] [GOAL] Oleksiy achieved AcceptMission
[10:37:36] [MISSION] Viktor accepted ScoutPoi @ Generators (230 RU)
[10:37:36] [TASK] Viktor → AcceptMission [ScoutPoi] (goal=AcceptMission)
[10:37:36] [GOAL] Viktor achieved AcceptMission
[10:37:36] [MISSION] Vasyl accepted ScoutPoi @ Meadow (164 RU)
[10:37:36] [TASK] Vasyl → AcceptMission [ScoutPoi] (goal=AcceptMission)
[10:37:36] [GOAL] Vasyl achieved AcceptMission
[10:37:36] [MISSION] Vasyl accepted ScoutPoi @ Meadow (164 RU)
[10:37:36] [TASK] Vasyl → AcceptMission [ScoutPoi] (goal=AcceptMission)
[10:37:36] [GOAL] Vasyl achieved AcceptMission
[10:37:36] [MISSION] Alexei accepted ScoutPoi @ Chernobyl Town (200 RU)
[10:37:36] [TASK] Alexei → AcceptMission [ScoutPoi] (goal=AcceptMission)
[10:37:36] [GOAL] Alexei achieved AcceptMission
[10:37:36] [MISSION] Andriy accepted ScoutPoi @ Kopachi (196 RU)
[10:37:36] [TASK] Andriy → AcceptMission [ScoutPoi] (goal=AcceptMission)
[10:37:36] [GOAL] Andriy achieved AcceptMission
[10:37:36] [MISSION] Bohdan accepted ScoutPoi @ Red Forest (196 RU)
[10:37:36] [TASK] Bohdan → AcceptMission [ScoutPoi] (goal=AcceptMission)
[10:37:36] [GOAL] Bohdan achieved AcceptMission
[10:37:36] [MISSION] Pavel accepted ScoutPoi @ Chernobyl Town (200 RU)
[10:37:36] [TASK] Pavel → AcceptMission [ScoutPoi] (goal=AcceptMission)
[10:37:36] [GOAL] Pavel achieved AcceptMission
[10:37:36] [MISSION] Pavel accepted ScoutPoi @ Chernobyl Town (200 RU)
[10:37:36] [TASK] Pavel → AcceptMission [ScoutPoi] (goal=AcceptMission)
[10:37:36] [GOAL] Pavel achieved AcceptMission
[10:37:36] [MISSION] Dmitri accepted ScoutPoi @ Yantar (236 RU)
[10:37:36] [TASK] Dmitri → AcceptMission [ScoutPoi] (goal=AcceptMission)
[10:37:36] [GOAL] Dmitri achieved AcceptMission
[10:37:36] [MISSION] Taras accepted ScoutPoi @ Red Forest (196 RU)
[10:37:36] [TASK] Taras → AcceptMission [ScoutPoi] (goal=AcceptMission)
[10:37:36] [GOAL] Taras achieved AcceptMission
[10:37:36] [MISSION] Viktor accepted ScoutPoi @ Meadow (164 RU)
[10:37:36] [TASK] Viktor → AcceptMission [ScoutPoi] (goal=AcceptMission)
[10:37:36] [GOAL] Viktor achieved AcceptMission
[10:37:36] [MISSION] Bakhyt accepted ScoutPoi @ Radar (Brain Scorcher) (236 RU)
[10:37:36] [TASK] Bakhyt → AcceptMission [ScoutPoi] (goal=AcceptMission)
[10:37:36] [GOAL] Bakhyt achieved AcceptMission
[10:37:36] [MISSION] Mykola accepted ScoutPoi @ Meadow (164 RU)
[10:37:36] [TASK] Mykola → AcceptMission [ScoutPoi] (goal=AcceptMission)
[10:37:36] [GOAL] Mykola achieved AcceptMission
[10:37:36] [MISSION] Oleksiy accepted ScoutPoi @ Kopachi (196 RU)
[10:37:36] [TASK] Oleksiy → AcceptMission [ScoutPoi] (goal=AcceptMission)
[10:37:36] [GOAL] Oleksiy achieved AcceptMission
[10:37:36] [MISSION] Armen accepted ScoutPoi @ Cordon (160 RU)
[10:37:36] [TASK] Armen → AcceptMission [ScoutPoi] (goal=AcceptMission)
[10:37:36] [GOAL] Armen achieved AcceptMission
[10:37:36] [MISSION] Dmitri accepted ScoutPoi @ Wild Territory (164 RU)
[10:37:36] [TASK] Dmitri → AcceptMission [ScoutPoi] (goal=AcceptMission)
[10:37:36] [GOAL] Dmitri achieved AcceptMission
[10:37:40] [INBOUND] Initial +2 stalkers, +1 mutants (remaining S=418 M=280)
[10:37:40] [MISSION] Taras accepted ScoutPoi @ Yantar (236 RU)
[10:37:40] [TASK] Taras → AcceptMission [ScoutPoi] (goal=AcceptMission)
[10:37:40] [GOAL] Taras achieved AcceptMission
[10:37:40] [TASK] Bakhyt → TurnInMission [ScoutPoi] (goal=CompleteMission)
[10:37:40] [MISSION] Bakhyt turned in ScoutPoi @ Duga Radar (+210 RU)
[10:37:40] [GOAL] Bakhyt achieved CompleteMission
[10:37:40] [TASK] Dmitri → TurnInMission [ScoutPoi] (goal=CompleteMission)
[10:37:40] [MISSION] Dmitri turned in ScoutPoi @ Chernobyl Town (+200 RU)
[10:37:40] [GOAL] Dmitri achieved CompleteMission
[10:37:40] [TASK] Dmytro → TurnInMission [ScoutPoi] (goal=CompleteMission)
[10:37:40] [MISSION] Dmytro turned in ScoutPoi @ Yantar (+236 RU)
[10:37:40] [GOAL] Dmytro achieved CompleteMission
[10:37:40] [TASK] Taras → TurnInMission [ScoutPoi] (goal=CompleteMission)
[10:37:40] [MISSION] Taras turned in ScoutPoi @ Garbage (+196 RU)
[10:37:40] [GOAL] Taras achieved CompleteMission
[10:37:40] [TASK] Mykola → TurnInMission [ScoutPoi] (goal=CompleteMission)
[10:37:40] [MISSION] Mykola turned in ScoutPoi @ Meadow (+164 RU)
[10:37:40] [GOAL] Mykola achieved CompleteMission
[10:37:40] [TASK] Damir → TurnInMission [ScoutPoi] (goal=CompleteMission)
[10:37:40] [MISSION] Damir turned in ScoutPoi @ Chernobyl Town (+200 RU)
[10:37:40] [GOAL] Damir achieved CompleteMission
[10:37:40] [TASK] Yuriy → TurnInMission [ScoutPoi] (goal=CompleteMission)
[10:37:40] [MISSION] Yuriy turned in ScoutPoi @ Army Warehouses (+230 RU)
[10:37:40] [GOAL] Yuriy achieved CompleteMission
[10:37:40] [TASK] Serhiy → TurnInMission [ScoutPoi] (goal=CompleteMission)
[10:37:40] [MISSION] Serhiy turned in ScoutPoi @ Cordon (+160 RU)
[10:37:40] [GOAL] Serhiy achieved CompleteMission
[10:37:40] [TASK] Dmitri → TurnInMission [ScoutPoi] (goal=CompleteMission)
[10:37:40] [MISSION] Dmitri turned in ScoutPoi @ Meadow (+164 RU)
[10:37:40] [GOAL] Dmitri achieved CompleteMission
[10:37:40] [TASK] Andrei → TurnInMission [ScoutPoi] (goal=CompleteMission)
[10:37:40] [MISSION] Andrei turned in ScoutPoi @ Agroprom (+184 RU)
[10:37:40] [GOAL] Andrei achieved CompleteMission
[10:37:40] [TASK] Sergei → TurnInMission [ScoutPoi] (goal=CompleteMission)
[10:37:40] [MISSION] Sergei turned in ScoutPoi @ Army Warehouses (+230 RU)
[10:37:40] [GOAL] Sergei achieved CompleteMission
[10:37:40] [TASK] Frank → TurnInMission [ScoutPoi] (goal=CompleteMission)
[10:37:40] [MISSION] Frank turned in ScoutPoi @ Garbage (+196 RU)
[10:37:40] [GOAL] Frank achieved CompleteMission
[10:37:40] [TASK] Dmytro → TurnInMission [ScoutPoi] (goal=CompleteMission)
[10:37:40] [MISSION] Dmytro turned in ScoutPoi @ Red Forest (+196 RU)
[10:37:40] [GOAL] Dmytro achieved CompleteMission
[10:37:40] [TASK] Taras → TurnInMission [ScoutPoi] (goal=CompleteMission)
[10:37:40] [MISSION] Taras turned in ScoutPoi @ Cordon (+160 RU)
[10:37:40] [GOAL] Taras achieved CompleteMission
[10:37:40] [TASK] Sean → TurnInMission [ScoutPoi] (goal=CompleteMission)
[10:37:40] [MISSION] Sean turned in ScoutPoi @ Zalissya (+184 RU)
[10:37:40] [GOAL] Sean achieved CompleteMission
[10:37:40] [TASK] Giorgi → TurnInMission [ScoutPoi] (goal=CompleteMission)
[10:37:40] [MISSION] Giorgi turned in ScoutPoi @ Zalissya (+184 RU)
[10:37:40] [GOAL] Giorgi achieved CompleteMission
[10:37:40] [TASK] Ivan → TurnInMission [ScoutPoi] (goal=CompleteMission)
[10:37:40] [MISSION] Ivan turned in ScoutPoi @ Zalissya (+184 RU)
[10:37:40] [GOAL] Ivan achieved CompleteMission
[10:37:40] [TASK] Jake → TurnInMission [ScoutPoi] (goal=CompleteMission)
[10:37:40] [MISSION] Jake turned in ScoutPoi @ Cordon (+160 RU)
[10:37:40] [GOAL] Jake achieved CompleteMission
[10:37:40] [TASK] Serhiy → TurnInMission [ScoutPoi] (goal=CompleteMission)
[10:37:40] [MISSION] Serhiy turned in ScoutPoi @ Zalissya (+184 RU)
[10:37:40] [GOAL] Serhiy achieved CompleteMission
[10:37:40] [TASK] Serhiy → TurnInMission [ScoutPoi] (goal=CompleteMission)
[10:37:40] [MISSION] Serhiy turned in ScoutPoi @ Red Forest (+196 RU)
[10:37:40] [GOAL] Serhiy achieved CompleteMission
[10:37:40] [TASK] Viktor → TurnInMission [ScoutPoi] (goal=CompleteMission)
[10:37:40] [MISSION] Viktor turned in ScoutPoi @ Red Forest (+196 RU)
[10:37:40] [GOAL] Viktor achieved CompleteMission
[10:37:40] [TASK] Dmitri → TurnInMission [ScoutPoi] (goal=CompleteMission)
[10:37:40] [MISSION] Dmitri turned in ScoutPoi @ Yantar (+236 RU)
[10:37:40] [GOAL] Dmitri achieved CompleteMission
[10:37:40] [TASK] Oleg → TurnInMission [ScoutPoi] (goal=CompleteMission)
[10:37:40] [MISSION] Oleg turned in ScoutPoi @ Chernobyl Town (+200 RU)
[10:37:40] [GOAL] Oleg achieved CompleteMission
[10:37:40] [TASK] Igor → TurnInMission [ScoutPoi] (goal=CompleteMission)
[10:37:40] [MISSION] Igor turned in ScoutPoi @ Garbage (+196 RU)
[10:37:40] [GOAL] Igor achieved CompleteMission
[10:37:40] [TASK] Zura → TurnInMission [ScoutPoi] (goal=CompleteMission)
[10:37:40] [MISSION] Zura turned in ScoutPoi @ Chernobyl Town (+200 RU)
[10:37:40] [GOAL] Zura achieved CompleteMission
[10:37:40] [TASK] Nikolai → TurnInMission [ScoutPoi] (goal=CompleteMission)
[10:37:40] [MISSION] Nikolai turned in ScoutPoi @ Radar (Brain Scorcher) (+236 RU)
[10:37:40] [GOAL] Nikolai achieved CompleteMission
[10:37:40] [TASK] Yuriy → TurnInMission [ScoutPoi] (goal=CompleteMission)
[10:37:40] [MISSION] Yuriy turned in ScoutPoi @ Kopachi (+196 RU)
[10:37:40] [GOAL] Yuriy achieved CompleteMission
[10:37:40] [TASK] Ivan → TurnInMission [ScoutPoi] (goal=CompleteMission)
[10:37:40] [MISSION] Ivan turned in ScoutPoi @ Yantar (+236 RU)
[10:37:40] [GOAL] Ivan achieved CompleteMission
[10:37:40] [TASK] Pavel → TurnInMission [ScoutPoi] (goal=CompleteMission)
[10:37:40] [MISSION] Pavel turned in ScoutPoi @ Radar (Brain Scorcher) (+236 RU)
[10:37:41] [GOAL] Pavel achieved CompleteMission
[10:37:41] [TASK] Mykola → TurnInMission [ScoutPoi] (goal=CompleteMission)
[10:37:41] [MISSION] Mykola turned in ScoutPoi @ Red Forest (+196 RU)
[10:37:41] [GOAL] Mykola achieved CompleteMission
[10:37:41] [TASK] Bohdan → TurnInMission [ScoutPoi] (goal=CompleteMission)
[10:37:41] [MISSION] Bohdan turned in ScoutPoi @ Kopachi (+196 RU)
[10:37:41] [GOAL] Bohdan achieved CompleteMission
[10:37:41] [TASK] Bohdan → TurnInMission [ScoutPoi] (goal=CompleteMission)
[10:37:41] [MISSION] Bohdan turned in ScoutPoi @ Meadow (+164 RU)
[10:37:41] [GOAL] Bohdan achieved CompleteMission
[10:37:41] [TASK] Bohdan → TurnInMission [ScoutPoi] (goal=CompleteMission)
[10:37:41] [MISSION] Bohdan turned in ScoutPoi @ Cordon (+160 RU)
[10:37:41] [GOAL] Bohdan achieved CompleteMission
[10:37:41] [TASK] Andriy → TurnInMission [ScoutPoi] (goal=CompleteMission)
[10:37:41] [MISSION] Andriy turned in ScoutPoi @ Wild Territory (+164 RU)
[10:37:41] [GOAL] Andriy achieved CompleteMission
[10:37:41] [TASK] Mykola → TurnInMission [ScoutPoi] (goal=CompleteMission)
[10:37:41] [MISSION] Mykola turned in ScoutPoi @ Kopachi (+196 RU)
[10:37:41] [GOAL] Mykola achieved CompleteMission
[10:37:41] [TASK] Andriy → TurnInMission [ScoutPoi] (goal=CompleteMission)
[10:37:41] [MISSION] Andriy turned in ScoutPoi @ Garbage (+196 RU)
[10:37:41] [GOAL] Andriy achieved CompleteMission
[10:37:41] [TASK] Bohdan → TurnInMission [ScoutPoi] (goal=CompleteMission)
[10:37:41] [MISSION] Bohdan turned in ScoutPoi @ Cordon (+160 RU)
[10:37:41] [GOAL] Bohdan achieved CompleteMission
[10:37:41] [TASK] Alexei → TurnInMission [ScoutPoi] (goal=CompleteMission)
[10:37:41] [MISSION] Alexei turned in ScoutPoi @ Cordon (+160 RU)
[10:37:41] [GOAL] Alexei achieved CompleteMission
[10:37:41] [MISSION] Bakhyt accepted ScoutPoi @ Duga Radar (210 RU)
[10:37:41] [TASK] Bakhyt → AcceptMission [ScoutPoi] (goal=AcceptMission)
[10:37:41] [GOAL] Bakhyt achieved AcceptMission
[10:37:41] [MISSION] Dmitri accepted ScoutPoi @ Chernobyl Town (200 RU)
[10:37:41] [TASK] Dmitri → AcceptMission [ScoutPoi] (goal=AcceptMission)
[10:37:41] [GOAL] Dmitri achieved AcceptMission
[10:37:41] [MISSION] Dmytro accepted ScoutPoi @ Yantar (236 RU)
[10:37:41] [TASK] Dmytro → AcceptMission [ScoutPoi] (goal=AcceptMission)
[10:37:41] [GOAL] Dmytro achieved AcceptMission
[10:37:41] [MISSION] Taras accepted ScoutPoi @ Garbage (196 RU)
[10:37:41] [TASK] Taras → AcceptMission [ScoutPoi] (goal=AcceptMission)
[10:37:41] [GOAL] Taras achieved AcceptMission
[10:37:41] [MISSION] Mykola accepted ScoutPoi @ Meadow (164 RU)
[10:37:41] [TASK] Mykola → AcceptMission [ScoutPoi] (goal=AcceptMission)
[10:37:41] [GOAL] Mykola achieved AcceptMission
[10:37:41] [MISSION] Damir accepted ScoutPoi @ Chernobyl Town (200 RU)
[10:37:41] [TASK] Damir → AcceptMission [ScoutPoi] (goal=AcceptMission)
[10:37:41] [GOAL] Damir achieved AcceptMission
[10:37:41] [MISSION] Yuriy accepted ScoutPoi @ Army Warehouses (230 RU)
[10:37:41] [TASK] Yuriy → AcceptMission [ScoutPoi] (goal=AcceptMission)
[10:37:41] [GOAL] Yuriy achieved AcceptMission
[10:37:41] [MISSION] Serhiy accepted ScoutPoi @ Cordon (160 RU)
[10:37:41] [TASK] Serhiy → AcceptMission [ScoutPoi] (goal=AcceptMission)
[10:37:41] [GOAL] Serhiy achieved AcceptMission
[10:37:41] [MISSION] Dmitri accepted ScoutPoi @ Meadow (164 RU)
[10:37:41] [TASK] Dmitri → AcceptMission [ScoutPoi] (goal=AcceptMission)
[10:37:41] [GOAL] Dmitri achieved AcceptMission
[10:37:41] [MISSION] Andrei accepted ScoutPoi @ Agroprom (184 RU)
[10:37:41] [TASK] Andrei → AcceptMission [ScoutPoi] (goal=AcceptMission)
[10:37:41] [GOAL] Andrei achieved AcceptMission
[10:37:41] [MISSION] Sergei accepted ScoutPoi @ Army Warehouses (230 RU)
[10:37:41] [TASK] Sergei → AcceptMission [ScoutPoi] (goal=AcceptMission)
[10:37:41] [GOAL] Sergei achieved AcceptMission
[10:37:41] [MISSION] Frank accepted ScoutPoi @ Garbage (196 RU)
[10:37:41] [TASK] Frank → AcceptMission [ScoutPoi] (goal=AcceptMission)
[10:37:41] [GOAL] Frank achieved AcceptMission
[10:37:41] [MISSION] Dmytro accepted ScoutPoi @ Red Forest (196 RU)
[10:37:41] [TASK] Dmytro → AcceptMission [ScoutPoi] (goal=AcceptMission)
[10:37:41] [GOAL] Dmytro achieved AcceptMission
[10:37:41] [MISSION] Taras accepted ScoutPoi @ Cordon (160 RU)
[10:37:41] [TASK] Taras → AcceptMission [ScoutPoi] (goal=AcceptMission)
[10:37:41] [GOAL] Taras achieved AcceptMission
[10:37:41] [MISSION] Sean accepted ScoutPoi @ Zalissya (184 RU)
[10:37:41] [TASK] Sean → AcceptMission [ScoutPoi] (goal=AcceptMission)
[10:37:41] [GOAL] Sean achieved AcceptMission
[10:37:41] [MISSION] Giorgi accepted ScoutPoi @ Zalissya (184 RU)
[10:37:41] [TASK] Giorgi → AcceptMission [ScoutPoi] (goal=AcceptMission)
[10:37:41] [GOAL] Giorgi achieved AcceptMission
[10:37:41] [MISSION] Ivan accepted ScoutPoi @ Zalissya (184 RU)
[10:37:41] [TASK] Ivan → AcceptMission [ScoutPoi] (goal=AcceptMission)
[10:37:41] [GOAL] Ivan achieved AcceptMission
[10:37:41] [MISSION] Jake accepted ScoutPoi @ Cordon (160 RU)
[10:37:41] [TASK] Jake → AcceptMission [ScoutPoi] (goal=AcceptMission)
[10:37:41] [GOAL] Jake achieved AcceptMission
[10:37:41] [MISSION] Serhiy accepted ScoutPoi @ Zalissya (184 RU)
[10:37:41] [TASK] Serhiy → AcceptMission [ScoutPoi] (goal=AcceptMission)
[10:37:41] [GOAL] Serhiy achieved AcceptMission
[10:37:41] [MISSION] Serhiy accepted ScoutPoi @ Red Forest (196 RU)
[10:37:41] [TASK] Serhiy → AcceptMission [ScoutPoi] (goal=AcceptMission)
[10:37:41] [GOAL] Serhiy achieved AcceptMission
[10:37:41] [MISSION] Viktor accepted ScoutPoi @ Red Forest (196 RU)
[10:37:41] [TASK] Viktor → AcceptMission [ScoutPoi] (goal=AcceptMission)
[10:37:41] [GOAL] Viktor achieved AcceptMission
[10:37:41] [MISSION] Dmitri accepted ScoutPoi @ Yantar (236 RU)
[10:37:41] [TASK] Dmitri → AcceptMission [ScoutPoi] (goal=AcceptMission)
[10:37:41] [GOAL] Dmitri achieved AcceptMission
[10:37:41] [MISSION] Oleg accepted ScoutPoi @ Chernobyl Town (200 RU)
[10:37:41] [TASK] Oleg → AcceptMission [ScoutPoi] (goal=AcceptMission)
[10:37:41] [GOAL] Oleg achieved AcceptMission
[10:37:41] [MISSION] Igor accepted ScoutPoi @ Garbage (196 RU)
[10:37:41] [TASK] Igor → AcceptMission [ScoutPoi] (goal=AcceptMission)
[10:37:41] [GOAL] Igor achieved AcceptMission
[10:37:41] [MISSION] Zura accepted ScoutPoi @ Chernobyl Town (200 RU)
[10:37:41] [TASK] Zura → AcceptMission [ScoutPoi] (goal=AcceptMission)
[10:37:41] [GOAL] Zura achieved AcceptMission
[10:37:41] [MISSION] Nikolai accepted ScoutPoi @ Radar (Brain Scorcher) (236 RU)
[10:37:41] [TASK] Nikolai → AcceptMission [ScoutPoi] (goal=AcceptMission)
[10:37:41] [GOAL] Nikolai achieved AcceptMission
[10:37:41] [MISSION] Yuriy accepted ScoutPoi @ Kopachi (196 RU)
[10:37:41] [TASK] Yuriy → AcceptMission [ScoutPoi] (goal=AcceptMission)
[10:37:41] [GOAL] Yuriy achieved AcceptMission
[10:37:41] [MISSION] Ivan accepted ScoutPoi @ Yantar (236 RU)
[10:37:41] [TASK] Ivan → AcceptMission [ScoutPoi] (goal=AcceptMission)
[10:37:41] [GOAL] Ivan achieved AcceptMission
[10:37:41] [MISSION] Pavel accepted ScoutPoi @ Radar (Brain Scorcher) (236 RU)
[10:37:41] [TASK] Pavel → AcceptMission [ScoutPoi] (goal=AcceptMission)
[10:37:41] [GOAL] Pavel achieved AcceptMission
[10:37:41] [MISSION] Mykola accepted ScoutPoi @ Red Forest (196 RU)
[10:37:41] [TASK] Mykola → AcceptMission [ScoutPoi] (goal=AcceptMission)
[10:37:41] [GOAL] Mykola achieved AcceptMission
[10:37:41] [MISSION] Bohdan accepted ScoutPoi @ Kopachi (196 RU)
[10:37:41] [TASK] Bohdan → AcceptMission [ScoutPoi] (goal=AcceptMission)
[10:37:41] [GOAL] Bohdan achieved AcceptMission
[10:37:41] [MISSION] Bohdan accepted ScoutPoi @ Meadow (164 RU)
[10:37:41] [TASK] Bohdan → AcceptMission [ScoutPoi] (goal=AcceptMission)
[10:37:41] [GOAL] Bohdan achieved AcceptMission
[10:37:41] [MISSION] Bohdan accepted ScoutPoi @ Cordon (160 RU)
[10:37:41] [TASK] Bohdan → AcceptMission [ScoutPoi] (goal=AcceptMission)
[10:37:41] [GOAL] Bohdan achieved AcceptMission
[10:37:41] [MISSION] Andriy accepted ScoutPoi @ Wild Territory (164 RU)
[10:37:41] [TASK] Andriy → AcceptMission [ScoutPoi] (goal=AcceptMission)
[10:37:41] [GOAL] Andriy achieved AcceptMission
[10:37:41] [MISSION] Mykola accepted ScoutPoi @ Kopachi (196 RU)
[10:37:41] [TASK] Mykola → AcceptMission [ScoutPoi] (goal=AcceptMission)
[10:37:41] [GOAL] Mykola achieved AcceptMission
[10:37:41] [MISSION] Andriy accepted ScoutPoi @ Garbage (196 RU)
[10:37:41] [TASK] Andriy → AcceptMission [ScoutPoi] (goal=AcceptMission)
[10:37:41] [GOAL] Andriy achieved AcceptMission
[10:37:41] [MISSION] Bohdan accepted ScoutPoi @ Cordon (160 RU)
[10:37:41] [TASK] Bohdan → AcceptMission [ScoutPoi] (goal=AcceptMission)
[10:37:41] [GOAL] Bohdan achieved AcceptMission
[10:37:41] [MISSION] Alexei accepted ScoutPoi @ Cordon (160 RU)
[10:37:41] [TASK] Alexei → AcceptMission [ScoutPoi] (goal=AcceptMission)
[10:37:41] [GOAL] Alexei achieved AcceptMission
[10:37:45] [COMBAT] Pavel Shevchenko 'Spark' killed Pseudodog using wpn_pkm
[10:37:46] [COMBAT] Heinrich Ivanov 'Ash' killed Pseudodog using wpn_g36
[10:37:46] [INBOUND] Initial +3 stalkers, +2 mutants (remaining S=415 M=278)
[10:37:46] [CORPSE] Despawned 31 bodies (lifetime=448)
[10:37:46] [MISSION] Oleksiy accepted ScoutPoi @ Zalissya (184 RU)
[10:37:46] [TASK] Oleksiy → AcceptMission [ScoutPoi] (goal=AcceptMission)
[10:37:46] [GOAL] Oleksiy achieved AcceptMission
[10:37:47] [COMBAT] Pavel Volkov 'Phantom' killed Flesh using wpn_gauss
[10:37:48] [INBOUND] Initial +2 stalkers, +1 mutants (remaining S=413 M=277)
[10:37:48] [SNAPSHOT] real=11.2min game=D0 00:26 alive S=309 M=221 corpses=928 lootable=434 gammaGear out=156 helm=268 avgRU=988 leaderGoals trade=0 mission=74 emission=Dormant nextIn=78gmin desperate=1 hungry=0 interval deaths=27 combats=42 tasks=256 gearLoot=5 gearBuy=0 missions=161 corpseDespawn=53 trickleSpawns=0 ranks=[Rookie:251,Trainee:18,Experienced:24,Professional:9,Veteran:7] goals=[CompleteMission::73,Idle:73,Traveling:33,AcceptMission::1] leaders: Taras[Rookie/CompleteMission:], Bakhyt[Rookie/CompleteMission:], Pavel[Rookie/Traveling], Mikhail[Rookie/Traveling], Bohdan[Rookie/Traveling]
[10:37:48] [MISSION] Yuriy accepted ScoutPoi @ Meadow (164 RU)
[10:37:48] [TASK] Yuriy → AcceptMission [ScoutPoi] (goal=AcceptMission)
[10:37:48] [GOAL] Yuriy achieved AcceptMission
[10:37:48] [COMBAT] Oleksiy Popov 'Spark' killed Mykola Petrov 'Badger' using wpn_vintorez
[10:37:48] [COMBAT] Jake Sokolov 'Crow' killed Boar using wpn_pm
[10:37:48] [COMBAT] Dmytro Bondarenko 'Bone' killed Boar using wpn_fn2000
[10:37:49] [INBOUND] Initial +2 stalkers, +1 mutants (remaining S=411 M=276)
[10:37:49] [MISSION] Viktor accepted ScoutPoi @ Dark Valley (168 RU)
[10:37:49] [TASK] Viktor → AcceptMission [ScoutPoi] (goal=AcceptMission)
[10:37:49] [GOAL] Viktor achieved AcceptMission
[10:37:49] [COMBAT] Pavel Sokolov 'Jackal' killed Burer using wpn_fn2000
[10:37:50] [INBOUND] Initial +2 stalkers, +2 mutants (remaining S=409 M=274)
[10:37:50] [MISSION] Frank accepted ScoutPoi @ Dead City (Chernobyl-2 Settlement) (190 RU)
[10:37:50] [TASK] Frank → AcceptMission [ScoutPoi] (goal=AcceptMission)
[10:37:50] [GOAL] Frank achieved AcceptMission
[10:37:52] [INBOUND] Initial +2 stalkers, +1 mutants (remaining S=407 M=273)
[10:37:52] [MISSION] Dmytro accepted ScoutPoi @ Garbage (196 RU)
[10:37:52] [TASK] Dmytro → AcceptMission [ScoutPoi] (goal=AcceptMission)
[10:37:52] [GOAL] Dmytro achieved AcceptMission
[10:37:52] [COMBAT] Taras Kovalenko 'Bullet' killed Poltergeist using wpn_fn2000
[10:37:52] [COMBAT] Heinrich Petrenko 'Badger' killed Flesh using wpn_m4a1
[10:37:53] [INBOUND] Initial +2 stalkers, +2 mutants (remaining S=405 M=271)
[10:37:53] [MISSION] Ivan accepted ScoutPoi @ Buriakivka Waste Site (160 RU)
[10:37:53] [TASK] Ivan → AcceptMission [ScoutPoi] (goal=AcceptMission)
[10:37:53] [GOAL] Ivan achieved AcceptMission
[10:37:53] [COMBAT] Dmitri Bondarenko 'Phantom' killed Fracture using wpn_aksu
[10:37:54] [INBOUND] Initial +2 stalkers, +1 mutants (remaining S=403 M=270)
[10:37:54] [MISSION] Nikolai accepted ScoutPoi @ Dead City (Chernobyl-2 Settlement) (190 RU)
[10:37:54] [TASK] Nikolai → AcceptMission [ScoutPoi] (goal=AcceptMission)
[10:37:54] [GOAL] Nikolai achieved AcceptMission
[10:37:55] [COMBAT] Serhiy Popov 'Scar' killed Burer using wpn_gauss
[10:37:55] [COMBAT] Pierre Sokolov 'Crow' killed Snork using wpn_vintorez
[10:37:56] [INBOUND] Initial +2 stalkers, +1 mutants (remaining S=401 M=269)
[10:37:56] [MISSION] Andrei accepted ScoutPoi @ Sarcophagus (184 RU)
[10:37:56] [TASK] Andrei → AcceptMission [ScoutPoi] (goal=AcceptMission)
[10:37:56] [GOAL] Andrei achieved AcceptMission
[10:37:56] [COMBAT] Bohdan Sokolov 'The Butcher' killed Pavel Popov 'Spark' using wpn_fn2000
[10:37:56] [GEAR] Bohdan looted [wpn_vintorez, wpn_mp5, arm_exo, helm_helm_tactic] via combat
[10:37:57] [INBOUND] Initial +2 stalkers, +2 mutants (remaining S=399 M=267)
[10:37:57] [MISSION] Igor accepted ScoutPoi @ Garbage (196 RU)
[10:37:57] [TASK] Igor → AcceptMission [ScoutPoi] (goal=AcceptMission)
[10:37:57] [GOAL] Igor achieved AcceptMission
[10:37:58] [INBOUND] Initial +2 stalkers, +1 mutants (remaining S=397 M=266)
[10:37:58] [COMBAT] Yuriy Kovalenko 'Shadow' killed Tushkano using wpn_pm
[10:37:58] [MISSION] Lars accepted ScoutPoi @ Great Swamps (168 RU)
[10:37:58] [TASK] Lars → AcceptMission [ScoutPoi] (goal=AcceptMission)
[10:37:58] [GOAL] Lars achieved AcceptMission
[10:37:59] [COMBAT] Ivan Petrenko 'Badger' killed Fracture using wpn_vintorez
[10:38:00] [INBOUND] Initial +2 stalkers, +2 mutants (remaining S=395 M=264)
[10:38:00] [CORPSE] Despawned 33 bodies (lifetime=481)
[10:38:00] [RANK] Bohdan Kovalenko 'Crow' → Experienced
[10:38:00] [COMBAT] Bohdan Kovalenko 'Crow' killed Tushkano using wpn_val
[10:38:00] [COMBAT] Viktor Shevchenko 'Broken Nose' killed Taras Melnyk 'Ash' using wpn_fort12
[10:38:00] [GEAR] Viktor looted [wpn_aksu, wpn_pm, arm_stalker, helm_helm_ach7] via combat
[10:38:01] [INBOUND] Initial +2 stalkers, +1 mutants (remaining S=393 M=263)
[10:38:01] [MISSION] Oleg accepted ScoutPoi @ Dark Valley (168 RU)
[10:38:01] [TASK] Oleg → AcceptMission [ScoutPoi] (goal=AcceptMission)
[10:38:01] [GOAL] Oleg achieved AcceptMission
[10:38:01] [COMBAT] Giorgi Ivanov 'Scar' killed Flesh using wpn_mp5
[10:38:01] [RANK] Pavel Volkov 'Phantom' → Experienced
[10:38:01] [COMBAT] Pavel Volkov 'Phantom' killed BlindDog using wpn_gauss
[10:38:02] [INBOUND] Initial +2 stalkers, +1 mutants (remaining S=391 M=262)
[10:38:03] [COMBAT] Dmitri Sokolov 'Shadow' killed Snork using wpn_ak74m
[10:38:03] [INBOUND] Initial +2 stalkers, +2 mutants (remaining S=389 M=260)
[10:38:03] [MISSION] Oleksiy accepted ScoutPoi @ Great Swamps (168 RU)
[10:38:03] [TASK] Oleksiy → AcceptMission [ScoutPoi] (goal=AcceptMission)
[10:38:03] [GOAL] Oleksiy achieved AcceptMission
[10:38:04] [COMBAT] Taras Melnyk 'Scar' killed Boar using wpn_toz34
[10:38:05] [INBOUND] Initial +3 stalkers, +1 mutants (remaining S=386 M=259)
[10:38:05] [MISSION] Dmitri accepted ScoutPoi @ Sarcophagus (184 RU)
[10:38:05] [TASK] Dmitri → AcceptMission [ScoutPoi] (goal=AcceptMission)
[10:38:05] [GOAL] Dmitri achieved AcceptMission
[10:38:06] [INBOUND] Initial +2 stalkers, +2 mutants (remaining S=384 M=257)
[10:38:06] [MISSION] Igor accepted ScoutPoi @ Generators (230 RU)
[10:38:06] [TASK] Igor → AcceptMission [ScoutPoi] (goal=AcceptMission)
[10:38:06] [GOAL] Igor achieved AcceptMission
[10:38:06] [MISSION] Andriy accepted ScoutPoi @ Great Swamps (168 RU)
[10:38:06] [TASK] Andriy → AcceptMission [ScoutPoi] (goal=AcceptMission)
[10:38:06] [GOAL] Andriy achieved AcceptMission
[10:38:07] [INBOUND] Initial +2 stalkers, +1 mutants (remaining S=382 M=256)
[10:38:07] [MISSION] Nikolai accepted ScoutPoi @ Meadow (164 RU)
[10:38:07] [TASK] Nikolai → AcceptMission [ScoutPoi] (goal=AcceptMission)
[10:38:07] [GOAL] Nikolai achieved AcceptMission
[10:38:08] [COMBAT] Sean Popov 'Scar' killed Oleksiy Melnyk 'Stitch' using wpn_rg6
[10:38:08] [GEAR] Sean looted [wpn_fort12] via combat
[10:38:09] [INBOUND] Initial +2 stalkers, +1 mutants (remaining S=380 M=255)
[10:38:09] [MISSION] Andrei accepted ScoutPoi @ Wild Territory (164 RU)
[10:38:09] [TASK] Andrei → AcceptMission [ScoutPoi] (goal=AcceptMission)
[10:38:09] [GOAL] Andrei achieved AcceptMission
[10:38:10] [COMBAT] Sergei Bondarenko 'Mole' killed Serhiy Popov 'Crow' using wpn_fn2000
[10:38:10] [GEAR] Sergei looted [arm_exo, helm_helm_spartan] via combat
[10:38:10] [COMBAT] Bohdan Kovalenko 'Stitch' killed BlindDog using wpn_pm
[10:38:10] [INBOUND] Initial +2 stalkers, +2 mutants (remaining S=378 M=253)
[10:38:10] [MISSION] Lars accepted ScoutPoi @ Buriakivka Waste Site (160 RU)
[10:38:10] [TASK] Lars → AcceptMission [ScoutPoi] (goal=AcceptMission)
[10:38:10] [GOAL] Lars achieved AcceptMission
[10:38:11] [COMBAT] Frank Kovalenko 'Viper' killed Fracture using wpn_fn2000
[10:38:11] [INBOUND] Initial +2 stalkers, +1 mutants (remaining S=376 M=252)
[10:38:11] [MISSION] Ivan accepted ScoutPoi @ Rostok (190 RU)
[10:38:11] [TASK] Ivan → AcceptMission [ScoutPoi] (goal=AcceptMission)
[10:38:11] [GOAL] Ivan achieved AcceptMission
[10:38:11] [MISSION] Sergei accepted ScoutPoi @ Limansk (190 RU)
[10:38:11] [TASK] Sergei → AcceptMission [ScoutPoi] (goal=AcceptMission)
[10:38:11] [GOAL] Sergei achieved AcceptMission
[10:38:12] [COMBAT] Sean Volkov 'Mole' killed Boar using wpn_toz34
[10:38:13] [INBOUND] Initial +2 stalkers, +1 mutants (remaining S=374 M=251)
[10:38:13] [CORPSE] Despawned 21 bodies (lifetime=502)
[10:38:13] [MISSION] Andriy accepted ScoutPoi @ Kopachi (196 RU)
[10:38:13] [TASK] Andriy → AcceptMission [ScoutPoi] (goal=AcceptMission)
[10:38:13] [GOAL] Andriy achieved AcceptMission
[10:38:13] [COMBAT] Oleg Shevchenko 'Spark' killed Oleksiy Bondarenko 'Shadow' using wpn_ak74
[10:38:13] [GEAR] Oleg looted [wpn_ak74, wpn_sg550, helm_helm_spartan] via combat
[10:38:13] [COMBAT] Andrei Melnyk 'Spark' killed Taras Ivanov 'Broken Nose' using wpn_pkm
[10:38:13] [COMBAT] Dmytro Petrenko 'Viper' killed Poltergeist using wpn_fn2000
[10:38:14] [COMBAT] Ivan Sokolov 'Raven' killed Burer using wpn_fn2000
[10:38:14] [COMBAT] Nikolai Popov 'Stitch' killed Flesh using wpn_pm
[10:38:14] [INBOUND] Initial +2 stalkers, +2 mutants (remaining S=372 M=249)
[10:38:14] [MISSION] Vasyl accepted ScoutPoi @ Truck Cemetery (210 RU)
[10:38:14] [TASK] Vasyl → AcceptMission [ScoutPoi] (goal=AcceptMission)
[10:38:14] [GOAL] Vasyl achieved AcceptMission
[10:38:15] [INBOUND] Initial +2 stalkers, +1 mutants (remaining S=370 M=248)
[10:38:16] [RANK] Viktor Sokolov 'Bone' → Experienced
[10:38:16] [COMBAT] Viktor Sokolov 'Bone' killed Burer using wpn_gauss
[10:38:17] [INBOUND] Initial +2 stalkers, +2 mutants (remaining S=368 M=246)
[10:38:17] [MISSION] Mikhail accepted ScoutPoi @ Agroprom (184 RU)
[10:38:17] [TASK] Mikhail → AcceptMission [ScoutPoi] (goal=AcceptMission)
[10:38:17] [GOAL] Mikhail achieved AcceptMission
[10:38:17] [COMBAT] Igor Bondarenko 'Ugly' killed Mykola Shevchenko 'Spark' using wpn_pm
[10:38:17] [GEAR] Igor looted [wpn_aksu, wpn_pm] via combat
[10:38:18] [INBOUND] Initial +2 stalkers, +1 mutants (remaining S=366 M=245)
[10:38:18] [SNAPSHOT] real=11.7min game=D0 00:27 alive S=304 M=231 corpses=948 lootable=450 gammaGear out=151 helm=264 avgRU=980 leaderGoals trade=0 mission=91 emission=Dormant nextIn=77gmin desperate=1 hungry=0 interval deaths=52 combats=74 tasks=22 gearLoot=6 gearBuy=0 missions=22 corpseDespawn=54 trickleSpawns=0 ranks=[Rookie:251,Trainee:15,Experienced:23,Professional:9,Veteran:6] goals=[CompleteMission::90,Idle:73,Traveling:17,AcceptMission::1] leaders: Damir[Rookie/AcceptMission:], Andriy[Rookie/CompleteMission:], Ivan[Rookie/CompleteMission:], Sergei[Rookie/CompleteMission:], Lars[Rookie/CompleteMission:]
[10:38:18] [MISSION] Damir accepted ScoutPoi @ Garbage (196 RU)
[10:38:18] [TASK] Damir → AcceptMission [ScoutPoi] (goal=AcceptMission)
[10:38:18] [GOAL] Damir achieved AcceptMission
[10:38:19] [COMBAT] Dmytro Petrenko 'Phantom' killed Bohdan Kovalenko 'Viper' using wpn_mp5
[10:38:19] [GEAR] Dmytro looted [wpn_pb] via combat
[10:38:19] [COMBAT] Heinrich Ivanov 'Ash' killed Snork using wpn_g36
[10:38:19] [COMBAT] Taras Sokolov 'Scar' killed Lurker using wpn_vintorez
[10:38:19] [INBOUND] Initial +2 stalkers, +1 mutants (remaining S=364 M=244)
[10:38:19] [MISSION] Yuriy accepted ScoutPoi @ Sarcophagus (184 RU)
[10:38:19] [TASK] Yuriy → AcceptMission [ScoutPoi] (goal=AcceptMission)
[10:38:19] [GOAL] Yuriy achieved AcceptMission
[10:38:19] [COMBAT] Vasyl Petrenko 'Wolf' killed Sergei Petrenko 'Lucky' using wpn_aksu
[10:38:19] [GEAR] Vasyl looted [wpn_pm, out_stalker_tigerstripe_outfit, helm_helm_respirator_gp5] via combat
[10:38:20] [COMBAT] Igor Popov 'Scar' killed Damir Volkov 'The Butcher' using wpn_ak74
[10:38:20] [GEAR] Igor looted [out_stalker_tigerstripe_outfit] via combat
[10:38:21] [INBOUND] Initial +2 stalkers, +2 mutants (remaining S=362 M=242)
[10:38:21] [MISSION] Viktor accepted ScoutPoi @ Kopachi (196 RU)
[10:38:21] [TASK] Viktor → AcceptMission [ScoutPoi] (goal=AcceptMission)
[10:38:21] [GOAL] Viktor achieved AcceptMission
[10:38:22] [COMBAT] Sergei Popov 'Fox' killed Bloodsucker using wpn_fn2000
[10:38:22] [COMBAT] Nikolai Popov 'Mole' killed Flesh using wpn_gauss
[10:38:22] [INBOUND] Initial +3 stalkers, +1 mutants (remaining S=359 M=241)
[10:38:22] [MISSION] Viktor accepted ScoutPoi @ Rostok (190 RU)
[10:38:22] [TASK] Viktor → AcceptMission [ScoutPoi] (goal=AcceptMission)
[10:38:22] [GOAL] Viktor achieved AcceptMission
[10:38:23] [INBOUND] Initial +2 stalkers, +2 mutants (remaining S=357 M=239)
[10:38:24] [COMBAT] Serhiy Popov 'Scar' killed PsyDog using wpn_gauss
[10:38:25] [INBOUND] Initial +2 stalkers, +1 mutants (remaining S=355 M=238)
[10:38:25] [MISSION] Damir accepted ScoutPoi @ Great Swamps (168 RU)
[10:38:25] [TASK] Damir → AcceptMission [ScoutPoi] (goal=AcceptMission)
[10:38:25] [GOAL] Damir achieved AcceptMission
[10:38:26] [COMBAT] Ivan Ivanov 'Mole' killed Flesh using wpn_ak74
[10:38:26] [INBOUND] Initial +2 stalkers, +1 mutants (remaining S=353 M=237)
[10:38:26] [CORPSE] Despawned 20 bodies (lifetime=522)
[10:38:27] [INBOUND] Initial +2 stalkers, +2 mutants (remaining S=351 M=235)
[10:38:27] [MISSION] Igor accepted ScoutPoi @ Wild Territory (164 RU)
[10:38:27] [TASK] Igor → AcceptMission [ScoutPoi] (goal=AcceptMission)
[10:38:27] [GOAL] Igor achieved AcceptMission
[10:38:28] [RANK] Taras Melnyk 'Scar' → Trainee
[10:38:28] [COMBAT] Taras Melnyk 'Scar' killed Pseudodog using wpn_toz34
[10:38:29] [INBOUND] Initial +2 stalkers, +1 mutants (remaining S=349 M=234)
[10:38:29] [COMBAT] Ivan Sokolov 'Raven' killed Boar using wpn_fn2000
[10:38:29] [COMBAT] Dmytro Petrov 'Shadow' killed Bloodsucker using wpn_gauss
[10:38:29] [COMBAT] Mykola Kovalenko 'Crow' killed Poltergeist using wpn_mp5
[10:38:30] [INBOUND] Initial +2 stalkers, +2 mutants (remaining S=347 M=232)
[10:38:30] [MISSION] Ivan accepted ScoutPoi @ Limansk (190 RU)
[10:38:30] [TASK] Ivan → AcceptMission [ScoutPoi] (goal=AcceptMission)
[10:38:30] [GOAL] Ivan achieved AcceptMission
[10:38:30] [COMBAT] Andriy Bondarenko 'Scar' killed Boar using wpn_ak74
[10:38:31] [INBOUND] Initial +2 stalkers, +1 mutants (remaining S=345 M=231)
[10:38:31] [MISSION] Dmytro accepted ScoutPoi @ Limansk (190 RU)
[10:38:31] [TASK] Dmytro → AcceptMission [ScoutPoi] (goal=AcceptMission)
[10:38:31] [GOAL] Dmytro achieved AcceptMission
[10:38:32] [COMBAT] Viktor Sokolov 'Razor' killed Frank Kovalenko 'Viper' using wpn_sg550
[10:38:32] [GEAR] Viktor looted [wpn_fn2000, wpn_sg550] via combat
[10:38:33] [INBOUND] Initial +2 stalkers, +1 mutants (remaining S=343 M=230)
[10:38:33] [MISSION] Oleksiy accepted ScoutPoi @ Sarcophagus (184 RU)
[10:38:33] [TASK] Oleksiy → AcceptMission [ScoutPoi] (goal=AcceptMission)
[10:38:33] [GOAL] Oleksiy achieved AcceptMission
[10:38:33] [COMBAT] Mykola Petrenko 'Scar' killed Snork using wpn_vintorez
[10:38:34] [RANK] Dmitri Sokolov 'Shadow' → Trainee
[10:38:34] [COMBAT] Dmitri Sokolov 'Shadow' killed Snork using wpn_ak74m
[10:38:34] [COMBAT] Heinrich Petrenko 'Badger' killed Snork using wpn_m4a1
[10:38:34] [INBOUND] Initial +343 stalkers, +230 mutants (remaining S=343 M=230)
[10:38:34] [MISSION] Marcus accepted ScoutPoi @ Duga Radar (210 RU)
[10:38:34] [TASK] Marcus → AcceptMission [ScoutPoi] (goal=AcceptMission)
[10:38:34] [GOAL] Marcus achieved AcceptMission
[10:38:34] [MISSION] Tobias accepted ScoutPoi @ Duga Radar (210 RU)
[10:38:34] [TASK] Tobias → AcceptMission [ScoutPoi] (goal=AcceptMission)
[10:38:34] [GOAL] Tobias achieved AcceptMission
[10:38:34] [MISSION] Alexei accepted ScoutPoi @ Limansk (190 RU)
[10:38:34] [TASK] Alexei → AcceptMission [ScoutPoi] (goal=AcceptMission)
[10:38:34] [GOAL] Alexei achieved AcceptMission
[10:38:35] [MISSION] Serhiy accepted ScoutPoi @ Agroprom (184 RU)
[10:38:35] [TASK] Serhiy → AcceptMission [ScoutPoi] (goal=AcceptMission)
[10:38:35] [GOAL] Serhiy achieved AcceptMission
[10:38:35] [MISSION] Andriy accepted ScoutPoi @ Wild Territory (164 RU)
[10:38:35] [TASK] Andriy → AcceptMission [ScoutPoi] (goal=AcceptMission)
[10:38:35] [GOAL] Andriy achieved AcceptMission
[10:38:35] [MISSION] Vasyl accepted ScoutPoi @ Garbage (196 RU)
[10:38:35] [TASK] Vasyl → AcceptMission [ScoutPoi] (goal=AcceptMission)
[10:38:35] [GOAL] Vasyl achieved AcceptMission
[10:38:35] [MISSION] Alexei accepted ScoutPoi @ Buriakivka Waste Site (160 RU)
[10:38:35] [TASK] Alexei → AcceptMission [ScoutPoi] (goal=AcceptMission)
[10:38:35] [GOAL] Alexei achieved AcceptMission
[10:38:35] [MISSION] Serhiy accepted ScoutPoi @ Chistogalovka (236 RU)
[10:38:35] [TASK] Serhiy → AcceptMission [ScoutPoi] (goal=AcceptMission)
[10:38:35] [GOAL] Serhiy achieved AcceptMission
[10:38:35] [MISSION] Alexei accepted ScoutPoi @ Chernobyl Town (200 RU)
[10:38:35] [TASK] Alexei → AcceptMission [ScoutPoi] (goal=AcceptMission)
[10:38:35] [GOAL] Alexei achieved AcceptMission
[10:38:35] [MISSION] Igor accepted ScoutPoi @ Sarcophagus (184 RU)
[10:38:35] [TASK] Igor → AcceptMission [ScoutPoi] (goal=AcceptMission)
[10:38:35] [GOAL] Igor achieved AcceptMission
[10:38:35] [MISSION] Mikhail accepted ScoutPoi @ Meadow (164 RU)
[10:38:35] [TASK] Mikhail → AcceptMission [ScoutPoi] (goal=AcceptMission)
[10:38:35] [GOAL] Mikhail achieved AcceptMission
[10:38:35] [MISSION] Dmytro accepted ScoutPoi @ Generators (230 RU)
[10:38:35] [TASK] Dmytro → AcceptMission [ScoutPoi] (goal=AcceptMission)
[10:38:35] [GOAL] Dmytro achieved AcceptMission
[10:38:35] [MISSION] Oleg accepted ScoutPoi @ Yantar (236 RU)
[10:38:35] [TASK] Oleg → AcceptMission [ScoutPoi] (goal=AcceptMission)
[10:38:35] [GOAL] Oleg achieved AcceptMission
[10:38:35] [MISSION] Alexei accepted ScoutPoi @ Kopachi (196 RU)
[10:38:35] [TASK] Alexei → AcceptMission [ScoutPoi] (goal=AcceptMission)
[10:38:35] [GOAL] Alexei achieved AcceptMission
[10:38:35] [MISSION] Dmitri accepted ScoutPoi @ Deserted Hospital (200 RU)
[10:38:35] [TASK] Dmitri → AcceptMission [ScoutPoi] (goal=AcceptMission)
[10:38:35] [GOAL] Dmitri achieved AcceptMission
[10:38:35] [MISSION] Lasha accepted ScoutPoi @ Sarcophagus (184 RU)
[10:38:35] [TASK] Lasha → AcceptMission [ScoutPoi] (goal=AcceptMission)
[10:38:35] [GOAL] Lasha achieved AcceptMission
[10:38:35] [MISSION] Timur accepted ScoutPoi @ Great Swamps (168 RU)
[10:38:35] [TASK] Timur → AcceptMission [ScoutPoi] (goal=AcceptMission)
[10:38:35] [GOAL] Timur achieved AcceptMission
[10:38:35] [MISSION] Sergei accepted ScoutPoi @ Limansk (190 RU)
[10:38:35] [TASK] Sergei → AcceptMission [ScoutPoi] (goal=AcceptMission)
[10:38:35] [GOAL] Sergei achieved AcceptMission
[10:38:35] [MISSION] Yuriy accepted ScoutPoi @ Sarcophagus (184 RU)
[10:38:35] [TASK] Yuriy → AcceptMission [ScoutPoi] (goal=AcceptMission)
[10:38:35] [GOAL] Yuriy achieved AcceptMission
[10:38:35] [MISSION] Serhiy accepted ScoutPoi @ Wild Territory (164 RU)
[10:38:35] [TASK] Serhiy → AcceptMission [ScoutPoi] (goal=AcceptMission)
[10:38:35] [GOAL] Serhiy achieved AcceptMission
[10:38:35] [MISSION] Oleg accepted ScoutPoi @ Truck Cemetery (210 RU)
[10:38:35] [TASK] Oleg → AcceptMission [ScoutPoi] (goal=AcceptMission)
[10:38:35] [GOAL] Oleg achieved AcceptMission
[10:38:35] [MISSION] Alexei accepted ScoutPoi @ Zalissya (184 RU)
[10:38:35] [TASK] Alexei → AcceptMission [ScoutPoi] (goal=AcceptMission)
[10:38:35] [GOAL] Alexei achieved AcceptMission
[10:38:35] [MISSION] Ivan accepted ScoutPoi @ Cordon (160 RU)
[10:38:35] [TASK] Ivan → AcceptMission [ScoutPoi] (goal=AcceptMission)
[10:38:35] [GOAL] Ivan achieved AcceptMission
[10:38:35] [MISSION] Alexei accepted ScoutPoi @ Agroprom (184 RU)
[10:38:35] [TASK] Alexei → AcceptMission [ScoutPoi] (goal=AcceptMission)
[10:38:35] [GOAL] Alexei achieved AcceptMission
[10:38:35] [MISSION] Dmytro accepted ScoutPoi @ Cordon (160 RU)
[10:38:35] [TASK] Dmytro → AcceptMission [ScoutPoi] (goal=AcceptMission)
[10:38:35] [GOAL] Dmytro achieved AcceptMission
[10:38:35] [MISSION] Lars accepted ScoutPoi @ Dead City (Chernobyl-2 Settlement) (190 RU)
[10:38:35] [TASK] Lars → AcceptMission [ScoutPoi] (goal=AcceptMission)
[10:38:35] [GOAL] Lars achieved AcceptMission
[10:38:35] [MISSION] Igor accepted ScoutPoi @ Sarcophagus (184 RU)
[10:38:35] [TASK] Igor → AcceptMission [ScoutPoi] (goal=AcceptMission)
[10:38:35] [GOAL] Igor achieved AcceptMission
[10:38:35] [MISSION] Andriy accepted ScoutPoi @ Zalissya (184 RU)
[10:38:35] [TASK] Andriy → AcceptMission [ScoutPoi] (goal=AcceptMission)
[10:38:35] [GOAL] Andriy achieved AcceptMission
[10:38:35] [MISSION] Igor accepted ScoutPoi @ Jupiter (Pripyat Industrial) (236 RU)
[10:38:35] [TASK] Igor → AcceptMission [ScoutPoi] (goal=AcceptMission)
[10:38:35] [GOAL] Igor achieved AcceptMission
[10:38:35] [MISSION] Alexei accepted ScoutPoi @ Yantar (236 RU)
[10:38:35] [TASK] Alexei → AcceptMission [ScoutPoi] (goal=AcceptMission)
[10:38:35] [GOAL] Alexei achieved AcceptMission
[10:38:35] [MISSION] Taras accepted ScoutPoi @ Limansk (190 RU)
[10:38:35] [TASK] Taras → AcceptMission [ScoutPoi] (goal=AcceptMission)
[10:38:35] [GOAL] Taras achieved AcceptMission
[10:38:35] [MISSION] Taras accepted ScoutPoi @ Deserted Hospital (200 RU)
[10:38:35] [TASK] Taras → AcceptMission [ScoutPoi] (goal=AcceptMission)
[10:38:35] [GOAL] Taras achieved AcceptMission
[10:38:35] [MISSION] Karl accepted ScoutPoi @ Duga Radar (210 RU)
[10:38:35] [TASK] Karl → AcceptMission [ScoutPoi] (goal=AcceptMission)
[10:38:35] [GOAL] Karl achieved AcceptMission
[10:38:35] [MISSION] Dmitri accepted ScoutPoi @ Chernobyl Town (200 RU)
[10:38:35] [TASK] Dmitri → AcceptMission [ScoutPoi] (goal=AcceptMission)
[10:38:35] [GOAL] Dmitri achieved AcceptMission
[10:38:35] [MISSION] Andriy accepted ScoutPoi @ Deserted Hospital (200 RU)
[10:38:35] [TASK] Andriy → AcceptMission [ScoutPoi] (goal=AcceptMission)
[10:38:35] [GOAL] Andriy achieved AcceptMission
[10:38:35] [MISSION] Alexei accepted ScoutPoi @ Chernobyl Town (200 RU)
[10:38:35] [TASK] Alexei → AcceptMission [ScoutPoi] (goal=AcceptMission)
[10:38:35] [GOAL] Alexei achieved AcceptMission
[10:38:35] [MISSION] Nodar accepted ScoutPoi @ Buriakivka Waste Site (160 RU)
[10:38:35] [TASK] Nodar → AcceptMission [ScoutPoi] (goal=AcceptMission)
[10:38:35] [GOAL] Nodar achieved AcceptMission
[10:38:35] [MISSION] Taras accepted ScoutPoi @ Zaton (184 RU)
[10:38:35] [TASK] Taras → AcceptMission [ScoutPoi] (goal=AcceptMission)
[10:38:35] [GOAL] Taras achieved AcceptMission
[10:38:35] [MISSION] Bakhyt accepted ScoutPoi @ Sarcophagus (184 RU)
[10:38:35] [TASK] Bakhyt → AcceptMission [ScoutPoi] (goal=AcceptMission)
[10:38:35] [GOAL] Bakhyt achieved AcceptMission
[10:38:35] [MISSION] Damir accepted ScoutPoi @ Great Swamps (168 RU)
[10:38:35] [TASK] Damir → AcceptMission [ScoutPoi] (goal=AcceptMission)
[10:38:35] [GOAL] Damir achieved AcceptMission
[10:38:35] [MISSION] Marcus accepted ScoutPoi @ Duga Radar (210 RU)
[10:38:35] [TASK] Marcus → AcceptMission [ScoutPoi] (goal=AcceptMission)
[10:38:35] [GOAL] Marcus achieved AcceptMission
[10:38:35] [MISSION] Alexei accepted ScoutPoi @ Garbage (196 RU)
[10:38:35] [TASK] Alexei → AcceptMission [ScoutPoi] (goal=AcceptMission)
[10:38:35] [GOAL] Alexei achieved AcceptMission
[10:38:35] [MISSION] Dmytro accepted ScoutPoi @ Meadow (164 RU)
[10:38:35] [TASK] Dmytro → AcceptMission [ScoutPoi] (goal=AcceptMission)
[10:38:35] [GOAL] Dmytro achieved AcceptMission
[10:38:35] [MISSION] Alexei accepted ScoutPoi @ Sarcophagus (184 RU)
[10:38:35] [TASK] Alexei → AcceptMission [ScoutPoi] (goal=AcceptMission)
[10:38:35] [GOAL] Alexei achieved AcceptMission
[10:38:35] [MISSION] Mykola accepted ScoutPoi @ Zaton (184 RU)
[10:38:35] [TASK] Mykola → AcceptMission [ScoutPoi] (goal=AcceptMission)
[10:38:35] [GOAL] Mykola achieved AcceptMission
[10:38:35] [MISSION] Ivan accepted ScoutPoi @ Radar (Brain Scorcher) (236 RU)
[10:38:35] [TASK] Ivan → AcceptMission [ScoutPoi] (goal=AcceptMission)
[10:38:35] [GOAL] Ivan achieved AcceptMission
[10:38:35] [MISSION] Dmitri accepted ScoutPoi @ Duga Radar (210 RU)
[10:38:35] [TASK] Dmitri → AcceptMission [ScoutPoi] (goal=AcceptMission)
[10:38:35] [GOAL] Dmitri achieved AcceptMission
[10:38:35] [MISSION] Jake accepted ScoutPoi @ Truck Cemetery (210 RU)
[10:38:35] [TASK] Jake → AcceptMission [ScoutPoi] (goal=AcceptMission)
[10:38:35] [GOAL] Jake achieved AcceptMission
[10:38:35] [MISSION] Nodar accepted ScoutPoi @ Radar (Brain Scorcher) (236 RU)
[10:38:35] [TASK] Nodar → AcceptMission [ScoutPoi] (goal=AcceptMission)
[10:38:35] [GOAL] Nodar achieved AcceptMission
[10:38:35] [MISSION] Dmitri accepted ScoutPoi @ Limansk (190 RU)
[10:38:35] [TASK] Dmitri → AcceptMission [ScoutPoi] (goal=AcceptMission)
[10:38:35] [GOAL] Dmitri achieved AcceptMission
[10:38:35] [MISSION] Viktor accepted ScoutPoi @ Zalissya (184 RU)
[10:38:35] [TASK] Viktor → AcceptMission [ScoutPoi] (goal=AcceptMission)
[10:38:35] [GOAL] Viktor achieved AcceptMission
[10:38:35] [MISSION] Mykola accepted ScoutPoi @ Deserted Hospital (200 RU)
[10:38:35] [TASK] Mykola → AcceptMission [ScoutPoi] (goal=AcceptMission)
[10:38:35] [GOAL] Mykola achieved AcceptMission
[10:38:35] [MISSION] Mykola accepted ScoutPoi @ Cordon (160 RU)
[10:38:35] [TASK] Mykola → AcceptMission [ScoutPoi] (goal=AcceptMission)
[10:38:35] [GOAL] Mykola achieved AcceptMission
[10:38:35] [MISSION] Nikolai accepted ScoutPoi @ Chernobyl Town (200 RU)
[10:38:35] [TASK] Nikolai → AcceptMission [ScoutPoi] (goal=AcceptMission)
[10:38:35] [GOAL] Nikolai achieved AcceptMission
[10:38:35] [MISSION] Mykola accepted ScoutPoi @ Sarcophagus (184 RU)
[10:38:35] [TASK] Mykola → AcceptMission [ScoutPoi] (goal=AcceptMission)
[10:38:35] [GOAL] Mykola achieved AcceptMission
[10:38:35] [MISSION] Andrei accepted ScoutPoi @ Wild Territory (164 RU)
[10:38:35] [TASK] Andrei → AcceptMission [ScoutPoi] (goal=AcceptMission)
[10:38:35] [GOAL] Andrei achieved AcceptMission
[10:38:35] [MISSION] Karl accepted ScoutPoi @ Duga Radar (210 RU)
[10:38:35] [TASK] Karl → AcceptMission [ScoutPoi] (goal=AcceptMission)
[10:38:35] [GOAL] Karl achieved AcceptMission
[10:38:35] [MISSION] Jake accepted ScoutPoi @ Dead City (Chernobyl-2 Settlement) (190 RU)
[10:38:35] [TASK] Jake → AcceptMission [ScoutPoi] (goal=AcceptMission)
[10:38:35] [GOAL] Jake achieved AcceptMission
[10:38:35] [MISSION] Oleksiy accepted ScoutPoi @ Buriakivka Waste Site (160 RU)
[10:38:35] [TASK] Oleksiy → AcceptMission [ScoutPoi] (goal=AcceptMission)
[10:38:35] [GOAL] Oleksiy achieved AcceptMission
[10:38:35] [MISSION] Connor accepted ScoutPoi @ Dead City (Chernobyl-2 Settlement) (190 RU)
[10:38:35] [TASK] Connor → AcceptMission [ScoutPoi] (goal=AcceptMission)
[10:38:35] [GOAL] Connor achieved AcceptMission
[10:38:35] [MISSION] Andrei accepted ScoutPoi @ Zalissya (184 RU)
[10:38:35] [TASK] Andrei → AcceptMission [ScoutPoi] (goal=AcceptMission)
[10:38:35] [GOAL] Andrei achieved AcceptMission
[10:38:35] [MISSION] Yuriy accepted ScoutPoi @ Zaton (184 RU)
[10:38:35] [TASK] Yuriy → AcceptMission [ScoutPoi] (goal=AcceptMission)
[10:38:35] [GOAL] Yuriy achieved AcceptMission
[10:38:35] [MISSION] Nodar accepted ScoutPoi @ Chernobyl Town (200 RU)
[10:38:35] [TASK] Nodar → AcceptMission [ScoutPoi] (goal=AcceptMission)
[10:38:35] [GOAL] Nodar achieved AcceptMission
[10:38:35] [MISSION] Andrei accepted ScoutPoi @ Dark Valley (168 RU)
[10:38:35] [TASK] Andrei → AcceptMission [ScoutPoi] (goal=AcceptMission)
[10:38:35] [GOAL] Andrei achieved AcceptMission
[10:38:35] [MISSION] Alibek accepted ScoutPoi @ Chernobyl Town (200 RU)
[10:38:35] [TASK] Alibek → AcceptMission [ScoutPoi] (goal=AcceptMission)
[10:38:35] [GOAL] Alibek achieved AcceptMission
[10:38:35] [MISSION] Pavel accepted ScoutPoi @ Zalissya (184 RU)
[10:38:35] [TASK] Pavel → AcceptMission [ScoutPoi] (goal=AcceptMission)
[10:38:35] [GOAL] Pavel achieved AcceptMission
[10:38:35] [MISSION] Dmitri accepted ScoutPoi @ Buriakivka Waste Site (160 RU)
[10:38:35] [TASK] Dmitri → AcceptMission [ScoutPoi] (goal=AcceptMission)
[10:38:35] [GOAL] Dmitri achieved AcceptMission
[10:38:35] [MISSION] Nikolai accepted ScoutPoi @ Sarcophagus (184 RU)
[10:38:35] [TASK] Nikolai → AcceptMission [ScoutPoi] (goal=AcceptMission)
[10:38:35] [GOAL] Nikolai achieved AcceptMission
[10:38:35] [MISSION] Igor accepted ScoutPoi @ Wild Territory (164 RU)
[10:38:35] [TASK] Igor → AcceptMission [ScoutPoi] (goal=AcceptMission)
[10:38:35] [GOAL] Igor achieved AcceptMission
[10:38:35] [MISSION] Andriy accepted ScoutPoi @ Dark Valley (168 RU)
[10:38:35] [TASK] Andriy → AcceptMission [ScoutPoi] (goal=AcceptMission)
[10:38:35] [GOAL] Andriy achieved AcceptMission
[10:38:35] [MISSION] Sean accepted ScoutPoi @ Buriakivka Waste Site (160 RU)
[10:38:35] [TASK] Sean → AcceptMission [ScoutPoi] (goal=AcceptMission)
[10:38:35] [GOAL] Sean achieved AcceptMission
[10:38:35] [MISSION] Serhiy accepted ScoutPoi @ Radar (Brain Scorcher) (236 RU)
[10:38:35] [TASK] Serhiy → AcceptMission [ScoutPoi] (goal=AcceptMission)
[10:38:35] [GOAL] Serhiy achieved AcceptMission
[10:38:35] [MISSION] Marcus accepted ScoutPoi @ Great Swamps (168 RU)
[10:38:35] [TASK] Marcus → AcceptMission [ScoutPoi] (goal=AcceptMission)
[10:38:35] [GOAL] Marcus achieved AcceptMission
[10:38:35] [MISSION] Mykola accepted ScoutPoi @ Great Swamps (168 RU)
[10:38:35] [TASK] Mykola → AcceptMission [ScoutPoi] (goal=AcceptMission)
[10:38:35] [GOAL] Mykola achieved AcceptMission
[10:38:35] [MISSION] Igor accepted ScoutPoi @ Red Forest (196 RU)
[10:38:35] [TASK] Igor → AcceptMission [ScoutPoi] (goal=AcceptMission)
[10:38:35] [GOAL] Igor achieved AcceptMission
[10:38:35] [MISSION] Lars accepted ScoutPoi @ Zaton (184 RU)
[10:38:35] [TASK] Lars → AcceptMission [ScoutPoi] (goal=AcceptMission)
[10:38:35] [GOAL] Lars achieved AcceptMission
[10:38:35] [MISSION] Oleksiy accepted ScoutPoi @ Great Swamps (168 RU)
[10:38:35] [TASK] Oleksiy → AcceptMission [ScoutPoi] (goal=AcceptMission)
[10:38:35] [GOAL] Oleksiy achieved AcceptMission
[10:38:35] [MISSION] Tobias accepted ScoutPoi @ Dead City (Chernobyl-2 Settlement) (190 RU)
[10:38:35] [TASK] Tobias → AcceptMission [ScoutPoi] (goal=AcceptMission)
[10:38:35] [GOAL] Tobias achieved AcceptMission
[10:38:35] [MISSION] Vasyl accepted ScoutPoi @ Chernobyl Town (200 RU)
[10:38:35] [TASK] Vasyl → AcceptMission [ScoutPoi] (goal=AcceptMission)
[10:38:35] [GOAL] Vasyl achieved AcceptMission
[10:38:35] [MISSION] Dmitri accepted ScoutPoi @ Red Forest (196 RU)
[10:38:35] [TASK] Dmitri → AcceptMission [ScoutPoi] (goal=AcceptMission)
[10:38:35] [GOAL] Dmitri achieved AcceptMission
[10:38:35] [MISSION] Oleg accepted ScoutPoi @ Wild Territory (164 RU)
[10:38:35] [TASK] Oleg → AcceptMission [ScoutPoi] (goal=AcceptMission)
[10:38:35] [GOAL] Oleg achieved AcceptMission
[10:38:35] [MISSION] Dmitri accepted ScoutPoi @ Sarcophagus (184 RU)
[10:38:35] [TASK] Dmitri → AcceptMission [ScoutPoi] (goal=AcceptMission)
[10:38:35] [GOAL] Dmitri achieved AcceptMission
[10:38:35] [MISSION] Taras accepted ScoutPoi @ Rostok (190 RU)
[10:38:35] [TASK] Taras → AcceptMission [ScoutPoi] (goal=AcceptMission)
[10:38:35] [GOAL] Taras achieved AcceptMission
[10:38:35] [MISSION] Armen accepted ScoutPoi @ Wild Territory (164 RU)
[10:38:35] [TASK] Armen → AcceptMission [ScoutPoi] (goal=AcceptMission)
[10:38:35] [GOAL] Armen achieved AcceptMission
[10:38:35] [MISSION] Lasha accepted ScoutPoi @ Dead City (Chernobyl-2 Settlement) (190 RU)
[10:38:35] [TASK] Lasha → AcceptMission [ScoutPoi] (goal=AcceptMission)
[10:38:35] [GOAL] Lasha achieved AcceptMission
[10:38:35] [MISSION] Dmytro accepted ScoutPoi @ Great Swamps (168 RU)
[10:38:35] [TASK] Dmytro → AcceptMission [ScoutPoi] (goal=AcceptMission)
[10:38:35] [GOAL] Dmytro achieved AcceptMission
[10:38:35] [MISSION] Yuriy accepted ScoutPoi @ Sarcophagus (184 RU)
[10:38:35] [TASK] Yuriy → AcceptMission [ScoutPoi] (goal=AcceptMission)
[10:38:35] [GOAL] Yuriy achieved AcceptMission
[10:38:35] [MISSION] Marcus accepted ScoutPoi @ Dead City (Chernobyl-2 Settlement) (190 RU)
[10:38:35] [TASK] Marcus → AcceptMission [ScoutPoi] (goal=AcceptMission)
[10:38:35] [GOAL] Marcus achieved AcceptMission
[10:38:35] [MISSION] Viktor accepted ScoutPoi @ Radar (Brain Scorcher) (236 RU)
[10:38:35] [TASK] Viktor → AcceptMission [ScoutPoi] (goal=AcceptMission)
[10:38:35] [GOAL] Viktor achieved AcceptMission
[10:38:35] [MISSION] Pavel accepted ScoutPoi @ Garbage (196 RU)
[10:38:35] [TASK] Pavel → AcceptMission [ScoutPoi] (goal=AcceptMission)
[10:38:35] [GOAL] Pavel achieved AcceptMission
[10:38:35] [MISSION] Heinrich accepted ScoutPoi @ Zaton (184 RU)
[10:38:35] [TASK] Heinrich → AcceptMission [ScoutPoi] (goal=AcceptMission)
[10:38:35] [GOAL] Heinrich achieved AcceptMission
[10:38:35] [MISSION] Armen accepted ScoutPoi @ Buriakivka Waste Site (160 RU)
[10:38:35] [TASK] Armen → AcceptMission [ScoutPoi] (goal=AcceptMission)
[10:38:35] [GOAL] Armen achieved AcceptMission
[10:38:35] [MISSION] Karl accepted ScoutPoi @ Dark Valley (168 RU)
[10:38:35] [TASK] Karl → AcceptMission [ScoutPoi] (goal=AcceptMission)
[10:38:35] [GOAL] Karl achieved AcceptMission
[10:38:35] [MISSION] Ivan accepted ScoutPoi @ Zaton (184 RU)
[10:38:35] [TASK] Ivan → AcceptMission [ScoutPoi] (goal=AcceptMission)
[10:38:35] [GOAL] Ivan achieved AcceptMission
[10:38:35] [MISSION] Oleksiy accepted ScoutPoi @ Radar (Brain Scorcher) (236 RU)
[10:38:35] [TASK] Oleksiy → AcceptMission [ScoutPoi] (goal=AcceptMission)
[10:38:35] [GOAL] Oleksiy achieved AcceptMission
[10:38:41] [COMBAT] Yuriy Popov 'Bullet' killed Pseudodog using wpn_val
[10:38:41] [COMBAT] Lars Bondarenko 'Ghost' killed Snork using wpn_m4a1
[10:38:41] [COMBAT] Pavel Shevchenko 'Spark' killed Fracture using wpn_pkm
[10:38:41] [COMBAT] Tobias Ivanov 'One-Eye' killed Dog using wpn_rg6
[10:38:41] [COMBAT] Marcus Melnyk 'Whisper' killed Tushkano using wpn_gauss
[10:38:41] [COMBAT] Sean Volkov 'Stitches' killed Flesh using wpn_ak74m
[10:38:42] [COMBAT] Dmytro Petrenko 'Crow' killed Yuriy Shevchenko 'Ash' using wpn_gauss
[10:38:42] [RANK] Ivan Ivanov 'Mole' → Trainee
[10:38:42] [COMBAT] Ivan Ivanov 'Mole' killed Flesh using wpn_ak74
[10:38:43] [COMBAT] Nikolai Popov 'Stitch' killed Flesh using wpn_pm
[10:38:43] [TASK] Tobias → TradeRun [poi_macro_6] (goal=VisitTrader)
[10:38:43] [GOAL] Tobias achieved VisitTrader
[10:38:43] [MISSION] Tobias accepted ScoutPoi @ Garbage (196 RU)
[10:38:43] [TASK] Tobias → AcceptMission [ScoutPoi] (goal=AcceptMission)
[10:38:43] [GOAL] Tobias achieved AcceptMission
[10:38:43] [COMBAT] Mikhail Ivanov 'Bone' killed Controller using wpn_pkm
[10:38:43] [COMBAT] Andriy Kovalenko 'Ugly' killed Vasyl Shevchenko 'Bullet' using wpn_toz34
[10:38:44] [COMBAT] Dmytro Petrenko 'Viper' killed Snork using wpn_fn2000
[10:38:44] [RANK] Mykola Sokolov 'Ghost' → Professional
[10:38:44] [COMBAT] Mykola Sokolov 'Ghost' killed BlindDog using wpn_ak74
[10:38:45] [COMBAT] Sergei Popov 'Fox' killed Rat using wpn_fn2000
[10:38:45] [COMBAT] Lars Popov 'Bullet' killed BlindDog using wpn_aksu
[10:38:45] [COMBAT] Oleksiy Volkov 'Bullet' killed Snork using wpn_vintorez
[10:38:45] [COMBAT] Igor Volkov 'Crow' killed Chimera using wpn_fn2000
[10:38:46] [CORPSE] Despawned 27 bodies (lifetime=549)
[10:38:46] [COMBAT] Bohdan Melnyk 'Badger' killed Rat using wpn_pkm
[10:38:46] [COMBAT] Viktor Kovalenko 'Broken Nose' killed Dog using wpn_spas12
[10:38:46] [RANK] Alexei Petrenko 'Viper' → Trainee
[10:38:46] [COMBAT] Alexei Petrenko 'Viper' killed Bloodsucker using wpn_toz34
[10:38:47] [COMBAT] Nodar Petrov 'Ghost' killed Burer using wpn_vintorez
[10:38:47] [COMBAT] Taras Kovalenko 'Bullet' killed Sergei Petrov 'Ghost' using wpn_fn2000
[10:38:47] [COMBAT] Dmytro Shevchenko 'Crow' killed Fracture using wpn_mp5
[10:38:47] [COMBAT] Bohdan Volkov 'Scar' killed Bloodsucker using wpn_vintorez
[10:38:48] [COMBAT] Frank Melnyk 'Ash' killed Snork using wpn_m4a1
[10:38:48] [COMBAT] Igor Volkov 'Scar' killed Controller using wpn_vintorez
[10:38:48] [COMBAT] Dmytro Ivanov 'Badger' killed Andriy Petrenko 'Ghost' using wpn_gauss
[10:38:48] [GEAR] Dmytro looted [wpn_pb] via combat
[10:38:48] [COMBAT] Igor Kovalenko 'Jackal' killed Lurker using wpn_fn2000
[10:38:48] [COMBAT] Giorgi Popov 'Stitch' killed Fracture using wpn_gauss
[10:38:49] [SNAPSHOT] real=12.3min game=D0 00:28 alive S=628 M=437 corpses=982 lootable=461 gammaGear out=349 helm=543 avgRU=907 leaderGoals trade=0 mission=180 emission=Dormant nextIn=76gmin desperate=1 hungry=0 interval deaths=42 combats=81 tasks=106 gearLoot=5 gearBuy=0 missions=105 corpseDespawn=47 trickleSpawns=0 ranks=[Rookie:577,Trainee:17,Experienced:18,Professional:10,Veteran:6] goals=[CompleteMission::180,Idle:99,Traveling:11] leaders: Ivan[Rookie/CompleteMission:], Dmytro[Rookie/Idle], Igor[Rookie/CompleteMission:], Damir[Rookie/CompleteMission:], Bohdan[Rookie/Idle]
[10:38:49] [COMBAT] Vasyl Petrenko 'Ghost' killed Serhiy Volkov 'Bullet' using wpn_ak74
[10:38:49] [GEAR] Vasyl looted [wpn_aksu, arm_freedom] via combat
[10:38:49] [COMBAT] Bakhyt Kovalenko 'Mole' killed Pseudogiant using wpn_gauss
[10:38:49] [COMBAT] Dmytro Petrov 'Shadow' killed Dmytro Shevchenko 'Bullet' using wpn_gauss
[10:38:49] [COMBAT] Oleksiy Ivanov 'Crow' killed Igor Petrov 'Jackal' using wpn_pkm
[10:38:49] [GEAR] Oleksiy looted [wpn_fort12] via combat
[10:38:49] [COMBAT] Dmytro Shevchenko 'Badger' killed Dog using wpn_fn2000
[10:38:51] [RANK] Sean Volkov 'Mole' → Trainee
[10:38:51] [COMBAT] Sean Volkov 'Mole' killed Flesh using wpn_toz34
[10:38:51] [COMBAT] Ivan Shevchenko 'Viper' killed Poltergeist using wpn_pkm
[10:38:52] [COMBAT] Ivan Shevchenko 'Phantom' killed Controller using wpn_ak74
[10:38:52] [COMBAT] Giorgi Ivanov 'Stitch' killed Controller using wpn_vintorez
[10:38:52] [COMBAT] Igor Popov 'Scar' killed Boar using wpn_ak74
[10:38:52] [COMBAT] Alexei Volkov 'Spark' killed Boar using wpn_vintorez
[10:38:52] [COMBAT] Pavel Sokolov 'Razor' killed PsyDog using wpn_vintorez
[10:38:53] [COMBAT] Yuriy Popov 'Bullet' killed Flesh using wpn_val
[10:38:54] [COMBAT] Dmytro Ivanov 'Bullet' killed Flesh using wpn_gauss
[10:38:54] [COMBAT] Vasyl Kovalenko 'Shadow' killed Tushkano using wpn_ak74
[10:38:55] [COMBAT] Alexei Kovalenko 'Two-Fingers' killed Snork using wpn_rg6
[10:38:55] [COMBAT] Ivan Sokolov 'Raven' killed Taras Petrov 'Bone' using wpn_fn2000
[10:38:55] [GEAR] Ivan looted [wpn_desert_eagle] via combat
[10:38:55] [COMBAT] Mykola Kovalenko 'Crow' killed Lasha Kovalenko 'Scar' using wpn_mp5
[10:38:55] [GEAR] Mykola looted [wpn_pkm, out_exolight_outfit] via combat
[10:38:55] [RANK] Taras Sokolov 'Scar' → Experienced
[10:38:55] [COMBAT] Taras Sokolov 'Scar' killed Snork using wpn_vintorez
[10:38:55] [COMBAT] Andrei Melnyk 'Spark' killed Flesh using wpn_pkm
[10:38:56] [SPAWN] Trickle +1 stalkers, +0 mutants
[10:38:56] [MISSION] Oleksiy accepted ScoutPoi @ Kopachi (196 RU)
[10:38:56] [TASK] Oleksiy → AcceptMission [ScoutPoi] (goal=AcceptMission)
[10:38:56] [GOAL] Oleksiy achieved AcceptMission
[10:38:56] [COMBAT] Mikhail Shevchenko 'Mole' killed Snork using wpn_pkm
[10:38:56] [COMBAT] Oleksiy Melnyk 'Wolf' killed PsyDog using wpn_ak74
[10:38:57] [COMBAT] Bohdan Popov 'Crow' killed Controller using wpn_gauss
[10:38:57] [SPAWN] Trickle +2 stalkers, +0 mutants
[10:38:57] [MISSION] Mikhail accepted ScoutPoi @ Dead City (Chernobyl-2 Settlement) (190 RU)
[10:38:57] [TASK] Mikhail → AcceptMission [ScoutPoi] (goal=AcceptMission)
[10:38:57] [GOAL] Mikhail achieved AcceptMission
[10:38:58] [COMBAT] Bohdan Melnyk 'Badger' killed Dmytro Melnyk 'Shadow' using wpn_pkm
[10:38:58] [TASK] Sergei → TradeRun [poi_macro_12] (goal=VisitTrader)
[10:38:58] [GOAL] Sergei achieved VisitTrader
[10:38:59] [COMBAT] Viktor Sokolov 'Razor' killed Sergei Popov 'Fox' using wpn_fn2000
[10:38:59] [COMBAT] Frank Popov 'Bone' killed Fracture using wpn_mp5
[10:38:59] [COMBAT] Igor Bondarenko 'Ugly' killed Nikolai Volkov 'Fox' using wpn_aksu
[10:38:59] [GEAR] Igor looted [wpn_pkm, wpn_fort12, out_specops_outfit, helm_helm_ach7] via combat
[10:39:00] [COMBAT] Vasyl Petrenko 'Wolf' killed Nikolai Popov 'Stitch' using wpn_aksu
[10:39:00] [CORPSE] Despawned 24 bodies (lifetime=573)
[10:39:00] [COMBAT] Andriy Popov 'Phantom' killed Bohdan Shevchenko 'Razor' using wpn_gauss
[10:39:00] [GEAR] Andriy looted [wpn_pb] via combat
[10:39:01] [COMBAT] Yuriy Petrenko 'Stitch' killed Serhiy Ivanov 'Phantom' using wpn_gauss
[10:39:01] [GEAR] Yuriy looted [arm_duty] via combat
[10:39:02] [COMBAT] Nodar Petrenko 'Badger' killed Snork using wpn_pkm
[10:39:02] [COMBAT] Andriy Shevchenko 'Badger' killed Burer using wpn_pm
[10:39:02] [COMBAT] Nodar Bondarenko 'Ash' killed Poltergeist using wpn_pkm
[10:39:02] [COMBAT] Andriy Melnyk 'Ugly' killed Pavel Sokolov 'Spark' using wpn_toz34
[10:39:02] [GEAR] Andriy looted [wpn_sg550, wpn_desert_eagle, arm_stalker, helm_helm_m40] via combat
[10:39:02] [COMBAT] Marcus Melnyk 'Jackal' killed Bloodsucker using wpn_val
[10:39:02] [COMBAT] Nikolai Melnyk 'Spark' killed Fracture using wpn_aksu
[10:39:02] [COMBAT] Oleg Shevchenko 'Spark' killed Burer using wpn_ak74
[10:39:03] [COMBAT] Dmitri Bondarenko 'Razor' killed Controller using wpn_pkm
[10:39:03] [COMBAT] Alexei Sokolov 'Bullet' killed Viktor Kovalenko 'Broken Nose' using wpn_toz34
[10:39:03] [GEAR] Alexei looted [wpn_pm, helm_hardhat] via combat
[10:39:03] [COMBAT] Pavel Ivanov 'Wolf' killed Bloodsucker using wpn_pkm
[10:39:03] [COMBAT] Bohdan Sokolov 'Fox' killed PsyDog using wpn_gauss
[10:39:04] [COMBAT] Sergei Ivanov 'Phantom' killed Burer using wpn_vintorez
[10:39:04] [COMBAT] Ivan Sokolov 'Crow' killed Snork using wpn_gauss
[10:39:05] [COMBAT] Karl Kovalenko 'Ash' killed Bloodsucker using wpn_pm
[10:39:05] [COMBAT] Sergei Sokolov 'Bullet' killed BlindDog using wpn_val
[10:39:05] [COMBAT] Jake Petrov 'Raven' killed BlindDog using wpn_m4a1
[10:39:05] [COMBAT] Damir Sokolov 'Mole' killed Andriy Shevchenko 'Jackal' using wpn_sg550
[10:39:05] [COMBAT] Andriy Volkov 'Stitch' killed Dmytro Petrenko 'Viper' using wpn_p90
[10:39:05] [GEAR] Andriy looted [wpn_fn2000, helm_helm_tactic] via combat
[10:39:05] [COMBAT] Mykola Popov 'Shadow' killed Pseudodog using wpn_ak74
[10:39:05] [COMBAT] Yuriy Shevchenko 'Jackal' killed Fracture using wpn_toz34
[10:39:05] [COMBAT] Alexei Bondarenko 'Mole' killed Alexei Melnyk 'Jackal' using wpn_fn2000
[10:39:05] [GEAR] Alexei looted [helm_helm_respirator_old] via combat
[10:39:05] [COMBAT] Serhiy Volkov 'Crow' killed Snork using wpn_ak74
[10:39:05] [COMBAT] Alexei Melnyk 'Stitch' killed Poltergeist using wpn_ak74
[10:39:05] [COMBAT] Serhiy Shevchenko 'Fox' killed Bloodsucker using wpn_pkm
[10:39:06] [COMBAT] Taras Petrenko 'Badger' killed Pseudodog using wpn_gauss
[10:39:06] [COMBAT] Marcus Melnyk 'Stitch' killed Pseudodog using wpn_rg6
[10:39:06] [COMBAT] Vasyl Petrenko 'Stitch' killed Snork using wpn_sg550
[10:39:06] [COMBAT] Alexei Sokolov 'Bullet' killed Bloodsucker using wpn_pkm
[10:39:07] [COMBAT] Vasyl Shevchenko 'Spark' killed Snork using wpn_gauss
[10:39:07] [COMBAT] Mykola Volkov 'Spark' killed Taras Petrenko 'Viper' using wpn_mp5
[10:39:07] [GEAR] Mykola looted [wpn_gauss, out_exolight_outfit, helm_helm_ach7ex] via combat
[10:39:08] [COMBAT] Yuriy Sokolov 'Bone' killed Controller using wpn_pkm
[10:39:08] [COMBAT] Heinrich Petrov 'Bone' killed BlindDog using wpn_ak74
[10:39:08] [COMBAT] Pavel Petrov 'Viper' killed Zura Ivanov 'Spark' using wpn_pm
[10:39:08] [GEAR] Pavel looted [wpn_ak74, wpn_mp5, out_monolith_scientific_outfit, helm_tactic] via combat
[10:39:09] [MISSION] Oleksiy accepted ScoutPoi @ Wild Territory (164 RU)
[10:39:09] [TASK] Oleksiy → AcceptMission [ScoutPoi] (goal=AcceptMission)
[10:39:09] [GOAL] Oleksiy achieved AcceptMission
[10:39:09] [COMBAT] Timur Ivanov 'Badger' killed Tushkano using wpn_ak74
[10:39:09] [COMBAT] Dmitri Sokolov 'Ash' killed Snork using wpn_sg550
[10:39:09] [COMBAT] Vasyl Volkov 'Phantom' killed Snork using wpn_ak74
[10:39:10] [RANK] Ivan Petrov 'Wolf' → Trainee
[10:39:10] [COMBAT] Ivan Petrov 'Wolf' killed Mykola Melnyk 'Badger' using wpn_vintorez
[10:39:10] [GEAR] Ivan looted [wpn_pm] via combat
[10:39:10] [COMBAT] Bohdan Volkov 'Viper' killed Flesh using wpn_ak74
[10:39:10] [COMBAT] Alexei Shevchenko 'Stitch' killed Boar using wpn_ak74m
[10:39:10] [COMBAT] Karl Ivanov 'Razor' killed Burer using wpn_ak74
[10:39:10] [COMBAT] Taras Sokolov 'Shadow' killed Fracture using wpn_ak74
[10:39:10] [COMBAT] Oleg Petrenko 'Stitches' killed Pseudodog using wpn_l96a1
[10:39:10] [COMBAT] Dmytro Bondarenko 'Bone' killed Boar using wpn_fn2000
[10:39:11] [COMBAT] Taras Petrenko 'Bullet' killed Bohdan Popov 'Razor' using wpn_aek971
[10:39:11] [GEAR] Taras looted [helm_exo] via combat
[10:39:11] [COMBAT] Oleksiy Bondarenko 'Ghost' killed Bloodsucker using wpn_ak74
[10:39:11] [COMBAT] Nikolai Popov 'Razor' killed BlindDog using wpn_gauss
[10:39:11] [COMBAT] Oleg Sokolov 'Raven' killed Sergei Bondarenko 'Mole' using wpn_fn2000
[10:39:11] [GEAR] Oleg looted [wpn_fn2000, wpn_desert_eagle, helm_helm_spartan] via combat
[10:39:12] [COMBAT] Yuriy Melnyk 'Badger' killed Flesh using wpn_aksu
[10:39:12] [COMBAT] Lars Petrov 'Ash' killed Fracture using wpn_svd
[10:39:12] [COMBAT] Dmitri Petrov 'Crow' killed Lurker using wpn_fn2000
[10:39:12] [COMBAT] Marcus Sokolov 'Wolf' killed Tushkano using wpn_ak74
[10:39:13] [COMBAT] Tobias Ivanov 'Knuckle' killed Lurker using wpn_fn2000
[10:39:13] [COMBAT] Vasyl Kovalenko 'Shadow' killed Pseudodog using wpn_ak74
[10:39:13] [COMBAT] Andrei Melnyk 'Spark' killed Vasyl Petrenko 'Ghost' using wpn_pkm
[10:39:13] [GEAR] Andrei looted [wpn_desert_eagle, helm_helm_m50] via combat
[10:39:13] [COMBAT] Viktor Volkov 'Bone' killed Heinrich Petrenko 'Stitches' using wpn_svd
[10:39:13] [GEAR] Viktor looted [wpn_pb] via combat
[10:39:14] [CORPSE] Despawned 28 bodies (lifetime=601)
[10:39:14] [COMBAT] Dmitri Popov 'Fox' killed Flesh using wpn_val
[10:39:16] [COMBAT] Sean Melnyk 'Stitch' killed Lurker using wpn_val
[10:39:16] [COMBAT] Ivan Petrenko 'Stitch' killed Burer using wpn_mp5
[10:39:16] [COMBAT] Bohdan Shevchenko 'Wolf' killed Bloodsucker using wpn_vintorez
[10:39:17] [SPAWN] Trickle +0 stalkers, +1 mutants
[10:39:17] [COMBAT] Dmitri Petrov 'Jackal' killed Boar using wpn_svd
[10:39:17] [COMBAT] Dmitri Petrov 'Phantom' killed Tushkano using wpn_ak74
[10:39:17] [COMBAT] Alexei Shevchenko 'Mole' killed Fracture using wpn_aksu
[10:39:17] [COMBAT] Mykola Melnyk 'Mole' killed Burer using wpn_ak74
[10:39:17] [COMBAT] Bakhyt Melnyk 'Mole' killed Snork using wpn_aksu
[10:39:17] [COMBAT] Ivan Sokolov 'Raven' killed Boar using wpn_fn2000
[10:39:17] [COMBAT] Damir Bondarenko 'Mole' killed Bloodsucker using wpn_lr300
[10:39:17] [COMBAT] Oleksiy Bondarenko 'Bone' killed Mikhail Volkov 'Jackal' using wpn_mp5
[10:39:17] [GEAR] Oleksiy looted [wpn_pkm, wpn_desert_eagle, arm_exo, helm_helm_exo] via combat
[10:39:17] [COMBAT] Bohdan Petrenko 'Viper' killed Pseudogiant using wpn_vintorez
[10:39:18] [COMBAT] Dmytro Kovalenko 'Stitch' killed Nikolai Volkov 'Ghost' using wpn_vintorez
[10:39:18] [GEAR] Dmytro looted [wpn_pm] via combat
[10:39:18] [COMBAT] Pierre Petrenko 'Crow' killed Boar using wpn_mp5
[10:39:18] [COMBAT] Oleg Kovalenko 'Stitch' killed Igor Petrenko 'Crow' using wpn_vintorez
[10:39:19] [MISSION] Nikolai accepted ScoutPoi @ Meadow (164 RU)
[10:39:19] [TASK] Nikolai → AcceptMission [ScoutPoi] (goal=AcceptMission)
[10:39:19] [GOAL] Nikolai achieved AcceptMission
[10:39:19] [SNAPSHOT] real=12.8min game=D0 00:29 alive S=524 M=363 corpses=1112 lootable=520 gammaGear out=285 helm=450 avgRU=912 leaderGoals trade=0 mission=162 emission=Dormant nextIn=75gmin desperate=1 hungry=0 interval deaths=107 combats=182 tasks=5 gearLoot=20 gearBuy=0 missions=4 corpseDespawn=52 trickleSpawns=4 ranks=[Rookie:477,Trainee:17,Experienced:16,Professional:8,Veteran:6] goals=[CompleteMission::162,Idle:86,Traveling:4] leaders: Mikhail[Rookie/CompleteMission:], Oleksiy[Rookie/CompleteMission:], Ivan[Rookie/CompleteMission:], Dmytro[Rookie/Idle], Damir[Rookie/CompleteMission:]
[10:39:20] [COMBAT] Jake Petrov 'Raven' killed Fracture using wpn_m4a1
[10:39:20] [COMBAT] Andriy Volkov 'Scar' killed Ivan Petrov 'Bone' using wpn_ak74
[10:39:20] [GEAR] Andriy looted [wpn_ak74, out_stalker_drought_outfit, helm_helm_ach7ex] via combat
[10:39:20] [COMBAT] Andriy Kovalenko 'Ugly' killed Dmitri Petrov 'Stitch' using wpn_toz34
[10:39:20] [GEAR] Andriy looted [wpn_aek971, out_nomad_outfit, helm_helm_ach7] via combat
[10:39:20] [COMBAT] Nikolai Popov 'Bullet' killed Fracture using wpn_mp5
[10:39:21] [COMBAT] Serhiy Shevchenko 'Raven' killed Ivan Sokolov 'Shadow' using wpn_fn2000
[10:39:21] [GEAR] Serhiy looted [arm_freedom] via combat
[10:39:21] [COMBAT] Nikolai Sokolov 'Ghost' killed Lurker using wpn_gauss
[10:39:21] [COMBAT] Mikhail Shevchenko 'Mole' killed Boar using wpn_pkm
[10:39:21] [COMBAT] Mykola Ivanov 'Phantom' killed Fracture using wpn_ak74
[10:39:21] [COMBAT] Timur Bondarenko 'Razor' killed Flesh using wpn_lr300
[10:39:21] [COMBAT] Pavel Sokolov 'Badger' killed Fracture using wpn_aksu
[10:39:21] [COMBAT] Dmitri Sokolov 'Ash' killed Taras Popov 'Wolf' using wpn_fn2000
[10:39:22] [COMBAT] Taras Petrenko 'Badger' killed Boar using wpn_gauss
[10:39:23] [COMBAT] Andrei Petrov 'Spark' killed Dog using wpn_pm
[10:39:23] [MISSION] Alibek accepted ScoutPoi @ Kopachi (196 RU)
[10:39:23] [TASK] Alibek → AcceptMission [ScoutPoi] (goal=AcceptMission)
[10:39:23] [GOAL] Alibek achieved AcceptMission
[10:39:23] [MISSION] Andrei accepted ScoutPoi @ Chernobyl Town (200 RU)
[10:39:23] [TASK] Andrei → AcceptMission [ScoutPoi] (goal=AcceptMission)
[10:39:23] [GOAL] Andrei achieved AcceptMission
[10:39:24] [COMBAT] Bohdan Petrov 'Fox' killed Poltergeist using wpn_pkm
[10:39:24] [COMBAT] Viktor Volkov 'Razor' killed Bohdan Shevchenko 'Crow' using wpn_g36
[10:39:24] [GEAR] Viktor looted [wpn_fn2000, arm_exo] via combat
[10:39:24] [COMBAT] Andriy Popov 'Ghost' killed Snork using wpn_ak74m
[10:39:25] [COMBAT] Giorgi Petrov 'Ghost' killed Pseudodog using wpn_fn2000
[10:39:25] [COMBAT] Karl Ivanov 'Razor' killed Tushkano using wpn_ak74
[10:39:26] [COMBAT] Rustam Petrov 'Jackal' killed Bloodsucker using wpn_toz34
[10:39:26] [COMBAT] Vasyl Popov 'Ghost' killed Mykola Volkov 'Spark' using wpn_ak74
[10:39:26] [GEAR] Vasyl looted [wpn_gauss, out_exolight_outfit] via combat
[10:39:27] [COMBAT] Mykola Bondarenko 'Crow' killed Pavel Petrov 'Viper' using wpn_gauss
[10:39:27] [GEAR] Mykola looted [wpn_mp5] via combat
[10:39:27] [CORPSE] Despawned 26 bodies (lifetime=627)
[10:39:28] [COMBAT] Mykola Petrenko 'Raven' killed Heinrich Sokolov 'The Rat' using wpn_fn2000
[10:39:28] [GEAR] Mykola looted [wpn_sg550, helm_helm_exo] via combat
[10:39:29] [COMBAT] Mikhail Kovalenko 'The Rat' killed Fracture using wpn_m4a1
[10:39:29] [COMBAT] Marcus Petrov 'Two-Fingers' killed Andrei Melnyk 'Spark' using wpn_sg550
[10:39:29] [GEAR] Marcus looted [wpn_pkm, wpn_desert_eagle, arm_duty] via combat
[10:39:29] [COMBAT] Tobias Ivanov 'Knuckle' killed Ivan Sokolov 'Raven' using wpn_fn2000
[10:39:29] [GEAR] Tobias looted [wpn_fn2000, wpn_desert_eagle, arm_exo, helm_helm_spartan] via combat
[10:39:29] [COMBAT] Yuriy Petrenko 'Stitch' killed Snork using wpn_gauss
[10:39:29] [COMBAT] Marcus Melnyk 'Stitch' killed Bohdan Melnyk 'Badger' using wpn_rg6
[10:39:29] [GEAR] Marcus looted [wpn_pkm, arm_exo, helm_gas] via combat
[10:39:29] [COMBAT] Serhiy Sokolov 'Badger' killed Snork using wpn_gauss
[10:39:30] [SPAWN] Trickle +1 stalkers, +0 mutants
[10:39:30] [MISSION] Nikolai accepted ScoutPoi @ Kopachi (196 RU)
[10:39:30] [TASK] Nikolai → AcceptMission [ScoutPoi] (goal=AcceptMission)
[10:39:30] [GOAL] Nikolai achieved AcceptMission
[10:39:30] [COMBAT] Taras Melnyk 'Jackal' killed Boar using wpn_mp5
[10:39:31] [COMBAT] Serhiy Popov 'Scar' killed Snork using wpn_gauss
[10:39:31] [COMBAT] Viktor Bondarenko 'Ghost' killed Lurker using wpn_vintorez
[10:39:31] [COMBAT] Ivan Melnyk 'The Nail' killed Snork using wpn_pkm
[10:39:32] [COMBAT] Vasyl Petrenko 'Wolf' killed Andriy Melnyk 'Ugly' using wpn_aksu
[10:39:32] [GEAR] Vasyl looted [wpn_sg550, wpn_desert_eagle, helm_helm_m40] via combat
[10:39:32] [COMBAT] Viktor Volkov 'Fox' killed Pavel Melnyk 'Knuckle' using wpn_mp5
[10:39:32] [GEAR] Viktor looted [wpn_pb] via combat
[10:39:34] [COMBAT] Alexei Kovalenko 'Bullet' killed Burer using wpn_sg550
[10:39:34] [COMBAT] Lars Petrenko 'Raven' killed Snork using wpn_val
[10:39:34] [COMBAT] Pierre Petrenko 'Crow' killed Alexei Melnyk 'Ash' using wpn_mp5
[10:39:34] [GEAR] Pierre looted [wpn_svd, wpn_desert_eagle, arm_duty] via combat
[10:39:34] [COMBAT] Oleksiy Bondarenko 'Bone' killed Chimera using wpn_pkm
[10:39:35] [COMBAT] Jake Ivanov 'Stitches' killed Burer using wpn_fn2000
[10:39:35] [COMBAT] Heinrich Melnyk 'Scar' killed Dog using wpn_l96a1
[10:39:35] [COMBAT] Nikolai Petrenko 'Raven' killed Bloodsucker using wpn_ak74
[10:39:35] [COMBAT] Pavel Popov 'Shadow' killed Pseudodog using wpn_fort12
[10:39:36] [MISSION] Timur accepted ScoutPoi @ Cordon (160 RU)
[10:39:36] [TASK] Timur → AcceptMission [ScoutPoi] (goal=AcceptMission)
[10:39:36] [GOAL] Timur achieved AcceptMission
[10:39:36] [COMBAT] Karl Kovalenko 'Ash' killed Boar using wpn_pm
[10:39:36] [RANK] Andriy Shevchenko 'Badger' → Professional
[10:39:36] [COMBAT] Oleg Sokolov 'Raven' killed Bloodsucker using wpn_fn2000
[10:39:37] [COMBAT] Tobias Volkov 'Lucky' killed Viktor Volkov 'Bone' using wpn_svd
[10:39:37] [GEAR] Tobias looted [wpn_svd] via combat
[10:39:38] [COMBAT] Marcus Melnyk 'Whisper' killed Rustam Popov 'Scar' using wpn_gauss
[10:39:38] [COMBAT] Ivan Ivanov 'Jackal' killed Dog using wpn_ak74
[10:39:39] [COMBAT] Dmitri Volkov 'Stitches' killed Mikhail Shevchenko 'Mole' using wpn_rg6
[10:39:39] [GEAR] Dmitri looted [wpn_pkm, arm_duty] via combat
[10:39:39] [MISSION] Alexei accepted ScoutPoi @ Chernobyl Town (200 RU)
[10:39:39] [TASK] Alexei → AcceptMission [ScoutPoi] (goal=AcceptMission)
[10:39:39] [GOAL] Alexei achieved AcceptMission
[10:39:39] [COMBAT] Vasyl Kovalenko 'Shadow' killed Boar using wpn_ak74
[10:39:39] [COMBAT] Alexei Kovalenko 'Two-Fingers' killed Pseudodog using wpn_rg6
[10:39:39] [COMBAT] Pavel Shevchenko 'Ash' killed Andrei Petrov 'Spark' using wpn_pm
[10:39:39] [GEAR] Pavel looted [helm_hardhat] via combat
[10:39:39] [MISSION] Rustam accepted ScoutPoi @ Zalissya (184 RU)
[10:39:39] [TASK] Rustam → AcceptMission [ScoutPoi] (goal=AcceptMission)
[10:39:39] [GOAL] Rustam achieved AcceptMission
[10:39:40] [COMBAT] Oleg Petrov 'Shadow' killed Pseudodog using wpn_pkm
[10:39:40] [COMBAT] Vasyl Melnyk 'Ghost' killed PsyDog using wpn_val
[10:39:40] [COMBAT] Bohdan Ivanov 'Spark' killed Snork using wpn_gauss
[10:39:41] [CORPSE] Despawned 24 bodies (lifetime=651)
[10:39:41] [COMBAT] Jake Popov 'Phantom' killed Fracture using wpn_m4a1
[10:39:41] [COMBAT] Jake Petrov 'Raven' killed BlindDog using wpn_m4a1
[10:39:43] [COMBAT] Dmytro Petrov 'Phantom' killed Dog using wpn_lr300
[10:39:43] [COMBAT] Tobias Sokolov 'Viper' killed Bloodsucker using wpn_pm
[10:39:44] [RANK] Ivan Melnyk 'Viper' → Trainee
[10:39:44] [COMBAT] Ivan Melnyk 'Viper' killed Andriy Shevchenko 'Badger' using wpn_pkm
[10:39:44] [GEAR] Ivan looted [wpn_pb] via combat
[10:39:45] [SPAWN] Trickle +0 stalkers, +1 mutants
[10:39:45] [COMBAT] Oleksiy Petrenko 'Ash' killed Rustam Petrov 'Jackal' using wpn_mp5
[10:39:45] [COMBAT] Nikolai Melnyk 'Fox' killed Lars Bondarenko 'Wolf' using wpn_gauss
[10:39:45] [COMBAT] Nikolai Sokolov 'Ghost' killed Chimera using wpn_gauss
[10:39:46] [COMBAT] Ivan Ivanov 'Crow' killed Mykola Melnyk 'Mole' using wpn_pkm
[10:39:46] [COMBAT] Vasyl Sokolov 'Shadow' killed Oleksiy Sokolov 'Jackal' using wpn_fn2000
[10:39:46] [GEAR] Vasyl looted [helm_helm_respirator] via combat
[10:39:46] [TASK] Marcus → TradeRun [poi_macro_12] (goal=VisitTrader)
[10:39:46] [TRADE] Marcus bought [helm_bandana] @ South
[10:39:46] [GOAL] Marcus achieved VisitTrader
[10:39:46] [MISSION] Marcus accepted ScoutPoi @ Truck Cemetery (210 RU)
[10:39:46] [TASK] Marcus → AcceptMission [ScoutPoi] (goal=AcceptMission)
[10:39:46] [GOAL] Marcus achieved AcceptMission
[10:39:46] [COMBAT] Taras Volkov 'Stitch' killed Controller using wpn_vintorez
[10:39:48] [COMBAT] Lars Petrenko 'Raven' killed Snork using wpn_val
[10:39:48] [COMBAT] Bohdan Melnyk 'Mole' killed Alexei Shevchenko 'Stitch' using wpn_spas12
[10:39:48] [GEAR] Bohdan looted [wpn_ak74m, out_nomad_outfit] via combat
[10:39:48] [TASK] Dmitri → TradeRun [poi_macro_12] (goal=VisitTrader)
[10:39:48] [GOAL] Dmitri achieved VisitTrader
[10:39:48] [COMBAT] Taras Petrenko 'Bullet' killed Timur Sokolov 'Scar' using wpn_aek971
[10:39:48] [MISSION] Dmitri accepted ScoutPoi @ Truck Cemetery (210 RU)
[10:39:48] [TASK] Dmitri → AcceptMission [ScoutPoi] (goal=AcceptMission)
[10:39:48] [GOAL] Dmitri achieved AcceptMission
[10:39:49] [COMBAT] Nikolai Bondarenko 'Scar' killed Snork using wpn_p90
[10:39:50] [COMBAT] Dmitri Popov 'Stitch' killed Bloodsucker using wpn_aksu
[10:39:50] [COMBAT] Ivan Melnyk 'The Nail' killed Boar using wpn_pkm
[10:39:50] [SPAWN] Trickle +1 stalkers, +0 mutants
[10:39:50] [SNAPSHOT] real=13.3min game=D0 00:30 alive S=428 M=318 corpses=1206 lootable=577 gammaGear out=237 helm=375 avgRU=914 leaderGoals trade=0 mission=126 emission=Dormant nextIn=74gmin desperate=1 hungry=0 interval deaths=98 combats=144 tasks=10 gearLoot=19 gearBuy=1 missions=8 corpseDespawn=50 trickleSpawns=3 ranks=[Rookie:388,Trainee:15,Experienced:13,Professional:7,Veteran:5] goals=[CompleteMission::125,Idle:86,Traveling:1,AcceptMission::1] leaders: Mikhail[Rookie/CompleteMission:], Oleksiy[Rookie/CompleteMission:], Ivan[Rookie/CompleteMission:], Dmytro[Rookie/Idle], Damir[Rookie/CompleteMission:]
[10:39:50] [MISSION] Yuriy accepted ScoutPoi @ Zalissya (184 RU)
[10:39:50] [TASK] Yuriy → AcceptMission [ScoutPoi] (goal=AcceptMission)
[10:39:50] [GOAL] Yuriy achieved AcceptMission
[10:39:50] [COMBAT] Sergei Ivanov 'Stitch' killed Snork using wpn_vintorez
[10:39:51] [COMBAT] Andriy Volkov 'Stitch' killed Serhiy Shevchenko 'Raven' using wpn_fn2000
[10:39:51] [GEAR] Andriy looted [wpn_sg550, helm_exo] via combat
[10:39:53] [COMBAT] Karl Kovalenko 'Ash' killed Yuriy Popov 'The Nail' using wpn_pm
[10:39:53] [GEAR] Karl looted [wpn_toz34, out_wastelander_outfit] via combat
[10:39:54] [CORPSE] Despawned 24 bodies (lifetime=675)
[10:39:54] [COMBAT] Andrei Shevchenko 'Stitch' killed Snork using wpn_gauss
[10:39:54] [COMBAT] Nodar Bondarenko 'Raven' killed Flesh using wpn_sg550
[10:39:54] [COMBAT] Dmitri Volkov 'Stitches' killed Flesh using wpn_pkm
[10:39:55] [COMBAT] Mikhail Bondarenko 'Spark' killed Yuriy Petrenko 'Stitch' using wpn_pm
[10:39:55] [GEAR] Mikhail looted [wpn_gauss, wpn_desert_eagle, arm_duty, helm_exo] via combat
[10:39:56] [COMBAT] Viktor Melnyk 'Mole' killed Bloodsucker using wpn_gauss
[10:39:56] [SPAWN] Trickle +0 stalkers, +1 mutants
[10:39:59] [COMBAT] Yuriy Petrenko 'Jackal' killed Snork using wpn_toz34
[10:40:04] [COMBAT] Bohdan Kovalenko 'Stitch' killed Fracture using wpn_pm
[10:40:04] [COMBAT] Damir Melnyk 'Phantom' killed Pseudodog using wpn_ak74
[10:40:05] [COMBAT] Alexei Shevchenko 'Mole' killed Bloodsucker using wpn_aksu
[10:40:05] [COMBAT] Alibek Bondarenko 'Spark' killed Snork using wpn_sg550
[10:40:06] [COMBAT] Marcus Petrov 'Broken Nose' killed Snork using wpn_m4a1
[10:40:06] [COMBAT] Andriy Kovalenko 'Ugly' killed Pseudodog using wpn_aek971
[10:40:06] [COMBAT] Andriy Sokolov 'Viper' killed Fracture using wpn_pm
[10:40:07] [CORPSE] Despawned 25 bodies (lifetime=700)
[10:40:07] [COMBAT] Sean Petrenko 'Raven' killed PsyDog using wpn_mp5
[10:40:08] [COMBAT] Dmytro Shevchenko 'Wolf' killed Andriy Volkov 'Stitch' using wpn_pkm
[10:40:08] [GEAR] Dmytro looted [wpn_sg550, arm_freedom, helm_exo] via combat
[10:40:08] [COMBAT] Ivan Petrenko 'Stitch' killed Snork using wpn_mp5
[10:40:10] [COMBAT] Andriy Melnyk 'Phantom' killed Rat using wpn_ak74
[10:40:11] [COMBAT] Viktor Melnyk 'Mole' killed Chimera using wpn_gauss
[10:40:15] [COMBAT] Andrei Shevchenko 'Stitch' killed Boar using wpn_gauss
[10:40:15] [COMBAT] Alexei Bondarenko 'Mole' killed Bloodsucker using wpn_fn2000
[10:40:16] [COMBAT] Lars Kovalenko 'Ghost' killed Rat using wpn_rg6
[10:40:17] [COMBAT] Nodar Kovalenko 'Scar' killed Boar using wpn_aksu
[10:40:19] [COMBAT] Oleksiy Bondarenko 'Ghost' killed Bloodsucker using wpn_ak74
[10:40:20] [CORPSE] Despawned 36 bodies (lifetime=736)
[10:40:21] [SNAPSHOT] real=13.8min game=D0 00:31 alive S=391 M=297 corpses=1180 lootable=561 gammaGear out=214 helm=342 avgRU=920 leaderGoals trade=0 mission=117 emission=Dormant nextIn=73gmin desperate=1 hungry=0 interval deaths=37 combats=59 tasks=1 gearLoot=4 gearBuy=0 missions=1 corpseDespawn=85 trickleSpawns=1 ranks=[Rookie:353,Trainee:13,Experienced:13,Professional:7,Veteran:5] goals=[CompleteMission::117,Idle:76,Traveling:1] leaders: Mikhail[Rookie/CompleteMission:], Oleksiy[Rookie/CompleteMission:], Ivan[Rookie/CompleteMission:], Dmytro[Rookie/Idle], Damir[Rookie/CompleteMission:]
[10:40:23] [COMBAT] Timur Bondarenko 'Bone' killed Bloodsucker using wpn_pm
[10:40:24] [COMBAT] Alexei Melnyk 'Stitch' killed Viktor Volkov 'Razor' using wpn_ak74
[10:40:24] [GEAR] Alexei looted [wpn_fn2000, arm_exo] via combat
[10:40:26] [COMBAT] Sean Kovalenko 'Bone' killed Viktor Melnyk 'Mole' using wpn_p90
[10:40:27] [COMBAT] Karl Ivanov 'Razor' killed Snork using wpn_ak74
[10:40:30] [COMBAT] Marcus Melnyk 'Stitch' killed Boar using wpn_pkm
[10:40:31] [COMBAT] Igor Melnyk 'Fox' killed Flesh using wpn_vintorez
[10:40:33] [CORPSE] Despawned 29 bodies (lifetime=765)
[10:40:33] [COMBAT] Andriy Bondarenko 'Bullet' killed Oleksiy Bondarenko 'Bone' using wpn_vintorez
[10:40:33] [GEAR] Andriy looted [arm_exo, helm_helm_exo] via combat
[10:40:34] [COMBAT] Lars Popov 'Bullet' killed Chimera using wpn_aksu
[10:40:34] [COMBAT] Andriy Melnyk 'Phantom' killed Taras Ivanov 'Phantom' using wpn_ak74
[10:40:34] [GEAR] Andriy looted [wpn_mp5, helm_helm_respirator] via combat
[10:40:34] [COMBAT] Lars Petrenko 'Raven' killed BlindDog using wpn_val
[10:40:35] [RANK] Marcus Melnyk 'Whisper' → Trainee
[10:40:35] [COMBAT] Marcus Melnyk 'Whisper' killed Rat using wpn_gauss
[10:40:37] [COMBAT] Oleg Petrov 'Mole' killed Bloodsucker using wpn_gauss
[10:40:37] [COMBAT] Serhiy Shevchenko 'Wolf' killed Dmitri Kovalenko 'Wolf' using wpn_mp5
[10:40:37] [GEAR] Serhiy looted [wpn_pkm, wpn_desert_eagle, arm_exo] via combat
[10:40:39] [COMBAT] Taras Sokolov 'Raven' killed Marcus Petrov 'Broken Nose' using wpn_gauss
[10:40:39] [GEAR] Taras looted [wpn_m4a1, out_merc_nighthunter_outfit] via combat
[10:40:39] [COMBAT] Bohdan Sokolov 'Phantom' killed Fracture using wpn_gauss
[10:40:39] [COMBAT] Nikolai Sokolov 'Ghost' killed Poltergeist using wpn_gauss
[10:40:39] [COMBAT] Mykola Ivanov 'Phantom' killed Jake Petrov 'Raven' using wpn_ak74
[10:40:39] [GEAR] Mykola looted [wpn_m4a1, wpn_fort12, out_exo_merc_wood_outfit] via combat
[10:40:42] [COMBAT] Sergei Kovalenko 'Spark' killed Fracture using wpn_pkm
[10:40:42] [COMBAT] Bohdan Sokolov 'Fox' killed Flesh using wpn_gauss
[10:40:43] [COMBAT] Dmitri Shevchenko 'Phantom' killed Controller using wpn_pkm
[10:40:44] [TASK] Dmytro → TradeRun [poi_macro_6] (goal=VisitTrader)
[10:40:44] [GOAL] Dmytro achieved VisitTrader
[10:40:44] [MISSION] Dmytro accepted ScoutPoi @ Yantar (236 RU)
[10:40:44] [TASK] Dmytro → AcceptMission [ScoutPoi] (goal=AcceptMission)
[10:40:44] [GOAL] Dmytro achieved AcceptMission
[10:40:45] [COMBAT] Andriy Shevchenko 'Spark' killed Bloodsucker using wpn_ak74
[10:40:45] [COMBAT] Mikhail Bondarenko 'Spark' killed BlindDog using wpn_gauss
[10:40:45] [COMBAT] Bohdan Bondarenko 'Crow' killed Pseudodog using wpn_p90
[10:40:45] [COMBAT] Dmitri Popov 'Stitch' killed Bloodsucker using wpn_aksu
[10:40:46] [CORPSE] Despawned 16 bodies (lifetime=781)
[10:40:46] [COMBAT] Pavel Volkov 'Spark' killed Fracture using wpn_vintorez
[10:40:47] [SPAWN] Trickle +1 stalkers, +0 mutants
[10:40:47] [MISSION] Viktor accepted ScoutPoi @ Yantar (236 RU)
[10:40:47] [TASK] Viktor → AcceptMission [ScoutPoi] (goal=AcceptMission)
[10:40:47] [GOAL] Viktor achieved AcceptMission
[10:40:48] [COMBAT] Pavel Ivanov 'Wolf' killed PsyDog using wpn_pkm
[10:40:48] [COMBAT] Bohdan Kovalenko 'Stitch' killed Rat using wpn_pm
[10:40:50] [SPAWN] Trickle +1 stalkers, +0 mutants
[10:40:52] [COMBAT] Andriy Shevchenko 'Jackal' killed Taras Sokolov 'Raven' using wpn_pm
[10:40:52] [GEAR] Andriy looted [wpn_m4a1, out_merc_nighthunter_outfit, helm_helm_tactic] via combat
[10:40:52] [SNAPSHOT] real=14.3min game=D0 00:32 alive S=369 M=277 corpses=1179 lootable=551 gammaGear out=202 helm=326 avgRU=923 leaderGoals trade=2 mission=110 emission=Dormant nextIn=72gmin desperate=1 hungry=0 interval deaths=24 combats=44 tasks=3 gearLoot=7 gearBuy=0 missions=2 corpseDespawn=45 trickleSpawns=2 ranks=[Rookie:331,Trainee:14,Experienced:12,Professional:7,Veteran:5] goals=[CompleteMission::110,Idle:74,VisitTrader::2] leaders: Mikhail[Rookie/CompleteMission:], Oleksiy[Rookie/CompleteMission:], Ivan[Rookie/CompleteMission:], Dmytro[Rookie/Idle], Damir[Rookie/CompleteMission:]
[10:40:53] [TASK] Nikolai → TradeRun [poi_macro_12] (goal=VisitTrader)
[10:40:53] [GOAL] Nikolai achieved VisitTrader
[10:40:53] [MISSION] Nikolai accepted ScoutPoi @ Truck Cemetery (210 RU)
[10:40:53] [TASK] Nikolai → AcceptMission [ScoutPoi] (goal=AcceptMission)
[10:40:53] [GOAL] Nikolai achieved AcceptMission
[10:40:53] [COMBAT] Yuriy Bondarenko 'Crow' killed Andriy Melnyk 'Crow' using wpn_pkm
[10:40:53] [GEAR] Yuriy looted [wpn_fort12, helm_bandana] via combat
[10:40:53] [COMBAT] Igor Melnyk 'Fox' killed Boar using wpn_vintorez
[10:40:53] [COMBAT] Igor Sokolov 'Raven' killed BlindDog using wpn_pkm
[10:40:53] [COMBAT] Pavel Petrov 'Raven' killed Pseudodog using wpn_ak74
[10:40:55] [COMBAT] Oleksiy Petrov 'Phantom' killed Lurker using wpn_vintorez
[10:40:55] [RANK] Vasyl Kovalenko 'Shadow' → Trainee
[10:40:55] [COMBAT] Vasyl Kovalenko 'Shadow' killed Snork using wpn_ak74
[10:40:56] [COMBAT] Bohdan Melnyk 'Mole' killed Dmitri Petrov 'Crow' using wpn_ak74m
[10:40:56] [GEAR] Bohdan looted [wpn_fn2000, wpn_desert_eagle, helm_helm_metro] via combat
[10:40:57] [TASK] Pavel → TradeRun [poi_macro_12] (goal=VisitTrader)
[10:40:57] [GOAL] Pavel achieved VisitTrader
[10:40:57] [MISSION] Pavel accepted ScoutPoi @ Truck Cemetery (210 RU)
[10:40:57] [TASK] Pavel → AcceptMission [ScoutPoi] (goal=AcceptMission)
[10:40:57] [GOAL] Pavel achieved AcceptMission
[10:40:59] [CORPSE] Despawned 23 bodies (lifetime=804)
[10:40:59] [COMBAT] Oleg Petrov 'Stitch' killed Poltergeist using wpn_val
[10:41:02] [COMBAT] Dmytro Shevchenko 'Wolf' killed Pavel Popov 'Shadow' using wpn_pkm
[10:41:04] [COMBAT] Dmytro Petrenko 'Jackal' killed BlindDog using wpn_mp5
[10:41:04] [COMBAT] Sergei Kovalenko 'Spark' killed Poltergeist using wpn_pkm
[10:41:06] [COMBAT] Oleksiy Kovalenko 'Badger' killed Pseudodog using wpn_pkm
[10:41:07] [COMBAT] Timur Bondarenko 'Razor' killed Pseudodog using wpn_lr300
[10:41:11] [COMBAT] Lasha Petrov 'Stitches' killed Pseudodog using wpn_rg6
[10:41:12] [SPAWN] Trickle +0 stalkers, +1 mutants
[10:41:12] [CORPSE] Despawned 31 bodies (lifetime=835)
[10:41:12] [COMBAT] Alexei Kovalenko 'Bullet' killed Snork using wpn_sg550
[10:41:15] [COMBAT] Bakhyt Shevchenko 'Bone' killed BlindDog using wpn_vintorez
[10:41:16] [COMBAT] Alexei Melnyk 'Stitch' killed Burer using wpn_fn2000
[10:41:19] [COMBAT] Vasyl Petrenko 'Wolf' killed Poltergeist using wpn_sg550
[10:41:19] [COMBAT] Alibek Bondarenko 'Spark' killed Burer using wpn_sg550
[10:41:19] [COMBAT] Dmytro Kovalenko 'Viper' killed PsyDog using wpn_gauss
[10:41:20] [COMBAT] Andriy Bondarenko 'Bullet' killed Bohdan Melnyk 'Mole' using wpn_vintorez
[10:41:20] [GEAR] Andriy looted [out_nomad_outfit] via combat
[10:41:21] [RANK] Mykola Melnyk 'Scar' → Trainee
[10:41:21] [COMBAT] Mykola Melnyk 'Scar' killed Snork using wpn_pkm
[10:41:23] [COMBAT] Damir Melnyk 'Razor' killed Fracture using wpn_ak74
[10:41:23] [MISSION] Ivan accepted ScoutPoi @ Chistogalovka (236 RU)
[10:41:23] [TASK] Ivan → AcceptMission [ScoutPoi] (goal=AcceptMission)
[10:41:23] [GOAL] Ivan achieved AcceptMission
[10:41:23] [MISSION] Dmitri arrived for ScoutPoi @ Mutant Den #0 near Dark Valley (travel=954m, work=302s game)
[10:41:23] [COMBAT] Yuriy Bondarenko 'Crow' killed Fracture using wpn_pkm
[10:41:24] [SNAPSHOT] real=14.8min game=D0 00:33 alive S=357 M=258 corpses=1157 lootable=545 gammaGear out=196 helm=315 avgRU=924 leaderGoals trade=0 mission=105 emission=Dormant nextIn=70gmin desperate=3 hungry=0 interval deaths=12 combats=32 tasks=5 gearLoot=3 gearBuy=0 missions=3 corpseDespawn=54 trickleSpawns=1 ranks=[Rookie:318,Trainee:15,Experienced:12,Professional:7,Veteran:5] goals=[CompleteMission::105,Idle:75] leaders: Mikhail[Rookie/CompleteMission:], Oleksiy[Rookie/CompleteMission:], Ivan[Rookie/CompleteMission:], Dmytro[Rookie/Idle], Damir[Rookie/CompleteMission:]
[10:41:24] [TASK] Pavel → FulfillMission [ScoutPoi] (goal=CompleteMission)
[10:41:24] [MISSION] Pavel objective done ScoutPoi @ Makeshift Outpost → return to Chernobyl Town
[10:41:24] [TASK] Dmitri → FulfillMission [ScoutPoi] (goal=CompleteMission)
[10:41:24] [MISSION] Dmitri objective done ScoutPoi @ Loot Crate (Rostok-Truck Ce) → return to Yantar
[10:41:24] [TASK] Taras → FulfillMission [ScoutPoi] (goal=CompleteMission)
[10:41:24] [MISSION] Taras objective done ScoutPoi @ Hidden Hut → return to Red Forest
[10:41:24] [TASK] Viktor → FulfillMission [ScoutPoi] (goal=CompleteMission)
[10:41:24] [MISSION] Viktor objective done ScoutPoi @ Abandoned Bus → return to Meadow
[10:41:24] [TASK] Bakhyt → FulfillMission [ScoutPoi] (goal=CompleteMission)
[10:41:24] [MISSION] Bakhyt objective done ScoutPoi @ Windswept Cabin → return to Radar (Brain Scorcher)
[10:41:24] [TASK] Mykola → FulfillMission [ScoutPoi] (goal=CompleteMission)
[10:41:24] [MISSION] Mykola objective done ScoutPoi @ Abandoned Bus → return to Meadow
[10:41:24] [TASK] Armen → FulfillMission [ScoutPoi] (goal=CompleteMission)
[10:41:24] [MISSION] Armen objective done ScoutPoi @ Abandoned Hut → return to Cordon
[10:41:24] [TASK] Dmitri → FulfillMission [ScoutPoi] (goal=CompleteMission)
[10:41:24] [MISSION] Dmitri objective done ScoutPoi @ Forgotten Shelter → return to Wild Territory
[10:41:24] [TASK] Mikhail → FulfillMission [ScoutPoi] (goal=CompleteMission)
[10:41:24] [MISSION] Mikhail objective done ScoutPoi @ Sunken Shack → return to Dead City (Chernobyl-2 Settlement)
[10:41:24] [TASK] Oleksiy → FulfillMission [ScoutPoi] (goal=CompleteMission)
[10:41:24] [MISSION] Oleksiy objective done ScoutPoi @ Ruined Garage → return to Kopachi
[10:41:24] [TASK] Ivan → FulfillMission [ScoutPoi] (goal=CompleteMission)
[10:41:24] [MISSION] Ivan objective done ScoutPoi @ Duty Checkpoint → return to Limansk
[10:41:24] [TASK] Damir → FulfillMission [ScoutPoi] (goal=CompleteMission)
[10:41:24] [MISSION] Damir objective done ScoutPoi @ Makeshift Camp (Cordon-Meadow) → return to Great Swamps
[10:41:24] [TASK] Viktor → FulfillMission [ScoutPoi] (goal=CompleteMission)
[10:41:24] [MISSION] Viktor objective done ScoutPoi @ Sunken Stash → return to Rostok
[10:41:24] [TASK] Andriy → FulfillMission [ScoutPoi] (goal=CompleteMission)
[10:41:24] [MISSION] Andriy objective done ScoutPoi @ Ruined Garage → return to Kopachi
[10:41:24] [TASK] Andrei → FulfillMission [ScoutPoi] (goal=CompleteMission)
[10:41:24] [MISSION] Andrei objective done ScoutPoi @ Forgotten Shelter → return to Wild Territory
[10:41:24] [TASK] Nikolai → FulfillMission [ScoutPoi] (goal=CompleteMission)
[10:41:24] [MISSION] Nikolai objective done ScoutPoi @ Abandoned Bus → return to Meadow
[10:41:24] [TASK] Taras → FulfillMission [ScoutPoi] (goal=CompleteMission)
[10:41:24] [MISSION] Taras objective done ScoutPoi @ Loot Crate (Rostok-Truck Ce) → return to Yantar
[10:41:24] [TASK] Dmytro → FulfillMission [ScoutPoi] (goal=CompleteMission)
[10:41:24] [MISSION] Dmytro objective done ScoutPoi @ Loot Crate (Rostok-Truck Ce) → return to Yantar
[10:41:24] [TASK] Mykola → FulfillMission [ScoutPoi] (goal=CompleteMission)
[10:41:24] [MISSION] Mykola objective done ScoutPoi @ Abandoned Bus → return to Meadow
[10:41:24] [TASK] Damir → FulfillMission [ScoutPoi] (goal=CompleteMission)
[10:41:24] [MISSION] Damir objective done ScoutPoi @ Makeshift Outpost → return to Chernobyl Town
[10:41:24] [TASK] Serhiy → FulfillMission [ScoutPoi] (goal=CompleteMission)
[10:41:24] [MISSION] Serhiy objective done ScoutPoi @ Abandoned Hut → return to Cordon
[10:41:24] [TASK] Dmitri → FulfillMission [ScoutPoi] (goal=CompleteMission)
[10:41:24] [MISSION] Dmitri objective done ScoutPoi @ Abandoned Bus → return to Meadow
[10:41:24] [TASK] Nikolai → FulfillMission [ScoutPoi] (goal=CompleteMission)
[10:41:24] [MISSION] Nikolai objective done ScoutPoi @ Ruined Garage → return to Kopachi
[10:41:24] [TASK] Alexei → FulfillMission [ScoutPoi] (goal=CompleteMission)
[10:41:24] [MISSION] Alexei objective done ScoutPoi @ Duty Checkpoint → return to Limansk
[10:41:24] [TASK] Andriy → FulfillMission [ScoutPoi] (goal=CompleteMission)
[10:41:24] [MISSION] Andriy objective done ScoutPoi @ Forgotten Shelter → return to Wild Territory
[10:41:24] [TASK] Igor → FulfillMission [ScoutPoi] (goal=CompleteMission)
[10:41:24] [MISSION] Igor objective done ScoutPoi @ Mutant Den #1 near Rostok → return to Sarcophagus
[10:41:24] [TASK] Oleg → FulfillMission [ScoutPoi] (goal=CompleteMission)
[10:41:24] [MISSION] Oleg objective done ScoutPoi @ Loot Crate (Rostok-Truck Ce) → return to Yantar
[10:41:24] [TASK] Alibek → FulfillMission [ScoutPoi] (goal=CompleteMission)
[10:41:24] [MISSION] Alibek objective done ScoutPoi @ Ruined Garage → return to Kopachi
[10:41:24] [TASK] Lasha → FulfillMission [ScoutPoi] (goal=CompleteMission)
[10:41:24] [MISSION] Lasha objective done ScoutPoi @ Mutant Den #1 near Rostok → return to Sarcophagus
[10:41:24] [TASK] Timur → FulfillMission [ScoutPoi] (goal=CompleteMission)
[10:41:24] [MISSION] Timur objective done ScoutPoi @ Makeshift Camp (Cordon-Meadow) → return to Great Swamps
[10:41:24] [TASK] Serhiy → FulfillMission [ScoutPoi] (goal=CompleteMission)
[10:41:24] [MISSION] Serhiy objective done ScoutPoi @ Forgotten Shelter → return to Wild Territory
[10:41:24] [TASK] Alexei → FulfillMission [ScoutPoi] (goal=CompleteMission)
[10:41:24] [MISSION] Alexei objective done ScoutPoi @ Forgotten Pillbox → return to Zalissya
[10:41:24] [TASK] Ivan → FulfillMission [ScoutPoi] (goal=CompleteMission)
[10:41:24] [MISSION] Ivan objective done ScoutPoi @ Abandoned Hut → return to Cordon
[10:41:24] [TASK] Dmytro → FulfillMission [ScoutPoi] (goal=CompleteMission)
[10:41:24] [MISSION] Dmytro objective done ScoutPoi @ Abandoned Hut → return to Cordon
[10:41:24] [TASK] Lars → FulfillMission [ScoutPoi] (goal=CompleteMission)
[10:41:24] [MISSION] Lars objective done ScoutPoi @ Sunken Shack → return to Dead City (Chernobyl-2 Settlement)
[10:41:24] [TASK] Igor → FulfillMission [ScoutPoi] (goal=CompleteMission)
[10:41:24] [MISSION] Igor objective done ScoutPoi @ Mutant Den #1 near Rostok → return to Sarcophagus
[10:41:24] [TASK] Andriy → FulfillMission [ScoutPoi] (goal=CompleteMission)
[10:41:24] [MISSION] Andriy objective done ScoutPoi @ Forgotten Pillbox → return to Zalissya
[10:41:24] [TASK] Andriy → FulfillMission [ScoutPoi] (goal=CompleteMission)
[10:41:24] [MISSION] Andriy objective done ScoutPoi @ Makeshift Camp (Garbage-Agroprom) → return to Deserted Hospital
[10:41:24] [TASK] Alexei → FulfillMission [ScoutPoi] (goal=CompleteMission)
[10:41:24] [MISSION] Alexei objective done ScoutPoi @ Makeshift Outpost → return to Chernobyl Town
[10:41:24] [TASK] Damir → FulfillMission [ScoutPoi] (goal=CompleteMission)
[10:41:24] [MISSION] Damir objective done ScoutPoi @ Makeshift Camp (Cordon-Meadow) → return to Great Swamps
[10:41:24] [TASK] Marcus → FulfillMission [ScoutPoi] (goal=CompleteMission)
[10:41:24] [MISSION] Marcus objective done ScoutPoi @ Mutant Den #0 near Dark Valley → return to Duga Radar
[10:41:24] [TASK] Alexei → FulfillMission [ScoutPoi] (goal=CompleteMission)
[10:41:24] [MISSION] Alexei objective done ScoutPoi @ Mutant Den #1 near Rostok → return to Sarcophagus
[10:41:24] [TASK] Ivan → FulfillMission [ScoutPoi] (goal=CompleteMission)
[10:41:24] [MISSION] Ivan objective done ScoutPoi @ Mutant Den #0 near Truck Cemetery → return to Chistogalovka
[10:41:24] [TASK] Ivan → FulfillMission [ScoutPoi] (goal=CompleteMission)
[10:41:24] [MISSION] Ivan objective done ScoutPoi @ Windswept Cabin → return to Radar (Brain Scorcher)
[10:41:24] [TASK] Dmitri → FulfillMission [ScoutPoi] (goal=CompleteMission)
[10:41:24] [MISSION] Dmitri objective done ScoutPoi @ Mutant Den #0 near Dark Valley → return to Duga Radar
[10:41:24] [TASK] Jake → FulfillMission [ScoutPoi] (goal=CompleteMission)
[10:41:24] [MISSION] Jake objective done ScoutPoi @ Bandit Base → return to Truck Cemetery
[10:41:24] [TASK] Nodar → FulfillMission [ScoutPoi] (goal=CompleteMission)
[10:41:24] [MISSION] Nodar objective done ScoutPoi @ Windswept Cabin → return to Radar (Brain Scorcher)
[10:41:24] [TASK] Viktor → FulfillMission [ScoutPoi] (goal=CompleteMission)
[10:41:24] [MISSION] Viktor objective done ScoutPoi @ Forgotten Pillbox → return to Zalissya
[10:41:24] [TASK] Mykola → FulfillMission [ScoutPoi] (goal=CompleteMission)
[10:41:24] [MISSION] Mykola objective done ScoutPoi @ Makeshift Camp (Garbage-Agroprom) → return to Deserted Hospital
[10:41:24] [TASK] Mykola → FulfillMission [ScoutPoi] (goal=CompleteMission)
[10:41:24] [MISSION] Mykola objective done ScoutPoi @ Abandoned Hut → return to Cordon
[10:41:24] [TASK] Alexei → FulfillMission [ScoutPoi] (goal=CompleteMission)
[10:41:24] [MISSION] Alexei objective done ScoutPoi @ Makeshift Outpost → return to Chernobyl Town
[10:41:24] [TASK] Karl → FulfillMission [ScoutPoi] (goal=CompleteMission)
[10:41:24] [MISSION] Karl objective done ScoutPoi @ Mutant Den #0 near Dark Valley → return to Duga Radar
[10:41:24] [TASK] Connor → FulfillMission [ScoutPoi] (goal=CompleteMission)
[10:41:24] [MISSION] Connor objective done ScoutPoi @ Sunken Shack → return to Dead City (Chernobyl-2 Settlement)
[10:41:24] [TASK] Andrei → FulfillMission [ScoutPoi] (goal=CompleteMission)
[10:41:24] [MISSION] Andrei objective done ScoutPoi @ Forgotten Pillbox → return to Zalissya
[10:41:24] [TASK] Nodar → FulfillMission [ScoutPoi] (goal=CompleteMission)
[10:41:24] [MISSION] Nodar objective done ScoutPoi @ Makeshift Outpost → return to Chernobyl Town
[10:41:24] [TASK] Alibek → FulfillMission [ScoutPoi] (goal=CompleteMission)
[10:41:24] [MISSION] Alibek objective done ScoutPoi @ Makeshift Outpost → return to Chernobyl Town
[10:41:24] [TASK] Pavel → FulfillMission [ScoutPoi] (goal=CompleteMission)
[10:41:24] [MISSION] Pavel objective done ScoutPoi @ Forgotten Pillbox → return to Zalissya
[10:41:24] [TASK] Nikolai → FulfillMission [ScoutPoi] (goal=CompleteMission)
[10:41:24] [MISSION] Nikolai objective done ScoutPoi @ Mutant Den #1 near Rostok → return to Sarcophagus
[10:41:24] [TASK] Igor → FulfillMission [ScoutPoi] (goal=CompleteMission)
[10:41:24] [MISSION] Igor objective done ScoutPoi @ Forgotten Shelter → return to Wild Territory
[10:41:24] [TASK] Timur → FulfillMission [ScoutPoi] (goal=CompleteMission)
[10:41:24] [MISSION] Timur objective done ScoutPoi @ Abandoned Hut → return to Cordon
[10:41:24] [TASK] Mykola → FulfillMission [ScoutPoi] (goal=CompleteMission)
[10:41:24] [MISSION] Mykola objective done ScoutPoi @ Makeshift Camp (Cordon-Meadow) → return to Great Swamps
[10:41:24] [COMBAT] Dmitri Sokolov 'Ash' killed Pseudodog using wpn_fn2000
[10:41:24] [TASK] Tobias → FulfillMission [ScoutPoi] (goal=CompleteMission)
[10:41:24] [MISSION] Tobias objective done ScoutPoi @ Sunken Shack → return to Dead City (Chernobyl-2 Settlement)
[10:41:24] [TASK] Andrei → FulfillMission [ScoutPoi] (goal=CompleteMission)
[10:41:24] [MISSION] Andrei objective done ScoutPoi @ Makeshift Outpost → return to Chernobyl Town
[10:41:24] [TASK] Dmitri → FulfillMission [ScoutPoi] (goal=CompleteMission)
[10:41:24] [MISSION] Dmitri objective done ScoutPoi @ Hidden Hut → return to Red Forest
[10:41:24] [TASK] Oleg → FulfillMission [ScoutPoi] (goal=CompleteMission)
[10:41:24] [MISSION] Oleg objective done ScoutPoi @ Forgotten Shelter → return to Wild Territory
[10:41:24] [TASK] Dmitri → FulfillMission [ScoutPoi] (goal=CompleteMission)
[10:41:24] [MISSION] Dmitri objective done ScoutPoi @ Mutant Den #1 near Rostok → return to Sarcophagus
[10:41:24] [TASK] Dmytro → FulfillMission [ScoutPoi] (goal=CompleteMission)
[10:41:24] [MISSION] Dmytro objective done ScoutPoi @ Makeshift Camp (Cordon-Meadow) → return to Great Swamps
[10:41:24] [TASK] Viktor → FulfillMission [ScoutPoi] (goal=CompleteMission)
[10:41:24] [MISSION] Viktor objective done ScoutPoi @ Windswept Cabin → return to Radar (Brain Scorcher)
[10:41:24] [TASK] Oleksiy → FulfillMission [ScoutPoi] (goal=CompleteMission)
[10:41:24] [MISSION] Oleksiy objective done ScoutPoi @ Windswept Cabin → return to Radar (Brain Scorcher)
[10:41:24] [TASK] Oleksiy → FulfillMission [ScoutPoi] (goal=CompleteMission)
[10:41:24] [MISSION] Oleksiy objective done ScoutPoi @ Mutant Den #1 near Rostok → return to Sarcophagus
[10:41:24] [TASK] Dmytro → FulfillMission [ScoutPoi] (goal=CompleteMission)
[10:41:24] [MISSION] Dmytro objective done ScoutPoi @ Hidden Hut → return to Red Forest
[10:41:24] [TASK] Giorgi → FulfillMission [ScoutPoi] (goal=CompleteMission)
[10:41:24] [MISSION] Giorgi objective done ScoutPoi @ Forgotten Pillbox → return to Zalissya
[10:41:24] [TASK] Ivan → FulfillMission [ScoutPoi] (goal=CompleteMission)
[10:41:24] [MISSION] Ivan objective done ScoutPoi @ Forgotten Pillbox → return to Zalissya
[10:41:24] [TASK] Jake → FulfillMission [ScoutPoi] (goal=CompleteMission)
[10:41:24] [MISSION] Jake objective done ScoutPoi @ Abandoned Hut → return to Cordon
[10:41:24] [TASK] Viktor → FulfillMission [ScoutPoi] (goal=CompleteMission)
[10:41:24] [MISSION] Viktor objective done ScoutPoi @ Hidden Hut → return to Red Forest
[10:41:24] [TASK] Dmitri → FulfillMission [ScoutPoi] (goal=CompleteMission)
[10:41:24] [MISSION] Dmitri objective done ScoutPoi @ Loot Crate (Rostok-Truck Ce) → return to Yantar
[10:41:24] [TASK] Oleg → FulfillMission [ScoutPoi] (goal=CompleteMission)
[10:41:24] [MISSION] Oleg objective done ScoutPoi @ Makeshift Outpost → return to Chernobyl Town
[10:41:24] [TASK] Yuriy → FulfillMission [ScoutPoi] (goal=CompleteMission)
[10:41:24] [MISSION] Yuriy objective done ScoutPoi @ Ruined Garage → return to Kopachi
[10:41:24] [TASK] Mykola → FulfillMission [ScoutPoi] (goal=CompleteMission)
[10:41:24] [MISSION] Mykola objective done ScoutPoi @ Hidden Hut → return to Red Forest
[10:41:24] [TASK] Bohdan → FulfillMission [ScoutPoi] (goal=CompleteMission)
[10:41:24] [MISSION] Bohdan objective done ScoutPoi @ Ruined Garage → return to Kopachi
[10:41:24] [TASK] Bohdan → FulfillMission [ScoutPoi] (goal=CompleteMission)
[10:41:24] [MISSION] Bohdan objective done ScoutPoi @ Abandoned Bus → return to Meadow
[10:41:24] [TASK] Bohdan → FulfillMission [ScoutPoi] (goal=CompleteMission)
[10:41:24] [MISSION] Bohdan objective done ScoutPoi @ Abandoned Hut → return to Cordon
[10:41:24] [TASK] Andriy → FulfillMission [ScoutPoi] (goal=CompleteMission)
[10:41:24] [MISSION] Andriy objective done ScoutPoi @ Forgotten Shelter → return to Wild Territory
[10:41:24] [TASK] Mykola → FulfillMission [ScoutPoi] (goal=CompleteMission)
[10:41:24] [MISSION] Mykola objective done ScoutPoi @ Ruined Garage → return to Kopachi
[10:41:24] [TASK] Viktor → FulfillMission [ScoutPoi] (goal=CompleteMission)
[10:41:24] [MISSION] Viktor objective done ScoutPoi @ Loot Crate (Rostok-Truck Ce) → return to Yantar
[10:41:24] [TASK] Dmitri → FulfillMission [ScoutPoi] (goal=CompleteMission)
[10:41:24] [MISSION] Dmitri objective done ScoutPoi @ Mutant Den #1 near Rostok → return to Sarcophagus
[10:41:24] [TASK] Oleksiy → FulfillMission [ScoutPoi] (goal=CompleteMission)
[10:41:24] [MISSION] Oleksiy objective done ScoutPoi @ Makeshift Camp (Cordon-Meadow) → return to Great Swamps
[10:41:24] [TASK] Lars → FulfillMission [ScoutPoi] (goal=CompleteMission)
[10:41:24] [MISSION] Lars objective done ScoutPoi @ Makeshift Camp (Cordon-Meadow) → return to Great Swamps
[10:41:24] [TASK] Oleksiy → FulfillMission [ScoutPoi] (goal=CompleteMission)
[10:41:24] [MISSION] Oleksiy objective done ScoutPoi @ Forgotten Pillbox → return to Zalissya
[10:41:24] [TASK] Bohdan → FulfillMission [ScoutPoi] (goal=CompleteMission)
[10:41:24] [MISSION] Bohdan objective done ScoutPoi @ Abandoned Hut → return to Cordon
[10:41:24] [TASK] Alexei → FulfillMission [ScoutPoi] (goal=CompleteMission)
[10:41:24] [MISSION] Alexei objective done ScoutPoi @ Abandoned Hut → return to Cordon
[10:41:24] [TASK] Oleksiy → FulfillMission [ScoutPoi] (goal=CompleteMission)
[10:41:24] [MISSION] Oleksiy objective done ScoutPoi @ Abandoned Bus → return to Meadow
[10:41:24] [TASK] Nikolai → FulfillMission [ScoutPoi] (goal=CompleteMission)
[10:41:24] [MISSION] Nikolai objective done ScoutPoi @ Abandoned Bus → return to Meadow
[10:41:24] [TASK] Yuriy → FulfillMission [ScoutPoi] (goal=CompleteMission)
[10:41:24] [MISSION] Yuriy objective done ScoutPoi @ Forgotten Pillbox → return to Zalissya
[10:41:24] [TASK] Mykola → FulfillMission [ScoutPoi] (goal=CompleteMission)
[10:41:24] [MISSION] Mykola objective done ScoutPoi @ Windswept Cairn → return to Jupiter (Pripyat Industrial)
[10:41:24] [TASK] Taras → FulfillMission [ScoutPoi] (goal=CompleteMission)
[10:41:24] [MISSION] Taras objective done ScoutPoi @ Hidden Hut → return to Red Forest
[10:41:24] [TASK] Ivan → FulfillMission [ScoutPoi] (goal=CompleteMission)
[10:41:24] [MISSION] Ivan objective done ScoutPoi @ Hidden Hut → return to Red Forest
[10:41:24] [TASK] Viktor → FulfillMission [ScoutPoi] (goal=CompleteMission)
[10:41:24] [MISSION] Viktor objective done ScoutPoi @ Hidden Hut → return to Red Forest
[10:41:24] [TASK] Igor → FulfillMission [ScoutPoi] (goal=CompleteMission)
[10:41:24] [MISSION] Igor objective done ScoutPoi @ Ruined Garage → return to Kopachi
[10:41:24] [TASK] Mikhail → FulfillMission [ScoutPoi] (goal=CompleteMission)
[10:41:24] [MISSION] Mikhail objective done ScoutPoi @ Hidden Hut → return to Red Forest
[10:41:24] [TASK] Zura → FulfillMission [ScoutPoi] (goal=CompleteMission)
[10:41:24] [MISSION] Zura objective done ScoutPoi @ Ruined Garage → return to Kopachi
[10:41:24] [TASK] Dmytro → FulfillMission [ScoutPoi] (goal=CompleteMission)
[10:41:24] [MISSION] Dmytro objective done ScoutPoi @ Abandoned Hut → return to Cordon
[10:41:24] [TASK] Vasyl → FulfillMission [ScoutPoi] (goal=CompleteMission)
[10:41:24] [MISSION] Vasyl objective done ScoutPoi @ Abandoned Bus → return to Meadow
[10:41:24] [TASK] Andriy → FulfillMission [ScoutPoi] (goal=CompleteMission)
[10:41:24] [MISSION] Andriy objective done ScoutPoi @ Ruined Garage → return to Kopachi
[10:41:24] [TASK] Bohdan → FulfillMission [ScoutPoi] (goal=CompleteMission)
[10:41:24] [MISSION] Bohdan objective done ScoutPoi @ Hidden Hut → return to Red Forest
[10:41:25] [CORPSE] Despawned 25 bodies (lifetime=860)
[10:41:25] [TASK] Oleksiy → TurnInMission [ScoutPoi] (goal=CompleteMission)
[10:41:25] [MISSION] Oleksiy turned in ScoutPoi @ Kopachi (+196 RU)
[10:41:25] [GOAL] Oleksiy achieved CompleteMission
[10:41:25] [TASK] Andriy → TurnInMission [ScoutPoi] (goal=CompleteMission)
[10:41:25] [MISSION] Andriy turned in ScoutPoi @ Kopachi (+196 RU)
[10:41:25] [GOAL] Andriy achieved CompleteMission
[10:41:25] [TASK] Andrei → TurnInMission [ScoutPoi] (goal=CompleteMission)
[10:41:25] [MISSION] Andrei turned in ScoutPoi @ Wild Territory (+164 RU)
[10:41:25] [GOAL] Andrei achieved CompleteMission
[10:41:25] [TASK] Nikolai → TurnInMission [ScoutPoi] (goal=CompleteMission)
[10:41:25] [MISSION] Nikolai turned in ScoutPoi @ Meadow (+164 RU)
[10:41:25] [GOAL] Nikolai achieved CompleteMission
[10:41:25] [TASK] Taras → TurnInMission [ScoutPoi] (goal=CompleteMission)
[10:41:25] [MISSION] Taras turned in ScoutPoi @ Yantar (+236 RU)
[10:41:25] [GOAL] Taras achieved CompleteMission
[10:41:25] [TASK] Dmytro → TurnInMission [ScoutPoi] (goal=CompleteMission)
[10:41:25] [MISSION] Dmytro turned in ScoutPoi @ Yantar (+236 RU)
[10:41:25] [GOAL] Dmytro achieved CompleteMission
[10:41:25] [TASK] Mykola → TurnInMission [ScoutPoi] (goal=CompleteMission)
[10:41:25] [MISSION] Mykola turned in ScoutPoi @ Meadow (+164 RU)
[10:41:25] [GOAL] Mykola achieved CompleteMission
[10:41:25] [TASK] Damir → TurnInMission [ScoutPoi] (goal=CompleteMission)
[10:41:25] [MISSION] Damir turned in ScoutPoi @ Chernobyl Town (+200 RU)
[10:41:25] [GOAL] Damir achieved CompleteMission
[10:41:25] [TASK] Serhiy → TurnInMission [ScoutPoi] (goal=CompleteMission)
[10:41:25] [MISSION] Serhiy turned in ScoutPoi @ Cordon (+160 RU)
[10:41:25] [GOAL] Serhiy achieved CompleteMission
[10:41:25] [TASK] Dmitri → TurnInMission [ScoutPoi] (goal=CompleteMission)
[10:41:25] [MISSION] Dmitri turned in ScoutPoi @ Meadow (+164 RU)
[10:41:25] [GOAL] Dmitri achieved CompleteMission
[10:41:25] [TASK] Nikolai → TurnInMission [ScoutPoi] (goal=CompleteMission)
[10:41:25] [MISSION] Nikolai turned in ScoutPoi @ Kopachi (+196 RU)
[10:41:25] [GOAL] Nikolai achieved CompleteMission
[10:41:25] [TASK] Andriy → TurnInMission [ScoutPoi] (goal=CompleteMission)
[10:41:25] [MISSION] Andriy turned in ScoutPoi @ Wild Territory (+164 RU)
[10:41:25] [GOAL] Andriy achieved CompleteMission
[10:41:25] [TASK] Oleg → TurnInMission [ScoutPoi] (goal=CompleteMission)
[10:41:25] [MISSION] Oleg turned in ScoutPoi @ Yantar (+236 RU)
[10:41:25] [GOAL] Oleg achieved CompleteMission
[10:41:25] [TASK] Alibek → TurnInMission [ScoutPoi] (goal=CompleteMission)
[10:41:25] [MISSION] Alibek turned in ScoutPoi @ Kopachi (+196 RU)
[10:41:25] [GOAL] Alibek achieved CompleteMission
[10:41:25] [TASK] Serhiy → TurnInMission [ScoutPoi] (goal=CompleteMission)
[10:41:25] [MISSION] Serhiy turned in ScoutPoi @ Wild Territory (+164 RU)
[10:41:25] [GOAL] Serhiy achieved CompleteMission
[10:41:25] [TASK] Alexei → TurnInMission [ScoutPoi] (goal=CompleteMission)
[10:41:25] [MISSION] Alexei turned in ScoutPoi @ Zalissya (+184 RU)
[10:41:25] [GOAL] Alexei achieved CompleteMission
[10:41:25] [TASK] Ivan → TurnInMission [ScoutPoi] (goal=CompleteMission)
[10:41:25] [MISSION] Ivan turned in ScoutPoi @ Cordon (+160 RU)
[10:41:25] [GOAL] Ivan achieved CompleteMission
[10:41:25] [TASK] Dmytro → TurnInMission [ScoutPoi] (goal=CompleteMission)
[10:41:25] [MISSION] Dmytro turned in ScoutPoi @ Cordon (+160 RU)
[10:41:25] [GOAL] Dmytro achieved CompleteMission
[10:41:25] [TASK] Andriy → TurnInMission [ScoutPoi] (goal=CompleteMission)
[10:41:25] [MISSION] Andriy turned in ScoutPoi @ Zalissya (+184 RU)
[10:41:25] [GOAL] Andriy achieved CompleteMission
[10:41:25] [TASK] Alexei → TurnInMission [ScoutPoi] (goal=CompleteMission)
[10:41:25] [MISSION] Alexei turned in ScoutPoi @ Chernobyl Town (+200 RU)
[10:41:25] [GOAL] Alexei achieved CompleteMission
[10:41:25] [TASK] Ivan → TurnInMission [ScoutPoi] (goal=CompleteMission)
[10:41:25] [MISSION] Ivan turned in ScoutPoi @ Chistogalovka (+236 RU)
[10:41:25] [GOAL] Ivan achieved CompleteMission
[10:41:25] [TASK] Ivan → TurnInMission [ScoutPoi] (goal=CompleteMission)
[10:41:25] [MISSION] Ivan turned in ScoutPoi @ Radar (Brain Scorcher) (+236 RU)
[10:41:25] [GOAL] Ivan achieved CompleteMission
[10:41:25] [TASK] Nodar → TurnInMission [ScoutPoi] (goal=CompleteMission)
[10:41:25] [MISSION] Nodar turned in ScoutPoi @ Radar (Brain Scorcher) (+236 RU)
[10:41:25] [GOAL] Nodar achieved CompleteMission
[10:41:25] [TASK] Viktor → TurnInMission [ScoutPoi] (goal=CompleteMission)
[10:41:25] [MISSION] Viktor turned in ScoutPoi @ Zalissya (+184 RU)
[10:41:25] [GOAL] Viktor achieved CompleteMission
[10:41:25] [TASK] Mykola → TurnInMission [ScoutPoi] (goal=CompleteMission)
[10:41:25] [MISSION] Mykola turned in ScoutPoi @ Cordon (+160 RU)
[10:41:25] [GOAL] Mykola achieved CompleteMission
[10:41:25] [TASK] Alexei → TurnInMission [ScoutPoi] (goal=CompleteMission)
[10:41:25] [MISSION] Alexei turned in ScoutPoi @ Chernobyl Town (+200 RU)
[10:41:25] [GOAL] Alexei achieved CompleteMission
[10:41:25] [TASK] Andrei → TurnInMission [ScoutPoi] (goal=CompleteMission)
[10:41:25] [MISSION] Andrei turned in ScoutPoi @ Zalissya (+184 RU)
[10:41:25] [GOAL] Andrei achieved CompleteMission
[10:41:25] [TASK] Nodar → TurnInMission [ScoutPoi] (goal=CompleteMission)
[10:41:25] [MISSION] Nodar turned in ScoutPoi @ Chernobyl Town (+200 RU)
[10:41:25] [GOAL] Nodar achieved CompleteMission
[10:41:25] [TASK] Alibek → TurnInMission [ScoutPoi] (goal=CompleteMission)
[10:41:25] [MISSION] Alibek turned in ScoutPoi @ Chernobyl Town (+200 RU)
[10:41:25] [GOAL] Alibek achieved CompleteMission
[10:41:25] [TASK] Pavel → TurnInMission [ScoutPoi] (goal=CompleteMission)
[10:41:25] [MISSION] Pavel turned in ScoutPoi @ Zalissya (+184 RU)
[10:41:25] [GOAL] Pavel achieved CompleteMission
[10:41:25] [TASK] Igor → TurnInMission [ScoutPoi] (goal=CompleteMission)
[10:41:25] [MISSION] Igor turned in ScoutPoi @ Wild Territory (+164 RU)
[10:41:25] [GOAL] Igor achieved CompleteMission
[10:41:25] [TASK] Timur → TurnInMission [ScoutPoi] (goal=CompleteMission)
[10:41:25] [MISSION] Timur turned in ScoutPoi @ Cordon (+160 RU)
[10:41:25] [GOAL] Timur achieved CompleteMission
[10:41:25] [TASK] Andrei → TurnInMission [ScoutPoi] (goal=CompleteMission)
[10:41:25] [MISSION] Andrei turned in ScoutPoi @ Chernobyl Town (+200 RU)
[10:41:25] [GOAL] Andrei achieved CompleteMission
[10:41:25] [TASK] Dmitri → TurnInMission [ScoutPoi] (goal=CompleteMission)
[10:41:25] [MISSION] Dmitri turned in ScoutPoi @ Red Forest (+196 RU)
[10:41:25] [GOAL] Dmitri achieved CompleteMission
[10:41:25] [TASK] Oleg → TurnInMission [ScoutPoi] (goal=CompleteMission)
[10:41:25] [MISSION] Oleg turned in ScoutPoi @ Wild Territory (+164 RU)
[10:41:25] [GOAL] Oleg achieved CompleteMission
[10:41:25] [TASK] Viktor → TurnInMission [ScoutPoi] (goal=CompleteMission)
[10:41:25] [MISSION] Viktor turned in ScoutPoi @ Radar (Brain Scorcher) (+236 RU)
[10:41:25] [GOAL] Viktor achieved CompleteMission
[10:41:25] [TASK] Oleksiy → TurnInMission [ScoutPoi] (goal=CompleteMission)
[10:41:25] [MISSION] Oleksiy turned in ScoutPoi @ Radar (Brain Scorcher) (+236 RU)
[10:41:25] [GOAL] Oleksiy achieved CompleteMission
[10:41:25] [TASK] Dmytro → TurnInMission [ScoutPoi] (goal=CompleteMission)
[10:41:25] [MISSION] Dmytro turned in ScoutPoi @ Red Forest (+196 RU)
[10:41:25] [GOAL] Dmytro achieved CompleteMission
[10:41:25] [TASK] Giorgi → TurnInMission [ScoutPoi] (goal=CompleteMission)
[10:41:25] [MISSION] Giorgi turned in ScoutPoi @ Zalissya (+184 RU)
[10:41:25] [GOAL] Giorgi achieved CompleteMission
[10:41:25] [TASK] Ivan → TurnInMission [ScoutPoi] (goal=CompleteMission)
[10:41:25] [MISSION] Ivan turned in ScoutPoi @ Zalissya (+184 RU)
[10:41:25] [GOAL] Ivan achieved CompleteMission
[10:41:25] [TASK] Jake → TurnInMission [ScoutPoi] (goal=CompleteMission)
[10:41:25] [MISSION] Jake turned in ScoutPoi @ Cordon (+160 RU)
[10:41:25] [GOAL] Jake achieved CompleteMission
[10:41:25] [TASK] Viktor → TurnInMission [ScoutPoi] (goal=CompleteMission)
[10:41:25] [MISSION] Viktor turned in ScoutPoi @ Red Forest (+196 RU)
[10:41:25] [GOAL] Viktor achieved CompleteMission
[10:41:25] [TASK] Dmitri → TurnInMission [ScoutPoi] (goal=CompleteMission)
[10:41:25] [MISSION] Dmitri turned in ScoutPoi @ Yantar (+236 RU)
[10:41:25] [GOAL] Dmitri achieved CompleteMission
[10:41:25] [TASK] Oleg → TurnInMission [ScoutPoi] (goal=CompleteMission)
[10:41:25] [MISSION] Oleg turned in ScoutPoi @ Chernobyl Town (+200 RU)
[10:41:25] [GOAL] Oleg achieved CompleteMission
[10:41:25] [TASK] Yuriy → TurnInMission [ScoutPoi] (goal=CompleteMission)
[10:41:25] [MISSION] Yuriy turned in ScoutPoi @ Kopachi (+196 RU)
[10:41:25] [GOAL] Yuriy achieved CompleteMission
[10:41:25] [TASK] Mykola → TurnInMission [ScoutPoi] (goal=CompleteMission)
[10:41:25] [MISSION] Mykola turned in ScoutPoi @ Red Forest (+196 RU)
[10:41:25] [GOAL] Mykola achieved CompleteMission
[10:41:25] [TASK] Bohdan → TurnInMission [ScoutPoi] (goal=CompleteMission)
[10:41:25] [MISSION] Bohdan turned in ScoutPoi @ Kopachi (+196 RU)
[10:41:25] [GOAL] Bohdan achieved CompleteMission
[10:41:26] [TASK] Bohdan → TurnInMission [ScoutPoi] (goal=CompleteMission)
[10:41:26] [MISSION] Bohdan turned in ScoutPoi @ Meadow (+164 RU)
[10:41:26] [GOAL] Bohdan achieved CompleteMission
[10:41:26] [TASK] Bohdan → TurnInMission [ScoutPoi] (goal=CompleteMission)
[10:41:26] [MISSION] Bohdan turned in ScoutPoi @ Cordon (+160 RU)
[10:41:26] [GOAL] Bohdan achieved CompleteMission
[10:41:26] [TASK] Mykola → TurnInMission [ScoutPoi] (goal=CompleteMission)
[10:41:26] [MISSION] Mykola turned in ScoutPoi @ Kopachi (+196 RU)
[10:41:26] [GOAL] Mykola achieved CompleteMission
[10:41:26] [TASK] Viktor → TurnInMission [ScoutPoi] (goal=CompleteMission)
[10:41:26] [MISSION] Viktor turned in ScoutPoi @ Yantar (+236 RU)
[10:41:26] [GOAL] Viktor achieved CompleteMission
[10:41:26] [TASK] Oleksiy → TurnInMission [ScoutPoi] (goal=CompleteMission)
[10:41:26] [MISSION] Oleksiy turned in ScoutPoi @ Zalissya (+184 RU)
[10:41:26] [GOAL] Oleksiy achieved CompleteMission
[10:41:26] [TASK] Bohdan → TurnInMission [ScoutPoi] (goal=CompleteMission)
[10:41:26] [MISSION] Bohdan turned in ScoutPoi @ Cordon (+160 RU)
[10:41:26] [GOAL] Bohdan achieved CompleteMission
[10:41:26] [TASK] Alexei → TurnInMission [ScoutPoi] (goal=CompleteMission)
[10:41:26] [MISSION] Alexei turned in ScoutPoi @ Cordon (+160 RU)
[10:41:26] [GOAL] Alexei achieved CompleteMission
[10:41:26] [TASK] Oleksiy → TurnInMission [ScoutPoi] (goal=CompleteMission)
[10:41:26] [MISSION] Oleksiy turned in ScoutPoi @ Meadow (+164 RU)
[10:41:26] [GOAL] Oleksiy achieved CompleteMission
[10:41:26] [TASK] Nikolai → TurnInMission [ScoutPoi] (goal=CompleteMission)
[10:41:26] [MISSION] Nikolai turned in ScoutPoi @ Meadow (+164 RU)
[10:41:26] [GOAL] Nikolai achieved CompleteMission
[10:41:26] [TASK] Yuriy → TurnInMission [ScoutPoi] (goal=CompleteMission)
[10:41:26] [MISSION] Yuriy turned in ScoutPoi @ Zalissya (+184 RU)
[10:41:26] [GOAL] Yuriy achieved CompleteMission
[10:41:26] [TASK] Mykola → TurnInMission [ScoutPoi] (goal=CompleteMission)
[10:41:26] [MISSION] Mykola turned in ScoutPoi @ Jupiter (Pripyat Industrial) (+236 RU)
[10:41:26] [GOAL] Mykola achieved CompleteMission
[10:41:26] [TASK] Taras → TurnInMission [ScoutPoi] (goal=CompleteMission)
[10:41:26] [MISSION] Taras turned in ScoutPoi @ Red Forest (+196 RU)
[10:41:26] [GOAL] Taras achieved CompleteMission
[10:41:26] [TASK] Ivan → TurnInMission [ScoutPoi] (goal=CompleteMission)
[10:41:26] [MISSION] Ivan turned in ScoutPoi @ Red Forest (+196 RU)
[10:41:26] [GOAL] Ivan achieved CompleteMission
[10:41:26] [TASK] Viktor → TurnInMission [ScoutPoi] (goal=CompleteMission)
[10:41:26] [MISSION] Viktor turned in ScoutPoi @ Red Forest (+196 RU)
[10:41:26] [GOAL] Viktor achieved CompleteMission
[10:41:26] [TASK] Igor → TurnInMission [ScoutPoi] (goal=CompleteMission)
[10:41:26] [MISSION] Igor turned in ScoutPoi @ Kopachi (+196 RU)
[10:41:26] [GOAL] Igor achieved CompleteMission
[10:41:26] [TASK] Mikhail → TurnInMission [ScoutPoi] (goal=CompleteMission)
[10:41:26] [MISSION] Mikhail turned in ScoutPoi @ Red Forest (+196 RU)
[10:41:26] [GOAL] Mikhail achieved CompleteMission
[10:41:26] [TASK] Zura → TurnInMission [ScoutPoi] (goal=CompleteMission)
[10:41:26] [MISSION] Zura turned in ScoutPoi @ Kopachi (+196 RU)
[10:41:26] [GOAL] Zura achieved CompleteMission
[10:41:26] [TASK] Dmytro → TurnInMission [ScoutPoi] (goal=CompleteMission)
[10:41:26] [MISSION] Dmytro turned in ScoutPoi @ Cordon (+160 RU)
[10:41:26] [GOAL] Dmytro achieved CompleteMission
[10:41:26] [TASK] Vasyl → TurnInMission [ScoutPoi] (goal=CompleteMission)
[10:41:26] [MISSION] Vasyl turned in ScoutPoi @ Meadow (+164 RU)
[10:41:26] [GOAL] Vasyl achieved CompleteMission
[10:41:26] [TASK] Andriy → TurnInMission [ScoutPoi] (goal=CompleteMission)
[10:41:26] [MISSION] Andriy turned in ScoutPoi @ Kopachi (+196 RU)
[10:41:26] [GOAL] Andriy achieved CompleteMission
[10:41:26] [TASK] Bohdan → TurnInMission [ScoutPoi] (goal=CompleteMission)
[10:41:26] [MISSION] Bohdan turned in ScoutPoi @ Red Forest (+196 RU)
[10:41:26] [GOAL] Bohdan achieved CompleteMission
[10:41:26] [TASK] Pavel → TurnInMission [ScoutPoi] (goal=CompleteMission)
[10:41:26] [MISSION] Pavel turned in ScoutPoi @ Chernobyl Town (+200 RU)
[10:41:26] [GOAL] Pavel achieved CompleteMission
[10:41:26] [TASK] Dmitri → TurnInMission [ScoutPoi] (goal=CompleteMission)
[10:41:26] [MISSION] Dmitri turned in ScoutPoi @ Yantar (+236 RU)
[10:41:26] [GOAL] Dmitri achieved CompleteMission
[10:41:26] [TASK] Taras → TurnInMission [ScoutPoi] (goal=CompleteMission)
[10:41:26] [MISSION] Taras turned in ScoutPoi @ Red Forest (+196 RU)
[10:41:26] [GOAL] Taras achieved CompleteMission
[10:41:26] [TASK] Viktor → TurnInMission [ScoutPoi] (goal=CompleteMission)
[10:41:26] [MISSION] Viktor turned in ScoutPoi @ Meadow (+164 RU)
[10:41:26] [GOAL] Viktor achieved CompleteMission
[10:41:26] [TASK] Bakhyt → TurnInMission [ScoutPoi] (goal=CompleteMission)
[10:41:26] [MISSION] Bakhyt turned in ScoutPoi @ Radar (Brain Scorcher) (+236 RU)
[10:41:26] [GOAL] Bakhyt achieved CompleteMission
[10:41:26] [TASK] Mykola → TurnInMission [ScoutPoi] (goal=CompleteMission)
[10:41:26] [MISSION] Mykola turned in ScoutPoi @ Meadow (+164 RU)
[10:41:26] [GOAL] Mykola achieved CompleteMission
[10:41:26] [TASK] Armen → TurnInMission [ScoutPoi] (goal=CompleteMission)
[10:41:26] [MISSION] Armen turned in ScoutPoi @ Cordon (+160 RU)
[10:41:26] [GOAL] Armen achieved CompleteMission
[10:41:26] [TASK] Dmitri → TurnInMission [ScoutPoi] (goal=CompleteMission)
[10:41:26] [MISSION] Dmitri turned in ScoutPoi @ Wild Territory (+164 RU)
[10:41:26] [GOAL] Dmitri achieved CompleteMission
[10:41:26] [MISSION] Oleksiy accepted ScoutPoi @ Kopachi (196 RU)
[10:41:26] [TASK] Oleksiy → AcceptMission [ScoutPoi] (goal=AcceptMission)
[10:41:26] [GOAL] Oleksiy achieved AcceptMission
[10:41:26] [MISSION] Andriy accepted ScoutPoi @ Kopachi (196 RU)
[10:41:26] [TASK] Andriy → AcceptMission [ScoutPoi] (goal=AcceptMission)
[10:41:26] [GOAL] Andriy achieved AcceptMission
[10:41:26] [MISSION] Andrei accepted ScoutPoi @ Wild Territory (164 RU)
[10:41:26] [TASK] Andrei → AcceptMission [ScoutPoi] (goal=AcceptMission)
[10:41:26] [GOAL] Andrei achieved AcceptMission
[10:41:26] [MISSION] Nikolai accepted ScoutPoi @ Meadow (164 RU)
[10:41:26] [TASK] Nikolai → AcceptMission [ScoutPoi] (goal=AcceptMission)
[10:41:26] [GOAL] Nikolai achieved AcceptMission
[10:41:26] [MISSION] Taras accepted ScoutPoi @ Yantar (236 RU)
[10:41:26] [TASK] Taras → AcceptMission [ScoutPoi] (goal=AcceptMission)
[10:41:26] [GOAL] Taras achieved AcceptMission
[10:41:26] [MISSION] Dmytro accepted ScoutPoi @ Yantar (236 RU)
[10:41:26] [TASK] Dmytro → AcceptMission [ScoutPoi] (goal=AcceptMission)
[10:41:26] [GOAL] Dmytro achieved AcceptMission
[10:41:26] [MISSION] Mykola accepted ScoutPoi @ Meadow (164 RU)
[10:41:26] [TASK] Mykola → AcceptMission [ScoutPoi] (goal=AcceptMission)
[10:41:26] [GOAL] Mykola achieved AcceptMission
[10:41:26] [MISSION] Damir accepted ScoutPoi @ Chernobyl Town (200 RU)
[10:41:26] [TASK] Damir → AcceptMission [ScoutPoi] (goal=AcceptMission)
[10:41:26] [GOAL] Damir achieved AcceptMission
[10:41:26] [MISSION] Serhiy accepted ScoutPoi @ Cordon (160 RU)
[10:41:26] [TASK] Serhiy → AcceptMission [ScoutPoi] (goal=AcceptMission)
[10:41:26] [GOAL] Serhiy achieved AcceptMission
[10:41:26] [MISSION] Dmitri accepted ScoutPoi @ Meadow (164 RU)
[10:41:26] [TASK] Dmitri → AcceptMission [ScoutPoi] (goal=AcceptMission)
[10:41:26] [GOAL] Dmitri achieved AcceptMission
[10:41:26] [MISSION] Nikolai accepted ScoutPoi @ Kopachi (196 RU)
[10:41:26] [TASK] Nikolai → AcceptMission [ScoutPoi] (goal=AcceptMission)
[10:41:26] [GOAL] Nikolai achieved AcceptMission
[10:41:26] [MISSION] Andriy accepted ScoutPoi @ Wild Territory (164 RU)
[10:41:26] [TASK] Andriy → AcceptMission [ScoutPoi] (goal=AcceptMission)
[10:41:26] [GOAL] Andriy achieved AcceptMission
[10:41:26] [MISSION] Oleg accepted ScoutPoi @ Yantar (236 RU)
[10:41:26] [TASK] Oleg → AcceptMission [ScoutPoi] (goal=AcceptMission)
[10:41:26] [GOAL] Oleg achieved AcceptMission
[10:41:26] [MISSION] Alibek accepted ScoutPoi @ Kopachi (196 RU)
[10:41:26] [TASK] Alibek → AcceptMission [ScoutPoi] (goal=AcceptMission)
[10:41:26] [GOAL] Alibek achieved AcceptMission
[10:41:26] [MISSION] Serhiy accepted ScoutPoi @ Wild Territory (164 RU)
[10:41:26] [TASK] Serhiy → AcceptMission [ScoutPoi] (goal=AcceptMission)
[10:41:26] [GOAL] Serhiy achieved AcceptMission
[10:41:26] [MISSION] Alexei accepted ScoutPoi @ Zalissya (184 RU)
[10:41:26] [TASK] Alexei → AcceptMission [ScoutPoi] (goal=AcceptMission)
[10:41:26] [GOAL] Alexei achieved AcceptMission
[10:41:26] [MISSION] Ivan accepted ScoutPoi @ Cordon (160 RU)
[10:41:26] [TASK] Ivan → AcceptMission [ScoutPoi] (goal=AcceptMission)
[10:41:26] [GOAL] Ivan achieved AcceptMission
[10:41:26] [MISSION] Dmytro accepted ScoutPoi @ Cordon (160 RU)
[10:41:26] [TASK] Dmytro → AcceptMission [ScoutPoi] (goal=AcceptMission)
[10:41:26] [GOAL] Dmytro achieved AcceptMission
[10:41:26] [MISSION] Andriy accepted ScoutPoi @ Zalissya (184 RU)
[10:41:26] [TASK] Andriy → AcceptMission [ScoutPoi] (goal=AcceptMission)
[10:41:26] [GOAL] Andriy achieved AcceptMission
[10:41:26] [MISSION] Alexei accepted ScoutPoi @ Chernobyl Town (200 RU)
[10:41:26] [TASK] Alexei → AcceptMission [ScoutPoi] (goal=AcceptMission)
[10:41:26] [GOAL] Alexei achieved AcceptMission
[10:41:26] [MISSION] Ivan accepted ScoutPoi @ Chistogalovka (236 RU)
[10:41:26] [TASK] Ivan → AcceptMission [ScoutPoi] (goal=AcceptMission)
[10:41:26] [GOAL] Ivan achieved AcceptMission
[10:41:26] [MISSION] Ivan accepted ScoutPoi @ Radar (Brain Scorcher) (236 RU)
[10:41:26] [TASK] Ivan → AcceptMission [ScoutPoi] (goal=AcceptMission)
[10:41:26] [GOAL] Ivan achieved AcceptMission
[10:41:26] [MISSION] Nodar accepted ScoutPoi @ Radar (Brain Scorcher) (236 RU)
[10:41:26] [TASK] Nodar → AcceptMission [ScoutPoi] (goal=AcceptMission)
[10:41:26] [GOAL] Nodar achieved AcceptMission
[10:41:26] [MISSION] Viktor accepted ScoutPoi @ Zalissya (184 RU)
[10:41:26] [TASK] Viktor → AcceptMission [ScoutPoi] (goal=AcceptMission)
[10:41:26] [GOAL] Viktor achieved AcceptMission
[10:41:26] [MISSION] Mykola accepted ScoutPoi @ Cordon (160 RU)
[10:41:26] [TASK] Mykola → AcceptMission [ScoutPoi] (goal=AcceptMission)
[10:41:26] [GOAL] Mykola achieved AcceptMission
[10:41:26] [MISSION] Alexei accepted ScoutPoi @ Chernobyl Town (200 RU)
[10:41:26] [TASK] Alexei → AcceptMission [ScoutPoi] (goal=AcceptMission)
[10:41:26] [GOAL] Alexei achieved AcceptMission
[10:41:26] [MISSION] Andrei accepted ScoutPoi @ Zalissya (184 RU)
[10:41:26] [TASK] Andrei → AcceptMission [ScoutPoi] (goal=AcceptMission)
[10:41:26] [GOAL] Andrei achieved AcceptMission
[10:41:26] [MISSION] Nodar accepted ScoutPoi @ Chernobyl Town (200 RU)
[10:41:26] [TASK] Nodar → AcceptMission [ScoutPoi] (goal=AcceptMission)
[10:41:26] [GOAL] Nodar achieved AcceptMission
[10:41:26] [MISSION] Alibek accepted ScoutPoi @ Chernobyl Town (200 RU)
[10:41:26] [TASK] Alibek → AcceptMission [ScoutPoi] (goal=AcceptMission)
[10:41:26] [GOAL] Alibek achieved AcceptMission
[10:41:26] [MISSION] Pavel accepted ScoutPoi @ Zalissya (184 RU)
[10:41:26] [TASK] Pavel → AcceptMission [ScoutPoi] (goal=AcceptMission)
[10:41:26] [GOAL] Pavel achieved AcceptMission
[10:41:26] [MISSION] Igor accepted ScoutPoi @ Wild Territory (164 RU)
[10:41:26] [TASK] Igor → AcceptMission [ScoutPoi] (goal=AcceptMission)
[10:41:26] [GOAL] Igor achieved AcceptMission
[10:41:26] [MISSION] Timur accepted ScoutPoi @ Cordon (160 RU)
[10:41:26] [TASK] Timur → AcceptMission [ScoutPoi] (goal=AcceptMission)
[10:41:26] [GOAL] Timur achieved AcceptMission
[10:41:26] [MISSION] Andrei accepted ScoutPoi @ Chernobyl Town (200 RU)
[10:41:26] [TASK] Andrei → AcceptMission [ScoutPoi] (goal=AcceptMission)
[10:41:26] [GOAL] Andrei achieved AcceptMission
[10:41:26] [MISSION] Dmitri accepted ScoutPoi @ Red Forest (196 RU)
[10:41:26] [TASK] Dmitri → AcceptMission [ScoutPoi] (goal=AcceptMission)
[10:41:26] [GOAL] Dmitri achieved AcceptMission
[10:41:26] [MISSION] Oleg accepted ScoutPoi @ Wild Territory (164 RU)
[10:41:26] [TASK] Oleg → AcceptMission [ScoutPoi] (goal=AcceptMission)
[10:41:26] [GOAL] Oleg achieved AcceptMission
[10:41:26] [MISSION] Viktor accepted ScoutPoi @ Radar (Brain Scorcher) (236 RU)
[10:41:26] [TASK] Viktor → AcceptMission [ScoutPoi] (goal=AcceptMission)
[10:41:26] [GOAL] Viktor achieved AcceptMission
[10:41:26] [MISSION] Oleksiy accepted ScoutPoi @ Radar (Brain Scorcher) (236 RU)
[10:41:26] [TASK] Oleksiy → AcceptMission [ScoutPoi] (goal=AcceptMission)
[10:41:26] [GOAL] Oleksiy achieved AcceptMission
[10:41:26] [MISSION] Dmytro accepted ScoutPoi @ Red Forest (196 RU)
[10:41:26] [TASK] Dmytro → AcceptMission [ScoutPoi] (goal=AcceptMission)
[10:41:26] [GOAL] Dmytro achieved AcceptMission
[10:41:26] [MISSION] Giorgi accepted ScoutPoi @ Zalissya (184 RU)
[10:41:26] [TASK] Giorgi → AcceptMission [ScoutPoi] (goal=AcceptMission)
[10:41:26] [GOAL] Giorgi achieved AcceptMission
[10:41:26] [MISSION] Ivan accepted ScoutPoi @ Zalissya (184 RU)
[10:41:26] [TASK] Ivan → AcceptMission [ScoutPoi] (goal=AcceptMission)
[10:41:26] [GOAL] Ivan achieved AcceptMission
[10:41:26] [MISSION] Jake accepted ScoutPoi @ Cordon (160 RU)
[10:41:26] [TASK] Jake → AcceptMission [ScoutPoi] (goal=AcceptMission)
[10:41:26] [GOAL] Jake achieved AcceptMission
[10:41:26] [MISSION] Viktor accepted ScoutPoi @ Red Forest (196 RU)
[10:41:26] [TASK] Viktor → AcceptMission [ScoutPoi] (goal=AcceptMission)
[10:41:26] [GOAL] Viktor achieved AcceptMission
[10:41:26] [MISSION] Dmitri accepted ScoutPoi @ Yantar (236 RU)
[10:41:26] [TASK] Dmitri → AcceptMission [ScoutPoi] (goal=AcceptMission)
[10:41:26] [GOAL] Dmitri achieved AcceptMission
[10:41:26] [MISSION] Oleg accepted ScoutPoi @ Chernobyl Town (200 RU)
[10:41:26] [TASK] Oleg → AcceptMission [ScoutPoi] (goal=AcceptMission)
[10:41:26] [GOAL] Oleg achieved AcceptMission
[10:41:26] [MISSION] Yuriy accepted ScoutPoi @ Kopachi (196 RU)
[10:41:26] [TASK] Yuriy → AcceptMission [ScoutPoi] (goal=AcceptMission)
[10:41:26] [GOAL] Yuriy achieved AcceptMission
[10:41:26] [MISSION] Mykola accepted ScoutPoi @ Red Forest (196 RU)
[10:41:26] [TASK] Mykola → AcceptMission [ScoutPoi] (goal=AcceptMission)
[10:41:26] [GOAL] Mykola achieved AcceptMission
[10:41:26] [MISSION] Bohdan accepted ScoutPoi @ Kopachi (196 RU)
[10:41:26] [TASK] Bohdan → AcceptMission [ScoutPoi] (goal=AcceptMission)
[10:41:26] [GOAL] Bohdan achieved AcceptMission
[10:41:26] [MISSION] Bohdan accepted ScoutPoi @ Meadow (164 RU)
[10:41:26] [TASK] Bohdan → AcceptMission [ScoutPoi] (goal=AcceptMission)
[10:41:26] [GOAL] Bohdan achieved AcceptMission
[10:41:26] [MISSION] Bohdan accepted ScoutPoi @ Cordon (160 RU)
[10:41:26] [TASK] Bohdan → AcceptMission [ScoutPoi] (goal=AcceptMission)
[10:41:26] [GOAL] Bohdan achieved AcceptMission
[10:41:26] [MISSION] Mykola accepted ScoutPoi @ Kopachi (196 RU)
[10:41:26] [TASK] Mykola → AcceptMission [ScoutPoi] (goal=AcceptMission)
[10:41:26] [GOAL] Mykola achieved AcceptMission
[10:41:26] [MISSION] Viktor accepted ScoutPoi @ Yantar (236 RU)
[10:41:26] [TASK] Viktor → AcceptMission [ScoutPoi] (goal=AcceptMission)
[10:41:26] [GOAL] Viktor achieved AcceptMission
[10:41:26] [MISSION] Oleksiy accepted ScoutPoi @ Zalissya (184 RU)
[10:41:26] [TASK] Oleksiy → AcceptMission [ScoutPoi] (goal=AcceptMission)
[10:41:26] [GOAL] Oleksiy achieved AcceptMission
[10:41:26] [MISSION] Bohdan accepted ScoutPoi @ Cordon (160 RU)
[10:41:26] [TASK] Bohdan → AcceptMission [ScoutPoi] (goal=AcceptMission)
[10:41:26] [GOAL] Bohdan achieved AcceptMission
[10:41:26] [MISSION] Alexei accepted ScoutPoi @ Cordon (160 RU)
[10:41:26] [TASK] Alexei → AcceptMission [ScoutPoi] (goal=AcceptMission)
[10:41:26] [GOAL] Alexei achieved AcceptMission
[10:41:26] [MISSION] Oleksiy accepted ScoutPoi @ Meadow (164 RU)
[10:41:26] [TASK] Oleksiy → AcceptMission [ScoutPoi] (goal=AcceptMission)
[10:41:26] [GOAL] Oleksiy achieved AcceptMission
[10:41:26] [MISSION] Nikolai accepted ScoutPoi @ Meadow (164 RU)
[10:41:26] [TASK] Nikolai → AcceptMission [ScoutPoi] (goal=AcceptMission)
[10:41:26] [GOAL] Nikolai achieved AcceptMission
[10:41:26] [MISSION] Yuriy accepted ScoutPoi @ Zalissya (184 RU)
[10:41:26] [TASK] Yuriy → AcceptMission [ScoutPoi] (goal=AcceptMission)
[10:41:26] [GOAL] Yuriy achieved AcceptMission
[10:41:26] [MISSION] Mykola accepted ScoutPoi @ Jupiter (Pripyat Industrial) (236 RU)
[10:41:26] [TASK] Mykola → AcceptMission [ScoutPoi] (goal=AcceptMission)
[10:41:26] [GOAL] Mykola achieved AcceptMission
[10:41:26] [MISSION] Taras accepted ScoutPoi @ Red Forest (196 RU)
[10:41:26] [TASK] Taras → AcceptMission [ScoutPoi] (goal=AcceptMission)
[10:41:26] [GOAL] Taras achieved AcceptMission
[10:41:26] [MISSION] Ivan accepted ScoutPoi @ Red Forest (196 RU)
[10:41:26] [TASK] Ivan → AcceptMission [ScoutPoi] (goal=AcceptMission)
[10:41:26] [GOAL] Ivan achieved AcceptMission
[10:41:26] [MISSION] Viktor accepted ScoutPoi @ Red Forest (196 RU)
[10:41:26] [TASK] Viktor → AcceptMission [ScoutPoi] (goal=AcceptMission)
[10:41:26] [GOAL] Viktor achieved AcceptMission
[10:41:26] [MISSION] Igor accepted ScoutPoi @ Kopachi (196 RU)
[10:41:26] [TASK] Igor → AcceptMission [ScoutPoi] (goal=AcceptMission)
[10:41:26] [GOAL] Igor achieved AcceptMission
[10:41:26] [MISSION] Mikhail accepted ScoutPoi @ Red Forest (196 RU)
[10:41:26] [TASK] Mikhail → AcceptMission [ScoutPoi] (goal=AcceptMission)
[10:41:26] [GOAL] Mikhail achieved AcceptMission
[10:41:26] [MISSION] Zura accepted ScoutPoi @ Kopachi (196 RU)
[10:41:26] [TASK] Zura → AcceptMission [ScoutPoi] (goal=AcceptMission)
[10:41:26] [GOAL] Zura achieved AcceptMission
[10:41:26] [MISSION] Dmytro accepted ScoutPoi @ Cordon (160 RU)
[10:41:26] [TASK] Dmytro → AcceptMission [ScoutPoi] (goal=AcceptMission)
[10:41:26] [GOAL] Dmytro achieved AcceptMission
[10:41:26] [MISSION] Vasyl accepted ScoutPoi @ Meadow (164 RU)
[10:41:26] [TASK] Vasyl → AcceptMission [ScoutPoi] (goal=AcceptMission)
[10:41:26] [GOAL] Vasyl achieved AcceptMission
[10:41:26] [MISSION] Andriy accepted ScoutPoi @ Kopachi (196 RU)
[10:41:26] [TASK] Andriy → AcceptMission [ScoutPoi] (goal=AcceptMission)
[10:41:26] [GOAL] Andriy achieved AcceptMission
[10:41:26] [MISSION] Bohdan accepted ScoutPoi @ Red Forest (196 RU)
[10:41:26] [TASK] Bohdan → AcceptMission [ScoutPoi] (goal=AcceptMission)
[10:41:26] [GOAL] Bohdan achieved AcceptMission
[10:41:26] [MISSION] Pavel accepted ScoutPoi @ Chernobyl Town (200 RU)
[10:41:26] [TASK] Pavel → AcceptMission [ScoutPoi] (goal=AcceptMission)
[10:41:26] [GOAL] Pavel achieved AcceptMission
[10:41:26] [MISSION] Dmitri accepted ScoutPoi @ Yantar (236 RU)
[10:41:26] [TASK] Dmitri → AcceptMission [ScoutPoi] (goal=AcceptMission)
[10:41:26] [GOAL] Dmitri achieved AcceptMission
[10:41:26] [MISSION] Taras accepted ScoutPoi @ Red Forest (196 RU)
[10:41:26] [TASK] Taras → AcceptMission [ScoutPoi] (goal=AcceptMission)
[10:41:26] [GOAL] Taras achieved AcceptMission
[10:41:26] [MISSION] Viktor accepted ScoutPoi @ Meadow (164 RU)
[10:41:26] [TASK] Viktor → AcceptMission [ScoutPoi] (goal=AcceptMission)
[10:41:26] [GOAL] Viktor achieved AcceptMission
[10:41:26] [MISSION] Bakhyt accepted ScoutPoi @ Radar (Brain Scorcher) (236 RU)
[10:41:26] [TASK] Bakhyt → AcceptMission [ScoutPoi] (goal=AcceptMission)
[10:41:26] [GOAL] Bakhyt achieved AcceptMission
[10:41:26] [MISSION] Mykola accepted ScoutPoi @ Meadow (164 RU)
[10:41:26] [TASK] Mykola → AcceptMission [ScoutPoi] (goal=AcceptMission)
[10:41:26] [GOAL] Mykola achieved AcceptMission
[10:41:26] [MISSION] Armen accepted ScoutPoi @ Cordon (160 RU)
[10:41:26] [TASK] Armen → AcceptMission [ScoutPoi] (goal=AcceptMission)
[10:41:26] [GOAL] Armen achieved AcceptMission
[10:41:26] [MISSION] Dmitri accepted ScoutPoi @ Wild Territory (164 RU)
[10:41:26] [TASK] Dmitri → AcceptMission [ScoutPoi] (goal=AcceptMission)
[10:41:26] [GOAL] Dmitri achieved AcceptMission
[10:41:35] [COMBAT] Andriy Shevchenko 'Jackal' killed Lurker using wpn_m4a1
[10:41:35] [COMBAT] Viktor Bondarenko 'Bullet' killed Snork using wpn_ak74
[10:41:37] [COMBAT] Dmitri Bondarenko 'Bone' killed Rat using wpn_vintorez
[10:41:38] [COMBAT] Heinrich Melnyk 'Scar' killed Bloodsucker using wpn_l96a1
[10:41:40] [RANK] Heinrich Ivanov 'Ash' → Trainee
[10:41:40] [COMBAT] Heinrich Ivanov 'Ash' killed Rat using wpn_g36
[10:41:41] [SPAWN] Trickle +1 stalkers, +0 mutants
[10:41:41] [MISSION] Nodar accepted ScoutPoi @ Chernobyl Town (200 RU)
[10:41:41] [TASK] Nodar → AcceptMission [ScoutPoi] (goal=AcceptMission)
[10:41:41] [GOAL] Nodar achieved AcceptMission
[10:41:45] [COMBAT] Jake Ivanov 'Stitches' killed Andrei Shevchenko 'Stitch' using wpn_fn2000
[10:41:45] [GEAR] Jake looted [out_monolith_exolight_outfit, helm_tactic] via combat
[10:41:46] [COMBAT] Rustam Petrenko 'Crow' killed Fracture using wpn_aksu
[10:41:46] [COMBAT] Giorgi Petrov 'Ghost' killed Poltergeist using wpn_fn2000
[10:41:48] [CORPSE] Despawned 27 bodies (lifetime=887)
[10:41:48] [RANK] Dmytro Shevchenko 'Crow' → Experienced
[10:41:48] [COMBAT] Dmytro Shevchenko 'Crow' killed Bloodsucker using wpn_mp5
[10:41:54] [COMBAT] Ivan Bondarenko 'Mole' killed Controller using wpn_ak74
[10:41:54] [SNAPSHOT] real=15.3min game=D0 00:34 alive S=345 M=248 corpses=1128 lootable=532 gammaGear out=191 helm=304 avgRU=965 leaderGoals trade=1 mission=76 emission=Dormant nextIn=70gmin desperate=3 hungry=0 interval deaths=13 combats=23 tasks=258 gearLoot=1 gearBuy=0 missions=153 corpseDespawn=52 trickleSpawns=1 ranks=[Rookie:293,Trainee:17,Experienced:18,Professional:13,Veteran:3,Expert:1] goals=[Idle:90,CompleteMission::76,Traveling:8,VisitTrader::1] leaders: Nodar[Rookie/CompleteMission:], Oleksiy[Rookie/CompleteMission:], Ivan[Rookie/Idle], Dmytro[Rookie/Idle], Damir[Rookie/Idle]
[10:41:56] [COMBAT] Alibek Bondarenko 'Spark' killed Poltergeist using wpn_sg550
[10:41:57] [TASK] Alibek → TradeRun [poi_macro_5] (goal=VisitTrader)
[10:41:57] [GOAL] Alibek achieved VisitTrader
[10:41:57] [MISSION] Alibek accepted ScoutPoi @ Zalissya (184 RU)
[10:41:57] [TASK] Alibek → AcceptMission [ScoutPoi] (goal=AcceptMission)
[10:41:57] [GOAL] Alibek achieved AcceptMission
[10:42:01] [CORPSE] Despawned 28 bodies (lifetime=915)
[10:42:03] [SPAWN] Trickle +1 stalkers, +0 mutants
[10:42:03] [MISSION] Sergei accepted ScoutPoi @ Truck Cemetery (210 RU)
[10:42:03] [TASK] Sergei → AcceptMission [ScoutPoi] (goal=AcceptMission)
[10:42:03] [GOAL] Sergei achieved AcceptMission
[10:42:03] [COMBAT] Dmitri Petrenko 'Ash' killed Bloodsucker using wpn_pm
[10:42:04] [COMBAT] Alibek Petrenko 'The Rat' killed Andriy Melnyk 'Phantom' using wpn_l96a1
[10:42:09] [TASK] Andriy → TradeRun [poi_macro_5] (goal=VisitTrader)
[10:42:09] [GOAL] Andriy achieved VisitTrader
[10:42:09] [MISSION] Andriy accepted ScoutPoi @ Zalissya (184 RU)
[10:42:09] [TASK] Andriy → AcceptMission [ScoutPoi] (goal=AcceptMission)
[10:42:09] [GOAL] Andriy achieved AcceptMission
[10:42:10] [COMBAT] Andriy Bondarenko 'Bullet' killed Dmytro Petrenko 'Jackal' using wpn_vintorez
[10:42:13] [COMBAT] Andrei Volkov 'Stitch' killed Bloodsucker using wpn_sg550
[10:42:14] [CORPSE] Despawned 20 bodies (lifetime=935)
[10:42:19] [RANK] Lars Petrenko 'Raven' → Trainee
[10:42:19] [COMBAT] Lars Petrenko 'Raven' killed Snork using wpn_val
[10:42:21] [COMBAT] Yuriy Melnyk 'Badger' killed Snork using wpn_aksu
[10:42:24] [COMBAT] Nodar Melnyk 'Stitch' killed Bloodsucker using wpn_ak74
[10:42:25] [COMBAT] Lars Kovalenko 'Ghost' killed Controller using wpn_rg6
[10:42:25] [SPAWN] Trickle +1 stalkers, +0 mutants
[10:42:25] [SNAPSHOT] real=15.9min game=D0 00:35 alive S=336 M=241 corpses=1098 lootable=517 gammaGear out=186 helm=295 avgRU=968 leaderGoals trade=0 mission=78 emission=Dormant nextIn=68gmin desperate=3 hungry=0 interval deaths=11 combats=18 tasks=5 gearLoot=0 gearBuy=0 missions=3 corpseDespawn=48 trickleSpawns=2 ranks=[Rookie:283,Trainee:18,Experienced:18,Professional:13,Veteran:3,Expert:1] goals=[Idle:96,CompleteMission::77,AcceptMission::1] leaders: Sergei[Rookie/CompleteMission:], Nodar[Rookie/CompleteMission:], Oleksiy[Rookie/CompleteMission:], Dmytro[Rookie/Idle], Damir[Rookie/Idle]
[10:42:25] [COMBAT] Sergei Kovalenko 'Stitch' killed Boar using wpn_mp5
[10:42:25] [MISSION] Igor accepted ScoutPoi @ Sarcophagus (184 RU)
[10:42:25] [TASK] Igor → AcceptMission [ScoutPoi] (goal=AcceptMission)
[10:42:25] [GOAL] Igor achieved AcceptMission
[10:42:26] [MISSION] Karl accepted ScoutPoi @ Zalissya (184 RU)
[10:42:26] [TASK] Karl → AcceptMission [ScoutPoi] (goal=AcceptMission)
[10:42:26] [GOAL] Karl achieved AcceptMission
[10:42:26] [COMBAT] Andriy Bondarenko 'Bullet' killed Sean Petrenko 'Raven' using wpn_vintorez
[10:42:26] [COMBAT] Pavel Petrov 'Raven' killed Pseudodog using wpn_ak74
[10:42:27] [CORPSE] Despawned 37 bodies (lifetime=972)
[10:42:27] [COMBAT] Tobias Volkov 'Lucky' killed Snork using wpn_svd
[10:42:31] [TASK] Dmitri → TradeRun [poi_macro_12] (goal=VisitTrader)
[10:42:31] [GOAL] Dmitri achieved VisitTrader
[10:42:31] [MISSION] Dmitri accepted ScoutPoi @ Truck Cemetery (210 RU)
[10:42:31] [TASK] Dmitri → AcceptMission [ScoutPoi] (goal=AcceptMission)
[10:42:31] [GOAL] Dmitri achieved AcceptMission
[10:42:32] [COMBAT] Igor Sokolov 'Raven' killed Snork using wpn_pkm
[10:42:32] [SPAWN] Trickle +1 stalkers, +0 mutants
[10:42:32] [MISSION] Tobias accepted ScoutPoi @ Duga Radar (210 RU)
[10:42:32] [TASK] Tobias → AcceptMission [ScoutPoi] (goal=AcceptMission)
[10:42:32] [GOAL] Tobias achieved AcceptMission
[10:42:35] [COMBAT] Igor Popov 'Shadow' killed PsyDog using wpn_svd
[10:42:38] [COMBAT] Pavel Popov 'Jackal' killed Snork using wpn_ak74
[10:42:39] [RANK] Oleg Petrov 'Stitch' → Trainee
[10:42:39] [COMBAT] Oleg Petrov 'Stitch' killed Bloodsucker using wpn_val
[10:42:39] [COMBAT] Mykola Bondarenko 'Crow' killed Pseudodog using wpn_gauss
[10:42:40] [CORPSE] Despawned 37 bodies (lifetime=1009)
[10:42:42] [SPAWN] Trickle +0 stalkers, +1 mutants
[10:42:45] [SPAWN] Trickle +3 stalkers, +0 mutants
[10:42:45] [MISSION] Mykola accepted ScoutPoi @ Rostok (190 RU)
[10:42:45] [TASK] Mykola → AcceptMission [ScoutPoi] (goal=AcceptMission)
[10:42:45] [GOAL] Mykola achieved AcceptMission
[10:42:46] [COMBAT] Vasyl Sokolov 'Shadow' killed Flesh using wpn_fn2000
[10:42:47] [COMBAT] Vasyl Kovalenko 'Shadow' killed Dmytro Shevchenko 'Spark' using wpn_ak74
[10:42:48] [COMBAT] Lasha Ivanov 'Badger' killed Timur Kovalenko 'Viper' using wpn_vintorez
[10:42:49] [COMBAT] Andrei Popov 'Scar' killed Fracture using wpn_aksu
[10:42:52] [COMBAT] Bohdan Volkov 'Viper' killed Mykola Petrov 'Raven' using wpn_ak74
[10:42:53] [CORPSE] Despawned 29 bodies (lifetime=1038)
[10:42:53] [COMBAT] Alexei Shevchenko 'Mole' killed Snork using wpn_aksu
[10:42:55] [MISSION] Ivan arrived for ScoutPoi @ Mutant Den #0 near Truck Cemetery (travel=764m, work=256s game)
[10:42:57] [SNAPSHOT] real=16.4min game=D0 00:37 alive S=330 M=231 corpses=1016 lootable=486 gammaGear out=183 helm=289 avgRU=967 leaderGoals trade=1 mission=78 emission=Dormant nextIn=67gmin desperate=3 hungry=0 interval deaths=10 combats=21 tasks=6 gearLoot=0 gearBuy=0 missions=5 corpseDespawn=103 trickleSpawns=5 ranks=[Rookie:277,Trainee:19,Experienced:17,Professional:13,Veteran:3,Expert:1] goals=[Idle:94,CompleteMission::78,VisitTrader::1] leaders: Sergei[Rookie/CompleteMission:], Nodar[Rookie/CompleteMission:], Oleksiy[Rookie/CompleteMission:], Dmytro[Rookie/Idle], Damir[Rookie/Idle]
[10:42:57] [TASK] Dmytro → FulfillMission [ScoutPoi] (goal=CompleteMission)
[10:42:57] [MISSION] Dmytro objective done ScoutPoi @ Abandoned Hut → return to Cordon
[10:42:57] [TASK] Andriy → FulfillMission [ScoutPoi] (goal=CompleteMission)
[10:42:57] [MISSION] Andriy objective done ScoutPoi @ Forgotten Pillbox → return to Zalissya
[10:42:57] [TASK] Alexei → FulfillMission [ScoutPoi] (goal=CompleteMission)
[10:42:57] [MISSION] Alexei objective done ScoutPoi @ Makeshift Outpost → return to Chernobyl Town
[10:42:57] [TASK] Ivan → FulfillMission [ScoutPoi] (goal=CompleteMission)
[10:42:57] [MISSION] Ivan objective done ScoutPoi @ Mutant Den #0 near Truck Cemetery → return to Chistogalovka
[10:42:57] [TASK] Ivan → FulfillMission [ScoutPoi] (goal=CompleteMission)
[10:42:57] [MISSION] Ivan objective done ScoutPoi @ Windswept Cabin → return to Radar (Brain Scorcher)
[10:42:57] [TASK] Nodar → FulfillMission [ScoutPoi] (goal=CompleteMission)
[10:42:57] [MISSION] Nodar objective done ScoutPoi @ Windswept Cabin → return to Radar (Brain Scorcher)
[10:42:57] [TASK] Viktor → FulfillMission [ScoutPoi] (goal=CompleteMission)
[10:42:57] [MISSION] Viktor objective done ScoutPoi @ Forgotten Pillbox → return to Zalissya
[10:42:57] [TASK] Mykola → FulfillMission [ScoutPoi] (goal=CompleteMission)
[10:42:57] [MISSION] Mykola objective done ScoutPoi @ Abandoned Hut → return to Cordon
[10:42:57] [TASK] Alexei → FulfillMission [ScoutPoi] (goal=CompleteMission)
[10:42:57] [MISSION] Alexei objective done ScoutPoi @ Makeshift Outpost → return to Chernobyl Town
[10:42:57] [TASK] Andrei → FulfillMission [ScoutPoi] (goal=CompleteMission)
[10:42:57] [MISSION] Andrei objective done ScoutPoi @ Forgotten Pillbox → return to Zalissya
[10:42:57] [TASK] Nodar → FulfillMission [ScoutPoi] (goal=CompleteMission)
[10:42:57] [MISSION] Nodar objective done ScoutPoi @ Makeshift Outpost → return to Chernobyl Town
[10:42:57] [TASK] Alibek → FulfillMission [ScoutPoi] (goal=CompleteMission)
[10:42:57] [MISSION] Alibek objective done ScoutPoi @ Makeshift Outpost → return to Chernobyl Town
[10:42:57] [TASK] Pavel → FulfillMission [ScoutPoi] (goal=CompleteMission)
[10:42:57] [MISSION] Pavel objective done ScoutPoi @ Forgotten Pillbox → return to Zalissya
[10:42:57] [TASK] Igor → FulfillMission [ScoutPoi] (goal=CompleteMission)
[10:42:57] [MISSION] Igor objective done ScoutPoi @ Forgotten Shelter → return to Wild Territory
[10:42:57] [TASK] Timur → FulfillMission [ScoutPoi] (goal=CompleteMission)
[10:42:57] [MISSION] Timur objective done ScoutPoi @ Abandoned Hut → return to Cordon
[10:42:57] [TASK] Andrei → FulfillMission [ScoutPoi] (goal=CompleteMission)
[10:42:57] [MISSION] Andrei objective done ScoutPoi @ Makeshift Outpost → return to Chernobyl Town
[10:42:57] [TASK] Dmitri → FulfillMission [ScoutPoi] (goal=CompleteMission)
[10:42:57] [MISSION] Dmitri objective done ScoutPoi @ Hidden Hut → return to Red Forest
[10:42:57] [TASK] Oleg → FulfillMission [ScoutPoi] (goal=CompleteMission)
[10:42:57] [MISSION] Oleg objective done ScoutPoi @ Forgotten Shelter → return to Wild Territory
[10:42:57] [TASK] Viktor → FulfillMission [ScoutPoi] (goal=CompleteMission)
[10:42:57] [MISSION] Viktor objective done ScoutPoi @ Windswept Cabin → return to Radar (Brain Scorcher)
[10:42:57] [TASK] Oleksiy → FulfillMission [ScoutPoi] (goal=CompleteMission)
[10:42:57] [MISSION] Oleksiy objective done ScoutPoi @ Windswept Cabin → return to Radar (Brain Scorcher)
[10:42:57] [TASK] Dmytro → FulfillMission [ScoutPoi] (goal=CompleteMission)
[10:42:57] [MISSION] Dmytro objective done ScoutPoi @ Hidden Hut → return to Red Forest
[10:42:57] [TASK] Giorgi → FulfillMission [ScoutPoi] (goal=CompleteMission)
[10:42:57] [MISSION] Giorgi objective done ScoutPoi @ Forgotten Pillbox → return to Zalissya
[10:42:57] [TASK] Ivan → FulfillMission [ScoutPoi] (goal=CompleteMission)
[10:42:57] [MISSION] Ivan objective done ScoutPoi @ Forgotten Pillbox → return to Zalissya
[10:42:57] [TASK] Jake → FulfillMission [ScoutPoi] (goal=CompleteMission)
[10:42:57] [MISSION] Jake objective done ScoutPoi @ Abandoned Hut → return to Cordon
[10:42:57] [TASK] Viktor → FulfillMission [ScoutPoi] (goal=CompleteMission)
[10:42:57] [MISSION] Viktor objective done ScoutPoi @ Hidden Hut → return to Red Forest
[10:42:57] [TASK] Dmitri → FulfillMission [ScoutPoi] (goal=CompleteMission)
[10:42:57] [MISSION] Dmitri objective done ScoutPoi @ Loot Crate (Rostok-Truck Ce) → return to Yantar
[10:42:57] [TASK] Oleg → FulfillMission [ScoutPoi] (goal=CompleteMission)
[10:42:57] [MISSION] Oleg objective done ScoutPoi @ Makeshift Outpost → return to Chernobyl Town
[10:42:57] [TASK] Yuriy → FulfillMission [ScoutPoi] (goal=CompleteMission)
[10:42:57] [MISSION] Yuriy objective done ScoutPoi @ Ruined Garage → return to Kopachi
[10:42:57] [TASK] Mykola → FulfillMission [ScoutPoi] (goal=CompleteMission)
[10:42:57] [MISSION] Mykola objective done ScoutPoi @ Hidden Hut → return to Red Forest
[10:42:57] [TASK] Bohdan → FulfillMission [ScoutPoi] (goal=CompleteMission)
[10:42:57] [MISSION] Bohdan objective done ScoutPoi @ Ruined Garage → return to Kopachi
[10:42:57] [TASK] Bohdan → FulfillMission [ScoutPoi] (goal=CompleteMission)
[10:42:57] [MISSION] Bohdan objective done ScoutPoi @ Abandoned Bus → return to Meadow
[10:42:57] [TASK] Bohdan → FulfillMission [ScoutPoi] (goal=CompleteMission)
[10:42:57] [MISSION] Bohdan objective done ScoutPoi @ Abandoned Hut → return to Cordon
[10:42:57] [TASK] Mykola → FulfillMission [ScoutPoi] (goal=CompleteMission)
[10:42:57] [MISSION] Mykola objective done ScoutPoi @ Ruined Garage → return to Kopachi
[10:42:57] [TASK] Viktor → FulfillMission [ScoutPoi] (goal=CompleteMission)
[10:42:57] [MISSION] Viktor objective done ScoutPoi @ Loot Crate (Rostok-Truck Ce) → return to Yantar
[10:42:57] [TASK] Bohdan → FulfillMission [ScoutPoi] (goal=CompleteMission)
[10:42:57] [MISSION] Bohdan objective done ScoutPoi @ Abandoned Hut → return to Cordon
[10:42:57] [TASK] Alexei → FulfillMission [ScoutPoi] (goal=CompleteMission)
[10:42:57] [MISSION] Alexei objective done ScoutPoi @ Abandoned Hut → return to Cordon
[10:42:57] [TASK] Oleksiy → FulfillMission [ScoutPoi] (goal=CompleteMission)
[10:42:57] [MISSION] Oleksiy objective done ScoutPoi @ Abandoned Bus → return to Meadow
[10:42:57] [TASK] Nikolai → FulfillMission [ScoutPoi] (goal=CompleteMission)
[10:42:57] [MISSION] Nikolai objective done ScoutPoi @ Abandoned Bus → return to Meadow
[10:42:57] [TASK] Yuriy → FulfillMission [ScoutPoi] (goal=CompleteMission)
[10:42:57] [MISSION] Yuriy objective done ScoutPoi @ Forgotten Pillbox → return to Zalissya
[10:42:57] [TASK] Mykola → FulfillMission [ScoutPoi] (goal=CompleteMission)
[10:42:57] [MISSION] Mykola objective done ScoutPoi @ Windswept Cairn → return to Jupiter (Pripyat Industrial)
[10:42:57] [TASK] Taras → FulfillMission [ScoutPoi] (goal=CompleteMission)
[10:42:57] [MISSION] Taras objective done ScoutPoi @ Hidden Hut → return to Red Forest
[10:42:57] [TASK] Ivan → FulfillMission [ScoutPoi] (goal=CompleteMission)
[10:42:57] [MISSION] Ivan objective done ScoutPoi @ Hidden Hut → return to Red Forest
[10:42:57] [TASK] Viktor → FulfillMission [ScoutPoi] (goal=CompleteMission)
[10:42:57] [MISSION] Viktor objective done ScoutPoi @ Hidden Hut → return to Red Forest
[10:42:57] [TASK] Igor → FulfillMission [ScoutPoi] (goal=CompleteMission)
[10:42:57] [MISSION] Igor objective done ScoutPoi @ Ruined Garage → return to Kopachi
[10:42:57] [TASK] Mikhail → FulfillMission [ScoutPoi] (goal=CompleteMission)
[10:42:57] [MISSION] Mikhail objective done ScoutPoi @ Hidden Hut → return to Red Forest
[10:42:57] [TASK] Zura → FulfillMission [ScoutPoi] (goal=CompleteMission)
[10:42:57] [MISSION] Zura objective done ScoutPoi @ Ruined Garage → return to Kopachi
[10:42:57] [TASK] Dmytro → FulfillMission [ScoutPoi] (goal=CompleteMission)
[10:42:57] [MISSION] Dmytro objective done ScoutPoi @ Abandoned Hut → return to Cordon
[10:42:57] [TASK] Vasyl → FulfillMission [ScoutPoi] (goal=CompleteMission)
[10:42:57] [MISSION] Vasyl objective done ScoutPoi @ Abandoned Bus → return to Meadow
[10:42:57] [TASK] Andriy → FulfillMission [ScoutPoi] (goal=CompleteMission)
[10:42:57] [MISSION] Andriy objective done ScoutPoi @ Ruined Garage → return to Kopachi
[10:42:57] [TASK] Bohdan → FulfillMission [ScoutPoi] (goal=CompleteMission)
[10:42:57] [MISSION] Bohdan objective done ScoutPoi @ Hidden Hut → return to Red Forest
[10:42:57] [TASK] Pavel → FulfillMission [ScoutPoi] (goal=CompleteMission)
[10:42:57] [MISSION] Pavel objective done ScoutPoi @ Makeshift Outpost → return to Chernobyl Town
[10:42:57] [TASK] Taras → FulfillMission [ScoutPoi] (goal=CompleteMission)
[10:42:57] [MISSION] Taras objective done ScoutPoi @ Hidden Hut → return to Red Forest
[10:42:57] [TASK] Viktor → FulfillMission [ScoutPoi] (goal=CompleteMission)
[10:42:57] [MISSION] Viktor objective done ScoutPoi @ Abandoned Bus → return to Meadow
[10:42:57] [TASK] Bakhyt → FulfillMission [ScoutPoi] (goal=CompleteMission)
[10:42:57] [MISSION] Bakhyt objective done ScoutPoi @ Windswept Cabin → return to Radar (Brain Scorcher)
[10:42:57] [TASK] Mykola → FulfillMission [ScoutPoi] (goal=CompleteMission)
[10:42:57] [MISSION] Mykola objective done ScoutPoi @ Abandoned Bus → return to Meadow
[10:42:57] [TASK] Armen → FulfillMission [ScoutPoi] (goal=CompleteMission)
[10:42:57] [MISSION] Armen objective done ScoutPoi @ Abandoned Hut → return to Cordon
[10:42:57] [TASK] Dmitri → FulfillMission [ScoutPoi] (goal=CompleteMission)
[10:42:57] [MISSION] Dmitri objective done ScoutPoi @ Forgotten Shelter → return to Wild Territory
[10:42:57] [TASK] Sergei → FulfillMission [ScoutPoi] (goal=CompleteMission)
[10:42:57] [MISSION] Sergei objective done ScoutPoi @ Bandit Base → return to Truck Cemetery
[10:42:57] [TASK] Nodar → FulfillMission [ScoutPoi] (goal=CompleteMission)
[10:42:57] [MISSION] Nodar objective done ScoutPoi @ Makeshift Outpost → return to Chernobyl Town
[10:42:57] [TASK] Oleksiy → FulfillMission [ScoutPoi] (goal=CompleteMission)
[10:42:57] [MISSION] Oleksiy objective done ScoutPoi @ Ruined Garage → return to Kopachi
[10:42:57] [TASK] Andriy → FulfillMission [ScoutPoi] (goal=CompleteMission)
[10:42:57] [MISSION] Andriy objective done ScoutPoi @ Ruined Garage → return to Kopachi
[10:42:57] [TASK] Andrei → FulfillMission [ScoutPoi] (goal=CompleteMission)
[10:42:57] [MISSION] Andrei objective done ScoutPoi @ Forgotten Shelter → return to Wild Territory
[10:42:57] [TASK] Nikolai → FulfillMission [ScoutPoi] (goal=CompleteMission)
[10:42:57] [MISSION] Nikolai objective done ScoutPoi @ Abandoned Bus → return to Meadow
[10:42:57] [TASK] Taras → FulfillMission [ScoutPoi] (goal=CompleteMission)
[10:42:57] [MISSION] Taras objective done ScoutPoi @ Loot Crate (Rostok-Truck Ce) → return to Yantar
[10:42:57] [TASK] Dmytro → FulfillMission [ScoutPoi] (goal=CompleteMission)
[10:42:57] [MISSION] Dmytro objective done ScoutPoi @ Loot Crate (Rostok-Truck Ce) → return to Yantar
[10:42:57] [TASK] Mykola → FulfillMission [ScoutPoi] (goal=CompleteMission)
[10:42:57] [MISSION] Mykola objective done ScoutPoi @ Abandoned Bus → return to Meadow
[10:42:57] [TASK] Damir → FulfillMission [ScoutPoi] (goal=CompleteMission)
[10:42:57] [MISSION] Damir objective done ScoutPoi @ Makeshift Outpost → return to Chernobyl Town
[10:42:57] [TASK] Serhiy → FulfillMission [ScoutPoi] (goal=CompleteMission)
[10:42:57] [MISSION] Serhiy objective done ScoutPoi @ Abandoned Hut → return to Cordon
[10:42:57] [TASK] Dmitri → FulfillMission [ScoutPoi] (goal=CompleteMission)
[10:42:57] [MISSION] Dmitri objective done ScoutPoi @ Abandoned Bus → return to Meadow
[10:42:57] [TASK] Tobias → FulfillMission [ScoutPoi] (goal=CompleteMission)
[10:42:57] [MISSION] Tobias objective done ScoutPoi @ Mutant Den #0 near Dark Valley → return to Duga Radar
[10:42:57] [TASK] Igor → FulfillMission [ScoutPoi] (goal=CompleteMission)
[10:42:57] [MISSION] Igor objective done ScoutPoi @ Mutant Den #1 near Rostok → return to Sarcophagus
[10:42:57] [TASK] Nikolai → FulfillMission [ScoutPoi] (goal=CompleteMission)
[10:42:57] [MISSION] Nikolai objective done ScoutPoi @ Ruined Garage → return to Kopachi
[10:42:57] [TASK] Andriy → FulfillMission [ScoutPoi] (goal=CompleteMission)
[10:42:57] [MISSION] Andriy objective done ScoutPoi @ Forgotten Shelter → return to Wild Territory
[10:42:57] [TASK] Oleg → FulfillMission [ScoutPoi] (goal=CompleteMission)
[10:42:57] [MISSION] Oleg objective done ScoutPoi @ Loot Crate (Rostok-Truck Ce) → return to Yantar
[10:42:57] [TASK] Alibek → FulfillMission [ScoutPoi] (goal=CompleteMission)
[10:42:57] [MISSION] Alibek objective done ScoutPoi @ Ruined Garage → return to Kopachi
[10:42:57] [TASK] Serhiy → FulfillMission [ScoutPoi] (goal=CompleteMission)
[10:42:57] [MISSION] Serhiy objective done ScoutPoi @ Forgotten Shelter → return to Wild Territory
[10:42:57] [TASK] Karl → FulfillMission [ScoutPoi] (goal=CompleteMission)
[10:42:57] [MISSION] Karl objective done ScoutPoi @ Forgotten Pillbox → return to Zalissya
[10:42:57] [TASK] Ivan → FulfillMission [ScoutPoi] (goal=CompleteMission)
[10:42:57] [MISSION] Ivan objective done ScoutPoi @ Abandoned Hut → return to Cordon
[10:42:57] [TASK] Taras → TradeRun [poi_macro_12] (goal=VisitTrader)
[10:42:57] [GOAL] Taras achieved VisitTrader
[10:42:57] [MISSION] Taras accepted ScoutPoi @ Truck Cemetery (210 RU)
[10:42:57] [TASK] Taras → AcceptMission [ScoutPoi] (goal=AcceptMission)
[10:42:57] [GOAL] Taras achieved AcceptMission
[10:42:58] [TASK] Nodar → TurnInMission [ScoutPoi] (goal=CompleteMission)
[10:42:58] [MISSION] Nodar turned in ScoutPoi @ Chernobyl Town (+200 RU)
[10:42:58] [GOAL] Nodar achieved CompleteMission
[10:42:58] [TASK] Oleksiy → TurnInMission [ScoutPoi] (goal=CompleteMission)
[10:42:58] [MISSION] Oleksiy turned in ScoutPoi @ Kopachi (+196 RU)
[10:42:58] [GOAL] Oleksiy achieved CompleteMission
[10:42:58] [TASK] Andriy → TurnInMission [ScoutPoi] (goal=CompleteMission)
[10:42:58] [MISSION] Andriy turned in ScoutPoi @ Kopachi (+196 RU)
[10:42:58] [GOAL] Andriy achieved CompleteMission
[10:42:58] [TASK] Andrei → TurnInMission [ScoutPoi] (goal=CompleteMission)
[10:42:58] [MISSION] Andrei turned in ScoutPoi @ Wild Territory (+164 RU)
[10:42:58] [GOAL] Andrei achieved CompleteMission
[10:42:58] [TASK] Nikolai → TurnInMission [ScoutPoi] (goal=CompleteMission)
[10:42:58] [MISSION] Nikolai turned in ScoutPoi @ Meadow (+164 RU)
[10:42:58] [GOAL] Nikolai achieved CompleteMission
[10:42:58] [TASK] Taras → TurnInMission [ScoutPoi] (goal=CompleteMission)
[10:42:58] [MISSION] Taras turned in ScoutPoi @ Yantar (+236 RU)
[10:42:58] [GOAL] Taras achieved CompleteMission
[10:42:58] [TASK] Dmytro → TurnInMission [ScoutPoi] (goal=CompleteMission)
[10:42:58] [MISSION] Dmytro turned in ScoutPoi @ Yantar (+236 RU)
[10:42:58] [GOAL] Dmytro achieved CompleteMission
[10:42:58] [TASK] Mykola → TurnInMission [ScoutPoi] (goal=CompleteMission)
[10:42:58] [MISSION] Mykola turned in ScoutPoi @ Meadow (+164 RU)
[10:42:58] [GOAL] Mykola achieved CompleteMission
[10:42:58] [TASK] Damir → TurnInMission [ScoutPoi] (goal=CompleteMission)
[10:42:58] [MISSION] Damir turned in ScoutPoi @ Chernobyl Town (+200 RU)
[10:42:58] [GOAL] Damir achieved CompleteMission
[10:42:58] [TASK] Serhiy → TurnInMission [ScoutPoi] (goal=CompleteMission)
[10:42:58] [MISSION] Serhiy turned in ScoutPoi @ Cordon (+160 RU)
[10:42:58] [GOAL] Serhiy achieved CompleteMission
[10:42:58] [TASK] Dmitri → TurnInMission [ScoutPoi] (goal=CompleteMission)
[10:42:58] [MISSION] Dmitri turned in ScoutPoi @ Meadow (+164 RU)
[10:42:58] [GOAL] Dmitri achieved CompleteMission
[10:42:58] [TASK] Nikolai → TurnInMission [ScoutPoi] (goal=CompleteMission)
[10:42:58] [MISSION] Nikolai turned in ScoutPoi @ Kopachi (+196 RU)
[10:42:58] [GOAL] Nikolai achieved CompleteMission
[10:42:58] [TASK] Andriy → TurnInMission [ScoutPoi] (goal=CompleteMission)
[10:42:58] [MISSION] Andriy turned in ScoutPoi @ Wild Territory (+164 RU)
[10:42:58] [GOAL] Andriy achieved CompleteMission
[10:42:58] [TASK] Oleg → TurnInMission [ScoutPoi] (goal=CompleteMission)
[10:42:58] [MISSION] Oleg turned in ScoutPoi @ Yantar (+236 RU)
[10:42:58] [GOAL] Oleg achieved CompleteMission
[10:42:58] [TASK] Alibek → TurnInMission [ScoutPoi] (goal=CompleteMission)
[10:42:58] [MISSION] Alibek turned in ScoutPoi @ Kopachi (+196 RU)
[10:42:58] [GOAL] Alibek achieved CompleteMission
[10:42:58] [TASK] Serhiy → TurnInMission [ScoutPoi] (goal=CompleteMission)
[10:42:58] [MISSION] Serhiy turned in ScoutPoi @ Wild Territory (+164 RU)
[10:42:58] [GOAL] Serhiy achieved CompleteMission
[10:42:58] [TASK] Karl → TurnInMission [ScoutPoi] (goal=CompleteMission)
[10:42:58] [MISSION] Karl turned in ScoutPoi @ Zalissya (+184 RU)
[10:42:58] [GOAL] Karl achieved CompleteMission
[10:42:58] [TASK] Ivan → TurnInMission [ScoutPoi] (goal=CompleteMission)
[10:42:58] [MISSION] Ivan turned in ScoutPoi @ Cordon (+160 RU)
[10:42:58] [GOAL] Ivan achieved CompleteMission
[10:42:58] [TASK] Dmytro → TurnInMission [ScoutPoi] (goal=CompleteMission)
[10:42:58] [MISSION] Dmytro turned in ScoutPoi @ Cordon (+160 RU)
[10:42:58] [GOAL] Dmytro achieved CompleteMission
[10:42:58] [TASK] Andriy → TurnInMission [ScoutPoi] (goal=CompleteMission)
[10:42:58] [MISSION] Andriy turned in ScoutPoi @ Zalissya (+184 RU)
[10:42:58] [GOAL] Andriy achieved CompleteMission
[10:42:58] [TASK] Alexei → TurnInMission [ScoutPoi] (goal=CompleteMission)
[10:42:58] [MISSION] Alexei turned in ScoutPoi @ Chernobyl Town (+200 RU)
[10:42:58] [GOAL] Alexei achieved CompleteMission
[10:42:58] [TASK] Ivan → TurnInMission [ScoutPoi] (goal=CompleteMission)
[10:42:58] [MISSION] Ivan turned in ScoutPoi @ Radar (Brain Scorcher) (+236 RU)
[10:42:58] [GOAL] Ivan achieved CompleteMission
[10:42:58] [TASK] Nodar → TurnInMission [ScoutPoi] (goal=CompleteMission)
[10:42:58] [MISSION] Nodar turned in ScoutPoi @ Radar (Brain Scorcher) (+236 RU)
[10:42:58] [GOAL] Nodar achieved CompleteMission
[10:42:58] [TASK] Viktor → TurnInMission [ScoutPoi] (goal=CompleteMission)
[10:42:58] [MISSION] Viktor turned in ScoutPoi @ Zalissya (+184 RU)
[10:42:58] [GOAL] Viktor achieved CompleteMission
[10:42:58] [TASK] Mykola → TurnInMission [ScoutPoi] (goal=CompleteMission)
[10:42:58] [MISSION] Mykola turned in ScoutPoi @ Cordon (+160 RU)
[10:42:58] [GOAL] Mykola achieved CompleteMission
[10:42:58] [TASK] Alexei → TurnInMission [ScoutPoi] (goal=CompleteMission)
[10:42:58] [MISSION] Alexei turned in ScoutPoi @ Chernobyl Town (+200 RU)
[10:42:58] [GOAL] Alexei achieved CompleteMission
[10:42:58] [TASK] Andrei → TurnInMission [ScoutPoi] (goal=CompleteMission)
[10:42:58] [MISSION] Andrei turned in ScoutPoi @ Zalissya (+184 RU)
[10:42:58] [GOAL] Andrei achieved CompleteMission
[10:42:58] [TASK] Nodar → TurnInMission [ScoutPoi] (goal=CompleteMission)
[10:42:58] [MISSION] Nodar turned in ScoutPoi @ Chernobyl Town (+200 RU)
[10:42:58] [GOAL] Nodar achieved CompleteMission
[10:42:58] [TASK] Alibek → TurnInMission [ScoutPoi] (goal=CompleteMission)
[10:42:58] [MISSION] Alibek turned in ScoutPoi @ Chernobyl Town (+200 RU)
[10:42:58] [GOAL] Alibek achieved CompleteMission
[10:42:58] [TASK] Pavel → TurnInMission [ScoutPoi] (goal=CompleteMission)
[10:42:58] [MISSION] Pavel turned in ScoutPoi @ Zalissya (+184 RU)
[10:42:58] [GOAL] Pavel achieved CompleteMission
[10:42:58] [TASK] Igor → TurnInMission [ScoutPoi] (goal=CompleteMission)
[10:42:58] [MISSION] Igor turned in ScoutPoi @ Wild Territory (+164 RU)
[10:42:58] [GOAL] Igor achieved CompleteMission
[10:42:58] [TASK] Timur → TurnInMission [ScoutPoi] (goal=CompleteMission)
[10:42:58] [MISSION] Timur turned in ScoutPoi @ Cordon (+160 RU)
[10:42:58] [GOAL] Timur achieved CompleteMission
[10:42:58] [TASK] Andrei → TurnInMission [ScoutPoi] (goal=CompleteMission)
[10:42:58] [MISSION] Andrei turned in ScoutPoi @ Chernobyl Town (+200 RU)
[10:42:58] [GOAL] Andrei achieved CompleteMission
[10:42:58] [TASK] Dmitri → TurnInMission [ScoutPoi] (goal=CompleteMission)
[10:42:58] [MISSION] Dmitri turned in ScoutPoi @ Red Forest (+196 RU)
[10:42:58] [GOAL] Dmitri achieved CompleteMission
[10:42:58] [TASK] Oleg → TurnInMission [ScoutPoi] (goal=CompleteMission)
[10:42:58] [MISSION] Oleg turned in ScoutPoi @ Wild Territory (+164 RU)
[10:42:58] [GOAL] Oleg achieved CompleteMission
[10:42:58] [TASK] Viktor → TurnInMission [ScoutPoi] (goal=CompleteMission)
[10:42:58] [MISSION] Viktor turned in ScoutPoi @ Radar (Brain Scorcher) (+236 RU)
[10:42:58] [GOAL] Viktor achieved CompleteMission
[10:42:58] [TASK] Oleksiy → TurnInMission [ScoutPoi] (goal=CompleteMission)
[10:42:58] [MISSION] Oleksiy turned in ScoutPoi @ Radar (Brain Scorcher) (+236 RU)
[10:42:58] [GOAL] Oleksiy achieved CompleteMission
[10:42:58] [TASK] Dmytro → TurnInMission [ScoutPoi] (goal=CompleteMission)
[10:42:58] [MISSION] Dmytro turned in ScoutPoi @ Red Forest (+196 RU)
[10:42:58] [GOAL] Dmytro achieved CompleteMission
[10:42:58] [TASK] Giorgi → TurnInMission [ScoutPoi] (goal=CompleteMission)
[10:42:58] [MISSION] Giorgi turned in ScoutPoi @ Zalissya (+184 RU)
[10:42:58] [GOAL] Giorgi achieved CompleteMission
[10:42:58] [TASK] Ivan → TurnInMission [ScoutPoi] (goal=CompleteMission)
[10:42:58] [MISSION] Ivan turned in ScoutPoi @ Zalissya (+184 RU)
[10:42:58] [GOAL] Ivan achieved CompleteMission
[10:42:58] [TASK] Jake → TurnInMission [ScoutPoi] (goal=CompleteMission)
[10:42:58] [MISSION] Jake turned in ScoutPoi @ Cordon (+160 RU)
[10:42:58] [GOAL] Jake achieved CompleteMission
[10:42:58] [TASK] Viktor → TurnInMission [ScoutPoi] (goal=CompleteMission)
[10:42:58] [MISSION] Viktor turned in ScoutPoi @ Red Forest (+196 RU)
[10:42:58] [GOAL] Viktor achieved CompleteMission
[10:42:58] [TASK] Dmitri → TurnInMission [ScoutPoi] (goal=CompleteMission)
[10:42:58] [MISSION] Dmitri turned in ScoutPoi @ Yantar (+236 RU)
[10:42:58] [GOAL] Dmitri achieved CompleteMission
[10:42:58] [TASK] Oleg → TurnInMission [ScoutPoi] (goal=CompleteMission)
[10:42:58] [MISSION] Oleg turned in ScoutPoi @ Chernobyl Town (+200 RU)
[10:42:58] [GOAL] Oleg achieved CompleteMission
[10:42:58] [TASK] Yuriy → TurnInMission [ScoutPoi] (goal=CompleteMission)
[10:42:58] [MISSION] Yuriy turned in ScoutPoi @ Kopachi (+196 RU)
[10:42:58] [GOAL] Yuriy achieved CompleteMission
[10:42:58] [TASK] Mykola → TurnInMission [ScoutPoi] (goal=CompleteMission)
[10:42:58] [MISSION] Mykola turned in ScoutPoi @ Red Forest (+196 RU)
[10:42:58] [GOAL] Mykola achieved CompleteMission
[10:42:58] [TASK] Bohdan → TurnInMission [ScoutPoi] (goal=CompleteMission)
[10:42:58] [MISSION] Bohdan turned in ScoutPoi @ Kopachi (+196 RU)
[10:42:58] [GOAL] Bohdan achieved CompleteMission
[10:42:58] [TASK] Bohdan → TurnInMission [ScoutPoi] (goal=CompleteMission)
[10:42:58] [MISSION] Bohdan turned in ScoutPoi @ Meadow (+164 RU)
[10:42:58] [GOAL] Bohdan achieved CompleteMission
[10:42:58] [TASK] Bohdan → TurnInMission [ScoutPoi] (goal=CompleteMission)
[10:42:58] [MISSION] Bohdan turned in ScoutPoi @ Cordon (+160 RU)
[10:42:58] [GOAL] Bohdan achieved CompleteMission
[10:42:58] [TASK] Mykola → TurnInMission [ScoutPoi] (goal=CompleteMission)
[10:42:58] [MISSION] Mykola turned in ScoutPoi @ Kopachi (+196 RU)
[10:42:58] [GOAL] Mykola achieved CompleteMission
[10:42:58] [TASK] Viktor → TurnInMission [ScoutPoi] (goal=CompleteMission)
[10:42:58] [MISSION] Viktor turned in ScoutPoi @ Yantar (+236 RU)
[10:42:58] [GOAL] Viktor achieved CompleteMission
[10:42:58] [TASK] Bohdan → TurnInMission [ScoutPoi] (goal=CompleteMission)
[10:42:58] [MISSION] Bohdan turned in ScoutPoi @ Cordon (+160 RU)
[10:42:58] [GOAL] Bohdan achieved CompleteMission
[10:42:58] [TASK] Alexei → TurnInMission [ScoutPoi] (goal=CompleteMission)
[10:42:58] [MISSION] Alexei turned in ScoutPoi @ Cordon (+160 RU)
[10:42:58] [GOAL] Alexei achieved CompleteMission
[10:42:58] [TASK] Oleksiy → TurnInMission [ScoutPoi] (goal=CompleteMission)
[10:42:58] [MISSION] Oleksiy turned in ScoutPoi @ Meadow (+164 RU)
[10:42:58] [GOAL] Oleksiy achieved CompleteMission
[10:42:58] [TASK] Nikolai → TurnInMission [ScoutPoi] (goal=CompleteMission)
[10:42:58] [MISSION] Nikolai turned in ScoutPoi @ Meadow (+164 RU)
[10:42:58] [GOAL] Nikolai achieved CompleteMission
[10:42:58] [TASK] Yuriy → TurnInMission [ScoutPoi] (goal=CompleteMission)
[10:42:58] [MISSION] Yuriy turned in ScoutPoi @ Zalissya (+184 RU)
[10:42:58] [GOAL] Yuriy achieved CompleteMission
[10:42:58] [TASK] Mykola → TurnInMission [ScoutPoi] (goal=CompleteMission)
[10:42:58] [MISSION] Mykola turned in ScoutPoi @ Jupiter (Pripyat Industrial) (+236 RU)
[10:42:58] [GOAL] Mykola achieved CompleteMission
[10:42:58] [TASK] Taras → TurnInMission [ScoutPoi] (goal=CompleteMission)
[10:42:58] [MISSION] Taras turned in ScoutPoi @ Red Forest (+196 RU)
[10:42:58] [GOAL] Taras achieved CompleteMission
[10:42:58] [TASK] Ivan → TurnInMission [ScoutPoi] (goal=CompleteMission)
[10:42:58] [MISSION] Ivan turned in ScoutPoi @ Red Forest (+196 RU)
[10:42:58] [GOAL] Ivan achieved CompleteMission
[10:42:58] [TASK] Viktor → TurnInMission [ScoutPoi] (goal=CompleteMission)
[10:42:58] [MISSION] Viktor turned in ScoutPoi @ Red Forest (+196 RU)
[10:42:58] [GOAL] Viktor achieved CompleteMission
[10:42:58] [TASK] Igor → TurnInMission [ScoutPoi] (goal=CompleteMission)
[10:42:58] [MISSION] Igor turned in ScoutPoi @ Kopachi (+196 RU)
[10:42:58] [GOAL] Igor achieved CompleteMission
[10:42:58] [TASK] Mikhail → TurnInMission [ScoutPoi] (goal=CompleteMission)
[10:42:58] [MISSION] Mikhail turned in ScoutPoi @ Red Forest (+196 RU)
[10:42:58] [GOAL] Mikhail achieved CompleteMission
[10:42:58] [TASK] Zura → TurnInMission [ScoutPoi] (goal=CompleteMission)
[10:42:58] [MISSION] Zura turned in ScoutPoi @ Kopachi (+196 RU)
[10:42:58] [GOAL] Zura achieved CompleteMission
[10:42:58] [TASK] Dmytro → TurnInMission [ScoutPoi] (goal=CompleteMission)
[10:42:58] [MISSION] Dmytro turned in ScoutPoi @ Cordon (+160 RU)
[10:42:58] [GOAL] Dmytro achieved CompleteMission
[10:42:58] [TASK] Vasyl → TurnInMission [ScoutPoi] (goal=CompleteMission)
[10:42:58] [MISSION] Vasyl turned in ScoutPoi @ Meadow (+164 RU)
[10:42:58] [GOAL] Vasyl achieved CompleteMission
[10:42:59] [TASK] Andriy → TurnInMission [ScoutPoi] (goal=CompleteMission)
[10:42:59] [MISSION] Andriy turned in ScoutPoi @ Kopachi (+196 RU)
[10:42:59] [GOAL] Andriy achieved CompleteMission
[10:42:59] [TASK] Bohdan → TurnInMission [ScoutPoi] (goal=CompleteMission)
[10:42:59] [MISSION] Bohdan turned in ScoutPoi @ Red Forest (+196 RU)
[10:42:59] [GOAL] Bohdan achieved CompleteMission
[10:42:59] [TASK] Pavel → TurnInMission [ScoutPoi] (goal=CompleteMission)
[10:42:59] [MISSION] Pavel turned in ScoutPoi @ Chernobyl Town (+200 RU)
[10:42:59] [GOAL] Pavel achieved CompleteMission
[10:42:59] [TASK] Taras → TurnInMission [ScoutPoi] (goal=CompleteMission)
[10:42:59] [MISSION] Taras turned in ScoutPoi @ Red Forest (+196 RU)
[10:42:59] [GOAL] Taras achieved CompleteMission
[10:42:59] [TASK] Viktor → TurnInMission [ScoutPoi] (goal=CompleteMission)
[10:42:59] [MISSION] Viktor turned in ScoutPoi @ Meadow (+164 RU)
[10:42:59] [GOAL] Viktor achieved CompleteMission
[10:42:59] [TASK] Bakhyt → TurnInMission [ScoutPoi] (goal=CompleteMission)
[10:42:59] [MISSION] Bakhyt turned in ScoutPoi @ Radar (Brain Scorcher) (+236 RU)
[10:42:59] [GOAL] Bakhyt achieved CompleteMission
[10:42:59] [TASK] Mykola → TurnInMission [ScoutPoi] (goal=CompleteMission)
[10:42:59] [MISSION] Mykola turned in ScoutPoi @ Meadow (+164 RU)
[10:42:59] [GOAL] Mykola achieved CompleteMission
[10:42:59] [TASK] Armen → TurnInMission [ScoutPoi] (goal=CompleteMission)
[10:42:59] [MISSION] Armen turned in ScoutPoi @ Cordon (+160 RU)
[10:42:59] [GOAL] Armen achieved CompleteMission
[10:42:59] [TASK] Dmitri → TurnInMission [ScoutPoi] (goal=CompleteMission)
[10:42:59] [MISSION] Dmitri turned in ScoutPoi @ Wild Territory (+164 RU)
[10:42:59] [GOAL] Dmitri achieved CompleteMission
[10:42:59] [MISSION] Nodar accepted ScoutPoi @ Chernobyl Town (200 RU)
[10:42:59] [TASK] Nodar → AcceptMission [ScoutPoi] (goal=AcceptMission)
[10:42:59] [GOAL] Nodar achieved AcceptMission
[10:42:59] [MISSION] Oleksiy accepted ScoutPoi @ Kopachi (196 RU)
[10:42:59] [TASK] Oleksiy → AcceptMission [ScoutPoi] (goal=AcceptMission)
[10:42:59] [GOAL] Oleksiy achieved AcceptMission
[10:42:59] [MISSION] Andriy accepted ScoutPoi @ Kopachi (196 RU)
[10:42:59] [TASK] Andriy → AcceptMission [ScoutPoi] (goal=AcceptMission)
[10:42:59] [GOAL] Andriy achieved AcceptMission
[10:42:59] [MISSION] Andrei accepted ScoutPoi @ Wild Territory (164 RU)
[10:42:59] [TASK] Andrei → AcceptMission [ScoutPoi] (goal=AcceptMission)
[10:42:59] [GOAL] Andrei achieved AcceptMission
[10:42:59] [MISSION] Nikolai accepted ScoutPoi @ Meadow (164 RU)
[10:42:59] [TASK] Nikolai → AcceptMission [ScoutPoi] (goal=AcceptMission)
[10:42:59] [GOAL] Nikolai achieved AcceptMission
[10:42:59] [MISSION] Taras accepted ScoutPoi @ Yantar (236 RU)
[10:42:59] [TASK] Taras → AcceptMission [ScoutPoi] (goal=AcceptMission)
[10:42:59] [GOAL] Taras achieved AcceptMission
[10:42:59] [MISSION] Dmytro accepted ScoutPoi @ Yantar (236 RU)
[10:42:59] [TASK] Dmytro → AcceptMission [ScoutPoi] (goal=AcceptMission)
[10:42:59] [GOAL] Dmytro achieved AcceptMission
[10:42:59] [MISSION] Mykola accepted ScoutPoi @ Meadow (164 RU)
[10:42:59] [TASK] Mykola → AcceptMission [ScoutPoi] (goal=AcceptMission)
[10:42:59] [GOAL] Mykola achieved AcceptMission
[10:42:59] [MISSION] Damir accepted ScoutPoi @ Chernobyl Town (200 RU)
[10:42:59] [TASK] Damir → AcceptMission [ScoutPoi] (goal=AcceptMission)
[10:42:59] [GOAL] Damir achieved AcceptMission
[10:42:59] [MISSION] Serhiy accepted ScoutPoi @ Cordon (160 RU)
[10:42:59] [TASK] Serhiy → AcceptMission [ScoutPoi] (goal=AcceptMission)
[10:42:59] [GOAL] Serhiy achieved AcceptMission
[10:42:59] [MISSION] Dmitri accepted ScoutPoi @ Meadow (164 RU)
[10:42:59] [TASK] Dmitri → AcceptMission [ScoutPoi] (goal=AcceptMission)
[10:42:59] [GOAL] Dmitri achieved AcceptMission
[10:42:59] [MISSION] Nikolai accepted ScoutPoi @ Kopachi (196 RU)
[10:42:59] [TASK] Nikolai → AcceptMission [ScoutPoi] (goal=AcceptMission)
[10:42:59] [GOAL] Nikolai achieved AcceptMission
[10:42:59] [MISSION] Andriy accepted ScoutPoi @ Wild Territory (164 RU)
[10:42:59] [TASK] Andriy → AcceptMission [ScoutPoi] (goal=AcceptMission)
[10:42:59] [GOAL] Andriy achieved AcceptMission
[10:42:59] [MISSION] Oleg accepted ScoutPoi @ Yantar (236 RU)
[10:42:59] [TASK] Oleg → AcceptMission [ScoutPoi] (goal=AcceptMission)
[10:42:59] [GOAL] Oleg achieved AcceptMission
[10:42:59] [MISSION] Alibek accepted ScoutPoi @ Kopachi (196 RU)
[10:42:59] [TASK] Alibek → AcceptMission [ScoutPoi] (goal=AcceptMission)
[10:42:59] [GOAL] Alibek achieved AcceptMission
[10:42:59] [MISSION] Serhiy accepted ScoutPoi @ Wild Territory (164 RU)
[10:42:59] [TASK] Serhiy → AcceptMission [ScoutPoi] (goal=AcceptMission)
[10:42:59] [GOAL] Serhiy achieved AcceptMission
[10:42:59] [MISSION] Karl accepted ScoutPoi @ Zalissya (184 RU)
[10:42:59] [TASK] Karl → AcceptMission [ScoutPoi] (goal=AcceptMission)
[10:42:59] [GOAL] Karl achieved AcceptMission
[10:42:59] [MISSION] Ivan accepted ScoutPoi @ Cordon (160 RU)
[10:42:59] [TASK] Ivan → AcceptMission [ScoutPoi] (goal=AcceptMission)
[10:42:59] [GOAL] Ivan achieved AcceptMission
[10:42:59] [MISSION] Dmytro accepted ScoutPoi @ Cordon (160 RU)
[10:42:59] [TASK] Dmytro → AcceptMission [ScoutPoi] (goal=AcceptMission)
[10:42:59] [GOAL] Dmytro achieved AcceptMission
[10:42:59] [MISSION] Andriy accepted ScoutPoi @ Zalissya (184 RU)
[10:42:59] [TASK] Andriy → AcceptMission [ScoutPoi] (goal=AcceptMission)
[10:42:59] [GOAL] Andriy achieved AcceptMission
[10:42:59] [MISSION] Alexei accepted ScoutPoi @ Chernobyl Town (200 RU)
[10:42:59] [TASK] Alexei → AcceptMission [ScoutPoi] (goal=AcceptMission)
[10:42:59] [GOAL] Alexei achieved AcceptMission
[10:42:59] [MISSION] Ivan accepted ScoutPoi @ Radar (Brain Scorcher) (236 RU)
[10:42:59] [TASK] Ivan → AcceptMission [ScoutPoi] (goal=AcceptMission)
[10:42:59] [GOAL] Ivan achieved AcceptMission
[10:42:59] [MISSION] Nodar accepted ScoutPoi @ Radar (Brain Scorcher) (236 RU)
[10:42:59] [TASK] Nodar → AcceptMission [ScoutPoi] (goal=AcceptMission)
[10:42:59] [GOAL] Nodar achieved AcceptMission
[10:42:59] [MISSION] Viktor accepted ScoutPoi @ Zalissya (184 RU)
[10:42:59] [TASK] Viktor → AcceptMission [ScoutPoi] (goal=AcceptMission)
[10:42:59] [GOAL] Viktor achieved AcceptMission
[10:42:59] [MISSION] Mykola accepted ScoutPoi @ Cordon (160 RU)
[10:42:59] [TASK] Mykola → AcceptMission [ScoutPoi] (goal=AcceptMission)
[10:42:59] [GOAL] Mykola achieved AcceptMission
[10:42:59] [MISSION] Alexei accepted ScoutPoi @ Chernobyl Town (200 RU)
[10:42:59] [TASK] Alexei → AcceptMission [ScoutPoi] (goal=AcceptMission)
[10:42:59] [GOAL] Alexei achieved AcceptMission
[10:42:59] [MISSION] Andrei accepted ScoutPoi @ Zalissya (184 RU)
[10:42:59] [TASK] Andrei → AcceptMission [ScoutPoi] (goal=AcceptMission)
[10:42:59] [GOAL] Andrei achieved AcceptMission
[10:42:59] [MISSION] Nodar accepted ScoutPoi @ Chernobyl Town (200 RU)
[10:42:59] [TASK] Nodar → AcceptMission [ScoutPoi] (goal=AcceptMission)
[10:42:59] [GOAL] Nodar achieved AcceptMission
[10:42:59] [MISSION] Alibek accepted ScoutPoi @ Chernobyl Town (200 RU)
[10:42:59] [TASK] Alibek → AcceptMission [ScoutPoi] (goal=AcceptMission)
[10:42:59] [GOAL] Alibek achieved AcceptMission
[10:42:59] [MISSION] Pavel accepted ScoutPoi @ Zalissya (184 RU)
[10:42:59] [TASK] Pavel → AcceptMission [ScoutPoi] (goal=AcceptMission)
[10:42:59] [GOAL] Pavel achieved AcceptMission
[10:42:59] [MISSION] Igor accepted ScoutPoi @ Wild Territory (164 RU)
[10:42:59] [TASK] Igor → AcceptMission [ScoutPoi] (goal=AcceptMission)
[10:42:59] [GOAL] Igor achieved AcceptMission
[10:42:59] [MISSION] Timur accepted ScoutPoi @ Cordon (160 RU)
[10:42:59] [TASK] Timur → AcceptMission [ScoutPoi] (goal=AcceptMission)
[10:42:59] [GOAL] Timur achieved AcceptMission
[10:42:59] [MISSION] Andrei accepted ScoutPoi @ Chernobyl Town (200 RU)
[10:42:59] [TASK] Andrei → AcceptMission [ScoutPoi] (goal=AcceptMission)
[10:42:59] [GOAL] Andrei achieved AcceptMission
[10:42:59] [MISSION] Dmitri accepted ScoutPoi @ Red Forest (196 RU)
[10:42:59] [TASK] Dmitri → AcceptMission [ScoutPoi] (goal=AcceptMission)
[10:42:59] [GOAL] Dmitri achieved AcceptMission
[10:42:59] [MISSION] Oleg accepted ScoutPoi @ Wild Territory (164 RU)
[10:42:59] [TASK] Oleg → AcceptMission [ScoutPoi] (goal=AcceptMission)
[10:42:59] [GOAL] Oleg achieved AcceptMission
[10:42:59] [MISSION] Viktor accepted ScoutPoi @ Radar (Brain Scorcher) (236 RU)
[10:42:59] [TASK] Viktor → AcceptMission [ScoutPoi] (goal=AcceptMission)
[10:42:59] [GOAL] Viktor achieved AcceptMission
[10:42:59] [MISSION] Oleksiy accepted ScoutPoi @ Radar (Brain Scorcher) (236 RU)
[10:42:59] [TASK] Oleksiy → AcceptMission [ScoutPoi] (goal=AcceptMission)
[10:42:59] [GOAL] Oleksiy achieved AcceptMission
[10:42:59] [MISSION] Dmytro accepted ScoutPoi @ Red Forest (196 RU)
[10:42:59] [TASK] Dmytro → AcceptMission [ScoutPoi] (goal=AcceptMission)
[10:42:59] [GOAL] Dmytro achieved AcceptMission
[10:42:59] [MISSION] Giorgi accepted ScoutPoi @ Zalissya (184 RU)
[10:42:59] [TASK] Giorgi → AcceptMission [ScoutPoi] (goal=AcceptMission)
[10:42:59] [GOAL] Giorgi achieved AcceptMission
[10:42:59] [MISSION] Ivan accepted ScoutPoi @ Zalissya (184 RU)
[10:42:59] [TASK] Ivan → AcceptMission [ScoutPoi] (goal=AcceptMission)
[10:42:59] [GOAL] Ivan achieved AcceptMission
[10:42:59] [MISSION] Jake accepted ScoutPoi @ Cordon (160 RU)
[10:42:59] [TASK] Jake → AcceptMission [ScoutPoi] (goal=AcceptMission)
[10:42:59] [GOAL] Jake achieved AcceptMission
[10:42:59] [MISSION] Viktor accepted ScoutPoi @ Red Forest (196 RU)
[10:42:59] [TASK] Viktor → AcceptMission [ScoutPoi] (goal=AcceptMission)
[10:42:59] [GOAL] Viktor achieved AcceptMission
[10:42:59] [MISSION] Dmitri accepted ScoutPoi @ Yantar (236 RU)
[10:42:59] [TASK] Dmitri → AcceptMission [ScoutPoi] (goal=AcceptMission)
[10:42:59] [GOAL] Dmitri achieved AcceptMission
[10:42:59] [MISSION] Oleg accepted ScoutPoi @ Chernobyl Town (200 RU)
[10:42:59] [TASK] Oleg → AcceptMission [ScoutPoi] (goal=AcceptMission)
[10:42:59] [GOAL] Oleg achieved AcceptMission
[10:42:59] [MISSION] Yuriy accepted ScoutPoi @ Kopachi (196 RU)
[10:42:59] [TASK] Yuriy → AcceptMission [ScoutPoi] (goal=AcceptMission)
[10:42:59] [GOAL] Yuriy achieved AcceptMission
[10:42:59] [MISSION] Mykola accepted ScoutPoi @ Red Forest (196 RU)
[10:42:59] [TASK] Mykola → AcceptMission [ScoutPoi] (goal=AcceptMission)
[10:42:59] [GOAL] Mykola achieved AcceptMission
[10:42:59] [MISSION] Bohdan accepted ScoutPoi @ Kopachi (196 RU)
[10:42:59] [TASK] Bohdan → AcceptMission [ScoutPoi] (goal=AcceptMission)
[10:42:59] [GOAL] Bohdan achieved AcceptMission
[10:42:59] [MISSION] Bohdan accepted ScoutPoi @ Meadow (164 RU)
[10:42:59] [TASK] Bohdan → AcceptMission [ScoutPoi] (goal=AcceptMission)
[10:42:59] [GOAL] Bohdan achieved AcceptMission
[10:42:59] [MISSION] Bohdan accepted ScoutPoi @ Cordon (160 RU)
[10:42:59] [TASK] Bohdan → AcceptMission [ScoutPoi] (goal=AcceptMission)
[10:42:59] [GOAL] Bohdan achieved AcceptMission
[10:42:59] [MISSION] Mykola accepted ScoutPoi @ Kopachi (196 RU)
[10:42:59] [TASK] Mykola → AcceptMission [ScoutPoi] (goal=AcceptMission)
[10:42:59] [GOAL] Mykola achieved AcceptMission
[10:42:59] [MISSION] Viktor accepted ScoutPoi @ Yantar (236 RU)
[10:42:59] [TASK] Viktor → AcceptMission [ScoutPoi] (goal=AcceptMission)
[10:42:59] [GOAL] Viktor achieved AcceptMission
[10:42:59] [MISSION] Bohdan accepted ScoutPoi @ Cordon (160 RU)
[10:42:59] [TASK] Bohdan → AcceptMission [ScoutPoi] (goal=AcceptMission)
[10:42:59] [GOAL] Bohdan achieved AcceptMission
[10:42:59] [MISSION] Alexei accepted ScoutPoi @ Cordon (160 RU)
[10:42:59] [TASK] Alexei → AcceptMission [ScoutPoi] (goal=AcceptMission)
[10:42:59] [GOAL] Alexei achieved AcceptMission
[10:42:59] [MISSION] Oleksiy accepted ScoutPoi @ Meadow (164 RU)
[10:42:59] [TASK] Oleksiy → AcceptMission [ScoutPoi] (goal=AcceptMission)
[10:42:59] [GOAL] Oleksiy achieved AcceptMission
[10:42:59] [MISSION] Nikolai accepted ScoutPoi @ Meadow (164 RU)
[10:42:59] [TASK] Nikolai → AcceptMission [ScoutPoi] (goal=AcceptMission)
[10:42:59] [GOAL] Nikolai achieved AcceptMission
[10:42:59] [MISSION] Yuriy accepted ScoutPoi @ Zalissya (184 RU)
[10:42:59] [TASK] Yuriy → AcceptMission [ScoutPoi] (goal=AcceptMission)
[10:42:59] [GOAL] Yuriy achieved AcceptMission
[10:42:59] [MISSION] Mykola accepted ScoutPoi @ Jupiter (Pripyat Industrial) (236 RU)
[10:42:59] [TASK] Mykola → AcceptMission [ScoutPoi] (goal=AcceptMission)
[10:42:59] [GOAL] Mykola achieved AcceptMission
[10:42:59] [MISSION] Taras accepted ScoutPoi @ Red Forest (196 RU)
[10:42:59] [TASK] Taras → AcceptMission [ScoutPoi] (goal=AcceptMission)
[10:42:59] [GOAL] Taras achieved AcceptMission
[10:42:59] [MISSION] Ivan accepted ScoutPoi @ Red Forest (196 RU)
[10:42:59] [TASK] Ivan → AcceptMission [ScoutPoi] (goal=AcceptMission)
[10:42:59] [GOAL] Ivan achieved AcceptMission
[10:42:59] [MISSION] Viktor accepted ScoutPoi @ Red Forest (196 RU)
[10:42:59] [TASK] Viktor → AcceptMission [ScoutPoi] (goal=AcceptMission)
[10:42:59] [GOAL] Viktor achieved AcceptMission
[10:42:59] [MISSION] Igor accepted ScoutPoi @ Kopachi (196 RU)
[10:42:59] [TASK] Igor → AcceptMission [ScoutPoi] (goal=AcceptMission)
[10:42:59] [GOAL] Igor achieved AcceptMission
[10:42:59] [MISSION] Mikhail accepted ScoutPoi @ Red Forest (196 RU)
[10:42:59] [TASK] Mikhail → AcceptMission [ScoutPoi] (goal=AcceptMission)
[10:42:59] [GOAL] Mikhail achieved AcceptMission
[10:42:59] [MISSION] Zura accepted ScoutPoi @ Kopachi (196 RU)
[10:42:59] [TASK] Zura → AcceptMission [ScoutPoi] (goal=AcceptMission)
[10:42:59] [GOAL] Zura achieved AcceptMission
[10:42:59] [MISSION] Dmytro accepted ScoutPoi @ Cordon (160 RU)
[10:42:59] [TASK] Dmytro → AcceptMission [ScoutPoi] (goal=AcceptMission)
[10:42:59] [GOAL] Dmytro achieved AcceptMission
[10:42:59] [MISSION] Vasyl accepted ScoutPoi @ Meadow (164 RU)
[10:42:59] [TASK] Vasyl → AcceptMission [ScoutPoi] (goal=AcceptMission)
[10:42:59] [GOAL] Vasyl achieved AcceptMission
[10:42:59] [MISSION] Andriy accepted ScoutPoi @ Kopachi (196 RU)
[10:42:59] [TASK] Andriy → AcceptMission [ScoutPoi] (goal=AcceptMission)
[10:42:59] [GOAL] Andriy achieved AcceptMission
[10:42:59] [MISSION] Bohdan accepted ScoutPoi @ Red Forest (196 RU)
[10:42:59] [TASK] Bohdan → AcceptMission [ScoutPoi] (goal=AcceptMission)
[10:42:59] [GOAL] Bohdan achieved AcceptMission
[10:42:59] [MISSION] Pavel accepted ScoutPoi @ Chernobyl Town (200 RU)
[10:42:59] [TASK] Pavel → AcceptMission [ScoutPoi] (goal=AcceptMission)
[10:42:59] [GOAL] Pavel achieved AcceptMission
[10:42:59] [MISSION] Taras accepted ScoutPoi @ Red Forest (196 RU)
[10:42:59] [TASK] Taras → AcceptMission [ScoutPoi] (goal=AcceptMission)
[10:42:59] [GOAL] Taras achieved AcceptMission
[10:42:59] [MISSION] Viktor accepted ScoutPoi @ Meadow (164 RU)
[10:42:59] [TASK] Viktor → AcceptMission [ScoutPoi] (goal=AcceptMission)
[10:42:59] [GOAL] Viktor achieved AcceptMission
[10:42:59] [MISSION] Bakhyt accepted ScoutPoi @ Radar (Brain Scorcher) (236 RU)
[10:42:59] [TASK] Bakhyt → AcceptMission [ScoutPoi] (goal=AcceptMission)
[10:42:59] [GOAL] Bakhyt achieved AcceptMission
[10:42:59] [MISSION] Mykola accepted ScoutPoi @ Meadow (164 RU)
[10:42:59] [TASK] Mykola → AcceptMission [ScoutPoi] (goal=AcceptMission)
[10:42:59] [GOAL] Mykola achieved AcceptMission
[10:42:59] [MISSION] Armen accepted ScoutPoi @ Cordon (160 RU)
[10:42:59] [TASK] Armen → AcceptMission [ScoutPoi] (goal=AcceptMission)
[10:42:59] [GOAL] Armen achieved AcceptMission
[10:42:59] [MISSION] Dmitri accepted ScoutPoi @ Wild Territory (164 RU)
[10:42:59] [TASK] Dmitri → AcceptMission [ScoutPoi] (goal=AcceptMission)
[10:42:59] [GOAL] Dmitri achieved AcceptMission
[10:43:12] [SPAWN] Trickle +4 stalkers, +0 mutants
[10:43:12] [MISSION] Oleksiy accepted ScoutPoi @ Zaton (184 RU)
[10:43:12] [TASK] Oleksiy → AcceptMission [ScoutPoi] (goal=AcceptMission)
[10:43:12] [GOAL] Oleksiy achieved AcceptMission
[10:43:12] [MISSION] Taras accepted ScoutPoi @ Sarcophagus (184 RU)
[10:43:12] [TASK] Taras → AcceptMission [ScoutPoi] (goal=AcceptMission)
[10:43:12] [GOAL] Taras achieved AcceptMission
[10:43:15] [COMBAT] Dmitri Popov 'Stitch' killed Fracture using wpn_aksu
[10:43:15] [CORPSE] Despawned 29 bodies (lifetime=1067)
[10:43:25] [SPAWN] Trickle +0 stalkers, +1 mutants
[10:43:27] [SNAPSHOT] real=16.9min game=D0 00:37 alive S=330 M=231 corpses=992 lootable=480 gammaGear out=179 helm=288 avgRU=1010 leaderGoals trade=0 mission=76 emission=Dormant nextIn=66gmin desperate=3 hungry=0 interval deaths=4 combats=5 tasks=230 gearLoot=0 gearBuy=0 missions=151 corpseDespawn=29 trickleSpawns=5 ranks=[Rookie:249,Trainee:34,Experienced:25,Professional:16,Veteran:5,Expert:1] goals=[Idle:96,CompleteMission::76,Traveling:2] leaders: Sergei[Rookie/Idle], Nodar[Rookie/CompleteMission:], Oleksiy[Trainee/CompleteMission:], Dmytro[Rookie/Idle], Damir[Rookie/Idle]
[10:43:28] [SPAWN] Trickle +0 stalkers, +1 mutants
[10:43:28] [CORPSE] Despawned 27 bodies (lifetime=1094)
[10:43:28] [COMBAT] Dmytro Volkov 'Viper' killed Poltergeist using wpn_aksu
[10:43:28] [COMBAT] Vasyl Sokolov 'Shadow' killed Flesh using wpn_fn2000
[10:43:31] [COMBAT] Zura Kovalenko 'Razor' killed Chimera using wpn_vintorez
[10:43:33] [COMBAT] Oleg Ivanov 'Ash' killed Fracture using wpn_ak74
[10:43:34] [COMBAT] Armen Popov 'Fox' killed Pseudodog using wpn_ak74
[10:43:35] [COMBAT] Heinrich Petrenko 'Badger' killed Controller using wpn_m4a1
[10:43:36] [COMBAT] Nikolai Melnyk 'Fox' killed Flesh using wpn_gauss
[10:43:41] [CORPSE] Despawned 31 bodies (lifetime=1125)
[10:43:42] [COMBAT] Oleksiy Popov 'Shadow' killed Dmytro Ivanov 'Badger' using wpn_mp5
[10:43:42] [GEAR] Oleksiy looted [arm_exo, helm_helm_ranger] via combat
[10:43:48] [COMBAT] Igor Petrov 'Viper' killed Dog using wpn_ak74
[10:43:53] [SPAWN] Trickle +1 stalkers, +0 mutants
[10:43:53] [MISSION] Damir accepted ScoutPoi @ Dark Valley (168 RU)
[10:43:53] [TASK] Damir → AcceptMission [ScoutPoi] (goal=AcceptMission)
[10:43:53] [GOAL] Damir achieved AcceptMission
[10:43:54] [COMBAT] Mykola Sokolov 'Crow' killed Lurker using wpn_ak74
[10:43:54] [CORPSE] Despawned 25 bodies (lifetime=1150)
[10:43:55] [COMBAT] Dmytro Petrenko 'Crow' killed Oleksiy Popov 'Shadow' using wpn_gauss
[10:43:55] [GEAR] Dmytro looted [wpn_fort12] via combat
[10:43:58] [SNAPSHOT] real=17.4min game=D0 00:39 alive S=325 M=223 corpses=924 lootable=430 gammaGear out=176 helm=283 avgRU=1008 leaderGoals trade=0 mission=74 emission=Dormant nextIn=65gmin desperate=3 hungry=0 interval deaths=6 combats=15 tasks=1 gearLoot=2 gearBuy=0 missions=1 corpseDespawn=83 trickleSpawns=2 ranks=[Rookie:246,Trainee:34,Experienced:23,Professional:16,Veteran:5,Expert:1] goals=[Idle:95,CompleteMission::74,Traveling:2] leaders: Sergei[Rookie/Idle], Nodar[Rookie/CompleteMission:], Oleksiy[Trainee/CompleteMission:], Dmytro[Rookie/Idle], Damir[Rookie/Idle]
[10:44:07] [CORPSE] Despawned 25 bodies (lifetime=1175)
[10:44:18] [COMBAT] Ivan Melnyk 'The Nail' killed Bloodsucker using wpn_pkm
[10:44:20] [CORPSE] Despawned 44 bodies (lifetime=1219)
[10:44:25] [SPAWN] Trickle +5 stalkers, +0 mutants
[10:44:25] [MISSION] Dmytro accepted ScoutPoi @ Sarcophagus (184 RU)
[10:44:25] [TASK] Dmytro → AcceptMission [ScoutPoi] (goal=AcceptMission)
[10:44:25] [GOAL] Dmytro achieved AcceptMission
[10:44:25] [MISSION] Bohdan accepted ScoutPoi @ Zalissya (184 RU)
[10:44:25] [TASK] Bohdan → AcceptMission [ScoutPoi] (goal=AcceptMission)
[10:44:25] [GOAL] Bohdan achieved AcceptMission
[10:44:25] [MISSION] Mikhail accepted ScoutPoi @ Rostok (190 RU)
[10:44:25] [TASK] Mikhail → AcceptMission [ScoutPoi] (goal=AcceptMission)
[10:44:25] [GOAL] Mikhail achieved AcceptMission
[10:44:27] [COMBAT] Frank Petrov 'Phantom' killed Pseudodog using wpn_aksu
[10:44:27] [COMBAT] Yuriy Shevchenko 'Stitch' killed Vasyl Popov 'Raven' using wpn_toz34
[10:44:29] [MISSION] Pavel accepted ScoutPoi @ Zalissya (184 RU)
[10:44:29] [TASK] Pavel → AcceptMission [ScoutPoi] (goal=AcceptMission)
[10:44:29] [GOAL] Pavel achieved AcceptMission
[10:44:29] [SNAPSHOT] real=17.9min game=D0 00:40 alive S=323 M=221 corpses=864 lootable=386 gammaGear out=175 helm=279 avgRU=1006 leaderGoals trade=0 mission=76 emission=Dormant nextIn=64gmin desperate=3 hungry=0 interval deaths=7 combats=9 tasks=4 gearLoot=0 gearBuy=0 missions=4 corpseDespawn=69 trickleSpawns=5 ranks=[Rookie:246,Trainee:33,Experienced:22,Professional:16,Veteran:5,Expert:1] goals=[Idle:95,CompleteMission::76,Traveling:2] leaders: Sergei[Rookie/Idle], Nodar[Rookie/CompleteMission:], Oleksiy[Trainee/CompleteMission:], Dmytro[Rookie/Idle], Damir[Rookie/Idle]
[10:44:30] [COMBAT] Bohdan Popov 'Crow' killed Andrei Bondarenko 'Crow' using wpn_gauss
[10:44:32] [COMBAT] Damir Popov 'Viper' killed Dog using wpn_fort12
[10:44:32] [COMBAT] Ivan Shevchenko 'Scar' killed Pseudodog using wpn_fn2000
[10:44:33] [COMBAT] Dmitri Bondarenko 'Phantom' killed Chimera using wpn_fn2000
[10:44:33] [SPAWN] Trickle +0 stalkers, +1 mutants
[10:44:33] [CORPSE] Despawned 45 bodies (lifetime=1264)
[10:44:35] [SPAWN] Trickle +3 stalkers, +0 mutants
[10:44:35] [COMBAT] Dmytro Sokolov 'Badger' killed Tushkano using wpn_aksu
[10:44:35] [COMBAT] Ivan Melnyk 'Viper' killed Snork using wpn_pkm
[10:44:36] [SPAWN] Trickle +1 stalkers, +0 mutants
[10:44:36] [MISSION] Andrei accepted ScoutPoi @ Sarcophagus (184 RU)
[10:44:36] [TASK] Andrei → AcceptMission [ScoutPoi] (goal=AcceptMission)
[10:44:36] [GOAL] Andrei achieved AcceptMission
[10:44:36] [COMBAT] Sergei Kovalenko 'Spark' killed Mikhail Popov 'Raven' using wpn_pkm
[10:44:36] [GEAR] Sergei looted [helm_helm_respirator_gp5] via combat
[10:44:36] [COMBAT] Marcus Volkov 'Phantom' killed Bohdan Volkov 'Phantom' using wpn_ak74
[10:44:41] [COMBAT] Igor Petrenko 'Ghost' killed Lurker using wpn_gauss
[10:44:41] [COMBAT] Nikolai Bondarenko 'Razor' killed Snork using wpn_gauss
[10:44:44] [SPAWN] Trickle +0 stalkers, +1 mutants
[10:44:44] [COMBAT] Pavel Shevchenko 'Ash' killed Damir Popov 'Viper' using wpn_pm
[10:44:44] [GEAR] Pavel looted [wpn_fort12] via combat
[10:44:46] [CORPSE] Despawned 75 bodies (lifetime=1339)
[10:44:55] [COMBAT] Connor Volkov 'Lucky' killed Lurker using wpn_rg6
[10:44:58] [SPAWN] Trickle +4 stalkers, +0 mutants
[10:44:58] [MISSION] Ivan accepted ScoutPoi @ Dark Valley (168 RU)
[10:44:58] [TASK] Ivan → AcceptMission [ScoutPoi] (goal=AcceptMission)
[10:44:58] [GOAL] Ivan achieved AcceptMission
[10:44:59] [CORPSE] Despawned 49 bodies (lifetime=1388)
[10:45:00] [COMBAT] Dmitri Bondarenko 'Phantom' killed Burer using wpn_aksu
[10:45:01] [SNAPSHOT] real=18.5min game=D0 00:41 alive S=319 M=214 corpses=716 lootable=264 gammaGear out=168 helm=277 avgRU=1008 leaderGoals trade=0 mission=75 emission=Dormant nextIn=63gmin desperate=3 hungry=0 interval deaths=12 combats=21 tasks=2 gearLoot=2 gearBuy=0 missions=2 corpseDespawn=169 trickleSpawns=10 ranks=[Rookie:242,Trainee:33,Experienced:22,Professional:16,Veteran:5,Expert:1] goals=[Idle:96,CompleteMission::75,Traveling:1] leaders: Sergei[Rookie/Idle], Nodar[Rookie/CompleteMission:], Oleksiy[Trainee/CompleteMission:], Dmytro[Rookie/Idle], Damir[Rookie/Idle]
[10:45:07] [COMBAT] Marcus Kovalenko 'Spark' killed Fracture using wpn_g36
[10:45:12] [CORPSE] Despawned 57 bodies (lifetime=1445)
[10:45:25] [CORPSE] Despawned 30 bodies (lifetime=1475)
[10:45:32] [SNAPSHOT] real=19.0min game=D0 00:42 alive S=315 M=213 corpses=634 lootable=202 gammaGear out=167 helm=273 avgRU=1007 leaderGoals trade=0 mission=73 emission=Dormant nextIn=62gmin desperate=3 hungry=0 interval deaths=4 combats=5 tasks=0 gearLoot=0 gearBuy=0 missions=0 corpseDespawn=87 trickleSpawns=0 ranks=[Rookie:240,Trainee:31,Experienced:22,Professional:16,Veteran:5,Expert:1] goals=[Idle:97,CompleteMission::73] leaders: Sergei[Rookie/Idle], Nodar[Rookie/CompleteMission:], Oleksiy[Trainee/CompleteMission:], Dmytro[Rookie/Idle], Damir[Rookie/Idle]
[10:45:34] [COMBAT] Oleg Melnyk 'Jackal' killed Snork using wpn_gauss
[10:45:38] [CORPSE] Despawned 19 bodies (lifetime=1494)
[10:45:40] [COMBAT] Sergei Shevchenko 'Scar' killed Flesh using wpn_toz34
[10:45:47] [COMBAT] Mykola Shevchenko 'Razor' killed Fracture using wpn_vintorez
[10:45:51] [CORPSE] Despawned 24 bodies (lifetime=1518)
[10:45:57] [COMBAT] Lars Petrenko 'Raven' killed Snork using wpn_val
[10:45:59] [COMBAT] Sergei Shevchenko 'Scar' killed Boar using wpn_toz34
[10:46:00] [SPAWN] Trickle +4 stalkers, +0 mutants
[10:46:00] [MISSION] Mikhail accepted ScoutPoi @ Great Swamps (168 RU)
[10:46:00] [TASK] Mikhail → AcceptMission [ScoutPoi] (goal=AcceptMission)
[10:46:00] [GOAL] Mikhail achieved AcceptMission
[10:46:00] [MISSION] Pavel accepted ScoutPoi @ Dark Valley (168 RU)
[10:46:00] [TASK] Pavel → AcceptMission [ScoutPoi] (goal=AcceptMission)
[10:46:00] [GOAL] Pavel achieved AcceptMission
[10:46:03] [SNAPSHOT] real=19.5min game=D0 00:43 alive S=315 M=208 corpses=600 lootable=179 gammaGear out=168 helm=271 avgRU=1001 leaderGoals trade=0 mission=72 emission=Dormant nextIn=60gmin desperate=3 hungry=0 interval deaths=4 combats=9 tasks=2 gearLoot=0 gearBuy=0 missions=2 corpseDespawn=43 trickleSpawns=4 ranks=[Rookie:242,Trainee:31,Experienced:21,Professional:15,Veteran:5,Expert:1] goals=[Idle:97,CompleteMission::72] leaders: Sergei[Rookie/Idle], Nodar[Rookie/CompleteMission:], Oleksiy[Trainee/CompleteMission:], Dmytro[Rookie/Idle], Damir[Rookie/Idle]
[10:46:04] [CORPSE] Despawned 15 bodies (lifetime=1533)
[10:46:07] [COMBAT] Sergei Kovalenko 'Stitch' killed Nikolai Sokolov 'The Butcher' using wpn_mp5
[10:46:11] [COMBAT] Karl Kovalenko 'Ash' killed Sergei Shevchenko 'Scar' using wpn_toz34
[10:46:15] [COMBAT] Marcus Popov 'Spark' killed Bloodsucker using wpn_aksu
[10:46:16] [SPAWN] Trickle +1 stalkers, +0 mutants
[10:46:17] [CORPSE] Despawned 22 bodies (lifetime=1555)
[10:46:19] [COMBAT] Igor Popov 'Shadow' killed Pavel Petrov 'Ghost' using wpn_svd
[10:46:19] [GEAR] Igor looted [wpn_pb, helm_helm_respirator_old] via combat
[10:46:21] [SPAWN] Trickle +4 stalkers, +0 mutants
[10:46:21] [MISSION] Bohdan accepted ScoutPoi @ Red Forest (196 RU)
[10:46:21] [TASK] Bohdan → AcceptMission [ScoutPoi] (goal=AcceptMission)
[10:46:21] [GOAL] Bohdan achieved AcceptMission
[10:46:21] [COMBAT] Dmytro Petrov 'Shadow' killed Oleksiy Petrov 'Scar' using wpn_gauss
[10:46:23] [COMBAT] Oleksiy Petrov 'Spark' killed Nikolai Melnyk 'Stitch' using wpn_ak74
[10:46:24] [COMBAT] Mikhail Volkov 'Stitch' killed Flesh using wpn_lr300
[10:46:30] [SPAWN] Trickle +1 stalkers, +0 mutants
[10:46:30] [CORPSE] Despawned 62 bodies (lifetime=1617)
[10:46:30] [MISSION] Frank accepted ScoutPoi @ Truck Cemetery (210 RU)
[10:46:30] [TASK] Frank → AcceptMission [ScoutPoi] (goal=AcceptMission)
[10:46:30] [GOAL] Frank achieved AcceptMission
[10:46:33] [MISSION] Taras arrived for ScoutPoi @ Mutant Den #1 near Rostok (travel=1278m, work=346s game)
[10:46:33] [SPAWN] Trickle +0 stalkers, +1 mutants
[10:46:33] [SNAPSHOT] real=20.0min game=D0 00:45 alive S=314 M=207 corpses=510 lootable=162 gammaGear out=167 helm=271 avgRU=999 leaderGoals trade=0 mission=72 emission=Dormant nextIn=59gmin desperate=3 hungry=0 interval deaths=7 combats=9 tasks=2 gearLoot=1 gearBuy=0 missions=2 corpseDespawn=99 trickleSpawns=7 ranks=[Rookie:242,Trainee:31,Experienced:20,Professional:15,Veteran:5,Expert:1] goals=[Idle:98,CompleteMission::72] leaders: Andriy[Rookie/Idle], Sergei[Rookie/Idle], Nodar[Rookie/CompleteMission:], Oleksiy[Trainee/CompleteMission:], Dmytro[Rookie/Idle]
[10:46:35] [TASK] Taras → FulfillMission [ScoutPoi] (goal=CompleteMission)
[10:46:35] [MISSION] Taras objective done ScoutPoi @ Mutant Den #1 near Rostok → return to Sarcophagus
[10:46:35] [TASK] Nikolai → FulfillMission [ScoutPoi] (goal=CompleteMission)
[10:46:35] [MISSION] Nikolai objective done ScoutPoi @ Ruined Garage → return to Kopachi
[10:46:35] [TASK] Andriy → FulfillMission [ScoutPoi] (goal=CompleteMission)
[10:46:35] [MISSION] Andriy objective done ScoutPoi @ Forgotten Shelter → return to Wild Territory
[10:46:35] [TASK] Alibek → FulfillMission [ScoutPoi] (goal=CompleteMission)
[10:46:35] [MISSION] Alibek objective done ScoutPoi @ Ruined Garage → return to Kopachi
[10:46:35] [TASK] Serhiy → FulfillMission [ScoutPoi] (goal=CompleteMission)
[10:46:35] [MISSION] Serhiy objective done ScoutPoi @ Forgotten Shelter → return to Wild Territory
[10:46:35] [TASK] Karl → FulfillMission [ScoutPoi] (goal=CompleteMission)
[10:46:35] [MISSION] Karl objective done ScoutPoi @ Forgotten Pillbox → return to Zalissya
[10:46:35] [TASK] Ivan → FulfillMission [ScoutPoi] (goal=CompleteMission)
[10:46:35] [MISSION] Ivan objective done ScoutPoi @ Abandoned Hut → return to Cordon
[10:46:35] [TASK] Dmytro → FulfillMission [ScoutPoi] (goal=CompleteMission)
[10:46:35] [MISSION] Dmytro objective done ScoutPoi @ Abandoned Hut → return to Cordon
[10:46:35] [TASK] Andriy → FulfillMission [ScoutPoi] (goal=CompleteMission)
[10:46:35] [MISSION] Andriy objective done ScoutPoi @ Forgotten Pillbox → return to Zalissya
[10:46:35] [TASK] Alexei → FulfillMission [ScoutPoi] (goal=CompleteMission)
[10:46:35] [MISSION] Alexei objective done ScoutPoi @ Makeshift Outpost → return to Chernobyl Town
[10:46:35] [TASK] Nodar → FulfillMission [ScoutPoi] (goal=CompleteMission)
[10:46:35] [MISSION] Nodar objective done ScoutPoi @ Windswept Cabin → return to Radar (Brain Scorcher)
[10:46:35] [TASK] Pavel → FulfillMission [ScoutPoi] (goal=CompleteMission)
[10:46:35] [MISSION] Pavel objective done ScoutPoi @ Forgotten Pillbox → return to Zalissya
[10:46:35] [TASK] Mykola → FulfillMission [ScoutPoi] (goal=CompleteMission)
[10:46:35] [MISSION] Mykola objective done ScoutPoi @ Abandoned Hut → return to Cordon
[10:46:35] [TASK] Alexei → FulfillMission [ScoutPoi] (goal=CompleteMission)
[10:46:35] [MISSION] Alexei objective done ScoutPoi @ Makeshift Outpost → return to Chernobyl Town
[10:46:35] [TASK] Andrei → FulfillMission [ScoutPoi] (goal=CompleteMission)
[10:46:35] [MISSION] Andrei objective done ScoutPoi @ Forgotten Pillbox → return to Zalissya
[10:46:35] [TASK] Nodar → FulfillMission [ScoutPoi] (goal=CompleteMission)
[10:46:35] [MISSION] Nodar objective done ScoutPoi @ Makeshift Outpost → return to Chernobyl Town
[10:46:35] [TASK] Alibek → FulfillMission [ScoutPoi] (goal=CompleteMission)
[10:46:35] [MISSION] Alibek objective done ScoutPoi @ Makeshift Outpost → return to Chernobyl Town
[10:46:35] [TASK] Pavel → FulfillMission [ScoutPoi] (goal=CompleteMission)
[10:46:35] [MISSION] Pavel objective done ScoutPoi @ Forgotten Pillbox → return to Zalissya
[10:46:35] [TASK] Igor → FulfillMission [ScoutPoi] (goal=CompleteMission)
[10:46:35] [MISSION] Igor objective done ScoutPoi @ Forgotten Shelter → return to Wild Territory
[10:46:35] [TASK] Timur → FulfillMission [ScoutPoi] (goal=CompleteMission)
[10:46:35] [MISSION] Timur objective done ScoutPoi @ Abandoned Hut → return to Cordon
[10:46:35] [TASK] Andrei → FulfillMission [ScoutPoi] (goal=CompleteMission)
[10:46:35] [MISSION] Andrei objective done ScoutPoi @ Makeshift Outpost → return to Chernobyl Town
[10:46:35] [TASK] Dmitri → FulfillMission [ScoutPoi] (goal=CompleteMission)
[10:46:35] [MISSION] Dmitri objective done ScoutPoi @ Hidden Hut → return to Red Forest
[10:46:35] [TASK] Oleg → FulfillMission [ScoutPoi] (goal=CompleteMission)
[10:46:35] [MISSION] Oleg objective done ScoutPoi @ Forgotten Shelter → return to Wild Territory
[10:46:35] [TASK] Viktor → FulfillMission [ScoutPoi] (goal=CompleteMission)
[10:46:35] [MISSION] Viktor objective done ScoutPoi @ Windswept Cabin → return to Radar (Brain Scorcher)
[10:46:35] [TASK] Oleksiy → FulfillMission [ScoutPoi] (goal=CompleteMission)
[10:46:35] [MISSION] Oleksiy objective done ScoutPoi @ Windswept Cabin → return to Radar (Brain Scorcher)
[10:46:35] [TASK] Giorgi → FulfillMission [ScoutPoi] (goal=CompleteMission)
[10:46:35] [MISSION] Giorgi objective done ScoutPoi @ Forgotten Pillbox → return to Zalissya
[10:46:35] [TASK] Ivan → FulfillMission [ScoutPoi] (goal=CompleteMission)
[10:46:35] [MISSION] Ivan objective done ScoutPoi @ Forgotten Pillbox → return to Zalissya
[10:46:35] [TASK] Jake → FulfillMission [ScoutPoi] (goal=CompleteMission)
[10:46:35] [MISSION] Jake objective done ScoutPoi @ Abandoned Hut → return to Cordon
[10:46:35] [TASK] Viktor → FulfillMission [ScoutPoi] (goal=CompleteMission)
[10:46:35] [MISSION] Viktor objective done ScoutPoi @ Hidden Hut → return to Red Forest
[10:46:35] [TASK] Dmitri → FulfillMission [ScoutPoi] (goal=CompleteMission)
[10:46:35] [MISSION] Dmitri objective done ScoutPoi @ Loot Crate (Rostok-Truck Ce) → return to Yantar
[10:46:35] [TASK] Oleg → FulfillMission [ScoutPoi] (goal=CompleteMission)
[10:46:35] [MISSION] Oleg objective done ScoutPoi @ Makeshift Outpost → return to Chernobyl Town
[10:46:35] [TASK] Yuriy → FulfillMission [ScoutPoi] (goal=CompleteMission)
[10:46:35] [MISSION] Yuriy objective done ScoutPoi @ Ruined Garage → return to Kopachi
[10:46:35] [TASK] Mykola → FulfillMission [ScoutPoi] (goal=CompleteMission)
[10:46:35] [MISSION] Mykola objective done ScoutPoi @ Hidden Hut → return to Red Forest
[10:46:35] [TASK] Bohdan → FulfillMission [ScoutPoi] (goal=CompleteMission)
[10:46:35] [MISSION] Bohdan objective done ScoutPoi @ Ruined Garage → return to Kopachi
[10:46:35] [TASK] Bohdan → FulfillMission [ScoutPoi] (goal=CompleteMission)
[10:46:35] [MISSION] Bohdan objective done ScoutPoi @ Abandoned Bus → return to Meadow
[10:46:35] [TASK] Bohdan → FulfillMission [ScoutPoi] (goal=CompleteMission)
[10:46:35] [MISSION] Bohdan objective done ScoutPoi @ Abandoned Hut → return to Cordon
[10:46:35] [TASK] Mykola → FulfillMission [ScoutPoi] (goal=CompleteMission)
[10:46:35] [MISSION] Mykola objective done ScoutPoi @ Ruined Garage → return to Kopachi
[10:46:35] [TASK] Mikhail → FulfillMission [ScoutPoi] (goal=CompleteMission)
[10:46:35] [MISSION] Mikhail objective done ScoutPoi @ Makeshift Camp (Cordon-Meadow) → return to Great Swamps
[10:46:35] [TASK] Andrei → FulfillMission [ScoutPoi] (goal=CompleteMission)
[10:46:35] [MISSION] Andrei objective done ScoutPoi @ Mutant Den #1 near Rostok → return to Sarcophagus
[10:46:35] [TASK] Viktor → FulfillMission [ScoutPoi] (goal=CompleteMission)
[10:46:35] [MISSION] Viktor objective done ScoutPoi @ Loot Crate (Rostok-Truck Ce) → return to Yantar
[10:46:35] [TASK] Bohdan → FulfillMission [ScoutPoi] (goal=CompleteMission)
[10:46:35] [MISSION] Bohdan objective done ScoutPoi @ Abandoned Hut → return to Cordon
[10:46:35] [TASK] Alexei → FulfillMission [ScoutPoi] (goal=CompleteMission)
[10:46:35] [MISSION] Alexei objective done ScoutPoi @ Abandoned Hut → return to Cordon
[10:46:35] [TASK] Oleksiy → FulfillMission [ScoutPoi] (goal=CompleteMission)
[10:46:35] [MISSION] Oleksiy objective done ScoutPoi @ Abandoned Bus → return to Meadow
[10:46:35] [TASK] Nikolai → FulfillMission [ScoutPoi] (goal=CompleteMission)
[10:46:35] [MISSION] Nikolai objective done ScoutPoi @ Abandoned Bus → return to Meadow
[10:46:35] [TASK] Yuriy → FulfillMission [ScoutPoi] (goal=CompleteMission)
[10:46:35] [MISSION] Yuriy objective done ScoutPoi @ Forgotten Pillbox → return to Zalissya
[10:46:35] [TASK] Taras → FulfillMission [ScoutPoi] (goal=CompleteMission)
[10:46:35] [MISSION] Taras objective done ScoutPoi @ Hidden Hut → return to Red Forest
[10:46:35] [TASK] Viktor → FulfillMission [ScoutPoi] (goal=CompleteMission)
[10:46:35] [MISSION] Viktor objective done ScoutPoi @ Hidden Hut → return to Red Forest
[10:46:35] [TASK] Igor → FulfillMission [ScoutPoi] (goal=CompleteMission)
[10:46:35] [MISSION] Igor objective done ScoutPoi @ Ruined Garage → return to Kopachi
[10:46:35] [TASK] Mikhail → FulfillMission [ScoutPoi] (goal=CompleteMission)
[10:46:35] [MISSION] Mikhail objective done ScoutPoi @ Hidden Hut → return to Red Forest
[10:46:35] [TASK] Zura → FulfillMission [ScoutPoi] (goal=CompleteMission)
[10:46:35] [MISSION] Zura objective done ScoutPoi @ Ruined Garage → return to Kopachi
[10:46:35] [TASK] Dmytro → FulfillMission [ScoutPoi] (goal=CompleteMission)
[10:46:35] [MISSION] Dmytro objective done ScoutPoi @ Abandoned Hut → return to Cordon
[10:46:35] [TASK] Vasyl → FulfillMission [ScoutPoi] (goal=CompleteMission)
[10:46:35] [MISSION] Vasyl objective done ScoutPoi @ Abandoned Bus → return to Meadow
[10:46:35] [TASK] Andriy → FulfillMission [ScoutPoi] (goal=CompleteMission)
[10:46:35] [MISSION] Andriy objective done ScoutPoi @ Ruined Garage → return to Kopachi
[10:46:35] [TASK] Bohdan → FulfillMission [ScoutPoi] (goal=CompleteMission)
[10:46:35] [MISSION] Bohdan objective done ScoutPoi @ Hidden Hut → return to Red Forest
[10:46:35] [TASK] Pavel → FulfillMission [ScoutPoi] (goal=CompleteMission)
[10:46:35] [MISSION] Pavel objective done ScoutPoi @ Makeshift Outpost → return to Chernobyl Town
[10:46:35] [TASK] Viktor → FulfillMission [ScoutPoi] (goal=CompleteMission)
[10:46:35] [MISSION] Viktor objective done ScoutPoi @ Abandoned Bus → return to Meadow
[10:46:35] [TASK] Bakhyt → FulfillMission [ScoutPoi] (goal=CompleteMission)
[10:46:35] [MISSION] Bakhyt objective done ScoutPoi @ Windswept Cabin → return to Radar (Brain Scorcher)
[10:46:35] [TASK] Mykola → FulfillMission [ScoutPoi] (goal=CompleteMission)
[10:46:35] [MISSION] Mykola objective done ScoutPoi @ Abandoned Bus → return to Meadow
[10:46:35] [TASK] Armen → FulfillMission [ScoutPoi] (goal=CompleteMission)
[10:46:35] [MISSION] Armen objective done ScoutPoi @ Abandoned Hut → return to Cordon
[10:46:35] [TASK] Dmitri → FulfillMission [ScoutPoi] (goal=CompleteMission)
[10:46:35] [MISSION] Dmitri objective done ScoutPoi @ Forgotten Shelter → return to Wild Territory
[10:46:35] [TASK] Nodar → FulfillMission [ScoutPoi] (goal=CompleteMission)
[10:46:35] [MISSION] Nodar objective done ScoutPoi @ Makeshift Outpost → return to Chernobyl Town
[10:46:35] [TASK] Oleksiy → FulfillMission [ScoutPoi] (goal=CompleteMission)
[10:46:35] [MISSION] Oleksiy objective done ScoutPoi @ Ruined Garage → return to Kopachi
[10:46:35] [TASK] Andriy → FulfillMission [ScoutPoi] (goal=CompleteMission)
[10:46:35] [MISSION] Andriy objective done ScoutPoi @ Ruined Garage → return to Kopachi
[10:46:35] [TASK] Andrei → FulfillMission [ScoutPoi] (goal=CompleteMission)
[10:46:35] [MISSION] Andrei objective done ScoutPoi @ Forgotten Shelter → return to Wild Territory
[10:46:35] [TASK] Nikolai → FulfillMission [ScoutPoi] (goal=CompleteMission)
[10:46:35] [MISSION] Nikolai objective done ScoutPoi @ Abandoned Bus → return to Meadow
[10:46:35] [TASK] Mykola → FulfillMission [ScoutPoi] (goal=CompleteMission)
[10:46:35] [MISSION] Mykola objective done ScoutPoi @ Abandoned Bus → return to Meadow
[10:46:35] [TASK] Damir → FulfillMission [ScoutPoi] (goal=CompleteMission)
[10:46:35] [MISSION] Damir objective done ScoutPoi @ Makeshift Outpost → return to Chernobyl Town
[10:46:35] [TASK] Serhiy → FulfillMission [ScoutPoi] (goal=CompleteMission)
[10:46:35] [MISSION] Serhiy objective done ScoutPoi @ Abandoned Hut → return to Cordon
[10:46:35] [TASK] Dmitri → FulfillMission [ScoutPoi] (goal=CompleteMission)
[10:46:35] [MISSION] Dmitri objective done ScoutPoi @ Abandoned Bus → return to Meadow
[10:46:35] [TASK] Frank → FulfillMission [ScoutPoi] (goal=CompleteMission)
[10:46:35] [MISSION] Frank objective done ScoutPoi @ Bandit Base → return to Truck Cemetery
[10:46:35] [TASK] Bohdan → FulfillMission [ScoutPoi] (goal=CompleteMission)
[10:46:35] [MISSION] Bohdan objective done ScoutPoi @ Hidden Hut → return to Red Forest
[10:46:35] [TASK] Dmytro → FulfillMission [ScoutPoi] (goal=CompleteMission)
[10:46:35] [MISSION] Dmytro objective done ScoutPoi @ Mutant Den #1 near Rostok → return to Sarcophagus
[10:46:36] [TASK] Nodar → TurnInMission [ScoutPoi] (goal=CompleteMission)
[10:46:36] [MISSION] Nodar turned in ScoutPoi @ Chernobyl Town (+200 RU)
[10:46:36] [GOAL] Nodar achieved CompleteMission
[10:46:36] [TASK] Oleksiy → TurnInMission [ScoutPoi] (goal=CompleteMission)
[10:46:36] [MISSION] Oleksiy turned in ScoutPoi @ Kopachi (+196 RU)
[10:46:36] [GOAL] Oleksiy achieved CompleteMission
[10:46:36] [TASK] Andriy → TurnInMission [ScoutPoi] (goal=CompleteMission)
[10:46:36] [MISSION] Andriy turned in ScoutPoi @ Kopachi (+196 RU)
[10:46:36] [GOAL] Andriy achieved CompleteMission
[10:46:36] [TASK] Andrei → TurnInMission [ScoutPoi] (goal=CompleteMission)
[10:46:36] [MISSION] Andrei turned in ScoutPoi @ Wild Territory (+164 RU)
[10:46:36] [GOAL] Andrei achieved CompleteMission
[10:46:36] [TASK] Nikolai → TurnInMission [ScoutPoi] (goal=CompleteMission)
[10:46:36] [MISSION] Nikolai turned in ScoutPoi @ Meadow (+164 RU)
[10:46:36] [GOAL] Nikolai achieved CompleteMission
[10:46:36] [TASK] Mykola → TurnInMission [ScoutPoi] (goal=CompleteMission)
[10:46:36] [MISSION] Mykola turned in ScoutPoi @ Meadow (+164 RU)
[10:46:36] [GOAL] Mykola achieved CompleteMission
[10:46:36] [TASK] Damir → TurnInMission [ScoutPoi] (goal=CompleteMission)
[10:46:36] [MISSION] Damir turned in ScoutPoi @ Chernobyl Town (+200 RU)
[10:46:36] [GOAL] Damir achieved CompleteMission
[10:46:36] [TASK] Serhiy → TurnInMission [ScoutPoi] (goal=CompleteMission)
[10:46:36] [MISSION] Serhiy turned in ScoutPoi @ Cordon (+160 RU)
[10:46:36] [GOAL] Serhiy achieved CompleteMission
[10:46:36] [TASK] Dmitri → TurnInMission [ScoutPoi] (goal=CompleteMission)
[10:46:36] [MISSION] Dmitri turned in ScoutPoi @ Meadow (+164 RU)
[10:46:36] [GOAL] Dmitri achieved CompleteMission
[10:46:36] [TASK] Frank → TurnInMission [ScoutPoi] (goal=CompleteMission)
[10:46:36] [MISSION] Frank turned in ScoutPoi @ Truck Cemetery (+210 RU)
[10:46:36] [GOAL] Frank achieved CompleteMission
[10:46:36] [TASK] Bohdan → TurnInMission [ScoutPoi] (goal=CompleteMission)
[10:46:36] [MISSION] Bohdan turned in ScoutPoi @ Red Forest (+196 RU)
[10:46:36] [GOAL] Bohdan achieved CompleteMission
[10:46:36] [TASK] Nikolai → TurnInMission [ScoutPoi] (goal=CompleteMission)
[10:46:36] [MISSION] Nikolai turned in ScoutPoi @ Kopachi (+196 RU)
[10:46:36] [GOAL] Nikolai achieved CompleteMission
[10:46:36] [TASK] Andriy → TurnInMission [ScoutPoi] (goal=CompleteMission)
[10:46:36] [MISSION] Andriy turned in ScoutPoi @ Wild Territory (+164 RU)
[10:46:36] [GOAL] Andriy achieved CompleteMission
[10:46:36] [TASK] Alibek → TurnInMission [ScoutPoi] (goal=CompleteMission)
[10:46:36] [MISSION] Alibek turned in ScoutPoi @ Kopachi (+196 RU)
[10:46:36] [GOAL] Alibek achieved CompleteMission
[10:46:36] [TASK] Serhiy → TurnInMission [ScoutPoi] (goal=CompleteMission)
[10:46:36] [MISSION] Serhiy turned in ScoutPoi @ Wild Territory (+164 RU)
[10:46:36] [GOAL] Serhiy achieved CompleteMission
[10:46:36] [TASK] Karl → TurnInMission [ScoutPoi] (goal=CompleteMission)
[10:46:36] [MISSION] Karl turned in ScoutPoi @ Zalissya (+184 RU)
[10:46:36] [GOAL] Karl achieved CompleteMission
[10:46:36] [TASK] Ivan → TurnInMission [ScoutPoi] (goal=CompleteMission)
[10:46:36] [MISSION] Ivan turned in ScoutPoi @ Cordon (+160 RU)
[10:46:36] [GOAL] Ivan achieved CompleteMission
[10:46:36] [TASK] Dmytro → TurnInMission [ScoutPoi] (goal=CompleteMission)
[10:46:36] [MISSION] Dmytro turned in ScoutPoi @ Cordon (+160 RU)
[10:46:36] [GOAL] Dmytro achieved CompleteMission
[10:46:36] [TASK] Andriy → TurnInMission [ScoutPoi] (goal=CompleteMission)
[10:46:36] [MISSION] Andriy turned in ScoutPoi @ Zalissya (+184 RU)
[10:46:36] [GOAL] Andriy achieved CompleteMission
[10:46:36] [TASK] Alexei → TurnInMission [ScoutPoi] (goal=CompleteMission)
[10:46:36] [MISSION] Alexei turned in ScoutPoi @ Chernobyl Town (+200 RU)
[10:46:36] [GOAL] Alexei achieved CompleteMission
[10:46:36] [TASK] Nodar → TurnInMission [ScoutPoi] (goal=CompleteMission)
[10:46:36] [MISSION] Nodar turned in ScoutPoi @ Radar (Brain Scorcher) (+236 RU)
[10:46:36] [GOAL] Nodar achieved CompleteMission
[10:46:36] [TASK] Pavel → TurnInMission [ScoutPoi] (goal=CompleteMission)
[10:46:36] [MISSION] Pavel turned in ScoutPoi @ Zalissya (+184 RU)
[10:46:36] [GOAL] Pavel achieved CompleteMission
[10:46:36] [TASK] Mykola → TurnInMission [ScoutPoi] (goal=CompleteMission)
[10:46:36] [MISSION] Mykola turned in ScoutPoi @ Cordon (+160 RU)
[10:46:36] [GOAL] Mykola achieved CompleteMission
[10:46:36] [TASK] Alexei → TurnInMission [ScoutPoi] (goal=CompleteMission)
[10:46:36] [MISSION] Alexei turned in ScoutPoi @ Chernobyl Town (+200 RU)
[10:46:36] [GOAL] Alexei achieved CompleteMission
[10:46:36] [TASK] Andrei → TurnInMission [ScoutPoi] (goal=CompleteMission)
[10:46:36] [MISSION] Andrei turned in ScoutPoi @ Zalissya (+184 RU)
[10:46:36] [GOAL] Andrei achieved CompleteMission
[10:46:36] [TASK] Nodar → TurnInMission [ScoutPoi] (goal=CompleteMission)
[10:46:36] [MISSION] Nodar turned in ScoutPoi @ Chernobyl Town (+200 RU)
[10:46:36] [GOAL] Nodar achieved CompleteMission
[10:46:36] [TASK] Alibek → TurnInMission [ScoutPoi] (goal=CompleteMission)
[10:46:36] [MISSION] Alibek turned in ScoutPoi @ Chernobyl Town (+200 RU)
[10:46:36] [GOAL] Alibek achieved CompleteMission
[10:46:36] [TASK] Pavel → TurnInMission [ScoutPoi] (goal=CompleteMission)
[10:46:36] [MISSION] Pavel turned in ScoutPoi @ Zalissya (+184 RU)
[10:46:36] [GOAL] Pavel achieved CompleteMission
[10:46:36] [TASK] Igor → TurnInMission [ScoutPoi] (goal=CompleteMission)
[10:46:36] [MISSION] Igor turned in ScoutPoi @ Wild Territory (+164 RU)
[10:46:36] [GOAL] Igor achieved CompleteMission
[10:46:36] [TASK] Timur → TurnInMission [ScoutPoi] (goal=CompleteMission)
[10:46:36] [MISSION] Timur turned in ScoutPoi @ Cordon (+160 RU)
[10:46:36] [GOAL] Timur achieved CompleteMission
[10:46:36] [TASK] Andrei → TurnInMission [ScoutPoi] (goal=CompleteMission)
[10:46:36] [MISSION] Andrei turned in ScoutPoi @ Chernobyl Town (+200 RU)
[10:46:36] [GOAL] Andrei achieved CompleteMission
[10:46:36] [TASK] Dmitri → TurnInMission [ScoutPoi] (goal=CompleteMission)
[10:46:36] [MISSION] Dmitri turned in ScoutPoi @ Red Forest (+196 RU)
[10:46:36] [GOAL] Dmitri achieved CompleteMission
[10:46:36] [TASK] Oleg → TurnInMission [ScoutPoi] (goal=CompleteMission)
[10:46:36] [MISSION] Oleg turned in ScoutPoi @ Wild Territory (+164 RU)
[10:46:36] [GOAL] Oleg achieved CompleteMission
[10:46:36] [TASK] Viktor → TurnInMission [ScoutPoi] (goal=CompleteMission)
[10:46:36] [MISSION] Viktor turned in ScoutPoi @ Radar (Brain Scorcher) (+236 RU)
[10:46:36] [GOAL] Viktor achieved CompleteMission
[10:46:36] [TASK] Oleksiy → TurnInMission [ScoutPoi] (goal=CompleteMission)
[10:46:36] [MISSION] Oleksiy turned in ScoutPoi @ Radar (Brain Scorcher) (+236 RU)
[10:46:36] [GOAL] Oleksiy achieved CompleteMission
[10:46:36] [TASK] Giorgi → TurnInMission [ScoutPoi] (goal=CompleteMission)
[10:46:36] [MISSION] Giorgi turned in ScoutPoi @ Zalissya (+184 RU)
[10:46:36] [GOAL] Giorgi achieved CompleteMission
[10:46:36] [TASK] Ivan → TurnInMission [ScoutPoi] (goal=CompleteMission)
[10:46:36] [MISSION] Ivan turned in ScoutPoi @ Zalissya (+184 RU)
[10:46:36] [GOAL] Ivan achieved CompleteMission
[10:46:36] [TASK] Jake → TurnInMission [ScoutPoi] (goal=CompleteMission)
[10:46:36] [MISSION] Jake turned in ScoutPoi @ Cordon (+160 RU)
[10:46:36] [GOAL] Jake achieved CompleteMission
[10:46:36] [TASK] Viktor → TurnInMission [ScoutPoi] (goal=CompleteMission)
[10:46:36] [MISSION] Viktor turned in ScoutPoi @ Red Forest (+196 RU)
[10:46:36] [GOAL] Viktor achieved CompleteMission
[10:46:36] [TASK] Dmitri → TurnInMission [ScoutPoi] (goal=CompleteMission)
[10:46:36] [MISSION] Dmitri turned in ScoutPoi @ Yantar (+236 RU)
[10:46:36] [GOAL] Dmitri achieved CompleteMission
[10:46:36] [TASK] Oleg → TurnInMission [ScoutPoi] (goal=CompleteMission)
[10:46:36] [MISSION] Oleg turned in ScoutPoi @ Chernobyl Town (+200 RU)
[10:46:36] [GOAL] Oleg achieved CompleteMission
[10:46:36] [TASK] Yuriy → TurnInMission [ScoutPoi] (goal=CompleteMission)
[10:46:36] [MISSION] Yuriy turned in ScoutPoi @ Kopachi (+196 RU)
[10:46:36] [GOAL] Yuriy achieved CompleteMission
[10:46:36] [TASK] Mykola → TurnInMission [ScoutPoi] (goal=CompleteMission)
[10:46:36] [MISSION] Mykola turned in ScoutPoi @ Red Forest (+196 RU)
[10:46:36] [GOAL] Mykola achieved CompleteMission
[10:46:36] [TASK] Bohdan → TurnInMission [ScoutPoi] (goal=CompleteMission)
[10:46:36] [MISSION] Bohdan turned in ScoutPoi @ Kopachi (+196 RU)
[10:46:36] [GOAL] Bohdan achieved CompleteMission
[10:46:36] [TASK] Bohdan → TurnInMission [ScoutPoi] (goal=CompleteMission)
[10:46:36] [MISSION] Bohdan turned in ScoutPoi @ Meadow (+164 RU)
[10:46:36] [GOAL] Bohdan achieved CompleteMission
[10:46:36] [TASK] Bohdan → TurnInMission [ScoutPoi] (goal=CompleteMission)
[10:46:36] [MISSION] Bohdan turned in ScoutPoi @ Cordon (+160 RU)
[10:46:36] [GOAL] Bohdan achieved CompleteMission
[10:46:36] [TASK] Mykola → TurnInMission [ScoutPoi] (goal=CompleteMission)
[10:46:36] [MISSION] Mykola turned in ScoutPoi @ Kopachi (+196 RU)
[10:46:36] [GOAL] Mykola achieved CompleteMission
[10:46:36] [TASK] Viktor → TurnInMission [ScoutPoi] (goal=CompleteMission)
[10:46:36] [MISSION] Viktor turned in ScoutPoi @ Yantar (+236 RU)
[10:46:36] [GOAL] Viktor achieved CompleteMission
[10:46:36] [TASK] Bohdan → TurnInMission [ScoutPoi] (goal=CompleteMission)
[10:46:36] [MISSION] Bohdan turned in ScoutPoi @ Cordon (+160 RU)
[10:46:36] [GOAL] Bohdan achieved CompleteMission
[10:46:36] [TASK] Alexei → TurnInMission [ScoutPoi] (goal=CompleteMission)
[10:46:36] [MISSION] Alexei turned in ScoutPoi @ Cordon (+160 RU)
[10:46:36] [GOAL] Alexei achieved CompleteMission
[10:46:36] [TASK] Oleksiy → TurnInMission [ScoutPoi] (goal=CompleteMission)
[10:46:36] [MISSION] Oleksiy turned in ScoutPoi @ Meadow (+164 RU)
[10:46:36] [GOAL] Oleksiy achieved CompleteMission
[10:46:36] [TASK] Nikolai → TurnInMission [ScoutPoi] (goal=CompleteMission)
[10:46:36] [MISSION] Nikolai turned in ScoutPoi @ Meadow (+164 RU)
[10:46:36] [GOAL] Nikolai achieved CompleteMission
[10:46:36] [TASK] Yuriy → TurnInMission [ScoutPoi] (goal=CompleteMission)
[10:46:36] [MISSION] Yuriy turned in ScoutPoi @ Zalissya (+184 RU)
[10:46:36] [GOAL] Yuriy achieved CompleteMission
[10:46:36] [TASK] Taras → TurnInMission [ScoutPoi] (goal=CompleteMission)
[10:46:36] [MISSION] Taras turned in ScoutPoi @ Red Forest (+196 RU)
[10:46:36] [GOAL] Taras achieved CompleteMission
[10:46:36] [TASK] Viktor → TurnInMission [ScoutPoi] (goal=CompleteMission)
[10:46:36] [MISSION] Viktor turned in ScoutPoi @ Red Forest (+196 RU)
[10:46:36] [GOAL] Viktor achieved CompleteMission
[10:46:36] [TASK] Igor → TurnInMission [ScoutPoi] (goal=CompleteMission)
[10:46:36] [MISSION] Igor turned in ScoutPoi @ Kopachi (+196 RU)
[10:46:36] [GOAL] Igor achieved CompleteMission
[10:46:36] [TASK] Mikhail → TurnInMission [ScoutPoi] (goal=CompleteMission)
[10:46:36] [MISSION] Mikhail turned in ScoutPoi @ Red Forest (+196 RU)
[10:46:36] [GOAL] Mikhail achieved CompleteMission
[10:46:36] [TASK] Zura → TurnInMission [ScoutPoi] (goal=CompleteMission)
[10:46:36] [MISSION] Zura turned in ScoutPoi @ Kopachi (+196 RU)
[10:46:36] [GOAL] Zura achieved CompleteMission
[10:46:36] [TASK] Dmytro → TurnInMission [ScoutPoi] (goal=CompleteMission)
[10:46:36] [MISSION] Dmytro turned in ScoutPoi @ Cordon (+160 RU)
[10:46:36] [GOAL] Dmytro achieved CompleteMission
[10:46:36] [TASK] Vasyl → TurnInMission [ScoutPoi] (goal=CompleteMission)
[10:46:36] [MISSION] Vasyl turned in ScoutPoi @ Meadow (+164 RU)
[10:46:36] [GOAL] Vasyl achieved CompleteMission
[10:46:36] [TASK] Andriy → TurnInMission [ScoutPoi] (goal=CompleteMission)
[10:46:36] [MISSION] Andriy turned in ScoutPoi @ Kopachi (+196 RU)
[10:46:36] [GOAL] Andriy achieved CompleteMission
[10:46:36] [TASK] Bohdan → TurnInMission [ScoutPoi] (goal=CompleteMission)
[10:46:36] [MISSION] Bohdan turned in ScoutPoi @ Red Forest (+196 RU)
[10:46:36] [GOAL] Bohdan achieved CompleteMission
[10:46:36] [TASK] Pavel → TurnInMission [ScoutPoi] (goal=CompleteMission)
[10:46:36] [MISSION] Pavel turned in ScoutPoi @ Chernobyl Town (+200 RU)
[10:46:36] [GOAL] Pavel achieved CompleteMission
[10:46:36] [TASK] Viktor → TurnInMission [ScoutPoi] (goal=CompleteMission)
[10:46:36] [MISSION] Viktor turned in ScoutPoi @ Meadow (+164 RU)
[10:46:36] [GOAL] Viktor achieved CompleteMission
[10:46:36] [TASK] Bakhyt → TurnInMission [ScoutPoi] (goal=CompleteMission)
[10:46:36] [MISSION] Bakhyt turned in ScoutPoi @ Radar (Brain Scorcher) (+236 RU)
[10:46:36] [GOAL] Bakhyt achieved CompleteMission
[10:46:36] [TASK] Mykola → TurnInMission [ScoutPoi] (goal=CompleteMission)
[10:46:36] [MISSION] Mykola turned in ScoutPoi @ Meadow (+164 RU)
[10:46:36] [GOAL] Mykola achieved CompleteMission
[10:46:36] [TASK] Armen → TurnInMission [ScoutPoi] (goal=CompleteMission)
[10:46:36] [MISSION] Armen turned in ScoutPoi @ Cordon (+160 RU)
[10:46:36] [GOAL] Armen achieved CompleteMission
[10:46:36] [TASK] Dmitri → TurnInMission [ScoutPoi] (goal=CompleteMission)
[10:46:36] [MISSION] Dmitri turned in ScoutPoi @ Wild Territory (+164 RU)
[10:46:36] [GOAL] Dmitri achieved CompleteMission
[10:46:36] [MISSION] Nodar accepted ScoutPoi @ Chernobyl Town (200 RU)
[10:46:36] [TASK] Nodar → AcceptMission [ScoutPoi] (goal=AcceptMission)
[10:46:36] [GOAL] Nodar achieved AcceptMission
[10:46:36] [MISSION] Oleksiy accepted ScoutPoi @ Kopachi (196 RU)
[10:46:36] [TASK] Oleksiy → AcceptMission [ScoutPoi] (goal=AcceptMission)
[10:46:36] [GOAL] Oleksiy achieved AcceptMission
[10:46:36] [MISSION] Andriy accepted ScoutPoi @ Kopachi (196 RU)
[10:46:36] [TASK] Andriy → AcceptMission [ScoutPoi] (goal=AcceptMission)
[10:46:36] [GOAL] Andriy achieved AcceptMission
[10:46:36] [MISSION] Andrei accepted ScoutPoi @ Wild Territory (164 RU)
[10:46:36] [TASK] Andrei → AcceptMission [ScoutPoi] (goal=AcceptMission)
[10:46:36] [GOAL] Andrei achieved AcceptMission
[10:46:36] [MISSION] Nikolai accepted ScoutPoi @ Meadow (164 RU)
[10:46:36] [TASK] Nikolai → AcceptMission [ScoutPoi] (goal=AcceptMission)
[10:46:36] [GOAL] Nikolai achieved AcceptMission
[10:46:36] [MISSION] Mykola accepted ScoutPoi @ Meadow (164 RU)
[10:46:36] [TASK] Mykola → AcceptMission [ScoutPoi] (goal=AcceptMission)
[10:46:36] [GOAL] Mykola achieved AcceptMission
[10:46:36] [MISSION] Damir accepted ScoutPoi @ Chernobyl Town (200 RU)
[10:46:36] [TASK] Damir → AcceptMission [ScoutPoi] (goal=AcceptMission)
[10:46:36] [GOAL] Damir achieved AcceptMission
[10:46:36] [MISSION] Serhiy accepted ScoutPoi @ Cordon (160 RU)
[10:46:36] [TASK] Serhiy → AcceptMission [ScoutPoi] (goal=AcceptMission)
[10:46:36] [GOAL] Serhiy achieved AcceptMission
[10:46:36] [MISSION] Dmitri accepted ScoutPoi @ Meadow (164 RU)
[10:46:36] [TASK] Dmitri → AcceptMission [ScoutPoi] (goal=AcceptMission)
[10:46:36] [GOAL] Dmitri achieved AcceptMission
[10:46:36] [MISSION] Frank accepted ScoutPoi @ Truck Cemetery (210 RU)
[10:46:36] [TASK] Frank → AcceptMission [ScoutPoi] (goal=AcceptMission)
[10:46:36] [GOAL] Frank achieved AcceptMission
[10:46:36] [MISSION] Bohdan accepted ScoutPoi @ Red Forest (196 RU)
[10:46:36] [TASK] Bohdan → AcceptMission [ScoutPoi] (goal=AcceptMission)
[10:46:36] [GOAL] Bohdan achieved AcceptMission
[10:46:36] [MISSION] Nikolai accepted ScoutPoi @ Kopachi (196 RU)
[10:46:36] [TASK] Nikolai → AcceptMission [ScoutPoi] (goal=AcceptMission)
[10:46:36] [GOAL] Nikolai achieved AcceptMission
[10:46:36] [MISSION] Andriy accepted ScoutPoi @ Wild Territory (164 RU)
[10:46:36] [TASK] Andriy → AcceptMission [ScoutPoi] (goal=AcceptMission)
[10:46:36] [GOAL] Andriy achieved AcceptMission
[10:46:36] [MISSION] Alibek accepted ScoutPoi @ Kopachi (196 RU)
[10:46:36] [TASK] Alibek → AcceptMission [ScoutPoi] (goal=AcceptMission)
[10:46:36] [GOAL] Alibek achieved AcceptMission
[10:46:36] [MISSION] Serhiy accepted ScoutPoi @ Wild Territory (164 RU)
[10:46:36] [TASK] Serhiy → AcceptMission [ScoutPoi] (goal=AcceptMission)
[10:46:36] [GOAL] Serhiy achieved AcceptMission
[10:46:36] [MISSION] Karl accepted ScoutPoi @ Zalissya (184 RU)
[10:46:36] [TASK] Karl → AcceptMission [ScoutPoi] (goal=AcceptMission)
[10:46:36] [GOAL] Karl achieved AcceptMission
[10:46:36] [MISSION] Ivan accepted ScoutPoi @ Cordon (160 RU)
[10:46:36] [TASK] Ivan → AcceptMission [ScoutPoi] (goal=AcceptMission)
[10:46:36] [GOAL] Ivan achieved AcceptMission
[10:46:36] [MISSION] Dmytro accepted ScoutPoi @ Cordon (160 RU)
[10:46:36] [TASK] Dmytro → AcceptMission [ScoutPoi] (goal=AcceptMission)
[10:46:36] [GOAL] Dmytro achieved AcceptMission
[10:46:36] [MISSION] Andriy accepted ScoutPoi @ Zalissya (184 RU)
[10:46:36] [TASK] Andriy → AcceptMission [ScoutPoi] (goal=AcceptMission)
[10:46:36] [GOAL] Andriy achieved AcceptMission
[10:46:36] [MISSION] Alexei accepted ScoutPoi @ Chernobyl Town (200 RU)
[10:46:36] [TASK] Alexei → AcceptMission [ScoutPoi] (goal=AcceptMission)
[10:46:36] [GOAL] Alexei achieved AcceptMission
[10:46:36] [MISSION] Nodar accepted ScoutPoi @ Radar (Brain Scorcher) (236 RU)
[10:46:36] [TASK] Nodar → AcceptMission [ScoutPoi] (goal=AcceptMission)
[10:46:36] [GOAL] Nodar achieved AcceptMission
[10:46:36] [MISSION] Pavel accepted ScoutPoi @ Zalissya (184 RU)
[10:46:36] [TASK] Pavel → AcceptMission [ScoutPoi] (goal=AcceptMission)
[10:46:36] [GOAL] Pavel achieved AcceptMission
[10:46:36] [MISSION] Mykola accepted ScoutPoi @ Cordon (160 RU)
[10:46:36] [TASK] Mykola → AcceptMission [ScoutPoi] (goal=AcceptMission)
[10:46:36] [GOAL] Mykola achieved AcceptMission
[10:46:36] [MISSION] Alexei accepted ScoutPoi @ Chernobyl Town (200 RU)
[10:46:36] [TASK] Alexei → AcceptMission [ScoutPoi] (goal=AcceptMission)
[10:46:36] [GOAL] Alexei achieved AcceptMission
[10:46:36] [MISSION] Andrei accepted ScoutPoi @ Zalissya (184 RU)
[10:46:36] [TASK] Andrei → AcceptMission [ScoutPoi] (goal=AcceptMission)
[10:46:36] [GOAL] Andrei achieved AcceptMission
[10:46:36] [MISSION] Nodar accepted ScoutPoi @ Chernobyl Town (200 RU)
[10:46:36] [TASK] Nodar → AcceptMission [ScoutPoi] (goal=AcceptMission)
[10:46:36] [GOAL] Nodar achieved AcceptMission
[10:46:36] [MISSION] Alibek accepted ScoutPoi @ Chernobyl Town (200 RU)
[10:46:36] [TASK] Alibek → AcceptMission [ScoutPoi] (goal=AcceptMission)
[10:46:36] [GOAL] Alibek achieved AcceptMission
[10:46:36] [MISSION] Pavel accepted ScoutPoi @ Zalissya (184 RU)
[10:46:36] [TASK] Pavel → AcceptMission [ScoutPoi] (goal=AcceptMission)
[10:46:36] [GOAL] Pavel achieved AcceptMission
[10:46:36] [MISSION] Igor accepted ScoutPoi @ Wild Territory (164 RU)
[10:46:36] [TASK] Igor → AcceptMission [ScoutPoi] (goal=AcceptMission)
[10:46:36] [GOAL] Igor achieved AcceptMission
[10:46:36] [MISSION] Timur accepted ScoutPoi @ Cordon (160 RU)
[10:46:36] [TASK] Timur → AcceptMission [ScoutPoi] (goal=AcceptMission)
[10:46:36] [GOAL] Timur achieved AcceptMission
[10:46:36] [MISSION] Andrei accepted ScoutPoi @ Chernobyl Town (200 RU)
[10:46:36] [TASK] Andrei → AcceptMission [ScoutPoi] (goal=AcceptMission)
[10:46:36] [GOAL] Andrei achieved AcceptMission
[10:46:36] [MISSION] Dmitri accepted ScoutPoi @ Red Forest (196 RU)
[10:46:36] [TASK] Dmitri → AcceptMission [ScoutPoi] (goal=AcceptMission)
[10:46:36] [GOAL] Dmitri achieved AcceptMission
[10:46:36] [MISSION] Oleg accepted ScoutPoi @ Wild Territory (164 RU)
[10:46:36] [TASK] Oleg → AcceptMission [ScoutPoi] (goal=AcceptMission)
[10:46:36] [GOAL] Oleg achieved AcceptMission
[10:46:36] [MISSION] Viktor accepted ScoutPoi @ Radar (Brain Scorcher) (236 RU)
[10:46:36] [TASK] Viktor → AcceptMission [ScoutPoi] (goal=AcceptMission)
[10:46:36] [GOAL] Viktor achieved AcceptMission
[10:46:36] [MISSION] Oleksiy accepted ScoutPoi @ Radar (Brain Scorcher) (236 RU)
[10:46:36] [TASK] Oleksiy → AcceptMission [ScoutPoi] (goal=AcceptMission)
[10:46:36] [GOAL] Oleksiy achieved AcceptMission
[10:46:36] [MISSION] Giorgi accepted ScoutPoi @ Zalissya (184 RU)
[10:46:36] [TASK] Giorgi → AcceptMission [ScoutPoi] (goal=AcceptMission)
[10:46:36] [GOAL] Giorgi achieved AcceptMission
[10:46:36] [MISSION] Ivan accepted ScoutPoi @ Zalissya (184 RU)
[10:46:36] [TASK] Ivan → AcceptMission [ScoutPoi] (goal=AcceptMission)
[10:46:36] [GOAL] Ivan achieved AcceptMission
[10:46:36] [MISSION] Jake accepted ScoutPoi @ Cordon (160 RU)
[10:46:36] [TASK] Jake → AcceptMission [ScoutPoi] (goal=AcceptMission)
[10:46:36] [GOAL] Jake achieved AcceptMission
[10:46:36] [MISSION] Viktor accepted ScoutPoi @ Red Forest (196 RU)
[10:46:36] [TASK] Viktor → AcceptMission [ScoutPoi] (goal=AcceptMission)
[10:46:36] [GOAL] Viktor achieved AcceptMission
[10:46:36] [MISSION] Dmitri accepted ScoutPoi @ Yantar (236 RU)
[10:46:36] [TASK] Dmitri → AcceptMission [ScoutPoi] (goal=AcceptMission)
[10:46:36] [GOAL] Dmitri achieved AcceptMission
[10:46:36] [MISSION] Oleg accepted ScoutPoi @ Chernobyl Town (200 RU)
[10:46:36] [TASK] Oleg → AcceptMission [ScoutPoi] (goal=AcceptMission)
[10:46:36] [GOAL] Oleg achieved AcceptMission
[10:46:36] [MISSION] Yuriy accepted ScoutPoi @ Kopachi (196 RU)
[10:46:36] [TASK] Yuriy → AcceptMission [ScoutPoi] (goal=AcceptMission)
[10:46:36] [GOAL] Yuriy achieved AcceptMission
[10:46:36] [MISSION] Mykola accepted ScoutPoi @ Red Forest (196 RU)
[10:46:36] [TASK] Mykola → AcceptMission [ScoutPoi] (goal=AcceptMission)
[10:46:36] [GOAL] Mykola achieved AcceptMission
[10:46:36] [MISSION] Bohdan accepted ScoutPoi @ Kopachi (196 RU)
[10:46:36] [TASK] Bohdan → AcceptMission [ScoutPoi] (goal=AcceptMission)
[10:46:36] [GOAL] Bohdan achieved AcceptMission
[10:46:36] [MISSION] Bohdan accepted ScoutPoi @ Meadow (164 RU)
[10:46:36] [TASK] Bohdan → AcceptMission [ScoutPoi] (goal=AcceptMission)
[10:46:36] [GOAL] Bohdan achieved AcceptMission
[10:46:36] [MISSION] Bohdan accepted ScoutPoi @ Cordon (160 RU)
[10:46:36] [TASK] Bohdan → AcceptMission [ScoutPoi] (goal=AcceptMission)
[10:46:36] [GOAL] Bohdan achieved AcceptMission
[10:46:36] [MISSION] Mykola accepted ScoutPoi @ Kopachi (196 RU)
[10:46:36] [TASK] Mykola → AcceptMission [ScoutPoi] (goal=AcceptMission)
[10:46:36] [GOAL] Mykola achieved AcceptMission
[10:46:37] [MISSION] Viktor accepted ScoutPoi @ Yantar (236 RU)
[10:46:37] [TASK] Viktor → AcceptMission [ScoutPoi] (goal=AcceptMission)
[10:46:37] [GOAL] Viktor achieved AcceptMission
[10:46:37] [MISSION] Bohdan accepted ScoutPoi @ Cordon (160 RU)
[10:46:37] [TASK] Bohdan → AcceptMission [ScoutPoi] (goal=AcceptMission)
[10:46:37] [GOAL] Bohdan achieved AcceptMission
[10:46:37] [MISSION] Alexei accepted ScoutPoi @ Cordon (160 RU)
[10:46:37] [TASK] Alexei → AcceptMission [ScoutPoi] (goal=AcceptMission)
[10:46:37] [GOAL] Alexei achieved AcceptMission
[10:46:37] [MISSION] Oleksiy accepted ScoutPoi @ Meadow (164 RU)
[10:46:37] [TASK] Oleksiy → AcceptMission [ScoutPoi] (goal=AcceptMission)
[10:46:37] [GOAL] Oleksiy achieved AcceptMission
[10:46:37] [MISSION] Nikolai accepted ScoutPoi @ Meadow (164 RU)
[10:46:37] [TASK] Nikolai → AcceptMission [ScoutPoi] (goal=AcceptMission)
[10:46:37] [GOAL] Nikolai achieved AcceptMission
[10:46:37] [MISSION] Yuriy accepted ScoutPoi @ Zalissya (184 RU)
[10:46:37] [TASK] Yuriy → AcceptMission [ScoutPoi] (goal=AcceptMission)
[10:46:37] [GOAL] Yuriy achieved AcceptMission
[10:46:37] [MISSION] Taras accepted ScoutPoi @ Red Forest (196 RU)
[10:46:37] [TASK] Taras → AcceptMission [ScoutPoi] (goal=AcceptMission)
[10:46:37] [GOAL] Taras achieved AcceptMission
[10:46:37] [MISSION] Viktor accepted ScoutPoi @ Red Forest (196 RU)
[10:46:37] [TASK] Viktor → AcceptMission [ScoutPoi] (goal=AcceptMission)
[10:46:37] [GOAL] Viktor achieved AcceptMission
[10:46:37] [MISSION] Igor accepted ScoutPoi @ Kopachi (196 RU)
[10:46:37] [TASK] Igor → AcceptMission [ScoutPoi] (goal=AcceptMission)
[10:46:37] [GOAL] Igor achieved AcceptMission
[10:46:37] [MISSION] Mikhail accepted ScoutPoi @ Red Forest (196 RU)
[10:46:37] [TASK] Mikhail → AcceptMission [ScoutPoi] (goal=AcceptMission)
[10:46:37] [GOAL] Mikhail achieved AcceptMission
[10:46:37] [MISSION] Zura accepted ScoutPoi @ Kopachi (196 RU)
[10:46:37] [TASK] Zura → AcceptMission [ScoutPoi] (goal=AcceptMission)
[10:46:37] [GOAL] Zura achieved AcceptMission
[10:46:37] [MISSION] Dmytro accepted ScoutPoi @ Cordon (160 RU)
[10:46:37] [TASK] Dmytro → AcceptMission [ScoutPoi] (goal=AcceptMission)
[10:46:37] [GOAL] Dmytro achieved AcceptMission
[10:46:37] [MISSION] Vasyl accepted ScoutPoi @ Meadow (164 RU)
[10:46:37] [TASK] Vasyl → AcceptMission [ScoutPoi] (goal=AcceptMission)
[10:46:37] [GOAL] Vasyl achieved AcceptMission
[10:46:37] [MISSION] Andriy accepted ScoutPoi @ Kopachi (196 RU)
[10:46:37] [TASK] Andriy → AcceptMission [ScoutPoi] (goal=AcceptMission)
[10:46:37] [GOAL] Andriy achieved AcceptMission
[10:46:37] [MISSION] Bohdan accepted ScoutPoi @ Red Forest (196 RU)
[10:46:37] [TASK] Bohdan → AcceptMission [ScoutPoi] (goal=AcceptMission)
[10:46:37] [GOAL] Bohdan achieved AcceptMission
[10:46:37] [MISSION] Pavel accepted ScoutPoi @ Chernobyl Town (200 RU)
[10:46:37] [TASK] Pavel → AcceptMission [ScoutPoi] (goal=AcceptMission)
[10:46:37] [GOAL] Pavel achieved AcceptMission
[10:46:37] [MISSION] Viktor accepted ScoutPoi @ Meadow (164 RU)
[10:46:37] [TASK] Viktor → AcceptMission [ScoutPoi] (goal=AcceptMission)
[10:46:37] [GOAL] Viktor achieved AcceptMission
[10:46:37] [MISSION] Bakhyt accepted ScoutPoi @ Radar (Brain Scorcher) (236 RU)
[10:46:37] [TASK] Bakhyt → AcceptMission [ScoutPoi] (goal=AcceptMission)
[10:46:37] [GOAL] Bakhyt achieved AcceptMission
[10:46:37] [MISSION] Mykola accepted ScoutPoi @ Meadow (164 RU)
[10:46:37] [TASK] Mykola → AcceptMission [ScoutPoi] (goal=AcceptMission)
[10:46:37] [GOAL] Mykola achieved AcceptMission
[10:46:37] [MISSION] Armen accepted ScoutPoi @ Cordon (160 RU)
[10:46:37] [TASK] Armen → AcceptMission [ScoutPoi] (goal=AcceptMission)
[10:46:37] [GOAL] Armen achieved AcceptMission
[10:46:37] [MISSION] Dmitri accepted ScoutPoi @ Wild Territory (164 RU)
[10:46:37] [TASK] Dmitri → AcceptMission [ScoutPoi] (goal=AcceptMission)
[10:46:37] [GOAL] Dmitri achieved AcceptMission
[10:46:48] [SPAWN] Trickle +0 stalkers, +1 mutants
[10:46:52] [CORPSE] Despawned 12 bodies (lifetime=1629)
[10:46:54] [COMBAT] Marcus Popov 'Spark' killed Poltergeist using wpn_aksu
[10:47:03] [SNAPSHOT] real=20.5min game=D0 00:45 alive S=314 M=207 corpses=499 lootable=156 gammaGear out=167 helm=271 avgRU=1039 leaderGoals trade=0 mission=68 emission=Dormant nextIn=58gmin desperate=3 hungry=0 interval deaths=0 combats=1 tasks=208 gearLoot=0 gearBuy=0 missions=136 corpseDespawn=12 trickleSpawns=1 ranks=[Rookie:241,Trainee:7,Experienced:38,Professional:17,Veteran:8,Expert:3] goals=[Idle:100,CompleteMission::68,Traveling:2] leaders: Andriy[Rookie/Idle], Sergei[Rookie/Idle], Nodar[Trainee/CompleteMission:], Oleksiy[Experienced/CompleteMission:], Dmytro[Rookie/Idle]
[10:47:05] [CORPSE] Despawned 14 bodies (lifetime=1643)
[10:47:18] [CORPSE] Despawned 19 bodies (lifetime=1662)
[10:47:23] [SPAWN] Trickle +0 stalkers, +1 mutants
[10:47:23] [COMBAT] Nikolai Bondarenko 'Scar' killed Snork using wpn_p90
[10:47:31] [CORPSE] Despawned 9 bodies (lifetime=1671)
[10:47:35] [SNAPSHOT] real=21.0min game=D0 00:47 alive S=314 M=207 corpses=458 lootable=142 gammaGear out=167 helm=271 avgRU=1039 leaderGoals trade=0 mission=68 emission=Dormant nextIn=57gmin desperate=3 hungry=0 interval deaths=0 combats=1 tasks=0 gearLoot=0 gearBuy=0 missions=0 corpseDespawn=42 trickleSpawns=1 ranks=[Rookie:241,Trainee:7,Experienced:38,Professional:17,Veteran:8,Expert:3] goals=[Idle:101,CompleteMission::68,Traveling:1] leaders: Andriy[Rookie/Idle], Sergei[Rookie/Idle], Nodar[Trainee/CompleteMission:], Oleksiy[Experienced/CompleteMission:], Dmytro[Rookie/Idle]
[10:47:40] [SPAWN] Trickle +0 stalkers, +1 mutants
[10:47:41] [SPAWN] Trickle +0 stalkers, +1 mutants
[10:47:44] [CORPSE] Despawned 15 bodies (lifetime=1686)
[10:47:57] [SPAWN] Trickle +3 stalkers, +0 mutants
[10:47:57] [CORPSE] Despawned 18 bodies (lifetime=1704)
[10:47:57] [MISSION] Yuriy accepted ScoutPoi @ Meadow (164 RU)
[10:47:57] [TASK] Yuriy → AcceptMission [ScoutPoi] (goal=AcceptMission)
[10:47:57] [GOAL] Yuriy achieved AcceptMission
[10:48:00] [SPAWN] Trickle +3 stalkers, +0 mutants
[10:48:00] [MISSION] Dmytro accepted ScoutPoi @ Rostok (190 RU)
[10:48:00] [TASK] Dmytro → AcceptMission [ScoutPoi] (goal=AcceptMission)
[10:48:00] [GOAL] Dmytro achieved AcceptMission
[10:48:00] [MISSION] Frank arrived for ScoutPoi @ Bandit Base (travel=539m, work=220s game)
[10:48:01] [TASK] Bohdan → FulfillMission [ScoutPoi] (goal=CompleteMission)
[10:48:01] [MISSION] Bohdan objective done ScoutPoi @ Abandoned Bus → return to Meadow
[10:48:01] [TASK] Bohdan → FulfillMission [ScoutPoi] (goal=CompleteMission)
[10:48:01] [MISSION] Bohdan objective done ScoutPoi @ Abandoned Hut → return to Cordon
[10:48:01] [TASK] Mykola → FulfillMission [ScoutPoi] (goal=CompleteMission)
[10:48:01] [MISSION] Mykola objective done ScoutPoi @ Ruined Garage → return to Kopachi
[10:48:01] [TASK] Viktor → FulfillMission [ScoutPoi] (goal=CompleteMission)
[10:48:01] [MISSION] Viktor objective done ScoutPoi @ Loot Crate (Rostok-Truck Ce) → return to Yantar
[10:48:01] [TASK] Bohdan → FulfillMission [ScoutPoi] (goal=CompleteMission)
[10:48:01] [MISSION] Bohdan objective done ScoutPoi @ Abandoned Hut → return to Cordon
[10:48:01] [TASK] Alexei → FulfillMission [ScoutPoi] (goal=CompleteMission)
[10:48:01] [MISSION] Alexei objective done ScoutPoi @ Abandoned Hut → return to Cordon
[10:48:01] [TASK] Oleksiy → FulfillMission [ScoutPoi] (goal=CompleteMission)
[10:48:01] [MISSION] Oleksiy objective done ScoutPoi @ Abandoned Bus → return to Meadow
[10:48:01] [TASK] Nikolai → FulfillMission [ScoutPoi] (goal=CompleteMission)
[10:48:01] [MISSION] Nikolai objective done ScoutPoi @ Abandoned Bus → return to Meadow
[10:48:01] [TASK] Yuriy → FulfillMission [ScoutPoi] (goal=CompleteMission)
[10:48:01] [MISSION] Yuriy objective done ScoutPoi @ Forgotten Pillbox → return to Zalissya
[10:48:01] [TASK] Taras → FulfillMission [ScoutPoi] (goal=CompleteMission)
[10:48:01] [MISSION] Taras objective done ScoutPoi @ Hidden Hut → return to Red Forest
[10:48:01] [TASK] Viktor → FulfillMission [ScoutPoi] (goal=CompleteMission)
[10:48:01] [MISSION] Viktor objective done ScoutPoi @ Hidden Hut → return to Red Forest
[10:48:01] [TASK] Igor → FulfillMission [ScoutPoi] (goal=CompleteMission)
[10:48:01] [MISSION] Igor objective done ScoutPoi @ Ruined Garage → return to Kopachi
[10:48:01] [TASK] Mikhail → FulfillMission [ScoutPoi] (goal=CompleteMission)
[10:48:01] [MISSION] Mikhail objective done ScoutPoi @ Hidden Hut → return to Red Forest
[10:48:01] [TASK] Zura → FulfillMission [ScoutPoi] (goal=CompleteMission)
[10:48:01] [MISSION] Zura objective done ScoutPoi @ Ruined Garage → return to Kopachi
[10:48:01] [TASK] Dmytro → FulfillMission [ScoutPoi] (goal=CompleteMission)
[10:48:01] [MISSION] Dmytro objective done ScoutPoi @ Abandoned Hut → return to Cordon
[10:48:01] [TASK] Vasyl → FulfillMission [ScoutPoi] (goal=CompleteMission)
[10:48:01] [MISSION] Vasyl objective done ScoutPoi @ Abandoned Bus → return to Meadow
[10:48:01] [TASK] Andriy → FulfillMission [ScoutPoi] (goal=CompleteMission)
[10:48:01] [MISSION] Andriy objective done ScoutPoi @ Ruined Garage → return to Kopachi
[10:48:01] [TASK] Bohdan → FulfillMission [ScoutPoi] (goal=CompleteMission)
[10:48:01] [MISSION] Bohdan objective done ScoutPoi @ Hidden Hut → return to Red Forest
[10:48:01] [TASK] Pavel → FulfillMission [ScoutPoi] (goal=CompleteMission)
[10:48:01] [MISSION] Pavel objective done ScoutPoi @ Makeshift Outpost → return to Chernobyl Town
[10:48:01] [TASK] Viktor → FulfillMission [ScoutPoi] (goal=CompleteMission)
[10:48:01] [MISSION] Viktor objective done ScoutPoi @ Abandoned Bus → return to Meadow
[10:48:01] [TASK] Bakhyt → FulfillMission [ScoutPoi] (goal=CompleteMission)
[10:48:01] [MISSION] Bakhyt objective done ScoutPoi @ Windswept Cabin → return to Radar (Brain Scorcher)
[10:48:01] [TASK] Mykola → FulfillMission [ScoutPoi] (goal=CompleteMission)
[10:48:01] [MISSION] Mykola objective done ScoutPoi @ Abandoned Bus → return to Meadow
[10:48:01] [TASK] Armen → FulfillMission [ScoutPoi] (goal=CompleteMission)
[10:48:01] [MISSION] Armen objective done ScoutPoi @ Abandoned Hut → return to Cordon
[10:48:01] [TASK] Dmitri → FulfillMission [ScoutPoi] (goal=CompleteMission)
[10:48:01] [MISSION] Dmitri objective done ScoutPoi @ Forgotten Shelter → return to Wild Territory
[10:48:01] [TASK] Dmytro → FulfillMission [ScoutPoi] (goal=CompleteMission)
[10:48:01] [MISSION] Dmytro objective done ScoutPoi @ Sunken Stash → return to Rostok
[10:48:01] [TASK] Yuriy → FulfillMission [ScoutPoi] (goal=CompleteMission)
[10:48:01] [MISSION] Yuriy objective done ScoutPoi @ Abandoned Bus → return to Meadow
[10:48:01] [TASK] Nodar → FulfillMission [ScoutPoi] (goal=CompleteMission)
[10:48:01] [MISSION] Nodar objective done ScoutPoi @ Makeshift Outpost → return to Chernobyl Town
[10:48:01] [TASK] Oleksiy → FulfillMission [ScoutPoi] (goal=CompleteMission)
[10:48:01] [MISSION] Oleksiy objective done ScoutPoi @ Ruined Garage → return to Kopachi
[10:48:01] [TASK] Andriy → FulfillMission [ScoutPoi] (goal=CompleteMission)
[10:48:01] [MISSION] Andriy objective done ScoutPoi @ Ruined Garage → return to Kopachi
[10:48:01] [TASK] Andrei → FulfillMission [ScoutPoi] (goal=CompleteMission)
[10:48:01] [MISSION] Andrei objective done ScoutPoi @ Forgotten Shelter → return to Wild Territory
[10:48:01] [TASK] Nikolai → FulfillMission [ScoutPoi] (goal=CompleteMission)
[10:48:01] [MISSION] Nikolai objective done ScoutPoi @ Abandoned Bus → return to Meadow
[10:48:01] [TASK] Mykola → FulfillMission [ScoutPoi] (goal=CompleteMission)
[10:48:01] [MISSION] Mykola objective done ScoutPoi @ Abandoned Bus → return to Meadow
[10:48:01] [TASK] Damir → FulfillMission [ScoutPoi] (goal=CompleteMission)
[10:48:01] [MISSION] Damir objective done ScoutPoi @ Makeshift Outpost → return to Chernobyl Town
[10:48:01] [TASK] Serhiy → FulfillMission [ScoutPoi] (goal=CompleteMission)
[10:48:01] [MISSION] Serhiy objective done ScoutPoi @ Abandoned Hut → return to Cordon
[10:48:01] [TASK] Dmitri → FulfillMission [ScoutPoi] (goal=CompleteMission)
[10:48:01] [MISSION] Dmitri objective done ScoutPoi @ Abandoned Bus → return to Meadow
[10:48:01] [TASK] Frank → FulfillMission [ScoutPoi] (goal=CompleteMission)
[10:48:01] [MISSION] Frank objective done ScoutPoi @ Bandit Base → return to Truck Cemetery
[10:48:01] [TASK] Bohdan → FulfillMission [ScoutPoi] (goal=CompleteMission)
[10:48:01] [MISSION] Bohdan objective done ScoutPoi @ Hidden Hut → return to Red Forest
[10:48:01] [TASK] Nikolai → FulfillMission [ScoutPoi] (goal=CompleteMission)
[10:48:01] [MISSION] Nikolai objective done ScoutPoi @ Ruined Garage → return to Kopachi
[10:48:01] [TASK] Andriy → FulfillMission [ScoutPoi] (goal=CompleteMission)
[10:48:01] [MISSION] Andriy objective done ScoutPoi @ Forgotten Shelter → return to Wild Territory
[10:48:01] [TASK] Alibek → FulfillMission [ScoutPoi] (goal=CompleteMission)
[10:48:01] [MISSION] Alibek objective done ScoutPoi @ Ruined Garage → return to Kopachi
[10:48:01] [TASK] Serhiy → FulfillMission [ScoutPoi] (goal=CompleteMission)
[10:48:01] [MISSION] Serhiy objective done ScoutPoi @ Forgotten Shelter → return to Wild Territory
[10:48:01] [TASK] Karl → FulfillMission [ScoutPoi] (goal=CompleteMission)
[10:48:01] [MISSION] Karl objective done ScoutPoi @ Forgotten Pillbox → return to Zalissya
[10:48:01] [TASK] Ivan → FulfillMission [ScoutPoi] (goal=CompleteMission)
[10:48:01] [MISSION] Ivan objective done ScoutPoi @ Abandoned Hut → return to Cordon
[10:48:01] [TASK] Dmytro → FulfillMission [ScoutPoi] (goal=CompleteMission)
[10:48:01] [MISSION] Dmytro objective done ScoutPoi @ Abandoned Hut → return to Cordon
[10:48:01] [TASK] Andriy → FulfillMission [ScoutPoi] (goal=CompleteMission)
[10:48:01] [MISSION] Andriy objective done ScoutPoi @ Forgotten Pillbox → return to Zalissya
[10:48:01] [TASK] Alexei → FulfillMission [ScoutPoi] (goal=CompleteMission)
[10:48:01] [MISSION] Alexei objective done ScoutPoi @ Makeshift Outpost → return to Chernobyl Town
[10:48:01] [TASK] Nodar → FulfillMission [ScoutPoi] (goal=CompleteMission)
[10:48:01] [MISSION] Nodar objective done ScoutPoi @ Windswept Cabin → return to Radar (Brain Scorcher)
[10:48:01] [TASK] Pavel → FulfillMission [ScoutPoi] (goal=CompleteMission)
[10:48:01] [MISSION] Pavel objective done ScoutPoi @ Forgotten Pillbox → return to Zalissya
[10:48:01] [TASK] Mykola → FulfillMission [ScoutPoi] (goal=CompleteMission)
[10:48:01] [MISSION] Mykola objective done ScoutPoi @ Abandoned Hut → return to Cordon
[10:48:01] [TASK] Alexei → FulfillMission [ScoutPoi] (goal=CompleteMission)
[10:48:01] [MISSION] Alexei objective done ScoutPoi @ Makeshift Outpost → return to Chernobyl Town
[10:48:01] [TASK] Andrei → FulfillMission [ScoutPoi] (goal=CompleteMission)
[10:48:01] [MISSION] Andrei objective done ScoutPoi @ Forgotten Pillbox → return to Zalissya
[10:48:01] [TASK] Nodar → FulfillMission [ScoutPoi] (goal=CompleteMission)
[10:48:01] [MISSION] Nodar objective done ScoutPoi @ Makeshift Outpost → return to Chernobyl Town
[10:48:01] [TASK] Alibek → FulfillMission [ScoutPoi] (goal=CompleteMission)
[10:48:01] [MISSION] Alibek objective done ScoutPoi @ Makeshift Outpost → return to Chernobyl Town
[10:48:01] [TASK] Pavel → FulfillMission [ScoutPoi] (goal=CompleteMission)
[10:48:01] [MISSION] Pavel objective done ScoutPoi @ Forgotten Pillbox → return to Zalissya
[10:48:01] [TASK] Igor → FulfillMission [ScoutPoi] (goal=CompleteMission)
[10:48:01] [MISSION] Igor objective done ScoutPoi @ Forgotten Shelter → return to Wild Territory
[10:48:01] [TASK] Timur → FulfillMission [ScoutPoi] (goal=CompleteMission)
[10:48:01] [MISSION] Timur objective done ScoutPoi @ Abandoned Hut → return to Cordon
[10:48:01] [TASK] Andrei → FulfillMission [ScoutPoi] (goal=CompleteMission)
[10:48:01] [MISSION] Andrei objective done ScoutPoi @ Makeshift Outpost → return to Chernobyl Town
[10:48:01] [TASK] Dmitri → FulfillMission [ScoutPoi] (goal=CompleteMission)
[10:48:01] [MISSION] Dmitri objective done ScoutPoi @ Hidden Hut → return to Red Forest
[10:48:01] [TASK] Oleg → FulfillMission [ScoutPoi] (goal=CompleteMission)
[10:48:01] [MISSION] Oleg objective done ScoutPoi @ Forgotten Shelter → return to Wild Territory
[10:48:01] [TASK] Viktor → FulfillMission [ScoutPoi] (goal=CompleteMission)
[10:48:01] [MISSION] Viktor objective done ScoutPoi @ Windswept Cabin → return to Radar (Brain Scorcher)
[10:48:01] [TASK] Oleksiy → FulfillMission [ScoutPoi] (goal=CompleteMission)
[10:48:01] [MISSION] Oleksiy objective done ScoutPoi @ Windswept Cabin → return to Radar (Brain Scorcher)
[10:48:01] [TASK] Giorgi → FulfillMission [ScoutPoi] (goal=CompleteMission)
[10:48:01] [MISSION] Giorgi objective done ScoutPoi @ Forgotten Pillbox → return to Zalissya
[10:48:01] [TASK] Ivan → FulfillMission [ScoutPoi] (goal=CompleteMission)
[10:48:01] [MISSION] Ivan objective done ScoutPoi @ Forgotten Pillbox → return to Zalissya
[10:48:01] [TASK] Jake → FulfillMission [ScoutPoi] (goal=CompleteMission)
[10:48:01] [MISSION] Jake objective done ScoutPoi @ Abandoned Hut → return to Cordon
[10:48:01] [TASK] Viktor → FulfillMission [ScoutPoi] (goal=CompleteMission)
[10:48:01] [MISSION] Viktor objective done ScoutPoi @ Hidden Hut → return to Red Forest
[10:48:01] [TASK] Dmitri → FulfillMission [ScoutPoi] (goal=CompleteMission)
[10:48:01] [MISSION] Dmitri objective done ScoutPoi @ Loot Crate (Rostok-Truck Ce) → return to Yantar
[10:48:01] [TASK] Oleg → FulfillMission [ScoutPoi] (goal=CompleteMission)
[10:48:01] [MISSION] Oleg objective done ScoutPoi @ Makeshift Outpost → return to Chernobyl Town
[10:48:01] [TASK] Yuriy → FulfillMission [ScoutPoi] (goal=CompleteMission)
[10:48:01] [MISSION] Yuriy objective done ScoutPoi @ Ruined Garage → return to Kopachi
[10:48:01] [TASK] Mykola → FulfillMission [ScoutPoi] (goal=CompleteMission)
[10:48:01] [MISSION] Mykola objective done ScoutPoi @ Hidden Hut → return to Red Forest
[10:48:01] [TASK] Bohdan → FulfillMission [ScoutPoi] (goal=CompleteMission)
[10:48:01] [MISSION] Bohdan objective done ScoutPoi @ Ruined Garage → return to Kopachi
[10:48:02] [TASK] Dmytro → TurnInMission [ScoutPoi] (goal=CompleteMission)
[10:48:02] [MISSION] Dmytro turned in ScoutPoi @ Rostok (+190 RU)
[10:48:02] [GOAL] Dmytro achieved CompleteMission
[10:48:02] [TASK] Yuriy → TurnInMission [ScoutPoi] (goal=CompleteMission)
[10:48:02] [MISSION] Yuriy turned in ScoutPoi @ Meadow (+164 RU)
[10:48:02] [GOAL] Yuriy achieved CompleteMission
[10:48:02] [TASK] Nodar → TurnInMission [ScoutPoi] (goal=CompleteMission)
[10:48:02] [MISSION] Nodar turned in ScoutPoi @ Chernobyl Town (+200 RU)
[10:48:02] [GOAL] Nodar achieved CompleteMission
[10:48:02] [TASK] Oleksiy → TurnInMission [ScoutPoi] (goal=CompleteMission)
[10:48:02] [MISSION] Oleksiy turned in ScoutPoi @ Kopachi (+196 RU)
[10:48:02] [GOAL] Oleksiy achieved CompleteMission
[10:48:02] [TASK] Andriy → TurnInMission [ScoutPoi] (goal=CompleteMission)
[10:48:02] [MISSION] Andriy turned in ScoutPoi @ Kopachi (+196 RU)
[10:48:02] [GOAL] Andriy achieved CompleteMission
[10:48:02] [TASK] Andrei → TurnInMission [ScoutPoi] (goal=CompleteMission)
[10:48:02] [MISSION] Andrei turned in ScoutPoi @ Wild Territory (+164 RU)
[10:48:02] [GOAL] Andrei achieved CompleteMission
[10:48:02] [TASK] Nikolai → TurnInMission [ScoutPoi] (goal=CompleteMission)
[10:48:02] [MISSION] Nikolai turned in ScoutPoi @ Meadow (+164 RU)
[10:48:02] [GOAL] Nikolai achieved CompleteMission
[10:48:02] [TASK] Mykola → TurnInMission [ScoutPoi] (goal=CompleteMission)
[10:48:02] [MISSION] Mykola turned in ScoutPoi @ Meadow (+164 RU)
[10:48:02] [GOAL] Mykola achieved CompleteMission
[10:48:02] [TASK] Damir → TurnInMission [ScoutPoi] (goal=CompleteMission)
[10:48:02] [MISSION] Damir turned in ScoutPoi @ Chernobyl Town (+200 RU)
[10:48:02] [GOAL] Damir achieved CompleteMission
[10:48:02] [TASK] Serhiy → TurnInMission [ScoutPoi] (goal=CompleteMission)
[10:48:02] [MISSION] Serhiy turned in ScoutPoi @ Cordon (+160 RU)
[10:48:02] [GOAL] Serhiy achieved CompleteMission
[10:48:02] [TASK] Dmitri → TurnInMission [ScoutPoi] (goal=CompleteMission)
[10:48:02] [MISSION] Dmitri turned in ScoutPoi @ Meadow (+164 RU)
[10:48:02] [GOAL] Dmitri achieved CompleteMission
[10:48:02] [TASK] Bohdan → TurnInMission [ScoutPoi] (goal=CompleteMission)
[10:48:02] [MISSION] Bohdan turned in ScoutPoi @ Red Forest (+196 RU)
[10:48:02] [GOAL] Bohdan achieved CompleteMission
[10:48:02] [TASK] Nikolai → TurnInMission [ScoutPoi] (goal=CompleteMission)
[10:48:02] [MISSION] Nikolai turned in ScoutPoi @ Kopachi (+196 RU)
[10:48:02] [GOAL] Nikolai achieved CompleteMission
[10:48:02] [TASK] Andriy → TurnInMission [ScoutPoi] (goal=CompleteMission)
[10:48:02] [MISSION] Andriy turned in ScoutPoi @ Wild Territory (+164 RU)
[10:48:02] [GOAL] Andriy achieved CompleteMission
[10:48:02] [TASK] Alibek → TurnInMission [ScoutPoi] (goal=CompleteMission)
[10:48:02] [MISSION] Alibek turned in ScoutPoi @ Kopachi (+196 RU)
[10:48:02] [GOAL] Alibek achieved CompleteMission
[10:48:02] [TASK] Serhiy → TurnInMission [ScoutPoi] (goal=CompleteMission)
[10:48:02] [MISSION] Serhiy turned in ScoutPoi @ Wild Territory (+164 RU)
[10:48:02] [GOAL] Serhiy achieved CompleteMission
[10:48:02] [TASK] Karl → TurnInMission [ScoutPoi] (goal=CompleteMission)
[10:48:02] [MISSION] Karl turned in ScoutPoi @ Zalissya (+184 RU)
[10:48:02] [GOAL] Karl achieved CompleteMission
[10:48:02] [TASK] Ivan → TurnInMission [ScoutPoi] (goal=CompleteMission)
[10:48:02] [MISSION] Ivan turned in ScoutPoi @ Cordon (+160 RU)
[10:48:02] [GOAL] Ivan achieved CompleteMission
[10:48:02] [TASK] Dmytro → TurnInMission [ScoutPoi] (goal=CompleteMission)
[10:48:02] [MISSION] Dmytro turned in ScoutPoi @ Cordon (+160 RU)
[10:48:02] [GOAL] Dmytro achieved CompleteMission
[10:48:02] [TASK] Andriy → TurnInMission [ScoutPoi] (goal=CompleteMission)
[10:48:02] [MISSION] Andriy turned in ScoutPoi @ Zalissya (+184 RU)
[10:48:02] [GOAL] Andriy achieved CompleteMission
[10:48:02] [TASK] Alexei → TurnInMission [ScoutPoi] (goal=CompleteMission)
[10:48:02] [MISSION] Alexei turned in ScoutPoi @ Chernobyl Town (+200 RU)
[10:48:02] [GOAL] Alexei achieved CompleteMission
[10:48:02] [TASK] Nodar → TurnInMission [ScoutPoi] (goal=CompleteMission)
[10:48:02] [MISSION] Nodar turned in ScoutPoi @ Radar (Brain Scorcher) (+236 RU)
[10:48:02] [GOAL] Nodar achieved CompleteMission
[10:48:02] [TASK] Pavel → TurnInMission [ScoutPoi] (goal=CompleteMission)
[10:48:02] [MISSION] Pavel turned in ScoutPoi @ Zalissya (+184 RU)
[10:48:02] [GOAL] Pavel achieved CompleteMission
[10:48:02] [TASK] Mykola → TurnInMission [ScoutPoi] (goal=CompleteMission)
[10:48:02] [MISSION] Mykola turned in ScoutPoi @ Cordon (+160 RU)
[10:48:02] [GOAL] Mykola achieved CompleteMission
[10:48:02] [TASK] Alexei → TurnInMission [ScoutPoi] (goal=CompleteMission)
[10:48:02] [MISSION] Alexei turned in ScoutPoi @ Chernobyl Town (+200 RU)
[10:48:02] [GOAL] Alexei achieved CompleteMission
[10:48:02] [TASK] Andrei → TurnInMission [ScoutPoi] (goal=CompleteMission)
[10:48:02] [MISSION] Andrei turned in ScoutPoi @ Zalissya (+184 RU)
[10:48:02] [GOAL] Andrei achieved CompleteMission
[10:48:02] [TASK] Nodar → TurnInMission [ScoutPoi] (goal=CompleteMission)
[10:48:02] [MISSION] Nodar turned in ScoutPoi @ Chernobyl Town (+200 RU)
[10:48:02] [GOAL] Nodar achieved CompleteMission
[10:48:02] [TASK] Alibek → TurnInMission [ScoutPoi] (goal=CompleteMission)
[10:48:02] [MISSION] Alibek turned in ScoutPoi @ Chernobyl Town (+200 RU)
[10:48:02] [GOAL] Alibek achieved CompleteMission
[10:48:03] [TASK] Pavel → TurnInMission [ScoutPoi] (goal=CompleteMission)
[10:48:03] [MISSION] Pavel turned in ScoutPoi @ Zalissya (+184 RU)
[10:48:03] [GOAL] Pavel achieved CompleteMission
[10:48:03] [TASK] Igor → TurnInMission [ScoutPoi] (goal=CompleteMission)
[10:48:03] [MISSION] Igor turned in ScoutPoi @ Wild Territory (+164 RU)
[10:48:03] [GOAL] Igor achieved CompleteMission
[10:48:03] [TASK] Timur → TurnInMission [ScoutPoi] (goal=CompleteMission)
[10:48:03] [MISSION] Timur turned in ScoutPoi @ Cordon (+160 RU)
[10:48:03] [GOAL] Timur achieved CompleteMission
[10:48:03] [TASK] Andrei → TurnInMission [ScoutPoi] (goal=CompleteMission)
[10:48:03] [MISSION] Andrei turned in ScoutPoi @ Chernobyl Town (+200 RU)
[10:48:03] [GOAL] Andrei achieved CompleteMission
[10:48:03] [TASK] Dmitri → TurnInMission [ScoutPoi] (goal=CompleteMission)
[10:48:03] [MISSION] Dmitri turned in ScoutPoi @ Red Forest (+196 RU)
[10:48:03] [GOAL] Dmitri achieved CompleteMission
[10:48:03] [TASK] Oleg → TurnInMission [ScoutPoi] (goal=CompleteMission)
[10:48:03] [MISSION] Oleg turned in ScoutPoi @ Wild Territory (+164 RU)
[10:48:03] [GOAL] Oleg achieved CompleteMission
[10:48:03] [TASK] Viktor → TurnInMission [ScoutPoi] (goal=CompleteMission)
[10:48:03] [MISSION] Viktor turned in ScoutPoi @ Radar (Brain Scorcher) (+236 RU)
[10:48:03] [GOAL] Viktor achieved CompleteMission
[10:48:03] [TASK] Oleksiy → TurnInMission [ScoutPoi] (goal=CompleteMission)
[10:48:03] [MISSION] Oleksiy turned in ScoutPoi @ Radar (Brain Scorcher) (+236 RU)
[10:48:03] [GOAL] Oleksiy achieved CompleteMission
[10:48:03] [TASK] Giorgi → TurnInMission [ScoutPoi] (goal=CompleteMission)
[10:48:03] [MISSION] Giorgi turned in ScoutPoi @ Zalissya (+184 RU)
[10:48:03] [GOAL] Giorgi achieved CompleteMission
[10:48:03] [TASK] Ivan → TurnInMission [ScoutPoi] (goal=CompleteMission)
[10:48:03] [MISSION] Ivan turned in ScoutPoi @ Zalissya (+184 RU)
[10:48:03] [GOAL] Ivan achieved CompleteMission
[10:48:03] [TASK] Jake → TurnInMission [ScoutPoi] (goal=CompleteMission)
[10:48:03] [MISSION] Jake turned in ScoutPoi @ Cordon (+160 RU)
[10:48:03] [GOAL] Jake achieved CompleteMission
[10:48:03] [TASK] Viktor → TurnInMission [ScoutPoi] (goal=CompleteMission)
[10:48:03] [MISSION] Viktor turned in ScoutPoi @ Red Forest (+196 RU)
[10:48:03] [GOAL] Viktor achieved CompleteMission
[10:48:03] [TASK] Dmitri → TurnInMission [ScoutPoi] (goal=CompleteMission)
[10:48:03] [MISSION] Dmitri turned in ScoutPoi @ Yantar (+236 RU)
[10:48:03] [GOAL] Dmitri achieved CompleteMission
[10:48:03] [TASK] Oleg → TurnInMission [ScoutPoi] (goal=CompleteMission)
[10:48:03] [MISSION] Oleg turned in ScoutPoi @ Chernobyl Town (+200 RU)
[10:48:03] [GOAL] Oleg achieved CompleteMission
[10:48:03] [TASK] Yuriy → TurnInMission [ScoutPoi] (goal=CompleteMission)
[10:48:03] [MISSION] Yuriy turned in ScoutPoi @ Kopachi (+196 RU)
[10:48:03] [GOAL] Yuriy achieved CompleteMission
[10:48:03] [TASK] Mykola → TurnInMission [ScoutPoi] (goal=CompleteMission)
[10:48:03] [MISSION] Mykola turned in ScoutPoi @ Red Forest (+196 RU)
[10:48:03] [GOAL] Mykola achieved CompleteMission
[10:48:03] [TASK] Bohdan → TurnInMission [ScoutPoi] (goal=CompleteMission)
[10:48:03] [MISSION] Bohdan turned in ScoutPoi @ Kopachi (+196 RU)
[10:48:03] [GOAL] Bohdan achieved CompleteMission
[10:48:03] [TASK] Bohdan → TurnInMission [ScoutPoi] (goal=CompleteMission)
[10:48:03] [MISSION] Bohdan turned in ScoutPoi @ Meadow (+164 RU)
[10:48:03] [GOAL] Bohdan achieved CompleteMission
[10:48:03] [TASK] Bohdan → TurnInMission [ScoutPoi] (goal=CompleteMission)
[10:48:03] [MISSION] Bohdan turned in ScoutPoi @ Cordon (+160 RU)
[10:48:03] [GOAL] Bohdan achieved CompleteMission
[10:48:03] [TASK] Mykola → TurnInMission [ScoutPoi] (goal=CompleteMission)
[10:48:03] [MISSION] Mykola turned in ScoutPoi @ Kopachi (+196 RU)
[10:48:03] [GOAL] Mykola achieved CompleteMission
[10:48:03] [TASK] Viktor → TurnInMission [ScoutPoi] (goal=CompleteMission)
[10:48:03] [MISSION] Viktor turned in ScoutPoi @ Yantar (+236 RU)
[10:48:03] [GOAL] Viktor achieved CompleteMission
[10:48:03] [TASK] Bohdan → TurnInMission [ScoutPoi] (goal=CompleteMission)
[10:48:03] [MISSION] Bohdan turned in ScoutPoi @ Cordon (+160 RU)
[10:48:03] [GOAL] Bohdan achieved CompleteMission
[10:48:03] [TASK] Alexei → TurnInMission [ScoutPoi] (goal=CompleteMission)
[10:48:03] [MISSION] Alexei turned in ScoutPoi @ Cordon (+160 RU)
[10:48:03] [GOAL] Alexei achieved CompleteMission
[10:48:03] [TASK] Oleksiy → TurnInMission [ScoutPoi] (goal=CompleteMission)
[10:48:03] [MISSION] Oleksiy turned in ScoutPoi @ Meadow (+164 RU)
[10:48:03] [GOAL] Oleksiy achieved CompleteMission
[10:48:03] [TASK] Nikolai → TurnInMission [ScoutPoi] (goal=CompleteMission)
[10:48:03] [MISSION] Nikolai turned in ScoutPoi @ Meadow (+164 RU)
[10:48:03] [GOAL] Nikolai achieved CompleteMission
[10:48:03] [TASK] Yuriy → TurnInMission [ScoutPoi] (goal=CompleteMission)
[10:48:03] [MISSION] Yuriy turned in ScoutPoi @ Zalissya (+184 RU)
[10:48:03] [GOAL] Yuriy achieved CompleteMission
[10:48:03] [TASK] Taras → TurnInMission [ScoutPoi] (goal=CompleteMission)
[10:48:03] [MISSION] Taras turned in ScoutPoi @ Red Forest (+196 RU)
[10:48:03] [GOAL] Taras achieved CompleteMission
[10:48:03] [TASK] Viktor → TurnInMission [ScoutPoi] (goal=CompleteMission)
[10:48:03] [MISSION] Viktor turned in ScoutPoi @ Red Forest (+196 RU)
[10:48:03] [GOAL] Viktor achieved CompleteMission
[10:48:03] [TASK] Igor → TurnInMission [ScoutPoi] (goal=CompleteMission)
[10:48:03] [MISSION] Igor turned in ScoutPoi @ Kopachi (+196 RU)
[10:48:03] [GOAL] Igor achieved CompleteMission
[10:48:03] [TASK] Mikhail → TurnInMission [ScoutPoi] (goal=CompleteMission)
[10:48:03] [MISSION] Mikhail turned in ScoutPoi @ Red Forest (+196 RU)
[10:48:03] [GOAL] Mikhail achieved CompleteMission
[10:48:03] [TASK] Zura → TurnInMission [ScoutPoi] (goal=CompleteMission)
[10:48:03] [MISSION] Zura turned in ScoutPoi @ Kopachi (+196 RU)
[10:48:03] [GOAL] Zura achieved CompleteMission
[10:48:03] [TASK] Dmytro → TurnInMission [ScoutPoi] (goal=CompleteMission)
[10:48:03] [MISSION] Dmytro turned in ScoutPoi @ Cordon (+160 RU)
[10:48:03] [GOAL] Dmytro achieved CompleteMission
[10:48:03] [TASK] Vasyl → TurnInMission [ScoutPoi] (goal=CompleteMission)
[10:48:03] [MISSION] Vasyl turned in ScoutPoi @ Meadow (+164 RU)
[10:48:03] [GOAL] Vasyl achieved CompleteMission
[10:48:03] [TASK] Andriy → TurnInMission [ScoutPoi] (goal=CompleteMission)
[10:48:03] [MISSION] Andriy turned in ScoutPoi @ Kopachi (+196 RU)
[10:48:03] [GOAL] Andriy achieved CompleteMission
[10:48:03] [TASK] Bohdan → TurnInMission [ScoutPoi] (goal=CompleteMission)
[10:48:03] [MISSION] Bohdan turned in ScoutPoi @ Red Forest (+196 RU)
[10:48:03] [GOAL] Bohdan achieved CompleteMission
[10:48:03] [TASK] Pavel → TurnInMission [ScoutPoi] (goal=CompleteMission)
[10:48:03] [MISSION] Pavel turned in ScoutPoi @ Chernobyl Town (+200 RU)
[10:48:03] [GOAL] Pavel achieved CompleteMission
[10:48:03] [TASK] Viktor → TurnInMission [ScoutPoi] (goal=CompleteMission)
[10:48:03] [MISSION] Viktor turned in ScoutPoi @ Meadow (+164 RU)
[10:48:03] [GOAL] Viktor achieved CompleteMission
[10:48:03] [TASK] Bakhyt → TurnInMission [ScoutPoi] (goal=CompleteMission)
[10:48:03] [MISSION] Bakhyt turned in ScoutPoi @ Radar (Brain Scorcher) (+236 RU)
[10:48:03] [GOAL] Bakhyt achieved CompleteMission
[10:48:03] [TASK] Mykola → TurnInMission [ScoutPoi] (goal=CompleteMission)
[10:48:03] [MISSION] Mykola turned in ScoutPoi @ Meadow (+164 RU)
[10:48:03] [GOAL] Mykola achieved CompleteMission
[10:48:03] [TASK] Armen → TurnInMission [ScoutPoi] (goal=CompleteMission)
[10:48:03] [MISSION] Armen turned in ScoutPoi @ Cordon (+160 RU)
[10:48:03] [GOAL] Armen achieved CompleteMission
[10:48:03] [TASK] Dmitri → TurnInMission [ScoutPoi] (goal=CompleteMission)
[10:48:03] [MISSION] Dmitri turned in ScoutPoi @ Wild Territory (+164 RU)
[10:48:03] [GOAL] Dmitri achieved CompleteMission
[10:48:03] [MISSION] Dmytro accepted ScoutPoi @ Rostok (190 RU)
[10:48:03] [TASK] Dmytro → AcceptMission [ScoutPoi] (goal=AcceptMission)
[10:48:03] [GOAL] Dmytro achieved AcceptMission
[10:48:03] [MISSION] Yuriy accepted ScoutPoi @ Meadow (164 RU)
[10:48:03] [TASK] Yuriy → AcceptMission [ScoutPoi] (goal=AcceptMission)
[10:48:03] [GOAL] Yuriy achieved AcceptMission
[10:48:03] [MISSION] Nodar accepted ScoutPoi @ Chernobyl Town (200 RU)
[10:48:03] [TASK] Nodar → AcceptMission [ScoutPoi] (goal=AcceptMission)
[10:48:03] [GOAL] Nodar achieved AcceptMission
[10:48:03] [MISSION] Oleksiy accepted ScoutPoi @ Kopachi (196 RU)
[10:48:03] [TASK] Oleksiy → AcceptMission [ScoutPoi] (goal=AcceptMission)
[10:48:03] [GOAL] Oleksiy achieved AcceptMission
[10:48:03] [MISSION] Andriy accepted ScoutPoi @ Kopachi (196 RU)
[10:48:03] [TASK] Andriy → AcceptMission [ScoutPoi] (goal=AcceptMission)
[10:48:03] [GOAL] Andriy achieved AcceptMission
[10:48:03] [MISSION] Andrei accepted ScoutPoi @ Wild Territory (164 RU)
[10:48:03] [TASK] Andrei → AcceptMission [ScoutPoi] (goal=AcceptMission)
[10:48:03] [GOAL] Andrei achieved AcceptMission
[10:48:03] [MISSION] Nikolai accepted ScoutPoi @ Meadow (164 RU)
[10:48:03] [TASK] Nikolai → AcceptMission [ScoutPoi] (goal=AcceptMission)
[10:48:03] [GOAL] Nikolai achieved AcceptMission
[10:48:03] [MISSION] Mykola accepted ScoutPoi @ Meadow (164 RU)
[10:48:03] [TASK] Mykola → AcceptMission [ScoutPoi] (goal=AcceptMission)
[10:48:03] [GOAL] Mykola achieved AcceptMission
[10:48:03] [MISSION] Damir accepted ScoutPoi @ Chernobyl Town (200 RU)
[10:48:03] [TASK] Damir → AcceptMission [ScoutPoi] (goal=AcceptMission)
[10:48:03] [GOAL] Damir achieved AcceptMission
[10:48:03] [MISSION] Serhiy accepted ScoutPoi @ Cordon (160 RU)
[10:48:03] [TASK] Serhiy → AcceptMission [ScoutPoi] (goal=AcceptMission)
[10:48:03] [GOAL] Serhiy achieved AcceptMission
[10:48:03] [MISSION] Dmitri accepted ScoutPoi @ Meadow (164 RU)
[10:48:03] [TASK] Dmitri → AcceptMission [ScoutPoi] (goal=AcceptMission)
[10:48:03] [GOAL] Dmitri achieved AcceptMission
[10:48:03] [MISSION] Bohdan accepted ScoutPoi @ Red Forest (196 RU)
[10:48:03] [TASK] Bohdan → AcceptMission [ScoutPoi] (goal=AcceptMission)
[10:48:03] [GOAL] Bohdan achieved AcceptMission
[10:48:03] [MISSION] Nikolai accepted ScoutPoi @ Kopachi (196 RU)
[10:48:03] [TASK] Nikolai → AcceptMission [ScoutPoi] (goal=AcceptMission)
[10:48:03] [GOAL] Nikolai achieved AcceptMission
[10:48:03] [MISSION] Andriy accepted ScoutPoi @ Wild Territory (164 RU)
[10:48:03] [TASK] Andriy → AcceptMission [ScoutPoi] (goal=AcceptMission)
[10:48:03] [GOAL] Andriy achieved AcceptMission
[10:48:03] [MISSION] Alibek accepted ScoutPoi @ Kopachi (196 RU)
[10:48:03] [TASK] Alibek → AcceptMission [ScoutPoi] (goal=AcceptMission)
[10:48:03] [GOAL] Alibek achieved AcceptMission
[10:48:03] [MISSION] Serhiy accepted ScoutPoi @ Wild Territory (164 RU)
[10:48:03] [TASK] Serhiy → AcceptMission [ScoutPoi] (goal=AcceptMission)
[10:48:03] [GOAL] Serhiy achieved AcceptMission
[10:48:03] [MISSION] Karl accepted ScoutPoi @ Zalissya (184 RU)
[10:48:03] [TASK] Karl → AcceptMission [ScoutPoi] (goal=AcceptMission)
[10:48:03] [GOAL] Karl achieved AcceptMission
[10:48:03] [MISSION] Ivan accepted ScoutPoi @ Cordon (160 RU)
[10:48:03] [TASK] Ivan → AcceptMission [ScoutPoi] (goal=AcceptMission)
[10:48:03] [GOAL] Ivan achieved AcceptMission
[10:48:03] [MISSION] Dmytro accepted ScoutPoi @ Cordon (160 RU)
[10:48:03] [TASK] Dmytro → AcceptMission [ScoutPoi] (goal=AcceptMission)
[10:48:03] [GOAL] Dmytro achieved AcceptMission
[10:48:03] [MISSION] Andriy accepted ScoutPoi @ Zalissya (184 RU)
[10:48:03] [TASK] Andriy → AcceptMission [ScoutPoi] (goal=AcceptMission)
[10:48:03] [GOAL] Andriy achieved AcceptMission
[10:48:03] [MISSION] Alexei accepted ScoutPoi @ Chernobyl Town (200 RU)
[10:48:03] [TASK] Alexei → AcceptMission [ScoutPoi] (goal=AcceptMission)
[10:48:03] [GOAL] Alexei achieved AcceptMission
[10:48:03] [MISSION] Nodar accepted ScoutPoi @ Radar (Brain Scorcher) (236 RU)
[10:48:03] [TASK] Nodar → AcceptMission [ScoutPoi] (goal=AcceptMission)
[10:48:03] [GOAL] Nodar achieved AcceptMission
[10:48:03] [MISSION] Pavel accepted ScoutPoi @ Zalissya (184 RU)
[10:48:03] [TASK] Pavel → AcceptMission [ScoutPoi] (goal=AcceptMission)
[10:48:03] [GOAL] Pavel achieved AcceptMission
[10:48:03] [MISSION] Mykola accepted ScoutPoi @ Cordon (160 RU)
[10:48:03] [TASK] Mykola → AcceptMission [ScoutPoi] (goal=AcceptMission)
[10:48:03] [GOAL] Mykola achieved AcceptMission
[10:48:03] [MISSION] Alexei accepted ScoutPoi @ Chernobyl Town (200 RU)
[10:48:03] [TASK] Alexei → AcceptMission [ScoutPoi] (goal=AcceptMission)
[10:48:03] [GOAL] Alexei achieved AcceptMission
[10:48:03] [MISSION] Andrei accepted ScoutPoi @ Zalissya (184 RU)
[10:48:03] [TASK] Andrei → AcceptMission [ScoutPoi] (goal=AcceptMission)
[10:48:03] [GOAL] Andrei achieved AcceptMission
[10:48:03] [MISSION] Nodar accepted ScoutPoi @ Chernobyl Town (200 RU)
[10:48:03] [TASK] Nodar → AcceptMission [ScoutPoi] (goal=AcceptMission)
[10:48:03] [GOAL] Nodar achieved AcceptMission
[10:48:03] [MISSION] Alibek accepted ScoutPoi @ Chernobyl Town (200 RU)
[10:48:03] [TASK] Alibek → AcceptMission [ScoutPoi] (goal=AcceptMission)
[10:48:03] [GOAL] Alibek achieved AcceptMission
[10:48:03] [MISSION] Pavel accepted ScoutPoi @ Zalissya (184 RU)
[10:48:03] [TASK] Pavel → AcceptMission [ScoutPoi] (goal=AcceptMission)
[10:48:03] [GOAL] Pavel achieved AcceptMission
[10:48:03] [MISSION] Igor accepted ScoutPoi @ Wild Territory (164 RU)
[10:48:03] [TASK] Igor → AcceptMission [ScoutPoi] (goal=AcceptMission)
[10:48:03] [GOAL] Igor achieved AcceptMission
[10:48:03] [MISSION] Timur accepted ScoutPoi @ Cordon (160 RU)
[10:48:03] [TASK] Timur → AcceptMission [ScoutPoi] (goal=AcceptMission)
[10:48:03] [GOAL] Timur achieved AcceptMission
[10:48:03] [MISSION] Andrei accepted ScoutPoi @ Chernobyl Town (200 RU)
[10:48:03] [TASK] Andrei → AcceptMission [ScoutPoi] (goal=AcceptMission)
[10:48:03] [GOAL] Andrei achieved AcceptMission
[10:48:03] [MISSION] Dmitri accepted ScoutPoi @ Red Forest (196 RU)
[10:48:03] [TASK] Dmitri → AcceptMission [ScoutPoi] (goal=AcceptMission)
[10:48:03] [GOAL] Dmitri achieved AcceptMission
[10:48:03] [MISSION] Oleg accepted ScoutPoi @ Wild Territory (164 RU)
[10:48:03] [TASK] Oleg → AcceptMission [ScoutPoi] (goal=AcceptMission)
[10:48:03] [GOAL] Oleg achieved AcceptMission
[10:48:03] [MISSION] Viktor accepted ScoutPoi @ Radar (Brain Scorcher) (236 RU)
[10:48:03] [TASK] Viktor → AcceptMission [ScoutPoi] (goal=AcceptMission)
[10:48:03] [GOAL] Viktor achieved AcceptMission
[10:48:03] [MISSION] Oleksiy accepted ScoutPoi @ Radar (Brain Scorcher) (236 RU)
[10:48:03] [TASK] Oleksiy → AcceptMission [ScoutPoi] (goal=AcceptMission)
[10:48:03] [GOAL] Oleksiy achieved AcceptMission
[10:48:03] [MISSION] Giorgi accepted ScoutPoi @ Zalissya (184 RU)
[10:48:03] [TASK] Giorgi → AcceptMission [ScoutPoi] (goal=AcceptMission)
[10:48:03] [GOAL] Giorgi achieved AcceptMission
[10:48:03] [MISSION] Ivan accepted ScoutPoi @ Zalissya (184 RU)
[10:48:03] [TASK] Ivan → AcceptMission [ScoutPoi] (goal=AcceptMission)
[10:48:03] [GOAL] Ivan achieved AcceptMission
[10:48:03] [MISSION] Jake accepted ScoutPoi @ Cordon (160 RU)
[10:48:03] [TASK] Jake → AcceptMission [ScoutPoi] (goal=AcceptMission)
[10:48:03] [GOAL] Jake achieved AcceptMission
[10:48:03] [MISSION] Viktor accepted ScoutPoi @ Red Forest (196 RU)
[10:48:03] [TASK] Viktor → AcceptMission [ScoutPoi] (goal=AcceptMission)
[10:48:03] [GOAL] Viktor achieved AcceptMission
[10:48:03] [MISSION] Dmitri accepted ScoutPoi @ Yantar (236 RU)
[10:48:03] [TASK] Dmitri → AcceptMission [ScoutPoi] (goal=AcceptMission)
[10:48:03] [GOAL] Dmitri achieved AcceptMission
[10:48:03] [MISSION] Oleg accepted ScoutPoi @ Chernobyl Town (200 RU)
[10:48:03] [TASK] Oleg → AcceptMission [ScoutPoi] (goal=AcceptMission)
[10:48:03] [GOAL] Oleg achieved AcceptMission
[10:48:03] [MISSION] Yuriy accepted ScoutPoi @ Kopachi (196 RU)
[10:48:03] [TASK] Yuriy → AcceptMission [ScoutPoi] (goal=AcceptMission)
[10:48:03] [GOAL] Yuriy achieved AcceptMission
[10:48:03] [MISSION] Mykola accepted ScoutPoi @ Red Forest (196 RU)
[10:48:03] [TASK] Mykola → AcceptMission [ScoutPoi] (goal=AcceptMission)
[10:48:03] [GOAL] Mykola achieved AcceptMission
[10:48:03] [MISSION] Bohdan accepted ScoutPoi @ Kopachi (196 RU)
[10:48:03] [TASK] Bohdan → AcceptMission [ScoutPoi] (goal=AcceptMission)
[10:48:03] [GOAL] Bohdan achieved AcceptMission
[10:48:03] [MISSION] Bohdan accepted ScoutPoi @ Meadow (164 RU)
[10:48:03] [TASK] Bohdan → AcceptMission [ScoutPoi] (goal=AcceptMission)
[10:48:03] [GOAL] Bohdan achieved AcceptMission
[10:48:03] [MISSION] Bohdan accepted ScoutPoi @ Cordon (160 RU)
[10:48:03] [TASK] Bohdan → AcceptMission [ScoutPoi] (goal=AcceptMission)
[10:48:03] [GOAL] Bohdan achieved AcceptMission
[10:48:03] [MISSION] Mykola accepted ScoutPoi @ Kopachi (196 RU)
[10:48:03] [TASK] Mykola → AcceptMission [ScoutPoi] (goal=AcceptMission)
[10:48:03] [GOAL] Mykola achieved AcceptMission
[10:48:03] [MISSION] Viktor accepted ScoutPoi @ Yantar (236 RU)
[10:48:03] [TASK] Viktor → AcceptMission [ScoutPoi] (goal=AcceptMission)
[10:48:03] [GOAL] Viktor achieved AcceptMission
[10:48:03] [MISSION] Bohdan accepted ScoutPoi @ Cordon (160 RU)
[10:48:03] [TASK] Bohdan → AcceptMission [ScoutPoi] (goal=AcceptMission)
[10:48:03] [GOAL] Bohdan achieved AcceptMission
[10:48:03] [MISSION] Alexei accepted ScoutPoi @ Cordon (160 RU)
[10:48:03] [TASK] Alexei → AcceptMission [ScoutPoi] (goal=AcceptMission)
[10:48:03] [GOAL] Alexei achieved AcceptMission
[10:48:03] [MISSION] Oleksiy accepted ScoutPoi @ Meadow (164 RU)
[10:48:03] [TASK] Oleksiy → AcceptMission [ScoutPoi] (goal=AcceptMission)
[10:48:03] [GOAL] Oleksiy achieved AcceptMission
[10:48:03] [MISSION] Nikolai accepted ScoutPoi @ Meadow (164 RU)
[10:48:03] [TASK] Nikolai → AcceptMission [ScoutPoi] (goal=AcceptMission)
[10:48:03] [GOAL] Nikolai achieved AcceptMission
[10:48:03] [MISSION] Yuriy accepted ScoutPoi @ Zalissya (184 RU)
[10:48:03] [TASK] Yuriy → AcceptMission [ScoutPoi] (goal=AcceptMission)
[10:48:03] [GOAL] Yuriy achieved AcceptMission
[10:48:03] [MISSION] Taras accepted ScoutPoi @ Red Forest (196 RU)
[10:48:03] [TASK] Taras → AcceptMission [ScoutPoi] (goal=AcceptMission)
[10:48:03] [GOAL] Taras achieved AcceptMission
[10:48:03] [MISSION] Viktor accepted ScoutPoi @ Red Forest (196 RU)
[10:48:03] [TASK] Viktor → AcceptMission [ScoutPoi] (goal=AcceptMission)
[10:48:03] [GOAL] Viktor achieved AcceptMission
[10:48:03] [MISSION] Igor accepted ScoutPoi @ Kopachi (196 RU)
[10:48:03] [TASK] Igor → AcceptMission [ScoutPoi] (goal=AcceptMission)
[10:48:03] [GOAL] Igor achieved AcceptMission
[10:48:03] [MISSION] Mikhail accepted ScoutPoi @ Red Forest (196 RU)
[10:48:03] [TASK] Mikhail → AcceptMission [ScoutPoi] (goal=AcceptMission)
[10:48:03] [GOAL] Mikhail achieved AcceptMission
[10:48:03] [MISSION] Zura accepted ScoutPoi @ Kopachi (196 RU)
[10:48:03] [TASK] Zura → AcceptMission [ScoutPoi] (goal=AcceptMission)
[10:48:03] [GOAL] Zura achieved AcceptMission
[10:48:03] [MISSION] Dmytro accepted ScoutPoi @ Cordon (160 RU)
[10:48:03] [TASK] Dmytro → AcceptMission [ScoutPoi] (goal=AcceptMission)
[10:48:03] [GOAL] Dmytro achieved AcceptMission
[10:48:03] [MISSION] Vasyl accepted ScoutPoi @ Meadow (164 RU)
[10:48:03] [TASK] Vasyl → AcceptMission [ScoutPoi] (goal=AcceptMission)
[10:48:03] [GOAL] Vasyl achieved AcceptMission
[10:48:03] [MISSION] Andriy accepted ScoutPoi @ Kopachi (196 RU)
[10:48:03] [TASK] Andriy → AcceptMission [ScoutPoi] (goal=AcceptMission)
[10:48:03] [GOAL] Andriy achieved AcceptMission
[10:48:03] [MISSION] Bohdan accepted ScoutPoi @ Red Forest (196 RU)
[10:48:03] [TASK] Bohdan → AcceptMission [ScoutPoi] (goal=AcceptMission)
[10:48:03] [GOAL] Bohdan achieved AcceptMission
[10:48:03] [MISSION] Pavel accepted ScoutPoi @ Chernobyl Town (200 RU)
[10:48:03] [TASK] Pavel → AcceptMission [ScoutPoi] (goal=AcceptMission)
[10:48:03] [GOAL] Pavel achieved AcceptMission
[10:48:03] [MISSION] Viktor accepted ScoutPoi @ Meadow (164 RU)
[10:48:03] [TASK] Viktor → AcceptMission [ScoutPoi] (goal=AcceptMission)
[10:48:03] [GOAL] Viktor achieved AcceptMission
[10:48:03] [MISSION] Bakhyt accepted ScoutPoi @ Radar (Brain Scorcher) (236 RU)
[10:48:03] [TASK] Bakhyt → AcceptMission [ScoutPoi] (goal=AcceptMission)
[10:48:03] [GOAL] Bakhyt achieved AcceptMission
[10:48:03] [MISSION] Mykola accepted ScoutPoi @ Meadow (164 RU)
[10:48:03] [TASK] Mykola → AcceptMission [ScoutPoi] (goal=AcceptMission)
[10:48:03] [GOAL] Mykola achieved AcceptMission
[10:48:03] [MISSION] Armen accepted ScoutPoi @ Cordon (160 RU)
[10:48:03] [TASK] Armen → AcceptMission [ScoutPoi] (goal=AcceptMission)
[10:48:03] [GOAL] Armen achieved AcceptMission
[10:48:03] [MISSION] Dmitri accepted ScoutPoi @ Wild Territory (164 RU)
[10:48:03] [TASK] Dmitri → AcceptMission [ScoutPoi] (goal=AcceptMission)
[10:48:03] [GOAL] Dmitri achieved AcceptMission
[10:48:12] [COMBAT] Taras Sokolov 'Scar' killed Alibek Sokolov 'Mole' using wpn_gauss
[10:48:12] [GEAR] Taras looted [wpn_aek971] via combat
[10:48:12] [SNAPSHOT] real=21.6min game=D0 00:48 alive S=319 M=209 corpses=426 lootable=131 gammaGear out=170 helm=276 avgRU=1076 leaderGoals trade=0 mission=69 emission=Dormant nextIn=56gmin desperate=3 hungry=0 interval deaths=1 combats=1 tasks=210 gearLoot=1 gearBuy=0 missions=140 corpseDespawn=33 trickleSpawns=8 ranks=[Rookie:244,Trainee:8,Experienced:28,Professional:23,Veteran:12,Expert:4] goals=[Idle:106,CompleteMission::69] leaders: Dmytro[Rookie/CompleteMission:], Oleg[Rookie/Idle], Yuriy[Rookie/CompleteMission:], Andrei[Rookie/Idle], Ivan[Rookie/Idle]
[10:48:13] [COMBAT] Dmitri Bondarenko 'Razor' killed Dmytro Ivanov 'Shadow' using wpn_pkm
[10:48:13] [GEAR] Dmitri looted [arm_duty] via combat
[10:48:18] [CORPSE] Despawned 12 bodies (lifetime=1716)
[10:48:23] [COMBAT] Bohdan Sokolov 'Fox' killed Bloodsucker using wpn_gauss
[10:48:32] [SPAWN] Trickle +0 stalkers, +1 mutants
[10:48:32] [CORPSE] Despawned 16 bodies (lifetime=1732)
[10:48:34] [COMBAT] Igor Sokolov 'Raven' killed Flesh using wpn_pkm
[10:48:42] [SNAPSHOT] real=22.1min game=D0 00:49 alive S=317 M=208 corpses=402 lootable=124 gammaGear out=169 helm=274 avgRU=1077 leaderGoals trade=0 mission=68 emission=Dormant nextIn=55gmin desperate=3 hungry=0 interval deaths=2 combats=4 tasks=0 gearLoot=1 gearBuy=0 missions=0 corpseDespawn=28 trickleSpawns=1 ranks=[Rookie:242,Trainee:8,Experienced:28,Professional:23,Veteran:12,Expert:4] goals=[Idle:105,CompleteMission::68] leaders: Oleg[Rookie/Idle], Yuriy[Rookie/CompleteMission:], Andrei[Rookie/Idle], Ivan[Rookie/Idle], Andriy[Rookie/Idle]
[10:48:45] [CORPSE] Despawned 11 bodies (lifetime=1743)
[10:48:49] [COMBAT] Andrei Popov 'Bone' killed Burer using wpn_vintorez
[10:48:51] [COMBAT] Nikolai Bondarenko 'Scar' killed Bloodsucker using wpn_p90
[10:48:51] [MISSION] Marcus accepted ScoutPoi @ Wild Territory (164 RU)
[10:48:51] [TASK] Marcus → AcceptMission [ScoutPoi] (goal=AcceptMission)
[10:48:51] [GOAL] Marcus achieved AcceptMission
[10:48:56] [COMBAT] Andriy Shevchenko 'Jackal' killed Pseudodog using wpn_m4a1
[10:48:58] [CORPSE] Despawned 12 bodies (lifetime=1755)
[10:49:01] [COMBAT] Mykola Kovalenko 'Viper' killed Fracture using wpn_fn2000
[10:49:11] [CORPSE] Despawned 10 bodies (lifetime=1765)
[10:49:12] [SNAPSHOT] real=22.6min game=D0 00:50 alive S=315 M=204 corpses=375 lootable=118 gammaGear out=168 helm=272 avgRU=1076 leaderGoals trade=0 mission=68 emission=Dormant nextIn=54gmin desperate=3 hungry=0 interval deaths=2 combats=6 tasks=1 gearLoot=0 gearBuy=0 missions=1 corpseDespawn=33 trickleSpawns=0 ranks=[Rookie:241,Trainee:8,Experienced:27,Professional:23,Veteran:12,Expert:4] goals=[Idle:105,CompleteMission::68] leaders: Oleg[Rookie/Idle], Yuriy[Rookie/CompleteMission:], Andrei[Rookie/Idle], Ivan[Rookie/Idle], Andriy[Rookie/Idle]
[10:49:18] [RANK] Andriy Shevchenko 'Spark' → Professional
[10:49:18] [COMBAT] Andriy Shevchenko 'Spark' killed Snork using wpn_ak74
[10:49:24] [CORPSE] Despawned 10 bodies (lifetime=1775)
[10:49:33] [SPAWN] Trickle +5 stalkers, +0 mutants
[10:49:33] [MISSION] Alibek accepted ScoutPoi @ Dead City (Chernobyl-2 Settlement) (190 RU)
[10:49:33] [TASK] Alibek → AcceptMission [ScoutPoi] (goal=AcceptMission)
[10:49:33] [GOAL] Alibek achieved AcceptMission
[10:49:33] [MISSION] Mikhail accepted ScoutPoi @ Dark Valley (168 RU)
[10:49:33] [TASK] Mikhail → AcceptMission [ScoutPoi] (goal=AcceptMission)
[10:49:33] [GOAL] Mikhail achieved AcceptMission
[10:49:37] [CORPSE] Despawned 7 bodies (lifetime=1782)
[10:49:42] [COMBAT] Vasyl Volkov 'Shadow' killed Poltergeist using wpn_ak74
[10:49:44] [SNAPSHOT] real=23.2min game=D0 00:51 alive S=318 M=202 corpses=362 lootable=112 gammaGear out=171 helm=275 avgRU=1072 leaderGoals trade=0 mission=69 emission=Dormant nextIn=53gmin desperate=3 hungry=0 interval deaths=2 combats=4 tasks=2 gearLoot=0 gearBuy=0 missions=2 corpseDespawn=17 trickleSpawns=5 ranks=[Rookie:245,Trainee:8,Experienced:25,Professional:24,Veteran:12,Expert:4] goals=[Idle:104,CompleteMission::69] leaders: Alibek[Rookie/CompleteMission:], Mikhail[Rookie/CompleteMission:], Oleg[Rookie/Idle], Yuriy[Rookie/CompleteMission:], Ivan[Rookie/Idle]
[10:49:50] [CORPSE] Despawned 7 bodies (lifetime=1789)
[10:49:52] [COMBAT] Dmitri Sokolov 'Ash' killed Sergei Kovalenko 'Bone' using wpn_sg550
[10:49:53] [COMBAT] Damir Sokolov 'Mole' killed Dmitri Popov 'Fox' using wpn_sg550
[10:49:56] [COMBAT] Igor Popov 'Shadow' killed Bohdan Volkov 'The Nail' using wpn_svd
[10:49:57] [COMBAT] Nodar Petrenko 'Badger' killed Mikhail Bondarenko 'Lucky' using wpn_pkm
[10:50:03] [CORPSE] Despawned 14 bodies (lifetime=1803)
[10:50:15] [SNAPSHOT] real=23.7min game=D0 00:52 alive S=312 M=202 corpses=347 lootable=108 gammaGear out=166 helm=270 avgRU=1076 leaderGoals trade=0 mission=68 emission=Dormant nextIn=51gmin desperate=2 hungry=0 interval deaths=6 combats=6 tasks=0 gearLoot=0 gearBuy=0 missions=0 corpseDespawn=21 trickleSpawns=0 ranks=[Rookie:239,Trainee:8,Experienced:25,Professional:24,Veteran:12,Expert:4] goals=[Idle:102,CompleteMission::68] leaders: Alibek[Rookie/CompleteMission:], Oleg[Rookie/Idle], Yuriy[Rookie/CompleteMission:], Ivan[Rookie/Idle], Andriy[Rookie/Idle]
[10:50:16] [CORPSE] Despawned 20 bodies (lifetime=1823)
[10:50:18] [COMBAT] Vasyl Kovalenko 'Shadow' killed Alibek Shevchenko 'Phantom' using wpn_ak74
[10:50:18] [GEAR] Vasyl looted [wpn_fn2000] via combat
[10:50:29] [CORPSE] Despawned 23 bodies (lifetime=1846)
[10:50:30] [SPAWN] Trickle +4 stalkers, +0 mutants
[10:50:30] [MISSION] Taras accepted ScoutPoi @ Chernobyl Town (200 RU)
[10:50:30] [TASK] Taras → AcceptMission [ScoutPoi] (goal=AcceptMission)
[10:50:30] [GOAL] Taras achieved AcceptMission
[10:50:32] [SPAWN] Trickle +1 stalkers, +0 mutants
[10:50:40] [SPAWN] Trickle +5 stalkers, +0 mutants
[10:50:40] [MISSION] Oleksiy accepted ScoutPoi @ Cordon (160 RU)
[10:50:40] [TASK] Oleksiy → AcceptMission [ScoutPoi] (goal=AcceptMission)
[10:50:40] [GOAL] Oleksiy achieved AcceptMission
[10:50:40] [MISSION] Serhiy accepted ScoutPoi @ Kopachi (196 RU)
[10:50:40] [TASK] Serhiy → AcceptMission [ScoutPoi] (goal=AcceptMission)
[10:50:40] [GOAL] Serhiy achieved AcceptMission
[10:50:42] [CORPSE] Despawned 33 bodies (lifetime=1879)
[10:50:45] [SNAPSHOT] real=24.2min game=D0 00:54 alive S=319 M=202 corpses=274 lootable=105 gammaGear out=169 helm=276 avgRU=1071 leaderGoals trade=0 mission=70 emission=Dormant nextIn=50gmin desperate=1 hungry=0 interval deaths=3 combats=3 tasks=3 gearLoot=1 gearBuy=0 missions=3 corpseDespawn=76 trickleSpawns=10 ranks=[Rookie:246,Trainee:8,Experienced:25,Professional:24,Veteran:12,Expert:4] goals=[Idle:104,CompleteMission::70] leaders: Serhiy[Rookie/Idle], Taras[Rookie/CompleteMission:], Mikhail[Rookie/Idle], Oleg[Rookie/Idle], Yuriy[Rookie/CompleteMission:]
[10:50:46] [SPAWN] Trickle +0 stalkers, +1 mutants
[10:50:53] [SPAWN] Trickle +0 stalkers, +1 mutants
[10:50:55] [CORPSE] Despawned 25 bodies (lifetime=1904)
[10:50:56] [COMBAT] Mikhail Popov 'Ghost' killed Burer using wpn_ak74
[10:51:03] [RANK] Mykola Sokolov 'Crow' → Professional
[10:51:03] [COMBAT] Mykola Sokolov 'Crow' killed Bloodsucker using wpn_ak74
[10:51:08] [CORPSE] Despawned 21 bodies (lifetime=1925)
[10:51:16] [SNAPSHOT] real=24.7min game=D0 00:55 alive S=318 M=202 corpses=231 lootable=102 gammaGear out=169 helm=276 avgRU=1072 leaderGoals trade=0 mission=70 emission=Dormant nextIn=49gmin desperate=1 hungry=0 interval deaths=1 combats=3 tasks=0 gearLoot=0 gearBuy=0 missions=0 corpseDespawn=46 trickleSpawns=2 ranks=[Rookie:245,Trainee:8,Experienced:24,Professional:25,Veteran:12,Expert:4] goals=[Idle:104,CompleteMission::70] leaders: Serhiy[Rookie/Idle], Taras[Rookie/CompleteMission:], Mikhail[Rookie/Idle], Oleg[Rookie/Idle], Yuriy[Rookie/CompleteMission:]
[10:51:20] [SPAWN] Trickle +1 stalkers, +0 mutants
[10:51:20] [MISSION] Ivan accepted ScoutPoi @ Great Swamps (168 RU)
[10:51:20] [TASK] Ivan → AcceptMission [ScoutPoi] (goal=AcceptMission)
[10:51:20] [GOAL] Ivan achieved AcceptMission
[10:51:21] [CORPSE] Despawned 11 bodies (lifetime=1936)
[10:51:34] [CORPSE] Despawned 12 bodies (lifetime=1948)
[10:51:47] [SNAPSHOT] real=25.2min game=D0 00:56 alive S=319 M=202 corpses=208 lootable=98 gammaGear out=170 helm=277 avgRU=1071 leaderGoals trade=0 mission=71 emission=Dormant nextIn=48gmin desperate=1 hungry=0 interval deaths=0 combats=0 tasks=1 gearLoot=0 gearBuy=0 missions=1 corpseDespawn=23 trickleSpawns=1 ranks=[Rookie:246,Trainee:8,Experienced:24,Professional:25,Veteran:12,Expert:4] goals=[Idle:104,CompleteMission::71] leaders: Serhiy[Rookie/Idle], Taras[Rookie/CompleteMission:], Mikhail[Rookie/Idle], Oleg[Rookie/Idle], Yuriy[Rookie/CompleteMission:]
[10:51:47] [CORPSE] Despawned 12 bodies (lifetime=1960)
[10:51:53] [SPAWN] Trickle +0 stalkers, +1 mutants
[10:51:54] [SPAWN] Trickle +5 stalkers, +0 mutants
[10:51:54] [MISSION] Serhiy accepted ScoutPoi @ Meadow (164 RU)
[10:51:54] [TASK] Serhiy → AcceptMission [ScoutPoi] (goal=AcceptMission)
[10:51:54] [GOAL] Serhiy achieved AcceptMission
[10:51:54] [MISSION] Nikolai accepted ScoutPoi @ Garbage (196 RU)
[10:51:54] [TASK] Nikolai → AcceptMission [ScoutPoi] (goal=AcceptMission)
[10:51:54] [GOAL] Nikolai achieved AcceptMission
[10:51:57] [COMBAT] Serhiy Kovalenko 'Jackal' killed Pseudodog using wpn_aksu
[10:52:01] [SPAWN] Trickle +0 stalkers, +1 mutants
[10:52:01] [CORPSE] Despawned 6 bodies (lifetime=1966)
[10:52:10] [COMBAT] Serhiy Sokolov 'Badger' killed Tushkano using wpn_pm
[10:52:14] [CORPSE] Despawned 12 bodies (lifetime=1978)
[10:52:18] [SNAPSHOT] real=25.7min game=D0 00:57 alive S=324 M=202 corpses=180 lootable=91 gammaGear out=174 helm=280 avgRU=1068 leaderGoals trade=0 mission=73 emission=Dormant nextIn=47gmin desperate=1 hungry=0 interval deaths=0 combats=2 tasks=2 gearLoot=0 gearBuy=0 missions=2 corpseDespawn=30 trickleSpawns=7 ranks=[Rookie:251,Trainee:8,Experienced:24,Professional:25,Veteran:12,Expert:4] goals=[Idle:104,CompleteMission::73] leaders: Serhiy[Rookie/Idle], Taras[Rookie/CompleteMission:], Mikhail[Rookie/Idle], Oleg[Rookie/Idle], Yuriy[Rookie/CompleteMission:]
[10:52:27] [CORPSE] Despawned 5 bodies (lifetime=1983)
[10:52:40] [CORPSE] Despawned 6 bodies (lifetime=1989)
[10:52:41] [SPAWN] Trickle +1 stalkers, +0 mutants
[10:52:48] [SNAPSHOT] real=26.2min game=D0 00:58 alive S=325 M=202 corpses=169 lootable=91 gammaGear out=174 helm=281 avgRU=1067 leaderGoals trade=0 mission=73 emission=Dormant nextIn=45gmin desperate=1 hungry=0 interval deaths=0 combats=0 tasks=0 gearLoot=0 gearBuy=0 missions=0 corpseDespawn=11 trickleSpawns=1 ranks=[Rookie:252,Trainee:8,Experienced:24,Professional:25,Veteran:12,Expert:4] goals=[Idle:105,CompleteMission::73] leaders: Serhiy[Rookie/Idle], Taras[Rookie/CompleteMission:], Mikhail[Rookie/Idle], Oleg[Rookie/Idle], Yuriy[Rookie/CompleteMission:]
[10:52:53] [CORPSE] Despawned 11 bodies (lifetime=2000)
[10:53:02] [SPAWN] Trickle +1 stalkers, +0 mutants
[10:53:02] [MISSION] Sergei accepted ScoutPoi @ Deserted Hospital (200 RU)
[10:53:02] [TASK] Sergei → AcceptMission [ScoutPoi] (goal=AcceptMission)
[10:53:02] [GOAL] Sergei achieved AcceptMission
[10:53:02] [MISSION] Ivan arrived for ScoutPoi @ Makeshift Camp (Cordon-Meadow) (travel=633m, work=241s game)
[10:53:04] [COMBAT] Oleksiy Petrenko 'Badger' killed Pseudodog using wpn_gauss
[10:53:04] [TASK] Oleksiy → FulfillMission [ScoutPoi] (goal=CompleteMission)
[10:53:04] [MISSION] Oleksiy objective done ScoutPoi @ Ruined Garage → return to Kopachi
[10:53:04] [TASK] Andriy → FulfillMission [ScoutPoi] (goal=CompleteMission)
[10:53:04] [MISSION] Andriy objective done ScoutPoi @ Ruined Garage → return to Kopachi
[10:53:04] [TASK] Andrei → FulfillMission [ScoutPoi] (goal=CompleteMission)
[10:53:04] [MISSION] Andrei objective done ScoutPoi @ Forgotten Shelter → return to Wild Territory
[10:53:04] [TASK] Nikolai → FulfillMission [ScoutPoi] (goal=CompleteMission)
[10:53:04] [MISSION] Nikolai objective done ScoutPoi @ Abandoned Bus → return to Meadow
[10:53:04] [TASK] Mykola → FulfillMission [ScoutPoi] (goal=CompleteMission)
[10:53:04] [MISSION] Mykola objective done ScoutPoi @ Abandoned Bus → return to Meadow
[10:53:04] [TASK] Damir → FulfillMission [ScoutPoi] (goal=CompleteMission)
[10:53:04] [MISSION] Damir objective done ScoutPoi @ Makeshift Outpost → return to Chernobyl Town
[10:53:04] [TASK] Serhiy → FulfillMission [ScoutPoi] (goal=CompleteMission)
[10:53:04] [MISSION] Serhiy objective done ScoutPoi @ Abandoned Hut → return to Cordon
[10:53:04] [TASK] Dmitri → FulfillMission [ScoutPoi] (goal=CompleteMission)
[10:53:04] [MISSION] Dmitri objective done ScoutPoi @ Abandoned Bus → return to Meadow
[10:53:04] [TASK] Sergei → FulfillMission [ScoutPoi] (goal=CompleteMission)
[10:53:04] [MISSION] Sergei objective done ScoutPoi @ Makeshift Camp (Garbage-Agroprom) → return to Deserted Hospital
[10:53:04] [TASK] Oleksiy → FulfillMission [ScoutPoi] (goal=CompleteMission)
[10:53:04] [MISSION] Oleksiy objective done ScoutPoi @ Abandoned Hut → return to Cordon
[10:53:04] [TASK] Serhiy → FulfillMission [ScoutPoi] (goal=CompleteMission)
[10:53:04] [MISSION] Serhiy objective done ScoutPoi @ Ruined Garage → return to Kopachi
[10:53:04] [TASK] Bohdan → FulfillMission [ScoutPoi] (goal=CompleteMission)
[10:53:04] [MISSION] Bohdan objective done ScoutPoi @ Hidden Hut → return to Red Forest
[10:53:04] [TASK] Alibek → FulfillMission [ScoutPoi] (goal=CompleteMission)
[10:53:04] [MISSION] Alibek objective done ScoutPoi @ Ruined Garage → return to Kopachi
[10:53:04] [TASK] Serhiy → FulfillMission [ScoutPoi] (goal=CompleteMission)
[10:53:04] [MISSION] Serhiy objective done ScoutPoi @ Forgotten Shelter → return to Wild Territory
[10:53:04] [TASK] Karl → FulfillMission [ScoutPoi] (goal=CompleteMission)
[10:53:04] [MISSION] Karl objective done ScoutPoi @ Forgotten Pillbox → return to Zalissya
[10:53:04] [TASK] Ivan → FulfillMission [ScoutPoi] (goal=CompleteMission)
[10:53:04] [MISSION] Ivan objective done ScoutPoi @ Abandoned Hut → return to Cordon
[10:53:04] [TASK] Dmytro → FulfillMission [ScoutPoi] (goal=CompleteMission)
[10:53:04] [MISSION] Dmytro objective done ScoutPoi @ Abandoned Hut → return to Cordon
[10:53:04] [TASK] Andriy → FulfillMission [ScoutPoi] (goal=CompleteMission)
[10:53:04] [MISSION] Andriy objective done ScoutPoi @ Forgotten Pillbox → return to Zalissya
[10:53:04] [TASK] Alexei → FulfillMission [ScoutPoi] (goal=CompleteMission)
[10:53:04] [MISSION] Alexei objective done ScoutPoi @ Makeshift Outpost → return to Chernobyl Town
[10:53:04] [TASK] Nodar → FulfillMission [ScoutPoi] (goal=CompleteMission)
[10:53:04] [MISSION] Nodar objective done ScoutPoi @ Windswept Cabin → return to Radar (Brain Scorcher)
[10:53:04] [TASK] Pavel → FulfillMission [ScoutPoi] (goal=CompleteMission)
[10:53:04] [MISSION] Pavel objective done ScoutPoi @ Forgotten Pillbox → return to Zalissya
[10:53:04] [TASK] Mykola → FulfillMission [ScoutPoi] (goal=CompleteMission)
[10:53:04] [MISSION] Mykola objective done ScoutPoi @ Abandoned Hut → return to Cordon
[10:53:04] [TASK] Alexei → FulfillMission [ScoutPoi] (goal=CompleteMission)
[10:53:04] [MISSION] Alexei objective done ScoutPoi @ Makeshift Outpost → return to Chernobyl Town
[10:53:04] [TASK] Andrei → FulfillMission [ScoutPoi] (goal=CompleteMission)
[10:53:04] [MISSION] Andrei objective done ScoutPoi @ Forgotten Pillbox → return to Zalissya
[10:53:04] [TASK] Nodar → FulfillMission [ScoutPoi] (goal=CompleteMission)
[10:53:04] [MISSION] Nodar objective done ScoutPoi @ Makeshift Outpost → return to Chernobyl Town
[10:53:04] [TASK] Alibek → FulfillMission [ScoutPoi] (goal=CompleteMission)
[10:53:04] [MISSION] Alibek objective done ScoutPoi @ Makeshift Outpost → return to Chernobyl Town
[10:53:04] [TASK] Pavel → FulfillMission [ScoutPoi] (goal=CompleteMission)
[10:53:04] [MISSION] Pavel objective done ScoutPoi @ Forgotten Pillbox → return to Zalissya
[10:53:04] [TASK] Marcus → FulfillMission [ScoutPoi] (goal=CompleteMission)
[10:53:04] [MISSION] Marcus objective done ScoutPoi @ Forgotten Shelter → return to Wild Territory
[10:53:04] [TASK] Timur → FulfillMission [ScoutPoi] (goal=CompleteMission)
[10:53:04] [MISSION] Timur objective done ScoutPoi @ Abandoned Hut → return to Cordon
[10:53:04] [TASK] Andrei → FulfillMission [ScoutPoi] (goal=CompleteMission)
[10:53:04] [MISSION] Andrei objective done ScoutPoi @ Makeshift Outpost → return to Chernobyl Town
[10:53:04] [TASK] Dmitri → FulfillMission [ScoutPoi] (goal=CompleteMission)
[10:53:04] [MISSION] Dmitri objective done ScoutPoi @ Hidden Hut → return to Red Forest
[10:53:04] [TASK] Oleg → FulfillMission [ScoutPoi] (goal=CompleteMission)
[10:53:04] [MISSION] Oleg objective done ScoutPoi @ Forgotten Shelter → return to Wild Territory
[10:53:04] [TASK] Viktor → FulfillMission [ScoutPoi] (goal=CompleteMission)
[10:53:04] [MISSION] Viktor objective done ScoutPoi @ Windswept Cabin → return to Radar (Brain Scorcher)
[10:53:04] [TASK] Oleksiy → FulfillMission [ScoutPoi] (goal=CompleteMission)
[10:53:04] [MISSION] Oleksiy objective done ScoutPoi @ Windswept Cabin → return to Radar (Brain Scorcher)
[10:53:04] [TASK] Giorgi → FulfillMission [ScoutPoi] (goal=CompleteMission)
[10:53:04] [MISSION] Giorgi objective done ScoutPoi @ Forgotten Pillbox → return to Zalissya
[10:53:04] [TASK] Ivan → FulfillMission [ScoutPoi] (goal=CompleteMission)
[10:53:04] [MISSION] Ivan objective done ScoutPoi @ Forgotten Pillbox → return to Zalissya
[10:53:04] [TASK] Jake → FulfillMission [ScoutPoi] (goal=CompleteMission)
[10:53:04] [MISSION] Jake objective done ScoutPoi @ Abandoned Hut → return to Cordon
[10:53:04] [TASK] Viktor → FulfillMission [ScoutPoi] (goal=CompleteMission)
[10:53:04] [MISSION] Viktor objective done ScoutPoi @ Hidden Hut → return to Red Forest
[10:53:04] [TASK] Dmitri → FulfillMission [ScoutPoi] (goal=CompleteMission)
[10:53:04] [MISSION] Dmitri objective done ScoutPoi @ Loot Crate (Rostok-Truck Ce) → return to Yantar
[10:53:04] [TASK] Oleg → FulfillMission [ScoutPoi] (goal=CompleteMission)
[10:53:04] [MISSION] Oleg objective done ScoutPoi @ Makeshift Outpost → return to Chernobyl Town
[10:53:04] [TASK] Yuriy → FulfillMission [ScoutPoi] (goal=CompleteMission)
[10:53:04] [MISSION] Yuriy objective done ScoutPoi @ Ruined Garage → return to Kopachi
[10:53:04] [TASK] Mykola → FulfillMission [ScoutPoi] (goal=CompleteMission)
[10:53:04] [MISSION] Mykola objective done ScoutPoi @ Hidden Hut → return to Red Forest
[10:53:04] [TASK] Bohdan → FulfillMission [ScoutPoi] (goal=CompleteMission)
[10:53:04] [MISSION] Bohdan objective done ScoutPoi @ Ruined Garage → return to Kopachi
[10:53:04] [TASK] Bohdan → FulfillMission [ScoutPoi] (goal=CompleteMission)
[10:53:04] [MISSION] Bohdan objective done ScoutPoi @ Abandoned Bus → return to Meadow
[10:53:04] [TASK] Bohdan → FulfillMission [ScoutPoi] (goal=CompleteMission)
[10:53:04] [MISSION] Bohdan objective done ScoutPoi @ Abandoned Hut → return to Cordon
[10:53:04] [TASK] Mykola → FulfillMission [ScoutPoi] (goal=CompleteMission)
[10:53:04] [MISSION] Mykola objective done ScoutPoi @ Ruined Garage → return to Kopachi
[10:53:04] [TASK] Viktor → FulfillMission [ScoutPoi] (goal=CompleteMission)
[10:53:04] [MISSION] Viktor objective done ScoutPoi @ Loot Crate (Rostok-Truck Ce) → return to Yantar
[10:53:04] [TASK] Bohdan → FulfillMission [ScoutPoi] (goal=CompleteMission)
[10:53:04] [MISSION] Bohdan objective done ScoutPoi @ Abandoned Hut → return to Cordon
[10:53:04] [TASK] Alexei → FulfillMission [ScoutPoi] (goal=CompleteMission)
[10:53:04] [MISSION] Alexei objective done ScoutPoi @ Abandoned Hut → return to Cordon
[10:53:04] [TASK] Oleksiy → FulfillMission [ScoutPoi] (goal=CompleteMission)
[10:53:04] [MISSION] Oleksiy objective done ScoutPoi @ Abandoned Bus → return to Meadow
[10:53:04] [TASK] Nikolai → FulfillMission [ScoutPoi] (goal=CompleteMission)
[10:53:04] [MISSION] Nikolai objective done ScoutPoi @ Abandoned Bus → return to Meadow
[10:53:04] [TASK] Yuriy → FulfillMission [ScoutPoi] (goal=CompleteMission)
[10:53:04] [MISSION] Yuriy objective done ScoutPoi @ Forgotten Pillbox → return to Zalissya
[10:53:04] [TASK] Taras → FulfillMission [ScoutPoi] (goal=CompleteMission)
[10:53:04] [MISSION] Taras objective done ScoutPoi @ Hidden Hut → return to Red Forest
[10:53:04] [TASK] Viktor → FulfillMission [ScoutPoi] (goal=CompleteMission)
[10:53:04] [MISSION] Viktor objective done ScoutPoi @ Hidden Hut → return to Red Forest
[10:53:04] [TASK] Igor → FulfillMission [ScoutPoi] (goal=CompleteMission)
[10:53:04] [MISSION] Igor objective done ScoutPoi @ Ruined Garage → return to Kopachi
[10:53:04] [TASK] Mikhail → FulfillMission [ScoutPoi] (goal=CompleteMission)
[10:53:04] [MISSION] Mikhail objective done ScoutPoi @ Hidden Hut → return to Red Forest
[10:53:04] [TASK] Zura → FulfillMission [ScoutPoi] (goal=CompleteMission)
[10:53:04] [MISSION] Zura objective done ScoutPoi @ Ruined Garage → return to Kopachi
[10:53:04] [TASK] Dmytro → FulfillMission [ScoutPoi] (goal=CompleteMission)
[10:53:04] [MISSION] Dmytro objective done ScoutPoi @ Abandoned Hut → return to Cordon
[10:53:04] [TASK] Serhiy → FulfillMission [ScoutPoi] (goal=CompleteMission)
[10:53:04] [MISSION] Serhiy objective done ScoutPoi @ Abandoned Bus → return to Meadow
[10:53:04] [TASK] Nikolai → FulfillMission [ScoutPoi] (goal=CompleteMission)
[10:53:04] [MISSION] Nikolai objective done ScoutPoi @ Derelict Stash → return to Garbage
[10:53:04] [TASK] Vasyl → FulfillMission [ScoutPoi] (goal=CompleteMission)
[10:53:04] [MISSION] Vasyl objective done ScoutPoi @ Abandoned Bus → return to Meadow
[10:53:04] [TASK] Andriy → FulfillMission [ScoutPoi] (goal=CompleteMission)
[10:53:04] [MISSION] Andriy objective done ScoutPoi @ Ruined Garage → return to Kopachi
[10:53:04] [TASK] Bohdan → FulfillMission [ScoutPoi] (goal=CompleteMission)
[10:53:04] [MISSION] Bohdan objective done ScoutPoi @ Hidden Hut → return to Red Forest
[10:53:04] [TASK] Pavel → FulfillMission [ScoutPoi] (goal=CompleteMission)
[10:53:04] [MISSION] Pavel objective done ScoutPoi @ Makeshift Outpost → return to Chernobyl Town
[10:53:04] [TASK] Viktor → FulfillMission [ScoutPoi] (goal=CompleteMission)
[10:53:04] [MISSION] Viktor objective done ScoutPoi @ Abandoned Bus → return to Meadow
[10:53:04] [TASK] Bakhyt → FulfillMission [ScoutPoi] (goal=CompleteMission)
[10:53:04] [MISSION] Bakhyt objective done ScoutPoi @ Windswept Cabin → return to Radar (Brain Scorcher)
[10:53:04] [TASK] Mykola → FulfillMission [ScoutPoi] (goal=CompleteMission)
[10:53:04] [MISSION] Mykola objective done ScoutPoi @ Abandoned Bus → return to Meadow
[10:53:04] [TASK] Armen → FulfillMission [ScoutPoi] (goal=CompleteMission)
[10:53:04] [MISSION] Armen objective done ScoutPoi @ Abandoned Hut → return to Cordon
[10:53:04] [TASK] Dmitri → FulfillMission [ScoutPoi] (goal=CompleteMission)
[10:53:04] [MISSION] Dmitri objective done ScoutPoi @ Forgotten Shelter → return to Wild Territory
[10:53:04] [TASK] Taras → FulfillMission [ScoutPoi] (goal=CompleteMission)
[10:53:04] [MISSION] Taras objective done ScoutPoi @ Makeshift Outpost → return to Chernobyl Town
[10:53:04] [TASK] Yuriy → FulfillMission [ScoutPoi] (goal=CompleteMission)
[10:53:04] [MISSION] Yuriy objective done ScoutPoi @ Abandoned Bus → return to Meadow
[10:53:04] [TASK] Ivan → FulfillMission [ScoutPoi] (goal=CompleteMission)
[10:53:04] [MISSION] Ivan objective done ScoutPoi @ Makeshift Camp (Cordon-Meadow) → return to Great Swamps
[10:53:04] [TASK] Nodar → FulfillMission [ScoutPoi] (goal=CompleteMission)
[10:53:04] [MISSION] Nodar objective done ScoutPoi @ Makeshift Outpost → return to Chernobyl Town
[10:53:05] [TASK] Taras → TurnInMission [ScoutPoi] (goal=CompleteMission)
[10:53:05] [MISSION] Taras turned in ScoutPoi @ Chernobyl Town (+200 RU)
[10:53:05] [GOAL] Taras achieved CompleteMission
[10:53:05] [TASK] Yuriy → TurnInMission [ScoutPoi] (goal=CompleteMission)
[10:53:05] [MISSION] Yuriy turned in ScoutPoi @ Meadow (+164 RU)
[10:53:05] [GOAL] Yuriy achieved CompleteMission
[10:53:05] [TASK] Nodar → TurnInMission [ScoutPoi] (goal=CompleteMission)
[10:53:05] [MISSION] Nodar turned in ScoutPoi @ Chernobyl Town (+200 RU)
[10:53:05] [GOAL] Nodar achieved CompleteMission
[10:53:05] [TASK] Oleksiy → TurnInMission [ScoutPoi] (goal=CompleteMission)
[10:53:05] [MISSION] Oleksiy turned in ScoutPoi @ Kopachi (+196 RU)
[10:53:05] [GOAL] Oleksiy achieved CompleteMission
[10:53:05] [TASK] Andriy → TurnInMission [ScoutPoi] (goal=CompleteMission)
[10:53:05] [MISSION] Andriy turned in ScoutPoi @ Kopachi (+196 RU)
[10:53:05] [GOAL] Andriy achieved CompleteMission
[10:53:05] [TASK] Andrei → TurnInMission [ScoutPoi] (goal=CompleteMission)
[10:53:05] [MISSION] Andrei turned in ScoutPoi @ Wild Territory (+164 RU)
[10:53:05] [GOAL] Andrei achieved CompleteMission
[10:53:05] [TASK] Nikolai → TurnInMission [ScoutPoi] (goal=CompleteMission)
[10:53:05] [MISSION] Nikolai turned in ScoutPoi @ Meadow (+164 RU)
[10:53:05] [GOAL] Nikolai achieved CompleteMission
[10:53:05] [TASK] Mykola → TurnInMission [ScoutPoi] (goal=CompleteMission)
[10:53:05] [MISSION] Mykola turned in ScoutPoi @ Meadow (+164 RU)
[10:53:05] [GOAL] Mykola achieved CompleteMission
[10:53:05] [TASK] Damir → TurnInMission [ScoutPoi] (goal=CompleteMission)
[10:53:05] [MISSION] Damir turned in ScoutPoi @ Chernobyl Town (+200 RU)
[10:53:05] [GOAL] Damir achieved CompleteMission
[10:53:05] [TASK] Serhiy → TurnInMission [ScoutPoi] (goal=CompleteMission)
[10:53:05] [MISSION] Serhiy turned in ScoutPoi @ Cordon (+160 RU)
[10:53:05] [GOAL] Serhiy achieved CompleteMission
[10:53:05] [TASK] Dmitri → TurnInMission [ScoutPoi] (goal=CompleteMission)
[10:53:05] [MISSION] Dmitri turned in ScoutPoi @ Meadow (+164 RU)
[10:53:05] [GOAL] Dmitri achieved CompleteMission
[10:53:05] [TASK] Sergei → TurnInMission [ScoutPoi] (goal=CompleteMission)
[10:53:05] [MISSION] Sergei turned in ScoutPoi @ Deserted Hospital (+200 RU)
[10:53:05] [GOAL] Sergei achieved CompleteMission
[10:53:05] [TASK] Oleksiy → TurnInMission [ScoutPoi] (goal=CompleteMission)
[10:53:05] [MISSION] Oleksiy turned in ScoutPoi @ Cordon (+160 RU)
[10:53:05] [GOAL] Oleksiy achieved CompleteMission
[10:53:05] [TASK] Serhiy → TurnInMission [ScoutPoi] (goal=CompleteMission)
[10:53:05] [MISSION] Serhiy turned in ScoutPoi @ Kopachi (+196 RU)
[10:53:05] [GOAL] Serhiy achieved CompleteMission
[10:53:05] [TASK] Bohdan → TurnInMission [ScoutPoi] (goal=CompleteMission)
[10:53:05] [MISSION] Bohdan turned in ScoutPoi @ Red Forest (+196 RU)
[10:53:05] [GOAL] Bohdan achieved CompleteMission
[10:53:05] [TASK] Alibek → TurnInMission [ScoutPoi] (goal=CompleteMission)
[10:53:05] [MISSION] Alibek turned in ScoutPoi @ Kopachi (+196 RU)
[10:53:05] [GOAL] Alibek achieved CompleteMission
[10:53:05] [TASK] Serhiy → TurnInMission [ScoutPoi] (goal=CompleteMission)
[10:53:05] [MISSION] Serhiy turned in ScoutPoi @ Wild Territory (+164 RU)
[10:53:05] [GOAL] Serhiy achieved CompleteMission
[10:53:05] [TASK] Karl → TurnInMission [ScoutPoi] (goal=CompleteMission)
[10:53:05] [MISSION] Karl turned in ScoutPoi @ Zalissya (+184 RU)
[10:53:05] [GOAL] Karl achieved CompleteMission
[10:53:05] [TASK] Ivan → TurnInMission [ScoutPoi] (goal=CompleteMission)
[10:53:05] [MISSION] Ivan turned in ScoutPoi @ Cordon (+160 RU)
[10:53:05] [GOAL] Ivan achieved CompleteMission
[10:53:05] [TASK] Dmytro → TurnInMission [ScoutPoi] (goal=CompleteMission)
[10:53:05] [MISSION] Dmytro turned in ScoutPoi @ Cordon (+160 RU)
[10:53:05] [GOAL] Dmytro achieved CompleteMission
[10:53:05] [TASK] Andriy → TurnInMission [ScoutPoi] (goal=CompleteMission)
[10:53:05] [MISSION] Andriy turned in ScoutPoi @ Zalissya (+184 RU)
[10:53:05] [GOAL] Andriy achieved CompleteMission
[10:53:05] [TASK] Alexei → TurnInMission [ScoutPoi] (goal=CompleteMission)
[10:53:05] [MISSION] Alexei turned in ScoutPoi @ Chernobyl Town (+200 RU)
[10:53:05] [GOAL] Alexei achieved CompleteMission
[10:53:05] [TASK] Nodar → TurnInMission [ScoutPoi] (goal=CompleteMission)
[10:53:05] [MISSION] Nodar turned in ScoutPoi @ Radar (Brain Scorcher) (+236 RU)
[10:53:05] [GOAL] Nodar achieved CompleteMission
[10:53:05] [TASK] Pavel → TurnInMission [ScoutPoi] (goal=CompleteMission)
[10:53:05] [MISSION] Pavel turned in ScoutPoi @ Zalissya (+184 RU)
[10:53:05] [GOAL] Pavel achieved CompleteMission
[10:53:05] [TASK] Mykola → TurnInMission [ScoutPoi] (goal=CompleteMission)
[10:53:05] [MISSION] Mykola turned in ScoutPoi @ Cordon (+160 RU)
[10:53:05] [GOAL] Mykola achieved CompleteMission
[10:53:05] [TASK] Alexei → TurnInMission [ScoutPoi] (goal=CompleteMission)
[10:53:05] [MISSION] Alexei turned in ScoutPoi @ Chernobyl Town (+200 RU)
[10:53:05] [GOAL] Alexei achieved CompleteMission
[10:53:05] [TASK] Andrei → TurnInMission [ScoutPoi] (goal=CompleteMission)
[10:53:05] [MISSION] Andrei turned in ScoutPoi @ Zalissya (+184 RU)
[10:53:05] [GOAL] Andrei achieved CompleteMission
[10:53:05] [TASK] Nodar → TurnInMission [ScoutPoi] (goal=CompleteMission)
[10:53:05] [MISSION] Nodar turned in ScoutPoi @ Chernobyl Town (+200 RU)
[10:53:05] [GOAL] Nodar achieved CompleteMission
[10:53:05] [TASK] Alibek → TurnInMission [ScoutPoi] (goal=CompleteMission)
[10:53:05] [MISSION] Alibek turned in ScoutPoi @ Chernobyl Town (+200 RU)
[10:53:05] [GOAL] Alibek achieved CompleteMission
[10:53:05] [TASK] Pavel → TurnInMission [ScoutPoi] (goal=CompleteMission)
[10:53:05] [MISSION] Pavel turned in ScoutPoi @ Zalissya (+184 RU)
[10:53:05] [GOAL] Pavel achieved CompleteMission
[10:53:05] [TASK] Marcus → TurnInMission [ScoutPoi] (goal=CompleteMission)
[10:53:05] [MISSION] Marcus turned in ScoutPoi @ Wild Territory (+164 RU)
[10:53:05] [GOAL] Marcus achieved CompleteMission
[10:53:05] [TASK] Timur → TurnInMission [ScoutPoi] (goal=CompleteMission)
[10:53:05] [MISSION] Timur turned in ScoutPoi @ Cordon (+160 RU)
[10:53:05] [GOAL] Timur achieved CompleteMission
[10:53:05] [TASK] Andrei → TurnInMission [ScoutPoi] (goal=CompleteMission)
[10:53:05] [MISSION] Andrei turned in ScoutPoi @ Chernobyl Town (+200 RU)
[10:53:05] [GOAL] Andrei achieved CompleteMission
[10:53:05] [TASK] Dmitri → TurnInMission [ScoutPoi] (goal=CompleteMission)
[10:53:05] [MISSION] Dmitri turned in ScoutPoi @ Red Forest (+196 RU)
[10:53:05] [GOAL] Dmitri achieved CompleteMission
[10:53:05] [TASK] Oleg → TurnInMission [ScoutPoi] (goal=CompleteMission)
[10:53:05] [MISSION] Oleg turned in ScoutPoi @ Wild Territory (+164 RU)
[10:53:05] [GOAL] Oleg achieved CompleteMission
[10:53:05] [TASK] Viktor → TurnInMission [ScoutPoi] (goal=CompleteMission)
[10:53:05] [MISSION] Viktor turned in ScoutPoi @ Radar (Brain Scorcher) (+236 RU)
[10:53:05] [GOAL] Viktor achieved CompleteMission
[10:53:05] [TASK] Oleksiy → TurnInMission [ScoutPoi] (goal=CompleteMission)
[10:53:05] [MISSION] Oleksiy turned in ScoutPoi @ Radar (Brain Scorcher) (+236 RU)
[10:53:05] [GOAL] Oleksiy achieved CompleteMission
[10:53:05] [TASK] Giorgi → TurnInMission [ScoutPoi] (goal=CompleteMission)
[10:53:05] [MISSION] Giorgi turned in ScoutPoi @ Zalissya (+184 RU)
[10:53:05] [GOAL] Giorgi achieved CompleteMission
[10:53:05] [TASK] Ivan → TurnInMission [ScoutPoi] (goal=CompleteMission)
[10:53:05] [MISSION] Ivan turned in ScoutPoi @ Zalissya (+184 RU)
[10:53:05] [GOAL] Ivan achieved CompleteMission
[10:53:05] [TASK] Jake → TurnInMission [ScoutPoi] (goal=CompleteMission)
[10:53:05] [MISSION] Jake turned in ScoutPoi @ Cordon (+160 RU)
[10:53:05] [GOAL] Jake achieved CompleteMission
[10:53:05] [TASK] Viktor → TurnInMission [ScoutPoi] (goal=CompleteMission)
[10:53:05] [MISSION] Viktor turned in ScoutPoi @ Red Forest (+196 RU)
[10:53:05] [GOAL] Viktor achieved CompleteMission
[10:53:05] [TASK] Dmitri → TurnInMission [ScoutPoi] (goal=CompleteMission)
[10:53:05] [MISSION] Dmitri turned in ScoutPoi @ Yantar (+236 RU)
[10:53:05] [GOAL] Dmitri achieved CompleteMission
[10:53:05] [TASK] Oleg → TurnInMission [ScoutPoi] (goal=CompleteMission)
[10:53:05] [MISSION] Oleg turned in ScoutPoi @ Chernobyl Town (+200 RU)
[10:53:05] [GOAL] Oleg achieved CompleteMission
[10:53:05] [TASK] Yuriy → TurnInMission [ScoutPoi] (goal=CompleteMission)
[10:53:05] [MISSION] Yuriy turned in ScoutPoi @ Kopachi (+196 RU)
[10:53:05] [GOAL] Yuriy achieved CompleteMission
[10:53:05] [TASK] Mykola → TurnInMission [ScoutPoi] (goal=CompleteMission)
[10:53:05] [MISSION] Mykola turned in ScoutPoi @ Red Forest (+196 RU)
[10:53:05] [GOAL] Mykola achieved CompleteMission
[10:53:05] [TASK] Bohdan → TurnInMission [ScoutPoi] (goal=CompleteMission)
[10:53:05] [MISSION] Bohdan turned in ScoutPoi @ Kopachi (+196 RU)
[10:53:05] [GOAL] Bohdan achieved CompleteMission
[10:53:05] [TASK] Bohdan → TurnInMission [ScoutPoi] (goal=CompleteMission)
[10:53:05] [MISSION] Bohdan turned in ScoutPoi @ Meadow (+164 RU)
[10:53:05] [GOAL] Bohdan achieved CompleteMission
[10:53:05] [TASK] Bohdan → TurnInMission [ScoutPoi] (goal=CompleteMission)
[10:53:05] [MISSION] Bohdan turned in ScoutPoi @ Cordon (+160 RU)
[10:53:05] [GOAL] Bohdan achieved CompleteMission
[10:53:05] [TASK] Mykola → TurnInMission [ScoutPoi] (goal=CompleteMission)
[10:53:05] [MISSION] Mykola turned in ScoutPoi @ Kopachi (+196 RU)
[10:53:05] [GOAL] Mykola achieved CompleteMission
[10:53:05] [TASK] Viktor → TurnInMission [ScoutPoi] (goal=CompleteMission)
[10:53:05] [MISSION] Viktor turned in ScoutPoi @ Yantar (+236 RU)
[10:53:05] [GOAL] Viktor achieved CompleteMission
[10:53:05] [TASK] Bohdan → TurnInMission [ScoutPoi] (goal=CompleteMission)
[10:53:05] [MISSION] Bohdan turned in ScoutPoi @ Cordon (+160 RU)
[10:53:05] [GOAL] Bohdan achieved CompleteMission
[10:53:05] [TASK] Alexei → TurnInMission [ScoutPoi] (goal=CompleteMission)
[10:53:05] [MISSION] Alexei turned in ScoutPoi @ Cordon (+160 RU)
[10:53:05] [GOAL] Alexei achieved CompleteMission
[10:53:05] [TASK] Oleksiy → TurnInMission [ScoutPoi] (goal=CompleteMission)
[10:53:05] [MISSION] Oleksiy turned in ScoutPoi @ Meadow (+164 RU)
[10:53:05] [GOAL] Oleksiy achieved CompleteMission
[10:53:05] [TASK] Nikolai → TurnInMission [ScoutPoi] (goal=CompleteMission)
[10:53:05] [MISSION] Nikolai turned in ScoutPoi @ Meadow (+164 RU)
[10:53:05] [GOAL] Nikolai achieved CompleteMission
[10:53:05] [TASK] Yuriy → TurnInMission [ScoutPoi] (goal=CompleteMission)
[10:53:05] [MISSION] Yuriy turned in ScoutPoi @ Zalissya (+184 RU)
[10:53:05] [GOAL] Yuriy achieved CompleteMission
[10:53:05] [TASK] Taras → TurnInMission [ScoutPoi] (goal=CompleteMission)
[10:53:05] [MISSION] Taras turned in ScoutPoi @ Red Forest (+196 RU)
[10:53:05] [GOAL] Taras achieved CompleteMission
[10:53:05] [TASK] Viktor → TurnInMission [ScoutPoi] (goal=CompleteMission)
[10:53:05] [MISSION] Viktor turned in ScoutPoi @ Red Forest (+196 RU)
[10:53:05] [GOAL] Viktor achieved CompleteMission
[10:53:05] [TASK] Igor → TurnInMission [ScoutPoi] (goal=CompleteMission)
[10:53:05] [MISSION] Igor turned in ScoutPoi @ Kopachi (+196 RU)
[10:53:05] [GOAL] Igor achieved CompleteMission
[10:53:05] [TASK] Mikhail → TurnInMission [ScoutPoi] (goal=CompleteMission)
[10:53:05] [MISSION] Mikhail turned in ScoutPoi @ Red Forest (+196 RU)
[10:53:05] [GOAL] Mikhail achieved CompleteMission
[10:53:05] [TASK] Zura → TurnInMission [ScoutPoi] (goal=CompleteMission)
[10:53:05] [MISSION] Zura turned in ScoutPoi @ Kopachi (+196 RU)
[10:53:05] [GOAL] Zura achieved CompleteMission
[10:53:05] [TASK] Dmytro → TurnInMission [ScoutPoi] (goal=CompleteMission)
[10:53:05] [MISSION] Dmytro turned in ScoutPoi @ Cordon (+160 RU)
[10:53:05] [GOAL] Dmytro achieved CompleteMission
[10:53:05] [TASK] Serhiy → TurnInMission [ScoutPoi] (goal=CompleteMission)
[10:53:05] [MISSION] Serhiy turned in ScoutPoi @ Meadow (+164 RU)
[10:53:05] [GOAL] Serhiy achieved CompleteMission
[10:53:06] [TASK] Nikolai → TurnInMission [ScoutPoi] (goal=CompleteMission)
[10:53:06] [MISSION] Nikolai turned in ScoutPoi @ Garbage (+196 RU)
[10:53:06] [GOAL] Nikolai achieved CompleteMission
[10:53:06] [TASK] Vasyl → TurnInMission [ScoutPoi] (goal=CompleteMission)
[10:53:06] [MISSION] Vasyl turned in ScoutPoi @ Meadow (+164 RU)
[10:53:06] [GOAL] Vasyl achieved CompleteMission
[10:53:06] [TASK] Andriy → TurnInMission [ScoutPoi] (goal=CompleteMission)
[10:53:06] [MISSION] Andriy turned in ScoutPoi @ Kopachi (+196 RU)
[10:53:06] [GOAL] Andriy achieved CompleteMission
[10:53:06] [TASK] Bohdan → TurnInMission [ScoutPoi] (goal=CompleteMission)
[10:53:06] [MISSION] Bohdan turned in ScoutPoi @ Red Forest (+196 RU)
[10:53:06] [GOAL] Bohdan achieved CompleteMission
[10:53:06] [TASK] Pavel → TurnInMission [ScoutPoi] (goal=CompleteMission)
[10:53:06] [MISSION] Pavel turned in ScoutPoi @ Chernobyl Town (+200 RU)
[10:53:06] [GOAL] Pavel achieved CompleteMission
[10:53:06] [TASK] Viktor → TurnInMission [ScoutPoi] (goal=CompleteMission)
[10:53:06] [MISSION] Viktor turned in ScoutPoi @ Meadow (+164 RU)
[10:53:06] [GOAL] Viktor achieved CompleteMission
[10:53:06] [TASK] Bakhyt → TurnInMission [ScoutPoi] (goal=CompleteMission)
[10:53:06] [MISSION] Bakhyt turned in ScoutPoi @ Radar (Brain Scorcher) (+236 RU)
[10:53:06] [GOAL] Bakhyt achieved CompleteMission
[10:53:06] [TASK] Mykola → TurnInMission [ScoutPoi] (goal=CompleteMission)
[10:53:06] [MISSION] Mykola turned in ScoutPoi @ Meadow (+164 RU)
[10:53:06] [GOAL] Mykola achieved CompleteMission
[10:53:06] [TASK] Armen → TurnInMission [ScoutPoi] (goal=CompleteMission)
[10:53:06] [MISSION] Armen turned in ScoutPoi @ Cordon (+160 RU)
[10:53:06] [GOAL] Armen achieved CompleteMission
[10:53:06] [TASK] Dmitri → TurnInMission [ScoutPoi] (goal=CompleteMission)
[10:53:06] [MISSION] Dmitri turned in ScoutPoi @ Wild Territory (+164 RU)
[10:53:06] [GOAL] Dmitri achieved CompleteMission
[10:53:06] [MISSION] Taras accepted ScoutPoi @ Chernobyl Town (200 RU)
[10:53:06] [TASK] Taras → AcceptMission [ScoutPoi] (goal=AcceptMission)
[10:53:06] [GOAL] Taras achieved AcceptMission
[10:53:06] [MISSION] Yuriy accepted ScoutPoi @ Meadow (164 RU)
[10:53:06] [TASK] Yuriy → AcceptMission [ScoutPoi] (goal=AcceptMission)
[10:53:06] [GOAL] Yuriy achieved AcceptMission
[10:53:06] [MISSION] Nodar accepted ScoutPoi @ Chernobyl Town (200 RU)
[10:53:06] [TASK] Nodar → AcceptMission [ScoutPoi] (goal=AcceptMission)
[10:53:06] [GOAL] Nodar achieved AcceptMission
[10:53:06] [MISSION] Oleksiy accepted ScoutPoi @ Kopachi (196 RU)
[10:53:06] [TASK] Oleksiy → AcceptMission [ScoutPoi] (goal=AcceptMission)
[10:53:06] [GOAL] Oleksiy achieved AcceptMission
[10:53:06] [MISSION] Andriy accepted ScoutPoi @ Kopachi (196 RU)
[10:53:06] [TASK] Andriy → AcceptMission [ScoutPoi] (goal=AcceptMission)
[10:53:06] [GOAL] Andriy achieved AcceptMission
[10:53:06] [MISSION] Andrei accepted ScoutPoi @ Wild Territory (164 RU)
[10:53:06] [TASK] Andrei → AcceptMission [ScoutPoi] (goal=AcceptMission)
[10:53:06] [GOAL] Andrei achieved AcceptMission
[10:53:06] [MISSION] Nikolai accepted ScoutPoi @ Meadow (164 RU)
[10:53:06] [TASK] Nikolai → AcceptMission [ScoutPoi] (goal=AcceptMission)
[10:53:06] [GOAL] Nikolai achieved AcceptMission
[10:53:06] [MISSION] Mykola accepted ScoutPoi @ Meadow (164 RU)
[10:53:06] [TASK] Mykola → AcceptMission [ScoutPoi] (goal=AcceptMission)
[10:53:06] [GOAL] Mykola achieved AcceptMission
[10:53:06] [MISSION] Damir accepted ScoutPoi @ Chernobyl Town (200 RU)
[10:53:06] [TASK] Damir → AcceptMission [ScoutPoi] (goal=AcceptMission)
[10:53:06] [GOAL] Damir achieved AcceptMission
[10:53:06] [MISSION] Serhiy accepted ScoutPoi @ Cordon (160 RU)
[10:53:06] [TASK] Serhiy → AcceptMission [ScoutPoi] (goal=AcceptMission)
[10:53:06] [GOAL] Serhiy achieved AcceptMission
[10:53:06] [MISSION] Dmitri accepted ScoutPoi @ Meadow (164 RU)
[10:53:06] [TASK] Dmitri → AcceptMission [ScoutPoi] (goal=AcceptMission)
[10:53:06] [GOAL] Dmitri achieved AcceptMission
[10:53:06] [MISSION] Sergei accepted ScoutPoi @ Deserted Hospital (200 RU)
[10:53:06] [TASK] Sergei → AcceptMission [ScoutPoi] (goal=AcceptMission)
[10:53:06] [GOAL] Sergei achieved AcceptMission
[10:53:06] [MISSION] Oleksiy accepted ScoutPoi @ Cordon (160 RU)
[10:53:06] [TASK] Oleksiy → AcceptMission [ScoutPoi] (goal=AcceptMission)
[10:53:06] [GOAL] Oleksiy achieved AcceptMission
[10:53:06] [MISSION] Serhiy accepted ScoutPoi @ Kopachi (196 RU)
[10:53:06] [TASK] Serhiy → AcceptMission [ScoutPoi] (goal=AcceptMission)
[10:53:06] [GOAL] Serhiy achieved AcceptMission
[10:53:06] [MISSION] Bohdan accepted ScoutPoi @ Red Forest (196 RU)
[10:53:06] [TASK] Bohdan → AcceptMission [ScoutPoi] (goal=AcceptMission)
[10:53:06] [GOAL] Bohdan achieved AcceptMission
[10:53:06] [MISSION] Alibek accepted ScoutPoi @ Kopachi (196 RU)
[10:53:06] [TASK] Alibek → AcceptMission [ScoutPoi] (goal=AcceptMission)
[10:53:06] [GOAL] Alibek achieved AcceptMission
[10:53:06] [MISSION] Serhiy accepted ScoutPoi @ Wild Territory (164 RU)
[10:53:06] [TASK] Serhiy → AcceptMission [ScoutPoi] (goal=AcceptMission)
[10:53:06] [GOAL] Serhiy achieved AcceptMission
[10:53:06] [MISSION] Karl accepted ScoutPoi @ Zalissya (184 RU)
[10:53:06] [TASK] Karl → AcceptMission [ScoutPoi] (goal=AcceptMission)
[10:53:06] [GOAL] Karl achieved AcceptMission
[10:53:06] [MISSION] Ivan accepted ScoutPoi @ Cordon (160 RU)
[10:53:06] [TASK] Ivan → AcceptMission [ScoutPoi] (goal=AcceptMission)
[10:53:06] [GOAL] Ivan achieved AcceptMission
[10:53:06] [MISSION] Dmytro accepted ScoutPoi @ Cordon (160 RU)
[10:53:06] [TASK] Dmytro → AcceptMission [ScoutPoi] (goal=AcceptMission)
[10:53:06] [GOAL] Dmytro achieved AcceptMission
[10:53:06] [MISSION] Andriy accepted ScoutPoi @ Zalissya (184 RU)
[10:53:06] [TASK] Andriy → AcceptMission [ScoutPoi] (goal=AcceptMission)
[10:53:06] [GOAL] Andriy achieved AcceptMission
[10:53:06] [MISSION] Alexei accepted ScoutPoi @ Chernobyl Town (200 RU)
[10:53:06] [TASK] Alexei → AcceptMission [ScoutPoi] (goal=AcceptMission)
[10:53:06] [GOAL] Alexei achieved AcceptMission
[10:53:06] [MISSION] Nodar accepted ScoutPoi @ Radar (Brain Scorcher) (236 RU)
[10:53:06] [TASK] Nodar → AcceptMission [ScoutPoi] (goal=AcceptMission)
[10:53:06] [GOAL] Nodar achieved AcceptMission
[10:53:06] [MISSION] Pavel accepted ScoutPoi @ Zalissya (184 RU)
[10:53:06] [TASK] Pavel → AcceptMission [ScoutPoi] (goal=AcceptMission)
[10:53:06] [GOAL] Pavel achieved AcceptMission
[10:53:06] [MISSION] Mykola accepted ScoutPoi @ Cordon (160 RU)
[10:53:06] [TASK] Mykola → AcceptMission [ScoutPoi] (goal=AcceptMission)
[10:53:06] [GOAL] Mykola achieved AcceptMission
[10:53:06] [MISSION] Alexei accepted ScoutPoi @ Chernobyl Town (200 RU)
[10:53:06] [TASK] Alexei → AcceptMission [ScoutPoi] (goal=AcceptMission)
[10:53:06] [GOAL] Alexei achieved AcceptMission
[10:53:06] [MISSION] Andrei accepted ScoutPoi @ Zalissya (184 RU)
[10:53:06] [TASK] Andrei → AcceptMission [ScoutPoi] (goal=AcceptMission)
[10:53:06] [GOAL] Andrei achieved AcceptMission
[10:53:06] [MISSION] Nodar accepted ScoutPoi @ Chernobyl Town (200 RU)
[10:53:06] [TASK] Nodar → AcceptMission [ScoutPoi] (goal=AcceptMission)
[10:53:06] [GOAL] Nodar achieved AcceptMission
[10:53:06] [MISSION] Alibek accepted ScoutPoi @ Chernobyl Town (200 RU)
[10:53:06] [TASK] Alibek → AcceptMission [ScoutPoi] (goal=AcceptMission)
[10:53:06] [GOAL] Alibek achieved AcceptMission
[10:53:06] [MISSION] Pavel accepted ScoutPoi @ Zalissya (184 RU)
[10:53:06] [TASK] Pavel → AcceptMission [ScoutPoi] (goal=AcceptMission)
[10:53:06] [GOAL] Pavel achieved AcceptMission
[10:53:06] [RANK] Marcus Kovalenko 'Spark' → Trainee
[10:53:06] [COMBAT] Marcus Kovalenko 'Spark' killed Snork using wpn_g36
[10:53:06] [MISSION] Marcus accepted ScoutPoi @ Wild Territory (164 RU)
[10:53:06] [TASK] Marcus → AcceptMission [ScoutPoi] (goal=AcceptMission)
[10:53:06] [GOAL] Marcus achieved AcceptMission
[10:53:06] [MISSION] Timur accepted ScoutPoi @ Cordon (160 RU)
[10:53:06] [TASK] Timur → AcceptMission [ScoutPoi] (goal=AcceptMission)
[10:53:06] [GOAL] Timur achieved AcceptMission
[10:53:06] [MISSION] Andrei accepted ScoutPoi @ Chernobyl Town (200 RU)
[10:53:06] [TASK] Andrei → AcceptMission [ScoutPoi] (goal=AcceptMission)
[10:53:06] [GOAL] Andrei achieved AcceptMission
[10:53:06] [MISSION] Dmitri accepted ScoutPoi @ Red Forest (196 RU)
[10:53:06] [TASK] Dmitri → AcceptMission [ScoutPoi] (goal=AcceptMission)
[10:53:06] [GOAL] Dmitri achieved AcceptMission
[10:53:06] [MISSION] Oleg accepted ScoutPoi @ Wild Territory (164 RU)
[10:53:06] [TASK] Oleg → AcceptMission [ScoutPoi] (goal=AcceptMission)
[10:53:06] [GOAL] Oleg achieved AcceptMission
[10:53:06] [MISSION] Viktor accepted ScoutPoi @ Radar (Brain Scorcher) (236 RU)
[10:53:06] [TASK] Viktor → AcceptMission [ScoutPoi] (goal=AcceptMission)
[10:53:06] [GOAL] Viktor achieved AcceptMission
[10:53:06] [MISSION] Oleksiy accepted ScoutPoi @ Radar (Brain Scorcher) (236 RU)
[10:53:06] [TASK] Oleksiy → AcceptMission [ScoutPoi] (goal=AcceptMission)
[10:53:06] [GOAL] Oleksiy achieved AcceptMission
[10:53:06] [MISSION] Giorgi accepted ScoutPoi @ Zalissya (184 RU)
[10:53:06] [TASK] Giorgi → AcceptMission [ScoutPoi] (goal=AcceptMission)
[10:53:06] [GOAL] Giorgi achieved AcceptMission
[10:53:06] [MISSION] Ivan accepted ScoutPoi @ Zalissya (184 RU)
[10:53:06] [TASK] Ivan → AcceptMission [ScoutPoi] (goal=AcceptMission)
[10:53:06] [GOAL] Ivan achieved AcceptMission
[10:53:06] [MISSION] Jake accepted ScoutPoi @ Cordon (160 RU)
[10:53:06] [TASK] Jake → AcceptMission [ScoutPoi] (goal=AcceptMission)
[10:53:06] [GOAL] Jake achieved AcceptMission
[10:53:06] [MISSION] Viktor accepted ScoutPoi @ Red Forest (196 RU)
[10:53:06] [TASK] Viktor → AcceptMission [ScoutPoi] (goal=AcceptMission)
[10:53:06] [GOAL] Viktor achieved AcceptMission
[10:53:06] [MISSION] Dmitri accepted ScoutPoi @ Yantar (236 RU)
[10:53:06] [TASK] Dmitri → AcceptMission [ScoutPoi] (goal=AcceptMission)
[10:53:06] [GOAL] Dmitri achieved AcceptMission
[10:53:06] [MISSION] Oleg accepted ScoutPoi @ Chernobyl Town (200 RU)
[10:53:06] [TASK] Oleg → AcceptMission [ScoutPoi] (goal=AcceptMission)
[10:53:06] [GOAL] Oleg achieved AcceptMission
[10:53:06] [MISSION] Yuriy accepted ScoutPoi @ Kopachi (196 RU)
[10:53:06] [TASK] Yuriy → AcceptMission [ScoutPoi] (goal=AcceptMission)
[10:53:06] [GOAL] Yuriy achieved AcceptMission
[10:53:06] [MISSION] Mykola accepted ScoutPoi @ Red Forest (196 RU)
[10:53:06] [TASK] Mykola → AcceptMission [ScoutPoi] (goal=AcceptMission)
[10:53:06] [GOAL] Mykola achieved AcceptMission
[10:53:06] [MISSION] Bohdan accepted ScoutPoi @ Kopachi (196 RU)
[10:53:06] [TASK] Bohdan → AcceptMission [ScoutPoi] (goal=AcceptMission)
[10:53:06] [GOAL] Bohdan achieved AcceptMission
[10:53:06] [MISSION] Bohdan accepted ScoutPoi @ Meadow (164 RU)
[10:53:06] [TASK] Bohdan → AcceptMission [ScoutPoi] (goal=AcceptMission)
[10:53:06] [GOAL] Bohdan achieved AcceptMission
[10:53:06] [MISSION] Bohdan accepted ScoutPoi @ Cordon (160 RU)
[10:53:06] [TASK] Bohdan → AcceptMission [ScoutPoi] (goal=AcceptMission)
[10:53:06] [GOAL] Bohdan achieved AcceptMission
[10:53:06] [MISSION] Mykola accepted ScoutPoi @ Kopachi (196 RU)
[10:53:06] [TASK] Mykola → AcceptMission [ScoutPoi] (goal=AcceptMission)
[10:53:06] [GOAL] Mykola achieved AcceptMission
[10:53:06] [MISSION] Viktor accepted ScoutPoi @ Yantar (236 RU)
[10:53:06] [TASK] Viktor → AcceptMission [ScoutPoi] (goal=AcceptMission)
[10:53:06] [GOAL] Viktor achieved AcceptMission
[10:53:06] [MISSION] Bohdan accepted ScoutPoi @ Cordon (160 RU)
[10:53:06] [TASK] Bohdan → AcceptMission [ScoutPoi] (goal=AcceptMission)
[10:53:06] [GOAL] Bohdan achieved AcceptMission
[10:53:06] [MISSION] Alexei accepted ScoutPoi @ Cordon (160 RU)
[10:53:06] [TASK] Alexei → AcceptMission [ScoutPoi] (goal=AcceptMission)
[10:53:06] [GOAL] Alexei achieved AcceptMission
[10:53:06] [MISSION] Oleksiy accepted ScoutPoi @ Meadow (164 RU)
[10:53:06] [TASK] Oleksiy → AcceptMission [ScoutPoi] (goal=AcceptMission)
[10:53:06] [GOAL] Oleksiy achieved AcceptMission
[10:53:06] [MISSION] Nikolai accepted ScoutPoi @ Meadow (164 RU)
[10:53:06] [TASK] Nikolai → AcceptMission [ScoutPoi] (goal=AcceptMission)
[10:53:06] [GOAL] Nikolai achieved AcceptMission
[10:53:06] [MISSION] Yuriy accepted ScoutPoi @ Zalissya (184 RU)
[10:53:06] [TASK] Yuriy → AcceptMission [ScoutPoi] (goal=AcceptMission)
[10:53:06] [GOAL] Yuriy achieved AcceptMission
[10:53:06] [MISSION] Taras accepted ScoutPoi @ Red Forest (196 RU)
[10:53:06] [TASK] Taras → AcceptMission [ScoutPoi] (goal=AcceptMission)
[10:53:06] [GOAL] Taras achieved AcceptMission
[10:53:06] [MISSION] Viktor accepted ScoutPoi @ Red Forest (196 RU)
[10:53:06] [TASK] Viktor → AcceptMission [ScoutPoi] (goal=AcceptMission)
[10:53:06] [GOAL] Viktor achieved AcceptMission
[10:53:06] [MISSION] Igor accepted ScoutPoi @ Kopachi (196 RU)
[10:53:06] [TASK] Igor → AcceptMission [ScoutPoi] (goal=AcceptMission)
[10:53:06] [GOAL] Igor achieved AcceptMission
[10:53:06] [MISSION] Mikhail accepted ScoutPoi @ Red Forest (196 RU)
[10:53:06] [TASK] Mikhail → AcceptMission [ScoutPoi] (goal=AcceptMission)
[10:53:06] [GOAL] Mikhail achieved AcceptMission
[10:53:06] [MISSION] Zura accepted ScoutPoi @ Kopachi (196 RU)
[10:53:06] [TASK] Zura → AcceptMission [ScoutPoi] (goal=AcceptMission)
[10:53:06] [GOAL] Zura achieved AcceptMission
[10:53:06] [MISSION] Dmytro accepted ScoutPoi @ Cordon (160 RU)
[10:53:06] [TASK] Dmytro → AcceptMission [ScoutPoi] (goal=AcceptMission)
[10:53:06] [GOAL] Dmytro achieved AcceptMission
[10:53:06] [MISSION] Serhiy accepted ScoutPoi @ Meadow (164 RU)
[10:53:06] [TASK] Serhiy → AcceptMission [ScoutPoi] (goal=AcceptMission)
[10:53:06] [GOAL] Serhiy achieved AcceptMission
[10:53:06] [MISSION] Nikolai accepted ScoutPoi @ Garbage (196 RU)
[10:53:06] [TASK] Nikolai → AcceptMission [ScoutPoi] (goal=AcceptMission)
[10:53:06] [GOAL] Nikolai achieved AcceptMission
[10:53:06] [MISSION] Vasyl accepted ScoutPoi @ Meadow (164 RU)
[10:53:06] [TASK] Vasyl → AcceptMission [ScoutPoi] (goal=AcceptMission)
[10:53:06] [GOAL] Vasyl achieved AcceptMission
[10:53:06] [MISSION] Andriy accepted ScoutPoi @ Kopachi (196 RU)
[10:53:06] [TASK] Andriy → AcceptMission [ScoutPoi] (goal=AcceptMission)
[10:53:06] [GOAL] Andriy achieved AcceptMission
[10:53:06] [MISSION] Bohdan accepted ScoutPoi @ Red Forest (196 RU)
[10:53:06] [TASK] Bohdan → AcceptMission [ScoutPoi] (goal=AcceptMission)
[10:53:06] [GOAL] Bohdan achieved AcceptMission
[10:53:06] [MISSION] Pavel accepted ScoutPoi @ Chernobyl Town (200 RU)
[10:53:06] [TASK] Pavel → AcceptMission [ScoutPoi] (goal=AcceptMission)
[10:53:06] [GOAL] Pavel achieved AcceptMission
[10:53:06] [MISSION] Viktor accepted ScoutPoi @ Meadow (164 RU)
[10:53:06] [TASK] Viktor → AcceptMission [ScoutPoi] (goal=AcceptMission)
[10:53:06] [GOAL] Viktor achieved AcceptMission
[10:53:06] [MISSION] Bakhyt accepted ScoutPoi @ Radar (Brain Scorcher) (236 RU)
[10:53:06] [TASK] Bakhyt → AcceptMission [ScoutPoi] (goal=AcceptMission)
[10:53:06] [GOAL] Bakhyt achieved AcceptMission
[10:53:06] [MISSION] Mykola accepted ScoutPoi @ Meadow (164 RU)
[10:53:06] [TASK] Mykola → AcceptMission [ScoutPoi] (goal=AcceptMission)
[10:53:06] [GOAL] Mykola achieved AcceptMission
[10:53:06] [MISSION] Armen accepted ScoutPoi @ Cordon (160 RU)
[10:53:06] [TASK] Armen → AcceptMission [ScoutPoi] (goal=AcceptMission)
[10:53:06] [GOAL] Armen achieved AcceptMission
[10:53:06] [MISSION] Dmitri accepted ScoutPoi @ Wild Territory (164 RU)
[10:53:06] [TASK] Dmitri → AcceptMission [ScoutPoi] (goal=AcceptMission)
[10:53:06] [GOAL] Dmitri achieved AcceptMission
[10:53:15] [CORPSE] Despawned 7 bodies (lifetime=2007)
[10:53:17] [SPAWN] Trickle +4 stalkers, +0 mutants
[10:53:17] [MISSION] Oleksiy accepted ScoutPoi @ Meadow (164 RU)
[10:53:17] [TASK] Oleksiy → AcceptMission [ScoutPoi] (goal=AcceptMission)
[10:53:17] [GOAL] Oleksiy achieved AcceptMission
[10:53:17] [MISSION] Taras accepted ScoutPoi @ Limansk (190 RU)
[10:53:17] [TASK] Taras → AcceptMission [ScoutPoi] (goal=AcceptMission)
[10:53:17] [GOAL] Taras achieved AcceptMission
[10:53:18] [SNAPSHOT] real=26.7min game=D0 00:59 alive S=328 M=200 corpses=155 lootable=92 gammaGear out=176 helm=283 avgRU=1104 leaderGoals trade=0 mission=74 emission=Dormant nextIn=45gmin desperate=2 hungry=0 interval deaths=2 combats=4 tasks=220 gearLoot=0 gearBuy=0 missions=147 corpseDespawn=18 trickleSpawns=5 ranks=[Rookie:254,Trainee:8,Experienced:5,Professional:40,Veteran:17,Expert:4] goals=[Idle:106,CompleteMission::74] leaders: Serhiy[Rookie/Idle], Taras[Rookie/CompleteMission:], Mikhail[Rookie/Idle], Oleg[Rookie/Idle], Yuriy[Trainee/CompleteMission:]
[10:53:25] [SPAWN] Trickle +1 stalkers, +0 mutants
[10:53:25] [MISSION] Taras accepted ScoutPoi @ Zalissya (184 RU)
[10:53:25] [TASK] Taras → AcceptMission [ScoutPoi] (goal=AcceptMission)
[10:53:25] [GOAL] Taras achieved AcceptMission
[10:53:29] [SPAWN] Trickle +0 stalkers, +1 mutants
[10:53:29] [CORPSE] Despawned 4 bodies (lifetime=2011)
[10:53:30] [SPAWN] Trickle +4 stalkers, +0 mutants
[10:53:30] [MISSION] Taras accepted ScoutPoi @ Meadow (164 RU)
[10:53:30] [TASK] Taras → AcceptMission [ScoutPoi] (goal=AcceptMission)
[10:53:30] [GOAL] Taras achieved AcceptMission
[10:53:38] [SPAWN] Trickle +1 stalkers, +0 mutants
[10:53:38] [MISSION] Igor accepted ScoutPoi @ Chistogalovka (236 RU)
[10:53:38] [TASK] Igor → AcceptMission [ScoutPoi] (goal=AcceptMission)
[10:53:38] [GOAL] Igor achieved AcceptMission
[10:53:42] [CORPSE] Despawned 9 bodies (lifetime=2020)
[10:53:43] [SPAWN] Trickle +1 stalkers, +0 mutants
[10:53:43] [MISSION] Bohdan accepted ScoutPoi @ Dark Valley (168 RU)
[10:53:43] [TASK] Bohdan → AcceptMission [ScoutPoi] (goal=AcceptMission)
[10:53:43] [GOAL] Bohdan achieved AcceptMission
[10:53:49] [SNAPSHOT] real=27.3min game=D0 01:00 alive S=335 M=201 corpses=142 lootable=87 gammaGear out=181 helm=287 avgRU=1099 leaderGoals trade=0 mission=78 emission=Dormant nextIn=44gmin desperate=4 hungry=0 interval deaths=0 combats=0 tasks=4 gearLoot=0 gearBuy=0 missions=4 corpseDespawn=13 trickleSpawns=8 ranks=[Rookie:261,Trainee:8,Experienced:5,Professional:40,Veteran:17,Expert:4] goals=[Idle:106,CompleteMission::78] leaders: Serhiy[Rookie/Idle], Taras[Rookie/CompleteMission:], Mikhail[Rookie/Idle], Oleg[Rookie/Idle], Yuriy[Trainee/CompleteMission:]
[10:53:55] [CORPSE] Despawned 7 bodies (lifetime=2027)
[10:54:01] [COMBAT] Mikhail Petrenko 'Bullet' killed Snork using wpn_gauss
[10:54:09] [CORPSE] Despawned 6 bodies (lifetime=2033)
[10:54:16] [COMBAT] Andriy Sokolov 'Mole' killed PsyDog using wpn_aksu
[10:54:20] [SNAPSHOT] real=27.8min game=D0 01:01 alive S=334 M=199 corpses=132 lootable=85 gammaGear out=181 helm=286 avgRU=1099 leaderGoals trade=0 mission=78 emission=Dormant nextIn=42gmin desperate=4 hungry=0 interval deaths=1 combats=3 tasks=0 gearLoot=0 gearBuy=0 missions=0 corpseDespawn=13 trickleSpawns=0 ranks=[Rookie:260,Trainee:8,Experienced:5,Professional:40,Veteran:17,Expert:4] goals=[Idle:105,CompleteMission::78] leaders: Taras[Rookie/CompleteMission:], Mikhail[Rookie/Idle], Oleg[Rookie/Idle], Yuriy[Trainee/CompleteMission:], Andriy[Rookie/Idle]
[10:54:22] [CORPSE] Despawned 3 bodies (lifetime=2036)
[10:54:35] [CORPSE] Despawned 2 bodies (lifetime=2038)
[10:54:39] [COMBAT] Vasyl Sokolov 'Razor' killed Pseudodog using wpn_pm
[10:54:47] [SPAWN] Trickle +1 stalkers, +0 mutants
[10:54:47] [MISSION] Armen accepted ScoutPoi @ Great Swamps (168 RU)
[10:54:47] [TASK] Armen → AcceptMission [ScoutPoi] (goal=AcceptMission)
[10:54:47] [GOAL] Armen achieved AcceptMission
[10:54:50] [SNAPSHOT] real=28.3min game=D0 01:03 alive S=334 M=198 corpses=129 lootable=84 gammaGear out=181 helm=287 avgRU=1099 leaderGoals trade=0 mission=78 emission=Dormant nextIn=41gmin desperate=4 hungry=0 interval deaths=1 combats=2 tasks=1 gearLoot=0 gearBuy=0 missions=1 corpseDespawn=5 trickleSpawns=1 ranks=[Rookie:260,Trainee:8,Experienced:5,Professional:40,Veteran:17,Expert:4] goals=[Idle:105,CompleteMission::78] leaders: Taras[Rookie/CompleteMission:], Mikhail[Rookie/Idle], Oleg[Rookie/Idle], Yuriy[Trainee/CompleteMission:], Andriy[Rookie/Idle]
[10:54:57] [SPAWN] Trickle +1 stalkers, +0 mutants
[10:54:57] [MISSION] Taras accepted ScoutPoi @ Generators (230 RU)
[10:54:57] [TASK] Taras → AcceptMission [ScoutPoi] (goal=AcceptMission)
[10:54:57] [GOAL] Taras achieved AcceptMission
[10:54:59] [COMBAT] Ivan Ivanov 'Mole' killed Controller using wpn_ak74
[10:55:00] [MISSION] Igor arrived for ScoutPoi @ Mutant Den #0 near Truck Cemetery (travel=738m, work=256s game)
[10:55:01] [TASK] Mykola → FulfillMission [ScoutPoi] (goal=CompleteMission)
[10:55:01] [MISSION] Mykola objective done ScoutPoi @ Ruined Garage → return to Kopachi
[10:55:01] [TASK] Armen → FulfillMission [ScoutPoi] (goal=CompleteMission)
[10:55:01] [MISSION] Armen objective done ScoutPoi @ Makeshift Camp (Cordon-Meadow) → return to Great Swamps
[10:55:01] [TASK] Viktor → FulfillMission [ScoutPoi] (goal=CompleteMission)
[10:55:01] [MISSION] Viktor objective done ScoutPoi @ Loot Crate (Rostok-Truck Ce) → return to Yantar
[10:55:01] [TASK] Bohdan → FulfillMission [ScoutPoi] (goal=CompleteMission)
[10:55:01] [MISSION] Bohdan objective done ScoutPoi @ Abandoned Hut → return to Cordon
[10:55:01] [TASK] Alexei → FulfillMission [ScoutPoi] (goal=CompleteMission)
[10:55:01] [MISSION] Alexei objective done ScoutPoi @ Abandoned Hut → return to Cordon
[10:55:01] [TASK] Oleksiy → FulfillMission [ScoutPoi] (goal=CompleteMission)
[10:55:01] [MISSION] Oleksiy objective done ScoutPoi @ Abandoned Bus → return to Meadow
[10:55:01] [TASK] Nikolai → FulfillMission [ScoutPoi] (goal=CompleteMission)
[10:55:01] [MISSION] Nikolai objective done ScoutPoi @ Abandoned Bus → return to Meadow
[10:55:01] [TASK] Yuriy → FulfillMission [ScoutPoi] (goal=CompleteMission)
[10:55:01] [MISSION] Yuriy objective done ScoutPoi @ Forgotten Pillbox → return to Zalissya
[10:55:01] [TASK] Taras → FulfillMission [ScoutPoi] (goal=CompleteMission)
[10:55:01] [MISSION] Taras objective done ScoutPoi @ Hidden Hut → return to Red Forest
[10:55:01] [TASK] Viktor → FulfillMission [ScoutPoi] (goal=CompleteMission)
[10:55:01] [MISSION] Viktor objective done ScoutPoi @ Hidden Hut → return to Red Forest
[10:55:01] [TASK] Igor → FulfillMission [ScoutPoi] (goal=CompleteMission)
[10:55:01] [MISSION] Igor objective done ScoutPoi @ Ruined Garage → return to Kopachi
[10:55:01] [TASK] Mikhail → FulfillMission [ScoutPoi] (goal=CompleteMission)
[10:55:01] [MISSION] Mikhail objective done ScoutPoi @ Hidden Hut → return to Red Forest
[10:55:01] [TASK] Zura → FulfillMission [ScoutPoi] (goal=CompleteMission)
[10:55:01] [MISSION] Zura objective done ScoutPoi @ Ruined Garage → return to Kopachi
[10:55:01] [TASK] Dmytro → FulfillMission [ScoutPoi] (goal=CompleteMission)
[10:55:01] [MISSION] Dmytro objective done ScoutPoi @ Abandoned Hut → return to Cordon
[10:55:01] [TASK] Igor → FulfillMission [ScoutPoi] (goal=CompleteMission)
[10:55:01] [MISSION] Igor objective done ScoutPoi @ Mutant Den #0 near Truck Cemetery → return to Chistogalovka
[10:55:01] [TASK] Taras → FulfillMission [ScoutPoi] (goal=CompleteMission)
[10:55:01] [MISSION] Taras objective done ScoutPoi @ Abandoned Bus → return to Meadow
[10:55:01] [TASK] Serhiy → FulfillMission [ScoutPoi] (goal=CompleteMission)
[10:55:01] [MISSION] Serhiy objective done ScoutPoi @ Abandoned Bus → return to Meadow
[10:55:01] [TASK] Nikolai → FulfillMission [ScoutPoi] (goal=CompleteMission)
[10:55:01] [MISSION] Nikolai objective done ScoutPoi @ Derelict Stash → return to Garbage
[10:55:01] [TASK] Vasyl → FulfillMission [ScoutPoi] (goal=CompleteMission)
[10:55:01] [MISSION] Vasyl objective done ScoutPoi @ Abandoned Bus → return to Meadow
[10:55:01] [TASK] Andriy → FulfillMission [ScoutPoi] (goal=CompleteMission)
[10:55:01] [MISSION] Andriy objective done ScoutPoi @ Ruined Garage → return to Kopachi
[10:55:01] [TASK] Bohdan → FulfillMission [ScoutPoi] (goal=CompleteMission)
[10:55:01] [MISSION] Bohdan objective done ScoutPoi @ Hidden Hut → return to Red Forest
[10:55:01] [TASK] Pavel → FulfillMission [ScoutPoi] (goal=CompleteMission)
[10:55:01] [MISSION] Pavel objective done ScoutPoi @ Makeshift Outpost → return to Chernobyl Town
[10:55:01] [TASK] Viktor → FulfillMission [ScoutPoi] (goal=CompleteMission)
[10:55:01] [MISSION] Viktor objective done ScoutPoi @ Abandoned Bus → return to Meadow
[10:55:01] [TASK] Bakhyt → FulfillMission [ScoutPoi] (goal=CompleteMission)
[10:55:01] [MISSION] Bakhyt objective done ScoutPoi @ Windswept Cabin → return to Radar (Brain Scorcher)
[10:55:01] [TASK] Mykola → FulfillMission [ScoutPoi] (goal=CompleteMission)
[10:55:01] [MISSION] Mykola objective done ScoutPoi @ Abandoned Bus → return to Meadow
[10:55:01] [TASK] Armen → FulfillMission [ScoutPoi] (goal=CompleteMission)
[10:55:01] [MISSION] Armen objective done ScoutPoi @ Abandoned Hut → return to Cordon
[10:55:01] [TASK] Dmitri → FulfillMission [ScoutPoi] (goal=CompleteMission)
[10:55:01] [MISSION] Dmitri objective done ScoutPoi @ Forgotten Shelter → return to Wild Territory
[10:55:01] [TASK] Taras → FulfillMission [ScoutPoi] (goal=CompleteMission)
[10:55:01] [MISSION] Taras objective done ScoutPoi @ Makeshift Outpost → return to Chernobyl Town
[10:55:01] [TASK] Yuriy → FulfillMission [ScoutPoi] (goal=CompleteMission)
[10:55:01] [MISSION] Yuriy objective done ScoutPoi @ Abandoned Bus → return to Meadow
[10:55:01] [TASK] Oleksiy → FulfillMission [ScoutPoi] (goal=CompleteMission)
[10:55:01] [MISSION] Oleksiy objective done ScoutPoi @ Abandoned Bus → return to Meadow
[10:55:01] [TASK] Taras → FulfillMission [ScoutPoi] (goal=CompleteMission)
[10:55:01] [MISSION] Taras objective done ScoutPoi @ Duty Checkpoint → return to Limansk
[10:55:01] [TASK] Nodar → FulfillMission [ScoutPoi] (goal=CompleteMission)
[10:55:01] [MISSION] Nodar objective done ScoutPoi @ Makeshift Outpost → return to Chernobyl Town
[10:55:01] [TASK] Oleksiy → FulfillMission [ScoutPoi] (goal=CompleteMission)
[10:55:01] [MISSION] Oleksiy objective done ScoutPoi @ Ruined Garage → return to Kopachi
[10:55:01] [TASK] Andriy → FulfillMission [ScoutPoi] (goal=CompleteMission)
[10:55:01] [MISSION] Andriy objective done ScoutPoi @ Ruined Garage → return to Kopachi
[10:55:01] [TASK] Andrei → FulfillMission [ScoutPoi] (goal=CompleteMission)
[10:55:01] [MISSION] Andrei objective done ScoutPoi @ Forgotten Shelter → return to Wild Territory
[10:55:01] [TASK] Nikolai → FulfillMission [ScoutPoi] (goal=CompleteMission)
[10:55:01] [MISSION] Nikolai objective done ScoutPoi @ Abandoned Bus → return to Meadow
[10:55:01] [TASK] Mykola → FulfillMission [ScoutPoi] (goal=CompleteMission)
[10:55:01] [MISSION] Mykola objective done ScoutPoi @ Abandoned Bus → return to Meadow
[10:55:01] [TASK] Damir → FulfillMission [ScoutPoi] (goal=CompleteMission)
[10:55:01] [MISSION] Damir objective done ScoutPoi @ Makeshift Outpost → return to Chernobyl Town
[10:55:01] [TASK] Serhiy → FulfillMission [ScoutPoi] (goal=CompleteMission)
[10:55:01] [MISSION] Serhiy objective done ScoutPoi @ Abandoned Hut → return to Cordon
[10:55:01] [TASK] Dmitri → FulfillMission [ScoutPoi] (goal=CompleteMission)
[10:55:01] [MISSION] Dmitri objective done ScoutPoi @ Abandoned Bus → return to Meadow
[10:55:01] [TASK] Taras → FulfillMission [ScoutPoi] (goal=CompleteMission)
[10:55:01] [MISSION] Taras objective done ScoutPoi @ Hidden Stash (Rostok-Wild Ter) → return to Generators
[10:55:01] [TASK] Taras → FulfillMission [ScoutPoi] (goal=CompleteMission)
[10:55:01] [MISSION] Taras objective done ScoutPoi @ Forgotten Pillbox → return to Zalissya
[10:55:01] [TASK] Sergei → FulfillMission [ScoutPoi] (goal=CompleteMission)
[10:55:01] [MISSION] Sergei objective done ScoutPoi @ Makeshift Camp (Garbage-Agroprom) → return to Deserted Hospital
[10:55:01] [TASK] Oleksiy → FulfillMission [ScoutPoi] (goal=CompleteMission)
[10:55:01] [MISSION] Oleksiy objective done ScoutPoi @ Abandoned Hut → return to Cordon
[10:55:01] [TASK] Serhiy → FulfillMission [ScoutPoi] (goal=CompleteMission)
[10:55:01] [MISSION] Serhiy objective done ScoutPoi @ Ruined Garage → return to Kopachi
[10:55:01] [TASK] Bohdan → FulfillMission [ScoutPoi] (goal=CompleteMission)
[10:55:01] [MISSION] Bohdan objective done ScoutPoi @ Hidden Hut → return to Red Forest
[10:55:01] [TASK] Alibek → FulfillMission [ScoutPoi] (goal=CompleteMission)
[10:55:01] [MISSION] Alibek objective done ScoutPoi @ Ruined Garage → return to Kopachi
[10:55:01] [TASK] Serhiy → FulfillMission [ScoutPoi] (goal=CompleteMission)
[10:55:01] [MISSION] Serhiy objective done ScoutPoi @ Forgotten Shelter → return to Wild Territory
[10:55:01] [TASK] Karl → FulfillMission [ScoutPoi] (goal=CompleteMission)
[10:55:01] [MISSION] Karl objective done ScoutPoi @ Forgotten Pillbox → return to Zalissya
[10:55:01] [TASK] Ivan → FulfillMission [ScoutPoi] (goal=CompleteMission)
[10:55:01] [MISSION] Ivan objective done ScoutPoi @ Abandoned Hut → return to Cordon
[10:55:01] [TASK] Dmytro → FulfillMission [ScoutPoi] (goal=CompleteMission)
[10:55:01] [MISSION] Dmytro objective done ScoutPoi @ Abandoned Hut → return to Cordon
[10:55:01] [TASK] Andriy → FulfillMission [ScoutPoi] (goal=CompleteMission)
[10:55:01] [MISSION] Andriy objective done ScoutPoi @ Forgotten Pillbox → return to Zalissya
[10:55:01] [TASK] Alexei → FulfillMission [ScoutPoi] (goal=CompleteMission)
[10:55:01] [MISSION] Alexei objective done ScoutPoi @ Makeshift Outpost → return to Chernobyl Town
[10:55:01] [TASK] Nodar → FulfillMission [ScoutPoi] (goal=CompleteMission)
[10:55:01] [MISSION] Nodar objective done ScoutPoi @ Windswept Cabin → return to Radar (Brain Scorcher)
[10:55:01] [TASK] Pavel → FulfillMission [ScoutPoi] (goal=CompleteMission)
[10:55:01] [MISSION] Pavel objective done ScoutPoi @ Forgotten Pillbox → return to Zalissya
[10:55:01] [TASK] Mykola → FulfillMission [ScoutPoi] (goal=CompleteMission)
[10:55:01] [MISSION] Mykola objective done ScoutPoi @ Abandoned Hut → return to Cordon
[10:55:01] [TASK] Alexei → FulfillMission [ScoutPoi] (goal=CompleteMission)
[10:55:01] [MISSION] Alexei objective done ScoutPoi @ Makeshift Outpost → return to Chernobyl Town
[10:55:01] [TASK] Andrei → FulfillMission [ScoutPoi] (goal=CompleteMission)
[10:55:01] [MISSION] Andrei objective done ScoutPoi @ Forgotten Pillbox → return to Zalissya
[10:55:01] [TASK] Nodar → FulfillMission [ScoutPoi] (goal=CompleteMission)
[10:55:01] [MISSION] Nodar objective done ScoutPoi @ Makeshift Outpost → return to Chernobyl Town
[10:55:01] [TASK] Alibek → FulfillMission [ScoutPoi] (goal=CompleteMission)
[10:55:01] [MISSION] Alibek objective done ScoutPoi @ Makeshift Outpost → return to Chernobyl Town
[10:55:01] [TASK] Pavel → FulfillMission [ScoutPoi] (goal=CompleteMission)
[10:55:01] [MISSION] Pavel objective done ScoutPoi @ Forgotten Pillbox → return to Zalissya
[10:55:01] [TASK] Marcus → FulfillMission [ScoutPoi] (goal=CompleteMission)
[10:55:01] [MISSION] Marcus objective done ScoutPoi @ Forgotten Shelter → return to Wild Territory
[10:55:01] [TASK] Timur → FulfillMission [ScoutPoi] (goal=CompleteMission)
[10:55:01] [MISSION] Timur objective done ScoutPoi @ Abandoned Hut → return to Cordon
[10:55:01] [TASK] Andrei → FulfillMission [ScoutPoi] (goal=CompleteMission)
[10:55:01] [MISSION] Andrei objective done ScoutPoi @ Makeshift Outpost → return to Chernobyl Town
[10:55:01] [TASK] Dmitri → FulfillMission [ScoutPoi] (goal=CompleteMission)
[10:55:01] [MISSION] Dmitri objective done ScoutPoi @ Hidden Hut → return to Red Forest
[10:55:01] [TASK] Oleg → FulfillMission [ScoutPoi] (goal=CompleteMission)
[10:55:01] [MISSION] Oleg objective done ScoutPoi @ Forgotten Shelter → return to Wild Territory
[10:55:01] [TASK] Viktor → FulfillMission [ScoutPoi] (goal=CompleteMission)
[10:55:01] [MISSION] Viktor objective done ScoutPoi @ Windswept Cabin → return to Radar (Brain Scorcher)
[10:55:01] [TASK] Oleksiy → FulfillMission [ScoutPoi] (goal=CompleteMission)
[10:55:01] [MISSION] Oleksiy objective done ScoutPoi @ Windswept Cabin → return to Radar (Brain Scorcher)
[10:55:01] [TASK] Giorgi → FulfillMission [ScoutPoi] (goal=CompleteMission)
[10:55:01] [MISSION] Giorgi objective done ScoutPoi @ Forgotten Pillbox → return to Zalissya
[10:55:01] [TASK] Ivan → FulfillMission [ScoutPoi] (goal=CompleteMission)
[10:55:01] [MISSION] Ivan objective done ScoutPoi @ Forgotten Pillbox → return to Zalissya
[10:55:01] [TASK] Jake → FulfillMission [ScoutPoi] (goal=CompleteMission)
[10:55:01] [MISSION] Jake objective done ScoutPoi @ Abandoned Hut → return to Cordon
[10:55:01] [TASK] Viktor → FulfillMission [ScoutPoi] (goal=CompleteMission)
[10:55:01] [MISSION] Viktor objective done ScoutPoi @ Hidden Hut → return to Red Forest
[10:55:01] [TASK] Dmitri → FulfillMission [ScoutPoi] (goal=CompleteMission)
[10:55:01] [MISSION] Dmitri objective done ScoutPoi @ Loot Crate (Rostok-Truck Ce) → return to Yantar
[10:55:01] [TASK] Oleg → FulfillMission [ScoutPoi] (goal=CompleteMission)
[10:55:01] [MISSION] Oleg objective done ScoutPoi @ Makeshift Outpost → return to Chernobyl Town
[10:55:01] [TASK] Yuriy → FulfillMission [ScoutPoi] (goal=CompleteMission)
[10:55:01] [MISSION] Yuriy objective done ScoutPoi @ Ruined Garage → return to Kopachi
[10:55:01] [TASK] Mykola → FulfillMission [ScoutPoi] (goal=CompleteMission)
[10:55:01] [MISSION] Mykola objective done ScoutPoi @ Hidden Hut → return to Red Forest
[10:55:01] [TASK] Bohdan → FulfillMission [ScoutPoi] (goal=CompleteMission)
[10:55:01] [MISSION] Bohdan objective done ScoutPoi @ Ruined Garage → return to Kopachi
[10:55:01] [TASK] Bohdan → FulfillMission [ScoutPoi] (goal=CompleteMission)
[10:55:01] [MISSION] Bohdan objective done ScoutPoi @ Abandoned Bus → return to Meadow
[10:55:01] [TASK] Bohdan → FulfillMission [ScoutPoi] (goal=CompleteMission)
[10:55:01] [MISSION] Bohdan objective done ScoutPoi @ Abandoned Hut → return to Cordon
[10:55:02] [CORPSE] Despawned 6 bodies (lifetime=2044)
[10:55:02] [TASK] Taras → TurnInMission [ScoutPoi] (goal=CompleteMission)
[10:55:02] [MISSION] Taras turned in ScoutPoi @ Chernobyl Town (+200 RU)
[10:55:02] [GOAL] Taras achieved CompleteMission
[10:55:02] [TASK] Yuriy → TurnInMission [ScoutPoi] (goal=CompleteMission)
[10:55:02] [MISSION] Yuriy turned in ScoutPoi @ Meadow (+164 RU)
[10:55:02] [GOAL] Yuriy achieved CompleteMission
[10:55:02] [TASK] Oleksiy → TurnInMission [ScoutPoi] (goal=CompleteMission)
[10:55:02] [MISSION] Oleksiy turned in ScoutPoi @ Meadow (+164 RU)
[10:55:02] [GOAL] Oleksiy achieved CompleteMission
[10:55:02] [TASK] Nodar → TurnInMission [ScoutPoi] (goal=CompleteMission)
[10:55:02] [MISSION] Nodar turned in ScoutPoi @ Chernobyl Town (+200 RU)
[10:55:02] [GOAL] Nodar achieved CompleteMission
[10:55:02] [TASK] Oleksiy → TurnInMission [ScoutPoi] (goal=CompleteMission)
[10:55:02] [MISSION] Oleksiy turned in ScoutPoi @ Kopachi (+196 RU)
[10:55:02] [GOAL] Oleksiy achieved CompleteMission
[10:55:02] [TASK] Andriy → TurnInMission [ScoutPoi] (goal=CompleteMission)
[10:55:02] [MISSION] Andriy turned in ScoutPoi @ Kopachi (+196 RU)
[10:55:02] [GOAL] Andriy achieved CompleteMission
[10:55:03] [TASK] Andrei → TurnInMission [ScoutPoi] (goal=CompleteMission)
[10:55:03] [MISSION] Andrei turned in ScoutPoi @ Wild Territory (+164 RU)
[10:55:03] [GOAL] Andrei achieved CompleteMission
[10:55:03] [TASK] Nikolai → TurnInMission [ScoutPoi] (goal=CompleteMission)
[10:55:03] [MISSION] Nikolai turned in ScoutPoi @ Meadow (+164 RU)
[10:55:03] [GOAL] Nikolai achieved CompleteMission
[10:55:03] [TASK] Mykola → TurnInMission [ScoutPoi] (goal=CompleteMission)
[10:55:03] [MISSION] Mykola turned in ScoutPoi @ Meadow (+164 RU)
[10:55:03] [GOAL] Mykola achieved CompleteMission
[10:55:03] [TASK] Damir → TurnInMission [ScoutPoi] (goal=CompleteMission)
[10:55:03] [MISSION] Damir turned in ScoutPoi @ Chernobyl Town (+200 RU)
[10:55:03] [GOAL] Damir achieved CompleteMission
[10:55:03] [TASK] Serhiy → TurnInMission [ScoutPoi] (goal=CompleteMission)
[10:55:03] [MISSION] Serhiy turned in ScoutPoi @ Cordon (+160 RU)
[10:55:03] [GOAL] Serhiy achieved CompleteMission
[10:55:03] [TASK] Dmitri → TurnInMission [ScoutPoi] (goal=CompleteMission)
[10:55:03] [MISSION] Dmitri turned in ScoutPoi @ Meadow (+164 RU)
[10:55:03] [GOAL] Dmitri achieved CompleteMission
[10:55:03] [TASK] Taras → TurnInMission [ScoutPoi] (goal=CompleteMission)
[10:55:03] [MISSION] Taras turned in ScoutPoi @ Generators (+230 RU)
[10:55:03] [GOAL] Taras achieved CompleteMission
[10:55:03] [TASK] Taras → TurnInMission [ScoutPoi] (goal=CompleteMission)
[10:55:03] [MISSION] Taras turned in ScoutPoi @ Zalissya (+184 RU)
[10:55:03] [GOAL] Taras achieved CompleteMission
[10:55:03] [TASK] Oleksiy → TurnInMission [ScoutPoi] (goal=CompleteMission)
[10:55:03] [MISSION] Oleksiy turned in ScoutPoi @ Cordon (+160 RU)
[10:55:03] [GOAL] Oleksiy achieved CompleteMission
[10:55:03] [TASK] Serhiy → TurnInMission [ScoutPoi] (goal=CompleteMission)
[10:55:03] [MISSION] Serhiy turned in ScoutPoi @ Kopachi (+196 RU)
[10:55:03] [GOAL] Serhiy achieved CompleteMission
[10:55:03] [TASK] Bohdan → TurnInMission [ScoutPoi] (goal=CompleteMission)
[10:55:03] [MISSION] Bohdan turned in ScoutPoi @ Red Forest (+196 RU)
[10:55:03] [GOAL] Bohdan achieved CompleteMission
[10:55:03] [TASK] Alibek → TurnInMission [ScoutPoi] (goal=CompleteMission)
[10:55:03] [MISSION] Alibek turned in ScoutPoi @ Kopachi (+196 RU)
[10:55:03] [GOAL] Alibek achieved CompleteMission
[10:55:03] [TASK] Serhiy → TurnInMission [ScoutPoi] (goal=CompleteMission)
[10:55:03] [MISSION] Serhiy turned in ScoutPoi @ Wild Territory (+164 RU)
[10:55:03] [GOAL] Serhiy achieved CompleteMission
[10:55:03] [TASK] Karl → TurnInMission [ScoutPoi] (goal=CompleteMission)
[10:55:03] [MISSION] Karl turned in ScoutPoi @ Zalissya (+184 RU)
[10:55:03] [GOAL] Karl achieved CompleteMission
[10:55:03] [TASK] Ivan → TurnInMission [ScoutPoi] (goal=CompleteMission)
[10:55:03] [MISSION] Ivan turned in ScoutPoi @ Cordon (+160 RU)
[10:55:03] [GOAL] Ivan achieved CompleteMission
[10:55:03] [TASK] Dmytro → TurnInMission [ScoutPoi] (goal=CompleteMission)
[10:55:03] [MISSION] Dmytro turned in ScoutPoi @ Cordon (+160 RU)
[10:55:03] [GOAL] Dmytro achieved CompleteMission
[10:55:03] [TASK] Andriy → TurnInMission [ScoutPoi] (goal=CompleteMission)
[10:55:03] [MISSION] Andriy turned in ScoutPoi @ Zalissya (+184 RU)
[10:55:03] [GOAL] Andriy achieved CompleteMission
[10:55:03] [TASK] Alexei → TurnInMission [ScoutPoi] (goal=CompleteMission)
[10:55:03] [MISSION] Alexei turned in ScoutPoi @ Chernobyl Town (+200 RU)
[10:55:03] [GOAL] Alexei achieved CompleteMission
[10:55:03] [TASK] Nodar → TurnInMission [ScoutPoi] (goal=CompleteMission)
[10:55:03] [MISSION] Nodar turned in ScoutPoi @ Radar (Brain Scorcher) (+236 RU)
[10:55:03] [GOAL] Nodar achieved CompleteMission
[10:55:03] [TASK] Pavel → TurnInMission [ScoutPoi] (goal=CompleteMission)
[10:55:03] [MISSION] Pavel turned in ScoutPoi @ Zalissya (+184 RU)
[10:55:03] [GOAL] Pavel achieved CompleteMission
[10:55:03] [TASK] Mykola → TurnInMission [ScoutPoi] (goal=CompleteMission)
[10:55:03] [MISSION] Mykola turned in ScoutPoi @ Cordon (+160 RU)
[10:55:03] [GOAL] Mykola achieved CompleteMission
[10:55:03] [TASK] Alexei → TurnInMission [ScoutPoi] (goal=CompleteMission)
[10:55:03] [MISSION] Alexei turned in ScoutPoi @ Chernobyl Town (+200 RU)
[10:55:03] [GOAL] Alexei achieved CompleteMission
[10:55:03] [TASK] Andrei → TurnInMission [ScoutPoi] (goal=CompleteMission)
[10:55:03] [MISSION] Andrei turned in ScoutPoi @ Zalissya (+184 RU)
[10:55:03] [GOAL] Andrei achieved CompleteMission
[10:55:03] [TASK] Nodar → TurnInMission [ScoutPoi] (goal=CompleteMission)
[10:55:03] [MISSION] Nodar turned in ScoutPoi @ Chernobyl Town (+200 RU)
[10:55:03] [GOAL] Nodar achieved CompleteMission
[10:55:03] [TASK] Alibek → TurnInMission [ScoutPoi] (goal=CompleteMission)
[10:55:03] [MISSION] Alibek turned in ScoutPoi @ Chernobyl Town (+200 RU)
[10:55:03] [GOAL] Alibek achieved CompleteMission
[10:55:03] [TASK] Pavel → TurnInMission [ScoutPoi] (goal=CompleteMission)
[10:55:03] [MISSION] Pavel turned in ScoutPoi @ Zalissya (+184 RU)
[10:55:03] [GOAL] Pavel achieved CompleteMission
[10:55:03] [TASK] Marcus → TurnInMission [ScoutPoi] (goal=CompleteMission)
[10:55:03] [MISSION] Marcus turned in ScoutPoi @ Wild Territory (+164 RU)
[10:55:03] [GOAL] Marcus achieved CompleteMission
[10:55:03] [TASK] Timur → TurnInMission [ScoutPoi] (goal=CompleteMission)
[10:55:03] [MISSION] Timur turned in ScoutPoi @ Cordon (+160 RU)
[10:55:03] [GOAL] Timur achieved CompleteMission
[10:55:03] [TASK] Andrei → TurnInMission [ScoutPoi] (goal=CompleteMission)
[10:55:03] [MISSION] Andrei turned in ScoutPoi @ Chernobyl Town (+200 RU)
[10:55:03] [GOAL] Andrei achieved CompleteMission
[10:55:03] [TASK] Dmitri → TurnInMission [ScoutPoi] (goal=CompleteMission)
[10:55:03] [MISSION] Dmitri turned in ScoutPoi @ Red Forest (+196 RU)
[10:55:03] [GOAL] Dmitri achieved CompleteMission
[10:55:03] [TASK] Oleg → TurnInMission [ScoutPoi] (goal=CompleteMission)
[10:55:03] [MISSION] Oleg turned in ScoutPoi @ Wild Territory (+164 RU)
[10:55:03] [GOAL] Oleg achieved CompleteMission
[10:55:03] [TASK] Viktor → TurnInMission [ScoutPoi] (goal=CompleteMission)
[10:55:03] [MISSION] Viktor turned in ScoutPoi @ Radar (Brain Scorcher) (+236 RU)
[10:55:03] [GOAL] Viktor achieved CompleteMission
[10:55:03] [TASK] Oleksiy → TurnInMission [ScoutPoi] (goal=CompleteMission)
[10:55:03] [MISSION] Oleksiy turned in ScoutPoi @ Radar (Brain Scorcher) (+236 RU)
[10:55:03] [GOAL] Oleksiy achieved CompleteMission
[10:55:03] [TASK] Giorgi → TurnInMission [ScoutPoi] (goal=CompleteMission)
[10:55:03] [MISSION] Giorgi turned in ScoutPoi @ Zalissya (+184 RU)
[10:55:03] [GOAL] Giorgi achieved CompleteMission
[10:55:03] [TASK] Ivan → TurnInMission [ScoutPoi] (goal=CompleteMission)
[10:55:03] [MISSION] Ivan turned in ScoutPoi @ Zalissya (+184 RU)
[10:55:03] [GOAL] Ivan achieved CompleteMission
[10:55:03] [TASK] Jake → TurnInMission [ScoutPoi] (goal=CompleteMission)
[10:55:03] [MISSION] Jake turned in ScoutPoi @ Cordon (+160 RU)
[10:55:03] [GOAL] Jake achieved CompleteMission
[10:55:03] [TASK] Viktor → TurnInMission [ScoutPoi] (goal=CompleteMission)
[10:55:03] [MISSION] Viktor turned in ScoutPoi @ Red Forest (+196 RU)
[10:55:03] [GOAL] Viktor achieved CompleteMission
[10:55:03] [TASK] Dmitri → TurnInMission [ScoutPoi] (goal=CompleteMission)
[10:55:03] [MISSION] Dmitri turned in ScoutPoi @ Yantar (+236 RU)
[10:55:03] [GOAL] Dmitri achieved CompleteMission
[10:55:03] [TASK] Oleg → TurnInMission [ScoutPoi] (goal=CompleteMission)
[10:55:03] [MISSION] Oleg turned in ScoutPoi @ Chernobyl Town (+200 RU)
[10:55:03] [GOAL] Oleg achieved CompleteMission
[10:55:03] [TASK] Yuriy → TurnInMission [ScoutPoi] (goal=CompleteMission)
[10:55:03] [MISSION] Yuriy turned in ScoutPoi @ Kopachi (+196 RU)
[10:55:03] [GOAL] Yuriy achieved CompleteMission
[10:55:03] [TASK] Mykola → TurnInMission [ScoutPoi] (goal=CompleteMission)
[10:55:03] [MISSION] Mykola turned in ScoutPoi @ Red Forest (+196 RU)
[10:55:03] [GOAL] Mykola achieved CompleteMission
[10:55:03] [TASK] Bohdan → TurnInMission [ScoutPoi] (goal=CompleteMission)
[10:55:03] [MISSION] Bohdan turned in ScoutPoi @ Kopachi (+196 RU)
[10:55:03] [GOAL] Bohdan achieved CompleteMission
[10:55:03] [TASK] Bohdan → TurnInMission [ScoutPoi] (goal=CompleteMission)
[10:55:03] [MISSION] Bohdan turned in ScoutPoi @ Meadow (+164 RU)
[10:55:03] [GOAL] Bohdan achieved CompleteMission
[10:55:03] [TASK] Bohdan → TurnInMission [ScoutPoi] (goal=CompleteMission)
[10:55:03] [MISSION] Bohdan turned in ScoutPoi @ Cordon (+160 RU)
[10:55:03] [GOAL] Bohdan achieved CompleteMission
[10:55:03] [TASK] Mykola → TurnInMission [ScoutPoi] (goal=CompleteMission)
[10:55:03] [MISSION] Mykola turned in ScoutPoi @ Kopachi (+196 RU)
[10:55:03] [GOAL] Mykola achieved CompleteMission
[10:55:03] [TASK] Viktor → TurnInMission [ScoutPoi] (goal=CompleteMission)
[10:55:03] [MISSION] Viktor turned in ScoutPoi @ Yantar (+236 RU)
[10:55:03] [GOAL] Viktor achieved CompleteMission
[10:55:03] [TASK] Bohdan → TurnInMission [ScoutPoi] (goal=CompleteMission)
[10:55:03] [MISSION] Bohdan turned in ScoutPoi @ Cordon (+160 RU)
[10:55:03] [GOAL] Bohdan achieved CompleteMission
[10:55:03] [TASK] Alexei → TurnInMission [ScoutPoi] (goal=CompleteMission)
[10:55:03] [MISSION] Alexei turned in ScoutPoi @ Cordon (+160 RU)
[10:55:03] [GOAL] Alexei achieved CompleteMission
[10:55:03] [TASK] Oleksiy → TurnInMission [ScoutPoi] (goal=CompleteMission)
[10:55:03] [MISSION] Oleksiy turned in ScoutPoi @ Meadow (+164 RU)
[10:55:03] [GOAL] Oleksiy achieved CompleteMission
[10:55:03] [TASK] Nikolai → TurnInMission [ScoutPoi] (goal=CompleteMission)
[10:55:03] [MISSION] Nikolai turned in ScoutPoi @ Meadow (+164 RU)
[10:55:03] [GOAL] Nikolai achieved CompleteMission
[10:55:03] [TASK] Yuriy → TurnInMission [ScoutPoi] (goal=CompleteMission)
[10:55:03] [MISSION] Yuriy turned in ScoutPoi @ Zalissya (+184 RU)
[10:55:03] [GOAL] Yuriy achieved CompleteMission
[10:55:03] [TASK] Taras → TurnInMission [ScoutPoi] (goal=CompleteMission)
[10:55:03] [MISSION] Taras turned in ScoutPoi @ Red Forest (+196 RU)
[10:55:03] [GOAL] Taras achieved CompleteMission
[10:55:03] [TASK] Viktor → TurnInMission [ScoutPoi] (goal=CompleteMission)
[10:55:03] [MISSION] Viktor turned in ScoutPoi @ Red Forest (+196 RU)
[10:55:03] [GOAL] Viktor achieved CompleteMission
[10:55:03] [TASK] Igor → TurnInMission [ScoutPoi] (goal=CompleteMission)
[10:55:03] [MISSION] Igor turned in ScoutPoi @ Kopachi (+196 RU)
[10:55:03] [GOAL] Igor achieved CompleteMission
[10:55:03] [TASK] Mikhail → TurnInMission [ScoutPoi] (goal=CompleteMission)
[10:55:03] [MISSION] Mikhail turned in ScoutPoi @ Red Forest (+196 RU)
[10:55:03] [GOAL] Mikhail achieved CompleteMission
[10:55:03] [TASK] Zura → TurnInMission [ScoutPoi] (goal=CompleteMission)
[10:55:03] [MISSION] Zura turned in ScoutPoi @ Kopachi (+196 RU)
[10:55:03] [GOAL] Zura achieved CompleteMission
[10:55:03] [TASK] Dmytro → TurnInMission [ScoutPoi] (goal=CompleteMission)
[10:55:03] [MISSION] Dmytro turned in ScoutPoi @ Cordon (+160 RU)
[10:55:03] [GOAL] Dmytro achieved CompleteMission
[10:55:03] [TASK] Taras → TurnInMission [ScoutPoi] (goal=CompleteMission)
[10:55:03] [MISSION] Taras turned in ScoutPoi @ Meadow (+164 RU)
[10:55:03] [GOAL] Taras achieved CompleteMission
[10:55:03] [TASK] Serhiy → TurnInMission [ScoutPoi] (goal=CompleteMission)
[10:55:03] [MISSION] Serhiy turned in ScoutPoi @ Meadow (+164 RU)
[10:55:03] [GOAL] Serhiy achieved CompleteMission
[10:55:03] [TASK] Nikolai → TurnInMission [ScoutPoi] (goal=CompleteMission)
[10:55:03] [MISSION] Nikolai turned in ScoutPoi @ Garbage (+196 RU)
[10:55:03] [GOAL] Nikolai achieved CompleteMission
[10:55:03] [TASK] Vasyl → TurnInMission [ScoutPoi] (goal=CompleteMission)
[10:55:03] [MISSION] Vasyl turned in ScoutPoi @ Meadow (+164 RU)
[10:55:03] [GOAL] Vasyl achieved CompleteMission
[10:55:03] [TASK] Andriy → TurnInMission [ScoutPoi] (goal=CompleteMission)
[10:55:03] [MISSION] Andriy turned in ScoutPoi @ Kopachi (+196 RU)
[10:55:03] [GOAL] Andriy achieved CompleteMission
[10:55:03] [TASK] Bohdan → TurnInMission [ScoutPoi] (goal=CompleteMission)
[10:55:03] [MISSION] Bohdan turned in ScoutPoi @ Red Forest (+196 RU)
[10:55:03] [GOAL] Bohdan achieved CompleteMission
[10:55:03] [TASK] Pavel → TurnInMission [ScoutPoi] (goal=CompleteMission)
[10:55:03] [MISSION] Pavel turned in ScoutPoi @ Chernobyl Town (+200 RU)
[10:55:03] [GOAL] Pavel achieved CompleteMission
[10:55:03] [TASK] Viktor → TurnInMission [ScoutPoi] (goal=CompleteMission)
[10:55:03] [MISSION] Viktor turned in ScoutPoi @ Meadow (+164 RU)
[10:55:03] [GOAL] Viktor achieved CompleteMission
[10:55:03] [TASK] Bakhyt → TurnInMission [ScoutPoi] (goal=CompleteMission)
[10:55:03] [MISSION] Bakhyt turned in ScoutPoi @ Radar (Brain Scorcher) (+236 RU)
[10:55:03] [GOAL] Bakhyt achieved CompleteMission
[10:55:03] [TASK] Mykola → TurnInMission [ScoutPoi] (goal=CompleteMission)
[10:55:03] [MISSION] Mykola turned in ScoutPoi @ Meadow (+164 RU)
[10:55:03] [GOAL] Mykola achieved CompleteMission
[10:55:03] [TASK] Armen → TurnInMission [ScoutPoi] (goal=CompleteMission)
[10:55:03] [MISSION] Armen turned in ScoutPoi @ Cordon (+160 RU)
[10:55:03] [GOAL] Armen achieved CompleteMission
[10:55:03] [TASK] Dmitri → TurnInMission [ScoutPoi] (goal=CompleteMission)
[10:55:03] [MISSION] Dmitri turned in ScoutPoi @ Wild Territory (+164 RU)
[10:55:03] [GOAL] Dmitri achieved CompleteMission
[10:55:03] [MISSION] Taras accepted ScoutPoi @ Chernobyl Town (200 RU)
[10:55:03] [TASK] Taras → AcceptMission [ScoutPoi] (goal=AcceptMission)
[10:55:03] [GOAL] Taras achieved AcceptMission
[10:55:03] [MISSION] Yuriy accepted ScoutPoi @ Meadow (164 RU)
[10:55:03] [TASK] Yuriy → AcceptMission [ScoutPoi] (goal=AcceptMission)
[10:55:03] [GOAL] Yuriy achieved AcceptMission
[10:55:03] [MISSION] Oleksiy accepted ScoutPoi @ Meadow (164 RU)
[10:55:03] [TASK] Oleksiy → AcceptMission [ScoutPoi] (goal=AcceptMission)
[10:55:03] [GOAL] Oleksiy achieved AcceptMission
[10:55:03] [MISSION] Nodar accepted ScoutPoi @ Chernobyl Town (200 RU)
[10:55:03] [TASK] Nodar → AcceptMission [ScoutPoi] (goal=AcceptMission)
[10:55:03] [GOAL] Nodar achieved AcceptMission
[10:55:03] [MISSION] Oleksiy accepted ScoutPoi @ Kopachi (196 RU)
[10:55:03] [TASK] Oleksiy → AcceptMission [ScoutPoi] (goal=AcceptMission)
[10:55:03] [GOAL] Oleksiy achieved AcceptMission
[10:55:03] [MISSION] Andriy accepted ScoutPoi @ Kopachi (196 RU)
[10:55:03] [TASK] Andriy → AcceptMission [ScoutPoi] (goal=AcceptMission)
[10:55:03] [GOAL] Andriy achieved AcceptMission
[10:55:03] [MISSION] Andrei accepted ScoutPoi @ Wild Territory (164 RU)
[10:55:03] [TASK] Andrei → AcceptMission [ScoutPoi] (goal=AcceptMission)
[10:55:03] [GOAL] Andrei achieved AcceptMission
[10:55:03] [MISSION] Nikolai accepted ScoutPoi @ Meadow (164 RU)
[10:55:03] [TASK] Nikolai → AcceptMission [ScoutPoi] (goal=AcceptMission)
[10:55:03] [GOAL] Nikolai achieved AcceptMission
[10:55:03] [MISSION] Mykola accepted ScoutPoi @ Meadow (164 RU)
[10:55:03] [TASK] Mykola → AcceptMission [ScoutPoi] (goal=AcceptMission)
[10:55:03] [GOAL] Mykola achieved AcceptMission
[10:55:03] [MISSION] Damir accepted ScoutPoi @ Chernobyl Town (200 RU)
[10:55:03] [TASK] Damir → AcceptMission [ScoutPoi] (goal=AcceptMission)
[10:55:03] [GOAL] Damir achieved AcceptMission
[10:55:03] [MISSION] Serhiy accepted ScoutPoi @ Cordon (160 RU)
[10:55:03] [TASK] Serhiy → AcceptMission [ScoutPoi] (goal=AcceptMission)
[10:55:03] [GOAL] Serhiy achieved AcceptMission
[10:55:03] [MISSION] Dmitri accepted ScoutPoi @ Meadow (164 RU)
[10:55:03] [TASK] Dmitri → AcceptMission [ScoutPoi] (goal=AcceptMission)
[10:55:03] [GOAL] Dmitri achieved AcceptMission
[10:55:03] [MISSION] Taras accepted ScoutPoi @ Generators (230 RU)
[10:55:03] [TASK] Taras → AcceptMission [ScoutPoi] (goal=AcceptMission)
[10:55:03] [GOAL] Taras achieved AcceptMission
[10:55:03] [MISSION] Taras accepted ScoutPoi @ Zalissya (184 RU)
[10:55:03] [TASK] Taras → AcceptMission [ScoutPoi] (goal=AcceptMission)
[10:55:03] [GOAL] Taras achieved AcceptMission
[10:55:03] [MISSION] Oleksiy accepted ScoutPoi @ Cordon (160 RU)
[10:55:03] [TASK] Oleksiy → AcceptMission [ScoutPoi] (goal=AcceptMission)
[10:55:03] [GOAL] Oleksiy achieved AcceptMission
[10:55:03] [MISSION] Serhiy accepted ScoutPoi @ Kopachi (196 RU)
[10:55:03] [TASK] Serhiy → AcceptMission [ScoutPoi] (goal=AcceptMission)
[10:55:03] [GOAL] Serhiy achieved AcceptMission
[10:55:03] [MISSION] Bohdan accepted ScoutPoi @ Red Forest (196 RU)
[10:55:03] [TASK] Bohdan → AcceptMission [ScoutPoi] (goal=AcceptMission)
[10:55:03] [GOAL] Bohdan achieved AcceptMission
[10:55:03] [MISSION] Alibek accepted ScoutPoi @ Kopachi (196 RU)
[10:55:03] [TASK] Alibek → AcceptMission [ScoutPoi] (goal=AcceptMission)
[10:55:03] [GOAL] Alibek achieved AcceptMission
[10:55:03] [MISSION] Serhiy accepted ScoutPoi @ Wild Territory (164 RU)
[10:55:03] [TASK] Serhiy → AcceptMission [ScoutPoi] (goal=AcceptMission)
[10:55:03] [GOAL] Serhiy achieved AcceptMission
[10:55:03] [MISSION] Karl accepted ScoutPoi @ Zalissya (184 RU)
[10:55:03] [TASK] Karl → AcceptMission [ScoutPoi] (goal=AcceptMission)
[10:55:03] [GOAL] Karl achieved AcceptMission
[10:55:03] [MISSION] Ivan accepted ScoutPoi @ Cordon (160 RU)
[10:55:03] [TASK] Ivan → AcceptMission [ScoutPoi] (goal=AcceptMission)
[10:55:03] [GOAL] Ivan achieved AcceptMission
[10:55:03] [MISSION] Dmytro accepted ScoutPoi @ Cordon (160 RU)
[10:55:03] [TASK] Dmytro → AcceptMission [ScoutPoi] (goal=AcceptMission)
[10:55:03] [GOAL] Dmytro achieved AcceptMission
[10:55:03] [MISSION] Andriy accepted ScoutPoi @ Zalissya (184 RU)
[10:55:03] [TASK] Andriy → AcceptMission [ScoutPoi] (goal=AcceptMission)
[10:55:03] [GOAL] Andriy achieved AcceptMission
[10:55:03] [MISSION] Alexei accepted ScoutPoi @ Chernobyl Town (200 RU)
[10:55:03] [TASK] Alexei → AcceptMission [ScoutPoi] (goal=AcceptMission)
[10:55:03] [GOAL] Alexei achieved AcceptMission
[10:55:03] [MISSION] Nodar accepted ScoutPoi @ Radar (Brain Scorcher) (236 RU)
[10:55:03] [TASK] Nodar → AcceptMission [ScoutPoi] (goal=AcceptMission)
[10:55:03] [GOAL] Nodar achieved AcceptMission
[10:55:03] [MISSION] Pavel accepted ScoutPoi @ Zalissya (184 RU)
[10:55:03] [TASK] Pavel → AcceptMission [ScoutPoi] (goal=AcceptMission)
[10:55:03] [GOAL] Pavel achieved AcceptMission
[10:55:03] [MISSION] Mykola accepted ScoutPoi @ Cordon (160 RU)
[10:55:03] [TASK] Mykola → AcceptMission [ScoutPoi] (goal=AcceptMission)
[10:55:03] [GOAL] Mykola achieved AcceptMission
[10:55:03] [MISSION] Alexei accepted ScoutPoi @ Chernobyl Town (200 RU)
[10:55:03] [TASK] Alexei → AcceptMission [ScoutPoi] (goal=AcceptMission)
[10:55:03] [GOAL] Alexei achieved AcceptMission
[10:55:03] [MISSION] Andrei accepted ScoutPoi @ Zalissya (184 RU)
[10:55:03] [TASK] Andrei → AcceptMission [ScoutPoi] (goal=AcceptMission)
[10:55:03] [GOAL] Andrei achieved AcceptMission
[10:55:03] [MISSION] Nodar accepted ScoutPoi @ Chernobyl Town (200 RU)
[10:55:03] [TASK] Nodar → AcceptMission [ScoutPoi] (goal=AcceptMission)
[10:55:03] [GOAL] Nodar achieved AcceptMission
[10:55:03] [MISSION] Alibek accepted ScoutPoi @ Chernobyl Town (200 RU)
[10:55:03] [TASK] Alibek → AcceptMission [ScoutPoi] (goal=AcceptMission)
[10:55:03] [GOAL] Alibek achieved AcceptMission
[10:55:03] [MISSION] Pavel accepted ScoutPoi @ Zalissya (184 RU)
[10:55:03] [TASK] Pavel → AcceptMission [ScoutPoi] (goal=AcceptMission)
[10:55:03] [GOAL] Pavel achieved AcceptMission
[10:55:03] [MISSION] Marcus accepted ScoutPoi @ Wild Territory (164 RU)
[10:55:03] [TASK] Marcus → AcceptMission [ScoutPoi] (goal=AcceptMission)
[10:55:03] [GOAL] Marcus achieved AcceptMission
[10:55:03] [MISSION] Timur accepted ScoutPoi @ Cordon (160 RU)
[10:55:03] [TASK] Timur → AcceptMission [ScoutPoi] (goal=AcceptMission)
[10:55:03] [GOAL] Timur achieved AcceptMission
[10:55:03] [MISSION] Andrei accepted ScoutPoi @ Chernobyl Town (200 RU)
[10:55:03] [TASK] Andrei → AcceptMission [ScoutPoi] (goal=AcceptMission)
[10:55:03] [GOAL] Andrei achieved AcceptMission
[10:55:03] [MISSION] Dmitri accepted ScoutPoi @ Red Forest (196 RU)
[10:55:03] [TASK] Dmitri → AcceptMission [ScoutPoi] (goal=AcceptMission)
[10:55:03] [GOAL] Dmitri achieved AcceptMission
[10:55:03] [MISSION] Oleg accepted ScoutPoi @ Wild Territory (164 RU)
[10:55:03] [TASK] Oleg → AcceptMission [ScoutPoi] (goal=AcceptMission)
[10:55:03] [GOAL] Oleg achieved AcceptMission
[10:55:03] [MISSION] Viktor accepted ScoutPoi @ Radar (Brain Scorcher) (236 RU)
[10:55:03] [TASK] Viktor → AcceptMission [ScoutPoi] (goal=AcceptMission)
[10:55:03] [GOAL] Viktor achieved AcceptMission
[10:55:03] [MISSION] Oleksiy accepted ScoutPoi @ Radar (Brain Scorcher) (236 RU)
[10:55:03] [TASK] Oleksiy → AcceptMission [ScoutPoi] (goal=AcceptMission)
[10:55:03] [GOAL] Oleksiy achieved AcceptMission
[10:55:03] [MISSION] Giorgi accepted ScoutPoi @ Zalissya (184 RU)
[10:55:03] [TASK] Giorgi → AcceptMission [ScoutPoi] (goal=AcceptMission)
[10:55:03] [GOAL] Giorgi achieved AcceptMission
[10:55:03] [MISSION] Ivan accepted ScoutPoi @ Zalissya (184 RU)
[10:55:03] [TASK] Ivan → AcceptMission [ScoutPoi] (goal=AcceptMission)
[10:55:03] [GOAL] Ivan achieved AcceptMission
[10:55:03] [MISSION] Jake accepted ScoutPoi @ Cordon (160 RU)
[10:55:03] [TASK] Jake → AcceptMission [ScoutPoi] (goal=AcceptMission)
[10:55:03] [GOAL] Jake achieved AcceptMission
[10:55:03] [MISSION] Viktor accepted ScoutPoi @ Red Forest (196 RU)
[10:55:03] [TASK] Viktor → AcceptMission [ScoutPoi] (goal=AcceptMission)
[10:55:03] [GOAL] Viktor achieved AcceptMission
[10:55:03] [MISSION] Dmitri accepted ScoutPoi @ Yantar (236 RU)
[10:55:03] [TASK] Dmitri → AcceptMission [ScoutPoi] (goal=AcceptMission)
[10:55:03] [GOAL] Dmitri achieved AcceptMission
[10:55:03] [MISSION] Oleg accepted ScoutPoi @ Chernobyl Town (200 RU)
[10:55:03] [TASK] Oleg → AcceptMission [ScoutPoi] (goal=AcceptMission)
[10:55:03] [GOAL] Oleg achieved AcceptMission
[10:55:03] [MISSION] Yuriy accepted ScoutPoi @ Kopachi (196 RU)
[10:55:03] [TASK] Yuriy → AcceptMission [ScoutPoi] (goal=AcceptMission)
[10:55:03] [GOAL] Yuriy achieved AcceptMission
[10:55:03] [MISSION] Mykola accepted ScoutPoi @ Red Forest (196 RU)
[10:55:03] [TASK] Mykola → AcceptMission [ScoutPoi] (goal=AcceptMission)
[10:55:03] [GOAL] Mykola achieved AcceptMission
[10:55:03] [MISSION] Bohdan accepted ScoutPoi @ Kopachi (196 RU)
[10:55:03] [TASK] Bohdan → AcceptMission [ScoutPoi] (goal=AcceptMission)
[10:55:03] [GOAL] Bohdan achieved AcceptMission
[10:55:03] [MISSION] Bohdan accepted ScoutPoi @ Meadow (164 RU)
[10:55:03] [TASK] Bohdan → AcceptMission [ScoutPoi] (goal=AcceptMission)
[10:55:03] [GOAL] Bohdan achieved AcceptMission
[10:55:03] [MISSION] Bohdan accepted ScoutPoi @ Cordon (160 RU)
[10:55:03] [TASK] Bohdan → AcceptMission [ScoutPoi] (goal=AcceptMission)
[10:55:03] [GOAL] Bohdan achieved AcceptMission
[10:55:03] [MISSION] Mykola accepted ScoutPoi @ Kopachi (196 RU)
[10:55:03] [TASK] Mykola → AcceptMission [ScoutPoi] (goal=AcceptMission)
[10:55:03] [GOAL] Mykola achieved AcceptMission
[10:55:03] [MISSION] Viktor accepted ScoutPoi @ Yantar (236 RU)
[10:55:03] [TASK] Viktor → AcceptMission [ScoutPoi] (goal=AcceptMission)
[10:55:03] [GOAL] Viktor achieved AcceptMission
[10:55:03] [MISSION] Bohdan accepted ScoutPoi @ Cordon (160 RU)
[10:55:03] [TASK] Bohdan → AcceptMission [ScoutPoi] (goal=AcceptMission)
[10:55:03] [GOAL] Bohdan achieved AcceptMission
[10:55:03] [MISSION] Alexei accepted ScoutPoi @ Cordon (160 RU)
[10:55:03] [TASK] Alexei → AcceptMission [ScoutPoi] (goal=AcceptMission)
[10:55:03] [GOAL] Alexei achieved AcceptMission
[10:55:03] [MISSION] Oleksiy accepted ScoutPoi @ Meadow (164 RU)
[10:55:03] [TASK] Oleksiy → AcceptMission [ScoutPoi] (goal=AcceptMission)
[10:55:03] [GOAL] Oleksiy achieved AcceptMission
[10:55:03] [MISSION] Nikolai accepted ScoutPoi @ Meadow (164 RU)
[10:55:03] [TASK] Nikolai → AcceptMission [ScoutPoi] (goal=AcceptMission)
[10:55:03] [GOAL] Nikolai achieved AcceptMission
[10:55:03] [MISSION] Yuriy accepted ScoutPoi @ Zalissya (184 RU)
[10:55:03] [TASK] Yuriy → AcceptMission [ScoutPoi] (goal=AcceptMission)
[10:55:03] [GOAL] Yuriy achieved AcceptMission
[10:55:03] [MISSION] Taras accepted ScoutPoi @ Red Forest (196 RU)
[10:55:03] [TASK] Taras → AcceptMission [ScoutPoi] (goal=AcceptMission)
[10:55:03] [GOAL] Taras achieved AcceptMission
[10:55:03] [MISSION] Viktor accepted ScoutPoi @ Red Forest (196 RU)
[10:55:03] [TASK] Viktor → AcceptMission [ScoutPoi] (goal=AcceptMission)
[10:55:03] [GOAL] Viktor achieved AcceptMission
[10:55:03] [MISSION] Igor accepted ScoutPoi @ Kopachi (196 RU)
[10:55:03] [TASK] Igor → AcceptMission [ScoutPoi] (goal=AcceptMission)
[10:55:03] [GOAL] Igor achieved AcceptMission
[10:55:03] [MISSION] Mikhail accepted ScoutPoi @ Red Forest (196 RU)
[10:55:03] [TASK] Mikhail → AcceptMission [ScoutPoi] (goal=AcceptMission)
[10:55:03] [GOAL] Mikhail achieved AcceptMission
[10:55:03] [MISSION] Zura accepted ScoutPoi @ Kopachi (196 RU)
[10:55:03] [TASK] Zura → AcceptMission [ScoutPoi] (goal=AcceptMission)
[10:55:03] [GOAL] Zura achieved AcceptMission
[10:55:03] [MISSION] Dmytro accepted ScoutPoi @ Cordon (160 RU)
[10:55:03] [TASK] Dmytro → AcceptMission [ScoutPoi] (goal=AcceptMission)
[10:55:03] [GOAL] Dmytro achieved AcceptMission
[10:55:03] [MISSION] Taras accepted ScoutPoi @ Meadow (164 RU)
[10:55:03] [TASK] Taras → AcceptMission [ScoutPoi] (goal=AcceptMission)
[10:55:03] [GOAL] Taras achieved AcceptMission
[10:55:03] [MISSION] Serhiy accepted ScoutPoi @ Meadow (164 RU)
[10:55:03] [TASK] Serhiy → AcceptMission [ScoutPoi] (goal=AcceptMission)
[10:55:03] [GOAL] Serhiy achieved AcceptMission
[10:55:03] [MISSION] Nikolai accepted ScoutPoi @ Garbage (196 RU)
[10:55:03] [TASK] Nikolai → AcceptMission [ScoutPoi] (goal=AcceptMission)
[10:55:03] [GOAL] Nikolai achieved AcceptMission
[10:55:03] [MISSION] Vasyl accepted ScoutPoi @ Meadow (164 RU)
[10:55:03] [TASK] Vasyl → AcceptMission [ScoutPoi] (goal=AcceptMission)
[10:55:03] [GOAL] Vasyl achieved AcceptMission
[10:55:03] [MISSION] Andriy accepted ScoutPoi @ Kopachi (196 RU)
[10:55:03] [TASK] Andriy → AcceptMission [ScoutPoi] (goal=AcceptMission)
[10:55:03] [GOAL] Andriy achieved AcceptMission
[10:55:03] [MISSION] Bohdan accepted ScoutPoi @ Red Forest (196 RU)
[10:55:03] [TASK] Bohdan → AcceptMission [ScoutPoi] (goal=AcceptMission)
[10:55:03] [GOAL] Bohdan achieved AcceptMission
[10:55:03] [MISSION] Pavel accepted ScoutPoi @ Chernobyl Town (200 RU)
[10:55:03] [TASK] Pavel → AcceptMission [ScoutPoi] (goal=AcceptMission)
[10:55:03] [GOAL] Pavel achieved AcceptMission
[10:55:03] [MISSION] Viktor accepted ScoutPoi @ Meadow (164 RU)
[10:55:03] [TASK] Viktor → AcceptMission [ScoutPoi] (goal=AcceptMission)
[10:55:03] [GOAL] Viktor achieved AcceptMission
[10:55:03] [MISSION] Bakhyt accepted ScoutPoi @ Radar (Brain Scorcher) (236 RU)
[10:55:03] [TASK] Bakhyt → AcceptMission [ScoutPoi] (goal=AcceptMission)
[10:55:03] [GOAL] Bakhyt achieved AcceptMission
[10:55:03] [MISSION] Mykola accepted ScoutPoi @ Meadow (164 RU)
[10:55:03] [TASK] Mykola → AcceptMission [ScoutPoi] (goal=AcceptMission)
[10:55:03] [GOAL] Mykola achieved AcceptMission
[10:55:03] [MISSION] Armen accepted ScoutPoi @ Cordon (160 RU)
[10:55:03] [TASK] Armen → AcceptMission [ScoutPoi] (goal=AcceptMission)
[10:55:03] [GOAL] Armen achieved AcceptMission
[10:55:03] [MISSION] Dmitri accepted ScoutPoi @ Wild Territory (164 RU)
[10:55:03] [TASK] Dmitri → AcceptMission [ScoutPoi] (goal=AcceptMission)
[10:55:03] [GOAL] Dmitri achieved AcceptMission
[10:55:20] [SNAPSHOT] real=28.8min game=D0 01:03 alive S=334 M=197 corpses=125 lootable=85 gammaGear out=180 helm=287 avgRU=1141 leaderGoals trade=0 mission=75 emission=Dormant nextIn=40gmin desperate=4 hungry=0 interval deaths=1 combats=2 tasks=230 gearLoot=0 gearBuy=0 missions=151 corpseDespawn=6 trickleSpawns=1 ranks=[Rookie:255,Trainee:11,Experienced:6,Professional:34,Veteran:22,Expert:5,Master:1] goals=[Idle:106,CompleteMission::75,Traveling:3] leaders: Taras[Trainee/CompleteMission:], Mikhail[Rookie/Idle], Oleg[Rookie/Idle], Yuriy[Experienced/CompleteMission:], Andriy[Rookie/Idle]
[10:55:25] [CORPSE] Despawned 2 bodies (lifetime=2046)
[10:55:26] [COMBAT] Sergei Volkov 'Ash' killed Serhiy Shevchenko 'Wolf' using wpn_gauss
[10:55:26] [GEAR] Sergei looted [wpn_pkm] via combat
[10:55:39] [CORPSE] Despawned 2 bodies (lifetime=2048)
[10:55:50] [SNAPSHOT] real=29.3min game=D0 01:04 alive S=333 M=197 corpses=122 lootable=83 gammaGear out=180 helm=286 avgRU=1142 leaderGoals trade=0 mission=75 emission=Dormant nextIn=39gmin desperate=4 hungry=0 interval deaths=1 combats=1 tasks=0 gearLoot=1 gearBuy=0 missions=0 corpseDespawn=4 trickleSpawns=0 ranks=[Rookie:254,Trainee:11,Experienced:6,Professional:34,Veteran:22,Expert:5,Master:1] goals=[Idle:106,CompleteMission::75,Traveling:3] leaders: Taras[Trainee/CompleteMission:], Mikhail[Rookie/Idle], Oleg[Rookie/Idle], Yuriy[Experienced/CompleteMission:], Andriy[Rookie/Idle]
[10:55:52] [CORPSE] Despawned 3 bodies (lifetime=2051)
[10:55:53] [COMBAT] Mykola Shevchenko 'The Nail' killed Vasyl Petrenko 'Badger' using wpn_fort12
[10:55:53] [GEAR] Mykola looted [wpn_pkm, out_scientific_outfit, helm_helm_protective] via combat
[10:55:59] [SPAWN] Trickle +0 stalkers, +1 mutants
[10:56:01] [COMBAT] Andrei Sokolov 'Lucky' killed Taras Volkov 'Raven' using wpn_bm16
[10:56:01] [GEAR] Andrei looted [wpn_ak74, wpn_sg550, arm_exo] via combat
[10:56:05] [CORPSE] Despawned 6 bodies (lifetime=2057)
[10:56:06] [SPAWN] Trickle +1 stalkers, +0 mutants
[10:56:06] [MISSION] Mykola accepted ScoutPoi @ Truck Cemetery (210 RU)
[10:56:06] [TASK] Mykola → AcceptMission [ScoutPoi] (goal=AcceptMission)
[10:56:06] [GOAL] Mykola achieved AcceptMission
[10:56:07] [COMBAT] Igor Petrov 'Shadow' killed Mykola Petrenko 'Fox' using wpn_vintorez
[10:56:07] [GEAR] Igor looted [helm_helm_ach7] via combat
[10:56:09] [MISSION] Andrei accepted ScoutPoi @ Garbage (196 RU)
[10:56:09] [TASK] Andrei → AcceptMission [ScoutPoi] (goal=AcceptMission)
[10:56:09] [GOAL] Andrei achieved AcceptMission
[10:56:11] [SPAWN] Trickle +1 stalkers, +0 mutants
[10:56:11] [MISSION] Yuriy accepted ScoutPoi @ Truck Cemetery (210 RU)
[10:56:11] [TASK] Yuriy → AcceptMission [ScoutPoi] (goal=AcceptMission)
[10:56:11] [GOAL] Yuriy achieved AcceptMission
[10:56:14] [SPAWN] Trickle +0 stalkers, +1 mutants
[10:56:18] [CORPSE] Despawned 4 bodies (lifetime=2061)
[10:56:20] [SNAPSHOT] real=29.8min game=D0 01:06 alive S=330 M=199 corpses=114 lootable=82 gammaGear out=176 helm=285 avgRU=1143 leaderGoals trade=0 mission=76 emission=Dormant nextIn=38gmin desperate=4 hungry=0 interval deaths=5 combats=5 tasks=3 gearLoot=3 gearBuy=0 missions=3 corpseDespawn=13 trickleSpawns=4 ranks=[Rookie:252,Trainee:10,Experienced:6,Professional:34,Veteran:22,Expert:5,Master:1] goals=[Idle:107,CompleteMission::76,Traveling:1] leaders: Taras[Trainee/CompleteMission:], Mikhail[Rookie/Idle], Oleg[Rookie/Idle], Yuriy[Experienced/CompleteMission:], Andriy[Rookie/Idle]
[10:56:21] [COMBAT] Nikolai Melnyk 'Fox' killed Yuriy Shevchenko 'Raven' using wpn_gauss
[10:56:31] [CORPSE] Despawned 4 bodies (lifetime=2065)
[10:56:33] [COMBAT] Viktor Sokolov 'Bone' killed PsyDog using wpn_gauss
[10:56:33] [REPORT] ========== SIMULATION DEBUG FINAL REPORT ==========
Real runtime: 30.0 min | Game time: D0 01:06 | TimeFactor=3.0
Population: stalkers 329 alive (peak 628, min 64) | mutants 198 alive
Initial spawn: 6 stalkers, 0 mutants
Trickle respawn: +86 stalkers, +22 mutants (62 batches)
Combat encounters: 2081 total
  vs mutant: W=824 L=678 | mutants killed=824
  vs stalker: W=325 L=254
Stalker casualties: 1257 total
  gunfire=579 mutant=678 emission=0 betrayal=0 zombified=0
Mutant emission deaths: 0
Rank promotions: 57 | Corpses reported: 1498 | Despawned: 2065
Gear loot events: 242 (499 items) | Trader gear buys: 3 (3 items)
Missions: accepted=1607 completed=926
GAMMA gear (alive): outfits=176 helmets=285 avgGold=1144 RU
GOAP tasks completed: 3730 | Goals achieved: 2564
GOAP replans (1Hz): 376516
Emission storms: 0 | Last phase: Dormant
KillTracker total: 2081
Deaths per real minute (overall): 41.9
Combats per real minute (overall): 69.4
Startup window (0-2 min): 87 deaths, 124 combats (44 deaths/min)
Steady state (after 2 min): 1170 deaths, 1957 combats (41.8 deaths/min, 69.9 combats/min)
Rank distribution (alive):
  Rookie: 251
  Trainee: 10
  Experienced: 6
  Professional: 34
  Veteran: 22
  Expert: 5
  Master: 1
Top survivors by kills:
  Lars Kovalenko 'Ghost' (Experienced) K=10 XP=420
  Vasyl Kovalenko 'Shadow' (Trainee) K=6 XP=220
  Tobias Ivanov 'One-Eye' (Rookie) K=6 XP=180
  Lars Petrenko 'Raven' (Trainee) K=5 XP=250
  Marcus Melnyk 'Whisper' (Trainee) K=5 XP=203
===================================================

========== SIMULATION DEBUG FINAL REPORT ==========
Real runtime: 30.0 min | Game time: D0 01:06 | TimeFactor=3.0
Population: stalkers 329 alive (peak 628, min 64) | mutants 198 alive
Initial spawn: 6 stalkers, 0 mutants
Trickle respawn: +86 stalkers, +22 mutants (62 batches)
Combat encounters: 2081 total
  vs mutant: W=824 L=678 | mutants killed=824
  vs stalker: W=325 L=254
Stalker casualties: 1257 total
  gunfire=579 mutant=678 emission=0 betrayal=0 zombified=0
Mutant emission deaths: 0
Rank promotions: 57 | Corpses reported: 1498 | Despawned: 2065
Gear loot events: 242 (499 items) | Trader gear buys: 3 (3 items)
Missions: accepted=1607 completed=926
GAMMA gear (alive): outfits=176 helmets=285 avgGold=1144 RU
GOAP tasks completed: 3730 | Goals achieved: 2564
GOAP replans (1Hz): 376516
Emission storms: 0 | Last phase: Dormant
KillTracker total: 2081
Deaths per real minute (overall): 41.9
Combats per real minute (overall): 69.4
Startup window (0-2 min): 87 deaths, 124 combats (44 deaths/min)
Steady state (after 2 min): 1170 deaths, 1957 combats (41.8 deaths/min, 69.9 combats/min)
Rank distribution (alive):
  Rookie: 251
  Trainee: 10
  Experienced: 6
  Professional: 34
  Veteran: 22
  Expert: 5
  Master: 1
Top survivors by kills:
  Lars Kovalenko 'Ghost' (Experienced) K=10 XP=420
  Vasyl Kovalenko 'Shadow' (Trainee) K=6 XP=220
  Tobias Ivanov 'One-Eye' (Rookie) K=6 XP=180
  Lars Petrenko 'Raven' (Trainee) K=5 XP=250
  Marcus Melnyk 'Whisper' (Trainee) K=5 XP=203
===================================================

