[15:14:51] [INIT] Debug logging enabled → logs/sim_20260819_151451.log
[15:14:51] [INIT] Snapshot interval=30s
[15:14:51] [INIT] Initial population: 6 stalkers, 0 mutants (not counted as trickle spawns)
[15:14:51] [MISSION] Sidorovich accepted ScoutPoi @ Cordon (160 RU)
[15:14:51] [TASK] Sidorovich → AcceptMission [ScoutPoi] (goal=AcceptMission)
[15:14:51] [GOAL] Sidorovich achieved AcceptMission
[15:14:51] [MISSION] Cold accepted ScoutPoi @ Great Swamps (164 RU)
[15:14:51] [TASK] Cold → AcceptMission [ScoutPoi] (goal=AcceptMission)
[15:14:51] [GOAL] Cold achieved AcceptMission
[15:14:51] [MISSION] Barkeep accepted ScoutPoi @ Rostok (164 RU)
[15:14:51] [TASK] Barkeep → AcceptMission [ScoutPoi] (goal=AcceptMission)
[15:14:51] [GOAL] Barkeep achieved AcceptMission
[15:14:51] [MISSION] Professor accepted ScoutPoi @ Yantar (190 RU)
[15:14:51] [TASK] Professor → AcceptMission [ScoutPoi] (goal=AcceptMission)
[15:14:51] [GOAL] Professor achieved AcceptMission
[15:14:51] [MISSION] Lukash accepted ScoutPoi @ Army Warehouses (160 RU)
[15:14:51] [TASK] Lukash → AcceptMission [ScoutPoi] (goal=AcceptMission)
[15:14:51] [GOAL] Lukash achieved AcceptMission
[15:14:51] [MISSION] Beard accepted ScoutPoi @ Zaton (184 RU)
[15:14:51] [TASK] Beard → AcceptMission [ScoutPoi] (goal=AcceptMission)
[15:14:51] [GOAL] Beard achieved AcceptMission
[15:14:52] [INBOUND] Initial +2 ctx.Stalkers, +1 mutants (remaining S=1492 M=999)
[15:14:52] [MISSION] Viktor accepted ScoutPoi @ Chernobyl NPP (190 RU)
[15:14:52] [TASK] Viktor → AcceptMission [ScoutPoi] (goal=AcceptMission)
[15:14:52] [GOAL] Viktor achieved AcceptMission
[15:14:53] [INBOUND] Initial +2 ctx.Stalkers, +1 mutants (remaining S=1490 M=998)
[15:14:53] [MISSION] Igor accepted ScoutPoi @ Yantar (190 RU)
[15:14:53] [TASK] Igor → AcceptMission [ScoutPoi] (goal=AcceptMission)
[15:14:53] [GOAL] Igor achieved AcceptMission
[15:14:54] [INBOUND] Initial +2 ctx.Stalkers, +2 mutants (remaining S=1488 M=996)
[15:14:55] [INBOUND] Initial +2 ctx.Stalkers, +1 mutants (remaining S=1486 M=995)
[15:14:55] [MISSION] Dmitri accepted ScoutPoi @ Rostok (164 RU)
[15:14:55] [TASK] Dmitri → AcceptMission [ScoutPoi] (goal=AcceptMission)
[15:14:55] [GOAL] Dmitri achieved AcceptMission
[15:14:56] [INBOUND] Initial +2 ctx.Stalkers, +1 mutants (remaining S=1484 M=994)
[15:14:56] [MISSION] Dmitri accepted ScoutPoi @ Zalissya (184 RU)
[15:14:56] [TASK] Dmitri → AcceptMission [ScoutPoi] (goal=AcceptMission)
[15:14:56] [GOAL] Dmitri achieved AcceptMission
[15:14:57] [INBOUND] Initial +2 ctx.Stalkers, +2 mutants (remaining S=1482 M=992)
[15:14:57] [MISSION] Serhiy accepted ScoutPoi @ Zalissya (184 RU)
[15:14:57] [TASK] Serhiy → AcceptMission [ScoutPoi] (goal=AcceptMission)
[15:14:57] [GOAL] Serhiy achieved AcceptMission
[15:14:58] [INBOUND] Initial +2 ctx.Stalkers, +1 mutants (remaining S=1480 M=991)
[15:14:58] [MISSION] Oleksiy accepted ScoutPoi @ Meadow (160 RU)
[15:14:58] [TASK] Oleksiy → AcceptMission [ScoutPoi] (goal=AcceptMission)
[15:14:58] [GOAL] Oleksiy achieved AcceptMission
[15:14:59] [INBOUND] Initial +2 ctx.Stalkers, +2 mutants (remaining S=1478 M=989)
[15:14:59] [MISSION] Vasyl accepted ScoutPoi @ Chernobyl NPP (190 RU)
[15:14:59] [TASK] Vasyl → AcceptMission [ScoutPoi] (goal=AcceptMission)
[15:14:59] [GOAL] Vasyl achieved AcceptMission
[15:15:00] [INBOUND] Initial +2 ctx.Stalkers, +1 mutants (remaining S=1476 M=988)
[15:15:00] [MISSION] Andrei accepted ScoutPoi @ Garbage (160 RU)
[15:15:00] [TASK] Andrei → AcceptMission [ScoutPoi] (goal=AcceptMission)
[15:15:00] [GOAL] Andrei achieved AcceptMission
[15:15:01] [INBOUND] Initial +2 ctx.Stalkers, +1 mutants (remaining S=1474 M=987)
[15:15:02] [MISSION] Mykola accepted ScoutPoi @ Jupiter (Pripyat Industrial) (190 RU)
[15:15:02] [TASK] Mykola → AcceptMission [ScoutPoi] (goal=AcceptMission)
[15:15:02] [GOAL] Mykola achieved AcceptMission
[15:15:02] [COMBAT] Lukash killed Boar using wpn_mp5
[15:15:03] [INBOUND] Initial +2 ctx.Stalkers, +2 mutants (remaining S=1472 M=985)
[15:15:03] [MISSION] Serhiy accepted ScoutPoi @ Meadow (160 RU)
[15:15:03] [TASK] Serhiy → AcceptMission [ScoutPoi] (goal=AcceptMission)
[15:15:03] [GOAL] Serhiy achieved AcceptMission
[15:15:03] [MISSION] Oleksiy accepted ScoutPoi @ Yantar (190 RU)
[15:15:03] [TASK] Oleksiy → AcceptMission [ScoutPoi] (goal=AcceptMission)
[15:15:03] [GOAL] Oleksiy achieved AcceptMission
[15:15:04] [INBOUND] Initial +2 ctx.Stalkers, +1 mutants (remaining S=1470 M=984)
[15:15:05] [INBOUND] Initial +2 ctx.Stalkers, +2 mutants (remaining S=1468 M=982)
[15:15:05] [MISSION] Andrei accepted ScoutPoi @ Radar (Brain Scorcher) (176 RU)
[15:15:05] [TASK] Andrei → AcceptMission [ScoutPoi] (goal=AcceptMission)
[15:15:05] [GOAL] Andrei achieved AcceptMission
[15:15:06] [INBOUND] Initial +3 ctx.Stalkers, +1 mutants (remaining S=1465 M=981)
[15:15:07] [INBOUND] Initial +2 ctx.Stalkers, +1 mutants (remaining S=1463 M=980)
[15:15:07] [MISSION] Dmytro accepted ScoutPoi @ Chernobyl NPP (190 RU)
[15:15:07] [TASK] Dmytro → AcceptMission [ScoutPoi] (goal=AcceptMission)
[15:15:07] [GOAL] Dmytro achieved AcceptMission
[15:15:08] [INBOUND] Initial +2 ctx.Stalkers, +2 mutants (remaining S=1461 M=978)
[15:15:08] [MISSION] Alibek accepted ScoutPoi @ Deserted Hospital (236 RU)
[15:15:08] [TASK] Alibek → AcceptMission [ScoutPoi] (goal=AcceptMission)
[15:15:08] [GOAL] Alibek achieved AcceptMission
[15:15:08] [MISSION] Ivan accepted ScoutPoi @ Meadow (160 RU)
[15:15:08] [TASK] Ivan → AcceptMission [ScoutPoi] (goal=AcceptMission)
[15:15:08] [GOAL] Ivan achieved AcceptMission
[15:15:09] [INBOUND] Initial +2 ctx.Stalkers, +1 mutants (remaining S=1459 M=977)
[15:15:09] [MISSION] Alexei accepted ScoutPoi @ Zalissya (184 RU)
[15:15:09] [TASK] Alexei → AcceptMission [ScoutPoi] (goal=AcceptMission)
[15:15:09] [GOAL] Alexei achieved AcceptMission
[15:15:10] [INBOUND] Initial +2 ctx.Stalkers, +1 mutants (remaining S=1457 M=976)
[15:15:10] [MISSION] Oleksiy accepted ScoutPoi @ Zaton (184 RU)
[15:15:10] [TASK] Oleksiy → AcceptMission [ScoutPoi] (goal=AcceptMission)
[15:15:10] [GOAL] Oleksiy achieved AcceptMission
[15:15:11] [INBOUND] Initial +2 ctx.Stalkers, +2 mutants (remaining S=1455 M=974)
[15:15:11] [MISSION] Tobias accepted ScoutPoi @ Zaton (184 RU)
[15:15:11] [TASK] Tobias → AcceptMission [ScoutPoi] (goal=AcceptMission)
[15:15:11] [GOAL] Tobias achieved AcceptMission
[15:15:12] [INBOUND] Initial +2 ctx.Stalkers, +1 mutants (remaining S=1453 M=973)
[15:15:12] [MISSION] Jake accepted ScoutPoi @ Duga Radar (160 RU)
[15:15:12] [TASK] Jake → AcceptMission [ScoutPoi] (goal=AcceptMission)
[15:15:12] [GOAL] Jake achieved AcceptMission
[15:15:13] [INBOUND] Initial +2 ctx.Stalkers, +2 mutants (remaining S=1451 M=971)
[15:15:13] [MISSION] Damir accepted ScoutPoi @ Garbage (160 RU)
[15:15:13] [TASK] Damir → AcceptMission [ScoutPoi] (goal=AcceptMission)
[15:15:13] [GOAL] Damir achieved AcceptMission
[15:15:14] [INBOUND] Initial +2 ctx.Stalkers, +1 mutants (remaining S=1449 M=970)
[15:15:14] [MISSION] Igor accepted ScoutPoi @ Chernobyl NPP (190 RU)
[15:15:14] [TASK] Igor → AcceptMission [ScoutPoi] (goal=AcceptMission)
[15:15:14] [GOAL] Igor achieved AcceptMission
[15:15:14] [MISSION] Cold arrived for ScoutPoi @ Cordon (travel=506m, work=211s game)
[15:15:15] [INBOUND] Initial +2 ctx.Stalkers, +1 mutants (remaining S=1447 M=969)
[15:15:15] [MISSION] Dmitri accepted ScoutPoi @ Zaton (184 RU)
[15:15:15] [TASK] Dmitri → AcceptMission [ScoutPoi] (goal=AcceptMission)
[15:15:15] [GOAL] Dmitri achieved AcceptMission
[15:15:15] [MISSION] Oleksiy accepted ScoutPoi @ Wild Territory (190 RU)
[15:15:15] [TASK] Oleksiy → AcceptMission [ScoutPoi] (goal=AcceptMission)
[15:15:15] [GOAL] Oleksiy achieved AcceptMission
[15:15:16] [INBOUND] Initial +2 ctx.Stalkers, +2 mutants (remaining S=1445 M=967)
[15:15:16] [MISSION] Yuriy accepted ScoutPoi @ Garbage (160 RU)
[15:15:16] [TASK] Yuriy → AcceptMission [ScoutPoi] (goal=AcceptMission)
[15:15:16] [GOAL] Yuriy achieved AcceptMission
[15:15:17] [INBOUND] Initial +2 ctx.Stalkers, +1 mutants (remaining S=1443 M=966)
[15:15:17] [MISSION] Bakhyt accepted ScoutPoi @ Agroprom (160 RU)
[15:15:17] [TASK] Bakhyt → AcceptMission [ScoutPoi] (goal=AcceptMission)
[15:15:17] [GOAL] Bakhyt achieved AcceptMission
[15:15:18] [MISSION] Sidorovich arrived for ScoutPoi @ Machine Yard (travel=532m, work=216s game)
[15:15:18] [COMBAT] Lukash killed Andrei Ivanov 'Stitch' using wpn_mp5
[15:15:18] [GEAR] Lukash looted [wpn_fort12, helm_helm_respirator_gp5] via combat
[15:15:18] [INBOUND] Initial +2 ctx.Stalkers, +2 mutants (remaining S=1441 M=964)
[15:15:18] [MISSION] Zura accepted ScoutPoi @ Rostok (164 RU)
[15:15:18] [TASK] Zura → AcceptMission [ScoutPoi] (goal=AcceptMission)
[15:15:18] [GOAL] Zura achieved AcceptMission
[15:15:19] [MISSION] Sidorovich arrived for ScoutPoi @ Machine Yard (travel=532m, work=216s game)
[15:15:19] [INBOUND] Initial +3 ctx.Stalkers, +1 mutants (remaining S=1438 M=963)
[15:15:20] [TASK] Sidorovich → FulfillMission [ScoutPoi] (goal=CompleteMission)
[15:15:20] [MISSION] Sidorovich objective done ScoutPoi @ Machine Yard → return to Cordon
[15:15:20] [TASK] Cold → FulfillMission [ScoutPoi] (goal=CompleteMission)
[15:15:20] [MISSION] Cold objective done ScoutPoi @ Cordon → return to Great Swamps
[15:15:20] [TASK] Barkeep → FulfillMission [ScoutPoi] (goal=CompleteMission)
[15:15:20] [MISSION] Barkeep objective done ScoutPoi @ Southern Watchtower → return to Rostok
[15:15:20] [TASK] Professor → FulfillMission [ScoutPoi] (goal=CompleteMission)
[15:15:20] [MISSION] Professor objective done ScoutPoi @ Sunken Shack → return to Yantar
[15:15:20] [TASK] Lukash → FulfillMission [ScoutPoi] (goal=CompleteMission)
[15:15:20] [MISSION] Lukash objective done ScoutPoi @ Mutant Den #0 near Great Swamps → return to Army Warehouses
[15:15:20] [TASK] Beard → FulfillMission [ScoutPoi] (goal=CompleteMission)
[15:15:20] [MISSION] Beard objective done ScoutPoi @ Sunken Outpost → return to Zaton
[15:15:20] [TASK] Viktor → FulfillMission [ScoutPoi] (goal=CompleteMission)
[15:15:20] [MISSION] Viktor objective done ScoutPoi @ Abandoned Outpost → return to Chernobyl NPP
[15:15:20] [TASK] Igor → FulfillMission [ScoutPoi] (goal=CompleteMission)
[15:15:20] [MISSION] Igor objective done ScoutPoi @ Sunken Shack → return to Yantar
[15:15:20] [TASK] Dmitri → FulfillMission [ScoutPoi] (goal=CompleteMission)
[15:15:20] [MISSION] Dmitri objective done ScoutPoi @ Southern Watchtower → return to Rostok
[15:15:20] [TASK] Dmitri → FulfillMission [ScoutPoi] (goal=CompleteMission)
[15:15:20] [MISSION] Dmitri objective done ScoutPoi @ Mutant Den #0 near Rostok → return to Zalissya
[15:15:20] [TASK] Serhiy → FulfillMission [ScoutPoi] (goal=CompleteMission)
[15:15:20] [MISSION] Serhiy objective done ScoutPoi @ Mutant Den #0 near Rostok → return to Zalissya
[15:15:20] [TASK] Oleksiy → FulfillMission [ScoutPoi] (goal=CompleteMission)
[15:15:20] [MISSION] Oleksiy objective done ScoutPoi @ Forgotten Outpost → return to Meadow
[15:15:20] [TASK] Vasyl → FulfillMission [ScoutPoi] (goal=CompleteMission)
[15:15:20] [MISSION] Vasyl objective done ScoutPoi @ Abandoned Outpost → return to Chernobyl NPP
[15:15:20] [TASK] Mykola → FulfillMission [ScoutPoi] (goal=CompleteMission)
[15:15:20] [MISSION] Mykola objective done ScoutPoi @ Makeshift Outpost → return to Jupiter (Pripyat Industrial)
[15:15:20] [TASK] Serhiy → FulfillMission [ScoutPoi] (goal=CompleteMission)
[15:15:20] [MISSION] Serhiy objective done ScoutPoi @ Forgotten Outpost → return to Meadow
[15:15:20] [TASK] Oleksiy → FulfillMission [ScoutPoi] (goal=CompleteMission)
[15:15:20] [MISSION] Oleksiy objective done ScoutPoi @ Sunken Shack → return to Yantar
[15:15:20] [TASK] Andrei → FulfillMission [ScoutPoi] (goal=CompleteMission)
[15:15:20] [MISSION] Andrei objective done ScoutPoi @ Forgotten Outpost → return to Radar (Brain Scorcher)
[15:15:20] [TASK] Alibek → FulfillMission [ScoutPoi] (goal=CompleteMission)
[15:15:20] [MISSION] Alibek objective done ScoutPoi @ Ruined Garage → return to Deserted Hospital
[15:15:20] [TASK] Ivan → FulfillMission [ScoutPoi] (goal=CompleteMission)
[15:15:20] [MISSION] Ivan objective done ScoutPoi @ Forgotten Outpost → return to Meadow
[15:15:20] [TASK] Alexei → FulfillMission [ScoutPoi] (goal=CompleteMission)
[15:15:20] [MISSION] Alexei objective done ScoutPoi @ Mutant Den #0 near Rostok → return to Zalissya
[15:15:20] [TASK] Oleksiy → FulfillMission [ScoutPoi] (goal=CompleteMission)
[15:15:20] [MISSION] Oleksiy objective done ScoutPoi @ Sunken Outpost → return to Zaton
[15:15:20] [TASK] Tobias → FulfillMission [ScoutPoi] (goal=CompleteMission)
[15:15:20] [MISSION] Tobias objective done ScoutPoi @ Sunken Outpost → return to Zaton
[15:15:20] [TASK] Jake → FulfillMission [ScoutPoi] (goal=CompleteMission)
[15:15:20] [MISSION] Jake objective done ScoutPoi @ Overgrown Bunker → return to Duga Radar
[15:15:20] [TASK] Damir → FulfillMission [ScoutPoi] (goal=CompleteMission)
[15:15:20] [MISSION] Damir objective done ScoutPoi @ Overgrown Shack → return to Garbage
[15:15:20] [TASK] Igor → FulfillMission [ScoutPoi] (goal=CompleteMission)
[15:15:20] [MISSION] Igor objective done ScoutPoi @ Abandoned Outpost → return to Chernobyl NPP
[15:15:20] [TASK] Dmitri → FulfillMission [ScoutPoi] (goal=CompleteMission)
[15:15:20] [MISSION] Dmitri objective done ScoutPoi @ Sunken Outpost → return to Zaton
[15:15:20] [TASK] Oleksiy → FulfillMission [ScoutPoi] (goal=CompleteMission)
[15:15:20] [MISSION] Oleksiy objective done ScoutPoi @ Rain Barrel Stop → return to Wild Territory
[15:15:20] [TASK] Yuriy → FulfillMission [ScoutPoi] (goal=CompleteMission)
[15:15:20] [MISSION] Yuriy objective done ScoutPoi @ Overgrown Shack → return to Garbage
[15:15:20] [TASK] Bakhyt → FulfillMission [ScoutPoi] (goal=CompleteMission)
[15:15:20] [MISSION] Bakhyt objective done ScoutPoi @ Pump Station → return to Agroprom
[15:15:20] [TASK] Zura → FulfillMission [ScoutPoi] (goal=CompleteMission)
[15:15:20] [MISSION] Zura objective done ScoutPoi @ Southern Watchtower → return to Rostok
[15:15:21] [INBOUND] Initial +2 ctx.Stalkers, +1 mutants (remaining S=1436 M=962)
[15:15:21] [TASK] Beard → TurnInMission [ScoutPoi] (goal=CompleteMission)
[15:15:21] [MISSION] Beard turned in ScoutPoi @ Zaton (+184 RU)
[15:15:21] [GOAL] Beard achieved CompleteMission
[15:15:21] [TASK] Mykola → TurnInMission [ScoutPoi] (goal=CompleteMission)
[15:15:21] [MISSION] Mykola turned in ScoutPoi @ Jupiter (Pripyat Industrial) (+190 RU)
[15:15:21] [GOAL] Mykola achieved CompleteMission
[15:15:21] [TASK] Andrei → TurnInMission [ScoutPoi] (goal=CompleteMission)
[15:15:21] [MISSION] Andrei turned in ScoutPoi @ Radar (Brain Scorcher) (+176 RU)
[15:15:21] [GOAL] Andrei achieved CompleteMission
[15:15:21] [TASK] Oleksiy → TurnInMission [ScoutPoi] (goal=CompleteMission)
[15:15:21] [MISSION] Oleksiy turned in ScoutPoi @ Zaton (+184 RU)
[15:15:21] [GOAL] Oleksiy achieved CompleteMission
[15:15:21] [TASK] Tobias → TurnInMission [ScoutPoi] (goal=CompleteMission)
[15:15:21] [MISSION] Tobias turned in ScoutPoi @ Zaton (+184 RU)
[15:15:21] [GOAL] Tobias achieved CompleteMission
[15:15:21] [TASK] Jake → TurnInMission [ScoutPoi] (goal=CompleteMission)
[15:15:21] [MISSION] Jake turned in ScoutPoi @ Duga Radar (+160 RU)
[15:15:21] [GOAL] Jake achieved CompleteMission
[15:15:21] [TASK] Damir → TurnInMission [ScoutPoi] (goal=CompleteMission)
[15:15:21] [MISSION] Damir turned in ScoutPoi @ Garbage (+160 RU)
[15:15:21] [GOAL] Damir achieved CompleteMission
[15:15:21] [TASK] Dmitri → TurnInMission [ScoutPoi] (goal=CompleteMission)
[15:15:21] [MISSION] Dmitri turned in ScoutPoi @ Zaton (+184 RU)
[15:15:21] [GOAL] Dmitri achieved CompleteMission
[15:15:21] [TASK] Oleksiy → TurnInMission [ScoutPoi] (goal=CompleteMission)
[15:15:21] [MISSION] Oleksiy turned in ScoutPoi @ Wild Territory (+190 RU)
[15:15:21] [GOAL] Oleksiy achieved CompleteMission
[15:15:21] [TASK] Yuriy → TurnInMission [ScoutPoi] (goal=CompleteMission)
[15:15:21] [MISSION] Yuriy turned in ScoutPoi @ Garbage (+160 RU)
[15:15:21] [GOAL] Yuriy achieved CompleteMission
[15:15:21] [TASK] Bakhyt → TurnInMission [ScoutPoi] (goal=CompleteMission)
[15:15:21] [MISSION] Bakhyt turned in ScoutPoi @ Agroprom (+160 RU)
[15:15:21] [GOAL] Bakhyt achieved CompleteMission
[15:15:21] [TASK] Zura → TurnInMission [ScoutPoi] (goal=CompleteMission)
[15:15:21] [MISSION] Zura turned in ScoutPoi @ Rostok (+164 RU)
[15:15:21] [GOAL] Zura achieved CompleteMission
[15:15:21] [MISSION] Beard accepted ScoutPoi @ Zaton (184 RU)
[15:15:21] [TASK] Beard → AcceptMission [ScoutPoi] (goal=AcceptMission)
[15:15:21] [GOAL] Beard achieved AcceptMission
[15:15:21] [MISSION] Mykola accepted ScoutPoi @ Jupiter (Pripyat Industrial) (190 RU)
[15:15:21] [TASK] Mykola → AcceptMission [ScoutPoi] (goal=AcceptMission)
[15:15:21] [GOAL] Mykola achieved AcceptMission
[15:15:21] [MISSION] Andrei accepted ScoutPoi @ Radar (Brain Scorcher) (176 RU)
[15:15:21] [TASK] Andrei → AcceptMission [ScoutPoi] (goal=AcceptMission)
[15:15:21] [GOAL] Andrei achieved AcceptMission
[15:15:21] [MISSION] Oleksiy accepted ScoutPoi @ Zaton (184 RU)
[15:15:21] [TASK] Oleksiy → AcceptMission [ScoutPoi] (goal=AcceptMission)
[15:15:21] [GOAL] Oleksiy achieved AcceptMission
[15:15:21] [MISSION] Tobias accepted ScoutPoi @ Zaton (184 RU)
[15:15:21] [TASK] Tobias → AcceptMission [ScoutPoi] (goal=AcceptMission)
[15:15:21] [GOAL] Tobias achieved AcceptMission
[15:15:21] [MISSION] Jake accepted ScoutPoi @ Duga Radar (160 RU)
[15:15:21] [TASK] Jake → AcceptMission [ScoutPoi] (goal=AcceptMission)
[15:15:21] [GOAL] Jake achieved AcceptMission
[15:15:21] [MISSION] Damir accepted ScoutPoi @ Garbage (160 RU)
[15:15:21] [TASK] Damir → AcceptMission [ScoutPoi] (goal=AcceptMission)
[15:15:21] [GOAL] Damir achieved AcceptMission
[15:15:21] [MISSION] Dmitri accepted ScoutPoi @ Zaton (184 RU)
[15:15:21] [TASK] Dmitri → AcceptMission [ScoutPoi] (goal=AcceptMission)
[15:15:21] [GOAL] Dmitri achieved AcceptMission
[15:15:21] [MISSION] Oleksiy accepted ScoutPoi @ Wild Territory (190 RU)
[15:15:21] [TASK] Oleksiy → AcceptMission [ScoutPoi] (goal=AcceptMission)
[15:15:21] [GOAL] Oleksiy achieved AcceptMission
[15:15:21] [MISSION] Yuriy accepted ScoutPoi @ Garbage (160 RU)
[15:15:21] [TASK] Yuriy → AcceptMission [ScoutPoi] (goal=AcceptMission)
[15:15:21] [GOAL] Yuriy achieved AcceptMission
[15:15:21] [MISSION] Bakhyt accepted ScoutPoi @ Agroprom (160 RU)
[15:15:21] [TASK] Bakhyt → AcceptMission [ScoutPoi] (goal=AcceptMission)
[15:15:21] [GOAL] Bakhyt achieved AcceptMission
[15:15:21] [MISSION] Zura accepted ScoutPoi @ Rostok (164 RU)
[15:15:21] [TASK] Zura → AcceptMission [ScoutPoi] (goal=AcceptMission)
[15:15:21] [GOAL] Zura achieved AcceptMission
[15:15:23] [COMBAT] Serhiy Bondarenko 'Razor' killed Ivan Petrov 'Fox' using wpn_pm
[15:15:23] [GEAR] Serhiy looted [wpn_bm16] via combat
[15:15:23] [INBOUND] Initial +2 ctx.Stalkers, +2 mutants (remaining S=1434 M=960)
[15:15:23] [SNAPSHOT] real=0.5min game=D0 00:02 alive S=62 M=39 corpses=89 lootable=4 gammaGear out=36 helm=56 avgRU=884 leaderGoals trade=0 mission=13 emission=Dormant nextIn=74gmin desperate=0 hungry=0 interval deaths=4 combats=5 tasks=86 gearLoot=2 gearBuy=0 missions=56 corpseDespawn=0 trickleSpawns=0 ranks=[Rookie:62] goals=[Traveling:13,CompleteMission::11,Idle:6,AcceptMission::2] leaders: Viktor[Rookie/Traveling], Igor[Rookie/Traveling], Armen[Rookie/Idle], Dmitri[Rookie/Traveling], Dmitri[Rookie/Traveling]
[15:15:23] [MISSION] Nikolai accepted ScoutPoi @ Chernobyl NPP (190 RU)
[15:15:23] [TASK] Nikolai → AcceptMission [ScoutPoi] (goal=AcceptMission)
[15:15:23] [GOAL] Nikolai achieved AcceptMission
[15:15:23] [MISSION] Andrei accepted ScoutPoi @ Duga Radar (160 RU)
[15:15:23] [TASK] Andrei → AcceptMission [ScoutPoi] (goal=AcceptMission)
[15:15:23] [GOAL] Andrei achieved AcceptMission
[15:15:24] [COMBAT] Oleksiy Kovalenko 'Ash' killed Oleg Kovalenko 'Stitch' using wpn_toz34
[15:15:24] [GEAR] Oleksiy looted [wpn_fn2000, arm_exo, helm_helm_tactic] via combat
[15:15:24] [COMBAT] Tobias Volkov 'Fox' killed Beard using wpn_spas12
[15:15:24] [GEAR] Tobias looted [wpn_ak74, helm_helm_respirator] via combat
[15:15:24] [INBOUND] Initial +2 ctx.Stalkers, +1 mutants (remaining S=1432 M=959)
[15:15:24] [MISSION] Mikhail accepted ScoutPoi @ Dark Valley (168 RU)
[15:15:24] [TASK] Mikhail → AcceptMission [ScoutPoi] (goal=AcceptMission)
[15:15:24] [GOAL] Mikhail achieved AcceptMission
[15:15:25] [INBOUND] Initial +2 ctx.Stalkers, +2 mutants (remaining S=1430 M=957)
[15:15:25] [MISSION] Yuriy accepted ScoutPoi @ Chernobyl NPP (190 RU)
[15:15:25] [TASK] Yuriy → AcceptMission [ScoutPoi] (goal=AcceptMission)
[15:15:25] [GOAL] Yuriy achieved AcceptMission
[15:15:26] [COMBAT] Andrei Shevchenko 'Ash' killed Mykola Popov 'Bone' using wpn_vintorez
[15:15:26] [INBOUND] Initial +2 ctx.Stalkers, +1 mutants (remaining S=1428 M=956)
[15:15:27] [MISSION] Nikolai accepted ScoutPoi @ Radar (Brain Scorcher) (176 RU)
[15:15:27] [TASK] Nikolai → AcceptMission [ScoutPoi] (goal=AcceptMission)
[15:15:27] [GOAL] Nikolai achieved AcceptMission
[15:15:28] [MISSION] Andrei accepted ScoutPoi @ Garbage (160 RU)
[15:15:28] [TASK] Andrei → AcceptMission [ScoutPoi] (goal=AcceptMission)
[15:15:28] [GOAL] Andrei achieved AcceptMission
[15:15:28] [INBOUND] Initial +2 ctx.Stalkers, +1 mutants (remaining S=1426 M=955)
[15:15:29] [INBOUND] Initial +2 ctx.Stalkers, +2 mutants (remaining S=1424 M=953)
[15:15:29] [COMBAT] Damir Petrov 'Ghost' killed Tushkano using wpn_pm
[15:15:30] [INBOUND] Initial +2 ctx.Stalkers, +1 mutants (remaining S=1422 M=952)
[15:15:30] [MISSION] Lasha accepted ScoutPoi @ Cordon (160 RU)
[15:15:30] [TASK] Lasha → AcceptMission [ScoutPoi] (goal=AcceptMission)
[15:15:30] [GOAL] Lasha achieved AcceptMission
[15:15:31] [INBOUND] Initial +2 ctx.Stalkers, +1 mutants (remaining S=1420 M=951)
[15:15:31] [MISSION] Pavel accepted ScoutPoi @ Garbage (160 RU)
[15:15:31] [TASK] Pavel → AcceptMission [ScoutPoi] (goal=AcceptMission)
[15:15:31] [GOAL] Pavel achieved AcceptMission
[15:15:32] [INBOUND] Initial +2 ctx.Stalkers, +2 mutants (remaining S=1418 M=949)
[15:15:32] [MISSION] Ivan accepted ScoutPoi @ Garbage (160 RU)
[15:15:32] [TASK] Ivan → AcceptMission [ScoutPoi] (goal=AcceptMission)
[15:15:32] [GOAL] Ivan achieved AcceptMission
[15:15:33] [MISSION] Taras accepted ScoutPoi @ Zaton (184 RU)
[15:15:33] [TASK] Taras → AcceptMission [ScoutPoi] (goal=AcceptMission)
[15:15:33] [GOAL] Taras achieved AcceptMission
[15:15:33] [INBOUND] Initial +2 ctx.Stalkers, +1 mutants (remaining S=1416 M=948)
[15:15:33] [MISSION] Viktor accepted ScoutPoi @ Wild Territory (190 RU)
[15:15:33] [TASK] Viktor → AcceptMission [ScoutPoi] (goal=AcceptMission)
[15:15:33] [GOAL] Viktor achieved AcceptMission
[15:15:33] [COMBAT] Andrei Kovalenko 'Mole' killed Poltergeist using wpn_rg6
[15:15:34] [INBOUND] Initial +2 ctx.Stalkers, +2 mutants (remaining S=1414 M=946)
[15:15:34] [COMBAT] Sean Sokolov 'Bone' killed Alibek Melnyk 'Spark' using wpn_rg6
[15:15:34] [GEAR] Sean looted [out_monolith_exolight_outfit, helm_helm_tactic] via combat
[15:15:34] [MISSION] Ivan accepted ScoutPoi @ Cordon (160 RU)
[15:15:34] [TASK] Ivan → AcceptMission [ScoutPoi] (goal=AcceptMission)
[15:15:34] [GOAL] Ivan achieved AcceptMission
[15:15:35] [COMBAT] Marcus Volkov 'Mole' killed Poltergeist using wpn_svd
[15:15:35] [INBOUND] Initial +3 ctx.Stalkers, +1 mutants (remaining S=1411 M=945)
[15:15:35] [MISSION] Nikolai accepted ScoutPoi @ Great Swamps (164 RU)
[15:15:35] [TASK] Nikolai → AcceptMission [ScoutPoi] (goal=AcceptMission)
[15:15:35] [GOAL] Nikolai achieved AcceptMission
[15:15:36] [INBOUND] Initial +2 ctx.Stalkers, +1 mutants (remaining S=1409 M=944)
[15:15:38] [INBOUND] Initial +2 ctx.Stalkers, +2 mutants (remaining S=1407 M=942)
[15:15:38] [MISSION] Damir accepted ScoutPoi @ Wild Territory (190 RU)
[15:15:38] [TASK] Damir → AcceptMission [ScoutPoi] (goal=AcceptMission)
[15:15:38] [GOAL] Damir achieved AcceptMission
[15:15:39] [COMBAT] Vasyl Volkov 'Bullet' killed Vasyl Petrenko 'Two-Fingers' using wpn_aksu
[15:15:39] [GEAR] Vasyl looted [helm_helm_ppm88] via combat
[15:15:39] [INBOUND] Initial +2 ctx.Stalkers, +1 mutants (remaining S=1405 M=941)
[15:15:39] [MISSION] Vasyl accepted ScoutPoi @ Kopachi (196 RU)
[15:15:39] [TASK] Vasyl → AcceptMission [ScoutPoi] (goal=AcceptMission)
[15:15:39] [GOAL] Vasyl achieved AcceptMission
[15:15:40] [INBOUND] Initial +2 ctx.Stalkers, +2 mutants (remaining S=1403 M=939)
[15:15:40] [MISSION] Bohdan accepted ScoutPoi @ Wild Territory (190 RU)
[15:15:40] [TASK] Bohdan → AcceptMission [ScoutPoi] (goal=AcceptMission)
[15:15:40] [GOAL] Bohdan achieved AcceptMission
[15:15:41] [INBOUND] Initial +2 ctx.Stalkers, +1 mutants (remaining S=1401 M=938)
[15:15:41] [MISSION] Ivan accepted ScoutPoi @ Radar (Brain Scorcher) (176 RU)
[15:15:41] [TASK] Ivan → AcceptMission [ScoutPoi] (goal=AcceptMission)
[15:15:41] [GOAL] Ivan achieved AcceptMission
[15:15:42] [COMBAT] Sergei Ivanov 'Mole' killed Andrei Bondarenko 'Whisper' using wpn_pm
[15:15:42] [GEAR] Sergei looted [wpn_toz34, wpn_pb, out_stalker_outfit, helm_helm_respirator] via combat
[15:15:42] [INBOUND] Initial +2 ctx.Stalkers, +1 mutants (remaining S=1399 M=937)
[15:15:43] [INBOUND] Initial +2 ctx.Stalkers, +2 mutants (remaining S=1397 M=935)
[15:15:43] [MISSION] Bohdan accepted ScoutPoi @ Yantar (190 RU)
[15:15:43] [TASK] Bohdan → AcceptMission [ScoutPoi] (goal=AcceptMission)
[15:15:43] [GOAL] Bohdan achieved AcceptMission
[15:15:44] [INBOUND] Initial +2 ctx.Stalkers, +1 mutants (remaining S=1395 M=934)
[15:15:44] [MISSION] Serhiy accepted ScoutPoi @ Garbage (160 RU)
[15:15:44] [TASK] Serhiy → AcceptMission [ScoutPoi] (goal=AcceptMission)
[15:15:44] [GOAL] Serhiy achieved AcceptMission
[15:15:45] [COMBAT] Yuriy Bondarenko 'Wolf' killed Boar using wpn_pkm
[15:15:45] [INBOUND] Initial +2 ctx.Stalkers, +2 mutants (remaining S=1393 M=932)
[15:15:45] [MISSION] Andrei accepted ScoutPoi @ Duga Radar (160 RU)
[15:15:45] [TASK] Andrei → AcceptMission [ScoutPoi] (goal=AcceptMission)
[15:15:45] [GOAL] Andrei achieved AcceptMission
[15:15:46] [INBOUND] Initial +2 ctx.Stalkers, +1 mutants (remaining S=1391 M=931)
[15:15:47] [MISSION] Bohdan accepted ScoutPoi @ Chernobyl NPP (190 RU)
[15:15:47] [TASK] Bohdan → AcceptMission [ScoutPoi] (goal=AcceptMission)
[15:15:47] [GOAL] Bohdan achieved AcceptMission
[15:15:48] [INBOUND] Initial +2 ctx.Stalkers, +1 mutants (remaining S=1389 M=930)
[15:15:49] [INBOUND] Initial +2 ctx.Stalkers, +2 mutants (remaining S=1387 M=928)
[15:15:49] [MISSION] Mikhail accepted ScoutPoi @ Radar (Brain Scorcher) (176 RU)
[15:15:49] [TASK] Mikhail → AcceptMission [ScoutPoi] (goal=AcceptMission)
[15:15:49] [GOAL] Mikhail achieved AcceptMission
[15:15:50] [INBOUND] Initial +2 ctx.Stalkers, +1 mutants (remaining S=1385 M=927)
[15:15:50] [MISSION] Damir accepted ScoutPoi @ Rostok (164 RU)
[15:15:50] [TASK] Damir → AcceptMission [ScoutPoi] (goal=AcceptMission)
[15:15:50] [GOAL] Damir achieved AcceptMission
[15:15:51] [INBOUND] Initial +3 ctx.Stalkers, +1 mutants (remaining S=1382 M=926)
[15:15:51] [MISSION] Serhiy accepted ScoutPoi @ Chernobyl NPP (190 RU)
[15:15:51] [TASK] Serhiy → AcceptMission [ScoutPoi] (goal=AcceptMission)
[15:15:51] [GOAL] Serhiy achieved AcceptMission
[15:15:51] [MISSION] Pavel accepted ScoutPoi @ Limansk (190 RU)
[15:15:51] [TASK] Pavel → AcceptMission [ScoutPoi] (goal=AcceptMission)
[15:15:51] [GOAL] Pavel achieved AcceptMission
[15:15:52] [MISSION] Bakhyt arrived for ScoutPoi @ Pump Station (travel=640m, work=236s game)
[15:15:52] [COMBAT] Sidorovich killed Bakhyt Popov 'Bone' using wpn_mp5
[15:15:52] [GEAR] Sidorovich looted [wpn_ak74m, arm_duty, helm_helm_ach7ex] via combat
[15:15:52] [INBOUND] Initial +2 ctx.Stalkers, +2 mutants (remaining S=1380 M=924)
[15:15:53] [INBOUND] Initial +2 ctx.Stalkers, +1 mutants (remaining S=1378 M=923)
[15:15:53] [TASK] Bohdan → FulfillMission [ScoutPoi] (goal=CompleteMission)
[15:15:53] [MISSION] Bohdan objective done ScoutPoi @ Sunken Shack → return to Yantar
[15:15:53] [TASK] Serhiy → FulfillMission [ScoutPoi] (goal=CompleteMission)
[15:15:53] [MISSION] Serhiy objective done ScoutPoi @ Overgrown Shack → return to Garbage
[15:15:53] [TASK] Andrei → FulfillMission [ScoutPoi] (goal=CompleteMission)
[15:15:53] [MISSION] Andrei objective done ScoutPoi @ Overgrown Bunker → return to Duga Radar
[15:15:53] [TASK] Bohdan → FulfillMission [ScoutPoi] (goal=CompleteMission)
[15:15:53] [MISSION] Bohdan objective done ScoutPoi @ Abandoned Outpost → return to Chernobyl NPP
[15:15:53] [TASK] Mikhail → FulfillMission [ScoutPoi] (goal=CompleteMission)
[15:15:53] [MISSION] Mikhail objective done ScoutPoi @ Forgotten Outpost → return to Radar (Brain Scorcher)
[15:15:53] [TASK] Damir → FulfillMission [ScoutPoi] (goal=CompleteMission)
[15:15:53] [MISSION] Damir objective done ScoutPoi @ Southern Watchtower → return to Rostok
[15:15:53] [TASK] Serhiy → FulfillMission [ScoutPoi] (goal=CompleteMission)
[15:15:53] [MISSION] Serhiy objective done ScoutPoi @ Abandoned Outpost → return to Chernobyl NPP
[15:15:53] [TASK] Pavel → FulfillMission [ScoutPoi] (goal=CompleteMission)
[15:15:53] [MISSION] Pavel objective done ScoutPoi @ Abandoned Outpost → return to Limansk
[15:15:53] [MISSION] Mikhail accepted ScoutPoi @ Garbage (160 RU)
[15:15:53] [TASK] Mikhail → AcceptMission [ScoutPoi] (goal=AcceptMission)
[15:15:53] [GOAL] Mikhail achieved AcceptMission
[15:15:53] [TASK] Andrei → FulfillMission [ScoutPoi] (goal=CompleteMission)
[15:15:53] [MISSION] Andrei objective done ScoutPoi @ Forgotten Outpost → return to Radar (Brain Scorcher)
[15:15:53] [TASK] Tobias → FulfillMission [ScoutPoi] (goal=CompleteMission)
[15:15:53] [MISSION] Tobias objective done ScoutPoi @ Sunken Outpost → return to Zaton
[15:15:53] [TASK] Jake → FulfillMission [ScoutPoi] (goal=CompleteMission)
[15:15:53] [MISSION] Jake objective done ScoutPoi @ Overgrown Bunker → return to Duga Radar
[15:15:53] [TASK] Damir → FulfillMission [ScoutPoi] (goal=CompleteMission)
[15:15:53] [MISSION] Damir objective done ScoutPoi @ Overgrown Shack → return to Garbage
[15:15:53] [TASK] Oleksiy → FulfillMission [ScoutPoi] (goal=CompleteMission)
[15:15:53] [MISSION] Oleksiy objective done ScoutPoi @ Rain Barrel Stop → return to Wild Territory
[15:15:53] [TASK] Zura → FulfillMission [ScoutPoi] (goal=CompleteMission)
[15:15:53] [MISSION] Zura objective done ScoutPoi @ Southern Watchtower → return to Rostok
[15:15:53] [TASK] Nikolai → FulfillMission [ScoutPoi] (goal=CompleteMission)
[15:15:53] [MISSION] Nikolai objective done ScoutPoi @ Abandoned Outpost → return to Chernobyl NPP
[15:15:53] [TASK] Andrei → FulfillMission [ScoutPoi] (goal=CompleteMission)
[15:15:53] [MISSION] Andrei objective done ScoutPoi @ Overgrown Bunker → return to Duga Radar
[15:15:53] [TASK] Mikhail → FulfillMission [ScoutPoi] (goal=CompleteMission)
[15:15:53] [MISSION] Mikhail objective done ScoutPoi @ Hidden Cairn → return to Dark Valley
[15:15:53] [TASK] Yuriy → FulfillMission [ScoutPoi] (goal=CompleteMission)
[15:15:53] [MISSION] Yuriy objective done ScoutPoi @ Abandoned Outpost → return to Chernobyl NPP
[15:15:53] [TASK] Nikolai → FulfillMission [ScoutPoi] (goal=CompleteMission)
[15:15:53] [MISSION] Nikolai objective done ScoutPoi @ Forgotten Outpost → return to Radar (Brain Scorcher)
[15:15:53] [TASK] Lasha → FulfillMission [ScoutPoi] (goal=CompleteMission)
[15:15:53] [MISSION] Lasha objective done ScoutPoi @ Machine Yard → return to Cordon
[15:15:53] [TASK] Pavel → FulfillMission [ScoutPoi] (goal=CompleteMission)
[15:15:53] [MISSION] Pavel objective done ScoutPoi @ Overgrown Shack → return to Garbage
[15:15:53] [TASK] Viktor → FulfillMission [ScoutPoi] (goal=CompleteMission)
[15:15:53] [MISSION] Viktor objective done ScoutPoi @ Rain Barrel Stop → return to Wild Territory
[15:15:53] [TASK] Ivan → FulfillMission [ScoutPoi] (goal=CompleteMission)
[15:15:53] [MISSION] Ivan objective done ScoutPoi @ Machine Yard → return to Cordon
[15:15:53] [TASK] Nikolai → FulfillMission [ScoutPoi] (goal=CompleteMission)
[15:15:53] [MISSION] Nikolai objective done ScoutPoi @ Cordon → return to Great Swamps
[15:15:53] [TASK] Vasyl → FulfillMission [ScoutPoi] (goal=CompleteMission)
[15:15:53] [MISSION] Vasyl objective done ScoutPoi @ Sunken Shelter → return to Kopachi
[15:15:53] [TASK] Bohdan → FulfillMission [ScoutPoi] (goal=CompleteMission)
[15:15:53] [MISSION] Bohdan objective done ScoutPoi @ Rain Barrel Stop → return to Wild Territory
[15:15:53] [TASK] Ivan → FulfillMission [ScoutPoi] (goal=CompleteMission)
[15:15:53] [MISSION] Ivan objective done ScoutPoi @ Forgotten Outpost → return to Radar (Brain Scorcher)
[15:15:54] [COMBAT] Jake Shevchenko 'The Rat' killed BlindDog using wpn_sg550
[15:15:54] [MISSION] Sergei accepted ScoutPoi @ Garbage (160 RU)
[15:15:54] [TASK] Sergei → AcceptMission [ScoutPoi] (goal=AcceptMission)
[15:15:54] [GOAL] Sergei achieved AcceptMission
[15:15:54] [COMBAT] Viktor Shevchenko 'Viper' killed Yuriy Kovalenko 'Shadow' using wpn_fn2000
[15:15:55] [INBOUND] Initial +2 ctx.Stalkers, +2 mutants (remaining S=1376 M=921)
[15:15:55] [SNAPSHOT] real=1.1min game=D0 00:05 alive S=98 M=73 corpses=116 lootable=23 gammaGear out=55 helm=86 avgRU=859 leaderGoals trade=1 mission=17 emission=Dormant nextIn=71gmin desperate=0 hungry=0 interval deaths=22 combats=27 tasks=54 gearLoot=6 gearBuy=0 missions=27 corpseDespawn=0 trickleSpawns=0 ranks=[Rookie:98] goals=[Idle:20,CompleteMission::17,Traveling:16,VisitTrader::1] leaders: Viktor[Rookie/Traveling], Igor[Rookie/Idle], Armen[Rookie/Idle], Dmitri[Rookie/Traveling], Dmitri[Rookie/Idle]
[15:15:55] [TASK] Andrei → TurnInMission [ScoutPoi] (goal=CompleteMission)
[15:15:55] [MISSION] Andrei turned in ScoutPoi @ Radar (Brain Scorcher) (+176 RU)
[15:15:55] [GOAL] Andrei achieved CompleteMission
[15:15:55] [TASK] Tobias → TurnInMission [ScoutPoi] (goal=CompleteMission)
[15:15:55] [MISSION] Tobias turned in ScoutPoi @ Zaton (+184 RU)
[15:15:55] [GOAL] Tobias achieved CompleteMission
[15:15:55] [TASK] Jake → TurnInMission [ScoutPoi] (goal=CompleteMission)
[15:15:55] [MISSION] Jake turned in ScoutPoi @ Duga Radar (+160 RU)
[15:15:55] [GOAL] Jake achieved CompleteMission
[15:15:55] [TASK] Oleksiy → TurnInMission [ScoutPoi] (goal=CompleteMission)
[15:15:55] [MISSION] Oleksiy turned in ScoutPoi @ Wild Territory (+190 RU)
[15:15:55] [GOAL] Oleksiy achieved CompleteMission
[15:15:55] [TASK] Andrei → TurnInMission [ScoutPoi] (goal=CompleteMission)
[15:15:55] [MISSION] Andrei turned in ScoutPoi @ Duga Radar (+160 RU)
[15:15:55] [GOAL] Andrei achieved CompleteMission
[15:15:55] [TASK] Nikolai → TurnInMission [ScoutPoi] (goal=CompleteMission)
[15:15:55] [MISSION] Nikolai turned in ScoutPoi @ Radar (Brain Scorcher) (+176 RU)
[15:15:55] [GOAL] Nikolai achieved CompleteMission
[15:15:55] [TASK] Pavel → TurnInMission [ScoutPoi] (goal=CompleteMission)
[15:15:55] [MISSION] Pavel turned in ScoutPoi @ Garbage (+160 RU)
[15:15:55] [GOAL] Pavel achieved CompleteMission
[15:15:55] [TASK] Viktor → TurnInMission [ScoutPoi] (goal=CompleteMission)
[15:15:55] [MISSION] Viktor turned in ScoutPoi @ Wild Territory (+190 RU)
[15:15:55] [GOAL] Viktor achieved CompleteMission
[15:15:55] [TASK] Bohdan → TurnInMission [ScoutPoi] (goal=CompleteMission)
[15:15:55] [MISSION] Bohdan turned in ScoutPoi @ Wild Territory (+190 RU)
[15:15:55] [GOAL] Bohdan achieved CompleteMission
[15:15:55] [TASK] Ivan → TurnInMission [ScoutPoi] (goal=CompleteMission)
[15:15:55] [MISSION] Ivan turned in ScoutPoi @ Radar (Brain Scorcher) (+176 RU)
[15:15:55] [GOAL] Ivan achieved CompleteMission
[15:15:55] [TASK] Serhiy → TurnInMission [ScoutPoi] (goal=CompleteMission)
[15:15:55] [MISSION] Serhiy turned in ScoutPoi @ Garbage (+160 RU)
[15:15:55] [GOAL] Serhiy achieved CompleteMission
[15:15:55] [TASK] Andrei → TurnInMission [ScoutPoi] (goal=CompleteMission)
[15:15:55] [MISSION] Andrei turned in ScoutPoi @ Duga Radar (+160 RU)
[15:15:55] [GOAL] Andrei achieved CompleteMission
[15:15:55] [TASK] Mikhail → TurnInMission [ScoutPoi] (goal=CompleteMission)
[15:15:55] [MISSION] Mikhail turned in ScoutPoi @ Radar (Brain Scorcher) (+176 RU)
[15:15:55] [GOAL] Mikhail achieved CompleteMission
[15:15:55] [TASK] Serhiy → TurnInMission [ScoutPoi] (goal=CompleteMission)
[15:15:55] [MISSION] Serhiy turned in ScoutPoi @ Chernobyl NPP (+190 RU)
[15:15:55] [GOAL] Serhiy achieved CompleteMission
[15:15:55] [TASK] Pavel → TurnInMission [ScoutPoi] (goal=CompleteMission)
[15:15:55] [MISSION] Pavel turned in ScoutPoi @ Limansk (+190 RU)
[15:15:55] [GOAL] Pavel achieved CompleteMission
[15:15:55] [MISSION] Andrei accepted ScoutPoi @ Radar (Brain Scorcher) (176 RU)
[15:15:55] [TASK] Andrei → AcceptMission [ScoutPoi] (goal=AcceptMission)
[15:15:55] [GOAL] Andrei achieved AcceptMission
[15:15:55] [MISSION] Tobias accepted ScoutPoi @ Zaton (184 RU)
[15:15:55] [TASK] Tobias → AcceptMission [ScoutPoi] (goal=AcceptMission)
[15:15:55] [GOAL] Tobias achieved AcceptMission
[15:15:55] [MISSION] Jake accepted ScoutPoi @ Duga Radar (160 RU)
[15:15:55] [TASK] Jake → AcceptMission [ScoutPoi] (goal=AcceptMission)
[15:15:55] [GOAL] Jake achieved AcceptMission
[15:15:55] [MISSION] Oleksiy accepted ScoutPoi @ Wild Territory (190 RU)
[15:15:55] [TASK] Oleksiy → AcceptMission [ScoutPoi] (goal=AcceptMission)
[15:15:55] [GOAL] Oleksiy achieved AcceptMission
[15:15:55] [MISSION] Andrei accepted ScoutPoi @ Duga Radar (160 RU)
[15:15:55] [TASK] Andrei → AcceptMission [ScoutPoi] (goal=AcceptMission)
[15:15:55] [GOAL] Andrei achieved AcceptMission
[15:15:55] [MISSION] Nikolai accepted ScoutPoi @ Radar (Brain Scorcher) (176 RU)
[15:15:55] [TASK] Nikolai → AcceptMission [ScoutPoi] (goal=AcceptMission)
[15:15:55] [GOAL] Nikolai achieved AcceptMission
[15:15:55] [MISSION] Pavel accepted ScoutPoi @ Garbage (160 RU)
[15:15:55] [TASK] Pavel → AcceptMission [ScoutPoi] (goal=AcceptMission)
[15:15:55] [GOAL] Pavel achieved AcceptMission
[15:15:55] [MISSION] Viktor accepted ScoutPoi @ Wild Territory (190 RU)
[15:15:55] [TASK] Viktor → AcceptMission [ScoutPoi] (goal=AcceptMission)
[15:15:55] [GOAL] Viktor achieved AcceptMission
[15:15:55] [MISSION] Bohdan accepted ScoutPoi @ Wild Territory (190 RU)
[15:15:55] [TASK] Bohdan → AcceptMission [ScoutPoi] (goal=AcceptMission)
[15:15:55] [GOAL] Bohdan achieved AcceptMission
[15:15:55] [MISSION] Ivan accepted ScoutPoi @ Radar (Brain Scorcher) (176 RU)
[15:15:55] [TASK] Ivan → AcceptMission [ScoutPoi] (goal=AcceptMission)
[15:15:55] [GOAL] Ivan achieved AcceptMission
[15:15:55] [MISSION] Serhiy accepted ScoutPoi @ Garbage (160 RU)
[15:15:55] [TASK] Serhiy → AcceptMission [ScoutPoi] (goal=AcceptMission)
[15:15:55] [GOAL] Serhiy achieved AcceptMission
[15:15:55] [MISSION] Andrei accepted ScoutPoi @ Duga Radar (160 RU)
[15:15:55] [TASK] Andrei → AcceptMission [ScoutPoi] (goal=AcceptMission)
[15:15:55] [GOAL] Andrei achieved AcceptMission
[15:15:55] [MISSION] Mikhail accepted ScoutPoi @ Radar (Brain Scorcher) (176 RU)
[15:15:55] [TASK] Mikhail → AcceptMission [ScoutPoi] (goal=AcceptMission)
[15:15:55] [GOAL] Mikhail achieved AcceptMission
[15:15:55] [MISSION] Serhiy accepted ScoutPoi @ Chernobyl NPP (190 RU)
[15:15:55] [TASK] Serhiy → AcceptMission [ScoutPoi] (goal=AcceptMission)
[15:15:55] [GOAL] Serhiy achieved AcceptMission
[15:15:55] [MISSION] Pavel accepted ScoutPoi @ Limansk (190 RU)
[15:15:55] [TASK] Pavel → AcceptMission [ScoutPoi] (goal=AcceptMission)
[15:15:55] [GOAL] Pavel achieved AcceptMission
[15:15:56] [COMBAT] Nikolai Bondarenko 'Razor' killed Snork using wpn_ak74
[15:15:57] [INBOUND] Initial +2 ctx.Stalkers, +1 mutants (remaining S=1374 M=920)
[15:15:58] [INBOUND] Initial +2 ctx.Stalkers, +1 mutants (remaining S=1372 M=919)
[15:15:58] [TASK] Nikolai → TradeRun [poi_macro_8] (goal=VisitTrader)
[15:15:58] [GOAL] Nikolai achieved VisitTrader
[15:15:58] [MISSION] Vasyl accepted ScoutPoi @ Zalissya (184 RU)
[15:15:58] [TASK] Vasyl → AcceptMission [ScoutPoi] (goal=AcceptMission)
[15:15:58] [GOAL] Vasyl achieved AcceptMission
[15:15:58] [MISSION] Nikolai accepted ScoutPoi @ Dark Valley (168 RU)
[15:15:58] [TASK] Nikolai → AcceptMission [ScoutPoi] (goal=AcceptMission)
[15:15:58] [GOAL] Nikolai achieved AcceptMission
[15:15:59] [COMBAT] Andrei Ivanov 'Ugly' killed Bloodsucker using wpn_rpg7
[15:15:59] [INBOUND] Initial +2 ctx.Stalkers, +2 mutants (remaining S=1370 M=917)
[15:15:59] [MISSION] Taras accepted ScoutPoi @ Garbage (160 RU)
[15:15:59] [TASK] Taras → AcceptMission [ScoutPoi] (goal=AcceptMission)
[15:15:59] [GOAL] Taras achieved AcceptMission
[15:16:01] [INBOUND] Initial +2 ctx.Stalkers, +1 mutants (remaining S=1368 M=916)
[15:16:01] [MISSION] Nodar accepted ScoutPoi @ Kopachi (196 RU)
[15:16:01] [TASK] Nodar → AcceptMission [ScoutPoi] (goal=AcceptMission)
[15:16:01] [GOAL] Nodar achieved AcceptMission
[15:16:01] [COMBAT] Serhiy Petrov 'Bone' killed Alibek Shevchenko 'Scar' using wpn_ak74
[15:16:01] [GEAR] Serhiy looted [out_specops_outfit, helm_tactic] via combat
[15:16:02] [INBOUND] Initial +2 ctx.Stalkers, +2 mutants (remaining S=1366 M=914)
[15:16:02] [COMBAT] Heinrich Petrov 'Bone' killed Boar using wpn_aksu
[15:16:03] [INBOUND] Initial +2 ctx.Stalkers, +1 mutants (remaining S=1364 M=913)
[15:16:03] [MISSION] Bohdan accepted ScoutPoi @ Dead City (Chernobyl-2 Settlement) (164 RU)
[15:16:03] [TASK] Bohdan → AcceptMission [ScoutPoi] (goal=AcceptMission)
[15:16:03] [GOAL] Bohdan achieved AcceptMission
[15:16:03] [TASK] Alibek → TradeRun [poi_macro_1] (goal=VisitTrader)
[15:16:03] [GOAL] Alibek achieved VisitTrader
[15:16:03] [MISSION] Alibek accepted ScoutPoi @ Zalissya (184 RU)
[15:16:03] [TASK] Alibek → AcceptMission [ScoutPoi] (goal=AcceptMission)
[15:16:03] [GOAL] Alibek achieved AcceptMission
[15:16:04] [INBOUND] Initial +2 ctx.Stalkers, +1 mutants (remaining S=1362 M=912)
[15:16:04] [MISSION] Andriy accepted ScoutPoi @ Army Warehouses (160 RU)
[15:16:04] [TASK] Andriy → AcceptMission [ScoutPoi] (goal=AcceptMission)
[15:16:04] [GOAL] Andriy achieved AcceptMission
[15:16:04] [COMBAT] Mikhail Volkov 'Phantom' killed Lurker using wpn_pkm
[15:16:04] [COMBAT] Ivan Volkov 'Bone' killed Lurker using wpn_vintorez
[15:16:05] [INBOUND] Initial +2 ctx.Stalkers, +2 mutants (remaining S=1360 M=910)
[15:16:06] [COMBAT] Igor Popov 'Bullet' killed Igor Popov 'Lucky' using wpn_pkm
[15:16:06] [GEAR] Igor looted [arm_exo, helm_exo] via combat
[15:16:06] [INBOUND] Initial +2 ctx.Stalkers, +1 mutants (remaining S=1358 M=909)
[15:16:06] [MISSION] Oleksiy accepted ScoutPoi @ Limansk (190 RU)
[15:16:06] [TASK] Oleksiy → AcceptMission [ScoutPoi] (goal=AcceptMission)
[15:16:06] [GOAL] Oleksiy achieved AcceptMission
[15:16:07] [INBOUND] Initial +3 ctx.Stalkers, +2 mutants (remaining S=1355 M=907)
[15:16:07] [MISSION] Damir accepted ScoutPoi @ Dark Valley (168 RU)
[15:16:07] [TASK] Damir → AcceptMission [ScoutPoi] (goal=AcceptMission)
[15:16:07] [GOAL] Damir achieved AcceptMission
[15:16:07] [MISSION] Vasyl accepted ScoutPoi @ Army Warehouses (160 RU)
[15:16:07] [TASK] Vasyl → AcceptMission [ScoutPoi] (goal=AcceptMission)
[15:16:07] [GOAL] Vasyl achieved AcceptMission
[15:16:08] [INBOUND] Initial +2 ctx.Stalkers, +1 mutants (remaining S=1353 M=906)
[15:16:08] [TASK] Damir → TurnInMission [ScoutPoi] (goal=CompleteMission)
[15:16:08] [MISSION] Damir turned in ScoutPoi @ Rostok (+164 RU)
[15:16:08] [GOAL] Damir achieved CompleteMission
[15:16:08] [MISSION] Lasha accepted ScoutPoi @ Chernobyl Town (160 RU)
[15:16:08] [TASK] Lasha → AcceptMission [ScoutPoi] (goal=AcceptMission)
[15:16:08] [GOAL] Lasha achieved AcceptMission
[15:16:08] [MISSION] Damir accepted ScoutPoi @ Rostok (164 RU)
[15:16:08] [TASK] Damir → AcceptMission [ScoutPoi] (goal=AcceptMission)
[15:16:08] [GOAL] Damir achieved AcceptMission
[15:16:09] [COMBAT] Andriy Bondarenko 'Scar' killed Snork using wpn_fn2000
[15:16:09] [INBOUND] Initial +2 ctx.Stalkers, +1 mutants (remaining S=1351 M=905)
[15:16:09] [MISSION] Dmitri accepted ScoutPoi @ Generators (236 RU)
[15:16:09] [TASK] Dmitri → AcceptMission [ScoutPoi] (goal=AcceptMission)
[15:16:09] [GOAL] Dmitri achieved AcceptMission
[15:16:09] [MISSION] Mikhail accepted ScoutPoi @ Deserted Hospital (236 RU)
[15:16:09] [TASK] Mikhail → AcceptMission [ScoutPoi] (goal=AcceptMission)
[15:16:09] [GOAL] Mikhail achieved AcceptMission
[15:16:10] [COMBAT] Damir Petrov 'Scar' killed Pavel Shevchenko 'Scar' using wpn_toz34
[15:16:10] [GEAR] Damir looted [wpn_fort12, helm_helm_ppm88] via combat
[15:16:10] [MISSION] Dmitri accepted ScoutPoi @ Garbage (160 RU)
[15:16:10] [TASK] Dmitri → AcceptMission [ScoutPoi] (goal=AcceptMission)
[15:16:10] [GOAL] Dmitri achieved AcceptMission
[15:16:11] [INBOUND] Initial +2 ctx.Stalkers, +2 mutants (remaining S=1349 M=903)
[15:16:11] [COMBAT] Andrei Shevchenko 'Ash' killed Marcus Volkov 'Mole' using wpn_vintorez
[15:16:11] [GEAR] Andrei looted [out_merc_exolight_outfit, helm_gas] via combat
[15:16:11] [MISSION] Sergei accepted ScoutPoi @ Radar (Brain Scorcher) (176 RU)
[15:16:11] [TASK] Sergei → AcceptMission [ScoutPoi] (goal=AcceptMission)
[15:16:11] [GOAL] Sergei achieved AcceptMission
[15:16:12] [COMBAT] Serhiy Sokolov 'Raven' killed Flesh using wpn_mp5
[15:16:12] [INBOUND] Initial +2 ctx.Stalkers, +1 mutants (remaining S=1347 M=902)
[15:16:12] [MISSION] Zura accepted ScoutPoi @ Army Warehouses (160 RU)
[15:16:12] [TASK] Zura → AcceptMission [ScoutPoi] (goal=AcceptMission)
[15:16:12] [GOAL] Zura achieved AcceptMission
[15:16:12] [COMBAT] Andrei Petrenko 'Spark' killed Bloodsucker using wpn_fn2000
[15:16:13] [COMBAT] Heinrich Petrov 'Bone' killed Taras Kovalenko 'Viper' using wpn_aksu
[15:16:13] [GEAR] Heinrich looted [out_travel_outfit] via combat
[15:16:13] [INBOUND] Initial +2 ctx.Stalkers, +1 mutants (remaining S=1345 M=901)
[15:16:13] [MISSION] Marcus accepted ScoutPoi @ Duga Radar (160 RU)
[15:16:13] [TASK] Marcus → AcceptMission [ScoutPoi] (goal=AcceptMission)
[15:16:13] [GOAL] Marcus achieved AcceptMission
[15:16:13] [COMBAT] Viktor Kovalenko 'Shadow' killed Boar using wpn_g36
[15:16:14] [INBOUND] Initial +2 ctx.Stalkers, +2 mutants (remaining S=1343 M=899)
[15:16:14] [MISSION] Lasha accepted ScoutPoi @ Chernobyl NPP (190 RU)
[15:16:14] [TASK] Lasha → AcceptMission [ScoutPoi] (goal=AcceptMission)
[15:16:14] [GOAL] Lasha achieved AcceptMission
[15:16:15] [COMBAT] Bohdan Kovalenko 'Phantom' killed Igor Popov 'Bullet' using wpn_g36
[15:16:15] [GEAR] Bohdan looted [wpn_pkm, helm_exo] via combat
[15:16:15] [COMBAT] Pierre Ivanov 'Wolf' killed Flesh using wpn_mp5
[15:16:15] [INBOUND] Initial +2 ctx.Stalkers, +1 mutants (remaining S=1341 M=898)
[15:16:15] [MISSION] Rustam accepted ScoutPoi @ Chernobyl NPP (190 RU)
[15:16:15] [TASK] Rustam → AcceptMission [ScoutPoi] (goal=AcceptMission)
[15:16:15] [GOAL] Rustam achieved AcceptMission
[15:16:16] [INBOUND] Initial +2 ctx.Stalkers, +2 mutants (remaining S=1339 M=896)
[15:16:16] [COMBAT] Dmitri Sokolov 'Two-Fingers' killed Sergei Ivanov 'Mole' using wpn_pm
[15:16:16] [GEAR] Dmitri looted [wpn_toz34, wpn_pb, out_stalker_outfit, helm_helm_respirator] via combat
[15:16:16] [MISSION] Mykola accepted ScoutPoi @ Deserted Hospital (236 RU)
[15:16:16] [TASK] Mykola → AcceptMission [ScoutPoi] (goal=AcceptMission)
[15:16:16] [GOAL] Mykola achieved AcceptMission
[15:16:17] [INBOUND] Initial +2 ctx.Stalkers, +1 mutants (remaining S=1337 M=895)
[15:16:17] [MISSION] Viktor accepted ScoutPoi @ Garbage (160 RU)
[15:16:17] [TASK] Viktor → AcceptMission [ScoutPoi] (goal=AcceptMission)
[15:16:17] [GOAL] Viktor achieved AcceptMission
[15:16:18] [COMBAT] Oleksiy Bondarenko 'Shadow' killed Snork using wpn_aksu
[15:16:19] [INBOUND] Initial +2 ctx.Stalkers, +1 mutants (remaining S=1335 M=894)
[15:16:19] [MISSION] Vasyl accepted ScoutPoi @ Chernobyl NPP (190 RU)
[15:16:19] [TASK] Vasyl → AcceptMission [ScoutPoi] (goal=AcceptMission)
[15:16:19] [GOAL] Vasyl achieved AcceptMission
[15:16:20] [INBOUND] Initial +2 ctx.Stalkers, +2 mutants (remaining S=1333 M=892)
[15:16:20] [COMBAT] Pavel Popov 'Mole' killed Snork using wpn_pm
[15:16:21] [COMBAT] Nodar Shevchenko 'Bullet' killed Flesh using wpn_pkm
[15:16:21] [INBOUND] Initial +2 ctx.Stalkers, +1 mutants (remaining S=1331 M=891)
[15:16:21] [MISSION] Andrei accepted ScoutPoi @ Army Warehouses (160 RU)
[15:16:21] [TASK] Andrei → AcceptMission [ScoutPoi] (goal=AcceptMission)
[15:16:21] [GOAL] Andrei achieved AcceptMission
[15:16:21] [COMBAT] Andriy Shevchenko 'Ash' killed Dog using wpn_pkm
[15:16:22] [INBOUND] Initial +3 ctx.Stalkers, +2 mutants (remaining S=1328 M=889)
[15:16:22] [MISSION] Damir accepted ScoutPoi @ Rostok (164 RU)
[15:16:22] [TASK] Damir → AcceptMission [ScoutPoi] (goal=AcceptMission)
[15:16:22] [GOAL] Damir achieved AcceptMission
[15:16:22] [COMBAT] Mykola Petrenko 'Viper' killed Damir Sokolov 'The Rat' using wpn_aksu
[15:16:22] [GEAR] Mykola looted [out_stalker_predator_outfit, helm_hardhat] via combat
[15:16:23] [MISSION] Nodar accepted ScoutPoi @ Chernobyl Town (160 RU)
[15:16:23] [TASK] Nodar → AcceptMission [ScoutPoi] (goal=AcceptMission)
[15:16:23] [GOAL] Nodar achieved AcceptMission
[15:16:23] [COMBAT] Dmitri Petrenko 'Wolf' killed Damir Petrov 'Scar' using wpn_spas12
[15:16:23] [GEAR] Dmitri looted [wpn_toz34, wpn_fort12, helm_helm_ppm88] via combat
[15:16:23] [INBOUND] Initial +2 ctx.Stalkers, +1 mutants (remaining S=1326 M=888)
[15:16:23] [MISSION] Viktor accepted ScoutPoi @ Kopachi (196 RU)
[15:16:23] [TASK] Viktor → AcceptMission [ScoutPoi] (goal=AcceptMission)
[15:16:23] [GOAL] Viktor achieved AcceptMission
[15:16:24] [INBOUND] Initial +2 ctx.Stalkers, +1 mutants (remaining S=1324 M=887)
[15:16:24] [MISSION] Viktor accepted ScoutPoi @ Zaton (184 RU)
[15:16:24] [TASK] Viktor → AcceptMission [ScoutPoi] (goal=AcceptMission)
[15:16:24] [GOAL] Viktor achieved AcceptMission
[15:16:24] [MISSION] Mikhail accepted ScoutPoi @ Chernobyl NPP (190 RU)
[15:16:24] [TASK] Mikhail → AcceptMission [ScoutPoi] (goal=AcceptMission)
[15:16:24] [GOAL] Mikhail achieved AcceptMission
[15:16:26] [INBOUND] Initial +2 ctx.Stalkers, +2 mutants (remaining S=1322 M=885)
[15:16:26] [SNAPSHOT] real=1.6min game=D0 00:08 alive S=113 M=95 corpses=169 lootable=61 gammaGear out=55 helm=100 avgRU=875 leaderGoals trade=0 mission=33 emission=Dormant nextIn=68gmin desperate=0 hungry=0 interval deaths=39 combats=53 tasks=62 gearLoot=9 gearBuy=0 missions=60 corpseDespawn=0 trickleSpawns=0 ranks=[Rookie:109,Trainee:4] goals=[CompleteMission::32,Idle:26,Traveling:6,AcceptMission::1] leaders: Viktor[Rookie/Traveling], Igor[Rookie/Idle], Armen[Rookie/Idle], Dmitri[Rookie/Idle], Dmitri[Rookie/Idle]
[15:16:26] [MISSION] Alexei accepted ScoutPoi @ Yantar (190 RU)
[15:16:26] [TASK] Alexei → AcceptMission [ScoutPoi] (goal=AcceptMission)
[15:16:26] [GOAL] Alexei achieved AcceptMission
[15:16:26] [COMBAT] Viktor Shevchenko 'Viper' killed Dmitri Sokolov 'Spark' using wpn_fn2000
[15:16:26] [GEAR] Viktor looted [wpn_pb] via combat
[15:16:27] [INBOUND] Initial +2 ctx.Stalkers, +1 mutants (remaining S=1320 M=884)
[15:16:28] [INBOUND] Initial +2 ctx.Stalkers, +2 mutants (remaining S=1318 M=882)
[15:16:28] [MISSION] Serhiy accepted ScoutPoi @ Yantar (190 RU)
[15:16:28] [TASK] Serhiy → AcceptMission [ScoutPoi] (goal=AcceptMission)
[15:16:28] [GOAL] Serhiy achieved AcceptMission
[15:16:29] [INBOUND] Initial +2 ctx.Stalkers, +1 mutants (remaining S=1316 M=881)
[15:16:29] [MISSION] Yuriy accepted ScoutPoi @ Kopachi (196 RU)
[15:16:29] [TASK] Yuriy → AcceptMission [ScoutPoi] (goal=AcceptMission)
[15:16:29] [GOAL] Yuriy achieved AcceptMission
[15:16:29] [TASK] Andrei → TradeRun [poi_macro_8] (goal=VisitTrader)
[15:16:29] [GOAL] Andrei achieved VisitTrader
[15:16:29] [COMBAT] Nodar Shevchenko 'Bullet' killed Andrei Petrov 'Viper' using wpn_pkm
[15:16:29] [GEAR] Nodar looted [wpn_pm] via combat
[15:16:30] [INBOUND] Initial +2 ctx.Stalkers, +1 mutants (remaining S=1314 M=880)
[15:16:30] [COMBAT] Oleksiy Bondarenko 'Phantom' killed Lasha Petrov 'Phantom' using wpn_toz34
[15:16:30] [GEAR] Oleksiy looted [wpn_ak74, arm_duty, helm_helm_battle] via combat
[15:16:30] [MISSION] Pavel accepted ScoutPoi @ Chernobyl NPP (190 RU)
[15:16:30] [TASK] Pavel → AcceptMission [ScoutPoi] (goal=AcceptMission)
[15:16:30] [GOAL] Pavel achieved AcceptMission
[15:16:31] [COMBAT] Sean Sokolov 'Bone' killed Mykola Shevchenko 'Phantom' using wpn_rg6
[15:16:31] [GEAR] Sean looted [wpn_fn2000, helm_helm_spartan] via combat
[15:16:31] [INBOUND] Initial +2 ctx.Stalkers, +2 mutants (remaining S=1312 M=878)
[15:16:31] [COMBAT] Oleg Bondarenko 'Wolf' killed Dmytro Bondarenko 'Razor' using wpn_gauss
[15:16:31] [GEAR] Oleg looted [wpn_g36, wpn_pm] via combat
[15:16:31] [COMBAT] Alibek Shevchenko 'Spark' killed Viktor Kovalenko 'Shadow' using wpn_ak74
[15:16:31] [GEAR] Alibek looted [wpn_g36, arm_freedom, helm_tactic] via combat
[15:16:31] [MISSION] Pavel accepted ScoutPoi @ Agroprom (160 RU)
[15:16:31] [TASK] Pavel → AcceptMission [ScoutPoi] (goal=AcceptMission)
[15:16:31] [GOAL] Pavel achieved AcceptMission
[15:16:31] [COMBAT] Yuriy Bondarenko 'Wolf' killed Fracture using wpn_pkm
[15:16:31] [COMBAT] Alexei Sokolov 'Badger' killed Andrei Shevchenko 'Ash' using wpn_mp5
[15:16:31] [GEAR] Alexei looted [wpn_vintorez, out_merc_exolight_outfit, helm_gas] via combat
[15:16:32] [COMBAT] Sergei Bondarenko 'Phantom' killed Snork using wpn_rg6
[15:16:32] [INBOUND] Initial +2 ctx.Stalkers, +1 mutants (remaining S=1310 M=877)
[15:16:32] [MISSION] Bohdan accepted ScoutPoi @ Garbage (160 RU)
[15:16:32] [TASK] Bohdan → AcceptMission [ScoutPoi] (goal=AcceptMission)
[15:16:32] [GOAL] Bohdan achieved AcceptMission
[15:16:33] [COMBAT] Viktor Bondarenko 'Spark' killed Fracture using wpn_ak74
[15:16:33] [COMBAT] Tobias Volkov 'Fox' killed PsyDog using wpn_ak74
[15:16:33] [INBOUND] Initial +2 ctx.Stalkers, +1 mutants (remaining S=1308 M=876)
[15:16:33] [MISSION] Oleg accepted ScoutPoi @ Rostok (164 RU)
[15:16:33] [TASK] Oleg → AcceptMission [ScoutPoi] (goal=AcceptMission)
[15:16:33] [GOAL] Oleg achieved AcceptMission
[15:16:34] [COMBAT] Alexei Kovalenko 'Wolf' killed Controller using wpn_pkm
[15:16:34] [INBOUND] Initial +2 ctx.Stalkers, +2 mutants (remaining S=1306 M=874)
[15:16:34] [MISSION] Taras accepted ScoutPoi @ Jupiter (Pripyat Industrial) (190 RU)
[15:16:34] [TASK] Taras → AcceptMission [ScoutPoi] (goal=AcceptMission)
[15:16:34] [GOAL] Taras achieved AcceptMission
[15:16:35] [COMBAT] Andriy Shevchenko 'Ash' killed Rat using wpn_pkm
[15:16:35] [COMBAT] Viktor Shevchenko 'Viper' killed Pseudodog using wpn_fn2000
[15:16:36] [INBOUND] Initial +2 ctx.Stalkers, +1 mutants (remaining S=1304 M=873)
[15:16:36] [COMBAT] Ivan Ivanov 'Shadow' killed Flesh using wpn_pkm
[15:16:36] [COMBAT] Heinrich Volkov 'Ash' killed Snork using wpn_rpg7
[15:16:36] [COMBAT] Nodar Shevchenko 'Bullet' killed Mykola Petrenko 'Viper' using wpn_pkm
[15:16:36] [GEAR] Nodar looted [wpn_pb, helm_hardhat] via combat
[15:16:37] [INBOUND] Initial +2 ctx.Stalkers, +2 mutants (remaining S=1302 M=871)
[15:16:37] [COMBAT] Dmitri Sokolov 'Two-Fingers' killed Andriy Melnyk 'Spark' using wpn_toz34
[15:16:37] [GEAR] Dmitri looted [wpn_mp5, arm_freedom, helm_helm_ppm88] via combat
[15:16:37] [MISSION] Mikhail accepted ScoutPoi @ Kopachi (196 RU)
[15:16:37] [TASK] Mikhail → AcceptMission [ScoutPoi] (goal=AcceptMission)
[15:16:37] [GOAL] Mikhail achieved AcceptMission
[15:16:37] [COMBAT] Alibek Petrov 'Stitch' killed Sidorovich using wpn_toz34
[15:16:37] [GEAR] Alibek looted [wpn_ak74m, arm_duty, helm_helm_ach7ex] via combat
[15:16:37] [COMBAT] Igor Volkov 'Razor' killed Pseudodog using wpn_fn2000
[15:16:38] [INBOUND] Initial +3 ctx.Stalkers, +1 mutants (remaining S=1299 M=870)
[15:16:38] [MISSION] Dmitri accepted ScoutPoi @ Agroprom (160 RU)
[15:16:38] [TASK] Dmitri → AcceptMission [ScoutPoi] (goal=AcceptMission)
[15:16:38] [GOAL] Dmitri achieved AcceptMission
[15:16:38] [COMBAT] Lars Ivanov 'Scar' killed Snork using wpn_gauss
[15:16:38] [MISSION] Mykola accepted ScoutPoi @ Zaton (184 RU)
[15:16:38] [TASK] Mykola → AcceptMission [ScoutPoi] (goal=AcceptMission)
[15:16:38] [GOAL] Mykola achieved AcceptMission
[15:16:39] [INBOUND] Initial +2 ctx.Stalkers, +1 mutants (remaining S=1297 M=869)
[15:16:39] [MISSION] Andriy accepted ScoutPoi @ Great Swamps (164 RU)
[15:16:39] [TASK] Andriy → AcceptMission [ScoutPoi] (goal=AcceptMission)
[15:16:39] [GOAL] Andriy achieved AcceptMission
[15:16:40] [INBOUND] Initial +2 ctx.Stalkers, +2 mutants (remaining S=1295 M=867)
[15:16:40] [MISSION] Vasyl accepted ScoutPoi @ Chernobyl NPP (190 RU)
[15:16:40] [TASK] Vasyl → AcceptMission [ScoutPoi] (goal=AcceptMission)
[15:16:40] [GOAL] Vasyl achieved AcceptMission
[15:16:40] [MISSION] Andriy accepted ScoutPoi @ Garbage (160 RU)
[15:16:40] [TASK] Andriy → AcceptMission [ScoutPoi] (goal=AcceptMission)
[15:16:40] [GOAL] Andriy achieved AcceptMission
[15:16:41] [INBOUND] Initial +2 ctx.Stalkers, +1 mutants (remaining S=1293 M=866)
[15:16:41] [MISSION] Bohdan accepted ScoutPoi @ Meadow (160 RU)
[15:16:41] [TASK] Bohdan → AcceptMission [ScoutPoi] (goal=AcceptMission)
[15:16:41] [GOAL] Bohdan achieved AcceptMission
[15:16:42] [INBOUND] Initial +2 ctx.Stalkers, +2 mutants (remaining S=1291 M=864)
[15:16:42] [MISSION] Mikhail accepted ScoutPoi @ Zalissya (184 RU)
[15:16:42] [TASK] Mikhail → AcceptMission [ScoutPoi] (goal=AcceptMission)
[15:16:42] [GOAL] Mikhail achieved AcceptMission
[15:16:42] [MISSION] Dmytro accepted ScoutPoi @ Cordon (160 RU)
[15:16:42] [TASK] Dmytro → AcceptMission [ScoutPoi] (goal=AcceptMission)
[15:16:42] [GOAL] Dmytro achieved AcceptMission
[15:16:43] [COMBAT] Heinrich Volkov 'Ash' killed Bloodsucker using wpn_rpg7
[15:16:43] [INBOUND] Initial +2 ctx.Stalkers, +1 mutants (remaining S=1289 M=863)
[15:16:44] [MISSION] Ivan accepted ScoutPoi @ Chernobyl NPP (190 RU)
[15:16:44] [TASK] Ivan → AcceptMission [ScoutPoi] (goal=AcceptMission)
[15:16:44] [GOAL] Ivan achieved AcceptMission
[15:16:44] [COMBAT] Vasyl Volkov 'Badger' killed Viktor Shevchenko 'Viper' using wpn_ak74
[15:16:44] [GEAR] Vasyl looted [wpn_fn2000, wpn_pb, helm_helm_exo] via combat
[15:16:45] [INBOUND] Initial +2 ctx.Stalkers, +1 mutants (remaining S=1287 M=862)
[15:16:45] [MISSION] Dmytro accepted ScoutPoi @ Chernobyl NPP (190 RU)
[15:16:45] [TASK] Dmytro → AcceptMission [ScoutPoi] (goal=AcceptMission)
[15:16:45] [GOAL] Dmytro achieved AcceptMission
[15:16:45] [COMBAT] Mykola Kovalenko 'One-Eye' killed Viktor Volkov 'Shadow' using wpn_pm
[15:16:45] [GEAR] Mykola looted [wpn_pm, out_stalker_predator_outfit, helm_helm_ppm88] via combat
[15:16:45] [COMBAT] Dmitri Petrenko 'Wolf' killed Snork using wpn_toz34
[15:16:46] [INBOUND] Initial +2 ctx.Stalkers, +2 mutants (remaining S=1285 M=860)
[15:16:46] [MISSION] Igor accepted ScoutPoi @ Chernobyl NPP (190 RU)
[15:16:46] [TASK] Igor → AcceptMission [ScoutPoi] (goal=AcceptMission)
[15:16:46] [GOAL] Igor achieved AcceptMission
[15:16:46] [COMBAT] Giorgi Volkov 'Razor' killed BlindDog using wpn_val
[15:16:47] [INBOUND] Initial +2 ctx.Stalkers, +1 mutants (remaining S=1283 M=859)
[15:16:47] [MISSION] Nikolai accepted ScoutPoi @ Duga Radar (160 RU)
[15:16:47] [TASK] Nikolai → AcceptMission [ScoutPoi] (goal=AcceptMission)
[15:16:47] [GOAL] Nikolai achieved AcceptMission
[15:16:47] [COMBAT] Dmitri Shevchenko 'Badger' killed Boar using wpn_svd
[15:16:47] [COMBAT] Pierre Ivanov 'Wolf' killed BlindDog using wpn_mp5
[15:16:47] [COMBAT] Alexei Popov 'Shadow' killed PsyDog using wpn_pkm
[15:16:48] [INBOUND] Initial +2 ctx.Stalkers, +2 mutants (remaining S=1281 M=857)
[15:16:48] [COMBAT] Serhiy Bondarenko 'Razor' killed Pavel Petrenko 'Badger' using wpn_bm16
[15:16:48] [GEAR] Serhiy looted [wpn_pkm, arm_exo, helm_helm_exo] via combat
[15:16:48] [MISSION] Karl accepted ScoutPoi @ Dead City (Chernobyl-2 Settlement) (164 RU)
[15:16:48] [TASK] Karl → AcceptMission [ScoutPoi] (goal=AcceptMission)
[15:16:48] [GOAL] Karl achieved AcceptMission
[15:16:49] [COMBAT] Marcus Petrenko 'Bone' killed Bloodsucker using wpn_fn2000
[15:16:49] [INBOUND] Initial +2 ctx.Stalkers, +1 mutants (remaining S=1279 M=856)
[15:16:49] [MISSION] Oleg accepted ScoutPoi @ Kopachi (196 RU)
[15:16:49] [TASK] Oleg → AcceptMission [ScoutPoi] (goal=AcceptMission)
[15:16:49] [GOAL] Oleg achieved AcceptMission
[15:16:49] [MISSION] Karl accepted ScoutPoi @ Dead City (Chernobyl-2 Settlement) (164 RU)
[15:16:49] [TASK] Karl → AcceptMission [ScoutPoi] (goal=AcceptMission)
[15:16:49] [GOAL] Karl achieved AcceptMission
[15:16:50] [COMBAT] Vasyl Petrov 'Viper' killed Snork using wpn_pm
[15:16:50] [INBOUND] Initial +2 ctx.Stalkers, +1 mutants (remaining S=1277 M=855)
[15:16:50] [MISSION] Viktor accepted ScoutPoi @ Agroprom (160 RU)
[15:16:50] [TASK] Viktor → AcceptMission [ScoutPoi] (goal=AcceptMission)
[15:16:50] [GOAL] Viktor achieved AcceptMission
[15:16:50] [COMBAT] Oleg Bondarenko 'Wolf' killed Tushkano using wpn_g36
[15:16:51] [INBOUND] Initial +2 ctx.Stalkers, +2 mutants (remaining S=1275 M=853)
[15:16:52] [COMBAT] Igor Volkov 'Razor' killed Controller using wpn_fn2000
[15:16:53] [INBOUND] Initial +3 ctx.Stalkers, +1 mutants (remaining S=1272 M=852)
[15:16:53] [COMBAT] Zura Ivanov 'Phantom' killed Dmitri Petrenko 'Wolf' using wpn_p90
[15:16:53] [MISSION] Dmitri accepted ScoutPoi @ Garbage (160 RU)
[15:16:53] [TASK] Dmitri → AcceptMission [ScoutPoi] (goal=AcceptMission)
[15:16:53] [GOAL] Dmitri achieved AcceptMission
[15:16:53] [COMBAT] Sergei Bondarenko 'Phantom' killed Bloodsucker using wpn_rg6
[15:16:54] [COMBAT] Serhiy Bondarenko 'Razor' killed Yuriy Bondarenko 'Wolf' using wpn_pkm
[15:16:54] [INBOUND] Initial +2 ctx.Stalkers, +1 mutants (remaining S=1270 M=851)
[15:16:54] [MISSION] Andriy accepted ScoutPoi @ Army Warehouses (160 RU)
[15:16:54] [TASK] Andriy → AcceptMission [ScoutPoi] (goal=AcceptMission)
[15:16:54] [GOAL] Andriy achieved AcceptMission
[15:16:54] [COMBAT] Dmitri Sokolov 'Two-Fingers' killed Vasyl Volkov 'Badger' using wpn_mp5
[15:16:54] [GEAR] Dmitri looted [wpn_fn2000, helm_helm_exo] via combat
[15:16:55] [INBOUND] Initial +2 ctx.Stalkers, +2 mutants (remaining S=1268 M=849)
[15:16:55] [MISSION] Lasha accepted ScoutPoi @ Duga Radar (160 RU)
[15:16:55] [TASK] Lasha → AcceptMission [ScoutPoi] (goal=AcceptMission)
[15:16:55] [GOAL] Lasha achieved AcceptMission
[15:16:56] [INBOUND] Initial +2 ctx.Stalkers, +1 mutants (remaining S=1266 M=848)
[15:16:56] [SNAPSHOT] real=2.1min game=D0 00:11 alive S=127 M=110 corpses=233 lootable=97 gammaGear out=59 helm=115 avgRU=863 leaderGoals trade=0 mission=40 emission=Dormant nextIn=66gmin desperate=0 hungry=0 interval deaths=42 combats=64 tasks=29 gearLoot=14 gearBuy=0 missions=28 corpseDespawn=0 trickleSpawns=0 ranks=[Rookie:125,Trainee:2] goals=[CompleteMission::40,Idle:29,Traveling:1] leaders: Igor[Rookie/Idle], Armen[Rookie/Idle], Dmitri[Rookie/Idle], Serhiy[Rookie/Idle], Oleksiy[Rookie/Idle]
[15:16:56] [COMBAT] Serhiy Ivanov 'Ash' killed BlindDog using wpn_ak74
[15:16:56] [COMBAT] Heinrich Volkov 'Ash' killed Fracture using wpn_rpg7
[15:16:57] [COMBAT] Karl Volkov 'Razor' killed Pseudodog using wpn_lr300
[15:16:57] [INBOUND] Initial +2 ctx.Stalkers, +2 mutants (remaining S=1264 M=846)
[15:16:57] [MISSION] Pavel accepted ScoutPoi @ Limansk (190 RU)
[15:16:57] [TASK] Pavel → AcceptMission [ScoutPoi] (goal=AcceptMission)
[15:16:57] [GOAL] Pavel achieved AcceptMission
[15:16:57] [COMBAT] Mykola Petrov 'Mole' killed Flesh using wpn_svd
[15:16:57] [COMBAT] Armen Volkov 'Scar' killed Snork using wpn_pkm
[15:16:58] [COMBAT] Sergei Sokolov 'Phantom' killed Bloodsucker using wpn_pkm
[15:16:58] [COMBAT] Rustam Shevchenko 'Mole' killed Pseudodog using wpn_vintorez
[15:16:58] [COMBAT] Vasyl Petrov 'Viper' killed Andriy Shevchenko 'Bullet' using wpn_pm
[15:16:58] [GEAR] Vasyl looted [wpn_mp5, out_stalker_autumn_outfit] via combat
[15:16:58] [INBOUND] Initial +2 ctx.Stalkers, +1 mutants (remaining S=1262 M=845)
[15:16:59] [COMBAT] Giorgi Volkov 'Razor' killed Bohdan Melnyk 'Two-Fingers' using wpn_val
[15:16:59] [GEAR] Giorgi looted [helm_bandana] via combat
[15:16:59] [INBOUND] Initial +2 ctx.Stalkers, +1 mutants (remaining S=1260 M=844)
[15:16:59] [MISSION] Mykola accepted ScoutPoi @ Meadow (160 RU)
[15:16:59] [TASK] Mykola → AcceptMission [ScoutPoi] (goal=AcceptMission)
[15:16:59] [GOAL] Mykola achieved AcceptMission
[15:17:00] [INBOUND] Initial +2 ctx.Stalkers, +2 mutants (remaining S=1258 M=842)
[15:17:01] [COMBAT] Lars Ivanov 'Scar' killed Snork using wpn_gauss
[15:17:02] [INBOUND] Initial +2 ctx.Stalkers, +1 mutants (remaining S=1256 M=841)
[15:17:02] [COMBAT] Mykola Petrov 'Shadow' killed Lurker using wpn_ak74
[15:17:02] [MISSION] Armen accepted ScoutPoi @ Limansk (190 RU)
[15:17:02] [TASK] Armen → AcceptMission [ScoutPoi] (goal=AcceptMission)
[15:17:02] [GOAL] Armen achieved AcceptMission
[15:17:02] [COMBAT] Pavel Petrov 'Bullet' killed Tushkano using wpn_fn2000
[15:17:03] [INBOUND] Initial +2 ctx.Stalkers, +2 mutants (remaining S=1254 M=839)
[15:17:04] [MISSION] Andriy arrived for ScoutPoi @ Cordon (travel=495m, work=211s game)
[15:17:04] [INBOUND] Initial +2 ctx.Stalkers, +1 mutants (remaining S=1252 M=838)
[15:17:04] [MISSION] Lasha accepted ScoutPoi @ Yantar (190 RU)
[15:17:04] [TASK] Lasha → AcceptMission [ScoutPoi] (goal=AcceptMission)
[15:17:04] [GOAL] Lasha achieved AcceptMission
[15:17:04] [MISSION] Taras accepted ScoutPoi @ Rostok (164 RU)
[15:17:04] [TASK] Taras → AcceptMission [ScoutPoi] (goal=AcceptMission)
[15:17:04] [GOAL] Taras achieved AcceptMission
[15:17:04] [MISSION] Andriy arrived for ScoutPoi @ Cordon (travel=495m, work=211s game)
[15:17:04] [COMBAT] Mikhail Kovalenko 'Wolf' killed Snork using wpn_pkm
[15:17:04] [COMBAT] Sergei Petrov 'Spark' killed Boar using wpn_fn2000
[15:17:04] [COMBAT] Viktor Volkov 'Phantom' killed Boar using wpn_ak74
[15:17:05] [INBOUND] Initial +2 ctx.Stalkers, +1 mutants (remaining S=1250 M=837)
[15:17:05] [TASK] Alexei → FulfillMission [ScoutPoi] (goal=CompleteMission)
[15:17:05] [MISSION] Alexei objective done ScoutPoi @ Sunken Shack → return to Yantar
[15:17:05] [TASK] Serhiy → FulfillMission [ScoutPoi] (goal=CompleteMission)
[15:17:05] [MISSION] Serhiy objective done ScoutPoi @ Sunken Shack → return to Yantar
[15:17:05] [TASK] Pavel → FulfillMission [ScoutPoi] (goal=CompleteMission)
[15:17:05] [MISSION] Pavel objective done ScoutPoi @ Abandoned Outpost → return to Chernobyl NPP
[15:17:05] [TASK] Pavel → FulfillMission [ScoutPoi] (goal=CompleteMission)
[15:17:05] [MISSION] Pavel objective done ScoutPoi @ Pump Station → return to Agroprom
[15:17:05] [TASK] Oleg → FulfillMission [ScoutPoi] (goal=CompleteMission)
[15:17:05] [MISSION] Oleg objective done ScoutPoi @ Southern Watchtower → return to Rostok
[15:17:05] [TASK] Taras → FulfillMission [ScoutPoi] (goal=CompleteMission)
[15:17:05] [MISSION] Taras objective done ScoutPoi @ Makeshift Outpost → return to Jupiter (Pripyat Industrial)
[15:17:05] [TASK] Mikhail → FulfillMission [ScoutPoi] (goal=CompleteMission)
[15:17:05] [MISSION] Mikhail objective done ScoutPoi @ Sunken Shelter → return to Kopachi
[15:17:05] [TASK] Dmitri → FulfillMission [ScoutPoi] (goal=CompleteMission)
[15:17:05] [MISSION] Dmitri objective done ScoutPoi @ Pump Station → return to Agroprom
[15:17:05] [TASK] Andriy → FulfillMission [ScoutPoi] (goal=CompleteMission)
[15:17:05] [MISSION] Andriy objective done ScoutPoi @ Cordon → return to Great Swamps
[15:17:05] [TASK] Vasyl → FulfillMission [ScoutPoi] (goal=CompleteMission)
[15:17:05] [MISSION] Vasyl objective done ScoutPoi @ Abandoned Outpost → return to Chernobyl NPP
[15:17:05] [TASK] Bohdan → FulfillMission [ScoutPoi] (goal=CompleteMission)
[15:17:05] [MISSION] Bohdan objective done ScoutPoi @ Forgotten Outpost → return to Meadow
[15:17:05] [TASK] Mikhail → FulfillMission [ScoutPoi] (goal=CompleteMission)
[15:17:05] [MISSION] Mikhail objective done ScoutPoi @ Mutant Den #0 near Rostok → return to Zalissya
[15:17:05] [TASK] Dmytro → FulfillMission [ScoutPoi] (goal=CompleteMission)
[15:17:05] [MISSION] Dmytro objective done ScoutPoi @ Machine Yard → return to Cordon
[15:17:05] [TASK] Ivan → FulfillMission [ScoutPoi] (goal=CompleteMission)
[15:17:05] [MISSION] Ivan objective done ScoutPoi @ Abandoned Outpost → return to Chernobyl NPP
[15:17:05] [TASK] Dmytro → FulfillMission [ScoutPoi] (goal=CompleteMission)
[15:17:05] [MISSION] Dmytro objective done ScoutPoi @ Abandoned Outpost → return to Chernobyl NPP
[15:17:05] [TASK] Igor → FulfillMission [ScoutPoi] (goal=CompleteMission)
[15:17:05] [MISSION] Igor objective done ScoutPoi @ Abandoned Outpost → return to Chernobyl NPP
[15:17:05] [TASK] Nikolai → FulfillMission [ScoutPoi] (goal=CompleteMission)
[15:17:05] [MISSION] Nikolai objective done ScoutPoi @ Overgrown Bunker → return to Duga Radar
[15:17:05] [TASK] Karl → FulfillMission [ScoutPoi] (goal=CompleteMission)
[15:17:05] [MISSION] Karl objective done ScoutPoi @ Cordon → return to Dead City (Chernobyl-2 Settlement)
[15:17:05] [TASK] Oleg → FulfillMission [ScoutPoi] (goal=CompleteMission)
[15:17:05] [MISSION] Oleg objective done ScoutPoi @ Sunken Shelter → return to Kopachi
[15:17:05] [TASK] Karl → FulfillMission [ScoutPoi] (goal=CompleteMission)
[15:17:05] [MISSION] Karl objective done ScoutPoi @ Cordon → return to Dead City (Chernobyl-2 Settlement)
[15:17:05] [TASK] Viktor → FulfillMission [ScoutPoi] (goal=CompleteMission)
[15:17:05] [MISSION] Viktor objective done ScoutPoi @ Pump Station → return to Agroprom
[15:17:05] [TASK] Andriy → FulfillMission [ScoutPoi] (goal=CompleteMission)
[15:17:05] [MISSION] Andriy objective done ScoutPoi @ Mutant Den #0 near Great Swamps → return to Army Warehouses
[15:17:05] [TASK] Lasha → FulfillMission [ScoutPoi] (goal=CompleteMission)
[15:17:05] [MISSION] Lasha objective done ScoutPoi @ Overgrown Bunker → return to Duga Radar
[15:17:05] [TASK] Pavel → FulfillMission [ScoutPoi] (goal=CompleteMission)
[15:17:05] [MISSION] Pavel objective done ScoutPoi @ Abandoned Outpost → return to Limansk
[15:17:05] [TASK] Mykola → FulfillMission [ScoutPoi] (goal=CompleteMission)
[15:17:05] [MISSION] Mykola objective done ScoutPoi @ Forgotten Outpost → return to Meadow
[15:17:05] [TASK] Armen → FulfillMission [ScoutPoi] (goal=CompleteMission)
[15:17:05] [MISSION] Armen objective done ScoutPoi @ Abandoned Outpost → return to Limansk
[15:17:05] [TASK] Lasha → FulfillMission [ScoutPoi] (goal=CompleteMission)
[15:17:05] [MISSION] Lasha objective done ScoutPoi @ Sunken Shack → return to Yantar
[15:17:05] [TASK] Taras → FulfillMission [ScoutPoi] (goal=CompleteMission)
[15:17:05] [MISSION] Taras objective done ScoutPoi @ Southern Watchtower → return to Rostok
[15:17:05] [TASK] Andrei → FulfillMission [ScoutPoi] (goal=CompleteMission)
[15:17:05] [MISSION] Andrei objective done ScoutPoi @ Forgotten Outpost → return to Radar (Brain Scorcher)
[15:17:05] [TASK] Oleksiy → FulfillMission [ScoutPoi] (goal=CompleteMission)
[15:17:05] [MISSION] Oleksiy objective done ScoutPoi @ Rain Barrel Stop → return to Wild Territory
[15:17:05] [TASK] Ivan → FulfillMission [ScoutPoi] (goal=CompleteMission)
[15:17:05] [MISSION] Ivan objective done ScoutPoi @ Forgotten Outpost → return to Radar (Brain Scorcher)
[15:17:05] [TASK] Andrei → FulfillMission [ScoutPoi] (goal=CompleteMission)
[15:17:05] [MISSION] Andrei objective done ScoutPoi @ Overgrown Bunker → return to Duga Radar
[15:17:05] [TASK] Mikhail → FulfillMission [ScoutPoi] (goal=CompleteMission)
[15:17:05] [MISSION] Mikhail objective done ScoutPoi @ Forgotten Outpost → return to Radar (Brain Scorcher)
[15:17:05] [TASK] Serhiy → FulfillMission [ScoutPoi] (goal=CompleteMission)
[15:17:05] [MISSION] Serhiy objective done ScoutPoi @ Abandoned Outpost → return to Chernobyl NPP
[15:17:05] [TASK] Dmitri → FulfillMission [ScoutPoi] (goal=CompleteMission)
[15:17:05] [MISSION] Dmitri objective done ScoutPoi @ Overgrown Shack → return to Garbage
[15:17:05] [TASK] Nodar → FulfillMission [ScoutPoi] (goal=CompleteMission)
[15:17:05] [MISSION] Nodar objective done ScoutPoi @ Sunken Shelter → return to Kopachi
[15:17:05] [TASK] Nodar → FulfillMission [ScoutPoi] (goal=CompleteMission)
[15:17:05] [MISSION] Nodar objective done ScoutPoi @ Sunken Camp → return to Chernobyl Town
[15:17:05] [TASK] Dmitri → FulfillMission [ScoutPoi] (goal=CompleteMission)
[15:17:05] [MISSION] Dmitri objective done ScoutPoi @ Abandoned Watchtower → return to Generators
[15:17:05] [TASK] Zura → FulfillMission [ScoutPoi] (goal=CompleteMission)
[15:17:05] [MISSION] Zura objective done ScoutPoi @ Mutant Den #0 near Great Swamps → return to Army Warehouses
[15:17:05] [TASK] Lasha → FulfillMission [ScoutPoi] (goal=CompleteMission)
[15:17:05] [MISSION] Lasha objective done ScoutPoi @ Abandoned Outpost → return to Chernobyl NPP
[15:17:05] [TASK] Rustam → FulfillMission [ScoutPoi] (goal=CompleteMission)
[15:17:05] [MISSION] Rustam objective done ScoutPoi @ Abandoned Outpost → return to Chernobyl NPP
[15:17:05] [TASK] Vasyl → FulfillMission [ScoutPoi] (goal=CompleteMission)
[15:17:05] [MISSION] Vasyl objective done ScoutPoi @ Abandoned Outpost → return to Chernobyl NPP
[15:17:05] [TASK] Damir → FulfillMission [ScoutPoi] (goal=CompleteMission)
[15:17:05] [MISSION] Damir objective done ScoutPoi @ Southern Watchtower → return to Rostok
[15:17:05] [TASK] Viktor → FulfillMission [ScoutPoi] (goal=CompleteMission)
[15:17:05] [MISSION] Viktor objective done ScoutPoi @ Sunken Shelter → return to Kopachi
[15:17:05] [TASK] Mikhail → FulfillMission [ScoutPoi] (goal=CompleteMission)
[15:17:05] [MISSION] Mikhail objective done ScoutPoi @ Abandoned Outpost → return to Chernobyl NPP
[15:17:06] [RANK] Andrei Ivanov 'Ugly' → Trainee
[15:17:06] [COMBAT] Andrei Ivanov 'Ugly' killed Burer using wpn_rpg7
[15:17:06] [COMBAT] Dmytro Shevchenko 'Wolf' killed Alibek Petrov 'Stitch' using wpn_aksu
[15:17:06] [GEAR] Dmytro looted [wpn_ak74m, wpn_fort12, arm_duty, helm_helm_ach7ex] via combat
[15:17:06] [INBOUND] Initial +2 ctx.Stalkers, +2 mutants (remaining S=1248 M=835)
[15:17:06] [TASK] Andrei → TurnInMission [ScoutPoi] (goal=CompleteMission)
[15:17:06] [MISSION] Andrei turned in ScoutPoi @ Radar (Brain Scorcher) (+176 RU)
[15:17:06] [GOAL] Andrei achieved CompleteMission
[15:17:06] [TASK] Oleksiy → TurnInMission [ScoutPoi] (goal=CompleteMission)
[15:17:06] [MISSION] Oleksiy turned in ScoutPoi @ Wild Territory (+190 RU)
[15:17:06] [GOAL] Oleksiy achieved CompleteMission
[15:17:06] [TASK] Ivan → TurnInMission [ScoutPoi] (goal=CompleteMission)
[15:17:06] [MISSION] Ivan turned in ScoutPoi @ Radar (Brain Scorcher) (+176 RU)
[15:17:06] [GOAL] Ivan achieved CompleteMission
[15:17:06] [TASK] Andrei → TurnInMission [ScoutPoi] (goal=CompleteMission)
[15:17:06] [MISSION] Andrei turned in ScoutPoi @ Duga Radar (+160 RU)
[15:17:06] [GOAL] Andrei achieved CompleteMission
[15:17:06] [TASK] Mikhail → TurnInMission [ScoutPoi] (goal=CompleteMission)
[15:17:06] [MISSION] Mikhail turned in ScoutPoi @ Radar (Brain Scorcher) (+176 RU)
[15:17:06] [GOAL] Mikhail achieved CompleteMission
[15:17:06] [TASK] Dmitri → TurnInMission [ScoutPoi] (goal=CompleteMission)
[15:17:06] [MISSION] Dmitri turned in ScoutPoi @ Garbage (+160 RU)
[15:17:06] [GOAL] Dmitri achieved CompleteMission
[15:17:06] [TASK] Nodar → TurnInMission [ScoutPoi] (goal=CompleteMission)
[15:17:06] [MISSION] Nodar turned in ScoutPoi @ Chernobyl Town (+160 RU)
[15:17:06] [GOAL] Nodar achieved CompleteMission
[15:17:06] [TASK] Taras → TurnInMission [ScoutPoi] (goal=CompleteMission)
[15:17:06] [MISSION] Taras turned in ScoutPoi @ Jupiter (Pripyat Industrial) (+190 RU)
[15:17:06] [GOAL] Taras achieved CompleteMission
[15:17:06] [TASK] Nikolai → TurnInMission [ScoutPoi] (goal=CompleteMission)
[15:17:06] [MISSION] Nikolai turned in ScoutPoi @ Duga Radar (+160 RU)
[15:17:06] [GOAL] Nikolai achieved CompleteMission
[15:17:06] [TASK] Lasha → TurnInMission [ScoutPoi] (goal=CompleteMission)
[15:17:06] [MISSION] Lasha turned in ScoutPoi @ Duga Radar (+160 RU)
[15:17:06] [GOAL] Lasha achieved CompleteMission
[15:17:06] [TASK] Armen → TurnInMission [ScoutPoi] (goal=CompleteMission)
[15:17:06] [MISSION] Armen turned in ScoutPoi @ Limansk (+190 RU)
[15:17:06] [GOAL] Armen achieved CompleteMission
[15:17:06] [TASK] Lasha → TurnInMission [ScoutPoi] (goal=CompleteMission)
[15:17:06] [MISSION] Lasha turned in ScoutPoi @ Yantar (+190 RU)
[15:17:06] [GOAL] Lasha achieved CompleteMission
[15:17:06] [TASK] Taras → TurnInMission [ScoutPoi] (goal=CompleteMission)
[15:17:06] [MISSION] Taras turned in ScoutPoi @ Rostok (+164 RU)
[15:17:06] [GOAL] Taras achieved CompleteMission
[15:17:06] [MISSION] Mikhail accepted ScoutPoi @ Chernobyl NPP (190 RU)
[15:17:06] [TASK] Mikhail → AcceptMission [ScoutPoi] (goal=AcceptMission)
[15:17:06] [GOAL] Mikhail achieved AcceptMission
[15:17:06] [MISSION] Andrei accepted ScoutPoi @ Radar (Brain Scorcher) (176 RU)
[15:17:06] [TASK] Andrei → AcceptMission [ScoutPoi] (goal=AcceptMission)
[15:17:06] [GOAL] Andrei achieved AcceptMission
[15:17:06] [MISSION] Oleksiy accepted ScoutPoi @ Wild Territory (190 RU)
[15:17:06] [TASK] Oleksiy → AcceptMission [ScoutPoi] (goal=AcceptMission)
[15:17:06] [GOAL] Oleksiy achieved AcceptMission
[15:17:06] [MISSION] Ivan accepted ScoutPoi @ Radar (Brain Scorcher) (176 RU)
[15:17:06] [TASK] Ivan → AcceptMission [ScoutPoi] (goal=AcceptMission)
[15:17:06] [GOAL] Ivan achieved AcceptMission
[15:17:06] [MISSION] Andrei accepted ScoutPoi @ Duga Radar (160 RU)
[15:17:06] [TASK] Andrei → AcceptMission [ScoutPoi] (goal=AcceptMission)
[15:17:06] [GOAL] Andrei achieved AcceptMission
[15:17:06] [MISSION] Mikhail accepted ScoutPoi @ Radar (Brain Scorcher) (176 RU)
[15:17:06] [TASK] Mikhail → AcceptMission [ScoutPoi] (goal=AcceptMission)
[15:17:06] [GOAL] Mikhail achieved AcceptMission
[15:17:06] [MISSION] Dmitri accepted ScoutPoi @ Garbage (160 RU)
[15:17:06] [TASK] Dmitri → AcceptMission [ScoutPoi] (goal=AcceptMission)
[15:17:06] [GOAL] Dmitri achieved AcceptMission
[15:17:06] [MISSION] Nodar accepted ScoutPoi @ Chernobyl Town (160 RU)
[15:17:06] [TASK] Nodar → AcceptMission [ScoutPoi] (goal=AcceptMission)
[15:17:06] [GOAL] Nodar achieved AcceptMission
[15:17:06] [MISSION] Taras accepted ScoutPoi @ Jupiter (Pripyat Industrial) (190 RU)
[15:17:06] [TASK] Taras → AcceptMission [ScoutPoi] (goal=AcceptMission)
[15:17:06] [GOAL] Taras achieved AcceptMission
[15:17:06] [MISSION] Nikolai accepted ScoutPoi @ Duga Radar (160 RU)
[15:17:06] [TASK] Nikolai → AcceptMission [ScoutPoi] (goal=AcceptMission)
[15:17:06] [GOAL] Nikolai achieved AcceptMission
[15:17:06] [MISSION] Lasha accepted ScoutPoi @ Duga Radar (160 RU)
[15:17:06] [TASK] Lasha → AcceptMission [ScoutPoi] (goal=AcceptMission)
[15:17:06] [GOAL] Lasha achieved AcceptMission
[15:17:06] [MISSION] Lasha accepted ScoutPoi @ Yantar (190 RU)
[15:17:06] [TASK] Lasha → AcceptMission [ScoutPoi] (goal=AcceptMission)
[15:17:06] [GOAL] Lasha achieved AcceptMission
[15:17:06] [MISSION] Taras accepted ScoutPoi @ Rostok (164 RU)
[15:17:06] [TASK] Taras → AcceptMission [ScoutPoi] (goal=AcceptMission)
[15:17:06] [GOAL] Taras achieved AcceptMission
[15:17:07] [COMBAT] Mikhail Ivanov 'Scar' killed PsyDog using wpn_pkm
[15:17:08] [COMBAT] Pavel Bondarenko 'Jackal' killed Lurker using wpn_spas12
[15:17:08] [INBOUND] Initial +3 ctx.Stalkers, +1 mutants (remaining S=1245 M=834)
[15:17:08] [MISSION] Mikhail accepted ScoutPoi @ Yantar (190 RU)
[15:17:08] [TASK] Mikhail → AcceptMission [ScoutPoi] (goal=AcceptMission)
[15:17:08] [GOAL] Mikhail achieved AcceptMission
[15:17:08] [MISSION] Karl accepted ScoutPoi @ Dead City (Chernobyl-2 Settlement) (164 RU)
[15:17:08] [TASK] Karl → AcceptMission [ScoutPoi] (goal=AcceptMission)
[15:17:08] [GOAL] Karl achieved AcceptMission
[15:17:09] [COMBAT] Mykola Petrov 'Mole' killed Boar using wpn_svd
[15:17:09] [COMBAT] Ivan Ivanov 'Wolf' killed Bloodsucker using wpn_pm
[15:17:09] [COMBAT] Oleg Petrov 'Ghost' killed PsyDog using wpn_fn2000
[15:17:10] [INBOUND] Initial +2 ctx.Stalkers, +2 mutants (remaining S=1243 M=832)
[15:17:10] [COMBAT] Bohdan Shevchenko 'Shadow' killed Poltergeist using wpn_vintorez
[15:17:10] [MISSION] Oleg accepted ScoutPoi @ Great Swamps (164 RU)
[15:17:10] [TASK] Oleg → AcceptMission [ScoutPoi] (goal=AcceptMission)
[15:17:10] [GOAL] Oleg achieved AcceptMission
[15:17:10] [COMBAT] Mykola Shevchenko 'Raven' killed Pseudodog using wpn_ak74
[15:17:10] [MISSION] Marcus accepted ScoutPoi @ Garbage (160 RU)
[15:17:10] [TASK] Marcus → AcceptMission [ScoutPoi] (goal=AcceptMission)
[15:17:10] [GOAL] Marcus achieved AcceptMission
[15:17:11] [COMBAT] Yuriy Sokolov 'Bullet' killed Zura Ivanov 'Phantom' using wpn_pkm
[15:17:11] [GEAR] Yuriy looted [wpn_desert_eagle, arm_freedom, helm_helm_ach7] via combat
[15:17:11] [INBOUND] Initial +2 ctx.Stalkers, +1 mutants (remaining S=1241 M=831)
[15:17:11] [MISSION] Mikhail accepted ScoutPoi @ Radar (Brain Scorcher) (176 RU)
[15:17:11] [TASK] Mikhail → AcceptMission [ScoutPoi] (goal=AcceptMission)
[15:17:11] [GOAL] Mikhail achieved AcceptMission
[15:17:12] [INBOUND] Initial +2 ctx.Stalkers, +1 mutants (remaining S=1239 M=830)
[15:17:13] [COMBAT] Nodar Popov 'Razor' killed Boar using wpn_ak74
[15:17:13] [INBOUND] Initial +2 ctx.Stalkers, +2 mutants (remaining S=1237 M=828)
[15:17:13] [MISSION] Ivan accepted ScoutPoi @ Dark Valley (168 RU)
[15:17:13] [TASK] Ivan → AcceptMission [ScoutPoi] (goal=AcceptMission)
[15:17:13] [GOAL] Ivan achieved AcceptMission
[15:17:15] [INBOUND] Initial +2 ctx.Stalkers, +1 mutants (remaining S=1235 M=827)
[15:17:15] [MISSION] Nikolai accepted ScoutPoi @ Wild Territory (190 RU)
[15:17:15] [TASK] Nikolai → AcceptMission [ScoutPoi] (goal=AcceptMission)
[15:17:15] [GOAL] Nikolai achieved AcceptMission
[15:17:16] [INBOUND] Initial +2 ctx.Stalkers, +1 mutants (remaining S=1233 M=826)
[15:17:16] [COMBAT] Ivan Bondarenko 'Stitch' killed Pseudodog using wpn_fn2000
[15:17:16] [MISSION] Taras accepted ScoutPoi @ Zaton (184 RU)
[15:17:16] [TASK] Taras → AcceptMission [ScoutPoi] (goal=AcceptMission)
[15:17:16] [GOAL] Taras achieved AcceptMission
[15:17:17] [COMBAT] Alexei Sokolov 'Badger' killed Vasyl Shevchenko 'Raven' using wpn_vintorez
[15:17:17] [GEAR] Alexei looted [wpn_vintorez, helm_helm_metro] via combat
[15:17:17] [INBOUND] Initial +2 ctx.Stalkers, +2 mutants (remaining S=1231 M=824)
[15:17:17] [MISSION] Armen accepted ScoutPoi @ Wild Territory (190 RU)
[15:17:17] [TASK] Armen → AcceptMission [ScoutPoi] (goal=AcceptMission)
[15:17:17] [GOAL] Armen achieved AcceptMission
[15:17:19] [INBOUND] Initial +2 ctx.Stalkers, +1 mutants (remaining S=1229 M=823)
[15:17:19] [MISSION] Alexei accepted ScoutPoi @ Rostok (164 RU)
[15:17:19] [TASK] Alexei → AcceptMission [ScoutPoi] (goal=AcceptMission)
[15:17:19] [GOAL] Alexei achieved AcceptMission
[15:17:20] [INBOUND] Initial +2 ctx.Stalkers, +2 mutants (remaining S=1227 M=821)
[15:17:21] [COMBAT] Andriy Petrenko 'Phantom' killed Bloodsucker using wpn_fn2000
[15:17:21] [INBOUND] Initial +2 ctx.Stalkers, +1 mutants (remaining S=1225 M=820)
[15:17:21] [CORPSE] Despawned 1 bodies (lifetime=1)
[15:17:21] [MISSION] Viktor accepted ScoutPoi @ Yantar (190 RU)
[15:17:21] [TASK] Viktor → AcceptMission [ScoutPoi] (goal=AcceptMission)
[15:17:21] [GOAL] Viktor achieved AcceptMission
[15:17:21] [COMBAT] Nodar Popov 'Razor' killed Snork using wpn_ak74
[15:17:21] [COMBAT] Bohdan Petrenko 'Mole' killed Snork using wpn_vintorez
[15:17:22] [INBOUND] Initial +2 ctx.Stalkers, +1 mutants (remaining S=1223 M=819)
[15:17:22] [MISSION] Igor accepted ScoutPoi @ Agroprom (160 RU)
[15:17:22] [TASK] Igor → AcceptMission [ScoutPoi] (goal=AcceptMission)
[15:17:22] [GOAL] Igor achieved AcceptMission
[15:17:23] [INBOUND] Initial +2 ctx.Stalkers, +2 mutants (remaining S=1221 M=817)
[15:17:23] [MISSION] Taras accepted ScoutPoi @ Garbage (160 RU)
[15:17:23] [TASK] Taras → AcceptMission [ScoutPoi] (goal=AcceptMission)
[15:17:23] [GOAL] Taras achieved AcceptMission
[15:17:24] [COMBAT] Viktor Bondarenko 'Spark' killed Fracture using wpn_ak74
[15:17:24] [COMBAT] Ivan Kovalenko 'Viper' killed Oleg Bondarenko 'Wolf' using wpn_pm
[15:17:24] [GEAR] Ivan looted [wpn_g36, out_monolith_outfit, helm_helm_m50] via combat
[15:17:25] [INBOUND] Initial +2 ctx.Stalkers, +1 mutants (remaining S=1219 M=816)
[15:17:25] [COMBAT] Sergei Sokolov 'Phantom' killed PsyDog using wpn_pkm
[15:17:26] [INBOUND] Initial +3 ctx.Stalkers, +2 mutants (remaining S=1216 M=814)
[15:17:26] [MISSION] Dmitri accepted ScoutPoi @ Meadow (160 RU)
[15:17:26] [TASK] Dmitri → AcceptMission [ScoutPoi] (goal=AcceptMission)
[15:17:26] [GOAL] Dmitri achieved AcceptMission
[15:17:26] [COMBAT] Andriy Shevchenko 'Ash' killed Controller using wpn_pkm
[15:17:27] [INBOUND] Initial +2 ctx.Stalkers, +1 mutants (remaining S=1214 M=813)
[15:17:27] [SNAPSHOT] real=2.6min game=D0 00:13 alive S=142 M=116 corpses=298 lootable=132 gammaGear out=68 helm=123 avgRU=874 leaderGoals trade=0 mission=22 emission=Dormant nextIn=63gmin desperate=0 hungry=0 interval deaths=37 combats=66 tasks=90 gearLoot=6 gearBuy=0 missions=45 corpseDespawn=1 trickleSpawns=0 ranks=[Rookie:137,Trainee:2,Experienced:3] goals=[Idle:38,CompleteMission::22,Traveling:20] leaders: Igor[Rookie/Idle], Armen[Rookie/Idle], Serhiy[Rookie/Idle], Oleksiy[Rookie/Idle], Serhiy[Rookie/Idle]
[15:17:27] [COMBAT] Lasha Melnyk 'Fox' killed Flesh using wpn_aksu
[15:17:28] [INBOUND] Initial +2 ctx.Stalkers, +1 mutants (remaining S=1212 M=812)
[15:17:28] [MISSION] Dmitri accepted ScoutPoi @ Wild Territory (190 RU)
[15:17:28] [TASK] Dmitri → AcceptMission [ScoutPoi] (goal=AcceptMission)
[15:17:28] [GOAL] Dmitri achieved AcceptMission
[15:17:29] [COMBAT] Pierre Ivanov 'Wolf' killed Bohdan Shevchenko 'Shadow' using wpn_mp5
[15:17:29] [GEAR] Pierre looted [wpn_vintorez, arm_exo, helm_helm_battle] via combat
[15:17:29] [COMBAT] Andrei Sokolov 'Wolf' killed Bloodsucker using wpn_toz34
[15:17:29] [COMBAT] Yuriy Sokolov 'Bullet' killed Oleksiy Bondarenko 'Phantom' using wpn_pkm
[15:17:29] [GEAR] Yuriy looted [helm_helm_battle] via combat
[15:17:30] [INBOUND] Initial +2 ctx.Stalkers, +2 mutants (remaining S=1210 M=810)
[15:17:30] [MISSION] Serhiy accepted ScoutPoi @ Chernobyl NPP (190 RU)
[15:17:30] [TASK] Serhiy → AcceptMission [ScoutPoi] (goal=AcceptMission)
[15:17:30] [GOAL] Serhiy achieved AcceptMission
[15:17:31] [RANK] Mikhail Ivanov 'Scar' → Experienced
[15:17:31] [COMBAT] Mikhail Ivanov 'Scar' killed Controller using wpn_pkm
[15:17:31] [INBOUND] Initial +2 ctx.Stalkers, +1 mutants (remaining S=1208 M=809)
[15:17:32] [COMBAT] Pavel Shevchenko 'Mole' killed Rat using wpn_sg550
[15:17:32] [INBOUND] Initial +2 ctx.Stalkers, +2 mutants (remaining S=1206 M=807)
[15:17:33] [MISSION] Mikhail accepted ScoutPoi @ Cordon (160 RU)
[15:17:33] [TASK] Mikhail → AcceptMission [ScoutPoi] (goal=AcceptMission)
[15:17:33] [GOAL] Mikhail achieved AcceptMission
[15:17:33] [COMBAT] Karl Volkov 'Razor' killed Dog using wpn_lr300
[15:17:33] [COMBAT] Karl Popov 'Ugly' killed Taras Petrenko 'Shadow' using wpn_rg6
[15:17:33] [GEAR] Karl looted [arm_duty] via combat
[15:17:33] [INBOUND] Initial +2 ctx.Stalkers, +1 mutants (remaining S=1204 M=806)
[15:17:33] [CORPSE] Despawned 4 bodies (lifetime=5)
[15:17:33] [COMBAT] Vasyl Shevchenko 'Spark' killed Controller using wpn_ak74
[15:17:34] [COMBAT] Andriy Petrenko 'Phantom' killed Controller using wpn_fn2000
[15:17:34] [INBOUND] Initial +2 ctx.Stalkers, +1 mutants (remaining S=1202 M=805)
[15:17:34] [MISSION] Sergei accepted ScoutPoi @ Chernobyl NPP (190 RU)
[15:17:34] [TASK] Sergei → AcceptMission [ScoutPoi] (goal=AcceptMission)
[15:17:34] [GOAL] Sergei achieved AcceptMission
[15:17:36] [INBOUND] Initial +2 ctx.Stalkers, +2 mutants (remaining S=1200 M=803)
[15:17:36] [COMBAT] Andriy Petrenko 'Badger' killed Armen Popov 'Crow' using wpn_val
[15:17:36] [GEAR] Andriy looted [wpn_fort12, out_stalker_tigerstripe_outfit, helm_hardhat] via combat
[15:17:36] [COMBAT] Andrei Bondarenko 'Jackal' killed Lurker using wpn_aksu
[15:17:36] [MISSION] Bakhyt accepted ScoutPoi @ Dark Valley (168 RU)
[15:17:36] [TASK] Bakhyt → AcceptMission [ScoutPoi] (goal=AcceptMission)
[15:17:36] [GOAL] Bakhyt achieved AcceptMission
[15:17:36] [COMBAT] Dmytro Shevchenko 'Wolf' killed Dmitri Shevchenko 'Badger' using wpn_ak74m
[15:17:36] [GEAR] Dmytro looted [helm_helm_tactic] via combat
[15:17:37] [INBOUND] Initial +2 ctx.Stalkers, +1 mutants (remaining S=1198 M=802)
[15:17:37] [COMBAT] Mikhail Bondarenko 'Badger' killed Andriy Shevchenko 'Ash' using wpn_mp5
[15:17:37] [GEAR] Mikhail looted [wpn_pkm, out_monolith_scientific_outfit, helm_tactic] via combat
[15:17:37] [MISSION] Mykola accepted ScoutPoi @ Dark Valley (168 RU)
[15:17:37] [TASK] Mykola → AcceptMission [ScoutPoi] (goal=AcceptMission)
[15:17:37] [GOAL] Mykola achieved AcceptMission
[15:17:37] [COMBAT] Lasha Melnyk 'Fox' killed Taras Petrov 'The Rat' using wpn_aksu
[15:17:37] [GEAR] Lasha looted [helm_helm_respirator_gp5] via combat
[15:17:37] [MISSION] Viktor accepted ScoutPoi @ Garbage (160 RU)
[15:17:37] [TASK] Viktor → AcceptMission [ScoutPoi] (goal=AcceptMission)
[15:17:37] [GOAL] Viktor achieved AcceptMission
[15:17:37] [TASK] Mykola → TradeRun [poi_macro_1] (goal=VisitTrader)
[15:17:37] [GOAL] Mykola achieved VisitTrader
[15:17:37] [MISSION] Mykola accepted ScoutPoi @ Zalissya (184 RU)
[15:17:37] [TASK] Mykola → AcceptMission [ScoutPoi] (goal=AcceptMission)
[15:17:37] [GOAL] Mykola achieved AcceptMission
[15:17:37] [COMBAT] Mykola Petrov 'Mole' killed Serhiy Petrov 'Bone' using wpn_svd
[15:17:37] [GEAR] Mykola looted [wpn_ak74, out_specops_outfit, helm_tactic] via combat
[15:17:38] [INBOUND] Initial +2 ctx.Stalkers, +1 mutants (remaining S=1196 M=801)
[15:17:38] [MISSION] Ivan accepted ScoutPoi @ Yantar (190 RU)
[15:17:38] [TASK] Ivan → AcceptMission [ScoutPoi] (goal=AcceptMission)
[15:17:38] [GOAL] Ivan achieved AcceptMission
[15:17:38] [MISSION] Oleg arrived for ScoutPoi @ Cordon (travel=518m, work=211s game)
[15:17:39] [COMBAT] Pavel Kovalenko 'Razor' killed Bloodsucker using wpn_vintorez
[15:17:39] [COMBAT] Ivan Ivanov 'Fox' killed Bloodsucker using wpn_vintorez
[15:17:39] [INBOUND] Initial +2 ctx.Stalkers, +2 mutants (remaining S=1194 M=799)
[15:17:40] [TASK] Oleksiy → FulfillMission [ScoutPoi] (goal=CompleteMission)
[15:17:40] [MISSION] Oleksiy objective done ScoutPoi @ Rain Barrel Stop → return to Wild Territory
[15:17:40] [TASK] Mikhail → FulfillMission [ScoutPoi] (goal=CompleteMission)
[15:17:40] [MISSION] Mikhail objective done ScoutPoi @ Machine Yard → return to Cordon
[15:17:40] [TASK] Ivan → FulfillMission [ScoutPoi] (goal=CompleteMission)
[15:17:40] [MISSION] Ivan objective done ScoutPoi @ Forgotten Outpost → return to Radar (Brain Scorcher)
[15:17:40] [TASK] Andrei → FulfillMission [ScoutPoi] (goal=CompleteMission)
[15:17:40] [MISSION] Andrei objective done ScoutPoi @ Overgrown Bunker → return to Duga Radar
[15:17:40] [TASK] Mikhail → FulfillMission [ScoutPoi] (goal=CompleteMission)
[15:17:40] [MISSION] Mikhail objective done ScoutPoi @ Forgotten Outpost → return to Radar (Brain Scorcher)
[15:17:40] [TASK] Nodar → FulfillMission [ScoutPoi] (goal=CompleteMission)
[15:17:40] [MISSION] Nodar objective done ScoutPoi @ Sunken Camp → return to Chernobyl Town
[15:17:40] [TASK] Taras → FulfillMission [ScoutPoi] (goal=CompleteMission)
[15:17:40] [MISSION] Taras objective done ScoutPoi @ Makeshift Outpost → return to Jupiter (Pripyat Industrial)
[15:17:40] [TASK] Lasha → FulfillMission [ScoutPoi] (goal=CompleteMission)
[15:17:40] [MISSION] Lasha objective done ScoutPoi @ Overgrown Bunker → return to Duga Radar
[15:17:40] [TASK] Lasha → FulfillMission [ScoutPoi] (goal=CompleteMission)
[15:17:40] [MISSION] Lasha objective done ScoutPoi @ Sunken Shack → return to Yantar
[15:17:40] [TASK] Mikhail → FulfillMission [ScoutPoi] (goal=CompleteMission)
[15:17:40] [MISSION] Mikhail objective done ScoutPoi @ Abandoned Outpost → return to Chernobyl NPP
[15:17:40] [TASK] Mikhail → FulfillMission [ScoutPoi] (goal=CompleteMission)
[15:17:40] [MISSION] Mikhail objective done ScoutPoi @ Sunken Shack → return to Yantar
[15:17:40] [TASK] Karl → FulfillMission [ScoutPoi] (goal=CompleteMission)
[15:17:40] [MISSION] Karl objective done ScoutPoi @ Cordon → return to Dead City (Chernobyl-2 Settlement)
[15:17:40] [TASK] Oleg → FulfillMission [ScoutPoi] (goal=CompleteMission)
[15:17:40] [MISSION] Oleg objective done ScoutPoi @ Cordon → return to Great Swamps
[15:17:40] [TASK] Mikhail → FulfillMission [ScoutPoi] (goal=CompleteMission)
[15:17:40] [MISSION] Mikhail objective done ScoutPoi @ Forgotten Outpost → return to Radar (Brain Scorcher)
[15:17:40] [TASK] Ivan → FulfillMission [ScoutPoi] (goal=CompleteMission)
[15:17:40] [MISSION] Ivan objective done ScoutPoi @ Hidden Cairn → return to Dark Valley
[15:17:40] [TASK] Armen → FulfillMission [ScoutPoi] (goal=CompleteMission)
[15:17:40] [MISSION] Armen objective done ScoutPoi @ Rain Barrel Stop → return to Wild Territory
[15:17:40] [TASK] Alexei → FulfillMission [ScoutPoi] (goal=CompleteMission)
[15:17:40] [MISSION] Alexei objective done ScoutPoi @ Southern Watchtower → return to Rostok
[15:17:40] [TASK] Viktor → FulfillMission [ScoutPoi] (goal=CompleteMission)
[15:17:40] [MISSION] Viktor objective done ScoutPoi @ Sunken Shack → return to Yantar
[15:17:40] [TASK] Igor → FulfillMission [ScoutPoi] (goal=CompleteMission)
[15:17:40] [MISSION] Igor objective done ScoutPoi @ Pump Station → return to Agroprom
[15:17:40] [TASK] Viktor → FulfillMission [ScoutPoi] (goal=CompleteMission)
[15:17:40] [MISSION] Viktor objective done ScoutPoi @ Overgrown Shack → return to Garbage
[15:17:40] [TASK] Dmitri → FulfillMission [ScoutPoi] (goal=CompleteMission)
[15:17:40] [MISSION] Dmitri objective done ScoutPoi @ Forgotten Outpost → return to Meadow
[15:17:40] [TASK] Dmitri → FulfillMission [ScoutPoi] (goal=CompleteMission)
[15:17:40] [MISSION] Dmitri objective done ScoutPoi @ Rain Barrel Stop → return to Wild Territory
[15:17:40] [TASK] Serhiy → FulfillMission [ScoutPoi] (goal=CompleteMission)
[15:17:40] [MISSION] Serhiy objective done ScoutPoi @ Abandoned Outpost → return to Chernobyl NPP
[15:17:40] [TASK] Sergei → FulfillMission [ScoutPoi] (goal=CompleteMission)
[15:17:40] [MISSION] Sergei objective done ScoutPoi @ Abandoned Outpost → return to Chernobyl NPP
[15:17:40] [TASK] Bakhyt → FulfillMission [ScoutPoi] (goal=CompleteMission)
[15:17:40] [MISSION] Bakhyt objective done ScoutPoi @ Hidden Cairn → return to Dark Valley
[15:17:40] [TASK] Mykola → FulfillMission [ScoutPoi] (goal=CompleteMission)
[15:17:40] [MISSION] Mykola objective done ScoutPoi @ Hidden Cairn → return to Dark Valley
[15:17:40] [TASK] Ivan → FulfillMission [ScoutPoi] (goal=CompleteMission)
[15:17:40] [MISSION] Ivan objective done ScoutPoi @ Sunken Shack → return to Yantar
[15:17:40] [TASK] Andrei → FulfillMission [ScoutPoi] (goal=CompleteMission)
[15:17:40] [MISSION] Andrei objective done ScoutPoi @ Forgotten Outpost → return to Radar (Brain Scorcher)
[15:17:40] [COMBAT] Pavel Shevchenko 'Mole' killed Ivan Melnyk 'Jackal' using wpn_sg550
[15:17:40] [COMBAT] Lasha Bondarenko 'Wolf' killed Lurker using wpn_pkm
[15:17:40] [INBOUND] Initial +2 ctx.Stalkers, +1 mutants (remaining S=1192 M=798)
[15:17:40] [TASK] Andrei → TurnInMission [ScoutPoi] (goal=CompleteMission)
[15:17:40] [MISSION] Andrei turned in ScoutPoi @ Radar (Brain Scorcher) (+176 RU)
[15:17:40] [GOAL] Andrei achieved CompleteMission
[15:17:40] [TASK] Oleksiy → TurnInMission [ScoutPoi] (goal=CompleteMission)
[15:17:40] [MISSION] Oleksiy turned in ScoutPoi @ Wild Territory (+190 RU)
[15:17:40] [GOAL] Oleksiy achieved CompleteMission
[15:17:40] [TASK] Mikhail → TurnInMission [ScoutPoi] (goal=CompleteMission)
[15:17:40] [MISSION] Mikhail turned in ScoutPoi @ Cordon (+160 RU)
[15:17:40] [GOAL] Mikhail achieved CompleteMission
[15:17:40] [TASK] Ivan → TurnInMission [ScoutPoi] (goal=CompleteMission)
[15:17:40] [MISSION] Ivan turned in ScoutPoi @ Radar (Brain Scorcher) (+176 RU)
[15:17:40] [GOAL] Ivan achieved CompleteMission
[15:17:40] [TASK] Andrei → TurnInMission [ScoutPoi] (goal=CompleteMission)
[15:17:40] [MISSION] Andrei turned in ScoutPoi @ Duga Radar (+160 RU)
[15:17:40] [GOAL] Andrei achieved CompleteMission
[15:17:40] [TASK] Mikhail → TurnInMission [ScoutPoi] (goal=CompleteMission)
[15:17:40] [MISSION] Mikhail turned in ScoutPoi @ Radar (Brain Scorcher) (+176 RU)
[15:17:40] [GOAL] Mikhail achieved CompleteMission
[15:17:40] [TASK] Nodar → TurnInMission [ScoutPoi] (goal=CompleteMission)
[15:17:40] [MISSION] Nodar turned in ScoutPoi @ Chernobyl Town (+160 RU)
[15:17:40] [GOAL] Nodar achieved CompleteMission
[15:17:40] [TASK] Taras → TurnInMission [ScoutPoi] (goal=CompleteMission)
[15:17:40] [MISSION] Taras turned in ScoutPoi @ Jupiter (Pripyat Industrial) (+190 RU)
[15:17:40] [GOAL] Taras achieved CompleteMission
[15:17:40] [TASK] Lasha → TurnInMission [ScoutPoi] (goal=CompleteMission)
[15:17:40] [MISSION] Lasha turned in ScoutPoi @ Duga Radar (+160 RU)
[15:17:40] [GOAL] Lasha achieved CompleteMission
[15:17:40] [TASK] Mikhail → TurnInMission [ScoutPoi] (goal=CompleteMission)
[15:17:40] [MISSION] Mikhail turned in ScoutPoi @ Radar (Brain Scorcher) (+176 RU)
[15:17:40] [GOAL] Mikhail achieved CompleteMission
[15:17:40] [TASK] Armen → TurnInMission [ScoutPoi] (goal=CompleteMission)
[15:17:40] [MISSION] Armen turned in ScoutPoi @ Wild Territory (+190 RU)
[15:17:40] [GOAL] Armen achieved CompleteMission
[15:17:40] [TASK] Viktor → TurnInMission [ScoutPoi] (goal=CompleteMission)
[15:17:40] [MISSION] Viktor turned in ScoutPoi @ Garbage (+160 RU)
[15:17:40] [GOAL] Viktor achieved CompleteMission
[15:17:40] [TASK] Dmitri → TurnInMission [ScoutPoi] (goal=CompleteMission)
[15:17:40] [MISSION] Dmitri turned in ScoutPoi @ Wild Territory (+190 RU)
[15:17:40] [GOAL] Dmitri achieved CompleteMission
[15:17:40] [COMBAT] Yuriy Petrov 'Viper' killed Tushkano using wpn_p90
[15:17:40] [TASK] Sergei → TurnInMission [ScoutPoi] (goal=CompleteMission)
[15:17:40] [MISSION] Sergei turned in ScoutPoi @ Chernobyl NPP (+190 RU)
[15:17:40] [GOAL] Sergei achieved CompleteMission
[15:17:40] [TASK] Bakhyt → TurnInMission [ScoutPoi] (goal=CompleteMission)
[15:17:40] [MISSION] Bakhyt turned in ScoutPoi @ Dark Valley (+168 RU)
[15:17:40] [GOAL] Bakhyt achieved CompleteMission
[15:17:40] [TASK] Mykola → TurnInMission [ScoutPoi] (goal=CompleteMission)
[15:17:40] [MISSION] Mykola turned in ScoutPoi @ Dark Valley (+168 RU)
[15:17:40] [GOAL] Mykola achieved CompleteMission
[15:17:40] [TASK] Ivan → TurnInMission [ScoutPoi] (goal=CompleteMission)
[15:17:40] [MISSION] Ivan turned in ScoutPoi @ Yantar (+190 RU)
[15:17:40] [GOAL] Ivan achieved CompleteMission
[15:17:40] [MISSION] Andrei accepted ScoutPoi @ Cordon (160 RU)
[15:17:40] [TASK] Andrei → AcceptMission [ScoutPoi] (goal=AcceptMission)
[15:17:40] [GOAL] Andrei achieved AcceptMission
[15:17:40] [MISSION] Andrei accepted ScoutPoi @ Radar (Brain Scorcher) (176 RU)
[15:17:40] [TASK] Andrei → AcceptMission [ScoutPoi] (goal=AcceptMission)
[15:17:40] [GOAL] Andrei achieved AcceptMission
[15:17:40] [MISSION] Oleksiy accepted ScoutPoi @ Wild Territory (190 RU)
[15:17:40] [TASK] Oleksiy → AcceptMission [ScoutPoi] (goal=AcceptMission)
[15:17:40] [GOAL] Oleksiy achieved AcceptMission
[15:17:41] [MISSION] Ivan accepted ScoutPoi @ Radar (Brain Scorcher) (176 RU)
[15:17:41] [TASK] Ivan → AcceptMission [ScoutPoi] (goal=AcceptMission)
[15:17:41] [GOAL] Ivan achieved AcceptMission
[15:17:41] [MISSION] Andrei accepted ScoutPoi @ Duga Radar (160 RU)
[15:17:41] [TASK] Andrei → AcceptMission [ScoutPoi] (goal=AcceptMission)
[15:17:41] [GOAL] Andrei achieved AcceptMission
[15:17:41] [MISSION] Mikhail accepted ScoutPoi @ Radar (Brain Scorcher) (176 RU)
[15:17:41] [TASK] Mikhail → AcceptMission [ScoutPoi] (goal=AcceptMission)
[15:17:41] [GOAL] Mikhail achieved AcceptMission
[15:17:41] [MISSION] Nodar accepted ScoutPoi @ Chernobyl Town (160 RU)
[15:17:41] [TASK] Nodar → AcceptMission [ScoutPoi] (goal=AcceptMission)
[15:17:41] [GOAL] Nodar achieved AcceptMission
[15:17:41] [MISSION] Taras accepted ScoutPoi @ Jupiter (Pripyat Industrial) (190 RU)
[15:17:41] [TASK] Taras → AcceptMission [ScoutPoi] (goal=AcceptMission)
[15:17:41] [GOAL] Taras achieved AcceptMission
[15:17:41] [MISSION] Lasha accepted ScoutPoi @ Duga Radar (160 RU)
[15:17:41] [TASK] Lasha → AcceptMission [ScoutPoi] (goal=AcceptMission)
[15:17:41] [GOAL] Lasha achieved AcceptMission
[15:17:41] [MISSION] Mikhail accepted ScoutPoi @ Radar (Brain Scorcher) (176 RU)
[15:17:41] [TASK] Mikhail → AcceptMission [ScoutPoi] (goal=AcceptMission)
[15:17:41] [GOAL] Mikhail achieved AcceptMission
[15:17:41] [MISSION] Armen accepted ScoutPoi @ Wild Territory (190 RU)
[15:17:41] [TASK] Armen → AcceptMission [ScoutPoi] (goal=AcceptMission)
[15:17:41] [GOAL] Armen achieved AcceptMission
[15:17:41] [MISSION] Viktor accepted ScoutPoi @ Garbage (160 RU)
[15:17:41] [TASK] Viktor → AcceptMission [ScoutPoi] (goal=AcceptMission)
[15:17:41] [GOAL] Viktor achieved AcceptMission
[15:17:41] [MISSION] Dmitri accepted ScoutPoi @ Wild Territory (190 RU)
[15:17:41] [TASK] Dmitri → AcceptMission [ScoutPoi] (goal=AcceptMission)
[15:17:41] [GOAL] Dmitri achieved AcceptMission
[15:17:41] [MISSION] Sergei accepted ScoutPoi @ Chernobyl NPP (190 RU)
[15:17:41] [TASK] Sergei → AcceptMission [ScoutPoi] (goal=AcceptMission)
[15:17:41] [GOAL] Sergei achieved AcceptMission
[15:17:41] [MISSION] Bakhyt accepted ScoutPoi @ Dark Valley (168 RU)
[15:17:41] [TASK] Bakhyt → AcceptMission [ScoutPoi] (goal=AcceptMission)
[15:17:41] [GOAL] Bakhyt achieved AcceptMission
[15:17:41] [MISSION] Mykola accepted ScoutPoi @ Dark Valley (168 RU)
[15:17:41] [TASK] Mykola → AcceptMission [ScoutPoi] (goal=AcceptMission)
[15:17:41] [GOAL] Mykola achieved AcceptMission
[15:17:41] [MISSION] Ivan accepted ScoutPoi @ Yantar (190 RU)
[15:17:41] [TASK] Ivan → AcceptMission [ScoutPoi] (goal=AcceptMission)
[15:17:41] [GOAL] Ivan achieved AcceptMission
[15:17:43] [COMBAT] Ivan Kovalenko 'Viper' killed Flesh using wpn_g36
[15:17:43] [INBOUND] Initial +3 ctx.Stalkers, +2 mutants (remaining S=1189 M=796)
[15:17:43] [MISSION] Sean accepted ScoutPoi @ Cordon (160 RU)
[15:17:43] [TASK] Sean → AcceptMission [ScoutPoi] (goal=AcceptMission)
[15:17:43] [GOAL] Sean achieved AcceptMission
[15:17:44] [COMBAT] Lasha Melnyk 'Fox' killed Viktor Ivanov 'Fox' using wpn_aksu
[15:17:44] [COMBAT] Oleksiy Petrenko 'Shadow' killed Fracture using wpn_vintorez
[15:17:44] [INBOUND] Initial +2 ctx.Stalkers, +1 mutants (remaining S=1187 M=795)
[15:17:44] [COMBAT] Armen Bondarenko 'Shadow' killed Lurker using wpn_ak74
[15:17:44] [MISSION] Oleksiy accepted ScoutPoi @ Zalissya (184 RU)
[15:17:44] [TASK] Oleksiy → AcceptMission [ScoutPoi] (goal=AcceptMission)
[15:17:44] [GOAL] Oleksiy achieved AcceptMission
[15:17:45] [RANK] Oleksiy Bondarenko 'Shadow' → Professional
[15:17:45] [COMBAT] Oleksiy Bondarenko 'Shadow' killed Pseudodog using wpn_aksu
[15:17:45] [INBOUND] Initial +2 ctx.Stalkers, +1 mutants (remaining S=1185 M=794)
[15:17:45] [MISSION] Karl accepted ScoutPoi @ Zalissya (184 RU)
[15:17:45] [TASK] Karl → AcceptMission [ScoutPoi] (goal=AcceptMission)
[15:17:45] [GOAL] Karl achieved AcceptMission
[15:17:47] [INBOUND] Initial +2 ctx.Stalkers, +2 mutants (remaining S=1183 M=792)
[15:17:47] [CORPSE] Despawned 6 bodies (lifetime=11)
[15:17:47] [COMBAT] Pavel Melnyk 'Fox' killed Andrei Sokolov 'Wolf' using wpn_ak74
[15:17:47] [GEAR] Pavel looted [helm_helm_respirator] via combat
[15:17:47] [MISSION] Nikolai accepted ScoutPoi @ Agroprom (160 RU)
[15:17:47] [TASK] Nikolai → AcceptMission [ScoutPoi] (goal=AcceptMission)
[15:17:47] [GOAL] Nikolai achieved AcceptMission
[15:17:47] [COMBAT] Taras Petrov 'Shadow' killed Serhiy Volkov 'Fox' using wpn_toz34
[15:17:47] [GEAR] Taras looted [wpn_fn2000, arm_exo, helm_helm_exo] via combat
[15:17:47] [COMBAT] Mikhail Petrov 'Spark' killed PsyDog using wpn_vintorez
[15:17:47] [COMBAT] Karl Sokolov 'Viper' killed Pseudodog using wpn_rpg7
[15:17:48] [INBOUND] Initial +2 ctx.Stalkers, +1 mutants (remaining S=1181 M=791)
[15:17:48] [MISSION] Pavel accepted ScoutPoi @ Zalissya (184 RU)
[15:17:48] [TASK] Pavel → AcceptMission [ScoutPoi] (goal=AcceptMission)
[15:17:48] [GOAL] Pavel achieved AcceptMission
[15:17:48] [COMBAT] Dmytro Shevchenko 'Wolf' killed Pavel Shevchenko 'Mole' using wpn_ak74m
[15:17:48] [GEAR] Dmytro looted [wpn_sg550, wpn_mp5, arm_duty, helm_tactic] via combat
[15:17:49] [INBOUND] Initial +2 ctx.Stalkers, +2 mutants (remaining S=1179 M=789)
[15:17:49] [MISSION] Bohdan accepted ScoutPoi @ Cordon (160 RU)
[15:17:49] [TASK] Bohdan → AcceptMission [ScoutPoi] (goal=AcceptMission)
[15:17:49] [GOAL] Bohdan achieved AcceptMission
[15:17:49] [TASK] Mikhail → TradeRun [poi_macro_0] (goal=VisitTrader)
[15:17:49] [GOAL] Mikhail achieved VisitTrader
[15:17:49] [MISSION] Mikhail accepted ScoutPoi @ Cordon (160 RU)
[15:17:49] [TASK] Mikhail → AcceptMission [ScoutPoi] (goal=AcceptMission)
[15:17:49] [GOAL] Mikhail achieved AcceptMission
[15:17:50] [COMBAT] Mykola Petrov 'Bone' killed Controller using wpn_val
[15:17:50] [INBOUND] Initial +2 ctx.Stalkers, +1 mutants (remaining S=1177 M=788)
[15:17:50] [MISSION] Oleksiy accepted ScoutPoi @ Limansk (190 RU)
[15:17:50] [TASK] Oleksiy → AcceptMission [ScoutPoi] (goal=AcceptMission)
[15:17:50] [GOAL] Oleksiy achieved AcceptMission
[15:17:51] [INBOUND] Initial +2 ctx.Stalkers, +1 mutants (remaining S=1175 M=787)
[15:17:51] [MISSION] Sean accepted ScoutPoi @ Dead City (Chernobyl-2 Settlement) (164 RU)
[15:17:51] [TASK] Sean → AcceptMission [ScoutPoi] (goal=AcceptMission)
[15:17:51] [GOAL] Sean achieved AcceptMission
[15:17:51] [COMBAT] Ivan Petrov 'Mole' killed Poltergeist using wpn_ak74
[15:17:52] [COMBAT] Zura Kovalenko 'Shadow' killed Chimera using wpn_fn2000
[15:17:53] [INBOUND] Initial +2 ctx.Stalkers, +2 mutants (remaining S=1173 M=785)
[15:17:53] [MISSION] Dmitri accepted ScoutPoi @ Agroprom (160 RU)
[15:17:53] [TASK] Dmitri → AcceptMission [ScoutPoi] (goal=AcceptMission)
[15:17:53] [GOAL] Dmitri achieved AcceptMission
[15:17:53] [COMBAT] Oleksiy Shevchenko 'Badger' killed Snork using wpn_mp5
[15:17:53] [COMBAT] Oleksiy Shevchenko 'Stitches' killed Pavel Sokolov 'Ash' using wpn_bm16
[15:17:53] [GEAR] Oleksiy looted [wpn_toz34, out_stalker_tigerstripe_outfit, helm_helm_hardhat] via combat
[15:17:54] [INBOUND] Initial +2 ctx.Stalkers, +1 mutants (remaining S=1171 M=784)
[15:17:54] [MISSION] Mikhail accepted ScoutPoi @ Jupiter (Pripyat Industrial) (190 RU)
[15:17:54] [TASK] Mikhail → AcceptMission [ScoutPoi] (goal=AcceptMission)
[15:17:54] [GOAL] Mikhail achieved AcceptMission
[15:17:55] [INBOUND] Initial +2 ctx.Stalkers, +2 mutants (remaining S=1169 M=782)
[15:17:55] [MISSION] Zura accepted ScoutPoi @ Kopachi (196 RU)
[15:17:55] [TASK] Zura → AcceptMission [ScoutPoi] (goal=AcceptMission)
[15:17:55] [GOAL] Zura achieved AcceptMission
[15:17:56] [COMBAT] Sergei Bondarenko 'Phantom' killed Boar using wpn_rg6
[15:17:56] [INBOUND] Initial +2 ctx.Stalkers, +1 mutants (remaining S=1167 M=781)
[15:17:56] [MISSION] Karl accepted ScoutPoi @ Dead City (Chernobyl-2 Settlement) (164 RU)
[15:17:56] [TASK] Karl → AcceptMission [ScoutPoi] (goal=AcceptMission)
[15:17:56] [GOAL] Karl achieved AcceptMission
[15:17:57] [COMBAT] Sergei Popov 'Badger' killed Rat using wpn_aksu
[15:17:57] [INBOUND] Initial +2 ctx.Stalkers, +1 mutants (remaining S=1165 M=780)
[15:17:57] [SNAPSHOT] real=3.1min game=D0 00:15 alive S=147 M=125 corpses=356 lootable=167 gammaGear out=72 helm=130 avgRU=883 leaderGoals trade=1 mission=25 emission=Dormant nextIn=61gmin desperate=0 hungry=0 interval deaths=44 combats=68 tasks=86 gearLoot=12 gearBuy=0 missions=56 corpseDespawn=10 trickleSpawns=0 ranks=[Rookie:141,Trainee:2,Experienced:3,Professional:1] goals=[Idle:39,CompleteMission::25,Traveling:17,VisitTrader::1] leaders: Igor[Rookie/Idle], Armen[Rookie/Idle], Serhiy[Rookie/Idle], Oleksiy[Rookie/Idle], Andrei[Experienced/CompleteMission:]
[15:17:58] [COMBAT] Viktor Popov 'Mole' killed Bloodsucker using wpn_ak74
[15:17:59] [INBOUND] Initial +3 ctx.Stalkers, +2 mutants (remaining S=1162 M=778)
[15:17:59] [CORPSE] Despawned 13 bodies (lifetime=24)
[15:17:59] [MISSION] Andriy accepted ScoutPoi @ Meadow (160 RU)
[15:17:59] [TASK] Andriy → AcceptMission [ScoutPoi] (goal=AcceptMission)
[15:17:59] [GOAL] Andriy achieved AcceptMission
[15:17:59] [MISSION] Oleksiy accepted ScoutPoi @ Kopachi (196 RU)
[15:17:59] [TASK] Oleksiy → AcceptMission [ScoutPoi] (goal=AcceptMission)
[15:17:59] [GOAL] Oleksiy achieved AcceptMission
[15:17:59] [COMBAT] Nikolai Volkov 'Scar' killed BlindDog using wpn_sg550
[15:18:00] [INBOUND] Initial +2 ctx.Stalkers, +1 mutants (remaining S=1160 M=777)
[15:18:00] [TASK] Sergei → TradeRun [poi_macro_6] (goal=VisitTrader)
[15:18:00] [GOAL] Sergei achieved VisitTrader
[15:18:00] [MISSION] Sergei accepted ScoutPoi @ Garbage (160 RU)
[15:18:00] [TASK] Sergei → AcceptMission [ScoutPoi] (goal=AcceptMission)
[15:18:00] [GOAL] Sergei achieved AcceptMission
[15:18:01] [INBOUND] Initial +2 ctx.Stalkers, +1 mutants (remaining S=1158 M=776)
[15:18:01] [MISSION] Bohdan accepted ScoutPoi @ Chernobyl NPP (190 RU)
[15:18:01] [TASK] Bohdan → AcceptMission [ScoutPoi] (goal=AcceptMission)
[15:18:01] [GOAL] Bohdan achieved AcceptMission
[15:18:02] [INBOUND] Initial +2 ctx.Stalkers, +2 mutants (remaining S=1156 M=774)
[15:18:02] [MISSION] Yuriy accepted ScoutPoi @ Rostok (164 RU)
[15:18:02] [TASK] Yuriy → AcceptMission [ScoutPoi] (goal=AcceptMission)
[15:18:02] [GOAL] Yuriy achieved AcceptMission
[15:18:02] [MISSION] Oleg accepted ScoutPoi @ Zaton (184 RU)
[15:18:02] [TASK] Oleg → AcceptMission [ScoutPoi] (goal=AcceptMission)
[15:18:02] [GOAL] Oleg achieved AcceptMission
[15:18:02] [COMBAT] Oleksiy Bondarenko 'Shadow' killed Rat using wpn_aksu
[15:18:02] [COMBAT] Lasha Bondarenko 'Wolf' killed Rat using wpn_pkm
[15:18:03] [COMBAT] Lasha Melnyk 'Fox' killed Oleksiy Shevchenko 'Stitches' using wpn_aksu
[15:18:03] [GEAR] Lasha looted [wpn_pb, helm_helm_hardhat] via combat
[15:18:03] [INBOUND] Initial +2 ctx.Stalkers, +1 mutants (remaining S=1154 M=773)
[15:18:03] [MISSION] Viktor accepted ScoutPoi @ Meadow (160 RU)
[15:18:03] [TASK] Viktor → AcceptMission [ScoutPoi] (goal=AcceptMission)
[15:18:03] [GOAL] Viktor achieved AcceptMission
[15:18:04] [COMBAT] Alexei Sokolov 'Ghost' killed Fracture using wpn_ak74
[15:18:04] [COMBAT] Bohdan Kovalenko 'Phantom' killed Alexei Popov 'Shadow' using wpn_ak74
[15:18:04] [GEAR] Bohdan looted [wpn_pkm, arm_exo, helm_helm_tactic] via combat
[15:18:04] [COMBAT] Bohdan Ivanov 'Fox' killed Karl Petrenko 'The Nail' using wpn_aksu
[15:18:04] [GEAR] Bohdan looted [out_bandit_ps5_outfit, helm_helm_hardhat] via combat
[15:18:04] [COMBAT] Taras Petrenko 'Shadow' killed BlindDog using wpn_bm16
[15:18:04] [INBOUND] Initial +2 ctx.Stalkers, +2 mutants (remaining S=1152 M=771)
[15:18:05] [MISSION] Marcus accepted ScoutPoi @ Wild Territory (190 RU)
[15:18:05] [TASK] Marcus → AcceptMission [ScoutPoi] (goal=AcceptMission)
[15:18:05] [GOAL] Marcus achieved AcceptMission
[15:18:05] [MISSION] Serhiy accepted ScoutPoi @ Zalissya (184 RU)
[15:18:05] [TASK] Serhiy → AcceptMission [ScoutPoi] (goal=AcceptMission)
[15:18:05] [GOAL] Serhiy achieved AcceptMission
[15:18:05] [COMBAT] Sergei Popov 'Spark' killed Tushkano using wpn_ak74
[15:18:06] [INBOUND] Initial +2 ctx.Stalkers, +1 mutants (remaining S=1150 M=770)
[15:18:06] [MISSION] Andrei accepted ScoutPoi @ Chernobyl NPP (190 RU)
[15:18:06] [TASK] Andrei → AcceptMission [ScoutPoi] (goal=AcceptMission)
[15:18:06] [GOAL] Andrei achieved AcceptMission
[15:18:06] [COMBAT] Bakhyt Popov 'Whisper' killed Serhiy Melnyk 'Jackal' using wpn_fort12
[15:18:06] [GEAR] Bakhyt looted [wpn_ak74, out_stalker_autumn_outfit] via combat
[15:18:06] [RANK] Armen Bondarenko 'Shadow' → Trainee
[15:18:06] [COMBAT] Armen Bondarenko 'Shadow' killed Burer using wpn_ak74
[15:18:07] [COMBAT] Mikhail Petrenko 'Jackal' killed Snork using wpn_ak74m
[15:18:07] [COMBAT] Mykola Petrov 'Bone' killed Snork using wpn_val
[15:18:07] [INBOUND] Initial +2 ctx.Stalkers, +1 mutants (remaining S=1148 M=769)
[15:18:07] [MISSION] Oleksiy accepted ScoutPoi @ Zaton (184 RU)
[15:18:07] [TASK] Oleksiy → AcceptMission [ScoutPoi] (goal=AcceptMission)
[15:18:07] [GOAL] Oleksiy achieved AcceptMission
[15:18:08] [INBOUND] Initial +2 ctx.Stalkers, +2 mutants (remaining S=1146 M=767)
[15:18:08] [MISSION] Armen accepted ScoutPoi @ Cordon (160 RU)
[15:18:08] [TASK] Armen → AcceptMission [ScoutPoi] (goal=AcceptMission)
[15:18:08] [GOAL] Armen achieved AcceptMission
[15:18:08] [MISSION] Sean arrived for ScoutPoi @ Machine Yard (travel=482m, work=216s game)
[15:18:09] [COMBAT] Serhiy Shevchenko 'Shadow' killed Fracture using wpn_fn2000
[15:18:09] [COMBAT] Oleksiy Shevchenko 'Badger' killed Sergei Shevchenko 'Ash' using wpn_mp5
[15:18:09] [INBOUND] Initial +2 ctx.Stalkers, +1 mutants (remaining S=1144 M=766)
[15:18:10] [TASK] Andriy → FulfillMission [ScoutPoi] (goal=CompleteMission)
[15:18:10] [MISSION] Andriy objective done ScoutPoi @ Forgotten Outpost → return to Meadow
[15:18:10] [TASK] Oleksiy → FulfillMission [ScoutPoi] (goal=CompleteMission)
[15:18:10] [MISSION] Oleksiy objective done ScoutPoi @ Sunken Shelter → return to Kopachi
[15:18:10] [TASK] Bohdan → FulfillMission [ScoutPoi] (goal=CompleteMission)
[15:18:10] [MISSION] Bohdan objective done ScoutPoi @ Abandoned Outpost → return to Chernobyl NPP
[15:18:10] [TASK] Yuriy → FulfillMission [ScoutPoi] (goal=CompleteMission)
[15:18:10] [MISSION] Yuriy objective done ScoutPoi @ Southern Watchtower → return to Rostok
[15:18:10] [TASK] Oleg → FulfillMission [ScoutPoi] (goal=CompleteMission)
[15:18:10] [MISSION] Oleg objective done ScoutPoi @ Sunken Outpost → return to Zaton
[15:18:10] [TASK] Viktor → FulfillMission [ScoutPoi] (goal=CompleteMission)
[15:18:10] [MISSION] Viktor objective done ScoutPoi @ Forgotten Outpost → return to Meadow
[15:18:10] [TASK] Marcus → FulfillMission [ScoutPoi] (goal=CompleteMission)
[15:18:10] [MISSION] Marcus objective done ScoutPoi @ Rain Barrel Stop → return to Wild Territory
[15:18:10] [TASK] Andrei → FulfillMission [ScoutPoi] (goal=CompleteMission)
[15:18:10] [MISSION] Andrei objective done ScoutPoi @ Abandoned Outpost → return to Chernobyl NPP
[15:18:10] [TASK] Oleksiy → FulfillMission [ScoutPoi] (goal=CompleteMission)
[15:18:10] [MISSION] Oleksiy objective done ScoutPoi @ Sunken Outpost → return to Zaton
[15:18:10] [TASK] Armen → FulfillMission [ScoutPoi] (goal=CompleteMission)
[15:18:10] [MISSION] Armen objective done ScoutPoi @ Machine Yard → return to Cordon
[15:18:10] [TASK] Andrei → FulfillMission [ScoutPoi] (goal=CompleteMission)
[15:18:10] [MISSION] Andrei objective done ScoutPoi @ Forgotten Outpost → return to Radar (Brain Scorcher)
[15:18:10] [TASK] Oleksiy → FulfillMission [ScoutPoi] (goal=CompleteMission)
[15:18:10] [MISSION] Oleksiy objective done ScoutPoi @ Rain Barrel Stop → return to Wild Territory
[15:18:10] [TASK] Mikhail → FulfillMission [ScoutPoi] (goal=CompleteMission)
[15:18:10] [MISSION] Mikhail objective done ScoutPoi @ Machine Yard → return to Cordon
[15:18:10] [TASK] Ivan → FulfillMission [ScoutPoi] (goal=CompleteMission)
[15:18:10] [MISSION] Ivan objective done ScoutPoi @ Forgotten Outpost → return to Radar (Brain Scorcher)
[15:18:10] [TASK] Mikhail → FulfillMission [ScoutPoi] (goal=CompleteMission)
[15:18:10] [MISSION] Mikhail objective done ScoutPoi @ Forgotten Outpost → return to Radar (Brain Scorcher)
[15:18:10] [TASK] Taras → FulfillMission [ScoutPoi] (goal=CompleteMission)
[15:18:10] [MISSION] Taras objective done ScoutPoi @ Makeshift Outpost → return to Jupiter (Pripyat Industrial)
[15:18:10] [TASK] Lasha → FulfillMission [ScoutPoi] (goal=CompleteMission)
[15:18:10] [MISSION] Lasha objective done ScoutPoi @ Overgrown Bunker → return to Duga Radar
[15:18:10] [TASK] Mikhail → FulfillMission [ScoutPoi] (goal=CompleteMission)
[15:18:10] [MISSION] Mikhail objective done ScoutPoi @ Forgotten Outpost → return to Radar (Brain Scorcher)
[15:18:10] [TASK] Armen → FulfillMission [ScoutPoi] (goal=CompleteMission)
[15:18:10] [MISSION] Armen objective done ScoutPoi @ Rain Barrel Stop → return to Wild Territory
[15:18:10] [TASK] Dmitri → FulfillMission [ScoutPoi] (goal=CompleteMission)
[15:18:10] [MISSION] Dmitri objective done ScoutPoi @ Rain Barrel Stop → return to Wild Territory
[15:18:10] [TASK] Sergei → FulfillMission [ScoutPoi] (goal=CompleteMission)
[15:18:10] [MISSION] Sergei objective done ScoutPoi @ Abandoned Outpost → return to Chernobyl NPP
[15:18:10] [TASK] Bakhyt → FulfillMission [ScoutPoi] (goal=CompleteMission)
[15:18:10] [MISSION] Bakhyt objective done ScoutPoi @ Hidden Cairn → return to Dark Valley
[15:18:10] [TASK] Ivan → FulfillMission [ScoutPoi] (goal=CompleteMission)
[15:18:10] [MISSION] Ivan objective done ScoutPoi @ Sunken Shack → return to Yantar
[15:18:10] [TASK] Andrei → FulfillMission [ScoutPoi] (goal=CompleteMission)
[15:18:10] [MISSION] Andrei objective done ScoutPoi @ Machine Yard → return to Cordon
[15:18:10] [TASK] Sean → FulfillMission [ScoutPoi] (goal=CompleteMission)
[15:18:10] [MISSION] Sean objective done ScoutPoi @ Machine Yard → return to Cordon
[15:18:10] [TASK] Nikolai → FulfillMission [ScoutPoi] (goal=CompleteMission)
[15:18:10] [MISSION] Nikolai objective done ScoutPoi @ Pump Station → return to Agroprom
[15:18:10] [TASK] Bohdan → FulfillMission [ScoutPoi] (goal=CompleteMission)
[15:18:10] [MISSION] Bohdan objective done ScoutPoi @ Machine Yard → return to Cordon
[15:18:10] [TASK] Oleksiy → FulfillMission [ScoutPoi] (goal=CompleteMission)
[15:18:10] [MISSION] Oleksiy objective done ScoutPoi @ Abandoned Outpost → return to Limansk
[15:18:10] [TASK] Sean → FulfillMission [ScoutPoi] (goal=CompleteMission)
[15:18:10] [MISSION] Sean objective done ScoutPoi @ Cordon → return to Dead City (Chernobyl-2 Settlement)
[15:18:10] [TASK] Dmitri → FulfillMission [ScoutPoi] (goal=CompleteMission)
[15:18:10] [MISSION] Dmitri objective done ScoutPoi @ Pump Station → return to Agroprom
[15:18:10] [TASK] Zura → FulfillMission [ScoutPoi] (goal=CompleteMission)
[15:18:10] [MISSION] Zura objective done ScoutPoi @ Sunken Shelter → return to Kopachi
[15:18:10] [TASK] Karl → FulfillMission [ScoutPoi] (goal=CompleteMission)
[15:18:10] [MISSION] Karl objective done ScoutPoi @ Cordon → return to Dead City (Chernobyl-2 Settlement)
[15:18:11] [INBOUND] Initial +2 ctx.Stalkers, +2 mutants (remaining S=1142 M=764)
[15:18:11] [CORPSE] Despawned 6 bodies (lifetime=30)
[15:18:11] [TASK] Andrei → TurnInMission [ScoutPoi] (goal=CompleteMission)
[15:18:11] [MISSION] Andrei turned in ScoutPoi @ Radar (Brain Scorcher) (+176 RU)
[15:18:11] [GOAL] Andrei achieved CompleteMission
[15:18:11] [TASK] Oleksiy → TurnInMission [ScoutPoi] (goal=CompleteMission)
[15:18:11] [MISSION] Oleksiy turned in ScoutPoi @ Wild Territory (+190 RU)
[15:18:11] [GOAL] Oleksiy achieved CompleteMission
[15:18:11] [TASK] Ivan → TurnInMission [ScoutPoi] (goal=CompleteMission)
[15:18:11] [MISSION] Ivan turned in ScoutPoi @ Radar (Brain Scorcher) (+176 RU)
[15:18:11] [GOAL] Ivan achieved CompleteMission
[15:18:11] [TASK] Mikhail → TurnInMission [ScoutPoi] (goal=CompleteMission)
[15:18:11] [MISSION] Mikhail turned in ScoutPoi @ Radar (Brain Scorcher) (+176 RU)
[15:18:11] [GOAL] Mikhail achieved CompleteMission
[15:18:11] [TASK] Taras → TurnInMission [ScoutPoi] (goal=CompleteMission)
[15:18:11] [MISSION] Taras turned in ScoutPoi @ Jupiter (Pripyat Industrial) (+190 RU)
[15:18:11] [GOAL] Taras achieved CompleteMission
[15:18:11] [TASK] Lasha → TurnInMission [ScoutPoi] (goal=CompleteMission)
[15:18:11] [MISSION] Lasha turned in ScoutPoi @ Duga Radar (+160 RU)
[15:18:11] [GOAL] Lasha achieved CompleteMission
[15:18:11] [TASK] Mikhail → TurnInMission [ScoutPoi] (goal=CompleteMission)
[15:18:11] [MISSION] Mikhail turned in ScoutPoi @ Radar (Brain Scorcher) (+176 RU)
[15:18:11] [GOAL] Mikhail achieved CompleteMission
[15:18:11] [TASK] Armen → TurnInMission [ScoutPoi] (goal=CompleteMission)
[15:18:11] [MISSION] Armen turned in ScoutPoi @ Wild Territory (+190 RU)
[15:18:11] [GOAL] Armen achieved CompleteMission
[15:18:11] [TASK] Dmitri → TurnInMission [ScoutPoi] (goal=CompleteMission)
[15:18:11] [MISSION] Dmitri turned in ScoutPoi @ Wild Territory (+190 RU)
[15:18:11] [GOAL] Dmitri achieved CompleteMission
[15:18:11] [TASK] Oleg → TurnInMission [ScoutPoi] (goal=CompleteMission)
[15:18:11] [MISSION] Oleg turned in ScoutPoi @ Zaton (+184 RU)
[15:18:11] [GOAL] Oleg achieved CompleteMission
[15:18:11] [TASK] Marcus → TurnInMission [ScoutPoi] (goal=CompleteMission)
[15:18:11] [MISSION] Marcus turned in ScoutPoi @ Wild Territory (+190 RU)
[15:18:11] [GOAL] Marcus achieved CompleteMission
[15:18:11] [TASK] Andrei → TurnInMission [ScoutPoi] (goal=CompleteMission)
[15:18:11] [MISSION] Andrei turned in ScoutPoi @ Chernobyl NPP (+190 RU)
[15:18:11] [GOAL] Andrei achieved CompleteMission
[15:18:11] [TASK] Oleksiy → TurnInMission [ScoutPoi] (goal=CompleteMission)
[15:18:11] [MISSION] Oleksiy turned in ScoutPoi @ Zaton (+184 RU)
[15:18:11] [GOAL] Oleksiy achieved CompleteMission
[15:18:11] [TASK] Armen → TurnInMission [ScoutPoi] (goal=CompleteMission)
[15:18:11] [MISSION] Armen turned in ScoutPoi @ Cordon (+160 RU)
[15:18:11] [GOAL] Armen achieved CompleteMission
[15:18:11] [MISSION] Andrei accepted ScoutPoi @ Radar (Brain Scorcher) (176 RU)
[15:18:11] [TASK] Andrei → AcceptMission [ScoutPoi] (goal=AcceptMission)
[15:18:11] [GOAL] Andrei achieved AcceptMission
[15:18:11] [MISSION] Oleksiy accepted ScoutPoi @ Wild Territory (190 RU)
[15:18:11] [TASK] Oleksiy → AcceptMission [ScoutPoi] (goal=AcceptMission)
[15:18:11] [GOAL] Oleksiy achieved AcceptMission
[15:18:11] [MISSION] Ivan accepted ScoutPoi @ Radar (Brain Scorcher) (176 RU)
[15:18:11] [TASK] Ivan → AcceptMission [ScoutPoi] (goal=AcceptMission)
[15:18:11] [GOAL] Ivan achieved AcceptMission
[15:18:11] [MISSION] Mikhail accepted ScoutPoi @ Radar (Brain Scorcher) (176 RU)
[15:18:11] [TASK] Mikhail → AcceptMission [ScoutPoi] (goal=AcceptMission)
[15:18:11] [GOAL] Mikhail achieved AcceptMission
[15:18:11] [MISSION] Taras accepted ScoutPoi @ Jupiter (Pripyat Industrial) (190 RU)
[15:18:11] [TASK] Taras → AcceptMission [ScoutPoi] (goal=AcceptMission)
[15:18:11] [GOAL] Taras achieved AcceptMission
[15:18:11] [MISSION] Lasha accepted ScoutPoi @ Duga Radar (160 RU)
[15:18:11] [TASK] Lasha → AcceptMission [ScoutPoi] (goal=AcceptMission)
[15:18:11] [GOAL] Lasha achieved AcceptMission
[15:18:11] [MISSION] Mikhail accepted ScoutPoi @ Radar (Brain Scorcher) (176 RU)
[15:18:11] [TASK] Mikhail → AcceptMission [ScoutPoi] (goal=AcceptMission)
[15:18:11] [GOAL] Mikhail achieved AcceptMission
[15:18:11] [MISSION] Armen accepted ScoutPoi @ Wild Territory (190 RU)
[15:18:11] [TASK] Armen → AcceptMission [ScoutPoi] (goal=AcceptMission)
[15:18:11] [GOAL] Armen achieved AcceptMission
[15:18:11] [MISSION] Dmitri accepted ScoutPoi @ Wild Territory (190 RU)
[15:18:11] [TASK] Dmitri → AcceptMission [ScoutPoi] (goal=AcceptMission)
[15:18:11] [GOAL] Dmitri achieved AcceptMission
[15:18:11] [MISSION] Oleg accepted ScoutPoi @ Zaton (184 RU)
[15:18:11] [TASK] Oleg → AcceptMission [ScoutPoi] (goal=AcceptMission)
[15:18:11] [GOAL] Oleg achieved AcceptMission
[15:18:11] [MISSION] Marcus accepted ScoutPoi @ Wild Territory (190 RU)
[15:18:11] [TASK] Marcus → AcceptMission [ScoutPoi] (goal=AcceptMission)
[15:18:11] [GOAL] Marcus achieved AcceptMission
[15:18:11] [MISSION] Andrei accepted ScoutPoi @ Chernobyl NPP (190 RU)
[15:18:11] [TASK] Andrei → AcceptMission [ScoutPoi] (goal=AcceptMission)
[15:18:11] [GOAL] Andrei achieved AcceptMission
[15:18:11] [MISSION] Oleksiy accepted ScoutPoi @ Zaton (184 RU)
[15:18:11] [TASK] Oleksiy → AcceptMission [ScoutPoi] (goal=AcceptMission)
[15:18:11] [GOAL] Oleksiy achieved AcceptMission
[15:18:11] [MISSION] Armen accepted ScoutPoi @ Cordon (160 RU)
[15:18:11] [TASK] Armen → AcceptMission [ScoutPoi] (goal=AcceptMission)
[15:18:11] [GOAL] Armen achieved AcceptMission
[15:18:12] [COMBAT] Karl Sokolov 'Viper' killed Rat using wpn_rpg7
[15:18:13] [COMBAT] Igor Sokolov 'Phantom' killed Lurker using wpn_ak74
[15:18:13] [INBOUND] Initial +2 ctx.Stalkers, +1 mutants (remaining S=1140 M=763)
[15:18:13] [MISSION] Dmytro accepted ScoutPoi @ Radar (Brain Scorcher) (176 RU)
[15:18:13] [TASK] Dmytro → AcceptMission [ScoutPoi] (goal=AcceptMission)
[15:18:13] [GOAL] Dmytro achieved AcceptMission
[15:18:14] [COMBAT] Taras Petrenko 'Shadow' killed Flesh using wpn_bm16
[15:18:14] [TASK] Bohdan → TradeRun [poi_macro_12] (goal=VisitTrader)
[15:18:14] [GOAL] Bohdan achieved VisitTrader
[15:18:15] [INBOUND] Initial +2 ctx.Stalkers, +1 mutants (remaining S=1138 M=762)
[15:18:15] [MISSION] Igor accepted ScoutPoi @ Yantar (190 RU)
[15:18:15] [TASK] Igor → AcceptMission [ScoutPoi] (goal=AcceptMission)
[15:18:15] [GOAL] Igor achieved AcceptMission
[15:18:15] [TASK] Bohdan → TradeRun [poi_macro_12] (goal=VisitTrader)
[15:18:15] [GOAL] Bohdan achieved VisitTrader
[15:18:15] [MISSION] Bohdan accepted ScoutPoi @ Radar (Brain Scorcher) (176 RU)
[15:18:15] [TASK] Bohdan → AcceptMission [ScoutPoi] (goal=AcceptMission)
[15:18:15] [GOAL] Bohdan achieved AcceptMission
[15:18:16] [INBOUND] Initial +2 ctx.Stalkers, +2 mutants (remaining S=1136 M=760)
[15:18:16] [MISSION] Yuriy accepted ScoutPoi @ Zaton (184 RU)
[15:18:16] [TASK] Yuriy → AcceptMission [ScoutPoi] (goal=AcceptMission)
[15:18:16] [GOAL] Yuriy achieved AcceptMission
[15:18:16] [COMBAT] Karl Shevchenko 'The Butcher' killed Snork using wpn_rg6
[15:18:17] [COMBAT] Oleg Shevchenko 'Viper' killed Pseudodog using wpn_ak74m
[15:18:17] [INBOUND] Initial +3 ctx.Stalkers, +1 mutants (remaining S=1133 M=759)
[15:18:17] [MISSION] Bohdan accepted ScoutPoi @ Garbage (160 RU)
[15:18:17] [TASK] Bohdan → AcceptMission [ScoutPoi] (goal=AcceptMission)
[15:18:17] [GOAL] Bohdan achieved AcceptMission
[15:18:18] [COMBAT] Taras Petrov 'Shadow' killed Fracture using wpn_fn2000
[15:18:19] [INBOUND] Initial +2 ctx.Stalkers, +2 mutants (remaining S=1131 M=757)
[15:18:20] [INBOUND] Initial +2 ctx.Stalkers, +1 mutants (remaining S=1129 M=756)
[15:18:20] [MISSION] Ivan accepted ScoutPoi @ Cordon (160 RU)
[15:18:20] [TASK] Ivan → AcceptMission [ScoutPoi] (goal=AcceptMission)
[15:18:20] [GOAL] Ivan achieved AcceptMission
[15:18:20] [COMBAT] Andriy Ivanov 'Stitch' killed Flesh using wpn_gauss
[15:18:21] [COMBAT] Alexei Bondarenko 'Mole' killed Bohdan Petrenko 'Spark' using wpn_mp5
[15:18:21] [GEAR] Alexei looted [helm_bandana] via combat
[15:18:21] [MISSION] Andriy accepted ScoutPoi @ Garbage (160 RU)
[15:18:21] [TASK] Andriy → AcceptMission [ScoutPoi] (goal=AcceptMission)
[15:18:21] [GOAL] Andriy achieved AcceptMission
[15:18:21] [INBOUND] Initial +2 ctx.Stalkers, +1 mutants (remaining S=1127 M=755)
[15:18:21] [MISSION] Frank accepted ScoutPoi @ Dead City (Chernobyl-2 Settlement) (164 RU)
[15:18:21] [TASK] Frank → AcceptMission [ScoutPoi] (goal=AcceptMission)
[15:18:21] [GOAL] Frank achieved AcceptMission
[15:18:22] [TASK] Oleksiy → TradeRun [poi_macro_6] (goal=VisitTrader)
[15:18:22] [GOAL] Oleksiy achieved VisitTrader
[15:18:22] [MISSION] Oleksiy accepted ScoutPoi @ Garbage (160 RU)
[15:18:22] [TASK] Oleksiy → AcceptMission [ScoutPoi] (goal=AcceptMission)
[15:18:22] [GOAL] Oleksiy achieved AcceptMission
[15:18:22] [INBOUND] Initial +2 ctx.Stalkers, +2 mutants (remaining S=1125 M=753)
[15:18:22] [COMBAT] Lasha Bondarenko 'Wolf' killed Bloodsucker using wpn_pkm
[15:18:23] [MISSION] Ivan accepted ScoutPoi @ Chernobyl NPP (190 RU)
[15:18:23] [TASK] Ivan → AcceptMission [ScoutPoi] (goal=AcceptMission)
[15:18:23] [GOAL] Ivan achieved AcceptMission
[15:18:23] [COMBAT] Serhiy Bondarenko 'Razor' killed Burer using wpn_pkm
[15:18:23] [COMBAT] Mikhail Bondarenko 'Badger' killed Dmytro Bondarenko 'Razor' using wpn_pkm
[15:18:23] [GEAR] Mikhail looted [wpn_sg550, arm_exo, helm_helm_metro] via combat
[15:18:24] [INBOUND] Initial +2 ctx.Stalkers, +1 mutants (remaining S=1123 M=752)
[15:18:24] [MISSION] Dmytro accepted ScoutPoi @ Zaton (184 RU)
[15:18:24] [TASK] Dmytro → AcceptMission [ScoutPoi] (goal=AcceptMission)
[15:18:24] [GOAL] Dmytro achieved AcceptMission
[15:18:24] [COMBAT] Igor Sokolov 'Bullet' killed Andriy Shevchenko 'One-Eye' using wpn_val
[15:18:24] [COMBAT] Igor Sokolov 'Phantom' killed Dmytro Shevchenko 'Wolf' using wpn_ak74
[15:18:24] [GEAR] Igor looted [wpn_sg550, wpn_mp5] via combat
[15:18:25] [INBOUND] Initial +2 ctx.Stalkers, +1 mutants (remaining S=1121 M=751)
[15:18:25] [CORPSE] Despawned 11 bodies (lifetime=41)
[15:18:25] [MISSION] Yuriy accepted ScoutPoi @ Rostok (164 RU)
[15:18:25] [TASK] Yuriy → AcceptMission [ScoutPoi] (goal=AcceptMission)
[15:18:25] [GOAL] Yuriy achieved AcceptMission
[15:18:26] [INBOUND] Initial +2 ctx.Stalkers, +2 mutants (remaining S=1119 M=749)
[15:18:26] [MISSION] Karl accepted ScoutPoi @ Yantar (190 RU)
[15:18:26] [TASK] Karl → AcceptMission [ScoutPoi] (goal=AcceptMission)
[15:18:26] [GOAL] Karl achieved AcceptMission
[15:18:27] [COMBAT] Sergei Kovalenko 'Raven' killed Poltergeist using wpn_mp5
[15:18:28] [INBOUND] Initial +2 ctx.Stalkers, +1 mutants (remaining S=1117 M=748)
[15:18:28] [SNAPSHOT] real=3.6min game=D0 00:18 alive S=157 M=136 corpses=385 lootable=190 gammaGear out=79 helm=138 avgRU=893 leaderGoals trade=0 mission=23 emission=Dormant nextIn=58gmin desperate=0 hungry=0 interval deaths=38 combats=59 tasks=89 gearLoot=7 gearBuy=0 missions=53 corpseDespawn=30 trickleSpawns=0 ranks=[Rookie:148,Trainee:2,Experienced:4,Professional:3] goals=[Idle:50,CompleteMission::22,Traveling:17,AcceptMission::1] leaders: Igor[Rookie/Idle], Armen[Rookie/Idle], Serhiy[Rookie/Idle], Oleksiy[Rookie/Idle], Andrei[Professional/CompleteMission:]
[15:18:28] [MISSION] Serhiy accepted ScoutPoi @ Zalissya (184 RU)
[15:18:28] [TASK] Serhiy → AcceptMission [ScoutPoi] (goal=AcceptMission)
[15:18:28] [GOAL] Serhiy achieved AcceptMission
[15:18:28] [COMBAT] Mykola Petrov 'Shadow' killed Pseudogiant using wpn_pkm
[15:18:29] [INBOUND] Initial +2 ctx.Stalkers, +2 mutants (remaining S=1115 M=746)
[15:18:29] [MISSION] Viktor accepted ScoutPoi @ Chernobyl NPP (190 RU)
[15:18:29] [TASK] Viktor → AcceptMission [ScoutPoi] (goal=AcceptMission)
[15:18:29] [GOAL] Viktor achieved AcceptMission
[15:18:29] [COMBAT] Bakhyt Popov 'Whisper' killed Chimera using wpn_ak74
[15:18:30] [COMBAT] Yuriy Popov 'The Rat' killed Oleksiy Melnyk 'Ash' using wpn_bm16
[15:18:30] [GEAR] Yuriy looted [wpn_mp5, out_wastelander_outfit] via combat
[15:18:30] [INBOUND] Initial +2 ctx.Stalkers, +1 mutants (remaining S=1113 M=745)
[15:18:30] [MISSION] Nikolai accepted ScoutPoi @ Zaton (184 RU)
[15:18:30] [TASK] Nikolai → AcceptMission [ScoutPoi] (goal=AcceptMission)
[15:18:30] [GOAL] Nikolai achieved AcceptMission
[15:18:30] [MISSION] Ivan accepted ScoutPoi @ Great Swamps (164 RU)
[15:18:30] [TASK] Ivan → AcceptMission [ScoutPoi] (goal=AcceptMission)
[15:18:30] [GOAL] Ivan achieved AcceptMission
[15:18:30] [COMBAT] Viktor Ivanov 'Shadow' killed Serhiy Bondarenko 'Razor' using wpn_pkm
[15:18:30] [GEAR] Viktor looted [helm_helm_exo] via combat
[15:18:30] [COMBAT] Taras Petrenko 'Lucky' killed Igor Melnyk 'Wolf' using wpn_rg6
[15:18:30] [COMBAT] Nikolai Bondarenko 'Bone' killed Controller using wpn_pm
[15:18:31] [INBOUND] Initial +2 ctx.Stalkers, +1 mutants (remaining S=1111 M=744)
[15:18:31] [MISSION] Oleg accepted ScoutPoi @ Jupiter (Pripyat Industrial) (190 RU)
[15:18:31] [TASK] Oleg → AcceptMission [ScoutPoi] (goal=AcceptMission)
[15:18:31] [GOAL] Oleg achieved AcceptMission
[15:18:33] [INBOUND] Initial +2 ctx.Stalkers, +2 mutants (remaining S=1109 M=742)
[15:18:33] [MISSION] Alexei accepted ScoutPoi @ Great Swamps (164 RU)
[15:18:33] [TASK] Alexei → AcceptMission [ScoutPoi] (goal=AcceptMission)
[15:18:33] [GOAL] Alexei achieved AcceptMission
[15:18:33] [COMBAT] Dmitri Melnyk 'Spark' killed Mykola Melnyk 'Wolf' using wpn_svd
[15:18:33] [RANK] Bohdan Kovalenko 'Shadow' → Trainee
[15:18:33] [COMBAT] Karl Shevchenko 'The Butcher' killed Yuriy Popov 'Razor' using wpn_rg6
[15:18:33] [GEAR] Karl looted [wpn_mp5, arm_duty] via combat
[15:18:33] [MISSION] Vasyl accepted ScoutPoi @ Rostok (164 RU)
[15:18:33] [TASK] Vasyl → AcceptMission [ScoutPoi] (goal=AcceptMission)
[15:18:33] [GOAL] Vasyl achieved AcceptMission
[15:18:34] [INBOUND] Initial +3 ctx.Stalkers, +1 mutants (remaining S=1106 M=741)
[15:18:34] [MISSION] Pavel accepted ScoutPoi @ Chernobyl Town (160 RU)
[15:18:34] [TASK] Pavel → AcceptMission [ScoutPoi] (goal=AcceptMission)
[15:18:34] [GOAL] Pavel achieved AcceptMission
[15:18:34] [COMBAT] Alexei Bondarenko 'Ghost' killed Lurker using wpn_pkm
[15:18:35] [INBOUND] Initial +2 ctx.Stalkers, +2 mutants (remaining S=1104 M=739)
[15:18:35] [MISSION] Tobias accepted ScoutPoi @ Zaton (184 RU)
[15:18:35] [TASK] Tobias → AcceptMission [ScoutPoi] (goal=AcceptMission)
[15:18:35] [GOAL] Tobias achieved AcceptMission
[15:18:36] [COMBAT] Taras Petrenko 'Shadow' killed Bloodsucker using wpn_bm16
[15:18:36] [INBOUND] Initial +2 ctx.Stalkers, +1 mutants (remaining S=1102 M=738)
[15:18:36] [MISSION] Alexei accepted ScoutPoi @ Chernobyl Town (160 RU)
[15:18:36] [TASK] Alexei → AcceptMission [ScoutPoi] (goal=AcceptMission)
[15:18:36] [GOAL] Alexei achieved AcceptMission
[15:18:37] [COMBAT] Dmitri Volkov 'Shadow' killed Controller using wpn_pkm
[15:18:37] [COMBAT] Karl Volkov 'Badger' killed Fracture using wpn_aksu
[15:18:37] [COMBAT] Andriy Shevchenko 'Stitch' killed Controller using wpn_pkm
[15:18:37] [COMBAT] Ivan Melnyk 'Ash' killed Alexei Sokolov 'Badger' using wpn_vintorez
[15:18:37] [GEAR] Ivan looted [out_merc_exolight_outfit] via combat
[15:18:38] [INBOUND] Initial +2 ctx.Stalkers, +1 mutants (remaining S=1100 M=737)
[15:18:38] [CORPSE] Despawned 21 bodies (lifetime=62)
[15:18:38] [MISSION] Lars accepted ScoutPoi @ Yantar (190 RU)
[15:18:38] [TASK] Lars → AcceptMission [ScoutPoi] (goal=AcceptMission)
[15:18:38] [GOAL] Lars achieved AcceptMission
[15:18:38] [COMBAT] Nodar Popov 'Razor' killed Snork using wpn_ak74
[15:18:39] [INBOUND] Initial +2 ctx.Stalkers, +2 mutants (remaining S=1098 M=735)
[15:18:39] [COMBAT] Andrei Kovalenko 'Jackal' killed Fracture using wpn_fort12
[15:18:40] [INBOUND] Initial +2 ctx.Stalkers, +1 mutants (remaining S=1096 M=734)
[15:18:40] [MISSION] Taras accepted ScoutPoi @ Kopachi (196 RU)
[15:18:40] [TASK] Taras → AcceptMission [ScoutPoi] (goal=AcceptMission)
[15:18:40] [GOAL] Taras achieved AcceptMission
[15:18:40] [COMBAT] Sergei Petrov 'Spark' killed PsyDog using wpn_fn2000
[15:18:41] [INBOUND] Initial +2 ctx.Stalkers, +2 mutants (remaining S=1094 M=732)
[15:18:41] [RANK] Mykola Petrov 'Mole' → Trainee
[15:18:41] [COMBAT] Mykola Petrov 'Mole' killed BlindDog using wpn_ak74
[15:18:41] [MISSION] Sergei accepted ScoutPoi @ Chernobyl NPP (190 RU)
[15:18:41] [TASK] Sergei → AcceptMission [ScoutPoi] (goal=AcceptMission)
[15:18:41] [GOAL] Sergei achieved AcceptMission
[15:18:42] [INBOUND] Initial +2 ctx.Stalkers, +1 mutants (remaining S=1092 M=731)
[15:18:42] [MISSION] Oleg accepted ScoutPoi @ Cordon (160 RU)
[15:18:42] [TASK] Oleg → AcceptMission [ScoutPoi] (goal=AcceptMission)
[15:18:42] [GOAL] Oleg achieved AcceptMission
[15:18:44] [INBOUND] Initial +2 ctx.Stalkers, +1 mutants (remaining S=1090 M=730)
[15:18:44] [MISSION] Ivan accepted ScoutPoi @ Limansk (190 RU)
[15:18:44] [TASK] Ivan → AcceptMission [ScoutPoi] (goal=AcceptMission)
[15:18:44] [GOAL] Ivan achieved AcceptMission
[15:18:44] [MISSION] Vasyl accepted ScoutPoi @ Zaton (184 RU)
[15:18:44] [TASK] Vasyl → AcceptMission [ScoutPoi] (goal=AcceptMission)
[15:18:44] [GOAL] Vasyl achieved AcceptMission
[15:18:44] [RANK] Heinrich Volkov 'Ash' → Trainee
[15:18:44] [COMBAT] Heinrich Volkov 'Ash' killed Fracture using wpn_rpg7
[15:18:45] [COMBAT] Dmitri Petrov 'Shadow' killed Snork using wpn_pkm
[15:18:45] [INBOUND] Initial +2 ctx.Stalkers, +2 mutants (remaining S=1088 M=728)
[15:18:45] [MISSION] Mikhail accepted ScoutPoi @ Army Warehouses (160 RU)
[15:18:45] [TASK] Mikhail → AcceptMission [ScoutPoi] (goal=AcceptMission)
[15:18:45] [GOAL] Mikhail achieved AcceptMission
[15:18:45] [TASK] Sergei → TradeRun [poi_macro_9] (goal=VisitTrader)
[15:18:45] [GOAL] Sergei achieved VisitTrader
[15:18:45] [MISSION] Sergei accepted ScoutPoi @ Zalissya (184 RU)
[15:18:45] [TASK] Sergei → AcceptMission [ScoutPoi] (goal=AcceptMission)
[15:18:45] [GOAL] Sergei achieved AcceptMission
[15:18:46] [INBOUND] Initial +2 ctx.Stalkers, +1 mutants (remaining S=1086 M=727)
[15:18:46] [MISSION] Alibek accepted ScoutPoi @ Chernobyl NPP (190 RU)
[15:18:46] [TASK] Alibek → AcceptMission [ScoutPoi] (goal=AcceptMission)
[15:18:46] [GOAL] Alibek achieved AcceptMission
[15:18:46] [MISSION] Pavel accepted ScoutPoi @ Kopachi (196 RU)
[15:18:46] [TASK] Pavel → AcceptMission [ScoutPoi] (goal=AcceptMission)
[15:18:46] [GOAL] Pavel achieved AcceptMission
[15:18:46] [COMBAT] Oleg Kovalenko 'Mole' killed Bloodsucker using wpn_mp5
[15:18:47] [MISSION] Dmitri accepted ScoutPoi @ Chernobyl Town (160 RU)
[15:18:47] [TASK] Dmitri → AcceptMission [ScoutPoi] (goal=AcceptMission)
[15:18:47] [GOAL] Dmitri achieved AcceptMission
[15:18:47] [INBOUND] Initial +2 ctx.Stalkers, +1 mutants (remaining S=1084 M=726)
[15:18:47] [MISSION] Yuriy accepted ScoutPoi @ Agroprom (160 RU)
[15:18:47] [TASK] Yuriy → AcceptMission [ScoutPoi] (goal=AcceptMission)
[15:18:47] [GOAL] Yuriy achieved AcceptMission
[15:18:48] [MISSION] Ivan arrived for ScoutPoi @ Machine Yard (travel=494m, work=216s game)
[15:18:48] [COMBAT] Igor Volkov 'Razor' killed Boar using wpn_fn2000
[15:18:48] [INBOUND] Initial +2 ctx.Stalkers, +2 mutants (remaining S=1082 M=724)
[15:18:48] [TASK] Taras → TradeRun [poi_macro_5] (goal=VisitTrader)
[15:18:48] [GOAL] Taras achieved VisitTrader
[15:18:48] [MISSION] Armen accepted ScoutPoi @ Chernobyl NPP (190 RU)
[15:18:48] [TASK] Armen → AcceptMission [ScoutPoi] (goal=AcceptMission)
[15:18:48] [GOAL] Armen achieved AcceptMission
[15:18:49] [MISSION] Taras accepted ScoutPoi @ Zalissya (184 RU)
[15:18:49] [TASK] Taras → AcceptMission [ScoutPoi] (goal=AcceptMission)
[15:18:49] [GOAL] Taras achieved AcceptMission
[15:18:49] [MISSION] Ivan arrived for ScoutPoi @ Machine Yard (travel=494m, work=216s game)
[15:18:49] [COMBAT] Viktor Ivanov 'Shadow' killed Bloodsucker using wpn_pkm
[15:18:49] [COMBAT] Yuriy Popov 'The Rat' killed Nikolai Bondarenko 'Bone' using wpn_mp5
[15:18:50] [INBOUND] Initial +3 ctx.Stalkers, +1 mutants (remaining S=1079 M=723)
[15:18:50] [CORPSE] Despawned 12 bodies (lifetime=74)
[15:18:50] [TASK] Alibek → FulfillMission [ScoutPoi] (goal=CompleteMission)
[15:18:50] [MISSION] Alibek objective done ScoutPoi @ Abandoned Outpost → return to Chernobyl NPP
[15:18:50] [TASK] Pavel → FulfillMission [ScoutPoi] (goal=CompleteMission)
[15:18:50] [MISSION] Pavel objective done ScoutPoi @ Sunken Shelter → return to Kopachi
[15:18:50] [TASK] Yuriy → FulfillMission [ScoutPoi] (goal=CompleteMission)
[15:18:50] [MISSION] Yuriy objective done ScoutPoi @ Pump Station → return to Agroprom
[15:18:50] [TASK] Armen → FulfillMission [ScoutPoi] (goal=CompleteMission)
[15:18:50] [MISSION] Armen objective done ScoutPoi @ Abandoned Outpost → return to Chernobyl NPP
[15:18:50] [TASK] Andrei → FulfillMission [ScoutPoi] (goal=CompleteMission)
[15:18:50] [MISSION] Andrei objective done ScoutPoi @ Forgotten Outpost → return to Radar (Brain Scorcher)
[15:18:50] [TASK] Ivan → FulfillMission [ScoutPoi] (goal=CompleteMission)
[15:18:50] [MISSION] Ivan objective done ScoutPoi @ Forgotten Outpost → return to Radar (Brain Scorcher)
[15:18:50] [TASK] Mikhail → FulfillMission [ScoutPoi] (goal=CompleteMission)
[15:18:50] [MISSION] Mikhail objective done ScoutPoi @ Forgotten Outpost → return to Radar (Brain Scorcher)
[15:18:50] [TASK] Taras → FulfillMission [ScoutPoi] (goal=CompleteMission)
[15:18:50] [MISSION] Taras objective done ScoutPoi @ Makeshift Outpost → return to Jupiter (Pripyat Industrial)
[15:18:50] [TASK] Lasha → FulfillMission [ScoutPoi] (goal=CompleteMission)
[15:18:50] [MISSION] Lasha objective done ScoutPoi @ Overgrown Bunker → return to Duga Radar
[15:18:50] [TASK] Mikhail → FulfillMission [ScoutPoi] (goal=CompleteMission)
[15:18:50] [MISSION] Mikhail objective done ScoutPoi @ Forgotten Outpost → return to Radar (Brain Scorcher)
[15:18:50] [TASK] Armen → FulfillMission [ScoutPoi] (goal=CompleteMission)
[15:18:50] [MISSION] Armen objective done ScoutPoi @ Rain Barrel Stop → return to Wild Territory
[15:18:50] [TASK] Dmitri → FulfillMission [ScoutPoi] (goal=CompleteMission)
[15:18:50] [MISSION] Dmitri objective done ScoutPoi @ Rain Barrel Stop → return to Wild Territory
[15:18:50] [TASK] Oleg → FulfillMission [ScoutPoi] (goal=CompleteMission)
[15:18:50] [MISSION] Oleg objective done ScoutPoi @ Sunken Outpost → return to Zaton
[15:18:50] [TASK] Andrei → FulfillMission [ScoutPoi] (goal=CompleteMission)
[15:18:50] [MISSION] Andrei objective done ScoutPoi @ Abandoned Outpost → return to Chernobyl NPP
[15:18:50] [TASK] Dmytro → FulfillMission [ScoutPoi] (goal=CompleteMission)
[15:18:50] [MISSION] Dmytro objective done ScoutPoi @ Forgotten Outpost → return to Radar (Brain Scorcher)
[15:18:50] [TASK] Igor → FulfillMission [ScoutPoi] (goal=CompleteMission)
[15:18:50] [MISSION] Igor objective done ScoutPoi @ Sunken Shack → return to Yantar
[15:18:50] [TASK] Yuriy → FulfillMission [ScoutPoi] (goal=CompleteMission)
[15:18:50] [MISSION] Yuriy objective done ScoutPoi @ Sunken Outpost → return to Zaton
[15:18:50] [TASK] Ivan → FulfillMission [ScoutPoi] (goal=CompleteMission)
[15:18:50] [MISSION] Ivan objective done ScoutPoi @ Machine Yard → return to Cordon
[15:18:50] [TASK] Frank → FulfillMission [ScoutPoi] (goal=CompleteMission)
[15:18:50] [MISSION] Frank objective done ScoutPoi @ Cordon → return to Dead City (Chernobyl-2 Settlement)
[15:18:50] [TASK] Serhiy → FulfillMission [ScoutPoi] (goal=CompleteMission)
[15:18:50] [MISSION] Serhiy objective done ScoutPoi @ Mutant Den #0 near Rostok → return to Zalissya
[15:18:50] [TASK] Viktor → FulfillMission [ScoutPoi] (goal=CompleteMission)
[15:18:50] [MISSION] Viktor objective done ScoutPoi @ Abandoned Outpost → return to Chernobyl NPP
[15:18:50] [TASK] Ivan → FulfillMission [ScoutPoi] (goal=CompleteMission)
[15:18:50] [MISSION] Ivan objective done ScoutPoi @ Cordon → return to Great Swamps
[15:18:50] [TASK] Oleg → FulfillMission [ScoutPoi] (goal=CompleteMission)
[15:18:50] [MISSION] Oleg objective done ScoutPoi @ Makeshift Outpost → return to Jupiter (Pripyat Industrial)
[15:18:50] [TASK] Alexei → FulfillMission [ScoutPoi] (goal=CompleteMission)
[15:18:50] [MISSION] Alexei objective done ScoutPoi @ Cordon → return to Great Swamps
[15:18:50] [TASK] Dmitri → FulfillMission [ScoutPoi] (goal=CompleteMission)
[15:18:50] [MISSION] Dmitri objective done ScoutPoi @ Sunken Camp → return to Chernobyl Town
[15:18:50] [TASK] Tobias → FulfillMission [ScoutPoi] (goal=CompleteMission)
[15:18:50] [MISSION] Tobias objective done ScoutPoi @ Sunken Outpost → return to Zaton
[15:18:50] [TASK] Alexei → FulfillMission [ScoutPoi] (goal=CompleteMission)
[15:18:50] [MISSION] Alexei objective done ScoutPoi @ Sunken Camp → return to Chernobyl Town
[15:18:50] [TASK] Lars → FulfillMission [ScoutPoi] (goal=CompleteMission)
[15:18:50] [MISSION] Lars objective done ScoutPoi @ Sunken Shack → return to Yantar
[15:18:50] [TASK] Taras → FulfillMission [ScoutPoi] (goal=CompleteMission)
[15:18:50] [MISSION] Taras objective done ScoutPoi @ Sunken Shelter → return to Kopachi
[15:18:50] [TASK] Sergei → FulfillMission [ScoutPoi] (goal=CompleteMission)
[15:18:50] [MISSION] Sergei objective done ScoutPoi @ Abandoned Outpost → return to Chernobyl NPP
[15:18:50] [TASK] Oleg → FulfillMission [ScoutPoi] (goal=CompleteMission)
[15:18:50] [MISSION] Oleg objective done ScoutPoi @ Machine Yard → return to Cordon
[15:18:50] [TASK] Ivan → FulfillMission [ScoutPoi] (goal=CompleteMission)
[15:18:50] [MISSION] Ivan objective done ScoutPoi @ Abandoned Outpost → return to Limansk
[15:18:50] [TASK] Vasyl → FulfillMission [ScoutPoi] (goal=CompleteMission)
[15:18:50] [MISSION] Vasyl objective done ScoutPoi @ Sunken Outpost → return to Zaton
[15:18:50] [TASK] Mikhail → FulfillMission [ScoutPoi] (goal=CompleteMission)
[15:18:50] [MISSION] Mikhail objective done ScoutPoi @ Mutant Den #0 near Great Swamps → return to Army Warehouses
[15:18:50] [COMBAT] Frank Sokolov 'Knuckle' killed Boar using wpn_m4a1
[15:18:51] [INBOUND] Initial +2 ctx.Stalkers, +2 mutants (remaining S=1077 M=721)
[15:18:51] [TASK] Andrei → TurnInMission [ScoutPoi] (goal=CompleteMission)
[15:18:51] [MISSION] Andrei turned in ScoutPoi @ Radar (Brain Scorcher) (+176 RU)
[15:18:51] [GOAL] Andrei achieved CompleteMission
[15:18:51] [TASK] Ivan → TurnInMission [ScoutPoi] (goal=CompleteMission)
[15:18:51] [MISSION] Ivan turned in ScoutPoi @ Radar (Brain Scorcher) (+176 RU)
[15:18:51] [GOAL] Ivan achieved CompleteMission
[15:18:51] [TASK] Mikhail → TurnInMission [ScoutPoi] (goal=CompleteMission)
[15:18:51] [MISSION] Mikhail turned in ScoutPoi @ Radar (Brain Scorcher) (+176 RU)
[15:18:51] [GOAL] Mikhail achieved CompleteMission
[15:18:51] [TASK] Lasha → TurnInMission [ScoutPoi] (goal=CompleteMission)
[15:18:51] [MISSION] Lasha turned in ScoutPoi @ Duga Radar (+160 RU)
[15:18:51] [GOAL] Lasha achieved CompleteMission
[15:18:51] [TASK] Mikhail → TurnInMission [ScoutPoi] (goal=CompleteMission)
[15:18:51] [MISSION] Mikhail turned in ScoutPoi @ Radar (Brain Scorcher) (+176 RU)
[15:18:51] [GOAL] Mikhail achieved CompleteMission
[15:18:51] [TASK] Armen → TurnInMission [ScoutPoi] (goal=CompleteMission)
[15:18:51] [MISSION] Armen turned in ScoutPoi @ Wild Territory (+190 RU)
[15:18:51] [GOAL] Armen achieved CompleteMission
[15:18:51] [TASK] Dmitri → TurnInMission [ScoutPoi] (goal=CompleteMission)
[15:18:51] [MISSION] Dmitri turned in ScoutPoi @ Wild Territory (+190 RU)
[15:18:51] [GOAL] Dmitri achieved CompleteMission
[15:18:51] [TASK] Oleg → TurnInMission [ScoutPoi] (goal=CompleteMission)
[15:18:51] [MISSION] Oleg turned in ScoutPoi @ Zaton (+184 RU)
[15:18:51] [GOAL] Oleg achieved CompleteMission
[15:18:51] [TASK] Dmytro → TurnInMission [ScoutPoi] (goal=CompleteMission)
[15:18:51] [MISSION] Dmytro turned in ScoutPoi @ Radar (Brain Scorcher) (+176 RU)
[15:18:51] [GOAL] Dmytro achieved CompleteMission
[15:18:51] [TASK] Yuriy → TurnInMission [ScoutPoi] (goal=CompleteMission)
[15:18:51] [MISSION] Yuriy turned in ScoutPoi @ Zaton (+184 RU)
[15:18:51] [GOAL] Yuriy achieved CompleteMission
[15:18:51] [TASK] Oleg → TurnInMission [ScoutPoi] (goal=CompleteMission)
[15:18:51] [MISSION] Oleg turned in ScoutPoi @ Jupiter (Pripyat Industrial) (+190 RU)
[15:18:51] [GOAL] Oleg achieved CompleteMission
[15:18:51] [TASK] Dmitri → TurnInMission [ScoutPoi] (goal=CompleteMission)
[15:18:51] [MISSION] Dmitri turned in ScoutPoi @ Chernobyl Town (+160 RU)
[15:18:51] [GOAL] Dmitri achieved CompleteMission
[15:18:51] [TASK] Tobias → TurnInMission [ScoutPoi] (goal=CompleteMission)
[15:18:51] [MISSION] Tobias turned in ScoutPoi @ Zaton (+184 RU)
[15:18:51] [GOAL] Tobias achieved CompleteMission
[15:18:51] [TASK] Alexei → TurnInMission [ScoutPoi] (goal=CompleteMission)
[15:18:51] [MISSION] Alexei turned in ScoutPoi @ Chernobyl Town (+160 RU)
[15:18:51] [GOAL] Alexei achieved CompleteMission
[15:18:51] [TASK] Ivan → TurnInMission [ScoutPoi] (goal=CompleteMission)
[15:18:51] [MISSION] Ivan turned in ScoutPoi @ Limansk (+190 RU)
[15:18:51] [GOAL] Ivan achieved CompleteMission
[15:18:51] [TASK] Vasyl → TurnInMission [ScoutPoi] (goal=CompleteMission)
[15:18:51] [MISSION] Vasyl turned in ScoutPoi @ Zaton (+184 RU)
[15:18:51] [GOAL] Vasyl achieved CompleteMission
[15:18:51] [TASK] Pavel → TurnInMission [ScoutPoi] (goal=CompleteMission)
[15:18:51] [MISSION] Pavel turned in ScoutPoi @ Kopachi (+196 RU)
[15:18:51] [GOAL] Pavel achieved CompleteMission
[15:18:51] [TASK] Yuriy → TurnInMission [ScoutPoi] (goal=CompleteMission)
[15:18:51] [MISSION] Yuriy turned in ScoutPoi @ Agroprom (+160 RU)
[15:18:51] [GOAL] Yuriy achieved CompleteMission
[15:18:51] [TASK] Armen → TurnInMission [ScoutPoi] (goal=CompleteMission)
[15:18:51] [MISSION] Armen turned in ScoutPoi @ Chernobyl NPP (+190 RU)
[15:18:51] [GOAL] Armen achieved CompleteMission
[15:18:51] [MISSION] Alibek accepted ScoutPoi @ Jupiter (Pripyat Industrial) (190 RU)
[15:18:51] [TASK] Alibek → AcceptMission [ScoutPoi] (goal=AcceptMission)
[15:18:51] [GOAL] Alibek achieved AcceptMission
[15:18:51] [MISSION] Andrei accepted ScoutPoi @ Radar (Brain Scorcher) (176 RU)
[15:18:51] [TASK] Andrei → AcceptMission [ScoutPoi] (goal=AcceptMission)
[15:18:51] [GOAL] Andrei achieved AcceptMission
[15:18:51] [MISSION] Ivan accepted ScoutPoi @ Radar (Brain Scorcher) (176 RU)
[15:18:51] [TASK] Ivan → AcceptMission [ScoutPoi] (goal=AcceptMission)
[15:18:51] [GOAL] Ivan achieved AcceptMission
[15:18:51] [MISSION] Mikhail accepted ScoutPoi @ Radar (Brain Scorcher) (176 RU)
[15:18:51] [TASK] Mikhail → AcceptMission [ScoutPoi] (goal=AcceptMission)
[15:18:51] [GOAL] Mikhail achieved AcceptMission
[15:18:51] [MISSION] Lasha accepted ScoutPoi @ Duga Radar (160 RU)
[15:18:51] [TASK] Lasha → AcceptMission [ScoutPoi] (goal=AcceptMission)
[15:18:51] [GOAL] Lasha achieved AcceptMission
[15:18:51] [MISSION] Mikhail accepted ScoutPoi @ Radar (Brain Scorcher) (176 RU)
[15:18:51] [TASK] Mikhail → AcceptMission [ScoutPoi] (goal=AcceptMission)
[15:18:51] [GOAL] Mikhail achieved AcceptMission
[15:18:51] [MISSION] Armen accepted ScoutPoi @ Wild Territory (190 RU)
[15:18:51] [TASK] Armen → AcceptMission [ScoutPoi] (goal=AcceptMission)
[15:18:51] [GOAL] Armen achieved AcceptMission
[15:18:51] [MISSION] Dmitri accepted ScoutPoi @ Wild Territory (190 RU)
[15:18:51] [TASK] Dmitri → AcceptMission [ScoutPoi] (goal=AcceptMission)
[15:18:51] [GOAL] Dmitri achieved AcceptMission
[15:18:51] [MISSION] Oleg accepted ScoutPoi @ Zaton (184 RU)
[15:18:51] [TASK] Oleg → AcceptMission [ScoutPoi] (goal=AcceptMission)
[15:18:51] [GOAL] Oleg achieved AcceptMission
[15:18:51] [MISSION] Dmytro accepted ScoutPoi @ Radar (Brain Scorcher) (176 RU)
[15:18:51] [TASK] Dmytro → AcceptMission [ScoutPoi] (goal=AcceptMission)
[15:18:51] [GOAL] Dmytro achieved AcceptMission
[15:18:51] [MISSION] Yuriy accepted ScoutPoi @ Zaton (184 RU)
[15:18:51] [TASK] Yuriy → AcceptMission [ScoutPoi] (goal=AcceptMission)
[15:18:51] [GOAL] Yuriy achieved AcceptMission
[15:18:51] [MISSION] Oleg accepted ScoutPoi @ Jupiter (Pripyat Industrial) (190 RU)
[15:18:51] [TASK] Oleg → AcceptMission [ScoutPoi] (goal=AcceptMission)
[15:18:51] [GOAL] Oleg achieved AcceptMission
[15:18:51] [MISSION] Dmitri accepted ScoutPoi @ Chernobyl Town (160 RU)
[15:18:51] [TASK] Dmitri → AcceptMission [ScoutPoi] (goal=AcceptMission)
[15:18:51] [GOAL] Dmitri achieved AcceptMission
[15:18:51] [MISSION] Tobias accepted ScoutPoi @ Zaton (184 RU)
[15:18:51] [TASK] Tobias → AcceptMission [ScoutPoi] (goal=AcceptMission)
[15:18:51] [GOAL] Tobias achieved AcceptMission
[15:18:51] [MISSION] Alexei accepted ScoutPoi @ Chernobyl Town (160 RU)
[15:18:51] [TASK] Alexei → AcceptMission [ScoutPoi] (goal=AcceptMission)
[15:18:51] [GOAL] Alexei achieved AcceptMission
[15:18:51] [MISSION] Vasyl accepted ScoutPoi @ Zaton (184 RU)
[15:18:51] [TASK] Vasyl → AcceptMission [ScoutPoi] (goal=AcceptMission)
[15:18:51] [GOAL] Vasyl achieved AcceptMission
[15:18:51] [MISSION] Pavel accepted ScoutPoi @ Kopachi (196 RU)
[15:18:51] [TASK] Pavel → AcceptMission [ScoutPoi] (goal=AcceptMission)
[15:18:51] [GOAL] Pavel achieved AcceptMission
[15:18:51] [MISSION] Yuriy accepted ScoutPoi @ Agroprom (160 RU)
[15:18:51] [TASK] Yuriy → AcceptMission [ScoutPoi] (goal=AcceptMission)
[15:18:51] [GOAL] Yuriy achieved AcceptMission
[15:18:51] [MISSION] Armen accepted ScoutPoi @ Chernobyl NPP (190 RU)
[15:18:51] [TASK] Armen → AcceptMission [ScoutPoi] (goal=AcceptMission)
[15:18:51] [GOAL] Armen achieved AcceptMission
[15:18:53] [COMBAT] Sergei Ivanov 'Ghost' killed Pseudogiant using wpn_ak74
[15:18:53] [COMBAT] Mykola Shevchenko 'Raven' killed Bloodsucker using wpn_ak74
[15:18:54] [INBOUND] Initial +2 ctx.Stalkers, +1 mutants (remaining S=1075 M=720)
[15:18:54] [MISSION] Nikolai accepted ScoutPoi @ Great Swamps (164 RU)
[15:18:54] [TASK] Nikolai → AcceptMission [ScoutPoi] (goal=AcceptMission)
[15:18:54] [GOAL] Nikolai achieved AcceptMission
[15:18:54] [COMBAT] Alexei Sokolov 'Ghost' killed Pseudodog using wpn_ak74
[15:18:54] [COMBAT] Oleg Shevchenko 'Viper' killed Karl Popov 'Ugly' using wpn_ak74m
[15:18:54] [GEAR] Oleg looted [arm_duty, helm_helm_battle] via combat
[15:18:54] [MISSION] Giorgi accepted ScoutPoi @ Cordon (160 RU)
[15:18:54] [TASK] Giorgi → AcceptMission [ScoutPoi] (goal=AcceptMission)
[15:18:54] [GOAL] Giorgi achieved AcceptMission
[15:18:55] [INBOUND] Initial +2 ctx.Stalkers, +1 mutants (remaining S=1073 M=719)
[15:18:56] [INBOUND] Initial +2 ctx.Stalkers, +2 mutants (remaining S=1071 M=717)
[15:18:57] [COMBAT] Andrei Ivanov 'Spark' killed Fracture using wpn_ak74
[15:18:57] [INBOUND] Initial +2 ctx.Stalkers, +1 mutants (remaining S=1069 M=716)
[15:18:57] [MISSION] Oleksiy accepted ScoutPoi @ Dark Valley (168 RU)
[15:18:57] [TASK] Oleksiy → AcceptMission [ScoutPoi] (goal=AcceptMission)
[15:18:57] [GOAL] Oleksiy achieved AcceptMission
[15:18:58] [COMBAT] Andriy Ivanov 'Badger' killed Dog using wpn_aksu
[15:18:59] [INBOUND] Initial +2 ctx.Stalkers, +2 mutants (remaining S=1067 M=714)
[15:18:59] [SNAPSHOT] real=4.1min game=D0 00:20 alive S=156 M=147 corpses=426 lootable=219 gammaGear out=92 helm=127 avgRU=902 leaderGoals trade=0 mission=22 emission=Dormant nextIn=56gmin desperate=0 hungry=0 interval deaths=51 combats=74 tasks=101 gearLoot=5 gearBuy=0 missions=65 corpseDespawn=33 trickleSpawns=0 ranks=[Rookie:144,Trainee:5,Experienced:4,Professional:3] goals=[Idle:46,CompleteMission::21,Traveling:17,AcceptMission::1] leaders: Igor[Rookie/Idle], Armen[Rookie/Idle], Andrei[Professional/CompleteMission:], Mikhail[Rookie/Idle], Mikhail[Rookie/Idle]
[15:18:59] [MISSION] Dmitri accepted ScoutPoi @ Dark Valley (168 RU)
[15:18:59] [TASK] Dmitri → AcceptMission [ScoutPoi] (goal=AcceptMission)
[15:18:59] [GOAL] Dmitri achieved AcceptMission
[15:18:59] [TASK] Viktor → TradeRun [poi_macro_12] (goal=VisitTrader)
[15:18:59] [GOAL] Viktor achieved VisitTrader
[15:19:00] [MISSION] Viktor accepted ScoutPoi @ Radar (Brain Scorcher) (176 RU)
[15:19:00] [TASK] Viktor → AcceptMission [ScoutPoi] (goal=AcceptMission)
[15:19:00] [GOAL] Viktor achieved AcceptMission
[15:19:00] [INBOUND] Initial +2 ctx.Stalkers, +1 mutants (remaining S=1065 M=713)
[15:19:00] [MISSION] Bohdan accepted ScoutPoi @ Duga Radar (160 RU)
[15:19:00] [TASK] Bohdan → AcceptMission [ScoutPoi] (goal=AcceptMission)
[15:19:00] [GOAL] Bohdan achieved AcceptMission
[15:19:01] [INBOUND] Initial +2 ctx.Stalkers, +1 mutants (remaining S=1063 M=712)
[15:19:01] [COMBAT] Dmitri Petrov 'Wolf' killed Mykola Petrov 'Mole' using wpn_aksu
[15:19:01] [GEAR] Dmitri looted [wpn_ak74, out_specops_outfit, helm_tactic] via combat
[15:19:01] [MISSION] Andriy accepted ScoutPoi @ Army Warehouses (160 RU)
[15:19:01] [TASK] Andriy → AcceptMission [ScoutPoi] (goal=AcceptMission)
[15:19:01] [GOAL] Andriy achieved AcceptMission
[15:19:02] [COMBAT] Sergei Ivanov 'Ghost' killed Boar using wpn_ak74
[15:19:03] [INBOUND] Initial +2 ctx.Stalkers, +2 mutants (remaining S=1061 M=710)
[15:19:03] [COMBAT] Oleg Ivanov 'Jackal' killed Rat using wpn_toz34
[15:19:03] [MISSION] Connor accepted ScoutPoi @ Duga Radar (160 RU)
[15:19:03] [TASK] Connor → AcceptMission [ScoutPoi] (goal=AcceptMission)
[15:19:03] [GOAL] Connor achieved AcceptMission
[15:19:04] [COMBAT] Ivan Petrov 'Wolf' killed Burer using wpn_pkm
[15:19:04] [INBOUND] Initial +2 ctx.Stalkers, +1 mutants (remaining S=1059 M=709)
[15:19:04] [CORPSE] Despawned 25 bodies (lifetime=99)
[15:19:04] [MISSION] Nodar accepted ScoutPoi @ Great Swamps (164 RU)
[15:19:04] [TASK] Nodar → AcceptMission [ScoutPoi] (goal=AcceptMission)
[15:19:04] [GOAL] Nodar achieved AcceptMission
[15:19:04] [COMBAT] Frank Petrov 'Jackal' killed Lasha Bondarenko 'Wolf' using wpn_aksu
[15:19:04] [GEAR] Frank looted [wpn_pkm, arm_exo, helm_helm_exo] via combat
[15:19:05] [INBOUND] Initial +2 ctx.Stalkers, +2 mutants (remaining S=1057 M=707)
[15:19:05] [MISSION] Mikhail accepted ScoutPoi @ Great Swamps (164 RU)
[15:19:05] [TASK] Mikhail → AcceptMission [ScoutPoi] (goal=AcceptMission)
[15:19:05] [GOAL] Mikhail achieved AcceptMission
[15:19:05] [COMBAT] Oleg Sokolov 'Whisper' killed Vasyl Kovalenko 'Scar' using wpn_pm
[15:19:05] [GEAR] Oleg looted [wpn_mp5, out_wastelander_outfit] via combat
[15:19:06] [COMBAT] Dmitri Kovalenko 'Jackal' killed Fracture using wpn_aksu
[15:19:06] [COMBAT] Igor Volkov 'Razor' killed Dmitri Ivanov 'Lucky' using wpn_fn2000
[15:19:06] [INBOUND] Initial +2 ctx.Stalkers, +1 mutants (remaining S=1055 M=706)
[15:19:06] [MISSION] Oleksiy accepted ScoutPoi @ Dark Valley (168 RU)
[15:19:06] [TASK] Oleksiy → AcceptMission [ScoutPoi] (goal=AcceptMission)
[15:19:06] [GOAL] Oleksiy achieved AcceptMission
[15:19:07] [COMBAT] Armen Bondarenko 'Shadow' killed Snork using wpn_ak74
[15:19:07] [COMBAT] Sean Bondarenko 'Raven' killed Bohdan Sokolov 'Viper' using wpn_mp5
[15:19:07] [GEAR] Sean looted [wpn_sg550, out_scientific_outfit] via combat
[15:19:07] [INBOUND] Initial +2 ctx.Stalkers, +1 mutants (remaining S=1053 M=705)
[15:19:09] [INBOUND] Initial +3 ctx.Stalkers, +2 mutants (remaining S=1050 M=703)
[15:19:09] [MISSION] Jake accepted ScoutPoi @ Army Warehouses (160 RU)
[15:19:09] [TASK] Jake → AcceptMission [ScoutPoi] (goal=AcceptMission)
[15:19:09] [GOAL] Jake achieved AcceptMission
[15:19:10] [COMBAT] Oleksiy Bondarenko 'Two-Fingers' killed Lurker using wpn_toz34
[15:19:10] [INBOUND] Initial +2 ctx.Stalkers, +1 mutants (remaining S=1048 M=702)
[15:19:10] [COMBAT] Andriy Shevchenko 'Stitch' killed Chimera using wpn_pkm
[15:19:11] [RANK] Sergei Bondarenko 'Phantom' → Trainee
[15:19:11] [COMBAT] Sergei Bondarenko 'Phantom' killed Bloodsucker using wpn_rg6
[15:19:11] [COMBAT] Ivan Popov 'Ash' killed Fracture using wpn_toz34
[15:19:11] [INBOUND] Initial +2 ctx.Stalkers, +1 mutants (remaining S=1046 M=701)
[15:19:12] [INBOUND] Initial +2 ctx.Stalkers, +2 mutants (remaining S=1044 M=699)
[15:19:12] [MISSION] Viktor accepted ScoutPoi @ Agroprom (160 RU)
[15:19:12] [TASK] Viktor → AcceptMission [ScoutPoi] (goal=AcceptMission)
[15:19:12] [GOAL] Viktor achieved AcceptMission
[15:19:12] [COMBAT] Andriy Shevchenko 'Bullet' killed Bohdan Kovalenko 'Shadow' using wpn_g36
[15:19:12] [GEAR] Andriy looted [wpn_mp5, helm_helm_ach7ex] via combat
[15:19:13] [COMBAT] Nikolai Petrenko 'Crow' killed Bloodsucker using wpn_ak74
[15:19:13] [COMBAT] Connor Petrenko 'Wolf' killed Snork using wpn_rpg7
[15:19:13] [COMBAT] Mikhail Popov 'Viper' killed Tushkano using wpn_vintorez
[15:19:14] [INBOUND] Initial +2 ctx.Stalkers, +1 mutants (remaining S=1042 M=698)
[15:19:14] [COMBAT] Timur Popov 'The Nail' killed Alexei Ivanov 'Razor' using wpn_sg550
[15:19:14] [GEAR] Timur looted [wpn_fn2000, wpn_desert_eagle, helm_helm_metro] via combat
[15:19:14] [MISSION] Nikolai accepted ScoutPoi @ Deserted Hospital (236 RU)
[15:19:14] [TASK] Nikolai → AcceptMission [ScoutPoi] (goal=AcceptMission)
[15:19:14] [GOAL] Nikolai achieved AcceptMission
[15:19:14] [COMBAT] Sean Bondarenko 'Raven' killed Dmitri Melnyk 'Spark' using wpn_sg550
[15:19:14] [GEAR] Sean looted [arm_duty, helm_tactic] via combat
[15:19:15] [INBOUND] Initial +2 ctx.Stalkers, +2 mutants (remaining S=1040 M=696)
[15:19:15] [MISSION] Vasyl accepted ScoutPoi @ Radar (Brain Scorcher) (176 RU)
[15:19:15] [TASK] Vasyl → AcceptMission [ScoutPoi] (goal=AcceptMission)
[15:19:15] [GOAL] Vasyl achieved AcceptMission
[15:19:17] [INBOUND] Initial +2 ctx.Stalkers, +1 mutants (remaining S=1038 M=695)
[15:19:17] [CORPSE] Despawned 17 bodies (lifetime=116)
[15:19:18] [RANK] Armen Bondarenko 'Shadow' → Professional
[15:19:18] [COMBAT] Armen Bondarenko 'Shadow' killed Fracture using wpn_ak74
[15:19:18] [INBOUND] Initial +2 ctx.Stalkers, +1 mutants (remaining S=1036 M=694)
[15:19:18] [MISSION] Viktor accepted ScoutPoi @ Kopachi (196 RU)
[15:19:18] [TASK] Viktor → AcceptMission [ScoutPoi] (goal=AcceptMission)
[15:19:18] [GOAL] Viktor achieved AcceptMission
[15:19:19] [INBOUND] Initial +2 ctx.Stalkers, +2 mutants (remaining S=1034 M=692)
[15:19:19] [MISSION] Andriy accepted ScoutPoi @ Great Swamps (164 RU)
[15:19:19] [TASK] Andriy → AcceptMission [ScoutPoi] (goal=AcceptMission)
[15:19:19] [GOAL] Andriy achieved AcceptMission
[15:19:20] [COMBAT] Dmytro Volkov 'Viper' killed Lurker using wpn_fn2000
[15:19:20] [COMBAT] Pavel Melnyk 'Wolf' killed Burer using wpn_pkm
[15:19:20] [INBOUND] Initial +2 ctx.Stalkers, +1 mutants (remaining S=1032 M=691)
[15:19:20] [COMBAT] Oleksiy Sokolov 'Crow' killed Fracture using wpn_ak74
[15:19:21] [COMBAT] Dmitri Kovalenko 'Jackal' killed Taras Kovalenko 'Razor' using wpn_aksu
[15:19:21] [GEAR] Dmitri looted [wpn_fn2000, helm_helm_tactic] via combat
[15:19:21] [COMBAT] Mikhail Melnyk 'Jackal' killed Controller using wpn_ak74
[15:19:21] [INBOUND] Initial +2 ctx.Stalkers, +2 mutants (remaining S=1030 M=689)
[15:19:21] [COMBAT] Timur Popov 'The Nail' killed PsyDog using wpn_fn2000
[15:19:21] [MISSION] Mykola accepted ScoutPoi @ Great Swamps (164 RU)
[15:19:21] [TASK] Mykola → AcceptMission [ScoutPoi] (goal=AcceptMission)
[15:19:21] [GOAL] Mykola achieved AcceptMission
[15:19:22] [COMBAT] Tobias Melnyk 'Fox' killed Bloodsucker using wpn_sg550
[15:19:22] [COMBAT] Ivan Volkov 'Badger' killed Yuriy Ivanov 'Phantom' using wpn_pm
[15:19:22] [GEAR] Ivan looted [wpn_gauss, arm_duty, helm_helm_ach7ex] via combat
[15:19:23] [INBOUND] Initial +2 ctx.Stalkers, +1 mutants (remaining S=1028 M=688)
[15:19:23] [COMBAT] Jake Volkov 'Viper' killed Bloodsucker using wpn_ak74
[15:19:23] [COMBAT] Dmitri Bondarenko 'Fox' killed Nikolai Kovalenko 'Bullet' using wpn_toz34
[15:19:23] [GEAR] Dmitri looted [wpn_val, arm_seva, helm_helm_ach7ex] via combat
[15:19:23] [COMBAT] Mykola Petrov 'Ash' killed Boar using wpn_ak74
[15:19:23] [TASK] Ivan → TradeRun [poi_macro_5] (goal=VisitTrader)
[15:19:23] [GOAL] Ivan achieved VisitTrader
[15:19:24] [COMBAT] Alexei Kovalenko 'Wolf' killed Bloodsucker using wpn_pkm
[15:19:24] [MISSION] Ivan accepted ScoutPoi @ Garbage (160 RU)
[15:19:24] [TASK] Ivan → AcceptMission [ScoutPoi] (goal=AcceptMission)
[15:19:24] [GOAL] Ivan achieved AcceptMission
[15:19:24] [INBOUND] Initial +2 ctx.Stalkers, +1 mutants (remaining S=1026 M=687)
[15:19:24] [MISSION] Andrei accepted ScoutPoi @ Agroprom (160 RU)
[15:19:24] [TASK] Andrei → AcceptMission [ScoutPoi] (goal=AcceptMission)
[15:19:24] [GOAL] Andrei achieved AcceptMission
[15:19:25] [COMBAT] Taras Petrenko 'Lucky' killed Mikhail Petrov 'Bullet' using wpn_rg6
[15:19:25] [GEAR] Taras looted [wpn_desert_eagle, helm_exo] via combat
[15:19:25] [COMBAT] Mikhail Popov 'Viper' killed Flesh using wpn_vintorez
[15:19:25] [INBOUND] Initial +3 ctx.Stalkers, +2 mutants (remaining S=1023 M=685)
[15:19:25] [COMBAT] Marcus Volkov 'Broken Nose' killed Snork using wpn_sg550
[15:19:25] [MISSION] Nikolai arrived for ScoutPoi @ Cordon (travel=570m, work=211s game)
[15:19:25] [MISSION] Oleg accepted ScoutPoi @ Yantar (190 RU)
[15:19:25] [TASK] Oleg → AcceptMission [ScoutPoi] (goal=AcceptMission)
[15:19:25] [GOAL] Oleg achieved AcceptMission
[15:19:25] [MISSION] Nikolai arrived for ScoutPoi @ Cordon (travel=570m, work=211s game)
[15:19:26] [COMBAT] Sergei Petrenko 'Stitches' killed Bloodsucker using wpn_spas12
[15:19:26] [INBOUND] Initial +2 ctx.Stalkers, +1 mutants (remaining S=1021 M=684)
[15:19:26] [MISSION] Dmitri accepted ScoutPoi @ Great Swamps (164 RU)
[15:19:26] [TASK] Dmitri → AcceptMission [ScoutPoi] (goal=AcceptMission)
[15:19:26] [GOAL] Dmitri achieved AcceptMission
[15:19:27] [MISSION] Nikolai arrived for ScoutPoi @ Cordon (travel=570m, work=211s game)
[15:19:27] [COMBAT] Oleg Petrov 'Ghost' killed Pseudodog using wpn_fn2000
[15:19:27] [COMBAT] Oleksiy Shevchenko 'Viper' killed Flesh using wpn_aksu
[15:19:27] [TASK] Andrei → TradeRun [poi_macro_5] (goal=VisitTrader)
[15:19:27] [GOAL] Andrei achieved VisitTrader
[15:19:27] [MISSION] Andrei accepted ScoutPoi @ Wild Territory (190 RU)
[15:19:27] [TASK] Andrei → AcceptMission [ScoutPoi] (goal=AcceptMission)
[15:19:27] [GOAL] Andrei achieved AcceptMission
[15:19:27] [COMBAT] Sergei Petrov 'Spark' killed Lurker using wpn_fn2000
[15:19:27] [TASK] Sergei → TradeRun [poi_macro_1] (goal=VisitTrader)
[15:19:27] [GOAL] Sergei achieved VisitTrader
[15:19:27] [MISSION] Sergei accepted ScoutPoi @ Zalissya (184 RU)
[15:19:27] [TASK] Sergei → AcceptMission [ScoutPoi] (goal=AcceptMission)
[15:19:27] [GOAL] Sergei achieved AcceptMission
[15:19:27] [INBOUND] Initial +2 ctx.Stalkers, +2 mutants (remaining S=1019 M=682)
[15:19:28] [COMBAT] Yuriy Kovalenko 'Razor' killed Bloodsucker using wpn_ak74
[15:19:28] [TASK] Nikolai → FulfillMission [ScoutPoi] (goal=CompleteMission)
[15:19:28] [MISSION] Nikolai objective done ScoutPoi @ Cordon → return to Great Swamps
[15:19:28] [TASK] Oleksiy → FulfillMission [ScoutPoi] (goal=CompleteMission)
[15:19:28] [MISSION] Oleksiy objective done ScoutPoi @ Hidden Cairn → return to Dark Valley
[15:19:28] [TASK] Bohdan → FulfillMission [ScoutPoi] (goal=CompleteMission)
[15:19:28] [MISSION] Bohdan objective done ScoutPoi @ Overgrown Bunker → return to Duga Radar
[15:19:28] [TASK] Andriy → FulfillMission [ScoutPoi] (goal=CompleteMission)
[15:19:28] [MISSION] Andriy objective done ScoutPoi @ Mutant Den #0 near Great Swamps → return to Army Warehouses
[15:19:28] [TASK] Connor → FulfillMission [ScoutPoi] (goal=CompleteMission)
[15:19:28] [MISSION] Connor objective done ScoutPoi @ Overgrown Bunker → return to Duga Radar
[15:19:28] [TASK] Nodar → FulfillMission [ScoutPoi] (goal=CompleteMission)
[15:19:28] [MISSION] Nodar objective done ScoutPoi @ Cordon → return to Great Swamps
[15:19:28] [TASK] Oleksiy → FulfillMission [ScoutPoi] (goal=CompleteMission)
[15:19:28] [MISSION] Oleksiy objective done ScoutPoi @ Hidden Cairn → return to Dark Valley
[15:19:28] [TASK] Jake → FulfillMission [ScoutPoi] (goal=CompleteMission)
[15:19:28] [MISSION] Jake objective done ScoutPoi @ Mutant Den #0 near Great Swamps → return to Army Warehouses
[15:19:28] [TASK] Viktor → FulfillMission [ScoutPoi] (goal=CompleteMission)
[15:19:28] [MISSION] Viktor objective done ScoutPoi @ Pump Station → return to Agroprom
[15:19:28] [TASK] Nikolai → FulfillMission [ScoutPoi] (goal=CompleteMission)
[15:19:28] [MISSION] Nikolai objective done ScoutPoi @ Ruined Garage → return to Deserted Hospital
[15:19:28] [TASK] Vasyl → FulfillMission [ScoutPoi] (goal=CompleteMission)
[15:19:28] [MISSION] Vasyl objective done ScoutPoi @ Forgotten Outpost → return to Radar (Brain Scorcher)
[15:19:28] [TASK] Viktor → FulfillMission [ScoutPoi] (goal=CompleteMission)
[15:19:28] [MISSION] Viktor objective done ScoutPoi @ Sunken Shelter → return to Kopachi
[15:19:28] [TASK] Andriy → FulfillMission [ScoutPoi] (goal=CompleteMission)
[15:19:28] [MISSION] Andriy objective done ScoutPoi @ Cordon → return to Great Swamps
[15:19:28] [TASK] Mykola → FulfillMission [ScoutPoi] (goal=CompleteMission)
[15:19:28] [MISSION] Mykola objective done ScoutPoi @ Cordon → return to Great Swamps
[15:19:28] [TASK] Andrei → FulfillMission [ScoutPoi] (goal=CompleteMission)
[15:19:28] [MISSION] Andrei objective done ScoutPoi @ Pump Station → return to Agroprom
[15:19:28] [TASK] Oleg → FulfillMission [ScoutPoi] (goal=CompleteMission)
[15:19:28] [MISSION] Oleg objective done ScoutPoi @ Sunken Shack → return to Yantar
[15:19:28] [TASK] Dmitri → FulfillMission [ScoutPoi] (goal=CompleteMission)
[15:19:28] [MISSION] Dmitri objective done ScoutPoi @ Cordon → return to Great Swamps
[15:19:28] [TASK] Andrei → FulfillMission [ScoutPoi] (goal=CompleteMission)
[15:19:28] [MISSION] Andrei objective done ScoutPoi @ Forgotten Outpost → return to Radar (Brain Scorcher)
[15:19:28] [TASK] Ivan → FulfillMission [ScoutPoi] (goal=CompleteMission)
[15:19:28] [MISSION] Ivan objective done ScoutPoi @ Forgotten Outpost → return to Radar (Brain Scorcher)
[15:19:28] [TASK] Mikhail → FulfillMission [ScoutPoi] (goal=CompleteMission)
[15:19:28] [MISSION] Mikhail objective done ScoutPoi @ Forgotten Outpost → return to Radar (Brain Scorcher)
[15:19:28] [TASK] Lasha → FulfillMission [ScoutPoi] (goal=CompleteMission)
[15:19:28] [MISSION] Lasha objective done ScoutPoi @ Overgrown Bunker → return to Duga Radar
[15:19:28] [TASK] Mikhail → FulfillMission [ScoutPoi] (goal=CompleteMission)
[15:19:28] [MISSION] Mikhail objective done ScoutPoi @ Forgotten Outpost → return to Radar (Brain Scorcher)
[15:19:28] [TASK] Armen → FulfillMission [ScoutPoi] (goal=CompleteMission)
[15:19:28] [MISSION] Armen objective done ScoutPoi @ Rain Barrel Stop → return to Wild Territory
[15:19:28] [TASK] Dmitri → FulfillMission [ScoutPoi] (goal=CompleteMission)
[15:19:28] [MISSION] Dmitri objective done ScoutPoi @ Rain Barrel Stop → return to Wild Territory
[15:19:28] [TASK] Ivan → FulfillMission [ScoutPoi] (goal=CompleteMission)
[15:19:28] [MISSION] Ivan objective done ScoutPoi @ Overgrown Shack → return to Garbage
[15:19:28] [TASK] Oleg → FulfillMission [ScoutPoi] (goal=CompleteMission)
[15:19:28] [MISSION] Oleg objective done ScoutPoi @ Makeshift Outpost → return to Jupiter (Pripyat Industrial)
[15:19:28] [TASK] Dmitri → FulfillMission [ScoutPoi] (goal=CompleteMission)
[15:19:28] [MISSION] Dmitri objective done ScoutPoi @ Sunken Camp → return to Chernobyl Town
[15:19:28] [TASK] Tobias → FulfillMission [ScoutPoi] (goal=CompleteMission)
[15:19:28] [MISSION] Tobias objective done ScoutPoi @ Sunken Outpost → return to Zaton
[15:19:28] [TASK] Alexei → FulfillMission [ScoutPoi] (goal=CompleteMission)
[15:19:28] [MISSION] Alexei objective done ScoutPoi @ Sunken Camp → return to Chernobyl Town
[15:19:28] [TASK] Pavel → FulfillMission [ScoutPoi] (goal=CompleteMission)
[15:19:28] [MISSION] Pavel objective done ScoutPoi @ Sunken Shelter → return to Kopachi
[15:19:28] [TASK] Armen → FulfillMission [ScoutPoi] (goal=CompleteMission)
[15:19:28] [MISSION] Armen objective done ScoutPoi @ Abandoned Outpost → return to Chernobyl NPP
[15:19:28] [TASK] Alibek → FulfillMission [ScoutPoi] (goal=CompleteMission)
[15:19:28] [MISSION] Alibek objective done ScoutPoi @ Makeshift Outpost → return to Jupiter (Pripyat Industrial)
[15:19:28] [COMBAT] Viktor Petrenko 'Fox' killed Bohdan Melnyk 'Bullet' using wpn_fort12
[15:19:28] [GEAR] Viktor looted [wpn_ak74, arm_exo, helm_helm_battle] via combat
[15:19:28] [COMBAT] Alexei Sokolov 'Mole' killed Flesh using wpn_pkm
[15:19:29] [INBOUND] Initial +2 ctx.Stalkers, +1 mutants (remaining S=1017 M=681)
[15:19:29] [SNAPSHOT] real=4.6min game=D0 00:23 alive S=158 M=150 corpses=462 lootable=232 gammaGear out=88 helm=138 avgRU=894 leaderGoals trade=0 mission=19 emission=Dormant nextIn=54gmin desperate=1 hungry=0 interval deaths=48 combats=78 tasks=57 gearLoot=12 gearBuy=0 missions=21 corpseDespawn=42 trickleSpawns=0 ranks=[Rookie:148,Trainee:3,Experienced:3,Professional:4] goals=[Idle:50,CompleteMission::18,Traveling:14,AcceptMission::1] leaders: Igor[Rookie/Idle], Armen[Rookie/Idle], Andrei[Professional/CompleteMission:], Mikhail[Rookie/Idle], Mikhail[Rookie/Idle]
[15:19:29] [CORPSE] Despawned 11 bodies (lifetime=127)
[15:19:29] [TASK] Andrei → TurnInMission [ScoutPoi] (goal=CompleteMission)
[15:19:29] [MISSION] Andrei turned in ScoutPoi @ Radar (Brain Scorcher) (+176 RU)
[15:19:29] [GOAL] Andrei achieved CompleteMission
[15:19:29] [TASK] Ivan → TurnInMission [ScoutPoi] (goal=CompleteMission)
[15:19:29] [MISSION] Ivan turned in ScoutPoi @ Radar (Brain Scorcher) (+176 RU)
[15:19:29] [GOAL] Ivan achieved CompleteMission
[15:19:29] [TASK] Mikhail → TurnInMission [ScoutPoi] (goal=CompleteMission)
[15:19:29] [MISSION] Mikhail turned in ScoutPoi @ Radar (Brain Scorcher) (+176 RU)
[15:19:29] [GOAL] Mikhail achieved CompleteMission
[15:19:29] [TASK] Lasha → TurnInMission [ScoutPoi] (goal=CompleteMission)
[15:19:29] [MISSION] Lasha turned in ScoutPoi @ Duga Radar (+160 RU)
[15:19:29] [GOAL] Lasha achieved CompleteMission
[15:19:29] [TASK] Mikhail → TurnInMission [ScoutPoi] (goal=CompleteMission)
[15:19:29] [MISSION] Mikhail turned in ScoutPoi @ Radar (Brain Scorcher) (+176 RU)
[15:19:29] [GOAL] Mikhail achieved CompleteMission
[15:19:29] [TASK] Armen → TurnInMission [ScoutPoi] (goal=CompleteMission)
[15:19:29] [MISSION] Armen turned in ScoutPoi @ Wild Territory (+190 RU)
[15:19:29] [GOAL] Armen achieved CompleteMission
[15:19:29] [TASK] Dmitri → TurnInMission [ScoutPoi] (goal=CompleteMission)
[15:19:29] [MISSION] Dmitri turned in ScoutPoi @ Wild Territory (+190 RU)
[15:19:29] [GOAL] Dmitri achieved CompleteMission
[15:19:29] [TASK] Ivan → TurnInMission [ScoutPoi] (goal=CompleteMission)
[15:19:29] [MISSION] Ivan turned in ScoutPoi @ Garbage (+160 RU)
[15:19:29] [GOAL] Ivan achieved CompleteMission
[15:19:29] [TASK] Oleg → TurnInMission [ScoutPoi] (goal=CompleteMission)
[15:19:29] [MISSION] Oleg turned in ScoutPoi @ Jupiter (Pripyat Industrial) (+190 RU)
[15:19:29] [GOAL] Oleg achieved CompleteMission
[15:19:29] [TASK] Dmitri → TurnInMission [ScoutPoi] (goal=CompleteMission)
[15:19:29] [MISSION] Dmitri turned in ScoutPoi @ Chernobyl Town (+160 RU)
[15:19:29] [GOAL] Dmitri achieved CompleteMission
[15:19:29] [TASK] Tobias → TurnInMission [ScoutPoi] (goal=CompleteMission)
[15:19:29] [MISSION] Tobias turned in ScoutPoi @ Zaton (+184 RU)
[15:19:29] [GOAL] Tobias achieved CompleteMission
[15:19:29] [TASK] Alexei → TurnInMission [ScoutPoi] (goal=CompleteMission)
[15:19:29] [MISSION] Alexei turned in ScoutPoi @ Chernobyl Town (+160 RU)
[15:19:29] [GOAL] Alexei achieved CompleteMission
[15:19:29] [TASK] Alibek → TurnInMission [ScoutPoi] (goal=CompleteMission)
[15:19:29] [MISSION] Alibek turned in ScoutPoi @ Jupiter (Pripyat Industrial) (+190 RU)
[15:19:29] [GOAL] Alibek achieved CompleteMission
[15:19:29] [TASK] Bohdan → TurnInMission [ScoutPoi] (goal=CompleteMission)
[15:19:29] [MISSION] Bohdan turned in ScoutPoi @ Duga Radar (+160 RU)
[15:19:29] [GOAL] Bohdan achieved CompleteMission
[15:19:29] [TASK] Connor → TurnInMission [ScoutPoi] (goal=CompleteMission)
[15:19:29] [MISSION] Connor turned in ScoutPoi @ Duga Radar (+160 RU)
[15:19:29] [GOAL] Connor achieved CompleteMission
[15:19:29] [TASK] Vasyl → TurnInMission [ScoutPoi] (goal=CompleteMission)
[15:19:29] [MISSION] Vasyl turned in ScoutPoi @ Radar (Brain Scorcher) (+176 RU)
[15:19:29] [GOAL] Vasyl achieved CompleteMission
[15:19:29] [TASK] Andriy → TurnInMission [ScoutPoi] (goal=CompleteMission)
[15:19:29] [MISSION] Andriy turned in ScoutPoi @ Great Swamps (+164 RU)
[15:19:29] [GOAL] Andriy achieved CompleteMission
[15:19:29] [TASK] Oleg → TurnInMission [ScoutPoi] (goal=CompleteMission)
[15:19:29] [MISSION] Oleg turned in ScoutPoi @ Yantar (+190 RU)
[15:19:29] [GOAL] Oleg achieved CompleteMission
[15:19:29] [TASK] Dmitri → TurnInMission [ScoutPoi] (goal=CompleteMission)
[15:19:29] [MISSION] Dmitri turned in ScoutPoi @ Great Swamps (+164 RU)
[15:19:29] [GOAL] Dmitri achieved CompleteMission
[15:19:29] [MISSION] Jake accepted ScoutPoi @ Duga Radar (160 RU)
[15:19:29] [TASK] Jake → AcceptMission [ScoutPoi] (goal=AcceptMission)
[15:19:29] [GOAL] Jake achieved AcceptMission
[15:19:29] [MISSION] Andrei accepted ScoutPoi @ Radar (Brain Scorcher) (176 RU)
[15:19:29] [TASK] Andrei → AcceptMission [ScoutPoi] (goal=AcceptMission)
[15:19:29] [GOAL] Andrei achieved AcceptMission
[15:19:29] [MISSION] Ivan accepted ScoutPoi @ Radar (Brain Scorcher) (176 RU)
[15:19:29] [TASK] Ivan → AcceptMission [ScoutPoi] (goal=AcceptMission)
[15:19:29] [GOAL] Ivan achieved AcceptMission
[15:19:29] [MISSION] Mikhail accepted ScoutPoi @ Radar (Brain Scorcher) (176 RU)
[15:19:29] [TASK] Mikhail → AcceptMission [ScoutPoi] (goal=AcceptMission)
[15:19:29] [GOAL] Mikhail achieved AcceptMission
[15:19:29] [MISSION] Lasha accepted ScoutPoi @ Duga Radar (160 RU)
[15:19:29] [TASK] Lasha → AcceptMission [ScoutPoi] (goal=AcceptMission)
[15:19:29] [GOAL] Lasha achieved AcceptMission
[15:19:29] [MISSION] Mikhail accepted ScoutPoi @ Radar (Brain Scorcher) (176 RU)
[15:19:29] [TASK] Mikhail → AcceptMission [ScoutPoi] (goal=AcceptMission)
[15:19:29] [GOAL] Mikhail achieved AcceptMission
[15:19:29] [MISSION] Armen accepted ScoutPoi @ Wild Territory (190 RU)
[15:19:29] [TASK] Armen → AcceptMission [ScoutPoi] (goal=AcceptMission)
[15:19:29] [GOAL] Armen achieved AcceptMission
[15:19:29] [MISSION] Dmitri accepted ScoutPoi @ Wild Territory (190 RU)
[15:19:29] [TASK] Dmitri → AcceptMission [ScoutPoi] (goal=AcceptMission)
[15:19:29] [GOAL] Dmitri achieved AcceptMission
[15:19:29] [MISSION] Ivan accepted ScoutPoi @ Garbage (160 RU)
[15:19:29] [TASK] Ivan → AcceptMission [ScoutPoi] (goal=AcceptMission)
[15:19:29] [GOAL] Ivan achieved AcceptMission
[15:19:29] [MISSION] Oleg accepted ScoutPoi @ Jupiter (Pripyat Industrial) (190 RU)
[15:19:29] [TASK] Oleg → AcceptMission [ScoutPoi] (goal=AcceptMission)
[15:19:29] [GOAL] Oleg achieved AcceptMission
[15:19:29] [MISSION] Dmitri accepted ScoutPoi @ Chernobyl Town (160 RU)
[15:19:29] [TASK] Dmitri → AcceptMission [ScoutPoi] (goal=AcceptMission)
[15:19:29] [GOAL] Dmitri achieved AcceptMission
[15:19:29] [MISSION] Tobias accepted ScoutPoi @ Zaton (184 RU)
[15:19:29] [TASK] Tobias → AcceptMission [ScoutPoi] (goal=AcceptMission)
[15:19:29] [GOAL] Tobias achieved AcceptMission
[15:19:29] [MISSION] Alexei accepted ScoutPoi @ Chernobyl Town (160 RU)
[15:19:29] [TASK] Alexei → AcceptMission [ScoutPoi] (goal=AcceptMission)
[15:19:29] [GOAL] Alexei achieved AcceptMission
[15:19:29] [COMBAT] Sergei Sokolov 'Viper' killed Dmitri Petrov 'Wolf' using wpn_ak74
[15:19:29] [GEAR] Sergei looted [wpn_ak74, wpn_pm, out_specops_outfit, helm_tactic] via combat
[15:19:29] [MISSION] Alibek accepted ScoutPoi @ Jupiter (Pripyat Industrial) (190 RU)
[15:19:29] [TASK] Alibek → AcceptMission [ScoutPoi] (goal=AcceptMission)
[15:19:29] [GOAL] Alibek achieved AcceptMission
[15:19:29] [MISSION] Bohdan accepted ScoutPoi @ Duga Radar (160 RU)
[15:19:29] [TASK] Bohdan → AcceptMission [ScoutPoi] (goal=AcceptMission)
[15:19:29] [GOAL] Bohdan achieved AcceptMission
[15:19:29] [MISSION] Connor accepted ScoutPoi @ Duga Radar (160 RU)
[15:19:29] [TASK] Connor → AcceptMission [ScoutPoi] (goal=AcceptMission)
[15:19:29] [GOAL] Connor achieved AcceptMission
[15:19:29] [MISSION] Vasyl accepted ScoutPoi @ Radar (Brain Scorcher) (176 RU)
[15:19:29] [TASK] Vasyl → AcceptMission [ScoutPoi] (goal=AcceptMission)
[15:19:29] [GOAL] Vasyl achieved AcceptMission
[15:19:29] [MISSION] Andriy accepted ScoutPoi @ Great Swamps (164 RU)
[15:19:29] [TASK] Andriy → AcceptMission [ScoutPoi] (goal=AcceptMission)
[15:19:29] [GOAL] Andriy achieved AcceptMission
[15:19:29] [MISSION] Oleg accepted ScoutPoi @ Yantar (190 RU)
[15:19:29] [TASK] Oleg → AcceptMission [ScoutPoi] (goal=AcceptMission)
[15:19:29] [GOAL] Oleg achieved AcceptMission
[15:19:29] [MISSION] Dmitri accepted ScoutPoi @ Great Swamps (164 RU)
[15:19:29] [TASK] Dmitri → AcceptMission [ScoutPoi] (goal=AcceptMission)
[15:19:29] [GOAL] Dmitri achieved AcceptMission
[15:19:32] [INBOUND] Initial +2 ctx.Stalkers, +1 mutants (remaining S=1015 M=680)
[15:19:32] [MISSION] Bakhyt accepted ScoutPoi @ Chernobyl NPP (190 RU)
[15:19:32] [TASK] Bakhyt → AcceptMission [ScoutPoi] (goal=AcceptMission)
[15:19:32] [GOAL] Bakhyt achieved AcceptMission
[15:19:32] [COMBAT] Lars Volkov 'Wolf' killed Lurker using wpn_aksu
[15:19:32] [COMBAT] Viktor Popov 'Badger' killed Flesh using wpn_ak74
[15:19:33] [INBOUND] Initial +2 ctx.Stalkers, +2 mutants (remaining S=1013 M=678)
[15:19:34] [COMBAT] Oleksiy Bondarenko 'Two-Fingers' killed BlindDog using wpn_toz34
[15:19:34] [COMBAT] Marcus Volkov 'Broken Nose' killed Fracture using wpn_sg550
[15:19:34] [INBOUND] Initial +2 ctx.Stalkers, +1 mutants (remaining S=1011 M=677)
[15:19:34] [MISSION] Pavel accepted ScoutPoi @ Meadow (160 RU)
[15:19:34] [TASK] Pavel → AcceptMission [ScoutPoi] (goal=AcceptMission)
[15:19:34] [GOAL] Pavel achieved AcceptMission
[15:19:36] [INBOUND] Initial +2 ctx.Stalkers, +1 mutants (remaining S=1009 M=676)
[15:19:36] [MISSION] Sergei accepted ScoutPoi @ Dark Valley (168 RU)
[15:19:36] [TASK] Sergei → AcceptMission [ScoutPoi] (goal=AcceptMission)
[15:19:36] [GOAL] Sergei achieved AcceptMission
[15:19:36] [RANK] Dmitri Petrov 'Shadow' → Experienced
[15:19:36] [COMBAT] Dmitri Petrov 'Shadow' killed Snork using wpn_pkm
[15:19:37] [INBOUND] Initial +2 ctx.Stalkers, +2 mutants (remaining S=1007 M=674)
[15:19:37] [MISSION] Mykola accepted ScoutPoi @ Great Swamps (164 RU)
[15:19:37] [TASK] Mykola → AcceptMission [ScoutPoi] (goal=AcceptMission)
[15:19:37] [GOAL] Mykola achieved AcceptMission
[15:19:37] [COMBAT] Andriy Shevchenko 'Shadow' killed Pseudodog using wpn_fn2000
[15:19:38] [INBOUND] Initial +2 ctx.Stalkers, +1 mutants (remaining S=1005 M=673)
[15:19:38] [MISSION] Alibek accepted ScoutPoi @ Chernobyl Town (160 RU)
[15:19:38] [TASK] Alibek → AcceptMission [ScoutPoi] (goal=AcceptMission)
[15:19:38] [GOAL] Alibek achieved AcceptMission
[15:19:38] [COMBAT] Viktor Melnyk 'Viper' killed Snork using wpn_aksu
[15:19:39] [INBOUND] Initial +2 ctx.Stalkers, +2 mutants (remaining S=1003 M=671)
[15:19:39] [MISSION] Oleksiy accepted ScoutPoi @ Dark Valley (168 RU)
[15:19:39] [TASK] Oleksiy → AcceptMission [ScoutPoi] (goal=AcceptMission)
[15:19:39] [GOAL] Oleksiy achieved AcceptMission
[15:19:40] [MISSION] Oleg accepted ScoutPoi @ Chernobyl Town (160 RU)
[15:19:40] [TASK] Oleg → AcceptMission [ScoutPoi] (goal=AcceptMission)
[15:19:40] [GOAL] Oleg achieved AcceptMission
[15:19:40] [RANK] Pavel Melnyk 'Wolf' → Experienced
[15:19:40] [COMBAT] Pavel Melnyk 'Wolf' killed Dmitri Kovalenko 'Jackal' using wpn_pkm
[15:19:40] [GEAR] Pavel looted [arm_freedom, helm_helm_tactic] via combat
[15:19:40] [COMBAT] Sergei Sokolov 'Viper' killed Andriy Ivanov 'Stitch' using wpn_ak74
[15:19:40] [GEAR] Sergei looted [wpn_gauss] via combat
[15:19:41] [INBOUND] Initial +2 ctx.Stalkers, +1 mutants (remaining S=1001 M=670)
[15:19:41] [MISSION] Dmytro accepted ScoutPoi @ Kopachi (196 RU)
[15:19:41] [TASK] Dmytro → AcceptMission [ScoutPoi] (goal=AcceptMission)
[15:19:41] [GOAL] Dmytro achieved AcceptMission
[15:19:42] [INBOUND] Initial +2 ctx.Stalkers, +1 mutants (remaining S=999 M=669)
[15:19:42] [COMBAT] Tobias Melnyk 'Fox' killed Viktor Bondarenko 'Viper' using wpn_sg550
[15:19:42] [GEAR] Tobias looted [wpn_fn2000] via combat
[15:19:43] [INBOUND] Initial +3 ctx.Stalkers, +2 mutants (remaining S=996 M=667)
[15:19:43] [CORPSE] Despawned 14 bodies (lifetime=141)
[15:19:43] [MISSION] Dmytro accepted ScoutPoi @ Garbage (160 RU)
[15:19:43] [TASK] Dmytro → AcceptMission [ScoutPoi] (goal=AcceptMission)
[15:19:43] [GOAL] Dmytro achieved AcceptMission
[15:19:44] [COMBAT] Viktor Shevchenko 'The Butcher' killed Controller using wpn_spas12
[15:19:44] [INBOUND] Initial +2 ctx.Stalkers, +1 mutants (remaining S=994 M=666)
[15:19:44] [MISSION] Vasyl accepted ScoutPoi @ Garbage (160 RU)
[15:19:44] [TASK] Vasyl → AcceptMission [ScoutPoi] (goal=AcceptMission)
[15:19:44] [GOAL] Vasyl achieved AcceptMission
[15:19:45] [COMBAT] Ivan Volkov 'Badger' killed Viktor Ivanov 'Jackal' using wpn_gauss
[15:19:45] [GEAR] Ivan looted [wpn_pkm, wpn_desert_eagle, arm_duty] via combat
[15:19:45] [COMBAT] Ivan Petrenko 'Ghost' killed Vasyl Ivanov 'Broken Nose' using wpn_g36
[15:19:46] [INBOUND] Initial +2 ctx.Stalkers, +2 mutants (remaining S=992 M=664)
[15:19:46] [MISSION] Vasyl accepted ScoutPoi @ Yantar (190 RU)
[15:19:46] [TASK] Vasyl → AcceptMission [ScoutPoi] (goal=AcceptMission)
[15:19:46] [GOAL] Vasyl achieved AcceptMission
[15:19:46] [COMBAT] Marcus Volkov 'Lucky' killed Pseudodog using wpn_l96a1
[15:19:46] [COMBAT] Frank Shevchenko 'Ash' killed Tushkano using wpn_fn2000
[15:19:47] [INBOUND] Initial +2 ctx.Stalkers, +1 mutants (remaining S=990 M=663)
[15:19:47] [MISSION] Bohdan accepted ScoutPoi @ Zaton (184 RU)
[15:19:47] [TASK] Bohdan → AcceptMission [ScoutPoi] (goal=AcceptMission)
[15:19:47] [GOAL] Bohdan achieved AcceptMission
[15:19:47] [TASK] Viktor → TradeRun [poi_macro_1] (goal=VisitTrader)
[15:19:47] [GOAL] Viktor achieved VisitTrader
[15:19:47] [MISSION] Viktor accepted ScoutPoi @ Zalissya (184 RU)
[15:19:47] [TASK] Viktor → AcceptMission [ScoutPoi] (goal=AcceptMission)
[15:19:47] [GOAL] Viktor achieved AcceptMission
[15:19:48] [INBOUND] Initial +2 ctx.Stalkers, +1 mutants (remaining S=988 M=662)
[15:19:48] [MISSION] Mykola accepted ScoutPoi @ Jupiter (Pripyat Industrial) (190 RU)
[15:19:48] [TASK] Mykola → AcceptMission [ScoutPoi] (goal=AcceptMission)
[15:19:48] [GOAL] Mykola achieved AcceptMission
[15:19:50] [INBOUND] Initial +2 ctx.Stalkers, +2 mutants (remaining S=986 M=660)
[15:19:50] [COMBAT] Alibek Popov 'Bullet' killed Controller using wpn_gauss
[15:19:50] [COMBAT] Alibek Kovalenko 'Scar' killed Sergei Bondarenko 'Two-Fingers' using wpn_ak74
[15:19:51] [INBOUND] Initial +2 ctx.Stalkers, +1 mutants (remaining S=984 M=659)
[15:19:51] [MISSION] Andriy accepted ScoutPoi @ Army Warehouses (160 RU)
[15:19:51] [TASK] Andriy → AcceptMission [ScoutPoi] (goal=AcceptMission)
[15:19:51] [GOAL] Andriy achieved AcceptMission
[15:19:52] [INBOUND] Initial +2 ctx.Stalkers, +2 mutants (remaining S=982 M=657)
[15:19:52] [MISSION] Andriy arrived for ScoutPoi @ Cordon (travel=390m, work=211s game)
[15:19:53] [COMBAT] Sergei Sokolov 'Viper' killed Poltergeist using wpn_gauss
[15:19:53] [INBOUND] Initial +2 ctx.Stalkers, +1 mutants (remaining S=980 M=656)
[15:19:53] [MISSION] Taras accepted ScoutPoi @ Zalissya (184 RU)
[15:19:53] [TASK] Taras → AcceptMission [ScoutPoi] (goal=AcceptMission)
[15:19:53] [GOAL] Taras achieved AcceptMission
[15:19:53] [MISSION] Andriy arrived for ScoutPoi @ Cordon (travel=390m, work=211s game)
[15:19:54] [COMBAT] Viktor Kovalenko 'Shadow' killed Andriy Volkov 'Wolf' using wpn_pkm
[15:19:54] [GEAR] Viktor looted [wpn_desert_eagle, arm_freedom] via combat
[15:19:54] [MISSION] Pavel accepted ScoutPoi @ Army Warehouses (160 RU)
[15:19:54] [TASK] Pavel → AcceptMission [ScoutPoi] (goal=AcceptMission)
[15:19:54] [GOAL] Pavel achieved AcceptMission
[15:19:54] [MISSION] Andriy arrived for ScoutPoi @ Cordon (travel=390m, work=211s game)
[15:19:55] [INBOUND] Initial +2 ctx.Stalkers, +1 mutants (remaining S=978 M=655)
[15:19:55] [MISSION] Taras accepted ScoutPoi @ Limansk (190 RU)
[15:19:55] [TASK] Taras → AcceptMission [ScoutPoi] (goal=AcceptMission)
[15:19:55] [GOAL] Taras achieved AcceptMission
[15:19:55] [MISSION] Andriy arrived for ScoutPoi @ Cordon (travel=390m, work=211s game)
[15:19:56] [INBOUND] Initial +2 ctx.Stalkers, +2 mutants (remaining S=976 M=653)
[15:19:56] [CORPSE] Despawned 18 bodies (lifetime=159)
[15:19:56] [MISSION] Viktor accepted ScoutPoi @ Jupiter (Pripyat Industrial) (190 RU)
[15:19:56] [TASK] Viktor → AcceptMission [ScoutPoi] (goal=AcceptMission)
[15:19:56] [GOAL] Viktor achieved AcceptMission
[15:19:57] [INBOUND] Initial +2 ctx.Stalkers, +1 mutants (remaining S=974 M=652)
[15:19:57] [MISSION] Dmytro accepted ScoutPoi @ Zaton (184 RU)
[15:19:57] [TASK] Dmytro → AcceptMission [ScoutPoi] (goal=AcceptMission)
[15:19:57] [GOAL] Dmytro achieved AcceptMission
[15:19:58] [INBOUND] Initial +2 ctx.Stalkers, +1 mutants (remaining S=972 M=651)
[15:19:58] [MISSION] Vasyl accepted ScoutPoi @ Kopachi (196 RU)
[15:19:58] [TASK] Vasyl → AcceptMission [ScoutPoi] (goal=AcceptMission)
[15:19:58] [GOAL] Vasyl achieved AcceptMission
[15:19:59] [MISSION] Andriy arrived for ScoutPoi @ Cordon (travel=390m, work=211s game)
[15:19:59] [COMBAT] Ivan Ivanov 'Shadow' killed Andrei Volkov 'Viper' using wpn_val
[15:19:59] [GEAR] Ivan looted [wpn_vintorez, wpn_desert_eagle, helm_helm_exo] via combat
[15:20:00] [INBOUND] Initial +2 ctx.Stalkers, +2 mutants (remaining S=970 M=649)
[15:20:00] [SNAPSHOT] real=5.1min game=D0 00:25 alive S=173 M=170 corpses=463 lootable=231 gammaGear out=98 helm=147 avgRU=894 leaderGoals trade=0 mission=30 emission=Dormant nextIn=51gmin desperate=1 hungry=0 interval deaths=32 combats=44 tasks=61 gearLoot=7 gearBuy=0 missions=60 corpseDespawn=43 trickleSpawns=0 ranks=[Rookie:162,Trainee:5,Experienced:2,Professional:4] goals=[Idle:50,CompleteMission::29,Traveling:8,AcceptMission::1] leaders: Igor[Rookie/Idle], Armen[Rookie/Idle], Mikhail[Rookie/Idle], Ivan[Professional/CompleteMission:], Mikhail[Professional/CompleteMission:]
[15:20:00] [MISSION] Jake accepted ScoutPoi @ Duga Radar (160 RU)
[15:20:00] [TASK] Jake → AcceptMission [ScoutPoi] (goal=AcceptMission)
[15:20:00] [GOAL] Jake achieved AcceptMission
[15:20:00] [COMBAT] Viktor Shevchenko 'Badger' killed Yuriy Kovalenko 'Razor' using wpn_toz34
[15:20:00] [GEAR] Viktor looted [wpn_ak74, out_travel_outfit] via combat
[15:20:01] [COMBAT] Vasyl Petrenko 'Stitch' killed Flesh using wpn_ak74
[15:20:01] [INBOUND] Initial +3 ctx.Stalkers, +1 mutants (remaining S=967 M=648)
[15:20:01] [RANK] Alexei Sokolov 'Mole' → Experienced
[15:20:01] [COMBAT] Alexei Sokolov 'Mole' killed Pseudodog using wpn_pkm
[15:20:01] [MISSION] Bakhyt accepted ScoutPoi @ Garbage (160 RU)
[15:20:01] [TASK] Bakhyt → AcceptMission [ScoutPoi] (goal=AcceptMission)
[15:20:01] [GOAL] Bakhyt achieved AcceptMission
[15:20:01] [MISSION] Yuriy accepted ScoutPoi @ Jupiter (Pripyat Industrial) (190 RU)
[15:20:01] [TASK] Yuriy → AcceptMission [ScoutPoi] (goal=AcceptMission)
[15:20:01] [GOAL] Yuriy achieved AcceptMission
[15:20:02] [INBOUND] Initial +2 ctx.Stalkers, +2 mutants (remaining S=965 M=646)
[15:20:02] [MISSION] Tobias accepted ScoutPoi @ Duga Radar (160 RU)
[15:20:02] [TASK] Tobias → AcceptMission [ScoutPoi] (goal=AcceptMission)
[15:20:02] [GOAL] Tobias achieved AcceptMission
[15:20:03] [COMBAT] Andrei Shevchenko 'Shadow' killed Snork using wpn_gauss
[15:20:04] [INBOUND] Initial +2 ctx.Stalkers, +1 mutants (remaining S=963 M=645)
[15:20:04] [MISSION] Nikolai accepted ScoutPoi @ Zaton (184 RU)
[15:20:04] [TASK] Nikolai → AcceptMission [ScoutPoi] (goal=AcceptMission)
[15:20:04] [GOAL] Nikolai achieved AcceptMission
[15:20:04] [COMBAT] Sergei Shevchenko 'Shadow' killed Fracture using wpn_ak74m
[15:20:04] [COMBAT] Mykola Ivanov 'Ash' killed Sergei Bondarenko 'Phantom' using wpn_ak74
[15:20:04] [GEAR] Mykola looted [wpn_rg6, out_merc_scientific_armored_outfit, helm_helm_m50] via combat
[15:20:05] [INBOUND] Initial +2 ctx.Stalkers, +1 mutants (remaining S=961 M=644)
[15:20:05] [MISSION] Serhiy accepted ScoutPoi @ Cordon (160 RU)
[15:20:05] [TASK] Serhiy → AcceptMission [ScoutPoi] (goal=AcceptMission)
[15:20:05] [GOAL] Serhiy achieved AcceptMission
[15:20:05] [MISSION] Andriy arrived for ScoutPoi @ Cordon (travel=390m, work=211s game)
[15:20:06] [COMBAT] Viktor Kovalenko 'Ghost' killed Flesh using wpn_spas12
[15:20:06] [INBOUND] Initial +2 ctx.Stalkers, +2 mutants (remaining S=959 M=642)
[15:20:06] [COMBAT] Igor Sokolov 'Stitch' killed Pseudodog using wpn_aksu
[15:20:06] [MISSION] Alexei accepted ScoutPoi @ Meadow (160 RU)
[15:20:06] [TASK] Alexei → AcceptMission [ScoutPoi] (goal=AcceptMission)
[15:20:06] [GOAL] Alexei achieved AcceptMission
[15:20:06] [MISSION] Andriy arrived for ScoutPoi @ Cordon (travel=390m, work=211s game)
[15:20:07] [COMBAT] Ivan Volkov 'Badger' killed Lurker using wpn_pkm
[15:20:07] [COMBAT] Alibek Kovalenko 'Scar' killed Snork using wpn_ak74
[15:20:07] [INBOUND] Initial +2 ctx.Stalkers, +1 mutants (remaining S=957 M=641)
[15:20:07] [MISSION] Taras accepted ScoutPoi @ Zaton (184 RU)
[15:20:07] [TASK] Taras → AcceptMission [ScoutPoi] (goal=AcceptMission)
[15:20:07] [GOAL] Taras achieved AcceptMission
[15:20:07] [TASK] Vasyl → TradeRun [poi_macro_12] (goal=VisitTrader)
[15:20:07] [GOAL] Vasyl achieved VisitTrader
[15:20:08] [MISSION] Vasyl accepted ScoutPoi @ Radar (Brain Scorcher) (176 RU)
[15:20:08] [TASK] Vasyl → AcceptMission [ScoutPoi] (goal=AcceptMission)
[15:20:08] [GOAL] Vasyl achieved AcceptMission
[15:20:08] [COMBAT] Dmytro Petrenko 'Crow' killed Bloodsucker using wpn_vintorez
[15:20:08] [RANK] Oleg Kovalenko 'Mole' → Experienced
[15:20:08] [COMBAT] Oleg Kovalenko 'Mole' killed Burer using wpn_mp5
[15:20:08] [COMBAT] Jake Volkov 'Viper' killed Flesh using wpn_ak74
[15:20:09] [INBOUND] Initial +2 ctx.Stalkers, +2 mutants (remaining S=955 M=639)
[15:20:09] [CORPSE] Despawned 24 bodies (lifetime=183)
[15:20:09] [MISSION] Yuriy accepted ScoutPoi @ Meadow (160 RU)
[15:20:09] [TASK] Yuriy → AcceptMission [ScoutPoi] (goal=AcceptMission)
[15:20:09] [GOAL] Yuriy achieved AcceptMission
[15:20:09] [COMBAT] Lasha Ivanov 'Badger' killed Pseudodog using wpn_fn2000
[15:20:09] [MISSION] Andriy arrived for ScoutPoi @ Cordon (travel=390m, work=211s game)
[15:20:10] [INBOUND] Initial +2 ctx.Stalkers, +1 mutants (remaining S=953 M=638)
[15:20:10] [MISSION] Andriy accepted ScoutPoi @ Chernobyl NPP (190 RU)
[15:20:10] [TASK] Andriy → AcceptMission [ScoutPoi] (goal=AcceptMission)
[15:20:10] [GOAL] Andriy achieved AcceptMission
[15:20:10] [TASK] Yuriy → FulfillMission [ScoutPoi] (goal=CompleteMission)
[15:20:10] [MISSION] Yuriy objective done ScoutPoi @ Makeshift Outpost → return to Jupiter (Pripyat Industrial)
[15:20:10] [TASK] Tobias → FulfillMission [ScoutPoi] (goal=CompleteMission)
[15:20:10] [MISSION] Tobias objective done ScoutPoi @ Overgrown Bunker → return to Duga Radar
[15:20:10] [TASK] Nikolai → FulfillMission [ScoutPoi] (goal=CompleteMission)
[15:20:10] [MISSION] Nikolai objective done ScoutPoi @ Sunken Outpost → return to Zaton
[15:20:10] [TASK] Serhiy → FulfillMission [ScoutPoi] (goal=CompleteMission)
[15:20:10] [MISSION] Serhiy objective done ScoutPoi @ Machine Yard → return to Cordon
[15:20:10] [TASK] Alexei → FulfillMission [ScoutPoi] (goal=CompleteMission)
[15:20:10] [MISSION] Alexei objective done ScoutPoi @ Forgotten Outpost → return to Meadow
[15:20:10] [TASK] Taras → FulfillMission [ScoutPoi] (goal=CompleteMission)
[15:20:10] [MISSION] Taras objective done ScoutPoi @ Sunken Outpost → return to Zaton
[15:20:10] [TASK] Yuriy → FulfillMission [ScoutPoi] (goal=CompleteMission)
[15:20:10] [MISSION] Yuriy objective done ScoutPoi @ Forgotten Outpost → return to Meadow
[15:20:10] [COMBAT] Taras Volkov 'Stitches' killed Poltergeist using wpn_ak74
[15:20:10] [MISSION] Andriy arrived for ScoutPoi @ Cordon (travel=390m, work=211s game)
[15:20:10] [COMBAT] Ivan Petrenko 'Razor' killed Poltergeist using wpn_vintorez
[15:20:11] [INBOUND] Initial +2 ctx.Stalkers, +1 mutants (remaining S=951 M=637)
[15:20:11] [TASK] Yuriy → TurnInMission [ScoutPoi] (goal=CompleteMission)
[15:20:11] [MISSION] Yuriy turned in ScoutPoi @ Jupiter (Pripyat Industrial) (+190 RU)
[15:20:11] [GOAL] Yuriy achieved CompleteMission
[15:20:11] [TASK] Tobias → TurnInMission [ScoutPoi] (goal=CompleteMission)
[15:20:11] [MISSION] Tobias turned in ScoutPoi @ Duga Radar (+160 RU)
[15:20:11] [GOAL] Tobias achieved CompleteMission
[15:20:11] [TASK] Nikolai → TurnInMission [ScoutPoi] (goal=CompleteMission)
[15:20:11] [MISSION] Nikolai turned in ScoutPoi @ Zaton (+184 RU)
[15:20:11] [GOAL] Nikolai achieved CompleteMission
[15:20:11] [TASK] Serhiy → TurnInMission [ScoutPoi] (goal=CompleteMission)
[15:20:11] [MISSION] Serhiy turned in ScoutPoi @ Cordon (+160 RU)
[15:20:11] [GOAL] Serhiy achieved CompleteMission
[15:20:11] [TASK] Alexei → TurnInMission [ScoutPoi] (goal=CompleteMission)
[15:20:11] [MISSION] Alexei turned in ScoutPoi @ Meadow (+160 RU)
[15:20:11] [GOAL] Alexei achieved CompleteMission
[15:20:11] [TASK] Taras → TurnInMission [ScoutPoi] (goal=CompleteMission)
[15:20:11] [MISSION] Taras turned in ScoutPoi @ Zaton (+184 RU)
[15:20:11] [GOAL] Taras achieved CompleteMission
[15:20:11] [TASK] Yuriy → TurnInMission [ScoutPoi] (goal=CompleteMission)
[15:20:11] [MISSION] Yuriy turned in ScoutPoi @ Meadow (+160 RU)
[15:20:11] [GOAL] Yuriy achieved CompleteMission
[15:20:11] [MISSION] Yuriy accepted ScoutPoi @ Jupiter (Pripyat Industrial) (190 RU)
[15:20:11] [TASK] Yuriy → AcceptMission [ScoutPoi] (goal=AcceptMission)
[15:20:11] [GOAL] Yuriy achieved AcceptMission
[15:20:11] [MISSION] Tobias accepted ScoutPoi @ Duga Radar (160 RU)
[15:20:11] [TASK] Tobias → AcceptMission [ScoutPoi] (goal=AcceptMission)
[15:20:11] [GOAL] Tobias achieved AcceptMission
[15:20:11] [MISSION] Nikolai accepted ScoutPoi @ Zaton (184 RU)
[15:20:11] [TASK] Nikolai → AcceptMission [ScoutPoi] (goal=AcceptMission)
[15:20:11] [GOAL] Nikolai achieved AcceptMission
[15:20:11] [MISSION] Serhiy accepted ScoutPoi @ Cordon (160 RU)
[15:20:11] [TASK] Serhiy → AcceptMission [ScoutPoi] (goal=AcceptMission)
[15:20:11] [GOAL] Serhiy achieved AcceptMission
[15:20:11] [MISSION] Alexei accepted ScoutPoi @ Meadow (160 RU)
[15:20:11] [TASK] Alexei → AcceptMission [ScoutPoi] (goal=AcceptMission)
[15:20:11] [GOAL] Alexei achieved AcceptMission
[15:20:11] [MISSION] Taras accepted ScoutPoi @ Zaton (184 RU)
[15:20:11] [TASK] Taras → AcceptMission [ScoutPoi] (goal=AcceptMission)
[15:20:11] [GOAL] Taras achieved AcceptMission
[15:20:11] [MISSION] Yuriy accepted ScoutPoi @ Meadow (160 RU)
[15:20:11] [TASK] Yuriy → AcceptMission [ScoutPoi] (goal=AcceptMission)
[15:20:11] [GOAL] Yuriy achieved AcceptMission
[15:20:12] [MISSION] Andriy arrived for ScoutPoi @ Cordon (travel=390m, work=211s game)
[15:20:12] [COMBAT] Jake Kovalenko 'The Butcher' killed Timur Bondarenko 'Stitch' using wpn_m4a1
[15:20:12] [GEAR] Jake looted [wpn_sg550, arm_exo, helm_helm_ranger] via combat
[15:20:13] [INBOUND] Initial +2 ctx.Stalkers, +2 mutants (remaining S=949 M=635)
[15:20:13] [MISSION] Vasyl accepted ScoutPoi @ Jupiter (Pripyat Industrial) (190 RU)
[15:20:13] [TASK] Vasyl → AcceptMission [ScoutPoi] (goal=AcceptMission)
[15:20:13] [GOAL] Vasyl achieved AcceptMission
[15:20:13] [COMBAT] Alexei Sokolov 'Mole' killed Lurker using wpn_pkm
[15:20:13] [MISSION] Frank accepted ScoutPoi @ Cordon (160 RU)
[15:20:13] [TASK] Frank → AcceptMission [ScoutPoi] (goal=AcceptMission)
[15:20:13] [GOAL] Frank achieved AcceptMission
[15:20:14] [MISSION] Andriy arrived for ScoutPoi @ Cordon (travel=390m, work=211s game)
[15:20:14] [INBOUND] Initial +2 ctx.Stalkers, +1 mutants (remaining S=947 M=634)
[15:20:14] [COMBAT] Oleg Ivanov 'Jackal' killed Sergei Sokolov 'Viper' using wpn_toz34
[15:20:14] [GEAR] Oleg looted [wpn_gauss, out_specops_outfit, helm_tactic] via combat
[15:20:14] [COMBAT] Nikolai Petrenko 'Crow' killed Boar using wpn_ak74
[15:20:14] [COMBAT] Ivan Ivanov 'Shadow' killed Bloodsucker using wpn_vintorez
[15:20:15] [TASK] Alibek → FulfillMission [ScoutPoi] (goal=CompleteMission)
[15:20:15] [MISSION] Alibek objective done ScoutPoi @ Sunken Camp → return to Chernobyl Town
[15:20:15] [TASK] Oleksiy → FulfillMission [ScoutPoi] (goal=CompleteMission)
[15:20:15] [MISSION] Oleksiy objective done ScoutPoi @ Hidden Cairn → return to Dark Valley
[15:20:15] [TASK] Dmytro → FulfillMission [ScoutPoi] (goal=CompleteMission)
[15:20:15] [MISSION] Dmytro objective done ScoutPoi @ Sunken Shelter → return to Kopachi
[15:20:15] [TASK] Vasyl → FulfillMission [ScoutPoi] (goal=CompleteMission)
[15:20:15] [MISSION] Vasyl objective done ScoutPoi @ Sunken Shack → return to Yantar
[15:20:15] [TASK] Bohdan → FulfillMission [ScoutPoi] (goal=CompleteMission)
[15:20:15] [MISSION] Bohdan objective done ScoutPoi @ Sunken Outpost → return to Zaton
[15:20:15] [TASK] Mykola → FulfillMission [ScoutPoi] (goal=CompleteMission)
[15:20:15] [MISSION] Mykola objective done ScoutPoi @ Makeshift Outpost → return to Jupiter (Pripyat Industrial)
[15:20:15] [TASK] Taras → FulfillMission [ScoutPoi] (goal=CompleteMission)
[15:20:15] [MISSION] Taras objective done ScoutPoi @ Abandoned Outpost → return to Limansk
[15:20:15] [TASK] Viktor → FulfillMission [ScoutPoi] (goal=CompleteMission)
[15:20:15] [MISSION] Viktor objective done ScoutPoi @ Makeshift Outpost → return to Jupiter (Pripyat Industrial)
[15:20:15] [TASK] Dmytro → FulfillMission [ScoutPoi] (goal=CompleteMission)
[15:20:15] [MISSION] Dmytro objective done ScoutPoi @ Sunken Outpost → return to Zaton
[15:20:15] [TASK] Vasyl → FulfillMission [ScoutPoi] (goal=CompleteMission)
[15:20:15] [MISSION] Vasyl objective done ScoutPoi @ Sunken Shelter → return to Kopachi
[15:20:15] [TASK] Jake → FulfillMission [ScoutPoi] (goal=CompleteMission)
[15:20:15] [MISSION] Jake objective done ScoutPoi @ Overgrown Bunker → return to Duga Radar
[15:20:15] [TASK] Bakhyt → FulfillMission [ScoutPoi] (goal=CompleteMission)
[15:20:15] [MISSION] Bakhyt objective done ScoutPoi @ Overgrown Shack → return to Garbage
[15:20:15] [TASK] Yuriy → FulfillMission [ScoutPoi] (goal=CompleteMission)
[15:20:15] [MISSION] Yuriy objective done ScoutPoi @ Makeshift Outpost → return to Jupiter (Pripyat Industrial)
[15:20:15] [TASK] Tobias → FulfillMission [ScoutPoi] (goal=CompleteMission)
[15:20:15] [MISSION] Tobias objective done ScoutPoi @ Overgrown Bunker → return to Duga Radar
[15:20:15] [TASK] Nikolai → FulfillMission [ScoutPoi] (goal=CompleteMission)
[15:20:15] [MISSION] Nikolai objective done ScoutPoi @ Sunken Outpost → return to Zaton
[15:20:15] [TASK] Serhiy → FulfillMission [ScoutPoi] (goal=CompleteMission)
[15:20:15] [MISSION] Serhiy objective done ScoutPoi @ Machine Yard → return to Cordon
[15:20:15] [TASK] Alexei → FulfillMission [ScoutPoi] (goal=CompleteMission)
[15:20:15] [MISSION] Alexei objective done ScoutPoi @ Forgotten Outpost → return to Meadow
[15:20:15] [TASK] Taras → FulfillMission [ScoutPoi] (goal=CompleteMission)
[15:20:15] [MISSION] Taras objective done ScoutPoi @ Sunken Outpost → return to Zaton
[15:20:15] [TASK] Yuriy → FulfillMission [ScoutPoi] (goal=CompleteMission)
[15:20:15] [MISSION] Yuriy objective done ScoutPoi @ Forgotten Outpost → return to Meadow
[15:20:15] [TASK] Andriy → FulfillMission [ScoutPoi] (goal=CompleteMission)
[15:20:15] [MISSION] Andriy objective done ScoutPoi @ Abandoned Outpost → return to Chernobyl NPP
[15:20:15] [TASK] Vasyl → FulfillMission [ScoutPoi] (goal=CompleteMission)
[15:20:15] [MISSION] Vasyl objective done ScoutPoi @ Makeshift Outpost → return to Jupiter (Pripyat Industrial)
[15:20:15] [TASK] Ivan → FulfillMission [ScoutPoi] (goal=CompleteMission)
[15:20:15] [MISSION] Ivan objective done ScoutPoi @ Forgotten Outpost → return to Radar (Brain Scorcher)
[15:20:15] [TASK] Mikhail → FulfillMission [ScoutPoi] (goal=CompleteMission)
[15:20:15] [MISSION] Mikhail objective done ScoutPoi @ Forgotten Outpost → return to Radar (Brain Scorcher)
[15:20:15] [TASK] Lasha → FulfillMission [ScoutPoi] (goal=CompleteMission)
[15:20:15] [MISSION] Lasha objective done ScoutPoi @ Overgrown Bunker → return to Duga Radar
[15:20:15] [TASK] Mikhail → FulfillMission [ScoutPoi] (goal=CompleteMission)
[15:20:15] [MISSION] Mikhail objective done ScoutPoi @ Forgotten Outpost → return to Radar (Brain Scorcher)
[15:20:15] [TASK] Armen → FulfillMission [ScoutPoi] (goal=CompleteMission)
[15:20:15] [MISSION] Armen objective done ScoutPoi @ Rain Barrel Stop → return to Wild Territory
[15:20:15] [TASK] Frank → FulfillMission [ScoutPoi] (goal=CompleteMission)
[15:20:15] [MISSION] Frank objective done ScoutPoi @ Machine Yard → return to Cordon
[15:20:15] [TASK] Oleg → FulfillMission [ScoutPoi] (goal=CompleteMission)
[15:20:15] [MISSION] Oleg objective done ScoutPoi @ Makeshift Outpost → return to Jupiter (Pripyat Industrial)
[15:20:15] [TASK] Alexei → FulfillMission [ScoutPoi] (goal=CompleteMission)
[15:20:15] [MISSION] Alexei objective done ScoutPoi @ Sunken Camp → return to Chernobyl Town
[15:20:15] [TASK] Alibek → FulfillMission [ScoutPoi] (goal=CompleteMission)
[15:20:15] [MISSION] Alibek objective done ScoutPoi @ Makeshift Outpost → return to Jupiter (Pripyat Industrial)
[15:20:15] [TASK] Bohdan → FulfillMission [ScoutPoi] (goal=CompleteMission)
[15:20:15] [MISSION] Bohdan objective done ScoutPoi @ Overgrown Bunker → return to Duga Radar
[15:20:15] [TASK] Vasyl → FulfillMission [ScoutPoi] (goal=CompleteMission)
[15:20:15] [MISSION] Vasyl objective done ScoutPoi @ Forgotten Outpost → return to Radar (Brain Scorcher)
[15:20:15] [TASK] Andriy → FulfillMission [ScoutPoi] (goal=CompleteMission)
[15:20:15] [MISSION] Andriy objective done ScoutPoi @ Cordon → return to Great Swamps
[15:20:15] [TASK] Oleg → FulfillMission [ScoutPoi] (goal=CompleteMission)
[15:20:15] [MISSION] Oleg objective done ScoutPoi @ Sunken Shack → return to Yantar
[15:20:15] [TASK] Dmitri → FulfillMission [ScoutPoi] (goal=CompleteMission)
[15:20:15] [MISSION] Dmitri objective done ScoutPoi @ Cordon → return to Great Swamps
[15:20:15] [TASK] Jake → FulfillMission [ScoutPoi] (goal=CompleteMission)
[15:20:15] [MISSION] Jake objective done ScoutPoi @ Overgrown Bunker → return to Duga Radar
[15:20:15] [TASK] Pavel → FulfillMission [ScoutPoi] (goal=CompleteMission)
[15:20:15] [MISSION] Pavel objective done ScoutPoi @ Forgotten Outpost → return to Meadow
[15:20:15] [TASK] Mykola → FulfillMission [ScoutPoi] (goal=CompleteMission)
[15:20:15] [MISSION] Mykola objective done ScoutPoi @ Cordon → return to Great Swamps
[15:20:15] [INBOUND] Initial +2 ctx.Stalkers, +2 mutants (remaining S=945 M=632)
[15:20:15] [TASK] Ivan → TurnInMission [ScoutPoi] (goal=CompleteMission)
[15:20:15] [MISSION] Ivan turned in ScoutPoi @ Radar (Brain Scorcher) (+176 RU)
[15:20:15] [GOAL] Ivan achieved CompleteMission
[15:20:15] [TASK] Mikhail → TurnInMission [ScoutPoi] (goal=CompleteMission)
[15:20:15] [MISSION] Mikhail turned in ScoutPoi @ Radar (Brain Scorcher) (+176 RU)
[15:20:15] [GOAL] Mikhail achieved CompleteMission
[15:20:15] [TASK] Lasha → TurnInMission [ScoutPoi] (goal=CompleteMission)
[15:20:15] [MISSION] Lasha turned in ScoutPoi @ Duga Radar (+160 RU)
[15:20:15] [GOAL] Lasha achieved CompleteMission
[15:20:15] [TASK] Mikhail → TurnInMission [ScoutPoi] (goal=CompleteMission)
[15:20:15] [MISSION] Mikhail turned in ScoutPoi @ Radar (Brain Scorcher) (+176 RU)
[15:20:15] [GOAL] Mikhail achieved CompleteMission
[15:20:15] [TASK] Armen → TurnInMission [ScoutPoi] (goal=CompleteMission)
[15:20:15] [MISSION] Armen turned in ScoutPoi @ Wild Territory (+190 RU)
[15:20:15] [GOAL] Armen achieved CompleteMission
[15:20:15] [TASK] Frank → TurnInMission [ScoutPoi] (goal=CompleteMission)
[15:20:15] [MISSION] Frank turned in ScoutPoi @ Cordon (+160 RU)
[15:20:15] [GOAL] Frank achieved CompleteMission
[15:20:15] [TASK] Oleg → TurnInMission [ScoutPoi] (goal=CompleteMission)
[15:20:15] [MISSION] Oleg turned in ScoutPoi @ Jupiter (Pripyat Industrial) (+190 RU)
[15:20:15] [GOAL] Oleg achieved CompleteMission
[15:20:15] [TASK] Alexei → TurnInMission [ScoutPoi] (goal=CompleteMission)
[15:20:15] [MISSION] Alexei turned in ScoutPoi @ Chernobyl Town (+160 RU)
[15:20:15] [GOAL] Alexei achieved CompleteMission
[15:20:15] [TASK] Alibek → TurnInMission [ScoutPoi] (goal=CompleteMission)
[15:20:15] [MISSION] Alibek turned in ScoutPoi @ Jupiter (Pripyat Industrial) (+190 RU)
[15:20:15] [GOAL] Alibek achieved CompleteMission
[15:20:15] [TASK] Bohdan → TurnInMission [ScoutPoi] (goal=CompleteMission)
[15:20:15] [MISSION] Bohdan turned in ScoutPoi @ Duga Radar (+160 RU)
[15:20:15] [GOAL] Bohdan achieved CompleteMission
[15:20:15] [TASK] Vasyl → TurnInMission [ScoutPoi] (goal=CompleteMission)
[15:20:15] [MISSION] Vasyl turned in ScoutPoi @ Radar (Brain Scorcher) (+176 RU)
[15:20:15] [GOAL] Vasyl achieved CompleteMission
[15:20:15] [TASK] Jake → TurnInMission [ScoutPoi] (goal=CompleteMission)
[15:20:15] [MISSION] Jake turned in ScoutPoi @ Duga Radar (+160 RU)
[15:20:15] [GOAL] Jake achieved CompleteMission
[15:20:15] [TASK] Alibek → TurnInMission [ScoutPoi] (goal=CompleteMission)
[15:20:15] [MISSION] Alibek turned in ScoutPoi @ Chernobyl Town (+160 RU)
[15:20:15] [GOAL] Alibek achieved CompleteMission
[15:20:15] [TASK] Bohdan → TurnInMission [ScoutPoi] (goal=CompleteMission)
[15:20:15] [MISSION] Bohdan turned in ScoutPoi @ Zaton (+184 RU)
[15:20:15] [GOAL] Bohdan achieved CompleteMission
[15:20:15] [TASK] Mykola → TurnInMission [ScoutPoi] (goal=CompleteMission)
[15:20:15] [MISSION] Mykola turned in ScoutPoi @ Jupiter (Pripyat Industrial) (+190 RU)
[15:20:15] [GOAL] Mykola achieved CompleteMission
[15:20:15] [TASK] Viktor → TurnInMission [ScoutPoi] (goal=CompleteMission)
[15:20:15] [MISSION] Viktor turned in ScoutPoi @ Jupiter (Pripyat Industrial) (+190 RU)
[15:20:15] [GOAL] Viktor achieved CompleteMission
[15:20:15] [TASK] Dmytro → TurnInMission [ScoutPoi] (goal=CompleteMission)
[15:20:15] [MISSION] Dmytro turned in ScoutPoi @ Zaton (+184 RU)
[15:20:15] [GOAL] Dmytro achieved CompleteMission
[15:20:15] [TASK] Jake → TurnInMission [ScoutPoi] (goal=CompleteMission)
[15:20:15] [MISSION] Jake turned in ScoutPoi @ Duga Radar (+160 RU)
[15:20:15] [GOAL] Jake achieved CompleteMission
[15:20:15] [TASK] Bakhyt → TurnInMission [ScoutPoi] (goal=CompleteMission)
[15:20:15] [MISSION] Bakhyt turned in ScoutPoi @ Garbage (+160 RU)
[15:20:15] [GOAL] Bakhyt achieved CompleteMission
[15:20:15] [TASK] Yuriy → TurnInMission [ScoutPoi] (goal=CompleteMission)
[15:20:15] [MISSION] Yuriy turned in ScoutPoi @ Jupiter (Pripyat Industrial) (+190 RU)
[15:20:15] [GOAL] Yuriy achieved CompleteMission
[15:20:16] [TASK] Tobias → TurnInMission [ScoutPoi] (goal=CompleteMission)
[15:20:16] [MISSION] Tobias turned in ScoutPoi @ Duga Radar (+160 RU)
[15:20:16] [GOAL] Tobias achieved CompleteMission
[15:20:16] [TASK] Nikolai → TurnInMission [ScoutPoi] (goal=CompleteMission)
[15:20:16] [MISSION] Nikolai turned in ScoutPoi @ Zaton (+184 RU)
[15:20:16] [GOAL] Nikolai achieved CompleteMission
[15:20:16] [TASK] Taras → TurnInMission [ScoutPoi] (goal=CompleteMission)
[15:20:16] [MISSION] Taras turned in ScoutPoi @ Zaton (+184 RU)
[15:20:16] [GOAL] Taras achieved CompleteMission
[15:20:16] [TASK] Yuriy → TurnInMission [ScoutPoi] (goal=CompleteMission)
[15:20:16] [MISSION] Yuriy turned in ScoutPoi @ Meadow (+160 RU)
[15:20:16] [GOAL] Yuriy achieved CompleteMission
[15:20:16] [TASK] Andriy → TurnInMission [ScoutPoi] (goal=CompleteMission)
[15:20:16] [MISSION] Andriy turned in ScoutPoi @ Chernobyl NPP (+190 RU)
[15:20:16] [GOAL] Andriy achieved CompleteMission
[15:20:16] [TASK] Vasyl → TurnInMission [ScoutPoi] (goal=CompleteMission)
[15:20:16] [MISSION] Vasyl turned in ScoutPoi @ Jupiter (Pripyat Industrial) (+190 RU)
[15:20:16] [GOAL] Vasyl achieved CompleteMission
[15:20:16] [MISSION] Ivan accepted ScoutPoi @ Radar (Brain Scorcher) (176 RU)
[15:20:16] [TASK] Ivan → AcceptMission [ScoutPoi] (goal=AcceptMission)
[15:20:16] [GOAL] Ivan achieved AcceptMission
[15:20:16] [MISSION] Mikhail accepted ScoutPoi @ Radar (Brain Scorcher) (176 RU)
[15:20:16] [TASK] Mikhail → AcceptMission [ScoutPoi] (goal=AcceptMission)
[15:20:16] [GOAL] Mikhail achieved AcceptMission
[15:20:16] [MISSION] Lasha accepted ScoutPoi @ Duga Radar (160 RU)
[15:20:16] [TASK] Lasha → AcceptMission [ScoutPoi] (goal=AcceptMission)
[15:20:16] [GOAL] Lasha achieved AcceptMission
[15:20:16] [MISSION] Mikhail accepted ScoutPoi @ Radar (Brain Scorcher) (176 RU)
[15:20:16] [TASK] Mikhail → AcceptMission [ScoutPoi] (goal=AcceptMission)
[15:20:16] [GOAL] Mikhail achieved AcceptMission
[15:20:16] [MISSION] Armen accepted ScoutPoi @ Wild Territory (190 RU)
[15:20:16] [TASK] Armen → AcceptMission [ScoutPoi] (goal=AcceptMission)
[15:20:16] [GOAL] Armen achieved AcceptMission
[15:20:16] [MISSION] Frank accepted ScoutPoi @ Cordon (160 RU)
[15:20:16] [TASK] Frank → AcceptMission [ScoutPoi] (goal=AcceptMission)
[15:20:16] [GOAL] Frank achieved AcceptMission
[15:20:16] [MISSION] Oleg accepted ScoutPoi @ Jupiter (Pripyat Industrial) (190 RU)
[15:20:16] [TASK] Oleg → AcceptMission [ScoutPoi] (goal=AcceptMission)
[15:20:16] [GOAL] Oleg achieved AcceptMission
[15:20:16] [MISSION] Alexei accepted ScoutPoi @ Chernobyl Town (160 RU)
[15:20:16] [TASK] Alexei → AcceptMission [ScoutPoi] (goal=AcceptMission)
[15:20:16] [GOAL] Alexei achieved AcceptMission
[15:20:16] [MISSION] Alibek accepted ScoutPoi @ Jupiter (Pripyat Industrial) (190 RU)
[15:20:16] [TASK] Alibek → AcceptMission [ScoutPoi] (goal=AcceptMission)
[15:20:16] [GOAL] Alibek achieved AcceptMission
[15:20:16] [MISSION] Bohdan accepted ScoutPoi @ Duga Radar (160 RU)
[15:20:16] [TASK] Bohdan → AcceptMission [ScoutPoi] (goal=AcceptMission)
[15:20:16] [GOAL] Bohdan achieved AcceptMission
[15:20:16] [MISSION] Vasyl accepted ScoutPoi @ Radar (Brain Scorcher) (176 RU)
[15:20:16] [TASK] Vasyl → AcceptMission [ScoutPoi] (goal=AcceptMission)
[15:20:16] [GOAL] Vasyl achieved AcceptMission
[15:20:16] [MISSION] Jake accepted ScoutPoi @ Duga Radar (160 RU)
[15:20:16] [TASK] Jake → AcceptMission [ScoutPoi] (goal=AcceptMission)
[15:20:16] [GOAL] Jake achieved AcceptMission
[15:20:16] [MISSION] Alibek accepted ScoutPoi @ Chernobyl Town (160 RU)
[15:20:16] [TASK] Alibek → AcceptMission [ScoutPoi] (goal=AcceptMission)
[15:20:16] [GOAL] Alibek achieved AcceptMission
[15:20:16] [MISSION] Bohdan accepted ScoutPoi @ Zaton (184 RU)
[15:20:16] [TASK] Bohdan → AcceptMission [ScoutPoi] (goal=AcceptMission)
[15:20:16] [GOAL] Bohdan achieved AcceptMission
[15:20:16] [MISSION] Mykola accepted ScoutPoi @ Jupiter (Pripyat Industrial) (190 RU)
[15:20:16] [TASK] Mykola → AcceptMission [ScoutPoi] (goal=AcceptMission)
[15:20:16] [GOAL] Mykola achieved AcceptMission
[15:20:16] [MISSION] Viktor accepted ScoutPoi @ Jupiter (Pripyat Industrial) (190 RU)
[15:20:16] [TASK] Viktor → AcceptMission [ScoutPoi] (goal=AcceptMission)
[15:20:16] [GOAL] Viktor achieved AcceptMission
[15:20:16] [MISSION] Dmytro accepted ScoutPoi @ Zaton (184 RU)
[15:20:16] [TASK] Dmytro → AcceptMission [ScoutPoi] (goal=AcceptMission)
[15:20:16] [GOAL] Dmytro achieved AcceptMission
[15:20:16] [MISSION] Jake accepted ScoutPoi @ Duga Radar (160 RU)
[15:20:16] [TASK] Jake → AcceptMission [ScoutPoi] (goal=AcceptMission)
[15:20:16] [GOAL] Jake achieved AcceptMission
[15:20:16] [MISSION] Bakhyt accepted ScoutPoi @ Garbage (160 RU)
[15:20:16] [TASK] Bakhyt → AcceptMission [ScoutPoi] (goal=AcceptMission)
[15:20:16] [GOAL] Bakhyt achieved AcceptMission
[15:20:16] [MISSION] Yuriy accepted ScoutPoi @ Jupiter (Pripyat Industrial) (190 RU)
[15:20:16] [TASK] Yuriy → AcceptMission [ScoutPoi] (goal=AcceptMission)
[15:20:16] [GOAL] Yuriy achieved AcceptMission
[15:20:16] [MISSION] Tobias accepted ScoutPoi @ Duga Radar (160 RU)
[15:20:16] [TASK] Tobias → AcceptMission [ScoutPoi] (goal=AcceptMission)
[15:20:16] [GOAL] Tobias achieved AcceptMission
[15:20:16] [MISSION] Nikolai accepted ScoutPoi @ Zaton (184 RU)
[15:20:16] [TASK] Nikolai → AcceptMission [ScoutPoi] (goal=AcceptMission)
[15:20:16] [GOAL] Nikolai achieved AcceptMission
[15:20:16] [MISSION] Taras accepted ScoutPoi @ Deserted Hospital (236 RU)
[15:20:16] [TASK] Taras → AcceptMission [ScoutPoi] (goal=AcceptMission)
[15:20:16] [GOAL] Taras achieved AcceptMission
[15:20:16] [MISSION] Yuriy accepted ScoutPoi @ Meadow (160 RU)
[15:20:16] [TASK] Yuriy → AcceptMission [ScoutPoi] (goal=AcceptMission)
[15:20:16] [GOAL] Yuriy achieved AcceptMission
[15:20:16] [MISSION] Andriy accepted ScoutPoi @ Chernobyl NPP (190 RU)
[15:20:16] [TASK] Andriy → AcceptMission [ScoutPoi] (goal=AcceptMission)
[15:20:16] [GOAL] Andriy achieved AcceptMission
[15:20:16] [MISSION] Vasyl accepted ScoutPoi @ Jupiter (Pripyat Industrial) (190 RU)
[15:20:16] [TASK] Vasyl → AcceptMission [ScoutPoi] (goal=AcceptMission)
[15:20:16] [GOAL] Vasyl achieved AcceptMission
[15:20:19] [COMBAT] Pavel Melnyk 'Wolf' killed Snork using wpn_pkm
[15:20:19] [INBOUND] Initial +2 ctx.Stalkers, +1 mutants (remaining S=943 M=631)
[15:20:20] [COMBAT] Sergei Ivanov 'Ghost' killed Viktor Shevchenko 'Badger' using wpn_ak74
[15:20:20] [GEAR] Sergei looted [helm_helm_respirator_old] via combat
[15:20:20] [MISSION] Andrei accepted ScoutPoi @ Deserted Hospital (236 RU)
[15:20:20] [TASK] Andrei → AcceptMission [ScoutPoi] (goal=AcceptMission)
[15:20:20] [GOAL] Andrei achieved AcceptMission
[15:20:20] [COMBAT] Zura Bondarenko 'Bone' killed Flesh using wpn_pkm
[15:20:21] [INBOUND] Initial +3 ctx.Stalkers, +1 mutants (remaining S=940 M=630)
[15:20:21] [MISSION] Mikhail accepted ScoutPoi @ Chernobyl NPP (190 RU)
[15:20:21] [TASK] Mikhail → AcceptMission [ScoutPoi] (goal=AcceptMission)
[15:20:21] [GOAL] Mikhail achieved AcceptMission
[15:20:21] [COMBAT] Heinrich Volkov 'Ash' killed Burer using wpn_rpg7
[15:20:22] [INBOUND] Initial +2 ctx.Stalkers, +2 mutants (remaining S=938 M=628)
[15:20:22] [MISSION] Alexei accepted ScoutPoi @ Radar (Brain Scorcher) (176 RU)
[15:20:22] [TASK] Alexei → AcceptMission [ScoutPoi] (goal=AcceptMission)
[15:20:22] [GOAL] Alexei achieved AcceptMission
[15:20:23] [COMBAT] Bohdan Melnyk 'The Butcher' killed Fracture using wpn_l96a1
[15:20:23] [COMBAT] Taras Volkov 'Stitches' killed Bloodsucker using wpn_ak74
[15:20:23] [INBOUND] Initial +2 ctx.Stalkers, +1 mutants (remaining S=936 M=627)
[15:20:23] [COMBAT] Vasyl Kovalenko 'Phantom' killed Snork using wpn_ak74
[15:20:23] [MISSION] Vasyl accepted ScoutPoi @ Army Warehouses (160 RU)
[15:20:23] [TASK] Vasyl → AcceptMission [ScoutPoi] (goal=AcceptMission)
[15:20:23] [GOAL] Vasyl achieved AcceptMission
[15:20:24] [COMBAT] Oleg Shevchenko 'Viper' killed Frank Shevchenko 'Ash' using wpn_ak74m
[15:20:24] [GEAR] Oleg looted [wpn_fn2000] via combat
[15:20:24] [INBOUND] Initial +2 ctx.Stalkers, +1 mutants (remaining S=934 M=626)
[15:20:24] [CORPSE] Despawned 24 bodies (lifetime=207)
[15:20:25] [COMBAT] Giorgi Melnyk 'Shadow' killed Tushkano using wpn_ak74m
[15:20:25] [COMBAT] Jake Bondarenko 'Lucky' killed Bloodsucker using wpn_rpg7
[15:20:25] [COMBAT] Igor Sokolov 'Bullet' killed Snork using wpn_val
[15:20:26] [INBOUND] Initial +2 ctx.Stalkers, +2 mutants (remaining S=932 M=624)
[15:20:26] [MISSION] Mikhail accepted ScoutPoi @ Jupiter (Pripyat Industrial) (190 RU)
[15:20:26] [TASK] Mikhail → AcceptMission [ScoutPoi] (goal=AcceptMission)
[15:20:26] [GOAL] Mikhail achieved AcceptMission
[15:20:26] [MISSION] Zura accepted ScoutPoi @ Wild Territory (190 RU)
[15:20:26] [TASK] Zura → AcceptMission [ScoutPoi] (goal=AcceptMission)
[15:20:26] [GOAL] Zura achieved AcceptMission
[15:20:26] [COMBAT] Dmitri Ivanov 'Raven' killed Snork using wpn_rg6
[15:20:27] [COMBAT] Vasyl Sokolov 'Raven' killed Vasyl Sokolov 'Raven' using wpn_vintorez
[15:20:27] [GEAR] Vasyl looted [wpn_desert_eagle, arm_freedom] via combat
[15:20:27] [MISSION] Alexei accepted ScoutPoi @ Army Warehouses (160 RU)
[15:20:27] [TASK] Alexei → AcceptMission [ScoutPoi] (goal=AcceptMission)
[15:20:27] [GOAL] Alexei achieved AcceptMission
[15:20:27] [INBOUND] Initial +2 ctx.Stalkers, +1 mutants (remaining S=930 M=623)
[15:20:27] [MISSION] Sergei accepted ScoutPoi @ Kopachi (196 RU)
[15:20:27] [TASK] Sergei → AcceptMission [ScoutPoi] (goal=AcceptMission)
[15:20:27] [GOAL] Sergei achieved AcceptMission
[15:20:27] [COMBAT] Nikolai Bondarenko 'Scar' killed Bohdan Shevchenko 'Bullet' using wpn_gauss
[15:20:28] [INBOUND] Initial +2 ctx.Stalkers, +2 mutants (remaining S=928 M=621)
[15:20:28] [MISSION] Pierre accepted ScoutPoi @ Meadow (160 RU)
[15:20:28] [TASK] Pierre → AcceptMission [ScoutPoi] (goal=AcceptMission)
[15:20:28] [GOAL] Pierre achieved AcceptMission
[15:20:29] [COMBAT] Taras Sokolov 'Shadow' killed Pseudodog using wpn_vintorez
[15:20:30] [INBOUND] Initial +2 ctx.Stalkers, +1 mutants (remaining S=926 M=620)
[15:20:30] [COMBAT] Jake Volkov 'Viper' killed Poltergeist using wpn_ak74
[15:20:31] [INBOUND] Initial +2 ctx.Stalkers, +1 mutants (remaining S=924 M=619)
[15:20:31] [SNAPSHOT] real=5.7min game=D0 00:27 alive S=171 M=171 corpses=492 lootable=245 gammaGear out=94 helm=148 avgRU=908 leaderGoals trade=0 mission=27 emission=Dormant nextIn=49gmin desperate=0 hungry=0 interval deaths=48 combats=77 tasks=134 gearLoot=7 gearBuy=0 missions=88 corpseDespawn=48 trickleSpawns=0 ranks=[Rookie:156,Trainee:8,Experienced:3,Professional:3,Veteran:1] goals=[Idle:58,CompleteMission::26,Traveling:10,AcceptMission::1] leaders: Igor[Rookie/Idle], Armen[Rookie/Idle], Mikhail[Rookie/Idle], Mikhail[Veteran/CompleteMission:], Alexei[Rookie/CompleteMission:]
[15:20:31] [MISSION] Mikhail accepted ScoutPoi @ Kopachi (196 RU)
[15:20:31] [TASK] Mikhail → AcceptMission [ScoutPoi] (goal=AcceptMission)
[15:20:31] [GOAL] Mikhail achieved AcceptMission
[15:20:31] [TASK] Giorgi → TradeRun [poi_macro_1] (goal=VisitTrader)
[15:20:31] [GOAL] Giorgi achieved VisitTrader
[15:20:32] [MISSION] Giorgi accepted ScoutPoi @ Zalissya (184 RU)
[15:20:32] [TASK] Giorgi → AcceptMission [ScoutPoi] (goal=AcceptMission)
[15:20:32] [GOAL] Giorgi achieved AcceptMission
[15:20:32] [INBOUND] Initial +2 ctx.Stalkers, +2 mutants (remaining S=922 M=617)
[15:20:32] [COMBAT] Serhiy Shevchenko 'Spark' killed Burer using wpn_toz34
[15:20:32] [MISSION] Sean accepted ScoutPoi @ Dead City (Chernobyl-2 Settlement) (164 RU)
[15:20:32] [TASK] Sean → AcceptMission [ScoutPoi] (goal=AcceptMission)
[15:20:32] [GOAL] Sean achieved AcceptMission
[15:20:32] [COMBAT] Rustam Bondarenko 'Bone' killed Bloodsucker using wpn_aksu
[15:20:33] [COMBAT] Ivan Volkov 'Badger' killed Viktor Popov 'Badger' using wpn_pkm
[15:20:33] [GEAR] Ivan looted [helm_helm_m50] via combat
[15:20:33] [COMBAT] Bohdan Melnyk 'Viper' killed Fracture using wpn_fn2000
[15:20:33] [INBOUND] Initial +2 ctx.Stalkers, +1 mutants (remaining S=920 M=616)
[15:20:33] [MISSION] Vasyl accepted ScoutPoi @ Kopachi (196 RU)
[15:20:33] [TASK] Vasyl → AcceptMission [ScoutPoi] (goal=AcceptMission)
[15:20:33] [GOAL] Vasyl achieved AcceptMission
[15:20:33] [MISSION] Oleksiy accepted ScoutPoi @ Great Swamps (164 RU)
[15:20:33] [TASK] Oleksiy → AcceptMission [ScoutPoi] (goal=AcceptMission)
[15:20:33] [GOAL] Oleksiy achieved AcceptMission
[15:20:34] [COMBAT] Yuriy Ivanov 'Phantom' killed Lurker using wpn_ak74
[15:20:34] [COMBAT] Lasha Petrov 'Wolf' killed Pseudodog using wpn_svd
[15:20:34] [INBOUND] Initial +2 ctx.Stalkers, +2 mutants (remaining S=918 M=614)
[15:20:34] [COMBAT] Armen Bondarenko 'Shadow' killed Pseudodog using wpn_ak74
[15:20:34] [MISSION] Pavel accepted ScoutPoi @ Limansk (190 RU)
[15:20:34] [TASK] Pavel → AcceptMission [ScoutPoi] (goal=AcceptMission)
[15:20:34] [GOAL] Pavel achieved AcceptMission
[15:20:36] [INBOUND] Initial +2 ctx.Stalkers, +1 mutants (remaining S=916 M=613)
[15:20:36] [MISSION] Andrei accepted ScoutPoi @ Jupiter (Pripyat Industrial) (190 RU)
[15:20:36] [TASK] Andrei → AcceptMission [ScoutPoi] (goal=AcceptMission)
[15:20:36] [GOAL] Andrei achieved AcceptMission
[15:20:36] [COMBAT] Andrei Petrenko 'Raven' killed Bloodsucker using wpn_vintorez
[15:20:37] [INBOUND] Initial +3 ctx.Stalkers, +1 mutants (remaining S=913 M=612)
[15:20:37] [CORPSE] Despawned 21 bodies (lifetime=228)
[15:20:37] [MISSION] Andriy accepted ScoutPoi @ Chernobyl Town (160 RU)
[15:20:37] [TASK] Andriy → AcceptMission [ScoutPoi] (goal=AcceptMission)
[15:20:37] [GOAL] Andriy achieved AcceptMission
[15:20:37] [MISSION] Andriy accepted ScoutPoi @ Zalissya (184 RU)
[15:20:37] [TASK] Andriy → AcceptMission [ScoutPoi] (goal=AcceptMission)
[15:20:37] [GOAL] Andriy achieved AcceptMission
[15:20:38] [INBOUND] Initial +2 ctx.Stalkers, +2 mutants (remaining S=911 M=610)
[15:20:38] [MISSION] Damir accepted ScoutPoi @ Meadow (160 RU)
[15:20:38] [TASK] Damir → AcceptMission [ScoutPoi] (goal=AcceptMission)
[15:20:38] [GOAL] Damir achieved AcceptMission
[15:20:39] [INBOUND] Initial +2 ctx.Stalkers, +1 mutants (remaining S=909 M=609)
[15:20:39] [MISSION] Oleg accepted ScoutPoi @ Wild Territory (190 RU)
[15:20:39] [TASK] Oleg → AcceptMission [ScoutPoi] (goal=AcceptMission)
[15:20:39] [GOAL] Oleg achieved AcceptMission
[15:20:41] [INBOUND] Initial +2 ctx.Stalkers, +2 mutants (remaining S=907 M=607)
[15:20:41] [MISSION] Alexei accepted ScoutPoi @ Generators (236 RU)
[15:20:41] [TASK] Alexei → AcceptMission [ScoutPoi] (goal=AcceptMission)
[15:20:41] [GOAL] Alexei achieved AcceptMission
[15:20:42] [INBOUND] Initial +2 ctx.Stalkers, +1 mutants (remaining S=905 M=606)
[15:20:42] [MISSION] Dmitri accepted ScoutPoi @ Radar (Brain Scorcher) (176 RU)
[15:20:42] [TASK] Dmitri → AcceptMission [ScoutPoi] (goal=AcceptMission)
[15:20:42] [GOAL] Dmitri achieved AcceptMission
[15:20:43] [INBOUND] Initial +2 ctx.Stalkers, +1 mutants (remaining S=903 M=605)
[15:20:43] [MISSION] Pavel accepted ScoutPoi @ Rostok (164 RU)
[15:20:43] [TASK] Pavel → AcceptMission [ScoutPoi] (goal=AcceptMission)
[15:20:43] [GOAL] Pavel achieved AcceptMission
[15:20:44] [INBOUND] Initial +2 ctx.Stalkers, +2 mutants (remaining S=901 M=603)
[15:20:44] [MISSION] Bohdan accepted ScoutPoi @ Jupiter (Pripyat Industrial) (190 RU)
[15:20:44] [TASK] Bohdan → AcceptMission [ScoutPoi] (goal=AcceptMission)
[15:20:44] [GOAL] Bohdan achieved AcceptMission
[15:20:46] [INBOUND] Initial +2 ctx.Stalkers, +1 mutants (remaining S=899 M=602)
[15:20:46] [MISSION] Mykola accepted ScoutPoi @ Army Warehouses (160 RU)
[15:20:46] [TASK] Mykola → AcceptMission [ScoutPoi] (goal=AcceptMission)
[15:20:46] [GOAL] Mykola achieved AcceptMission
[15:20:46] [COMBAT] Taras Petrenko 'Lucky' killed Pseudodog using wpn_rg6
[15:20:46] [COMBAT] Vasyl Sokolov 'Shadow' killed Bloodsucker using wpn_vintorez
[15:20:47] [COMBAT] Lasha Petrov 'Wolf' killed PsyDog using wpn_svd
[15:20:47] [COMBAT] Alibek Bondarenko 'Stitch' killed Lurker using wpn_vintorez
[15:20:47] [INBOUND] Initial +2 ctx.Stalkers, +1 mutants (remaining S=897 M=601)
[15:20:47] [MISSION] Andrei accepted ScoutPoi @ Zaton (184 RU)
[15:20:47] [TASK] Andrei → AcceptMission [ScoutPoi] (goal=AcceptMission)
[15:20:47] [GOAL] Andrei achieved AcceptMission
[15:20:47] [COMBAT] Oleksiy Shevchenko 'Fox' killed PsyDog using wpn_toz34
[15:20:48] [INBOUND] Initial +2 ctx.Stalkers, +2 mutants (remaining S=895 M=599)
[15:20:48] [MISSION] Serhiy accepted ScoutPoi @ Zaton (184 RU)
[15:20:48] [TASK] Serhiy → AcceptMission [ScoutPoi] (goal=AcceptMission)
[15:20:48] [GOAL] Serhiy achieved AcceptMission
[15:20:48] [COMBAT] Oleg Kovalenko 'Mole' killed Bloodsucker using wpn_mp5
[15:20:50] [INBOUND] Initial +2 ctx.Stalkers, +1 mutants (remaining S=893 M=598)
[15:20:50] [CORPSE] Despawned 24 bodies (lifetime=252)
[15:20:50] [COMBAT] Taras Sokolov 'Shadow' killed Sean Volkov 'Stitches' using wpn_vintorez
[15:20:51] [INBOUND] Initial +2 ctx.Stalkers, +2 mutants (remaining S=891 M=596)
[15:20:51] [MISSION] Oleksiy accepted ScoutPoi @ Chernobyl NPP (190 RU)
[15:20:51] [TASK] Oleksiy → AcceptMission [ScoutPoi] (goal=AcceptMission)
[15:20:51] [GOAL] Oleksiy achieved AcceptMission
[15:20:52] [INBOUND] Initial +2 ctx.Stalkers, +1 mutants (remaining S=889 M=595)
[15:20:52] [MISSION] Igor accepted ScoutPoi @ Wild Territory (190 RU)
[15:20:52] [TASK] Igor → AcceptMission [ScoutPoi] (goal=AcceptMission)
[15:20:52] [GOAL] Igor achieved AcceptMission
[15:20:53] [COMBAT] Vasyl Sokolov 'Raven' killed Snork using wpn_vintorez
[15:20:53] [COMBAT] Serhiy Kovalenko 'Phantom' killed Giorgi Melnyk 'Shadow' using wpn_aksu
[15:20:53] [GEAR] Serhiy looted [wpn_ak74m, wpn_fort12, out_specops_outfit] via combat
[15:20:53] [COMBAT] Oleksiy Shevchenko 'Badger' killed Burer using wpn_ak74
[15:20:53] [INBOUND] Initial +2 ctx.Stalkers, +1 mutants (remaining S=887 M=594)
[15:20:53] [MISSION] Mikhail accepted ScoutPoi @ Rostok (164 RU)
[15:20:53] [TASK] Mikhail → AcceptMission [ScoutPoi] (goal=AcceptMission)
[15:20:53] [GOAL] Mikhail achieved AcceptMission
[15:20:54] [RANK] Alibek Kovalenko 'Scar' → Trainee
[15:20:54] [COMBAT] Alibek Kovalenko 'Scar' killed Lurker using wpn_ak74
[15:20:54] [COMBAT] Sergei Petrenko 'Stitches' killed Fracture using wpn_spas12
[15:20:54] [COMBAT] Vasyl Sokolov 'Shadow' killed Viktor Popov 'Stitch' using wpn_vintorez
[15:20:54] [GEAR] Vasyl looted [wpn_m4a1, wpn_desert_eagle, out_exo_outfit] via combat
[15:20:55] [INBOUND] Initial +3 ctx.Stalkers, +2 mutants (remaining S=884 M=592)
[15:20:55] [COMBAT] Igor Bondarenko 'Phantom' killed Vasyl Petrenko 'Wolf' using wpn_ak74
[15:20:55] [COMBAT] Sergei Melnyk 'Knuckle' killed Bloodsucker using wpn_bm16
[15:20:56] [INBOUND] Initial +2 ctx.Stalkers, +1 mutants (remaining S=882 M=591)
[15:20:56] [COMBAT] Mykola Popov 'Fox' killed Snork using wpn_p90
[15:20:57] [INBOUND] Initial +2 ctx.Stalkers, +2 mutants (remaining S=880 M=589)
[15:20:57] [COMBAT] Alexei Melnyk 'Bone' killed Flesh using wpn_toz34
[15:20:58] [COMBAT] Bohdan Volkov 'Bullet' killed Bloodsucker using wpn_pm
[15:20:58] [COMBAT] Sergei Melnyk 'Badger' killed Lurker using wpn_pkm
[15:20:58] [INBOUND] Initial +2 ctx.Stalkers, +1 mutants (remaining S=878 M=588)
[15:20:58] [MISSION] Pierre accepted ScoutPoi @ Zaton (184 RU)
[15:20:58] [TASK] Pierre → AcceptMission [ScoutPoi] (goal=AcceptMission)
[15:20:58] [GOAL] Pierre achieved AcceptMission
[15:20:59] [COMBAT] Sergei Petrenko 'Spark' killed Bloodsucker using wpn_aksu
[15:20:59] [COMBAT] Zura Bondarenko 'Bone' killed Tushkano using wpn_pkm
[15:21:00] [INBOUND] Initial +2 ctx.Stalkers, +1 mutants (remaining S=876 M=587)
[15:21:00] [COMBAT] Mikhail Ivanov 'Scar' killed Bloodsucker using wpn_pkm
[15:21:00] [MISSION] Sergei accepted ScoutPoi @ Meadow (160 RU)
[15:21:00] [TASK] Sergei → AcceptMission [ScoutPoi] (goal=AcceptMission)
[15:21:00] [GOAL] Sergei achieved AcceptMission
[15:21:01] [INBOUND] Initial +2 ctx.Stalkers, +2 mutants (remaining S=874 M=585)
[15:21:01] [SNAPSHOT] real=6.2min game=D0 00:29 alive S=180 M=180 corpses=513 lootable=255 gammaGear out=104 helm=155 avgRU=890 leaderGoals trade=0 mission=33 emission=Dormant nextIn=47gmin desperate=0 hungry=0 interval deaths=41 combats=66 tasks=24 gearLoot=3 gearBuy=0 missions=23 corpseDespawn=45 trickleSpawns=0 ranks=[Rookie:170,Trainee:4,Experienced:3,Professional:2,Veteran:1] goals=[Idle:62,CompleteMission::32,Traveling:2,AcceptMission::1] leaders: Igor[Rookie/Idle], Armen[Rookie/Idle], Mikhail[Rookie/Idle], Mikhail[Veteran/CompleteMission:], Alexei[Rookie/Idle]
[15:21:01] [MISSION] Vasyl accepted ScoutPoi @ Limansk (190 RU)
[15:21:01] [TASK] Vasyl → AcceptMission [ScoutPoi] (goal=AcceptMission)
[15:21:01] [GOAL] Vasyl achieved AcceptMission
[15:21:01] [MISSION] Oleksiy arrived for ScoutPoi @ Cordon (travel=517m, work=211s game)
[15:21:02] [COMBAT] Vasyl Shevchenko 'Badger' killed Bloodsucker using wpn_fn2000
[15:21:02] [INBOUND] Initial +2 ctx.Stalkers, +1 mutants (remaining S=872 M=584)
[15:21:02] [CORPSE] Despawned 16 bodies (lifetime=268)
[15:21:02] [MISSION] Alexei accepted ScoutPoi @ Meadow (160 RU)
[15:21:02] [TASK] Alexei → AcceptMission [ScoutPoi] (goal=AcceptMission)
[15:21:02] [GOAL] Alexei achieved AcceptMission
[15:21:02] [MISSION] Oleksiy arrived for ScoutPoi @ Cordon (travel=517m, work=211s game)
[15:21:03] [INBOUND] Initial +2 ctx.Stalkers, +2 mutants (remaining S=870 M=582)
[15:21:03] [MISSION] Oleg accepted ScoutPoi @ Chernobyl NPP (190 RU)
[15:21:03] [TASK] Oleg → AcceptMission [ScoutPoi] (goal=AcceptMission)
[15:21:03] [GOAL] Oleg achieved AcceptMission
[15:21:03] [MISSION] Dmytro accepted ScoutPoi @ Yantar (190 RU)
[15:21:03] [TASK] Dmytro → AcceptMission [ScoutPoi] (goal=AcceptMission)
[15:21:03] [GOAL] Dmytro achieved AcceptMission
[15:21:04] [MISSION] Oleksiy arrived for ScoutPoi @ Cordon (travel=517m, work=211s game)
[15:21:04] [COMBAT] Oleksiy Ivanov 'Jackal' killed Pseudodog using wpn_aksu
[15:21:05] [INBOUND] Initial +2 ctx.Stalkers, +1 mutants (remaining S=868 M=581)
[15:21:05] [MISSION] Andriy accepted ScoutPoi @ Chernobyl NPP (190 RU)
[15:21:05] [TASK] Andriy → AcceptMission [ScoutPoi] (goal=AcceptMission)
[15:21:05] [GOAL] Andriy achieved AcceptMission
[15:21:05] [MISSION] Oleksiy arrived for ScoutPoi @ Cordon (travel=517m, work=211s game)
[15:21:06] [INBOUND] Initial +2 ctx.Stalkers, +1 mutants (remaining S=866 M=580)
[15:21:06] [MISSION] Mykola accepted ScoutPoi @ Rostok (164 RU)
[15:21:06] [TASK] Mykola → AcceptMission [ScoutPoi] (goal=AcceptMission)
[15:21:06] [GOAL] Mykola achieved AcceptMission
[15:21:06] [MISSION] Lars accepted ScoutPoi @ Yantar (190 RU)
[15:21:06] [TASK] Lars → AcceptMission [ScoutPoi] (goal=AcceptMission)
[15:21:06] [GOAL] Lars achieved AcceptMission
[15:21:06] [TASK] Dmytro → FulfillMission [ScoutPoi] (goal=CompleteMission)
[15:21:06] [MISSION] Dmytro objective done ScoutPoi @ Sunken Shack → return to Yantar
[15:21:06] [TASK] Andriy → FulfillMission [ScoutPoi] (goal=CompleteMission)
[15:21:06] [MISSION] Andriy objective done ScoutPoi @ Abandoned Outpost → return to Chernobyl NPP
[15:21:06] [MISSION] Oleksiy arrived for ScoutPoi @ Cordon (travel=517m, work=211s game)
[15:21:06] [COMBAT] Sergei Petrenko 'Stitches' killed BlindDog using wpn_spas12
[15:21:06] [COMBAT] Mikhail Popov 'Viper' killed Lurker using wpn_vintorez
[15:21:07] [COMBAT] Pavel Volkov 'Crow' killed Sergei Melnyk 'Badger' using wpn_pm
[15:21:07] [GEAR] Pavel looted [wpn_pkm, wpn_desert_eagle, arm_exo] via combat
[15:21:07] [INBOUND] Initial +2 ctx.Stalkers, +2 mutants (remaining S=864 M=578)
[15:21:07] [TASK] Dmytro → TurnInMission [ScoutPoi] (goal=CompleteMission)
[15:21:07] [MISSION] Dmytro turned in ScoutPoi @ Yantar (+190 RU)
[15:21:07] [GOAL] Dmytro achieved CompleteMission
[15:21:07] [TASK] Andriy → TurnInMission [ScoutPoi] (goal=CompleteMission)
[15:21:07] [MISSION] Andriy turned in ScoutPoi @ Chernobyl NPP (+190 RU)
[15:21:07] [GOAL] Andriy achieved CompleteMission
[15:21:07] [MISSION] Dmytro accepted ScoutPoi @ Yantar (190 RU)
[15:21:07] [TASK] Dmytro → AcceptMission [ScoutPoi] (goal=AcceptMission)
[15:21:07] [GOAL] Dmytro achieved AcceptMission
[15:21:07] [MISSION] Andriy accepted ScoutPoi @ Chernobyl NPP (190 RU)
[15:21:07] [TASK] Andriy → AcceptMission [ScoutPoi] (goal=AcceptMission)
[15:21:07] [GOAL] Andriy achieved AcceptMission
[15:21:07] [TASK] Mikhail → FulfillMission [ScoutPoi] (goal=CompleteMission)
[15:21:07] [MISSION] Mikhail objective done ScoutPoi @ Forgotten Outpost → return to Radar (Brain Scorcher)
[15:21:07] [TASK] Lasha → FulfillMission [ScoutPoi] (goal=CompleteMission)
[15:21:07] [MISSION] Lasha objective done ScoutPoi @ Overgrown Bunker → return to Duga Radar
[15:21:07] [TASK] Armen → FulfillMission [ScoutPoi] (goal=CompleteMission)
[15:21:07] [MISSION] Armen objective done ScoutPoi @ Rain Barrel Stop → return to Wild Territory
[15:21:07] [TASK] Oleg → FulfillMission [ScoutPoi] (goal=CompleteMission)
[15:21:07] [MISSION] Oleg objective done ScoutPoi @ Makeshift Outpost → return to Jupiter (Pripyat Industrial)
[15:21:07] [TASK] Alexei → FulfillMission [ScoutPoi] (goal=CompleteMission)
[15:21:07] [MISSION] Alexei objective done ScoutPoi @ Sunken Camp → return to Chernobyl Town
[15:21:07] [TASK] Alibek → FulfillMission [ScoutPoi] (goal=CompleteMission)
[15:21:07] [MISSION] Alibek objective done ScoutPoi @ Makeshift Outpost → return to Jupiter (Pripyat Industrial)
[15:21:07] [TASK] Sergei → FulfillMission [ScoutPoi] (goal=CompleteMission)
[15:21:07] [MISSION] Sergei objective done ScoutPoi @ Forgotten Outpost → return to Meadow
[15:21:07] [TASK] Vasyl → FulfillMission [ScoutPoi] (goal=CompleteMission)
[15:21:07] [MISSION] Vasyl objective done ScoutPoi @ Forgotten Outpost → return to Radar (Brain Scorcher)
[15:21:07] [TASK] Jake → FulfillMission [ScoutPoi] (goal=CompleteMission)
[15:21:07] [MISSION] Jake objective done ScoutPoi @ Overgrown Bunker → return to Duga Radar
[15:21:07] [TASK] Jake → FulfillMission [ScoutPoi] (goal=CompleteMission)
[15:21:07] [MISSION] Jake objective done ScoutPoi @ Overgrown Bunker → return to Duga Radar
[15:21:07] [TASK] Nikolai → FulfillMission [ScoutPoi] (goal=CompleteMission)
[15:21:07] [MISSION] Nikolai objective done ScoutPoi @ Sunken Outpost → return to Zaton
[15:21:07] [TASK] Andriy → FulfillMission [ScoutPoi] (goal=CompleteMission)
[15:21:07] [MISSION] Andriy objective done ScoutPoi @ Abandoned Outpost → return to Chernobyl NPP
[15:21:07] [TASK] Mikhail → FulfillMission [ScoutPoi] (goal=CompleteMission)
[15:21:07] [MISSION] Mikhail objective done ScoutPoi @ Abandoned Outpost → return to Chernobyl NPP
[15:21:07] [TASK] Mikhail → FulfillMission [ScoutPoi] (goal=CompleteMission)
[15:21:07] [MISSION] Mikhail objective done ScoutPoi @ Sunken Shelter → return to Kopachi
[15:21:07] [TASK] Vasyl → FulfillMission [ScoutPoi] (goal=CompleteMission)
[15:21:07] [MISSION] Vasyl objective done ScoutPoi @ Sunken Shelter → return to Kopachi
[15:21:07] [TASK] Oleksiy → FulfillMission [ScoutPoi] (goal=CompleteMission)
[15:21:07] [MISSION] Oleksiy objective done ScoutPoi @ Cordon → return to Great Swamps
[15:21:07] [TASK] Pavel → FulfillMission [ScoutPoi] (goal=CompleteMission)
[15:21:07] [MISSION] Pavel objective done ScoutPoi @ Abandoned Outpost → return to Limansk
[15:21:07] [TASK] Andrei → FulfillMission [ScoutPoi] (goal=CompleteMission)
[15:21:07] [MISSION] Andrei objective done ScoutPoi @ Makeshift Outpost → return to Jupiter (Pripyat Industrial)
[15:21:07] [TASK] Andriy → FulfillMission [ScoutPoi] (goal=CompleteMission)
[15:21:07] [MISSION] Andriy objective done ScoutPoi @ Sunken Camp → return to Chernobyl Town
[15:21:07] [TASK] Andriy → FulfillMission [ScoutPoi] (goal=CompleteMission)
[15:21:07] [MISSION] Andriy objective done ScoutPoi @ Mutant Den #0 near Rostok → return to Zalissya
[15:21:07] [TASK] Damir → FulfillMission [ScoutPoi] (goal=CompleteMission)
[15:21:07] [MISSION] Damir objective done ScoutPoi @ Forgotten Outpost → return to Meadow
[15:21:07] [TASK] Alexei → FulfillMission [ScoutPoi] (goal=CompleteMission)
[15:21:07] [MISSION] Alexei objective done ScoutPoi @ Abandoned Watchtower → return to Generators
[15:21:07] [TASK] Pavel → FulfillMission [ScoutPoi] (goal=CompleteMission)
[15:21:07] [MISSION] Pavel objective done ScoutPoi @ Southern Watchtower → return to Rostok
[15:21:07] [TASK] Bohdan → FulfillMission [ScoutPoi] (goal=CompleteMission)
[15:21:07] [MISSION] Bohdan objective done ScoutPoi @ Makeshift Outpost → return to Jupiter (Pripyat Industrial)
[15:21:07] [TASK] Mykola → FulfillMission [ScoutPoi] (goal=CompleteMission)
[15:21:07] [MISSION] Mykola objective done ScoutPoi @ Mutant Den #0 near Great Swamps → return to Army Warehouses
[15:21:07] [TASK] Andrei → FulfillMission [ScoutPoi] (goal=CompleteMission)
[15:21:07] [MISSION] Andrei objective done ScoutPoi @ Sunken Outpost → return to Zaton
[15:21:07] [TASK] Serhiy → FulfillMission [ScoutPoi] (goal=CompleteMission)
[15:21:07] [MISSION] Serhiy objective done ScoutPoi @ Sunken Outpost → return to Zaton
[15:21:07] [TASK] Oleksiy → FulfillMission [ScoutPoi] (goal=CompleteMission)
[15:21:07] [MISSION] Oleksiy objective done ScoutPoi @ Abandoned Outpost → return to Chernobyl NPP
[15:21:07] [TASK] Igor → FulfillMission [ScoutPoi] (goal=CompleteMission)
[15:21:07] [MISSION] Igor objective done ScoutPoi @ Rain Barrel Stop → return to Wild Territory
[15:21:07] [TASK] Mikhail → FulfillMission [ScoutPoi] (goal=CompleteMission)
[15:21:07] [MISSION] Mikhail objective done ScoutPoi @ Southern Watchtower → return to Rostok
[15:21:07] [COMBAT] Alibek Kovalenko 'Raven' killed Alexei Sokolov 'Ghost' using wpn_toz34
[15:21:07] [GEAR] Alibek looted [wpn_ak74, out_monolith_proto_exo_outfit, helm_gas] via combat
[15:21:07] [TASK] Pierre → FulfillMission [ScoutPoi] (goal=CompleteMission)
[15:21:07] [MISSION] Pierre objective done ScoutPoi @ Sunken Outpost → return to Zaton
[15:21:07] [TASK] Vasyl → FulfillMission [ScoutPoi] (goal=CompleteMission)
[15:21:07] [MISSION] Vasyl objective done ScoutPoi @ Abandoned Outpost → return to Limansk
[15:21:07] [TASK] Alexei → FulfillMission [ScoutPoi] (goal=CompleteMission)
[15:21:07] [MISSION] Alexei objective done ScoutPoi @ Forgotten Outpost → return to Meadow
[15:21:07] [TASK] Oleg → FulfillMission [ScoutPoi] (goal=CompleteMission)
[15:21:07] [MISSION] Oleg objective done ScoutPoi @ Abandoned Outpost → return to Chernobyl NPP
[15:21:08] [INBOUND] Initial +2 ctx.Stalkers, +1 mutants (remaining S=862 M=577)
[15:21:08] [TASK] Mikhail → TurnInMission [ScoutPoi] (goal=CompleteMission)
[15:21:08] [MISSION] Mikhail turned in ScoutPoi @ Radar (Brain Scorcher) (+176 RU)
[15:21:08] [GOAL] Mikhail achieved CompleteMission
[15:21:08] [TASK] Lasha → TurnInMission [ScoutPoi] (goal=CompleteMission)
[15:21:08] [MISSION] Lasha turned in ScoutPoi @ Duga Radar (+160 RU)
[15:21:08] [GOAL] Lasha achieved CompleteMission
[15:21:08] [TASK] Armen → TurnInMission [ScoutPoi] (goal=CompleteMission)
[15:21:08] [MISSION] Armen turned in ScoutPoi @ Wild Territory (+190 RU)
[15:21:08] [GOAL] Armen achieved CompleteMission
[15:21:08] [TASK] Oleg → TurnInMission [ScoutPoi] (goal=CompleteMission)
[15:21:08] [MISSION] Oleg turned in ScoutPoi @ Jupiter (Pripyat Industrial) (+190 RU)
[15:21:08] [GOAL] Oleg achieved CompleteMission
[15:21:08] [TASK] Alexei → TurnInMission [ScoutPoi] (goal=CompleteMission)
[15:21:08] [MISSION] Alexei turned in ScoutPoi @ Chernobyl Town (+160 RU)
[15:21:08] [GOAL] Alexei achieved CompleteMission
[15:21:08] [TASK] Alibek → TurnInMission [ScoutPoi] (goal=CompleteMission)
[15:21:08] [MISSION] Alibek turned in ScoutPoi @ Jupiter (Pripyat Industrial) (+190 RU)
[15:21:08] [GOAL] Alibek achieved CompleteMission
[15:21:08] [TASK] Vasyl → TurnInMission [ScoutPoi] (goal=CompleteMission)
[15:21:08] [MISSION] Vasyl turned in ScoutPoi @ Radar (Brain Scorcher) (+176 RU)
[15:21:08] [GOAL] Vasyl achieved CompleteMission
[15:21:08] [TASK] Jake → TurnInMission [ScoutPoi] (goal=CompleteMission)
[15:21:08] [MISSION] Jake turned in ScoutPoi @ Duga Radar (+160 RU)
[15:21:08] [GOAL] Jake achieved CompleteMission
[15:21:08] [TASK] Jake → TurnInMission [ScoutPoi] (goal=CompleteMission)
[15:21:08] [MISSION] Jake turned in ScoutPoi @ Duga Radar (+160 RU)
[15:21:08] [GOAL] Jake achieved CompleteMission
[15:21:08] [TASK] Nikolai → TurnInMission [ScoutPoi] (goal=CompleteMission)
[15:21:08] [MISSION] Nikolai turned in ScoutPoi @ Zaton (+184 RU)
[15:21:08] [GOAL] Nikolai achieved CompleteMission
[15:21:08] [TASK] Andrei → TurnInMission [ScoutPoi] (goal=CompleteMission)
[15:21:08] [MISSION] Andrei turned in ScoutPoi @ Jupiter (Pripyat Industrial) (+190 RU)
[15:21:08] [GOAL] Andrei achieved CompleteMission
[15:21:08] [TASK] Andriy → TurnInMission [ScoutPoi] (goal=CompleteMission)
[15:21:08] [MISSION] Andriy turned in ScoutPoi @ Chernobyl Town (+160 RU)
[15:21:08] [GOAL] Andriy achieved CompleteMission
[15:21:08] [TASK] Pavel → TurnInMission [ScoutPoi] (goal=CompleteMission)
[15:21:08] [MISSION] Pavel turned in ScoutPoi @ Rostok (+164 RU)
[15:21:08] [GOAL] Pavel achieved CompleteMission
[15:21:08] [TASK] Bohdan → TurnInMission [ScoutPoi] (goal=CompleteMission)
[15:21:08] [MISSION] Bohdan turned in ScoutPoi @ Jupiter (Pripyat Industrial) (+190 RU)
[15:21:08] [GOAL] Bohdan achieved CompleteMission
[15:21:08] [TASK] Andrei → TurnInMission [ScoutPoi] (goal=CompleteMission)
[15:21:08] [MISSION] Andrei turned in ScoutPoi @ Zaton (+184 RU)
[15:21:08] [GOAL] Andrei achieved CompleteMission
[15:21:08] [TASK] Serhiy → TurnInMission [ScoutPoi] (goal=CompleteMission)
[15:21:08] [MISSION] Serhiy turned in ScoutPoi @ Zaton (+184 RU)
[15:21:08] [GOAL] Serhiy achieved CompleteMission
[15:21:08] [TASK] Igor → TurnInMission [ScoutPoi] (goal=CompleteMission)
[15:21:08] [MISSION] Igor turned in ScoutPoi @ Wild Territory (+190 RU)
[15:21:08] [GOAL] Igor achieved CompleteMission
[15:21:08] [TASK] Pierre → TurnInMission [ScoutPoi] (goal=CompleteMission)
[15:21:08] [MISSION] Pierre turned in ScoutPoi @ Zaton (+184 RU)
[15:21:08] [GOAL] Pierre achieved CompleteMission
[15:21:08] [TASK] Alexei → TurnInMission [ScoutPoi] (goal=CompleteMission)
[15:21:08] [MISSION] Alexei turned in ScoutPoi @ Meadow (+160 RU)
[15:21:08] [GOAL] Alexei achieved CompleteMission
[15:21:08] [MISSION] Mikhail accepted ScoutPoi @ Radar (Brain Scorcher) (176 RU)
[15:21:08] [TASK] Mikhail → AcceptMission [ScoutPoi] (goal=AcceptMission)
[15:21:08] [GOAL] Mikhail achieved AcceptMission
[15:21:08] [MISSION] Lasha accepted ScoutPoi @ Duga Radar (160 RU)
[15:21:08] [TASK] Lasha → AcceptMission [ScoutPoi] (goal=AcceptMission)
[15:21:08] [GOAL] Lasha achieved AcceptMission
[15:21:08] [MISSION] Armen accepted ScoutPoi @ Wild Territory (190 RU)
[15:21:08] [TASK] Armen → AcceptMission [ScoutPoi] (goal=AcceptMission)
[15:21:08] [GOAL] Armen achieved AcceptMission
[15:21:08] [MISSION] Oleg accepted ScoutPoi @ Jupiter (Pripyat Industrial) (190 RU)
[15:21:08] [TASK] Oleg → AcceptMission [ScoutPoi] (goal=AcceptMission)
[15:21:08] [GOAL] Oleg achieved AcceptMission
[15:21:08] [MISSION] Alexei accepted ScoutPoi @ Chernobyl Town (160 RU)
[15:21:08] [TASK] Alexei → AcceptMission [ScoutPoi] (goal=AcceptMission)
[15:21:08] [GOAL] Alexei achieved AcceptMission
[15:21:08] [MISSION] Alibek accepted ScoutPoi @ Jupiter (Pripyat Industrial) (190 RU)
[15:21:08] [TASK] Alibek → AcceptMission [ScoutPoi] (goal=AcceptMission)
[15:21:08] [GOAL] Alibek achieved AcceptMission
[15:21:08] [MISSION] Vasyl accepted ScoutPoi @ Radar (Brain Scorcher) (176 RU)
[15:21:08] [TASK] Vasyl → AcceptMission [ScoutPoi] (goal=AcceptMission)
[15:21:08] [GOAL] Vasyl achieved AcceptMission
[15:21:08] [MISSION] Jake accepted ScoutPoi @ Duga Radar (160 RU)
[15:21:08] [TASK] Jake → AcceptMission [ScoutPoi] (goal=AcceptMission)
[15:21:08] [GOAL] Jake achieved AcceptMission
[15:21:08] [MISSION] Jake accepted ScoutPoi @ Duga Radar (160 RU)
[15:21:08] [TASK] Jake → AcceptMission [ScoutPoi] (goal=AcceptMission)
[15:21:08] [GOAL] Jake achieved AcceptMission
[15:21:08] [MISSION] Nikolai accepted ScoutPoi @ Zaton (184 RU)
[15:21:08] [TASK] Nikolai → AcceptMission [ScoutPoi] (goal=AcceptMission)
[15:21:08] [GOAL] Nikolai achieved AcceptMission
[15:21:08] [MISSION] Andrei accepted ScoutPoi @ Jupiter (Pripyat Industrial) (190 RU)
[15:21:08] [TASK] Andrei → AcceptMission [ScoutPoi] (goal=AcceptMission)
[15:21:08] [GOAL] Andrei achieved AcceptMission
[15:21:08] [MISSION] Andriy accepted ScoutPoi @ Chernobyl Town (160 RU)
[15:21:08] [TASK] Andriy → AcceptMission [ScoutPoi] (goal=AcceptMission)
[15:21:08] [GOAL] Andriy achieved AcceptMission
[15:21:08] [MISSION] Pavel accepted ScoutPoi @ Rostok (164 RU)
[15:21:08] [TASK] Pavel → AcceptMission [ScoutPoi] (goal=AcceptMission)
[15:21:08] [GOAL] Pavel achieved AcceptMission
[15:21:08] [MISSION] Bohdan accepted ScoutPoi @ Jupiter (Pripyat Industrial) (190 RU)
[15:21:08] [TASK] Bohdan → AcceptMission [ScoutPoi] (goal=AcceptMission)
[15:21:08] [GOAL] Bohdan achieved AcceptMission
[15:21:08] [MISSION] Andrei accepted ScoutPoi @ Zaton (184 RU)
[15:21:08] [TASK] Andrei → AcceptMission [ScoutPoi] (goal=AcceptMission)
[15:21:08] [GOAL] Andrei achieved AcceptMission
[15:21:08] [MISSION] Serhiy accepted ScoutPoi @ Zaton (184 RU)
[15:21:08] [TASK] Serhiy → AcceptMission [ScoutPoi] (goal=AcceptMission)
[15:21:08] [GOAL] Serhiy achieved AcceptMission
[15:21:09] [MISSION] Igor accepted ScoutPoi @ Wild Territory (190 RU)
[15:21:09] [TASK] Igor → AcceptMission [ScoutPoi] (goal=AcceptMission)
[15:21:09] [GOAL] Igor achieved AcceptMission
[15:21:09] [MISSION] Pierre accepted ScoutPoi @ Zaton (184 RU)
[15:21:09] [TASK] Pierre → AcceptMission [ScoutPoi] (goal=AcceptMission)
[15:21:09] [GOAL] Pierre achieved AcceptMission
[15:21:11] [COMBAT] Oleg Shevchenko 'Viper' killed Lurker using wpn_fn2000
[15:21:11] [COMBAT] Yuriy Petrenko 'Jackal' killed Dmytro Ivanov 'Mole' using wpn_pkm
[15:21:12] [INBOUND] Initial +2 ctx.Stalkers, +1 mutants (remaining S=860 M=576)
[15:21:12] [COMBAT] Ivan Kovalenko 'Jackal' killed Snork using wpn_sg550
[15:21:12] [MISSION] Alexei accepted ScoutPoi @ Deserted Hospital (236 RU)
[15:21:12] [TASK] Alexei → AcceptMission [ScoutPoi] (goal=AcceptMission)
[15:21:12] [GOAL] Alexei achieved AcceptMission
[15:21:12] [COMBAT] Dmitri Ivanov 'Raven' killed Boar using wpn_rg6
[15:21:13] [INBOUND] Initial +3 ctx.Stalkers, +2 mutants (remaining S=857 M=574)
[15:21:14] [COMBAT] Andrei Melnyk 'Stitch' killed Nikolai Bondarenko 'Scar' using wpn_pm
[15:21:14] [GEAR] Andrei looted [wpn_gauss, out_nbc_outfit, helm_helm_ppm88] via combat
[15:21:14] [COMBAT] Andriy Petrenko 'Shadow' killed Tushkano using wpn_toz34
[15:21:14] [INBOUND] Initial +2 ctx.Stalkers, +1 mutants (remaining S=855 M=573)
[15:21:15] [COMBAT] Andrei Shevchenko 'Shadow' killed Chimera using wpn_gauss
[15:21:15] [MISSION] Sergei accepted ScoutPoi @ Army Warehouses (160 RU)
[15:21:15] [TASK] Sergei → AcceptMission [ScoutPoi] (goal=AcceptMission)
[15:21:15] [GOAL] Sergei achieved AcceptMission
[15:21:15] [COMBAT] Alexei Melnyk 'Badger' killed Sergei Petrenko 'Stitches' using wpn_ak74
[15:21:16] [INBOUND] Initial +2 ctx.Stalkers, +2 mutants (remaining S=853 M=571)
[15:21:16] [MISSION] Oleg accepted ScoutPoi @ Jupiter (Pripyat Industrial) (190 RU)
[15:21:16] [TASK] Oleg → AcceptMission [ScoutPoi] (goal=AcceptMission)
[15:21:16] [GOAL] Oleg achieved AcceptMission
[15:21:16] [COMBAT] Vasyl Sokolov 'Shadow' killed Pavel Volkov 'Crow' using wpn_m4a1
[15:21:16] [MISSION] Nikolai accepted ScoutPoi @ Rostok (164 RU)
[15:21:16] [TASK] Nikolai → AcceptMission [ScoutPoi] (goal=AcceptMission)
[15:21:16] [GOAL] Nikolai achieved AcceptMission
[15:21:17] [TASK] Zura → TradeRun [poi_macro_5] (goal=VisitTrader)
[15:21:17] [GOAL] Zura achieved VisitTrader
[15:21:17] [INBOUND] Initial +2 ctx.Stalkers, +1 mutants (remaining S=851 M=570)
[15:21:17] [CORPSE] Despawned 34 bodies (lifetime=302)
[15:21:17] [COMBAT] Nikolai Shevchenko 'Scar' killed Mikhail Volkov 'Spark' using wpn_toz34
[15:21:17] [GEAR] Nikolai looted [wpn_fn2000, wpn_desert_eagle, arm_exo, helm_helm_exo] via combat
[15:21:17] [MISSION] Andrei accepted ScoutPoi @ Dead City (Chernobyl-2 Settlement) (164 RU)
[15:21:17] [TASK] Andrei → AcceptMission [ScoutPoi] (goal=AcceptMission)
[15:21:17] [GOAL] Andrei achieved AcceptMission
[15:21:18] [MISSION] Igor accepted ScoutPoi @ Wild Territory (190 RU)
[15:21:18] [TASK] Igor → AcceptMission [ScoutPoi] (goal=AcceptMission)
[15:21:18] [GOAL] Igor achieved AcceptMission
[15:21:18] [TASK] Zura → TradeRun [poi_macro_5] (goal=VisitTrader)
[15:21:18] [GOAL] Zura achieved VisitTrader
[15:21:18] [MISSION] Zura accepted ScoutPoi @ Zalissya (184 RU)
[15:21:18] [TASK] Zura → AcceptMission [ScoutPoi] (goal=AcceptMission)
[15:21:18] [GOAL] Zura achieved AcceptMission
[15:21:18] [TASK] Alexei → TradeRun [poi_macro_0] (goal=VisitTrader)
[15:21:18] [GOAL] Alexei achieved VisitTrader
[15:21:19] [INBOUND] Initial +2 ctx.Stalkers, +1 mutants (remaining S=849 M=569)
[15:21:19] [MISSION] Alexei accepted ScoutPoi @ Cordon (160 RU)
[15:21:19] [TASK] Alexei → AcceptMission [ScoutPoi] (goal=AcceptMission)
[15:21:19] [GOAL] Alexei achieved AcceptMission
[15:21:19] [MISSION] Mikhail accepted ScoutPoi @ Meadow (160 RU)
[15:21:19] [TASK] Mikhail → AcceptMission [ScoutPoi] (goal=AcceptMission)
[15:21:19] [GOAL] Mikhail achieved AcceptMission
[15:21:20] [INBOUND] Initial +2 ctx.Stalkers, +2 mutants (remaining S=847 M=567)
[15:21:20] [MISSION] Vasyl accepted ScoutPoi @ Dark Valley (168 RU)
[15:21:20] [TASK] Vasyl → AcceptMission [ScoutPoi] (goal=AcceptMission)
[15:21:20] [GOAL] Vasyl achieved AcceptMission
[15:21:20] [COMBAT] Ivan Sokolov 'Spark' killed Chimera using wpn_fn2000
[15:21:20] [COMBAT] Serhiy Popov 'Mole' killed Bloodsucker using wpn_ak74
[15:21:21] [COMBAT] Pavel Volkov 'Shadow' killed Flesh using wpn_pkm
[15:21:21] [INBOUND] Initial +2 ctx.Stalkers, +1 mutants (remaining S=845 M=566)
[15:21:21] [COMBAT] Taras Petrenko 'Lucky' killed Lurker using wpn_rg6
[15:21:21] [COMBAT] Andriy Petrov 'Ghost' killed Flesh using wpn_svd
[15:21:21] [MISSION] Sergei accepted ScoutPoi @ Kopachi (196 RU)
[15:21:21] [TASK] Sergei → AcceptMission [ScoutPoi] (goal=AcceptMission)
[15:21:21] [GOAL] Sergei achieved AcceptMission
[15:21:22] [COMBAT] Andrei Petrenko 'Raven' killed Snork using wpn_vintorez
[15:21:22] [COMBAT] Lasha Petrov 'Wolf' killed PsyDog using wpn_svd
[15:21:23] [INBOUND] Initial +2 ctx.Stalkers, +2 mutants (remaining S=843 M=564)
[15:21:23] [MISSION] Oleg accepted ScoutPoi @ Wild Territory (190 RU)
[15:21:23] [TASK] Oleg → AcceptMission [ScoutPoi] (goal=AcceptMission)
[15:21:23] [GOAL] Oleg achieved AcceptMission
[15:21:23] [COMBAT] Mikhail Melnyk 'Ash' killed Mikhail Petrov 'The Butcher' using wpn_vintorez
[15:21:23] [GEAR] Mikhail looted [arm_exo] via combat
[15:21:24] [RANK] Jake Bondarenko 'Lucky' → Experienced
[15:21:24] [COMBAT] Jake Bondarenko 'Lucky' killed BlindDog using wpn_rpg7
[15:21:24] [INBOUND] Initial +2 ctx.Stalkers, +1 mutants (remaining S=841 M=563)
[15:21:24] [COMBAT] Vasyl Sokolov 'Shadow' killed Bloodsucker using wpn_m4a1
[15:21:24] [COMBAT] Serhiy Ivanov 'Ash' killed Igor Bondarenko 'Phantom' using wpn_mp5
[15:21:24] [GEAR] Serhiy looted [wpn_ak74, out_exolight_outfit, helm_helm_protective] via combat
[15:21:25] [COMBAT] Lars Volkov 'Ghost' killed Sergei Sokolov 'Viper' using wpn_m4a1
[15:21:25] [GEAR] Lars looted [wpn_pkm, helm_helm_battle] via combat
[15:21:25] [INBOUND] Initial +2 ctx.Stalkers, +1 mutants (remaining S=839 M=562)
[15:21:25] [MISSION] Sergei accepted ScoutPoi @ Garbage (160 RU)
[15:21:25] [TASK] Sergei → AcceptMission [ScoutPoi] (goal=AcceptMission)
[15:21:25] [GOAL] Sergei achieved AcceptMission
[15:21:27] [INBOUND] Initial +2 ctx.Stalkers, +2 mutants (remaining S=837 M=560)
[15:21:27] [MISSION] Viktor accepted ScoutPoi @ Jupiter (Pripyat Industrial) (190 RU)
[15:21:27] [TASK] Viktor → AcceptMission [ScoutPoi] (goal=AcceptMission)
[15:21:27] [GOAL] Viktor achieved AcceptMission
[15:21:28] [COMBAT] Andrei Melnyk 'Mole' killed Andriy Shevchenko 'Raven' using wpn_pm
[15:21:28] [GEAR] Andrei looted [wpn_vintorez, arm_exo, helm_helm_battle] via combat
[15:21:28] [INBOUND] Initial +2 ctx.Stalkers, +1 mutants (remaining S=835 M=559)
[15:21:28] [COMBAT] Pierre Petrenko 'Jackal' killed Bloodsucker using wpn_fn2000
[15:21:28] [TASK] Taras → TradeRun [poi_macro_6] (goal=VisitTrader)
[15:21:28] [GOAL] Taras achieved VisitTrader
[15:21:28] [MISSION] Taras accepted ScoutPoi @ Garbage (160 RU)
[15:21:28] [TASK] Taras → AcceptMission [ScoutPoi] (goal=AcceptMission)
[15:21:28] [GOAL] Taras achieved AcceptMission
[15:21:29] [COMBAT] Dmytro Kovalenko 'Scar' killed Fracture using wpn_mp5
[15:21:29] [COMBAT] Mykola Sokolov 'Wolf' killed Pseudodog using wpn_ak74m
[15:21:29] [INBOUND] Initial +2 ctx.Stalkers, +2 mutants (remaining S=833 M=557)
[15:21:29] [MISSION] Heinrich accepted ScoutPoi @ Cordon (160 RU)
[15:21:29] [TASK] Heinrich → AcceptMission [ScoutPoi] (goal=AcceptMission)
[15:21:29] [GOAL] Heinrich achieved AcceptMission
[15:21:30] [COMBAT] Dmytro Petrenko 'Crow' killed Vasyl Bondarenko 'Razor' using wpn_vintorez
[15:21:30] [INBOUND] Initial +3 ctx.Stalkers, +1 mutants (remaining S=830 M=556)
[15:21:30] [CORPSE] Despawned 24 bodies (lifetime=326)
[15:21:30] [MISSION] Ivan accepted ScoutPoi @ Chernobyl NPP (190 RU)
[15:21:30] [TASK] Ivan → AcceptMission [ScoutPoi] (goal=AcceptMission)
[15:21:30] [GOAL] Ivan achieved AcceptMission
[15:21:31] [MISSION] Armen accepted ScoutPoi @ Dark Valley (168 RU)
[15:21:31] [TASK] Armen → AcceptMission [ScoutPoi] (goal=AcceptMission)
[15:21:31] [GOAL] Armen achieved AcceptMission
[15:21:31] [COMBAT] Ivan Melnyk 'Wolf' killed Bloodsucker using wpn_mp5
[15:21:31] [COMBAT] Alexei Petrov 'Fox' killed Poltergeist using wpn_ak74
[15:21:31] [COMBAT] Andriy Shevchenko 'Ghost' killed Flesh using wpn_ak74
[15:21:32] [INBOUND] Initial +2 ctx.Stalkers, +1 mutants (remaining S=828 M=555)
[15:21:32] [SNAPSHOT] real=6.7min game=D0 00:32 alive S=188 M=186 corpses=501 lootable=233 gammaGear out=105 helm=162 avgRU=893 leaderGoals trade=1 mission=29 emission=Dormant nextIn=44gmin desperate=0 hungry=0 interval deaths=38 combats=62 tasks=106 gearLoot=8 gearBuy=0 missions=66 corpseDespawn=74 trickleSpawns=0 ranks=[Rookie:181,Experienced:3,Professional:1,Veteran:3] goals=[Idle:66,CompleteMission::28,Traveling:8,VisitTrader::1] leaders: Igor[Rookie/Idle], Armen[Rookie/Idle], Mikhail[Rookie/Idle], Igor[Rookie/VisitTrader:], Mikhail[Veteran/CompleteMission:]
[15:21:32] [MISSION] Pierre accepted ScoutPoi @ Dead City (Chernobyl-2 Settlement) (164 RU)
[15:21:32] [TASK] Pierre → AcceptMission [ScoutPoi] (goal=AcceptMission)
[15:21:32] [GOAL] Pierre achieved AcceptMission
[15:21:32] [COMBAT] Ivan Sokolov 'Viper' killed Dog using wpn_fn2000
[15:21:33] [INBOUND] Initial +2 ctx.Stalkers, +2 mutants (remaining S=826 M=553)
[15:21:34] [INBOUND] Initial +2 ctx.Stalkers, +1 mutants (remaining S=824 M=552)
[15:21:34] [MISSION] Zura accepted ScoutPoi @ Chernobyl Town (160 RU)
[15:21:34] [TASK] Zura → AcceptMission [ScoutPoi] (goal=AcceptMission)
[15:21:34] [GOAL] Zura achieved AcceptMission
[15:21:35] [INBOUND] Initial +2 ctx.Stalkers, +1 mutants (remaining S=822 M=551)
[15:21:36] [COMBAT] Andrei Petrenko 'Lucky' killed Boar using wpn_rpg7
[15:21:36] [COMBAT] Vasyl Sokolov 'Shadow' killed Flesh using wpn_m4a1
[15:21:37] [INBOUND] Initial +2 ctx.Stalkers, +2 mutants (remaining S=820 M=549)
[15:21:37] [MISSION] Zura accepted ScoutPoi @ Chernobyl Town (160 RU)
[15:21:37] [TASK] Zura → AcceptMission [ScoutPoi] (goal=AcceptMission)
[15:21:37] [GOAL] Zura achieved AcceptMission
[15:21:37] [COMBAT] Sergei Kovalenko 'Raven' killed Lurker using wpn_mp5
[15:21:37] [RANK] Igor Volkov 'Razor' → Trainee
[15:21:37] [COMBAT] Igor Volkov 'Razor' killed Pseudodog using wpn_fn2000
[15:21:38] [INBOUND] Initial +2 ctx.Stalkers, +1 mutants (remaining S=818 M=548)
[15:21:38] [MISSION] Oleksiy accepted ScoutPoi @ Kopachi (196 RU)
[15:21:38] [TASK] Oleksiy → AcceptMission [ScoutPoi] (goal=AcceptMission)
[15:21:38] [GOAL] Oleksiy achieved AcceptMission
[15:21:39] [TASK] Dmytro → TradeRun [poi_macro_9] (goal=VisitTrader)
[15:21:39] [GOAL] Dmytro achieved VisitTrader
[15:21:39] [MISSION] Dmytro accepted ScoutPoi @ Dark Valley (168 RU)
[15:21:39] [TASK] Dmytro → AcceptMission [ScoutPoi] (goal=AcceptMission)
[15:21:39] [GOAL] Dmytro achieved AcceptMission
[15:21:39] [INBOUND] Initial +2 ctx.Stalkers, +2 mutants (remaining S=816 M=546)
[15:21:39] [TASK] Igor → TradeRun [poi_macro_9] (goal=VisitTrader)
[15:21:39] [GOAL] Igor achieved VisitTrader
[15:21:39] [COMBAT] Mykola Sokolov 'Wolf' killed Pseudodog using wpn_ak74m
[15:21:40] [MISSION] Oleksiy accepted ScoutPoi @ Dark Valley (168 RU)
[15:21:40] [TASK] Oleksiy → AcceptMission [ScoutPoi] (goal=AcceptMission)
[15:21:40] [GOAL] Oleksiy achieved AcceptMission
[15:21:40] [MISSION] Igor accepted ScoutPoi @ Truck Cemetery (240 RU)
[15:21:40] [TASK] Igor → AcceptMission [ScoutPoi] (goal=AcceptMission)
[15:21:40] [GOAL] Igor achieved AcceptMission
[15:21:40] [COMBAT] Sergei Bondarenko 'Spark' killed Dog using wpn_g36
[15:21:40] [COMBAT] Mikhail Melnyk 'Ash' killed Rat using wpn_vintorez
[15:21:40] [COMBAT] Vasyl Melnyk 'Scar' killed Pseudodog using wpn_fn2000
[15:21:40] [COMBAT] Lars Volkov 'Ghost' killed Bloodsucker using wpn_pkm
[15:21:41] [INBOUND] Initial +2 ctx.Stalkers, +1 mutants (remaining S=814 M=545)
[15:21:41] [COMBAT] Dmytro Volkov 'Viper' killed Snork using wpn_fn2000
[15:21:41] [COMBAT] Oleg Shevchenko 'Viper' killed Rat using wpn_fn2000
[15:21:42] [INBOUND] Initial +2 ctx.Stalkers, +1 mutants (remaining S=812 M=544)
[15:21:42] [MISSION] Serhiy accepted ScoutPoi @ Great Swamps (164 RU)
[15:21:42] [TASK] Serhiy → AcceptMission [ScoutPoi] (goal=AcceptMission)
[15:21:42] [GOAL] Serhiy achieved AcceptMission
[15:21:42] [COMBAT] Andrei Petrenko 'Lucky' killed Boar using wpn_rpg7
[15:21:43] [INBOUND] Initial +2 ctx.Stalkers, +2 mutants (remaining S=810 M=542)
[15:21:43] [CORPSE] Despawned 25 bodies (lifetime=351)
[15:21:43] [MISSION] Yuriy accepted ScoutPoi @ Meadow (160 RU)
[15:21:43] [TASK] Yuriy → AcceptMission [ScoutPoi] (goal=AcceptMission)
[15:21:43] [GOAL] Yuriy achieved AcceptMission
[15:21:43] [TASK] Andriy → TradeRun [poi_macro_5] (goal=VisitTrader)
[15:21:43] [GOAL] Andriy achieved VisitTrader
[15:21:44] [MISSION] Andriy accepted ScoutPoi @ Wild Territory (190 RU)
[15:21:44] [TASK] Andriy → AcceptMission [ScoutPoi] (goal=AcceptMission)
[15:21:44] [GOAL] Andriy achieved AcceptMission
[15:21:44] [COMBAT] Pavel Volkov 'Shadow' killed Boar using wpn_pkm
[15:21:44] [COMBAT] Oleg Petrov 'Crow' killed Tushkano using wpn_pkm
[15:21:44] [INBOUND] Initial +2 ctx.Stalkers, +1 mutants (remaining S=808 M=541)
[15:21:44] [MISSION] Andriy accepted ScoutPoi @ Chernobyl Town (160 RU)
[15:21:44] [TASK] Andriy → AcceptMission [ScoutPoi] (goal=AcceptMission)
[15:21:44] [GOAL] Andriy achieved AcceptMission
[15:21:46] [INBOUND] Initial +2 ctx.Stalkers, +2 mutants (remaining S=806 M=539)
[15:21:46] [COMBAT] Dmytro Petrenko 'Crow' killed Lurker using wpn_vintorez
[15:21:46] [MISSION] Taras accepted ScoutPoi @ Dark Valley (168 RU)
[15:21:46] [TASK] Taras → AcceptMission [ScoutPoi] (goal=AcceptMission)
[15:21:46] [GOAL] Taras achieved AcceptMission
[15:21:47] [INBOUND] Initial +2 ctx.Stalkers, +1 mutants (remaining S=804 M=538)
[15:21:47] [MISSION] Alexei accepted ScoutPoi @ Limansk (190 RU)
[15:21:47] [TASK] Alexei → AcceptMission [ScoutPoi] (goal=AcceptMission)
[15:21:47] [GOAL] Alexei achieved AcceptMission
[15:21:47] [COMBAT] Bakhyt Kovalenko 'Raven' killed Rat using wpn_ak74
[15:21:48] [COMBAT] Pavel Bondarenko 'Wolf' killed BlindDog using wpn_vintorez
[15:21:48] [MISSION] Alexei arrived for ScoutPoi @ Machine Yard (travel=524m, work=216s game)
[15:21:48] [INBOUND] Initial +3 ctx.Stalkers, +1 mutants (remaining S=801 M=537)
[15:21:48] [MISSION] Pavel accepted ScoutPoi @ Chernobyl Town (160 RU)
[15:21:48] [TASK] Pavel → AcceptMission [ScoutPoi] (goal=AcceptMission)
[15:21:48] [GOAL] Pavel achieved AcceptMission
[15:21:49] [COMBAT] Mikhail Petrenko 'Jackal' killed Pseudodog using wpn_toz34
[15:21:49] [COMBAT] Taras Shevchenko 'Wolf' killed Bloodsucker using wpn_mp5
[15:21:49] [COMBAT] Igor Volkov 'Razor' killed Taras Popov 'Stitch' using wpn_fn2000
[15:21:49] [INBOUND] Initial +2 ctx.Stalkers, +2 mutants (remaining S=799 M=535)
[15:21:49] [MISSION] Oleksiy accepted ScoutPoi @ Yantar (190 RU)
[15:21:49] [TASK] Oleksiy → AcceptMission [ScoutPoi] (goal=AcceptMission)
[15:21:49] [GOAL] Oleksiy achieved AcceptMission
[15:21:50] [MISSION] Sergei accepted ScoutPoi @ Kopachi (196 RU)
[15:21:50] [TASK] Sergei → AcceptMission [ScoutPoi] (goal=AcceptMission)
[15:21:50] [GOAL] Sergei achieved AcceptMission
[15:21:50] [COMBAT] Alexei Petrov 'Viper' killed Oleksiy Sokolov 'Crow' using wpn_fn2000
[15:21:50] [GEAR] Alexei looted [helm_helm_resp] via combat
[15:21:50] [MISSION] Alexei arrived for ScoutPoi @ Machine Yard (travel=524m, work=216s game)
[15:21:50] [COMBAT] Ivan Volkov 'Crow' killed Flesh using wpn_mp5
[15:21:50] [COMBAT] Nikolai Kovalenko 'Jackal' killed Viktor Sokolov 'Mole' using wpn_pkm
[15:21:50] [COMBAT] Dmitri Ivanov 'Raven' killed Andriy Shevchenko 'Ghost' using wpn_rg6
[15:21:50] [GEAR] Dmitri looted [arm_exo] via combat
[15:21:51] [INBOUND] Initial +2 ctx.Stalkers, +1 mutants (remaining S=797 M=534)
[15:21:51] [COMBAT] Nikolai Popov 'Scar' killed Taras Sokolov 'Shadow' using wpn_pm
[15:21:51] [GEAR] Nikolai looted [wpn_vintorez, arm_exo, helm_exo] via combat
[15:21:51] [TASK] Mikhail → FulfillMission [ScoutPoi] (goal=CompleteMission)
[15:21:51] [MISSION] Mikhail objective done ScoutPoi @ Forgotten Outpost → return to Meadow
[15:21:51] [TASK] Dmytro → FulfillMission [ScoutPoi] (goal=CompleteMission)
[15:21:51] [MISSION] Dmytro objective done ScoutPoi @ Hidden Cairn → return to Dark Valley
[15:21:51] [TASK] Oleg → FulfillMission [ScoutPoi] (goal=CompleteMission)
[15:21:51] [MISSION] Oleg objective done ScoutPoi @ Rain Barrel Stop → return to Wild Territory
[15:21:51] [TASK] Sergei → FulfillMission [ScoutPoi] (goal=CompleteMission)
[15:21:51] [MISSION] Sergei objective done ScoutPoi @ Overgrown Shack → return to Garbage
[15:21:51] [TASK] Heinrich → FulfillMission [ScoutPoi] (goal=CompleteMission)
[15:21:51] [MISSION] Heinrich objective done ScoutPoi @ Machine Yard → return to Cordon
[15:21:51] [TASK] Ivan → FulfillMission [ScoutPoi] (goal=CompleteMission)
[15:21:51] [MISSION] Ivan objective done ScoutPoi @ Abandoned Outpost → return to Chernobyl NPP
[15:21:51] [TASK] Pierre → FulfillMission [ScoutPoi] (goal=CompleteMission)
[15:21:51] [MISSION] Pierre objective done ScoutPoi @ Cordon → return to Dead City (Chernobyl-2 Settlement)
[15:21:51] [TASK] Zura → FulfillMission [ScoutPoi] (goal=CompleteMission)
[15:21:51] [MISSION] Zura objective done ScoutPoi @ Sunken Camp → return to Chernobyl Town
[15:21:51] [TASK] Oleksiy → FulfillMission [ScoutPoi] (goal=CompleteMission)
[15:21:51] [MISSION] Oleksiy objective done ScoutPoi @ Sunken Shelter → return to Kopachi
[15:21:51] [TASK] Serhiy → FulfillMission [ScoutPoi] (goal=CompleteMission)
[15:21:51] [MISSION] Serhiy objective done ScoutPoi @ Cordon → return to Great Swamps
[15:21:51] [TASK] Yuriy → FulfillMission [ScoutPoi] (goal=CompleteMission)
[15:21:51] [MISSION] Yuriy objective done ScoutPoi @ Forgotten Outpost → return to Meadow
[15:21:51] [TASK] Andriy → FulfillMission [ScoutPoi] (goal=CompleteMission)
[15:21:51] [MISSION] Andriy objective done ScoutPoi @ Sunken Camp → return to Chernobyl Town
[15:21:51] [TASK] Taras → FulfillMission [ScoutPoi] (goal=CompleteMission)
[15:21:51] [MISSION] Taras objective done ScoutPoi @ Hidden Cairn → return to Dark Valley
[15:21:51] [TASK] Alexei → FulfillMission [ScoutPoi] (goal=CompleteMission)
[15:21:51] [MISSION] Alexei objective done ScoutPoi @ Abandoned Outpost → return to Limansk
[15:21:51] [TASK] Pavel → FulfillMission [ScoutPoi] (goal=CompleteMission)
[15:21:51] [MISSION] Pavel objective done ScoutPoi @ Sunken Camp → return to Chernobyl Town
[15:21:51] [TASK] Oleksiy → FulfillMission [ScoutPoi] (goal=CompleteMission)
[15:21:51] [MISSION] Oleksiy objective done ScoutPoi @ Sunken Shack → return to Yantar
[15:21:51] [TASK] Sergei → FulfillMission [ScoutPoi] (goal=CompleteMission)
[15:21:51] [MISSION] Sergei objective done ScoutPoi @ Sunken Shelter → return to Kopachi
[15:21:51] [TASK] Mikhail → FulfillMission [ScoutPoi] (goal=CompleteMission)
[15:21:51] [MISSION] Mikhail objective done ScoutPoi @ Forgotten Outpost → return to Radar (Brain Scorcher)
[15:21:51] [TASK] Armen → FulfillMission [ScoutPoi] (goal=CompleteMission)
[15:21:51] [MISSION] Armen objective done ScoutPoi @ Rain Barrel Stop → return to Wild Territory
[15:21:51] [TASK] Oleg → FulfillMission [ScoutPoi] (goal=CompleteMission)
[15:21:51] [MISSION] Oleg objective done ScoutPoi @ Makeshift Outpost → return to Jupiter (Pripyat Industrial)
[15:21:51] [TASK] Alibek → FulfillMission [ScoutPoi] (goal=CompleteMission)
[15:21:51] [MISSION] Alibek objective done ScoutPoi @ Makeshift Outpost → return to Jupiter (Pripyat Industrial)
[15:21:51] [TASK] Vasyl → FulfillMission [ScoutPoi] (goal=CompleteMission)
[15:21:51] [MISSION] Vasyl objective done ScoutPoi @ Forgotten Outpost → return to Radar (Brain Scorcher)
[15:21:51] [TASK] Jake → FulfillMission [ScoutPoi] (goal=CompleteMission)
[15:21:51] [MISSION] Jake objective done ScoutPoi @ Overgrown Bunker → return to Duga Radar
[15:21:51] [TASK] Andriy → FulfillMission [ScoutPoi] (goal=CompleteMission)
[15:21:51] [MISSION] Andriy objective done ScoutPoi @ Sunken Camp → return to Chernobyl Town
[15:21:51] [TASK] Nikolai → FulfillMission [ScoutPoi] (goal=CompleteMission)
[15:21:51] [MISSION] Nikolai objective done ScoutPoi @ Southern Watchtower → return to Rostok
[15:21:51] [TASK] Serhiy → FulfillMission [ScoutPoi] (goal=CompleteMission)
[15:21:51] [MISSION] Serhiy objective done ScoutPoi @ Sunken Outpost → return to Zaton
[15:21:51] [TASK] Igor → FulfillMission [ScoutPoi] (goal=CompleteMission)
[15:21:51] [MISSION] Igor objective done ScoutPoi @ Rain Barrel Stop → return to Wild Territory
[15:21:51] [TASK] Pierre → FulfillMission [ScoutPoi] (goal=CompleteMission)
[15:21:51] [MISSION] Pierre objective done ScoutPoi @ Sunken Outpost → return to Zaton
[15:21:51] [TASK] Alexei → FulfillMission [ScoutPoi] (goal=CompleteMission)
[15:21:51] [MISSION] Alexei objective done ScoutPoi @ Machine Yard → return to Cordon
[15:21:51] [TASK] Dmytro → FulfillMission [ScoutPoi] (goal=CompleteMission)
[15:21:51] [MISSION] Dmytro objective done ScoutPoi @ Sunken Shack → return to Yantar
[15:21:51] [TASK] Mykola → FulfillMission [ScoutPoi] (goal=CompleteMission)
[15:21:51] [MISSION] Mykola objective done ScoutPoi @ Southern Watchtower → return to Rostok
[15:21:51] [TASK] Sergei → FulfillMission [ScoutPoi] (goal=CompleteMission)
[15:21:51] [MISSION] Sergei objective done ScoutPoi @ Mutant Den #0 near Great Swamps → return to Army Warehouses
[15:21:51] [TASK] Oleg → FulfillMission [ScoutPoi] (goal=CompleteMission)
[15:21:51] [MISSION] Oleg objective done ScoutPoi @ Makeshift Outpost → return to Jupiter (Pripyat Industrial)
[15:21:51] [TASK] Andrei → FulfillMission [ScoutPoi] (goal=CompleteMission)
[15:21:51] [MISSION] Andrei objective done ScoutPoi @ Cordon → return to Dead City (Chernobyl-2 Settlement)
[15:21:51] [TASK] Igor → FulfillMission [ScoutPoi] (goal=CompleteMission)
[15:21:51] [MISSION] Igor objective done ScoutPoi @ Rain Barrel Stop → return to Wild Territory
[15:21:52] [INBOUND] Initial +2 ctx.Stalkers, +2 mutants (remaining S=795 M=532)
[15:21:52] [TASK] Mikhail → TurnInMission [ScoutPoi] (goal=CompleteMission)
[15:21:52] [MISSION] Mikhail turned in ScoutPoi @ Radar (Brain Scorcher) (+176 RU)
[15:21:52] [GOAL] Mikhail achieved CompleteMission
[15:21:52] [TASK] Armen → TurnInMission [ScoutPoi] (goal=CompleteMission)
[15:21:52] [MISSION] Armen turned in ScoutPoi @ Wild Territory (+190 RU)
[15:21:52] [GOAL] Armen achieved CompleteMission
[15:21:52] [TASK] Oleg → TurnInMission [ScoutPoi] (goal=CompleteMission)
[15:21:52] [MISSION] Oleg turned in ScoutPoi @ Jupiter (Pripyat Industrial) (+190 RU)
[15:21:52] [GOAL] Oleg achieved CompleteMission
[15:21:52] [TASK] Alibek → TurnInMission [ScoutPoi] (goal=CompleteMission)
[15:21:52] [MISSION] Alibek turned in ScoutPoi @ Jupiter (Pripyat Industrial) (+190 RU)
[15:21:52] [GOAL] Alibek achieved CompleteMission
[15:21:52] [TASK] Vasyl → TurnInMission [ScoutPoi] (goal=CompleteMission)
[15:21:52] [MISSION] Vasyl turned in ScoutPoi @ Radar (Brain Scorcher) (+176 RU)
[15:21:52] [GOAL] Vasyl achieved CompleteMission
[15:21:52] [TASK] Andriy → TurnInMission [ScoutPoi] (goal=CompleteMission)
[15:21:52] [MISSION] Andriy turned in ScoutPoi @ Chernobyl Town (+160 RU)
[15:21:52] [GOAL] Andriy achieved CompleteMission
[15:21:52] [TASK] Serhiy → TurnInMission [ScoutPoi] (goal=CompleteMission)
[15:21:52] [MISSION] Serhiy turned in ScoutPoi @ Zaton (+184 RU)
[15:21:52] [GOAL] Serhiy achieved CompleteMission
[15:21:52] [TASK] Igor → TurnInMission [ScoutPoi] (goal=CompleteMission)
[15:21:52] [MISSION] Igor turned in ScoutPoi @ Wild Territory (+190 RU)
[15:21:52] [GOAL] Igor achieved CompleteMission
[15:21:52] [TASK] Pierre → TurnInMission [ScoutPoi] (goal=CompleteMission)
[15:21:52] [MISSION] Pierre turned in ScoutPoi @ Zaton (+184 RU)
[15:21:52] [GOAL] Pierre achieved CompleteMission
[15:21:52] [TASK] Oleg → TurnInMission [ScoutPoi] (goal=CompleteMission)
[15:21:52] [MISSION] Oleg turned in ScoutPoi @ Jupiter (Pripyat Industrial) (+190 RU)
[15:21:52] [GOAL] Oleg achieved CompleteMission
[15:21:52] [TASK] Igor → TurnInMission [ScoutPoi] (goal=CompleteMission)
[15:21:52] [MISSION] Igor turned in ScoutPoi @ Wild Territory (+190 RU)
[15:21:52] [GOAL] Igor achieved CompleteMission
[15:21:52] [TASK] Oleg → TurnInMission [ScoutPoi] (goal=CompleteMission)
[15:21:52] [MISSION] Oleg turned in ScoutPoi @ Wild Territory (+190 RU)
[15:21:52] [GOAL] Oleg achieved CompleteMission
[15:21:52] [TASK] Sergei → TurnInMission [ScoutPoi] (goal=CompleteMission)
[15:21:52] [MISSION] Sergei turned in ScoutPoi @ Garbage (+160 RU)
[15:21:52] [GOAL] Sergei achieved CompleteMission
[15:21:52] [TASK] Zura → TurnInMission [ScoutPoi] (goal=CompleteMission)
[15:21:52] [MISSION] Zura turned in ScoutPoi @ Chernobyl Town (+160 RU)
[15:21:52] [GOAL] Zura achieved CompleteMission
[15:21:52] [TASK] Andriy → TurnInMission [ScoutPoi] (goal=CompleteMission)
[15:21:52] [MISSION] Andriy turned in ScoutPoi @ Chernobyl Town (+160 RU)
[15:21:52] [GOAL] Andriy achieved CompleteMission
[15:21:52] [TASK] Taras → TurnInMission [ScoutPoi] (goal=CompleteMission)
[15:21:52] [MISSION] Taras turned in ScoutPoi @ Dark Valley (+168 RU)
[15:21:52] [GOAL] Taras achieved CompleteMission
[15:21:52] [TASK] Alexei → TurnInMission [ScoutPoi] (goal=CompleteMission)
[15:21:52] [MISSION] Alexei turned in ScoutPoi @ Limansk (+190 RU)
[15:21:52] [GOAL] Alexei achieved CompleteMission
[15:21:52] [TASK] Pavel → TurnInMission [ScoutPoi] (goal=CompleteMission)
[15:21:52] [MISSION] Pavel turned in ScoutPoi @ Chernobyl Town (+160 RU)
[15:21:52] [GOAL] Pavel achieved CompleteMission
[15:21:52] [TASK] Oleksiy → TurnInMission [ScoutPoi] (goal=CompleteMission)
[15:21:52] [MISSION] Oleksiy turned in ScoutPoi @ Yantar (+190 RU)
[15:21:52] [GOAL] Oleksiy achieved CompleteMission
[15:21:52] [TASK] Sergei → TurnInMission [ScoutPoi] (goal=CompleteMission)
[15:21:52] [MISSION] Sergei turned in ScoutPoi @ Kopachi (+196 RU)
[15:21:52] [GOAL] Sergei achieved CompleteMission
[15:21:52] [MISSION] Pavel accepted ScoutPoi @ Rostok (164 RU)
[15:21:52] [TASK] Pavel → AcceptMission [ScoutPoi] (goal=AcceptMission)
[15:21:52] [GOAL] Pavel achieved AcceptMission
[15:21:52] [MISSION] Mikhail accepted ScoutPoi @ Radar (Brain Scorcher) (176 RU)
[15:21:52] [TASK] Mikhail → AcceptMission [ScoutPoi] (goal=AcceptMission)
[15:21:52] [GOAL] Mikhail achieved AcceptMission
[15:21:52] [MISSION] Armen accepted ScoutPoi @ Wild Territory (190 RU)
[15:21:52] [TASK] Armen → AcceptMission [ScoutPoi] (goal=AcceptMission)
[15:21:52] [GOAL] Armen achieved AcceptMission
[15:21:52] [MISSION] Oleg accepted ScoutPoi @ Jupiter (Pripyat Industrial) (190 RU)
[15:21:52] [TASK] Oleg → AcceptMission [ScoutPoi] (goal=AcceptMission)
[15:21:52] [GOAL] Oleg achieved AcceptMission
[15:21:52] [MISSION] Alibek accepted ScoutPoi @ Jupiter (Pripyat Industrial) (190 RU)
[15:21:52] [TASK] Alibek → AcceptMission [ScoutPoi] (goal=AcceptMission)
[15:21:52] [GOAL] Alibek achieved AcceptMission
[15:21:52] [MISSION] Vasyl accepted ScoutPoi @ Radar (Brain Scorcher) (176 RU)
[15:21:52] [TASK] Vasyl → AcceptMission [ScoutPoi] (goal=AcceptMission)
[15:21:52] [GOAL] Vasyl achieved AcceptMission
[15:21:52] [MISSION] Andriy accepted ScoutPoi @ Chernobyl Town (160 RU)
[15:21:52] [TASK] Andriy → AcceptMission [ScoutPoi] (goal=AcceptMission)
[15:21:52] [GOAL] Andriy achieved AcceptMission
[15:21:52] [MISSION] Serhiy accepted ScoutPoi @ Zaton (184 RU)
[15:21:52] [TASK] Serhiy → AcceptMission [ScoutPoi] (goal=AcceptMission)
[15:21:52] [GOAL] Serhiy achieved AcceptMission
[15:21:52] [MISSION] Igor accepted ScoutPoi @ Wild Territory (190 RU)
[15:21:52] [TASK] Igor → AcceptMission [ScoutPoi] (goal=AcceptMission)
[15:21:52] [GOAL] Igor achieved AcceptMission
[15:21:52] [MISSION] Pierre accepted ScoutPoi @ Zaton (184 RU)
[15:21:52] [TASK] Pierre → AcceptMission [ScoutPoi] (goal=AcceptMission)
[15:21:52] [GOAL] Pierre achieved AcceptMission
[15:21:52] [MISSION] Oleg accepted ScoutPoi @ Jupiter (Pripyat Industrial) (190 RU)
[15:21:52] [TASK] Oleg → AcceptMission [ScoutPoi] (goal=AcceptMission)
[15:21:52] [GOAL] Oleg achieved AcceptMission
[15:21:52] [MISSION] Igor accepted ScoutPoi @ Wild Territory (190 RU)
[15:21:52] [TASK] Igor → AcceptMission [ScoutPoi] (goal=AcceptMission)
[15:21:52] [GOAL] Igor achieved AcceptMission
[15:21:52] [MISSION] Oleg accepted ScoutPoi @ Wild Territory (190 RU)
[15:21:52] [TASK] Oleg → AcceptMission [ScoutPoi] (goal=AcceptMission)
[15:21:52] [GOAL] Oleg achieved AcceptMission
[15:21:52] [MISSION] Sergei accepted ScoutPoi @ Garbage (160 RU)
[15:21:52] [TASK] Sergei → AcceptMission [ScoutPoi] (goal=AcceptMission)
[15:21:52] [GOAL] Sergei achieved AcceptMission
[15:21:52] [MISSION] Zura accepted ScoutPoi @ Chernobyl Town (160 RU)
[15:21:52] [TASK] Zura → AcceptMission [ScoutPoi] (goal=AcceptMission)
[15:21:52] [GOAL] Zura achieved AcceptMission
[15:21:52] [MISSION] Andriy accepted ScoutPoi @ Chernobyl Town (160 RU)
[15:21:52] [TASK] Andriy → AcceptMission [ScoutPoi] (goal=AcceptMission)
[15:21:52] [GOAL] Andriy achieved AcceptMission
[15:21:52] [MISSION] Alexei accepted ScoutPoi @ Limansk (190 RU)
[15:21:52] [TASK] Alexei → AcceptMission [ScoutPoi] (goal=AcceptMission)
[15:21:52] [GOAL] Alexei achieved AcceptMission
[15:21:52] [MISSION] Pavel accepted ScoutPoi @ Chernobyl Town (160 RU)
[15:21:52] [TASK] Pavel → AcceptMission [ScoutPoi] (goal=AcceptMission)
[15:21:52] [GOAL] Pavel achieved AcceptMission
[15:21:52] [MISSION] Oleksiy accepted ScoutPoi @ Yantar (190 RU)
[15:21:52] [TASK] Oleksiy → AcceptMission [ScoutPoi] (goal=AcceptMission)
[15:21:52] [GOAL] Oleksiy achieved AcceptMission
[15:21:52] [MISSION] Sergei accepted ScoutPoi @ Kopachi (196 RU)
[15:21:52] [TASK] Sergei → AcceptMission [ScoutPoi] (goal=AcceptMission)
[15:21:52] [GOAL] Sergei achieved AcceptMission
[15:21:55] [COMBAT] Andriy Popov 'Crow' killed Bloodsucker using wpn_toz34
[15:21:55] [INBOUND] Initial +2 ctx.Stalkers, +1 mutants (remaining S=793 M=531)
[15:21:55] [COMBAT] Dmytro Melnyk 'Stitches' killed Alexei Popov 'Phantom' using wpn_fort12
[15:21:55] [GEAR] Dmytro looted [wpn_ak74m, out_stalker_bear_outfit, helm_hardhat] via combat
[15:21:55] [MISSION] Viktor accepted ScoutPoi @ Chernobyl NPP (190 RU)
[15:21:55] [TASK] Viktor → AcceptMission [ScoutPoi] (goal=AcceptMission)
[15:21:55] [GOAL] Viktor achieved AcceptMission
[15:21:55] [MISSION] Jake accepted ScoutPoi @ Yantar (190 RU)
[15:21:55] [TASK] Jake → AcceptMission [ScoutPoi] (goal=AcceptMission)
[15:21:55] [GOAL] Jake achieved AcceptMission
[15:21:56] [INBOUND] Initial +2 ctx.Stalkers, +1 mutants (remaining S=791 M=530)
[15:21:56] [COMBAT] Andrei Petrenko 'Raven' killed Pseudogiant using wpn_vintorez
[15:21:56] [MISSION] Pavel accepted ScoutPoi @ Chernobyl Town (160 RU)
[15:21:56] [TASK] Pavel → AcceptMission [ScoutPoi] (goal=AcceptMission)
[15:21:56] [GOAL] Pavel achieved AcceptMission
[15:21:57] [COMBAT] Vasyl Kovalenko 'Scar' killed Snork using wpn_ak74
[15:21:58] [INBOUND] Initial +2 ctx.Stalkers, +2 mutants (remaining S=789 M=528)
[15:21:58] [CORPSE] Despawned 24 bodies (lifetime=375)
[15:21:58] [COMBAT] Ivan Kovalenko 'Jackal' killed PsyDog using wpn_sg550
[15:21:58] [MISSION] Dmitri accepted ScoutPoi @ Meadow (160 RU)
[15:21:58] [TASK] Dmitri → AcceptMission [ScoutPoi] (goal=AcceptMission)
[15:21:58] [GOAL] Dmitri achieved AcceptMission
[15:21:58] [COMBAT] Viktor Melnyk 'Knuckle' killed Igor Volkov 'Razor' using wpn_toz34
[15:21:58] [GEAR] Viktor looted [wpn_fn2000, wpn_fort12, out_monolith_scientific_outfit, helm_gas] via combat
[15:21:58] [COMBAT] Mykola Sokolov 'Wolf' killed Flesh using wpn_ak74m
[15:21:59] [MISSION] Oleksiy accepted ScoutPoi @ Radar (Brain Scorcher) (176 RU)
[15:21:59] [TASK] Oleksiy → AcceptMission [ScoutPoi] (goal=AcceptMission)
[15:21:59] [GOAL] Oleksiy achieved AcceptMission
[15:21:59] [INBOUND] Initial +2 ctx.Stalkers, +1 mutants (remaining S=787 M=527)
[15:21:59] [COMBAT] Sergei Petrenko 'Spark' killed Snork using wpn_aksu
[15:21:59] [MISSION] Oleksiy accepted ScoutPoi @ Wild Territory (190 RU)
[15:21:59] [TASK] Oleksiy → AcceptMission [ScoutPoi] (goal=AcceptMission)
[15:21:59] [GOAL] Oleksiy achieved AcceptMission
[15:21:59] [MISSION] Andrei accepted ScoutPoi @ Limansk (190 RU)
[15:21:59] [TASK] Andrei → AcceptMission [ScoutPoi] (goal=AcceptMission)
[15:21:59] [GOAL] Andrei achieved AcceptMission
[15:22:00] [INBOUND] Initial +2 ctx.Stalkers, +1 mutants (remaining S=785 M=526)
[15:22:00] [MISSION] Dmitri accepted ScoutPoi @ Garbage (160 RU)
[15:22:00] [TASK] Dmitri → AcceptMission [ScoutPoi] (goal=AcceptMission)
[15:22:00] [GOAL] Dmitri achieved AcceptMission
[15:22:01] [COMBAT] Oleksiy Bondarenko 'Scar' killed Poltergeist using wpn_fn2000
[15:22:02] [INBOUND] Initial +2 ctx.Stalkers, +2 mutants (remaining S=783 M=524)
[15:22:02] [SNAPSHOT] real=7.2min game=D0 00:34 alive S=190 M=189 corpses=523 lootable=240 gammaGear out=105 helm=168 avgRU=896 leaderGoals trade=1 mission=26 emission=Dormant nextIn=42gmin desperate=0 hungry=0 interval deaths=43 combats=71 tasks=102 gearLoot=5 gearBuy=0 missions=64 corpseDespawn=49 trickleSpawns=0 ranks=[Rookie:183,Trainee:3,Experienced:1,Professional:1,Veteran:2] goals=[Idle:64,CompleteMission::25,Traveling:12,VisitTrader::1] leaders: Igor[Rookie/Idle], Mikhail[Rookie/Idle], Mikhail[Veteran/CompleteMission:], Alexei[Rookie/Idle], Oleg[Rookie/Idle]
[15:22:02] [MISSION] Andrei accepted ScoutPoi @ Chernobyl NPP (190 RU)
[15:22:02] [TASK] Andrei → AcceptMission [ScoutPoi] (goal=AcceptMission)
[15:22:02] [GOAL] Andrei achieved AcceptMission
[15:22:02] [COMBAT] Pierre Shevchenko 'Crow' killed Snork using wpn_mp5
[15:22:02] [COMBAT] Ivan Bondarenko 'Bone' killed Pseudogiant using wpn_vintorez
[15:22:02] [TASK] Taras → TradeRun [poi_macro_9] (goal=VisitTrader)
[15:22:02] [GOAL] Taras achieved VisitTrader
[15:22:02] [COMBAT] Serhiy Bondarenko 'Scar' killed Bloodsucker using wpn_ak74
[15:22:02] [MISSION] Taras accepted ScoutPoi @ Dark Valley (168 RU)
[15:22:02] [TASK] Taras → AcceptMission [ScoutPoi] (goal=AcceptMission)
[15:22:02] [GOAL] Taras achieved AcceptMission
[15:22:03] [INBOUND] Initial +2 ctx.Stalkers, +1 mutants (remaining S=781 M=523)
[15:22:03] [MISSION] Frank accepted ScoutPoi @ Meadow (160 RU)
[15:22:03] [TASK] Frank → AcceptMission [ScoutPoi] (goal=AcceptMission)
[15:22:03] [GOAL] Frank achieved AcceptMission
[15:22:05] [INBOUND] Initial +2 ctx.Stalkers, +2 mutants (remaining S=779 M=521)
[15:22:05] [MISSION] Sergei accepted ScoutPoi @ Chernobyl NPP (190 RU)
[15:22:05] [TASK] Sergei → AcceptMission [ScoutPoi] (goal=AcceptMission)
[15:22:05] [GOAL] Sergei achieved AcceptMission
[15:22:06] [INBOUND] Initial +2 ctx.Stalkers, +1 mutants (remaining S=777 M=520)
[15:22:06] [MISSION] Yuriy accepted ScoutPoi @ Yantar (190 RU)
[15:22:06] [TASK] Yuriy → AcceptMission [ScoutPoi] (goal=AcceptMission)
[15:22:06] [GOAL] Yuriy achieved AcceptMission
[15:22:06] [TASK] Sergei → TradeRun [poi_macro_2] (goal=VisitTrader)
[15:22:06] [TRADE] Sergei bought [arm_leather] @ South
[15:22:06] [GOAL] Sergei achieved VisitTrader
[15:22:06] [MISSION] Sergei accepted ScoutPoi @ Meadow (160 RU)
[15:22:06] [TASK] Sergei → AcceptMission [ScoutPoi] (goal=AcceptMission)
[15:22:06] [GOAL] Sergei achieved AcceptMission
[15:22:06] [COMBAT] Vasyl Kovalenko 'Scar' killed Boar using wpn_ak74
[15:22:06] [COMBAT] Pavel Sokolov 'Ghost' killed Snork using wpn_ak74
[15:22:06] [COMBAT] Bakhyt Ivanov 'Fox' killed Fracture using wpn_fn2000
[15:22:07] [INBOUND] Initial +3 ctx.Stalkers, +1 mutants (remaining S=774 M=519)
[15:22:07] [COMBAT] Dmytro Melnyk 'Stitches' killed Tushkano using wpn_ak74m
[15:22:07] [COMBAT] Sergei Bondarenko 'Raven' killed Snork using wpn_vintorez
[15:22:07] [MISSION] Mykola accepted ScoutPoi @ Rostok (164 RU)
[15:22:07] [TASK] Mykola → AcceptMission [ScoutPoi] (goal=AcceptMission)
[15:22:07] [GOAL] Mykola achieved AcceptMission
[15:22:08] [COMBAT] Marcus Volkov 'Bone' killed Bloodsucker using wpn_gauss
[15:22:08] [INBOUND] Initial +2 ctx.Stalkers, +2 mutants (remaining S=772 M=517)
[15:22:09] [MISSION] Viktor accepted ScoutPoi @ Dark Valley (168 RU)
[15:22:09] [TASK] Viktor → AcceptMission [ScoutPoi] (goal=AcceptMission)
[15:22:09] [GOAL] Viktor achieved AcceptMission
[15:22:10] [INBOUND] Initial +2 ctx.Stalkers, +1 mutants (remaining S=770 M=516)
[15:22:10] [MISSION] Dmytro accepted ScoutPoi @ Rostok (164 RU)
[15:22:10] [TASK] Dmytro → AcceptMission [ScoutPoi] (goal=AcceptMission)
[15:22:10] [GOAL] Dmytro achieved AcceptMission
[15:22:10] [COMBAT] Dmitri Bondarenko 'Viper' killed Rat using wpn_toz34
[15:22:11] [INBOUND] Initial +2 ctx.Stalkers, +2 mutants (remaining S=768 M=514)
[15:22:11] [CORPSE] Despawned 25 bodies (lifetime=400)
[15:22:11] [MISSION] Viktor accepted ScoutPoi @ Radar (Brain Scorcher) (176 RU)
[15:22:11] [TASK] Viktor → AcceptMission [ScoutPoi] (goal=AcceptMission)
[15:22:11] [GOAL] Viktor achieved AcceptMission
[15:22:12] [INBOUND] Initial +2 ctx.Stalkers, +1 mutants (remaining S=766 M=513)
[15:22:12] [MISSION] Yuriy accepted ScoutPoi @ Cordon (160 RU)
[15:22:12] [TASK] Yuriy → AcceptMission [ScoutPoi] (goal=AcceptMission)
[15:22:12] [GOAL] Yuriy achieved AcceptMission
[15:22:13] [INBOUND] Initial +2 ctx.Stalkers, +1 mutants (remaining S=764 M=512)
[15:22:13] [MISSION] Taras accepted ScoutPoi @ Yantar (190 RU)
[15:22:13] [TASK] Taras → AcceptMission [ScoutPoi] (goal=AcceptMission)
[15:22:13] [GOAL] Taras achieved AcceptMission
[15:22:14] [COMBAT] Alexei Ivanov 'Phantom' killed Rat using wpn_pkm
[15:22:14] [COMBAT] Bohdan Petrenko 'Mole' killed Fracture using wpn_vintorez
[15:22:15] [INBOUND] Initial +2 ctx.Stalkers, +2 mutants (remaining S=762 M=510)
[15:22:15] [COMBAT] Dmitri Bondarenko 'Badger' killed Snork using wpn_fort12
[15:22:16] [INBOUND] Initial +2 ctx.Stalkers, +1 mutants (remaining S=760 M=509)
[15:22:16] [MISSION] Mykola accepted ScoutPoi @ Agroprom (160 RU)
[15:22:16] [TASK] Mykola → AcceptMission [ScoutPoi] (goal=AcceptMission)
[15:22:16] [GOAL] Mykola achieved AcceptMission
[15:22:16] [RANK] Pierre Petrenko 'Jackal' → Experienced
[15:22:16] [COMBAT] Pierre Petrenko 'Jackal' killed Burer using wpn_fn2000
[15:22:16] [COMBAT] Alibek Bondarenko 'Stitch' killed Sergei Bondarenko 'Ash' using wpn_vintorez
[15:22:17] [INBOUND] Initial +2 ctx.Stalkers, +2 mutants (remaining S=758 M=507)
[15:22:17] [MISSION] Giorgi accepted ScoutPoi @ Kopachi (196 RU)
[15:22:17] [TASK] Giorgi → AcceptMission [ScoutPoi] (goal=AcceptMission)
[15:22:17] [GOAL] Giorgi achieved AcceptMission
[15:22:18] [INBOUND] Initial +2 ctx.Stalkers, +1 mutants (remaining S=756 M=506)
[15:22:18] [MISSION] Oleksiy accepted ScoutPoi @ Zaton (184 RU)
[15:22:18] [TASK] Oleksiy → AcceptMission [ScoutPoi] (goal=AcceptMission)
[15:22:18] [GOAL] Oleksiy achieved AcceptMission
[15:22:18] [MISSION] Alexei accepted ScoutPoi @ Chernobyl NPP (190 RU)
[15:22:18] [TASK] Alexei → AcceptMission [ScoutPoi] (goal=AcceptMission)
[15:22:18] [GOAL] Alexei achieved AcceptMission
[15:22:19] [COMBAT] Nikolai Shevchenko 'Scar' killed Snork using wpn_fn2000
[15:22:20] [INBOUND] Initial +2 ctx.Stalkers, +1 mutants (remaining S=754 M=505)
[15:22:20] [MISSION] Yuriy accepted ScoutPoi @ Chernobyl NPP (190 RU)
[15:22:20] [TASK] Yuriy → AcceptMission [ScoutPoi] (goal=AcceptMission)
[15:22:20] [GOAL] Yuriy achieved AcceptMission
[15:22:21] [INBOUND] Initial +2 ctx.Stalkers, +2 mutants (remaining S=752 M=503)
[15:22:21] [MISSION] Andriy accepted ScoutPoi @ Duga Radar (160 RU)
[15:22:21] [TASK] Andriy → AcceptMission [ScoutPoi] (goal=AcceptMission)
[15:22:21] [GOAL] Andriy achieved AcceptMission
[15:22:21] [MISSION] Igor accepted ScoutPoi @ Rostok (164 RU)
[15:22:21] [TASK] Igor → AcceptMission [ScoutPoi] (goal=AcceptMission)
[15:22:21] [GOAL] Igor achieved AcceptMission
[15:22:21] [COMBAT] Bohdan Ivanov 'Viper' killed Boar using wpn_aksu
[15:22:21] [COMBAT] Pavel Kovalenko 'Stitch' killed Nikolai Petrov 'The Butcher' using wpn_sg550
[15:22:22] [INBOUND] Initial +2 ctx.Stalkers, +1 mutants (remaining S=750 M=502)
[15:22:23] [COMBAT] Oleg Petrov 'Crow' killed Lurker using wpn_pkm
[15:22:23] [RANK] Andriy Petrov 'Ghost' → Experienced
[15:22:23] [COMBAT] Andriy Petrov 'Ghost' killed BlindDog using wpn_svd
[15:22:23] [INBOUND] Initial +3 ctx.Stalkers, +1 mutants (remaining S=747 M=501)
[15:22:23] [CORPSE] Despawned 19 bodies (lifetime=419)
[15:22:24] [COMBAT] Andrei Ivanov 'Spark' killed Alibek Kovalenko 'Raven' using wpn_ak74
[15:22:24] [GEAR] Andrei looted [wpn_ak74, helm_gas] via combat
[15:22:25] [INBOUND] Initial +2 ctx.Stalkers, +2 mutants (remaining S=745 M=499)
[15:22:25] [MISSION] Serhiy accepted ScoutPoi @ Zalissya (184 RU)
[15:22:25] [TASK] Serhiy → AcceptMission [ScoutPoi] (goal=AcceptMission)
[15:22:25] [GOAL] Serhiy achieved AcceptMission
[15:22:26] [INBOUND] Initial +2 ctx.Stalkers, +1 mutants (remaining S=743 M=498)
[15:22:27] [INBOUND] Initial +2 ctx.Stalkers, +2 mutants (remaining S=741 M=496)
[15:22:27] [MISSION] Frank accepted ScoutPoi @ Wild Territory (190 RU)
[15:22:27] [TASK] Frank → AcceptMission [ScoutPoi] (goal=AcceptMission)
[15:22:27] [GOAL] Frank achieved AcceptMission
[15:22:28] [COMBAT] Dmitri Bondarenko 'Badger' killed Bakhyt Ivanov 'Scar' using wpn_fort12
[15:22:28] [GEAR] Dmitri looted [wpn_toz34, out_travel_outfit] via combat
[15:22:28] [COMBAT] Damir Petrenko 'Bullet' killed Boar using wpn_ak74
[15:22:29] [INBOUND] Initial +2 ctx.Stalkers, +1 mutants (remaining S=739 M=495)
[15:22:29] [MISSION] Sergei accepted ScoutPoi @ Rostok (164 RU)
[15:22:29] [TASK] Sergei → AcceptMission [ScoutPoi] (goal=AcceptMission)
[15:22:29] [GOAL] Sergei achieved AcceptMission
[15:22:29] [COMBAT] Nikolai Shevchenko 'Scar' killed Bloodsucker using wpn_fn2000
[15:22:30] [INBOUND] Initial +2 ctx.Stalkers, +1 mutants (remaining S=737 M=494)
[15:22:30] [COMBAT] Dmytro Sokolov 'Bone' killed Yuriy Shevchenko 'Wolf' using wpn_ak74
[15:22:31] [INBOUND] Initial +2 ctx.Stalkers, +2 mutants (remaining S=735 M=492)
[15:22:31] [MISSION] Taras accepted ScoutPoi @ Great Swamps (164 RU)
[15:22:31] [TASK] Taras → AcceptMission [ScoutPoi] (goal=AcceptMission)
[15:22:31] [GOAL] Taras achieved AcceptMission
[15:22:32] [COMBAT] Andriy Popov 'Razor' killed Andrei Ivanov 'Spark' using wpn_ak74
[15:22:32] [GEAR] Andriy looted [arm_duty, helm_gas] via combat
[15:22:32] [INBOUND] Initial +2 ctx.Stalkers, +1 mutants (remaining S=733 M=491)
[15:22:32] [SNAPSHOT] real=7.7min game=D0 00:36 alive S=198 M=202 corpses=541 lootable=264 gammaGear out=110 helm=170 avgRU=886 leaderGoals trade=0 mission=41 emission=Dormant nextIn=40gmin desperate=0 hungry=0 interval deaths=42 combats=62 tasks=25 gearLoot=3 gearBuy=1 missions=23 corpseDespawn=44 trickleSpawns=0 ranks=[Rookie:191,Trainee:1,Experienced:3,Professional:1,Veteran:2] goals=[Idle:65,CompleteMission::40,Traveling:7,AcceptMission::1] leaders: Igor[Rookie/Idle], Mikhail[Rookie/Idle], Mikhail[Veteran/CompleteMission:], Alexei[Rookie/Idle], Andriy[Rookie/Idle]
[15:22:32] [MISSION] Lasha accepted ScoutPoi @ Chernobyl NPP (190 RU)
[15:22:32] [TASK] Lasha → AcceptMission [ScoutPoi] (goal=AcceptMission)
[15:22:32] [GOAL] Lasha achieved AcceptMission
[15:22:33] [COMBAT] Oleksiy Kovalenko 'Jackal' killed Snork using wpn_ak74
[15:22:33] [COMBAT] Pavel Kovalenko 'Stitch' killed Alexei Sokolov 'Ghost' using wpn_sg550
[15:22:33] [GEAR] Pavel looted [wpn_fort12] via combat
[15:22:33] [INBOUND] Initial +2 ctx.Stalkers, +2 mutants (remaining S=731 M=489)
[15:22:34] [MISSION] Pavel accepted ScoutPoi @ Garbage (160 RU)
[15:22:34] [TASK] Pavel → AcceptMission [ScoutPoi] (goal=AcceptMission)
[15:22:34] [GOAL] Pavel achieved AcceptMission
[15:22:35] [INBOUND] Initial +2 ctx.Stalkers, +1 mutants (remaining S=729 M=488)
[15:22:35] [COMBAT] Nikolai Kovalenko 'Ash' killed Flesh using wpn_sg550
[15:22:35] [MISSION] Bohdan accepted ScoutPoi @ Radar (Brain Scorcher) (176 RU)
[15:22:35] [TASK] Bohdan → AcceptMission [ScoutPoi] (goal=AcceptMission)
[15:22:35] [GOAL] Bohdan achieved AcceptMission
[15:22:35] [COMBAT] Viktor Melnyk 'Knuckle' killed Serhiy Bondarenko 'Bullet' using wpn_fn2000
[15:22:35] [GEAR] Viktor looted [wpn_fort12] via combat
[15:22:36] [COMBAT] Pavel Bondarenko 'Wolf' killed Taras Ivanov 'Fox' using wpn_vintorez
[15:22:36] [INBOUND] Initial +2 ctx.Stalkers, +1 mutants (remaining S=727 M=487)
[15:22:36] [CORPSE] Despawned 27 bodies (lifetime=446)
[15:22:36] [MISSION] Timur accepted ScoutPoi @ Jupiter (Pripyat Industrial) (190 RU)
[15:22:36] [TASK] Timur → AcceptMission [ScoutPoi] (goal=AcceptMission)
[15:22:36] [GOAL] Timur achieved AcceptMission
[15:22:38] [INBOUND] Initial +2 ctx.Stalkers, +2 mutants (remaining S=725 M=485)
[15:22:38] [MISSION] Dmytro accepted ScoutPoi @ Chernobyl NPP (190 RU)
[15:22:38] [TASK] Dmytro → AcceptMission [ScoutPoi] (goal=AcceptMission)
[15:22:38] [GOAL] Dmytro achieved AcceptMission
[15:22:38] [COMBAT] Andriy Petrenko 'Shadow' killed Lurker using wpn_toz34
[15:22:39] [INBOUND] Initial +2 ctx.Stalkers, +1 mutants (remaining S=723 M=484)
[15:22:39] [MISSION] Mykola accepted ScoutPoi @ Great Swamps (164 RU)
[15:22:39] [TASK] Mykola → AcceptMission [ScoutPoi] (goal=AcceptMission)
[15:22:39] [GOAL] Mykola achieved AcceptMission
[15:22:39] [MISSION] Yuriy arrived for ScoutPoi @ Machine Yard (travel=490m, work=216s game)
[15:22:40] [COMBAT] Connor Volkov 'Ugly' killed Snork using wpn_rpg7
[15:22:40] [INBOUND] Initial +2 ctx.Stalkers, +2 mutants (remaining S=721 M=482)
[15:22:40] [MISSION] Connor accepted ScoutPoi @ Truck Cemetery (240 RU)
[15:22:40] [TASK] Connor → AcceptMission [ScoutPoi] (goal=AcceptMission)
[15:22:40] [GOAL] Connor achieved AcceptMission
[15:22:40] [TASK] Andriy → FulfillMission [ScoutPoi] (goal=CompleteMission)
[15:22:40] [MISSION] Andriy objective done ScoutPoi @ Sunken Camp → return to Chernobyl Town
[15:22:40] [TASK] Oleksiy → FulfillMission [ScoutPoi] (goal=CompleteMission)
[15:22:40] [MISSION] Oleksiy objective done ScoutPoi @ Forgotten Outpost → return to Radar (Brain Scorcher)
[15:22:40] [TASK] Igor → FulfillMission [ScoutPoi] (goal=CompleteMission)
[15:22:40] [MISSION] Igor objective done ScoutPoi @ Rain Barrel Stop → return to Wild Territory
[15:22:40] [TASK] Pierre → FulfillMission [ScoutPoi] (goal=CompleteMission)
[15:22:40] [MISSION] Pierre objective done ScoutPoi @ Sunken Outpost → return to Zaton
[15:22:40] [TASK] Oleg → FulfillMission [ScoutPoi] (goal=CompleteMission)
[15:22:40] [MISSION] Oleg objective done ScoutPoi @ Makeshift Outpost → return to Jupiter (Pripyat Industrial)
[15:22:40] [TASK] Igor → FulfillMission [ScoutPoi] (goal=CompleteMission)
[15:22:40] [MISSION] Igor objective done ScoutPoi @ Rain Barrel Stop → return to Wild Territory
[15:22:40] [TASK] Oleg → FulfillMission [ScoutPoi] (goal=CompleteMission)
[15:22:40] [MISSION] Oleg objective done ScoutPoi @ Rain Barrel Stop → return to Wild Territory
[15:22:40] [TASK] Zura → FulfillMission [ScoutPoi] (goal=CompleteMission)
[15:22:40] [MISSION] Zura objective done ScoutPoi @ Sunken Camp → return to Chernobyl Town
[15:22:40] [TASK] Viktor → FulfillMission [ScoutPoi] (goal=CompleteMission)
[15:22:40] [MISSION] Viktor objective done ScoutPoi @ Hidden Cairn → return to Dark Valley
[15:22:40] [TASK] Pavel → FulfillMission [ScoutPoi] (goal=CompleteMission)
[15:22:40] [MISSION] Pavel objective done ScoutPoi @ Southern Watchtower → return to Rostok
[15:22:40] [TASK] Viktor → FulfillMission [ScoutPoi] (goal=CompleteMission)
[15:22:40] [MISSION] Viktor objective done ScoutPoi @ Abandoned Outpost → return to Chernobyl NPP
[15:22:40] [TASK] Jake → FulfillMission [ScoutPoi] (goal=CompleteMission)
[15:22:40] [MISSION] Jake objective done ScoutPoi @ Sunken Shack → return to Yantar
[15:22:40] [TASK] Pavel → FulfillMission [ScoutPoi] (goal=CompleteMission)
[15:22:40] [MISSION] Pavel objective done ScoutPoi @ Sunken Camp → return to Chernobyl Town
[15:22:40] [TASK] Dmitri → FulfillMission [ScoutPoi] (goal=CompleteMission)
[15:22:40] [MISSION] Dmitri objective done ScoutPoi @ Forgotten Outpost → return to Meadow
[15:22:40] [TASK] Oleksiy → FulfillMission [ScoutPoi] (goal=CompleteMission)
[15:22:40] [MISSION] Oleksiy objective done ScoutPoi @ Rain Barrel Stop → return to Wild Territory
[15:22:40] [TASK] Andrei → FulfillMission [ScoutPoi] (goal=CompleteMission)
[15:22:40] [MISSION] Andrei objective done ScoutPoi @ Abandoned Outpost → return to Limansk
[15:22:40] [TASK] Dmitri → FulfillMission [ScoutPoi] (goal=CompleteMission)
[15:22:40] [MISSION] Dmitri objective done ScoutPoi @ Overgrown Shack → return to Garbage
[15:22:40] [TASK] Andrei → FulfillMission [ScoutPoi] (goal=CompleteMission)
[15:22:40] [MISSION] Andrei objective done ScoutPoi @ Abandoned Outpost → return to Chernobyl NPP
[15:22:40] [TASK] Frank → FulfillMission [ScoutPoi] (goal=CompleteMission)
[15:22:40] [MISSION] Frank objective done ScoutPoi @ Forgotten Outpost → return to Meadow
[15:22:40] [TASK] Sergei → FulfillMission [ScoutPoi] (goal=CompleteMission)
[15:22:40] [MISSION] Sergei objective done ScoutPoi @ Abandoned Outpost → return to Chernobyl NPP
[15:22:40] [TASK] Viktor → FulfillMission [ScoutPoi] (goal=CompleteMission)
[15:22:40] [MISSION] Viktor objective done ScoutPoi @ Forgotten Outpost → return to Radar (Brain Scorcher)
[15:22:40] [TASK] Yuriy → FulfillMission [ScoutPoi] (goal=CompleteMission)
[15:22:40] [MISSION] Yuriy objective done ScoutPoi @ Machine Yard → return to Cordon
[15:22:40] [TASK] Mykola → FulfillMission [ScoutPoi] (goal=CompleteMission)
[15:22:40] [MISSION] Mykola objective done ScoutPoi @ Pump Station → return to Agroprom
[15:22:40] [TASK] Giorgi → FulfillMission [ScoutPoi] (goal=CompleteMission)
[15:22:40] [MISSION] Giorgi objective done ScoutPoi @ Sunken Shelter → return to Kopachi
[15:22:40] [TASK] Oleksiy → FulfillMission [ScoutPoi] (goal=CompleteMission)
[15:22:40] [MISSION] Oleksiy objective done ScoutPoi @ Sunken Outpost → return to Zaton
[15:22:40] [TASK] Alexei → FulfillMission [ScoutPoi] (goal=CompleteMission)
[15:22:40] [MISSION] Alexei objective done ScoutPoi @ Abandoned Outpost → return to Chernobyl NPP
[15:22:40] [TASK] Yuriy → FulfillMission [ScoutPoi] (goal=CompleteMission)
[15:22:40] [MISSION] Yuriy objective done ScoutPoi @ Abandoned Outpost → return to Chernobyl NPP
[15:22:40] [TASK] Andriy → FulfillMission [ScoutPoi] (goal=CompleteMission)
[15:22:40] [MISSION] Andriy objective done ScoutPoi @ Overgrown Bunker → return to Duga Radar
[15:22:40] [TASK] Frank → FulfillMission [ScoutPoi] (goal=CompleteMission)
[15:22:40] [MISSION] Frank objective done ScoutPoi @ Rain Barrel Stop → return to Wild Territory
[15:22:40] [TASK] Sergei → FulfillMission [ScoutPoi] (goal=CompleteMission)
[15:22:40] [MISSION] Sergei objective done ScoutPoi @ Southern Watchtower → return to Rostok
[15:22:40] [TASK] Taras → FulfillMission [ScoutPoi] (goal=CompleteMission)
[15:22:40] [MISSION] Taras objective done ScoutPoi @ Cordon → return to Great Swamps
[15:22:40] [TASK] Lasha → FulfillMission [ScoutPoi] (goal=CompleteMission)
[15:22:40] [MISSION] Lasha objective done ScoutPoi @ Abandoned Outpost → return to Chernobyl NPP
[15:22:40] [TASK] Pavel → FulfillMission [ScoutPoi] (goal=CompleteMission)
[15:22:40] [MISSION] Pavel objective done ScoutPoi @ Overgrown Shack → return to Garbage
[15:22:40] [TASK] Bohdan → FulfillMission [ScoutPoi] (goal=CompleteMission)
[15:22:40] [MISSION] Bohdan objective done ScoutPoi @ Forgotten Outpost → return to Radar (Brain Scorcher)
[15:22:40] [TASK] Timur → FulfillMission [ScoutPoi] (goal=CompleteMission)
[15:22:40] [MISSION] Timur objective done ScoutPoi @ Makeshift Outpost → return to Jupiter (Pripyat Industrial)
[15:22:40] [TASK] Dmytro → FulfillMission [ScoutPoi] (goal=CompleteMission)
[15:22:40] [MISSION] Dmytro objective done ScoutPoi @ Abandoned Outpost → return to Chernobyl NPP
[15:22:40] [TASK] Mykola → FulfillMission [ScoutPoi] (goal=CompleteMission)
[15:22:40] [MISSION] Mykola objective done ScoutPoi @ Cordon → return to Great Swamps
[15:22:42] [INBOUND] Initial +3 ctx.Stalkers, +1 mutants (remaining S=718 M=481)
[15:22:42] [TASK] Andriy → TurnInMission [ScoutPoi] (goal=CompleteMission)
[15:22:42] [MISSION] Andriy turned in ScoutPoi @ Chernobyl Town (+160 RU)
[15:22:42] [GOAL] Andriy achieved CompleteMission
[15:22:42] [TASK] Oleksiy → TurnInMission [ScoutPoi] (goal=CompleteMission)
[15:22:42] [MISSION] Oleksiy turned in ScoutPoi @ Radar (Brain Scorcher) (+176 RU)
[15:22:42] [GOAL] Oleksiy achieved CompleteMission
[15:22:42] [TASK] Igor → TurnInMission [ScoutPoi] (goal=CompleteMission)
[15:22:42] [MISSION] Igor turned in ScoutPoi @ Wild Territory (+190 RU)
[15:22:42] [GOAL] Igor achieved CompleteMission
[15:22:42] [TASK] Pierre → TurnInMission [ScoutPoi] (goal=CompleteMission)
[15:22:42] [MISSION] Pierre turned in ScoutPoi @ Zaton (+184 RU)
[15:22:42] [GOAL] Pierre achieved CompleteMission
[15:22:42] [TASK] Oleg → TurnInMission [ScoutPoi] (goal=CompleteMission)
[15:22:42] [MISSION] Oleg turned in ScoutPoi @ Jupiter (Pripyat Industrial) (+190 RU)
[15:22:42] [GOAL] Oleg achieved CompleteMission
[15:22:42] [TASK] Igor → TurnInMission [ScoutPoi] (goal=CompleteMission)
[15:22:42] [MISSION] Igor turned in ScoutPoi @ Wild Territory (+190 RU)
[15:22:42] [GOAL] Igor achieved CompleteMission
[15:22:42] [TASK] Oleg → TurnInMission [ScoutPoi] (goal=CompleteMission)
[15:22:42] [MISSION] Oleg turned in ScoutPoi @ Wild Territory (+190 RU)
[15:22:42] [GOAL] Oleg achieved CompleteMission
[15:22:42] [TASK] Zura → TurnInMission [ScoutPoi] (goal=CompleteMission)
[15:22:42] [MISSION] Zura turned in ScoutPoi @ Chernobyl Town (+160 RU)
[15:22:42] [GOAL] Zura achieved CompleteMission
[15:22:42] [TASK] Pavel → TurnInMission [ScoutPoi] (goal=CompleteMission)
[15:22:42] [MISSION] Pavel turned in ScoutPoi @ Chernobyl Town (+160 RU)
[15:22:42] [GOAL] Pavel achieved CompleteMission
[15:22:42] [TASK] Oleksiy → TurnInMission [ScoutPoi] (goal=CompleteMission)
[15:22:42] [MISSION] Oleksiy turned in ScoutPoi @ Wild Territory (+190 RU)
[15:22:42] [GOAL] Oleksiy achieved CompleteMission
[15:22:42] [TASK] Dmitri → TurnInMission [ScoutPoi] (goal=CompleteMission)
[15:22:42] [MISSION] Dmitri turned in ScoutPoi @ Garbage (+160 RU)
[15:22:42] [GOAL] Dmitri achieved CompleteMission
[15:22:42] [TASK] Viktor → TurnInMission [ScoutPoi] (goal=CompleteMission)
[15:22:42] [MISSION] Viktor turned in ScoutPoi @ Radar (Brain Scorcher) (+176 RU)
[15:22:42] [GOAL] Viktor achieved CompleteMission
[15:22:42] [TASK] Oleksiy → TurnInMission [ScoutPoi] (goal=CompleteMission)
[15:22:42] [MISSION] Oleksiy turned in ScoutPoi @ Zaton (+184 RU)
[15:22:42] [GOAL] Oleksiy achieved CompleteMission
[15:22:42] [TASK] Andriy → TurnInMission [ScoutPoi] (goal=CompleteMission)
[15:22:42] [MISSION] Andriy turned in ScoutPoi @ Duga Radar (+160 RU)
[15:22:42] [GOAL] Andriy achieved CompleteMission
[15:22:42] [TASK] Frank → TurnInMission [ScoutPoi] (goal=CompleteMission)
[15:22:42] [MISSION] Frank turned in ScoutPoi @ Wild Territory (+190 RU)
[15:22:42] [GOAL] Frank achieved CompleteMission
[15:22:42] [TASK] Pavel → TurnInMission [ScoutPoi] (goal=CompleteMission)
[15:22:42] [MISSION] Pavel turned in ScoutPoi @ Garbage (+160 RU)
[15:22:42] [GOAL] Pavel achieved CompleteMission
[15:22:42] [TASK] Bohdan → TurnInMission [ScoutPoi] (goal=CompleteMission)
[15:22:42] [MISSION] Bohdan turned in ScoutPoi @ Radar (Brain Scorcher) (+176 RU)
[15:22:42] [GOAL] Bohdan achieved CompleteMission
[15:22:42] [TASK] Timur → TurnInMission [ScoutPoi] (goal=CompleteMission)
[15:22:42] [MISSION] Timur turned in ScoutPoi @ Jupiter (Pripyat Industrial) (+190 RU)
[15:22:42] [GOAL] Timur achieved CompleteMission
[15:22:42] [TASK] Dmytro → TurnInMission [ScoutPoi] (goal=CompleteMission)
[15:22:42] [MISSION] Dmytro turned in ScoutPoi @ Chernobyl NPP (+190 RU)
[15:22:42] [GOAL] Dmytro achieved CompleteMission
[15:22:42] [TASK] Mykola → TurnInMission [ScoutPoi] (goal=CompleteMission)
[15:22:42] [MISSION] Mykola turned in ScoutPoi @ Great Swamps (+164 RU)
[15:22:42] [GOAL] Mykola achieved CompleteMission
[15:22:42] [MISSION] Andriy accepted ScoutPoi @ Chernobyl Town (160 RU)
[15:22:42] [TASK] Andriy → AcceptMission [ScoutPoi] (goal=AcceptMission)
[15:22:42] [GOAL] Andriy achieved AcceptMission
[15:22:42] [MISSION] Oleksiy accepted ScoutPoi @ Radar (Brain Scorcher) (176 RU)
[15:22:42] [TASK] Oleksiy → AcceptMission [ScoutPoi] (goal=AcceptMission)
[15:22:42] [GOAL] Oleksiy achieved AcceptMission
[15:22:42] [MISSION] Igor accepted ScoutPoi @ Wild Territory (190 RU)
[15:22:42] [TASK] Igor → AcceptMission [ScoutPoi] (goal=AcceptMission)
[15:22:42] [GOAL] Igor achieved AcceptMission
[15:22:42] [MISSION] Pierre accepted ScoutPoi @ Zaton (184 RU)
[15:22:42] [TASK] Pierre → AcceptMission [ScoutPoi] (goal=AcceptMission)
[15:22:42] [GOAL] Pierre achieved AcceptMission
[15:22:42] [MISSION] Oleg accepted ScoutPoi @ Jupiter (Pripyat Industrial) (190 RU)
[15:22:42] [TASK] Oleg → AcceptMission [ScoutPoi] (goal=AcceptMission)
[15:22:42] [GOAL] Oleg achieved AcceptMission
[15:22:42] [MISSION] Igor accepted ScoutPoi @ Wild Territory (190 RU)
[15:22:42] [TASK] Igor → AcceptMission [ScoutPoi] (goal=AcceptMission)
[15:22:42] [GOAL] Igor achieved AcceptMission
[15:22:42] [MISSION] Oleg accepted ScoutPoi @ Wild Territory (190 RU)
[15:22:42] [TASK] Oleg → AcceptMission [ScoutPoi] (goal=AcceptMission)
[15:22:42] [GOAL] Oleg achieved AcceptMission
[15:22:42] [MISSION] Zura accepted ScoutPoi @ Chernobyl Town (160 RU)
[15:22:42] [TASK] Zura → AcceptMission [ScoutPoi] (goal=AcceptMission)
[15:22:42] [GOAL] Zura achieved AcceptMission
[15:22:42] [MISSION] Pavel accepted ScoutPoi @ Chernobyl Town (160 RU)
[15:22:42] [TASK] Pavel → AcceptMission [ScoutPoi] (goal=AcceptMission)
[15:22:42] [GOAL] Pavel achieved AcceptMission
[15:22:42] [MISSION] Oleksiy accepted ScoutPoi @ Wild Territory (190 RU)
[15:22:42] [TASK] Oleksiy → AcceptMission [ScoutPoi] (goal=AcceptMission)
[15:22:42] [GOAL] Oleksiy achieved AcceptMission
[15:22:42] [MISSION] Dmitri accepted ScoutPoi @ Garbage (160 RU)
[15:22:42] [TASK] Dmitri → AcceptMission [ScoutPoi] (goal=AcceptMission)
[15:22:42] [GOAL] Dmitri achieved AcceptMission
[15:22:42] [MISSION] Viktor accepted ScoutPoi @ Radar (Brain Scorcher) (176 RU)
[15:22:42] [TASK] Viktor → AcceptMission [ScoutPoi] (goal=AcceptMission)
[15:22:42] [GOAL] Viktor achieved AcceptMission
[15:22:42] [MISSION] Oleksiy accepted ScoutPoi @ Zaton (184 RU)
[15:22:42] [TASK] Oleksiy → AcceptMission [ScoutPoi] (goal=AcceptMission)
[15:22:42] [GOAL] Oleksiy achieved AcceptMission
[15:22:42] [MISSION] Andriy accepted ScoutPoi @ Duga Radar (160 RU)
[15:22:42] [TASK] Andriy → AcceptMission [ScoutPoi] (goal=AcceptMission)
[15:22:42] [GOAL] Andriy achieved AcceptMission
[15:22:42] [MISSION] Frank accepted ScoutPoi @ Wild Territory (190 RU)
[15:22:42] [TASK] Frank → AcceptMission [ScoutPoi] (goal=AcceptMission)
[15:22:42] [GOAL] Frank achieved AcceptMission
[15:22:42] [MISSION] Pavel accepted ScoutPoi @ Garbage (160 RU)
[15:22:42] [TASK] Pavel → AcceptMission [ScoutPoi] (goal=AcceptMission)
[15:22:42] [GOAL] Pavel achieved AcceptMission
[15:22:42] [MISSION] Bohdan accepted ScoutPoi @ Radar (Brain Scorcher) (176 RU)
[15:22:42] [TASK] Bohdan → AcceptMission [ScoutPoi] (goal=AcceptMission)
[15:22:42] [GOAL] Bohdan achieved AcceptMission
[15:22:42] [MISSION] Timur accepted ScoutPoi @ Jupiter (Pripyat Industrial) (190 RU)
[15:22:42] [TASK] Timur → AcceptMission [ScoutPoi] (goal=AcceptMission)
[15:22:42] [GOAL] Timur achieved AcceptMission
[15:22:42] [MISSION] Dmytro accepted ScoutPoi @ Chernobyl NPP (190 RU)
[15:22:42] [TASK] Dmytro → AcceptMission [ScoutPoi] (goal=AcceptMission)
[15:22:42] [GOAL] Dmytro achieved AcceptMission
[15:22:42] [MISSION] Mykola accepted ScoutPoi @ Great Swamps (164 RU)
[15:22:42] [TASK] Mykola → AcceptMission [ScoutPoi] (goal=AcceptMission)
[15:22:42] [GOAL] Mykola achieved AcceptMission
[15:22:45] [INBOUND] Initial +2 ctx.Stalkers, +1 mutants (remaining S=716 M=480)
[15:22:45] [TASK] Sergei → TradeRun [poi_macro_5] (goal=VisitTrader)
[15:22:45] [GOAL] Sergei achieved VisitTrader
[15:22:45] [MISSION] Andrei accepted ScoutPoi @ Agroprom (160 RU)
[15:22:45] [TASK] Andrei → AcceptMission [ScoutPoi] (goal=AcceptMission)
[15:22:45] [GOAL] Andrei achieved AcceptMission
[15:22:45] [COMBAT] Sergei Kovalenko 'Raven' killed Boar using wpn_mp5
[15:22:45] [MISSION] Sergei accepted ScoutPoi @ Rostok (164 RU)
[15:22:45] [TASK] Sergei → AcceptMission [ScoutPoi] (goal=AcceptMission)
[15:22:45] [GOAL] Sergei achieved AcceptMission
[15:22:46] [TASK] Ivan → TradeRun [poi_macro_3] (goal=VisitTrader)
[15:22:46] [TRADE] Ivan bought [helm_bandana, helm_helm_bandana] @ South
[15:22:46] [GOAL] Ivan achieved VisitTrader
[15:22:46] [COMBAT] Andrei Bondarenko 'Razor' killed Igor Melnyk 'Razor' using wpn_gauss
[15:22:46] [GEAR] Andrei looted [wpn_g36, arm_freedom] via combat
[15:22:46] [MISSION] Ivan accepted ScoutPoi @ Zalissya (184 RU)
[15:22:46] [TASK] Ivan → AcceptMission [ScoutPoi] (goal=AcceptMission)
[15:22:46] [GOAL] Ivan achieved AcceptMission
[15:22:48] [INBOUND] Initial +2 ctx.Stalkers, +2 mutants (remaining S=714 M=478)
[15:22:48] [MISSION] Ivan accepted ScoutPoi @ Zalissya (184 RU)
[15:22:48] [TASK] Ivan → AcceptMission [ScoutPoi] (goal=AcceptMission)
[15:22:48] [GOAL] Ivan achieved AcceptMission
[15:22:48] [COMBAT] Alibek Bondarenko 'Stitch' killed Sergei Petrenko 'Razor' using wpn_vintorez
[15:22:48] [GEAR] Alibek looted [wpn_desert_eagle] via combat
[15:22:48] [COMBAT] Dmitri Kovalenko 'Crow' killed Pseudodog using wpn_m4a1
[15:22:48] [COMBAT] Nikolai Kovalenko 'Ash' killed Snork using wpn_sg550
[15:22:49] [INBOUND] Initial +2 ctx.Stalkers, +1 mutants (remaining S=712 M=477)
[15:22:50] [INBOUND] Initial +2 ctx.Stalkers, +1 mutants (remaining S=710 M=476)
[15:22:50] [MISSION] Alexei accepted ScoutPoi @ Chernobyl NPP (190 RU)
[15:22:50] [TASK] Alexei → AcceptMission [ScoutPoi] (goal=AcceptMission)
[15:22:50] [GOAL] Alexei achieved AcceptMission
[15:22:51] [COMBAT] Igor Sokolov 'Phantom' killed Zura Shevchenko 'Bullet' using wpn_gauss
[15:22:51] [COMBAT] Ivan Kovalenko 'Jackal' killed Bloodsucker using wpn_sg550
[15:22:52] [INBOUND] Initial +2 ctx.Stalkers, +2 mutants (remaining S=708 M=474)
[15:22:52] [MISSION] Ivan accepted ScoutPoi @ Jupiter (Pripyat Industrial) (190 RU)
[15:22:52] [TASK] Ivan → AcceptMission [ScoutPoi] (goal=AcceptMission)
[15:22:52] [GOAL] Ivan achieved AcceptMission
[15:22:53] [INBOUND] Initial +2 ctx.Stalkers, +1 mutants (remaining S=706 M=473)
[15:22:53] [CORPSE] Despawned 28 bodies (lifetime=474)
[15:22:53] [MISSION] Viktor accepted ScoutPoi @ Wild Territory (190 RU)
[15:22:53] [TASK] Viktor → AcceptMission [ScoutPoi] (goal=AcceptMission)
[15:22:53] [GOAL] Viktor achieved AcceptMission
[15:22:54] [COMBAT] Viktor Petrov 'Mole' killed Lurker using wpn_mp5
[15:22:55] [INBOUND] Initial +2 ctx.Stalkers, +2 mutants (remaining S=704 M=471)
[15:22:55] [MISSION] Igor accepted ScoutPoi @ Zalissya (184 RU)
[15:22:55] [TASK] Igor → AcceptMission [ScoutPoi] (goal=AcceptMission)
[15:22:55] [GOAL] Igor achieved AcceptMission
[15:22:55] [MISSION] Giorgi accepted ScoutPoi @ Chernobyl Town (160 RU)
[15:22:55] [TASK] Giorgi → AcceptMission [ScoutPoi] (goal=AcceptMission)
[15:22:55] [GOAL] Giorgi achieved AcceptMission
[15:22:56] [INBOUND] Initial +2 ctx.Stalkers, +1 mutants (remaining S=702 M=470)
[15:22:56] [MISSION] Oleg accepted ScoutPoi @ Chernobyl NPP (190 RU)
[15:22:56] [TASK] Oleg → AcceptMission [ScoutPoi] (goal=AcceptMission)
[15:22:56] [GOAL] Oleg achieved AcceptMission
[15:22:57] [INBOUND] Initial +2 ctx.Stalkers, +1 mutants (remaining S=700 M=469)
[15:22:57] [MISSION] Bakhyt accepted ScoutPoi @ Agroprom (160 RU)
[15:22:57] [TASK] Bakhyt → AcceptMission [ScoutPoi] (goal=AcceptMission)
[15:22:57] [GOAL] Bakhyt achieved AcceptMission
[15:22:58] [COMBAT] Sergei Volkov 'Stitch' killed Tushkano using wpn_gauss
[15:22:59] [INBOUND] Initial +2 ctx.Stalkers, +2 mutants (remaining S=698 M=467)
[15:22:59] [MISSION] Viktor accepted ScoutPoi @ Limansk (190 RU)
[15:22:59] [TASK] Viktor → AcceptMission [ScoutPoi] (goal=AcceptMission)
[15:22:59] [GOAL] Viktor achieved AcceptMission
[15:22:59] [MISSION] Sergei arrived for ScoutPoi @ Forgotten Outpost (travel=875m, work=277s game)
[15:22:59] [COMBAT] Pavel Bondarenko 'Wolf' killed Rat using wpn_vintorez
[15:22:59] [COMBAT] Connor Melnyk 'Fox' killed Giorgi Ivanov 'Spark' using wpn_sg550
[15:23:00] [INBOUND] Initial +2 ctx.Stalkers, +1 mutants (remaining S=696 M=466)
[15:23:00] [COMBAT] Heinrich Kovalenko 'Ghost' killed Viktor Ivanov 'Scar' using wpn_l96a1
[15:23:00] [GEAR] Heinrich looted [wpn_pkm] via combat
[15:23:00] [COMBAT] Alibek Bondarenko 'Stitch' killed Bloodsucker using wpn_vintorez
[15:23:00] [COMBAT] Connor Volkov 'Ugly' killed Tushkano using wpn_rpg7
[15:23:01] [TASK] Oleksiy → FulfillMission [ScoutPoi] (goal=CompleteMission)
[15:23:01] [MISSION] Oleksiy objective done ScoutPoi @ Forgotten Outpost → return to Radar (Brain Scorcher)
[15:23:01] [TASK] Pierre → FulfillMission [ScoutPoi] (goal=CompleteMission)
[15:23:01] [MISSION] Pierre objective done ScoutPoi @ Sunken Outpost → return to Zaton
[15:23:01] [TASK] Oleg → FulfillMission [ScoutPoi] (goal=CompleteMission)
[15:23:01] [MISSION] Oleg objective done ScoutPoi @ Makeshift Outpost → return to Jupiter (Pripyat Industrial)
[15:23:01] [TASK] Igor → FulfillMission [ScoutPoi] (goal=CompleteMission)
[15:23:01] [MISSION] Igor objective done ScoutPoi @ Rain Barrel Stop → return to Wild Territory
[15:23:01] [TASK] Oleg → FulfillMission [ScoutPoi] (goal=CompleteMission)
[15:23:01] [MISSION] Oleg objective done ScoutPoi @ Rain Barrel Stop → return to Wild Territory
[15:23:01] [TASK] Pavel → FulfillMission [ScoutPoi] (goal=CompleteMission)
[15:23:01] [MISSION] Pavel objective done ScoutPoi @ Sunken Camp → return to Chernobyl Town
[15:23:01] [TASK] Dmitri → FulfillMission [ScoutPoi] (goal=CompleteMission)
[15:23:01] [MISSION] Dmitri objective done ScoutPoi @ Overgrown Shack → return to Garbage
[15:23:01] [TASK] Viktor → FulfillMission [ScoutPoi] (goal=CompleteMission)
[15:23:01] [MISSION] Viktor objective done ScoutPoi @ Forgotten Outpost → return to Radar (Brain Scorcher)
[15:23:01] [TASK] Oleksiy → FulfillMission [ScoutPoi] (goal=CompleteMission)
[15:23:01] [MISSION] Oleksiy objective done ScoutPoi @ Sunken Outpost → return to Zaton
[15:23:01] [TASK] Ivan → FulfillMission [ScoutPoi] (goal=CompleteMission)
[15:23:01] [MISSION] Ivan objective done ScoutPoi @ Mutant Den #0 near Rostok → return to Zalissya
[15:23:01] [TASK] Frank → FulfillMission [ScoutPoi] (goal=CompleteMission)
[15:23:01] [MISSION] Frank objective done ScoutPoi @ Rain Barrel Stop → return to Wild Territory
[15:23:01] [TASK] Pavel → FulfillMission [ScoutPoi] (goal=CompleteMission)
[15:23:01] [MISSION] Pavel objective done ScoutPoi @ Overgrown Shack → return to Garbage
[15:23:01] [TASK] Bohdan → FulfillMission [ScoutPoi] (goal=CompleteMission)
[15:23:01] [MISSION] Bohdan objective done ScoutPoi @ Forgotten Outpost → return to Radar (Brain Scorcher)
[15:23:01] [TASK] Dmytro → FulfillMission [ScoutPoi] (goal=CompleteMission)
[15:23:01] [MISSION] Dmytro objective done ScoutPoi @ Abandoned Outpost → return to Chernobyl NPP
[15:23:01] [TASK] Mykola → FulfillMission [ScoutPoi] (goal=CompleteMission)
[15:23:01] [MISSION] Mykola objective done ScoutPoi @ Cordon → return to Great Swamps
[15:23:01] [TASK] Connor → FulfillMission [ScoutPoi] (goal=CompleteMission)
[15:23:01] [MISSION] Connor objective done ScoutPoi @ Rest Stop (Wild Ter-Yantar) → return to Truck Cemetery
[15:23:01] [TASK] Andrei → FulfillMission [ScoutPoi] (goal=CompleteMission)
[15:23:01] [MISSION] Andrei objective done ScoutPoi @ Pump Station → return to Agroprom
[15:23:01] [TASK] Ivan → FulfillMission [ScoutPoi] (goal=CompleteMission)
[15:23:01] [MISSION] Ivan objective done ScoutPoi @ Mutant Den #0 near Rostok → return to Zalissya
[15:23:01] [TASK] Alexei → FulfillMission [ScoutPoi] (goal=CompleteMission)
[15:23:01] [MISSION] Alexei objective done ScoutPoi @ Abandoned Outpost → return to Chernobyl NPP
[15:23:01] [TASK] Ivan → FulfillMission [ScoutPoi] (goal=CompleteMission)
[15:23:01] [MISSION] Ivan objective done ScoutPoi @ Makeshift Outpost → return to Jupiter (Pripyat Industrial)
[15:23:01] [TASK] Viktor → FulfillMission [ScoutPoi] (goal=CompleteMission)
[15:23:01] [MISSION] Viktor objective done ScoutPoi @ Rain Barrel Stop → return to Wild Territory
[15:23:01] [TASK] Igor → FulfillMission [ScoutPoi] (goal=CompleteMission)
[15:23:01] [MISSION] Igor objective done ScoutPoi @ Mutant Den #0 near Rostok → return to Zalissya
[15:23:01] [TASK] Giorgi → FulfillMission [ScoutPoi] (goal=CompleteMission)
[15:23:01] [MISSION] Giorgi objective done ScoutPoi @ Sunken Camp → return to Chernobyl Town
[15:23:01] [TASK] Oleg → FulfillMission [ScoutPoi] (goal=CompleteMission)
[15:23:01] [MISSION] Oleg objective done ScoutPoi @ Abandoned Outpost → return to Chernobyl NPP
[15:23:01] [TASK] Bakhyt → FulfillMission [ScoutPoi] (goal=CompleteMission)
[15:23:01] [MISSION] Bakhyt objective done ScoutPoi @ Pump Station → return to Agroprom
[15:23:01] [TASK] Mikhail → FulfillMission [ScoutPoi] (goal=CompleteMission)
[15:23:01] [MISSION] Mikhail objective done ScoutPoi @ Forgotten Outpost → return to Radar (Brain Scorcher)
[15:23:01] [TASK] Armen → FulfillMission [ScoutPoi] (goal=CompleteMission)
[15:23:01] [MISSION] Armen objective done ScoutPoi @ Rain Barrel Stop → return to Wild Territory
[15:23:01] [TASK] Oleg → FulfillMission [ScoutPoi] (goal=CompleteMission)
[15:23:01] [MISSION] Oleg objective done ScoutPoi @ Makeshift Outpost → return to Jupiter (Pripyat Industrial)
[15:23:01] [TASK] Alibek → FulfillMission [ScoutPoi] (goal=CompleteMission)
[15:23:01] [MISSION] Alibek objective done ScoutPoi @ Makeshift Outpost → return to Jupiter (Pripyat Industrial)
[15:23:01] [TASK] Sergei → FulfillMission [ScoutPoi] (goal=CompleteMission)
[15:23:01] [MISSION] Sergei objective done ScoutPoi @ Forgotten Outpost → return to Meadow
[15:23:01] [INBOUND] Initial +2 ctx.Stalkers, +2 mutants (remaining S=694 M=464)
[15:23:01] [TASK] Mikhail → TurnInMission [ScoutPoi] (goal=CompleteMission)
[15:23:01] [MISSION] Mikhail turned in ScoutPoi @ Radar (Brain Scorcher) (+176 RU)
[15:23:01] [GOAL] Mikhail achieved CompleteMission
[15:23:01] [TASK] Armen → TurnInMission [ScoutPoi] (goal=CompleteMission)
[15:23:01] [MISSION] Armen turned in ScoutPoi @ Wild Territory (+190 RU)
[15:23:01] [GOAL] Armen achieved CompleteMission
[15:23:01] [TASK] Oleg → TurnInMission [ScoutPoi] (goal=CompleteMission)
[15:23:01] [MISSION] Oleg turned in ScoutPoi @ Jupiter (Pripyat Industrial) (+190 RU)
[15:23:01] [GOAL] Oleg achieved CompleteMission
[15:23:01] [TASK] Alibek → TurnInMission [ScoutPoi] (goal=CompleteMission)
[15:23:01] [MISSION] Alibek turned in ScoutPoi @ Jupiter (Pripyat Industrial) (+190 RU)
[15:23:01] [GOAL] Alibek achieved CompleteMission
[15:23:01] [TASK] Oleksiy → TurnInMission [ScoutPoi] (goal=CompleteMission)
[15:23:01] [MISSION] Oleksiy turned in ScoutPoi @ Radar (Brain Scorcher) (+176 RU)
[15:23:01] [GOAL] Oleksiy achieved CompleteMission
[15:23:01] [TASK] Pierre → TurnInMission [ScoutPoi] (goal=CompleteMission)
[15:23:01] [MISSION] Pierre turned in ScoutPoi @ Zaton (+184 RU)
[15:23:01] [GOAL] Pierre achieved CompleteMission
[15:23:01] [TASK] Oleg → TurnInMission [ScoutPoi] (goal=CompleteMission)
[15:23:01] [MISSION] Oleg turned in ScoutPoi @ Jupiter (Pripyat Industrial) (+190 RU)
[15:23:01] [GOAL] Oleg achieved CompleteMission
[15:23:01] [TASK] Igor → TurnInMission [ScoutPoi] (goal=CompleteMission)
[15:23:01] [MISSION] Igor turned in ScoutPoi @ Wild Territory (+190 RU)
[15:23:01] [GOAL] Igor achieved CompleteMission
[15:23:01] [TASK] Oleg → TurnInMission [ScoutPoi] (goal=CompleteMission)
[15:23:01] [MISSION] Oleg turned in ScoutPoi @ Wild Territory (+190 RU)
[15:23:01] [GOAL] Oleg achieved CompleteMission
[15:23:01] [TASK] Pavel → TurnInMission [ScoutPoi] (goal=CompleteMission)
[15:23:01] [MISSION] Pavel turned in ScoutPoi @ Chernobyl Town (+160 RU)
[15:23:01] [GOAL] Pavel achieved CompleteMission
[15:23:01] [TASK] Dmitri → TurnInMission [ScoutPoi] (goal=CompleteMission)
[15:23:01] [MISSION] Dmitri turned in ScoutPoi @ Garbage (+160 RU)
[15:23:01] [GOAL] Dmitri achieved CompleteMission
[15:23:01] [TASK] Viktor → TurnInMission [ScoutPoi] (goal=CompleteMission)
[15:23:01] [MISSION] Viktor turned in ScoutPoi @ Radar (Brain Scorcher) (+176 RU)
[15:23:01] [GOAL] Viktor achieved CompleteMission
[15:23:01] [TASK] Oleksiy → TurnInMission [ScoutPoi] (goal=CompleteMission)
[15:23:01] [MISSION] Oleksiy turned in ScoutPoi @ Zaton (+184 RU)
[15:23:01] [GOAL] Oleksiy achieved CompleteMission
[15:23:01] [TASK] Frank → TurnInMission [ScoutPoi] (goal=CompleteMission)
[15:23:01] [MISSION] Frank turned in ScoutPoi @ Wild Territory (+190 RU)
[15:23:01] [GOAL] Frank achieved CompleteMission
[15:23:01] [TASK] Pavel → TurnInMission [ScoutPoi] (goal=CompleteMission)
[15:23:01] [MISSION] Pavel turned in ScoutPoi @ Garbage (+160 RU)
[15:23:01] [GOAL] Pavel achieved CompleteMission
[15:23:01] [TASK] Bohdan → TurnInMission [ScoutPoi] (goal=CompleteMission)
[15:23:01] [MISSION] Bohdan turned in ScoutPoi @ Radar (Brain Scorcher) (+176 RU)
[15:23:01] [GOAL] Bohdan achieved CompleteMission
[15:23:01] [TASK] Ivan → TurnInMission [ScoutPoi] (goal=CompleteMission)
[15:23:01] [MISSION] Ivan turned in ScoutPoi @ Jupiter (Pripyat Industrial) (+190 RU)
[15:23:01] [GOAL] Ivan achieved CompleteMission
[15:23:01] [TASK] Viktor → TurnInMission [ScoutPoi] (goal=CompleteMission)
[15:23:01] [MISSION] Viktor turned in ScoutPoi @ Wild Territory (+190 RU)
[15:23:01] [GOAL] Viktor achieved CompleteMission
[15:23:01] [TASK] Giorgi → TurnInMission [ScoutPoi] (goal=CompleteMission)
[15:23:01] [MISSION] Giorgi turned in ScoutPoi @ Chernobyl Town (+160 RU)
[15:23:01] [GOAL] Giorgi achieved CompleteMission
[15:23:01] [TASK] Bakhyt → TurnInMission [ScoutPoi] (goal=CompleteMission)
[15:23:01] [MISSION] Bakhyt turned in ScoutPoi @ Agroprom (+160 RU)
[15:23:01] [GOAL] Bakhyt achieved CompleteMission
[15:23:02] [MISSION] Vasyl accepted ScoutPoi @ Meadow (160 RU)
[15:23:02] [TASK] Vasyl → AcceptMission [ScoutPoi] (goal=AcceptMission)
[15:23:02] [GOAL] Vasyl achieved AcceptMission
[15:23:02] [MISSION] Mikhail accepted ScoutPoi @ Radar (Brain Scorcher) (176 RU)
[15:23:02] [TASK] Mikhail → AcceptMission [ScoutPoi] (goal=AcceptMission)
[15:23:02] [GOAL] Mikhail achieved AcceptMission
[15:23:02] [MISSION] Armen accepted ScoutPoi @ Wild Territory (190 RU)
[15:23:02] [TASK] Armen → AcceptMission [ScoutPoi] (goal=AcceptMission)
[15:23:02] [GOAL] Armen achieved AcceptMission
[15:23:02] [MISSION] Oleg accepted ScoutPoi @ Jupiter (Pripyat Industrial) (190 RU)
[15:23:02] [TASK] Oleg → AcceptMission [ScoutPoi] (goal=AcceptMission)
[15:23:02] [GOAL] Oleg achieved AcceptMission
[15:23:02] [MISSION] Alibek accepted ScoutPoi @ Jupiter (Pripyat Industrial) (190 RU)
[15:23:02] [TASK] Alibek → AcceptMission [ScoutPoi] (goal=AcceptMission)
[15:23:02] [GOAL] Alibek achieved AcceptMission
[15:23:02] [MISSION] Oleksiy accepted ScoutPoi @ Radar (Brain Scorcher) (176 RU)
[15:23:02] [TASK] Oleksiy → AcceptMission [ScoutPoi] (goal=AcceptMission)
[15:23:02] [GOAL] Oleksiy achieved AcceptMission
[15:23:02] [MISSION] Pierre accepted ScoutPoi @ Zaton (184 RU)
[15:23:02] [TASK] Pierre → AcceptMission [ScoutPoi] (goal=AcceptMission)
[15:23:02] [GOAL] Pierre achieved AcceptMission
[15:23:02] [MISSION] Oleg accepted ScoutPoi @ Jupiter (Pripyat Industrial) (190 RU)
[15:23:02] [TASK] Oleg → AcceptMission [ScoutPoi] (goal=AcceptMission)
[15:23:02] [GOAL] Oleg achieved AcceptMission
[15:23:02] [MISSION] Igor accepted ScoutPoi @ Wild Territory (190 RU)
[15:23:02] [TASK] Igor → AcceptMission [ScoutPoi] (goal=AcceptMission)
[15:23:02] [GOAL] Igor achieved AcceptMission
[15:23:02] [MISSION] Oleg accepted ScoutPoi @ Wild Territory (190 RU)
[15:23:02] [TASK] Oleg → AcceptMission [ScoutPoi] (goal=AcceptMission)
[15:23:02] [GOAL] Oleg achieved AcceptMission
[15:23:02] [MISSION] Pavel accepted ScoutPoi @ Chernobyl Town (160 RU)
[15:23:02] [TASK] Pavel → AcceptMission [ScoutPoi] (goal=AcceptMission)
[15:23:02] [GOAL] Pavel achieved AcceptMission
[15:23:02] [MISSION] Dmitri accepted ScoutPoi @ Garbage (160 RU)
[15:23:02] [TASK] Dmitri → AcceptMission [ScoutPoi] (goal=AcceptMission)
[15:23:02] [GOAL] Dmitri achieved AcceptMission
[15:23:02] [MISSION] Viktor accepted ScoutPoi @ Radar (Brain Scorcher) (176 RU)
[15:23:02] [TASK] Viktor → AcceptMission [ScoutPoi] (goal=AcceptMission)
[15:23:02] [GOAL] Viktor achieved AcceptMission
[15:23:02] [MISSION] Oleksiy accepted ScoutPoi @ Zaton (184 RU)
[15:23:02] [TASK] Oleksiy → AcceptMission [ScoutPoi] (goal=AcceptMission)
[15:23:02] [GOAL] Oleksiy achieved AcceptMission
[15:23:02] [MISSION] Frank accepted ScoutPoi @ Wild Territory (190 RU)
[15:23:02] [TASK] Frank → AcceptMission [ScoutPoi] (goal=AcceptMission)
[15:23:02] [GOAL] Frank achieved AcceptMission
[15:23:02] [MISSION] Pavel accepted ScoutPoi @ Garbage (160 RU)
[15:23:02] [TASK] Pavel → AcceptMission [ScoutPoi] (goal=AcceptMission)
[15:23:02] [GOAL] Pavel achieved AcceptMission
[15:23:02] [MISSION] Bohdan accepted ScoutPoi @ Radar (Brain Scorcher) (176 RU)
[15:23:02] [TASK] Bohdan → AcceptMission [ScoutPoi] (goal=AcceptMission)
[15:23:02] [GOAL] Bohdan achieved AcceptMission
[15:23:02] [MISSION] Ivan accepted ScoutPoi @ Jupiter (Pripyat Industrial) (190 RU)
[15:23:02] [TASK] Ivan → AcceptMission [ScoutPoi] (goal=AcceptMission)
[15:23:02] [GOAL] Ivan achieved AcceptMission
[15:23:02] [MISSION] Viktor accepted ScoutPoi @ Wild Territory (190 RU)
[15:23:02] [TASK] Viktor → AcceptMission [ScoutPoi] (goal=AcceptMission)
[15:23:02] [GOAL] Viktor achieved AcceptMission
[15:23:02] [MISSION] Giorgi accepted ScoutPoi @ Chernobyl Town (160 RU)
[15:23:02] [TASK] Giorgi → AcceptMission [ScoutPoi] (goal=AcceptMission)
[15:23:02] [GOAL] Giorgi achieved AcceptMission
[15:23:02] [MISSION] Bakhyt accepted ScoutPoi @ Agroprom (160 RU)
[15:23:02] [TASK] Bakhyt → AcceptMission [ScoutPoi] (goal=AcceptMission)
[15:23:02] [GOAL] Bakhyt achieved AcceptMission
[15:23:04] [COMBAT] Andrei Sokolov 'Raven' killed BlindDog using wpn_ak74m
[15:23:04] [TASK] Nikolai → TradeRun [poi_macro_6] (goal=VisitTrader)
[15:23:04] [GOAL] Nikolai achieved VisitTrader
[15:23:04] [MISSION] Nikolai accepted ScoutPoi @ Agroprom (160 RU)
[15:23:04] [TASK] Nikolai → AcceptMission [ScoutPoi] (goal=AcceptMission)
[15:23:04] [GOAL] Nikolai achieved AcceptMission
[15:23:05] [INBOUND] Initial +3 ctx.Stalkers, +1 mutants (remaining S=691 M=463)
[15:23:05] [SNAPSHOT] real=8.2min game=D0 00:38 alive S=202 M=216 corpses=538 lootable=271 gammaGear out=119 helm=176 avgRU=908 leaderGoals trade=0 mission=21 emission=Dormant nextIn=38gmin desperate=0 hungry=0 interval deaths=38 combats=52 tasks=171 gearLoot=5 gearBuy=1 missions=101 corpseDespawn=55 trickleSpawns=0 ranks=[Rookie:186,Trainee:8,Experienced:3,Professional:3,Veteran:2] goals=[Idle:70,CompleteMission::21,Traveling:17] leaders: Igor[Rookie/Idle], Mikhail[Rookie/Idle], Mikhail[Veteran/CompleteMission:], Alexei[Rookie/Idle], Andriy[Rookie/Idle]
[15:23:06] [INBOUND] Initial +2 ctx.Stalkers, +1 mutants (remaining S=689 M=462)
[15:23:06] [MISSION] Yuriy accepted ScoutPoi @ Yantar (190 RU)
[15:23:06] [TASK] Yuriy → AcceptMission [ScoutPoi] (goal=AcceptMission)
[15:23:06] [GOAL] Yuriy achieved AcceptMission
[15:23:07] [COMBAT] Dmitri Bondarenko 'Viper' killed Boar using wpn_toz34
[15:23:07] [COMBAT] Frank Volkov 'Stitch' killed Lurker using wpn_rpg7
[15:23:07] [COMBAT] Yuriy Popov 'Badger' killed Tushkano using wpn_pkm
[15:23:08] [INBOUND] Initial +2 ctx.Stalkers, +2 mutants (remaining S=687 M=460)
[15:23:08] [MISSION] Dmytro accepted ScoutPoi @ Great Swamps (164 RU)
[15:23:08] [TASK] Dmytro → AcceptMission [ScoutPoi] (goal=AcceptMission)
[15:23:08] [GOAL] Dmytro achieved AcceptMission
[15:23:09] [INBOUND] Initial +2 ctx.Stalkers, +1 mutants (remaining S=685 M=459)
[15:23:09] [CORPSE] Despawned 30 bodies (lifetime=504)
[15:23:09] [MISSION] Andriy accepted ScoutPoi @ Zalissya (184 RU)
[15:23:09] [TASK] Andriy → AcceptMission [ScoutPoi] (goal=AcceptMission)
[15:23:09] [GOAL] Andriy achieved AcceptMission
[15:23:10] [RANK] Dmytro Melnyk 'Stitches' → Trainee
[15:23:10] [COMBAT] Dmytro Melnyk 'Stitches' killed Snork using wpn_ak74m
[15:23:11] [INBOUND] Initial +2 ctx.Stalkers, +2 mutants (remaining S=683 M=457)
[15:23:11] [MISSION] Dmytro accepted ScoutPoi @ Dark Valley (168 RU)
[15:23:11] [TASK] Dmytro → AcceptMission [ScoutPoi] (goal=AcceptMission)
[15:23:11] [GOAL] Dmytro achieved AcceptMission
[15:23:11] [COMBAT] Ivan Volkov 'Razor' killed PsyDog using wpn_toz34
[15:23:12] [COMBAT] Andrei Petrenko 'Lucky' killed Vasyl Kovalenko 'Scar' using wpn_rpg7
[15:23:12] [INBOUND] Initial +2 ctx.Stalkers, +1 mutants (remaining S=681 M=456)
[15:23:12] [MISSION] Alexei accepted ScoutPoi @ Zalissya (184 RU)
[15:23:12] [TASK] Alexei → AcceptMission [ScoutPoi] (goal=AcceptMission)
[15:23:12] [GOAL] Alexei achieved AcceptMission
[15:23:13] [TASK] Connor → TradeRun [poi_macro_0] (goal=VisitTrader)
[15:23:13] [GOAL] Connor achieved VisitTrader
[15:23:13] [MISSION] Connor accepted ScoutPoi @ Cordon (160 RU)
[15:23:13] [TASK] Connor → AcceptMission [ScoutPoi] (goal=AcceptMission)
[15:23:13] [GOAL] Connor achieved AcceptMission
[15:23:13] [INBOUND] Initial +2 ctx.Stalkers, +1 mutants (remaining S=679 M=455)
[15:23:13] [MISSION] Giorgi accepted ScoutPoi @ Wild Territory (190 RU)
[15:23:13] [TASK] Giorgi → AcceptMission [ScoutPoi] (goal=AcceptMission)
[15:23:13] [GOAL] Giorgi achieved AcceptMission
[15:23:13] [COMBAT] Damir Petrenko 'Bullet' killed PsyDog using wpn_ak74
[15:23:14] [COMBAT] Taras Volkov 'Shadow' killed Bloodsucker using wpn_fn2000
[15:23:14] [COMBAT] Igor Shevchenko 'Stitch' killed Flesh using wpn_gauss
[15:23:14] [COMBAT] Frank Volkov 'Stitch' killed Snork using wpn_rpg7
[15:23:15] [INBOUND] Initial +2 ctx.Stalkers, +2 mutants (remaining S=677 M=453)
[15:23:15] [MISSION] Sergei accepted ScoutPoi @ Agroprom (160 RU)
[15:23:15] [TASK] Sergei → AcceptMission [ScoutPoi] (goal=AcceptMission)
[15:23:15] [GOAL] Sergei achieved AcceptMission
[15:23:15] [COMBAT] Bohdan Bondarenko 'Crow' killed Tushkano using wpn_fn2000
[15:23:15] [COMBAT] Heinrich Volkov 'Crow' killed Snork using wpn_mp5
[15:23:16] [INBOUND] Initial +2 ctx.Stalkers, +1 mutants (remaining S=675 M=452)
[15:23:16] [MISSION] Taras accepted ScoutPoi @ Rostok (164 RU)
[15:23:16] [TASK] Taras → AcceptMission [ScoutPoi] (goal=AcceptMission)
[15:23:16] [GOAL] Taras achieved AcceptMission
[15:23:16] [COMBAT] Vasyl Melnyk 'Wolf' killed Snork using wpn_pkm
[15:23:17] [COMBAT] Nikolai Petrenko 'Spark' killed Pseudodog using wpn_sg550
[15:23:17] [INBOUND] Initial +2 ctx.Stalkers, +1 mutants (remaining S=673 M=451)
[15:23:17] [MISSION] Karl accepted ScoutPoi @ Duga Radar (160 RU)
[15:23:17] [TASK] Karl → AcceptMission [ScoutPoi] (goal=AcceptMission)
[15:23:17] [GOAL] Karl achieved AcceptMission
[15:23:19] [INBOUND] Initial +2 ctx.Stalkers, +2 mutants (remaining S=671 M=449)
[15:23:19] [MISSION] Oleg accepted ScoutPoi @ Jupiter (Pripyat Industrial) (190 RU)
[15:23:19] [TASK] Oleg → AcceptMission [ScoutPoi] (goal=AcceptMission)
[15:23:19] [GOAL] Oleg achieved AcceptMission
[15:23:20] [INBOUND] Initial +2 ctx.Stalkers, +1 mutants (remaining S=669 M=448)
[15:23:22] [INBOUND] Initial +2 ctx.Stalkers, +2 mutants (remaining S=667 M=446)
[15:23:22] [MISSION] Alexei accepted ScoutPoi @ Kopachi (196 RU)
[15:23:22] [TASK] Alexei → AcceptMission [ScoutPoi] (goal=AcceptMission)
[15:23:22] [GOAL] Alexei achieved AcceptMission
[15:23:23] [INBOUND] Initial +3 ctx.Stalkers, +1 mutants (remaining S=664 M=445)
[15:23:23] [CORPSE] Despawned 25 bodies (lifetime=529)
[15:23:23] [MISSION] Igor accepted ScoutPoi @ Kopachi (196 RU)
[15:23:23] [TASK] Igor → AcceptMission [ScoutPoi] (goal=AcceptMission)
[15:23:23] [GOAL] Igor achieved AcceptMission
[15:23:23] [COMBAT] Frank Petrov 'Jackal' killed Fracture using wpn_pkm
[15:23:23] [COMBAT] Oleg Petrov 'Crow' killed Lurker using wpn_pkm
[15:23:23] [RANK] Alibek Bondarenko 'Stitch' → Trainee
[15:23:23] [COMBAT] Alibek Bondarenko 'Stitch' killed Bloodsucker using wpn_vintorez
[15:23:23] [COMBAT] Armen Bondarenko 'Shadow' killed Snork using wpn_ak74
[15:23:24] [INBOUND] Initial +2 ctx.Stalkers, +1 mutants (remaining S=662 M=444)
[15:23:24] [COMBAT] Alexei Shevchenko 'Raven' killed Burer using wpn_mp5
[15:23:25] [INBOUND] Initial +2 ctx.Stalkers, +2 mutants (remaining S=660 M=442)
[15:23:26] [MISSION] Armen accepted ScoutPoi @ Limansk (190 RU)
[15:23:26] [TASK] Armen → AcceptMission [ScoutPoi] (goal=AcceptMission)
[15:23:26] [GOAL] Armen achieved AcceptMission
[15:23:26] [COMBAT] Yuriy Petrenko 'Spark' killed Fracture using wpn_mp5
[15:23:26] [COMBAT] Andrei Kovalenko 'Razor' killed Bloodsucker using wpn_pkm
[15:23:27] [INBOUND] Initial +2 ctx.Stalkers, +1 mutants (remaining S=658 M=441)
[15:23:27] [MISSION] Oleg accepted ScoutPoi @ Chernobyl NPP (190 RU)
[15:23:27] [TASK] Oleg → AcceptMission [ScoutPoi] (goal=AcceptMission)
[15:23:27] [GOAL] Oleg achieved AcceptMission
[15:23:27] [COMBAT] Pavel Petrov 'Razor' killed Andrei Sokolov 'Raven' using wpn_g36
[15:23:27] [GEAR] Pavel looted [wpn_fort12, arm_duty, helm_tactic] via combat
[15:23:28] [COMBAT] Mykola Volkov 'Viper' killed Dmitri Bondarenko 'Badger' using wpn_ak74
[15:23:28] [COMBAT] Pavel Volkov 'Phantom' killed Snork using wpn_fn2000
[15:23:28] [INBOUND] Initial +2 ctx.Stalkers, +2 mutants (remaining S=656 M=439)
[15:23:28] [MISSION] Frank accepted ScoutPoi @ Dead City (Chernobyl-2 Settlement) (164 RU)
[15:23:28] [TASK] Frank → AcceptMission [ScoutPoi] (goal=AcceptMission)
[15:23:28] [GOAL] Frank achieved AcceptMission
[15:23:29] [INBOUND] Initial +2 ctx.Stalkers, +1 mutants (remaining S=654 M=438)
[15:23:29] [MISSION] Bohdan accepted ScoutPoi @ Zaton (184 RU)
[15:23:29] [TASK] Bohdan → AcceptMission [ScoutPoi] (goal=AcceptMission)
[15:23:29] [GOAL] Bohdan achieved AcceptMission
[15:23:31] [INBOUND] Initial +2 ctx.Stalkers, +1 mutants (remaining S=652 M=437)
[15:23:32] [INBOUND] Initial +2 ctx.Stalkers, +2 mutants (remaining S=650 M=435)
[15:23:33] [INBOUND] Initial +2 ctx.Stalkers, +1 mutants (remaining S=648 M=434)
[15:23:33] [MISSION] Sergei accepted ScoutPoi @ Rostok (164 RU)
[15:23:33] [TASK] Sergei → AcceptMission [ScoutPoi] (goal=AcceptMission)
[15:23:33] [GOAL] Sergei achieved AcceptMission
[15:23:34] [COMBAT] Giorgi Bondarenko 'Jackal' killed BlindDog using wpn_toz34
[15:23:34] [COMBAT] Andrei Shevchenko 'Shadow' killed Snork using wpn_gauss
[15:23:34] [COMBAT] Andrei Volkov 'Spark' killed Bloodsucker using wpn_ak74
[15:23:35] [INBOUND] Initial +2 ctx.Stalkers, +2 mutants (remaining S=646 M=432)
[15:23:35] [MISSION] Alexei accepted ScoutPoi @ Wild Territory (190 RU)
[15:23:35] [TASK] Alexei → AcceptMission [ScoutPoi] (goal=AcceptMission)
[15:23:35] [GOAL] Alexei achieved AcceptMission
[15:23:36] [INBOUND] Initial +2 ctx.Stalkers, +1 mutants (remaining S=644 M=431)
[15:23:36] [SNAPSHOT] real=8.8min game=D0 00:41 alive S=212 M=224 corpses=544 lootable=273 gammaGear out=117 helm=184 avgRU=892 leaderGoals trade=0 mission=34 emission=Dormant nextIn=36gmin desperate=0 hungry=0 interval deaths=37 combats=61 tasks=20 gearLoot=1 gearBuy=0 missions=19 corpseDespawn=55 trickleSpawns=0 ranks=[Rookie:199,Trainee:7,Experienced:2,Professional:2,Veteran:2] goals=[Idle:71,CompleteMission::33,Traveling:8,AcceptMission::1] leaders: Igor[Rookie/Idle], Mikhail[Rookie/Idle], Mikhail[Veteran/CompleteMission:], Alexei[Rookie/Idle], Andriy[Rookie/Idle]
[15:23:36] [CORPSE] Despawned 23 bodies (lifetime=552)
[15:23:36] [MISSION] Oleksiy accepted ScoutPoi @ Dark Valley (168 RU)
[15:23:36] [TASK] Oleksiy → AcceptMission [ScoutPoi] (goal=AcceptMission)
[15:23:36] [GOAL] Oleksiy achieved AcceptMission
[15:23:36] [MISSION] Dmytro arrived for ScoutPoi @ Cordon (travel=475m, work=211s game)
[15:23:36] [COMBAT] Alexei Petrenko 'Wolf' killed Andrei Kovalenko 'Razor' using wpn_ak74
[15:23:36] [GEAR] Alexei looted [wpn_pkm, wpn_sg550, arm_exo] via combat
[15:23:37] [INBOUND] Initial +2 ctx.Stalkers, +1 mutants (remaining S=642 M=430)
[15:23:38] [TASK] Dmytro → FulfillMission [ScoutPoi] (goal=CompleteMission)
[15:23:38] [MISSION] Dmytro objective done ScoutPoi @ Hidden Cairn → return to Dark Valley
[15:23:38] [TASK] Giorgi → FulfillMission [ScoutPoi] (goal=CompleteMission)
[15:23:38] [MISSION] Giorgi objective done ScoutPoi @ Rain Barrel Stop → return to Wild Territory
[15:23:38] [TASK] Sergei → FulfillMission [ScoutPoi] (goal=CompleteMission)
[15:23:38] [MISSION] Sergei objective done ScoutPoi @ Pump Station → return to Agroprom
[15:23:38] [TASK] Taras → FulfillMission [ScoutPoi] (goal=CompleteMission)
[15:23:38] [MISSION] Taras objective done ScoutPoi @ Southern Watchtower → return to Rostok
[15:23:38] [TASK] Karl → FulfillMission [ScoutPoi] (goal=CompleteMission)
[15:23:38] [MISSION] Karl objective done ScoutPoi @ Overgrown Bunker → return to Duga Radar
[15:23:38] [TASK] Oleg → FulfillMission [ScoutPoi] (goal=CompleteMission)
[15:23:38] [MISSION] Oleg objective done ScoutPoi @ Makeshift Outpost → return to Jupiter (Pripyat Industrial)
[15:23:38] [TASK] Alexei → FulfillMission [ScoutPoi] (goal=CompleteMission)
[15:23:38] [MISSION] Alexei objective done ScoutPoi @ Sunken Shelter → return to Kopachi
[15:23:38] [TASK] Igor → FulfillMission [ScoutPoi] (goal=CompleteMission)
[15:23:38] [MISSION] Igor objective done ScoutPoi @ Sunken Shelter → return to Kopachi
[15:23:38] [TASK] Armen → FulfillMission [ScoutPoi] (goal=CompleteMission)
[15:23:38] [MISSION] Armen objective done ScoutPoi @ Abandoned Outpost → return to Limansk
[15:23:38] [TASK] Oleg → FulfillMission [ScoutPoi] (goal=CompleteMission)
[15:23:38] [MISSION] Oleg objective done ScoutPoi @ Abandoned Outpost → return to Chernobyl NPP
[15:23:38] [TASK] Frank → FulfillMission [ScoutPoi] (goal=CompleteMission)
[15:23:38] [MISSION] Frank objective done ScoutPoi @ Cordon → return to Dead City (Chernobyl-2 Settlement)
[15:23:38] [TASK] Bohdan → FulfillMission [ScoutPoi] (goal=CompleteMission)
[15:23:38] [MISSION] Bohdan objective done ScoutPoi @ Sunken Outpost → return to Zaton
[15:23:38] [TASK] Sergei → FulfillMission [ScoutPoi] (goal=CompleteMission)
[15:23:38] [MISSION] Sergei objective done ScoutPoi @ Southern Watchtower → return to Rostok
[15:23:38] [TASK] Alexei → FulfillMission [ScoutPoi] (goal=CompleteMission)
[15:23:38] [MISSION] Alexei objective done ScoutPoi @ Rain Barrel Stop → return to Wild Territory
[15:23:38] [TASK] Oleksiy → FulfillMission [ScoutPoi] (goal=CompleteMission)
[15:23:38] [MISSION] Oleksiy objective done ScoutPoi @ Hidden Cairn → return to Dark Valley
[15:23:38] [TASK] Mikhail → FulfillMission [ScoutPoi] (goal=CompleteMission)
[15:23:38] [MISSION] Mikhail objective done ScoutPoi @ Forgotten Outpost → return to Radar (Brain Scorcher)
[15:23:38] [TASK] Armen → FulfillMission [ScoutPoi] (goal=CompleteMission)
[15:23:38] [MISSION] Armen objective done ScoutPoi @ Rain Barrel Stop → return to Wild Territory
[15:23:38] [TASK] Alibek → FulfillMission [ScoutPoi] (goal=CompleteMission)
[15:23:38] [MISSION] Alibek objective done ScoutPoi @ Makeshift Outpost → return to Jupiter (Pripyat Industrial)
[15:23:38] [TASK] Pierre → FulfillMission [ScoutPoi] (goal=CompleteMission)
[15:23:38] [MISSION] Pierre objective done ScoutPoi @ Sunken Outpost → return to Zaton
[15:23:38] [TASK] Oleg → FulfillMission [ScoutPoi] (goal=CompleteMission)
[15:23:38] [MISSION] Oleg objective done ScoutPoi @ Makeshift Outpost → return to Jupiter (Pripyat Industrial)
[15:23:38] [TASK] Oleg → FulfillMission [ScoutPoi] (goal=CompleteMission)
[15:23:38] [MISSION] Oleg objective done ScoutPoi @ Rain Barrel Stop → return to Wild Territory
[15:23:38] [TASK] Pavel → FulfillMission [ScoutPoi] (goal=CompleteMission)
[15:23:38] [MISSION] Pavel objective done ScoutPoi @ Sunken Camp → return to Chernobyl Town
[15:23:38] [TASK] Viktor → FulfillMission [ScoutPoi] (goal=CompleteMission)
[15:23:38] [MISSION] Viktor objective done ScoutPoi @ Forgotten Outpost → return to Radar (Brain Scorcher)
[15:23:38] [TASK] Nikolai → FulfillMission [ScoutPoi] (goal=CompleteMission)
[15:23:38] [MISSION] Nikolai objective done ScoutPoi @ Pump Station → return to Agroprom
[15:23:38] [TASK] Oleksiy → FulfillMission [ScoutPoi] (goal=CompleteMission)
[15:23:38] [MISSION] Oleksiy objective done ScoutPoi @ Sunken Outpost → return to Zaton
[15:23:38] [TASK] Pavel → FulfillMission [ScoutPoi] (goal=CompleteMission)
[15:23:38] [MISSION] Pavel objective done ScoutPoi @ Overgrown Shack → return to Garbage
[15:23:38] [TASK] Bohdan → FulfillMission [ScoutPoi] (goal=CompleteMission)
[15:23:38] [MISSION] Bohdan objective done ScoutPoi @ Forgotten Outpost → return to Radar (Brain Scorcher)
[15:23:38] [TASK] Ivan → FulfillMission [ScoutPoi] (goal=CompleteMission)
[15:23:38] [MISSION] Ivan objective done ScoutPoi @ Makeshift Outpost → return to Jupiter (Pripyat Industrial)
[15:23:38] [TASK] Viktor → FulfillMission [ScoutPoi] (goal=CompleteMission)
[15:23:38] [MISSION] Viktor objective done ScoutPoi @ Rain Barrel Stop → return to Wild Territory
[15:23:38] [TASK] Giorgi → FulfillMission [ScoutPoi] (goal=CompleteMission)
[15:23:38] [MISSION] Giorgi objective done ScoutPoi @ Sunken Camp → return to Chernobyl Town
[15:23:38] [TASK] Bakhyt → FulfillMission [ScoutPoi] (goal=CompleteMission)
[15:23:38] [MISSION] Bakhyt objective done ScoutPoi @ Pump Station → return to Agroprom
[15:23:38] [TASK] Vasyl → FulfillMission [ScoutPoi] (goal=CompleteMission)
[15:23:38] [MISSION] Vasyl objective done ScoutPoi @ Forgotten Outpost → return to Meadow
[15:23:38] [TASK] Yuriy → FulfillMission [ScoutPoi] (goal=CompleteMission)
[15:23:38] [MISSION] Yuriy objective done ScoutPoi @ Sunken Shack → return to Yantar
[15:23:38] [TASK] Dmytro → FulfillMission [ScoutPoi] (goal=CompleteMission)
[15:23:38] [MISSION] Dmytro objective done ScoutPoi @ Cordon → return to Great Swamps
[15:23:38] [TASK] Andriy → FulfillMission [ScoutPoi] (goal=CompleteMission)
[15:23:38] [MISSION] Andriy objective done ScoutPoi @ Mutant Den #0 near Rostok → return to Zalissya
[15:23:38] [RANK] Ivan Volkov 'Razor' → Trainee
[15:23:38] [COMBAT] Ivan Volkov 'Razor' killed Pseudodog using wpn_toz34
[15:23:38] [MISSION] Pierre accepted ScoutPoi @ Duga Radar (160 RU)
[15:23:38] [TASK] Pierre → AcceptMission [ScoutPoi] (goal=AcceptMission)
[15:23:38] [GOAL] Pierre achieved AcceptMission
[15:23:38] [COMBAT] Alexei Bondarenko 'Mole' killed Fracture using wpn_mp5
[15:23:38] [COMBAT] Mykola Volkov 'Viper' killed Tushkano using wpn_ak74
[15:23:39] [INBOUND] Initial +2 ctx.Stalkers, +2 mutants (remaining S=640 M=428)
[15:23:39] [TASK] Mikhail → TurnInMission [ScoutPoi] (goal=CompleteMission)
[15:23:39] [MISSION] Mikhail turned in ScoutPoi @ Radar (Brain Scorcher) (+176 RU)
[15:23:39] [GOAL] Mikhail achieved CompleteMission
[15:23:39] [TASK] Armen → TurnInMission [ScoutPoi] (goal=CompleteMission)
[15:23:39] [MISSION] Armen turned in ScoutPoi @ Wild Territory (+190 RU)
[15:23:39] [GOAL] Armen achieved CompleteMission
[15:23:39] [TASK] Alibek → TurnInMission [ScoutPoi] (goal=CompleteMission)
[15:23:39] [MISSION] Alibek turned in ScoutPoi @ Jupiter (Pripyat Industrial) (+190 RU)
[15:23:39] [GOAL] Alibek achieved CompleteMission
[15:23:39] [TASK] Pierre → TurnInMission [ScoutPoi] (goal=CompleteMission)
[15:23:39] [MISSION] Pierre turned in ScoutPoi @ Zaton (+184 RU)
[15:23:39] [GOAL] Pierre achieved CompleteMission
[15:23:39] [TASK] Oleg → TurnInMission [ScoutPoi] (goal=CompleteMission)
[15:23:39] [MISSION] Oleg turned in ScoutPoi @ Jupiter (Pripyat Industrial) (+190 RU)
[15:23:39] [GOAL] Oleg achieved CompleteMission
[15:23:39] [TASK] Oleg → TurnInMission [ScoutPoi] (goal=CompleteMission)
[15:23:39] [MISSION] Oleg turned in ScoutPoi @ Wild Territory (+190 RU)
[15:23:39] [GOAL] Oleg achieved CompleteMission
[15:23:39] [TASK] Pavel → TurnInMission [ScoutPoi] (goal=CompleteMission)
[15:23:39] [MISSION] Pavel turned in ScoutPoi @ Chernobyl Town (+160 RU)
[15:23:39] [GOAL] Pavel achieved CompleteMission
[15:23:39] [TASK] Viktor → TurnInMission [ScoutPoi] (goal=CompleteMission)
[15:23:39] [MISSION] Viktor turned in ScoutPoi @ Radar (Brain Scorcher) (+176 RU)
[15:23:39] [GOAL] Viktor achieved CompleteMission
[15:23:39] [TASK] Oleksiy → TurnInMission [ScoutPoi] (goal=CompleteMission)
[15:23:39] [MISSION] Oleksiy turned in ScoutPoi @ Zaton (+184 RU)
[15:23:39] [GOAL] Oleksiy achieved CompleteMission
[15:23:39] [TASK] Pavel → TurnInMission [ScoutPoi] (goal=CompleteMission)
[15:23:39] [MISSION] Pavel turned in ScoutPoi @ Garbage (+160 RU)
[15:23:39] [GOAL] Pavel achieved CompleteMission
[15:23:39] [TASK] Bohdan → TurnInMission [ScoutPoi] (goal=CompleteMission)
[15:23:39] [MISSION] Bohdan turned in ScoutPoi @ Radar (Brain Scorcher) (+176 RU)
[15:23:39] [GOAL] Bohdan achieved CompleteMission
[15:23:39] [TASK] Ivan → TurnInMission [ScoutPoi] (goal=CompleteMission)
[15:23:39] [MISSION] Ivan turned in ScoutPoi @ Jupiter (Pripyat Industrial) (+190 RU)
[15:23:39] [GOAL] Ivan achieved CompleteMission
[15:23:39] [TASK] Viktor → TurnInMission [ScoutPoi] (goal=CompleteMission)
[15:23:39] [MISSION] Viktor turned in ScoutPoi @ Wild Territory (+190 RU)
[15:23:39] [GOAL] Viktor achieved CompleteMission
[15:23:39] [TASK] Giorgi → TurnInMission [ScoutPoi] (goal=CompleteMission)
[15:23:39] [MISSION] Giorgi turned in ScoutPoi @ Chernobyl Town (+160 RU)
[15:23:39] [GOAL] Giorgi achieved CompleteMission
[15:23:39] [TASK] Giorgi → TurnInMission [ScoutPoi] (goal=CompleteMission)
[15:23:39] [MISSION] Giorgi turned in ScoutPoi @ Wild Territory (+190 RU)
[15:23:39] [GOAL] Giorgi achieved CompleteMission
[15:23:39] [TASK] Oleg → TurnInMission [ScoutPoi] (goal=CompleteMission)
[15:23:39] [MISSION] Oleg turned in ScoutPoi @ Jupiter (Pripyat Industrial) (+190 RU)
[15:23:39] [GOAL] Oleg achieved CompleteMission
[15:23:39] [TASK] Bohdan → TurnInMission [ScoutPoi] (goal=CompleteMission)
[15:23:39] [MISSION] Bohdan turned in ScoutPoi @ Zaton (+184 RU)
[15:23:39] [GOAL] Bohdan achieved CompleteMission
[15:23:39] [TASK] Alexei → TurnInMission [ScoutPoi] (goal=CompleteMission)
[15:23:39] [MISSION] Alexei turned in ScoutPoi @ Wild Territory (+190 RU)
[15:23:39] [GOAL] Alexei achieved CompleteMission
[15:23:39] [TASK] Oleksiy → TurnInMission [ScoutPoi] (goal=CompleteMission)
[15:23:39] [MISSION] Oleksiy turned in ScoutPoi @ Dark Valley (+168 RU)
[15:23:39] [GOAL] Oleksiy achieved CompleteMission
[15:23:39] [MISSION] Taras accepted ScoutPoi @ Zaton (184 RU)
[15:23:39] [TASK] Taras → AcceptMission [ScoutPoi] (goal=AcceptMission)
[15:23:39] [GOAL] Taras achieved AcceptMission
[15:23:39] [MISSION] Mikhail accepted ScoutPoi @ Radar (Brain Scorcher) (176 RU)
[15:23:39] [TASK] Mikhail → AcceptMission [ScoutPoi] (goal=AcceptMission)
[15:23:39] [GOAL] Mikhail achieved AcceptMission
[15:23:39] [MISSION] Armen accepted ScoutPoi @ Wild Territory (190 RU)
[15:23:39] [TASK] Armen → AcceptMission [ScoutPoi] (goal=AcceptMission)
[15:23:39] [GOAL] Armen achieved AcceptMission
[15:23:39] [MISSION] Alibek accepted ScoutPoi @ Jupiter (Pripyat Industrial) (190 RU)
[15:23:39] [TASK] Alibek → AcceptMission [ScoutPoi] (goal=AcceptMission)
[15:23:39] [GOAL] Alibek achieved AcceptMission
[15:23:39] [MISSION] Pierre accepted ScoutPoi @ Zaton (184 RU)
[15:23:39] [TASK] Pierre → AcceptMission [ScoutPoi] (goal=AcceptMission)
[15:23:39] [GOAL] Pierre achieved AcceptMission
[15:23:39] [MISSION] Oleg accepted ScoutPoi @ Jupiter (Pripyat Industrial) (190 RU)
[15:23:39] [TASK] Oleg → AcceptMission [ScoutPoi] (goal=AcceptMission)
[15:23:39] [GOAL] Oleg achieved AcceptMission
[15:23:39] [MISSION] Oleg accepted ScoutPoi @ Wild Territory (190 RU)
[15:23:39] [TASK] Oleg → AcceptMission [ScoutPoi] (goal=AcceptMission)
[15:23:39] [GOAL] Oleg achieved AcceptMission
[15:23:39] [MISSION] Pavel accepted ScoutPoi @ Chernobyl Town (160 RU)
[15:23:39] [TASK] Pavel → AcceptMission [ScoutPoi] (goal=AcceptMission)
[15:23:39] [GOAL] Pavel achieved AcceptMission
[15:23:39] [MISSION] Viktor accepted ScoutPoi @ Radar (Brain Scorcher) (176 RU)
[15:23:39] [TASK] Viktor → AcceptMission [ScoutPoi] (goal=AcceptMission)
[15:23:39] [GOAL] Viktor achieved AcceptMission
[15:23:39] [MISSION] Oleksiy accepted ScoutPoi @ Zaton (184 RU)
[15:23:39] [TASK] Oleksiy → AcceptMission [ScoutPoi] (goal=AcceptMission)
[15:23:39] [GOAL] Oleksiy achieved AcceptMission
[15:23:39] [MISSION] Pavel accepted ScoutPoi @ Garbage (160 RU)
[15:23:39] [TASK] Pavel → AcceptMission [ScoutPoi] (goal=AcceptMission)
[15:23:39] [GOAL] Pavel achieved AcceptMission
[15:23:39] [MISSION] Bohdan accepted ScoutPoi @ Radar (Brain Scorcher) (176 RU)
[15:23:39] [TASK] Bohdan → AcceptMission [ScoutPoi] (goal=AcceptMission)
[15:23:39] [GOAL] Bohdan achieved AcceptMission
[15:23:39] [MISSION] Ivan accepted ScoutPoi @ Jupiter (Pripyat Industrial) (190 RU)
[15:23:39] [TASK] Ivan → AcceptMission [ScoutPoi] (goal=AcceptMission)
[15:23:39] [GOAL] Ivan achieved AcceptMission
[15:23:39] [MISSION] Viktor accepted ScoutPoi @ Wild Territory (190 RU)
[15:23:39] [TASK] Viktor → AcceptMission [ScoutPoi] (goal=AcceptMission)
[15:23:39] [GOAL] Viktor achieved AcceptMission
[15:23:39] [MISSION] Giorgi accepted ScoutPoi @ Chernobyl Town (160 RU)
[15:23:39] [TASK] Giorgi → AcceptMission [ScoutPoi] (goal=AcceptMission)
[15:23:39] [GOAL] Giorgi achieved AcceptMission
[15:23:39] [MISSION] Giorgi accepted ScoutPoi @ Wild Territory (190 RU)
[15:23:39] [TASK] Giorgi → AcceptMission [ScoutPoi] (goal=AcceptMission)
[15:23:39] [GOAL] Giorgi achieved AcceptMission
[15:23:39] [MISSION] Oleg accepted ScoutPoi @ Jupiter (Pripyat Industrial) (190 RU)
[15:23:39] [TASK] Oleg → AcceptMission [ScoutPoi] (goal=AcceptMission)
[15:23:39] [GOAL] Oleg achieved AcceptMission
[15:23:39] [MISSION] Bohdan accepted ScoutPoi @ Zaton (184 RU)
[15:23:39] [TASK] Bohdan → AcceptMission [ScoutPoi] (goal=AcceptMission)
[15:23:39] [GOAL] Bohdan achieved AcceptMission
[15:23:39] [MISSION] Alexei accepted ScoutPoi @ Wild Territory (190 RU)
[15:23:39] [TASK] Alexei → AcceptMission [ScoutPoi] (goal=AcceptMission)
[15:23:39] [GOAL] Alexei achieved AcceptMission
[15:23:39] [MISSION] Oleksiy accepted ScoutPoi @ Dark Valley (168 RU)
[15:23:39] [TASK] Oleksiy → AcceptMission [ScoutPoi] (goal=AcceptMission)
[15:23:39] [GOAL] Oleksiy achieved AcceptMission
[15:23:42] [COMBAT] Sergei Volkov 'Wolf' killed Dog using wpn_pkm
[15:23:43] [INBOUND] Initial +2 ctx.Stalkers, +1 mutants (remaining S=638 M=427)
[15:23:43] [MISSION] Serhiy accepted ScoutPoi @ Wild Territory (190 RU)
[15:23:43] [TASK] Serhiy → AcceptMission [ScoutPoi] (goal=AcceptMission)
[15:23:43] [GOAL] Serhiy achieved AcceptMission
[15:23:43] [COMBAT] Pavel Kovalenko 'Stitch' killed Flesh using wpn_sg550
[15:23:43] [COMBAT] Marcus Volkov 'Bone' killed Bloodsucker using wpn_gauss
[15:23:44] [INBOUND] Initial +3 ctx.Stalkers, +1 mutants (remaining S=635 M=426)
[15:23:44] [MISSION] Taras accepted ScoutPoi @ Kopachi (196 RU)
[15:23:44] [TASK] Taras → AcceptMission [ScoutPoi] (goal=AcceptMission)
[15:23:44] [GOAL] Taras achieved AcceptMission
[15:23:45] [INBOUND] Initial +2 ctx.Stalkers, +2 mutants (remaining S=633 M=424)
[15:23:45] [COMBAT] Bohdan Bondarenko 'Jackal' killed Fracture using wpn_pkm
[15:23:45] [MISSION] Oleksiy accepted ScoutPoi @ Dark Valley (168 RU)
[15:23:45] [TASK] Oleksiy → AcceptMission [ScoutPoi] (goal=AcceptMission)
[15:23:45] [GOAL] Oleksiy achieved AcceptMission
[15:23:47] [INBOUND] Initial +2 ctx.Stalkers, +1 mutants (remaining S=631 M=423)
[15:23:47] [MISSION] Oleksiy accepted ScoutPoi @ Kopachi (196 RU)
[15:23:47] [TASK] Oleksiy → AcceptMission [ScoutPoi] (goal=AcceptMission)
[15:23:47] [GOAL] Oleksiy achieved AcceptMission
[15:23:47] [COMBAT] Alexei Petrov 'Fox' killed Boar using wpn_ak74
[15:23:47] [RANK] Oleg Petrov 'Crow' → Trainee
[15:23:47] [COMBAT] Oleg Petrov 'Crow' killed Flesh using wpn_pkm
[15:23:48] [INBOUND] Initial +2 ctx.Stalkers, +2 mutants (remaining S=629 M=421)
[15:23:48] [MISSION] Dmitri accepted ScoutPoi @ Army Warehouses (160 RU)
[15:23:48] [TASK] Dmitri → AcceptMission [ScoutPoi] (goal=AcceptMission)
[15:23:48] [GOAL] Dmitri achieved AcceptMission
[15:23:48] [COMBAT] Frank Volkov 'Stitch' killed Bloodsucker using wpn_rpg7
[15:23:48] [COMBAT] Dmitri Kovalenko 'Wolf' killed Rat using wpn_aksu
[15:23:48] [COMBAT] Andriy Popov 'Crow' killed Snork using wpn_toz34
[15:23:48] [RANK] Ivan Kovalenko 'Jackal' → Trainee
[15:23:48] [COMBAT] Ivan Kovalenko 'Jackal' killed Burer using wpn_sg550
[15:23:48] [COMBAT] Igor Sokolov 'Stitch' killed Snork using wpn_aksu
[15:23:49] [INBOUND] Initial +2 ctx.Stalkers, +1 mutants (remaining S=627 M=420)
[15:23:49] [MISSION] Nikolai accepted ScoutPoi @ Rostok (164 RU)
[15:23:49] [TASK] Nikolai → AcceptMission [ScoutPoi] (goal=AcceptMission)
[15:23:49] [GOAL] Nikolai achieved AcceptMission
[15:23:49] [COMBAT] Yuriy Ivanov 'Phantom' killed Lurker using wpn_ak74
[15:23:50] [INBOUND] Initial +2 ctx.Stalkers, +1 mutants (remaining S=625 M=419)
[15:23:50] [MISSION] Igor accepted ScoutPoi @ Garbage (160 RU)
[15:23:50] [TASK] Igor → AcceptMission [ScoutPoi] (goal=AcceptMission)
[15:23:50] [GOAL] Igor achieved AcceptMission
[15:23:51] [MISSION] Vasyl accepted ScoutPoi @ Great Swamps (164 RU)
[15:23:51] [TASK] Vasyl → AcceptMission [ScoutPoi] (goal=AcceptMission)
[15:23:51] [GOAL] Vasyl achieved AcceptMission
[15:23:51] [COMBAT] Ivan Melnyk 'Mole' killed BlindDog using wpn_pm
[15:23:51] [COMBAT] Yuriy Petrenko 'Spark' killed Alibek Bondarenko 'Stitch' using wpn_mp5
[15:23:51] [GEAR] Yuriy looted [wpn_vintorez, wpn_desert_eagle, arm_exo, helm_tactic] via combat
[15:23:51] [COMBAT] Bakhyt Melnyk 'Stitch' killed Bloodsucker using wpn_fn2000
[15:23:51] [COMBAT] Oleg Kovalenko 'Crow' killed Nikolai Bondarenko 'Viper' using wpn_p90
[15:23:51] [GEAR] Oleg looted [wpn_aek971] via combat
[15:23:51] [MISSION] Giorgi accepted ScoutPoi @ Rostok (164 RU)
[15:23:51] [TASK] Giorgi → AcceptMission [ScoutPoi] (goal=AcceptMission)
[15:23:51] [GOAL] Giorgi achieved AcceptMission
[15:23:52] [INBOUND] Initial +2 ctx.Stalkers, +2 mutants (remaining S=623 M=417)
[15:23:52] [CORPSE] Despawned 23 bodies (lifetime=575)
[15:23:52] [COMBAT] Yuriy Melnyk 'Scar' killed Yuriy Popov 'Raven' using wpn_pkm
[15:23:52] [GEAR] Yuriy looted [wpn_rpg7, helm_helm_exo] via combat
[15:23:53] [COMBAT] Dmitri Kovalenko 'Crow' killed Taras Ivanov 'Bone' using wpn_m4a1
[15:23:53] [GEAR] Dmitri looted [wpn_vintorez] via combat
[15:23:53] [INBOUND] Initial +2 ctx.Stalkers, +1 mutants (remaining S=621 M=416)
[15:23:53] [MISSION] Serhiy accepted ScoutPoi @ Army Warehouses (160 RU)
[15:23:53] [TASK] Serhiy → AcceptMission [ScoutPoi] (goal=AcceptMission)
[15:23:53] [GOAL] Serhiy achieved AcceptMission
[15:23:54] [COMBAT] Ivan Petrenko 'Ghost' killed Nikolai Kovalenko 'Ash' using wpn_g36
[15:23:54] [GEAR] Ivan looted [out_stalker_drought_outfit, helm_helm_ach7] via combat
[15:23:54] [COMBAT] Dmytro Bondarenko 'Stitch' killed Controller using wpn_fn2000
[15:23:54] [INBOUND] Initial +2 ctx.Stalkers, +2 mutants (remaining S=619 M=414)
[15:23:55] [MISSION] Pierre accepted ScoutPoi @ Yantar (190 RU)
[15:23:55] [TASK] Pierre → AcceptMission [ScoutPoi] (goal=AcceptMission)
[15:23:55] [GOAL] Pierre achieved AcceptMission
[15:23:55] [COMBAT] Viktor Ivanov 'Bullet' killed Giorgi Bondarenko 'Crow' using wpn_g36
[15:23:55] [GEAR] Viktor looted [wpn_aek971, wpn_fort12] via combat
[15:23:55] [COMBAT] Ivan Petrenko 'Razor' killed Lurker using wpn_vintorez
[15:23:55] [COMBAT] Taras Shevchenko 'Bullet' killed Controller using wpn_pkm
[15:23:56] [INBOUND] Initial +2 ctx.Stalkers, +1 mutants (remaining S=617 M=413)
[15:23:56] [COMBAT] Armen Petrov 'Ash' killed Snork using wpn_spas12
[15:23:57] [COMBAT] Vasyl Petrenko 'Stitch' killed Rat using wpn_ak74
[15:23:57] [INBOUND] Initial +2 ctx.Stalkers, +1 mutants (remaining S=615 M=412)
[15:23:57] [COMBAT] Pavel Volkov 'Phantom' killed Dmitri Bondarenko 'Viper' using wpn_fn2000
[15:23:57] [MISSION] Frank accepted ScoutPoi @ Yantar (190 RU)
[15:23:57] [TASK] Frank → AcceptMission [ScoutPoi] (goal=AcceptMission)
[15:23:57] [GOAL] Frank achieved AcceptMission
[15:23:57] [MISSION] Andriy accepted ScoutPoi @ Radar (Brain Scorcher) (176 RU)
[15:23:57] [TASK] Andriy → AcceptMission [ScoutPoi] (goal=AcceptMission)
[15:23:57] [GOAL] Andriy achieved AcceptMission
[15:23:58] [COMBAT] Ivan Volkov 'Crow' killed Poltergeist using wpn_fn2000
[15:23:58] [INBOUND] Initial +2 ctx.Stalkers, +2 mutants (remaining S=613 M=410)
[15:23:59] [MISSION] Yuriy accepted ScoutPoi @ Limansk (190 RU)
[15:23:59] [TASK] Yuriy → AcceptMission [ScoutPoi] (goal=AcceptMission)
[15:23:59] [GOAL] Yuriy achieved AcceptMission
[15:23:59] [TASK] Andrei → TradeRun [poi_macro_5] (goal=VisitTrader)
[15:23:59] [GOAL] Andrei achieved VisitTrader
[15:23:59] [MISSION] Andrei accepted ScoutPoi @ Garbage (160 RU)
[15:23:59] [TASK] Andrei → AcceptMission [ScoutPoi] (goal=AcceptMission)
[15:23:59] [GOAL] Andrei achieved AcceptMission
[15:24:00] [INBOUND] Initial +2 ctx.Stalkers, +1 mutants (remaining S=611 M=409)
[15:24:00] [COMBAT] Mikhail Petrenko 'Jackal' killed Bakhyt Ivanov 'Crow' using wpn_toz34
[15:24:00] [GEAR] Mikhail looted [wpn_pkm, wpn_desert_eagle, arm_duty, helm_helm_m50] via combat
[15:24:00] [MISSION] Andriy accepted ScoutPoi @ Cordon (160 RU)
[15:24:00] [TASK] Andriy → AcceptMission [ScoutPoi] (goal=AcceptMission)
[15:24:00] [GOAL] Andriy achieved AcceptMission
[15:24:00] [COMBAT] Oleg Petrov 'Stitch' killed Boar using wpn_fn2000
[15:24:00] [COMBAT] Oleksiy Kovalenko 'Jackal' killed Pseudodog using wpn_vintorez
[15:24:00] [COMBAT] Igor Sokolov 'Stitch' killed Igor Ivanov 'Phantom' using wpn_aksu
[15:24:00] [GEAR] Igor looted [wpn_pm] via combat
[15:24:00] [TASK] Nikolai → TradeRun [poi_macro_1] (goal=VisitTrader)
[15:24:00] [GOAL] Nikolai achieved VisitTrader
[15:24:00] [MISSION] Nikolai accepted ScoutPoi @ Zalissya (184 RU)
[15:24:00] [TASK] Nikolai → AcceptMission [ScoutPoi] (goal=AcceptMission)
[15:24:00] [GOAL] Nikolai achieved AcceptMission
[15:24:01] [INBOUND] Initial +3 ctx.Stalkers, +2 mutants (remaining S=608 M=407)
[15:24:01] [COMBAT] Giorgi Volkov 'Razor' killed Flesh using wpn_val
[15:24:01] [COMBAT] Oleksiy Kovalenko 'Scar' killed Bohdan Petrenko 'Fox' using wpn_toz34
[15:24:01] [GEAR] Oleksiy looted [wpn_gauss, wpn_sg550, arm_exo] via combat
[15:24:01] [MISSION] Vasyl accepted ScoutPoi @ Cordon (160 RU)
[15:24:01] [TASK] Vasyl → AcceptMission [ScoutPoi] (goal=AcceptMission)
[15:24:01] [GOAL] Vasyl achieved AcceptMission
[15:24:01] [MISSION] Oleksiy accepted ScoutPoi @ Cordon (160 RU)
[15:24:01] [TASK] Oleksiy → AcceptMission [ScoutPoi] (goal=AcceptMission)
[15:24:01] [GOAL] Oleksiy achieved AcceptMission
[15:24:02] [TASK] Alexei → TradeRun [poi_macro_1] (goal=VisitTrader)
[15:24:02] [TRADE] Alexei bought [helm_bandana] @ South
[15:24:02] [GOAL] Alexei achieved VisitTrader
[15:24:02] [MISSION] Alexei accepted ScoutPoi @ Great Swamps (164 RU)
[15:24:02] [TASK] Alexei → AcceptMission [ScoutPoi] (goal=AcceptMission)
[15:24:02] [GOAL] Alexei achieved AcceptMission
[15:24:02] [COMBAT] Pavel Kovalenko 'Stitch' killed Oleksiy Bondarenko 'One-Eye' using wpn_sg550
[15:24:02] [INBOUND] Initial +2 ctx.Stalkers, +1 mutants (remaining S=606 M=406)
[15:24:03] [COMBAT] Lasha Petrenko 'Razor' killed Serhiy Melnyk 'Ash' using wpn_vintorez
[15:24:04] [INBOUND] Initial +2 ctx.Stalkers, +1 mutants (remaining S=604 M=405)
[15:24:04] [MISSION] Marcus accepted ScoutPoi @ Dead City (Chernobyl-2 Settlement) (164 RU)
[15:24:04] [TASK] Marcus → AcceptMission [ScoutPoi] (goal=AcceptMission)
[15:24:04] [GOAL] Marcus achieved AcceptMission
[15:24:04] [MISSION] Sergei accepted ScoutPoi @ Chernobyl Town (160 RU)
[15:24:04] [TASK] Sergei → AcceptMission [ScoutPoi] (goal=AcceptMission)
[15:24:04] [GOAL] Sergei achieved AcceptMission
[15:24:04] [COMBAT] Viktor Bondarenko 'Ghost' killed Bloodsucker using wpn_pkm
[15:24:04] [COMBAT] Bakhyt Melnyk 'Stitch' killed Fracture using wpn_fn2000
[15:24:05] [INBOUND] Initial +2 ctx.Stalkers, +2 mutants (remaining S=602 M=403)
[15:24:05] [CORPSE] Despawned 22 bodies (lifetime=597)
[15:24:05] [COMBAT] Oleg Kovalenko 'Crow' killed PsyDog using wpn_aek971
[15:24:05] [COMBAT] Ivan Volkov 'Crow' killed Pseudogiant using wpn_fn2000
[15:24:06] [INBOUND] Initial +2 ctx.Stalkers, +1 mutants (remaining S=600 M=402)
[15:24:06] [SNAPSHOT] real=9.3min game=D0 00:43 alive S=201 M=223 corpses=561 lootable=282 gammaGear out=102 helm=177 avgRU=901 leaderGoals trade=0 mission=32 emission=Dormant nextIn=33gmin desperate=0 hungry=0 interval deaths=55 combats=85 tasks=101 gearLoot=10 gearBuy=1 missions=63 corpseDespawn=68 trickleSpawns=0 ranks=[Rookie:188,Trainee:4,Experienced:5,Professional:2,Expert:2] goals=[Idle:69,CompleteMission::31,Traveling:9,AcceptMission::1] leaders: Igor[Rookie/Idle], Mikhail[Expert/CompleteMission:], Alexei[Rookie/Idle], Andriy[Rookie/Idle], Bohdan[Rookie/Idle]
[15:24:06] [COMBAT] Sergei Melnyk 'Bone' killed Snork using wpn_mp5
[15:24:06] [MISSION] Ivan accepted ScoutPoi @ Chernobyl NPP (190 RU)
[15:24:06] [TASK] Ivan → AcceptMission [ScoutPoi] (goal=AcceptMission)
[15:24:06] [GOAL] Ivan achieved AcceptMission
[15:24:07] [COMBAT] Mikhail Ivanov 'Scar' killed PsyDog using wpn_pkm
[15:24:07] [COMBAT] Dmitri Popov 'Mole' killed Alibek Sokolov 'Spark' using wpn_g36
[15:24:07] [GEAR] Dmitri looted [wpn_mp5, helm_helm_protective] via combat
[15:24:08] [INBOUND] Initial +2 ctx.Stalkers, +1 mutants (remaining S=598 M=401)
[15:24:08] [MISSION] Mykola accepted ScoutPoi @ Yantar (190 RU)
[15:24:08] [TASK] Mykola → AcceptMission [ScoutPoi] (goal=AcceptMission)
[15:24:08] [GOAL] Mykola achieved AcceptMission
[15:24:08] [RANK] Andrei Shevchenko 'Shadow' → Trainee
[15:24:08] [COMBAT] Andrei Shevchenko 'Shadow' killed PsyDog using wpn_gauss
[15:24:08] [COMBAT] Alexei Shevchenko 'Raven' killed Tushkano using wpn_mp5
[15:24:08] [COMBAT] Dmytro Popov 'Wolf' killed Sergei Volkov 'Wolf' using wpn_ak74
[15:24:08] [GEAR] Dmytro looted [wpn_pkm, arm_duty] via combat
[15:24:08] [TASK] Oleksiy → TradeRun [poi_macro_1] (goal=VisitTrader)
[15:24:08] [GOAL] Oleksiy achieved VisitTrader
[15:24:08] [MISSION] Oleksiy accepted ScoutPoi @ Zalissya (184 RU)
[15:24:08] [TASK] Oleksiy → AcceptMission [ScoutPoi] (goal=AcceptMission)
[15:24:08] [GOAL] Oleksiy achieved AcceptMission
[15:24:09] [INBOUND] Initial +2 ctx.Stalkers, +2 mutants (remaining S=596 M=399)
[15:24:09] [MISSION] Lars accepted ScoutPoi @ Yantar (190 RU)
[15:24:09] [TASK] Lars → AcceptMission [ScoutPoi] (goal=AcceptMission)
[15:24:09] [GOAL] Lars achieved AcceptMission
[15:24:10] [COMBAT] Pavel Kovalenko 'Stitch' killed Boar using wpn_sg550
[15:24:10] [COMBAT] Dmytro Popov 'Wolf' killed Bloodsucker using wpn_gauss
[15:24:10] [INBOUND] Initial +2 ctx.Stalkers, +1 mutants (remaining S=594 M=398)
[15:24:10] [MISSION] Igor accepted ScoutPoi @ Great Swamps (164 RU)
[15:24:10] [TASK] Igor → AcceptMission [ScoutPoi] (goal=AcceptMission)
[15:24:10] [GOAL] Igor achieved AcceptMission
[15:24:11] [INBOUND] Initial +2 ctx.Stalkers, +2 mutants (remaining S=592 M=396)
[15:24:12] [COMBAT] Ivan Sokolov 'Spark' killed Snork using wpn_fn2000
[15:24:12] [COMBAT] Oleg Petrov 'Stitch' killed Fracture using wpn_fn2000
[15:24:13] [INBOUND] Initial +2 ctx.Stalkers, +1 mutants (remaining S=590 M=395)
[15:24:13] [COMBAT] Nikolai Ivanov 'Spark' killed Oleg Bondarenko 'Jackal' using wpn_fn2000
[15:24:14] [COMBAT] Serhiy Ivanov 'Spark' killed Sergei Volkov 'Stitch' using wpn_p90
[15:24:14] [GEAR] Serhiy looted [wpn_desert_eagle, helm_helm_spartan] via combat
[15:24:14] [INBOUND] Initial +2 ctx.Stalkers, +1 mutants (remaining S=588 M=394)
[15:24:14] [MISSION] Viktor accepted ScoutPoi @ Yantar (190 RU)
[15:24:14] [TASK] Viktor → AcceptMission [ScoutPoi] (goal=AcceptMission)
[15:24:14] [GOAL] Viktor achieved AcceptMission
[15:24:14] [RANK] Frank Volkov 'Stitch' → Trainee
[15:24:14] [COMBAT] Frank Volkov 'Stitch' killed PsyDog using wpn_rpg7
[15:24:15] [COMBAT] Dmytro Sokolov 'Raven' killed Bloodsucker using wpn_fn2000
[15:24:15] [COMBAT] Viktor Bondarenko 'Spark' killed Controller using wpn_ak74
[15:24:15] [INBOUND] Initial +2 ctx.Stalkers, +2 mutants (remaining S=586 M=392)
[15:24:15] [MISSION] Connor accepted ScoutPoi @ Dark Valley (168 RU)
[15:24:15] [TASK] Connor → AcceptMission [ScoutPoi] (goal=AcceptMission)
[15:24:15] [GOAL] Connor achieved AcceptMission
[15:24:16] [COMBAT] Pierre Petrenko 'Stitches' killed Bloodsucker using wpn_sg550
[15:24:17] [INBOUND] Initial +2 ctx.Stalkers, +1 mutants (remaining S=584 M=391)
[15:24:17] [MISSION] Bohdan accepted ScoutPoi @ Wild Territory (190 RU)
[15:24:17] [TASK] Bohdan → AcceptMission [ScoutPoi] (goal=AcceptMission)
[15:24:17] [GOAL] Bohdan achieved AcceptMission
[15:24:17] [MISSION] Taras accepted ScoutPoi @ Chernobyl NPP (190 RU)
[15:24:17] [TASK] Taras → AcceptMission [ScoutPoi] (goal=AcceptMission)
[15:24:17] [GOAL] Taras achieved AcceptMission
[15:24:18] [COMBAT] Rustam Bondarenko 'Bone' killed Vasyl Ivanov 'Wolf' using wpn_aksu
[15:24:18] [INBOUND] Initial +3 ctx.Stalkers, +2 mutants (remaining S=581 M=389)
[15:24:18] [CORPSE] Despawned 28 bodies (lifetime=625)
[15:24:18] [MISSION] Vasyl arrived for ScoutPoi @ Cordon (travel=475m, work=211s game)
[15:24:18] [MISSION] Andriy accepted ScoutPoi @ Chernobyl NPP (190 RU)
[15:24:18] [TASK] Andriy → AcceptMission [ScoutPoi] (goal=AcceptMission)
[15:24:18] [GOAL] Andriy achieved AcceptMission
[15:24:18] [COMBAT] Mikhail Petrenko 'Jackal' killed Oleksiy Melnyk 'Bullet' using wpn_pkm
[15:24:18] [GEAR] Mikhail looted [wpn_pkm] via combat
[15:24:18] [MISSION] Vasyl arrived for ScoutPoi @ Cordon (travel=475m, work=211s game)
[15:24:19] [COMBAT] Oleksiy Petrenko 'Fox' killed PsyDog using wpn_gauss
[15:24:19] [COMBAT] Nikolai Bondarenko 'Fox' killed Fracture using wpn_vintorez
[15:24:19] [INBOUND] Initial +2 ctx.Stalkers, +1 mutants (remaining S=579 M=388)
[15:24:19] [COMBAT] Dmytro Bondarenko 'Stitch' killed Snork using wpn_fn2000
[15:24:19] [MISSION] Serhiy accepted ScoutPoi @ Zaton (184 RU)
[15:24:19] [TASK] Serhiy → AcceptMission [ScoutPoi] (goal=AcceptMission)
[15:24:19] [GOAL] Serhiy achieved AcceptMission
[15:24:19] [TASK] Oleg → FulfillMission [ScoutPoi] (goal=CompleteMission)
[15:24:19] [MISSION] Oleg objective done ScoutPoi @ Rain Barrel Stop → return to Wild Territory
[15:24:19] [TASK] Pavel → FulfillMission [ScoutPoi] (goal=CompleteMission)
[15:24:19] [MISSION] Pavel objective done ScoutPoi @ Sunken Camp → return to Chernobyl Town
[15:24:19] [TASK] Alexei → FulfillMission [ScoutPoi] (goal=CompleteMission)
[15:24:19] [MISSION] Alexei objective done ScoutPoi @ Cordon → return to Great Swamps
[15:24:19] [TASK] Viktor → FulfillMission [ScoutPoi] (goal=CompleteMission)
[15:24:19] [MISSION] Viktor objective done ScoutPoi @ Forgotten Outpost → return to Radar (Brain Scorcher)
[15:24:19] [TASK] Oleksiy → FulfillMission [ScoutPoi] (goal=CompleteMission)
[15:24:19] [MISSION] Oleksiy objective done ScoutPoi @ Sunken Outpost → return to Zaton
[15:24:19] [TASK] Bohdan → FulfillMission [ScoutPoi] (goal=CompleteMission)
[15:24:19] [MISSION] Bohdan objective done ScoutPoi @ Forgotten Outpost → return to Radar (Brain Scorcher)
[15:24:19] [TASK] Viktor → FulfillMission [ScoutPoi] (goal=CompleteMission)
[15:24:19] [MISSION] Viktor objective done ScoutPoi @ Rain Barrel Stop → return to Wild Territory
[15:24:19] [TASK] Giorgi → FulfillMission [ScoutPoi] (goal=CompleteMission)
[15:24:19] [MISSION] Giorgi objective done ScoutPoi @ Sunken Camp → return to Chernobyl Town
[15:24:19] [TASK] Andrei → FulfillMission [ScoutPoi] (goal=CompleteMission)
[15:24:19] [MISSION] Andrei objective done ScoutPoi @ Overgrown Shack → return to Garbage
[15:24:19] [TASK] Giorgi → FulfillMission [ScoutPoi] (goal=CompleteMission)
[15:24:19] [MISSION] Giorgi objective done ScoutPoi @ Rain Barrel Stop → return to Wild Territory
[15:24:19] [TASK] Pierre → FulfillMission [ScoutPoi] (goal=CompleteMission)
[15:24:19] [MISSION] Pierre objective done ScoutPoi @ Overgrown Bunker → return to Duga Radar
[15:24:19] [TASK] Alexei → FulfillMission [ScoutPoi] (goal=CompleteMission)
[15:24:19] [MISSION] Alexei objective done ScoutPoi @ Rain Barrel Stop → return to Wild Territory
[15:24:19] [TASK] Oleksiy → FulfillMission [ScoutPoi] (goal=CompleteMission)
[15:24:19] [MISSION] Oleksiy objective done ScoutPoi @ Hidden Cairn → return to Dark Valley
[15:24:19] [TASK] Serhiy → FulfillMission [ScoutPoi] (goal=CompleteMission)
[15:24:19] [MISSION] Serhiy objective done ScoutPoi @ Rain Barrel Stop → return to Wild Territory
[15:24:19] [TASK] Taras → FulfillMission [ScoutPoi] (goal=CompleteMission)
[15:24:19] [MISSION] Taras objective done ScoutPoi @ Sunken Shelter → return to Kopachi
[15:24:19] [COMBAT] Andriy Petrov 'Scar' killed Controller using wpn_fn2000
[15:24:19] [TASK] Oleksiy → FulfillMission [ScoutPoi] (goal=CompleteMission)
[15:24:19] [MISSION] Oleksiy objective done ScoutPoi @ Sunken Shelter → return to Kopachi
[15:24:19] [TASK] Dmitri → FulfillMission [ScoutPoi] (goal=CompleteMission)
[15:24:19] [MISSION] Dmitri objective done ScoutPoi @ Mutant Den #0 near Great Swamps → return to Army Warehouses
[15:24:19] [TASK] Vasyl → FulfillMission [ScoutPoi] (goal=CompleteMission)
[15:24:20] [MISSION] Vasyl objective done ScoutPoi @ Cordon → return to Great Swamps
[15:24:20] [TASK] Serhiy → FulfillMission [ScoutPoi] (goal=CompleteMission)
[15:24:20] [MISSION] Serhiy objective done ScoutPoi @ Mutant Den #0 near Great Swamps → return to Army Warehouses
[15:24:20] [TASK] Pierre → FulfillMission [ScoutPoi] (goal=CompleteMission)
[15:24:20] [MISSION] Pierre objective done ScoutPoi @ Sunken Shack → return to Yantar
[15:24:20] [TASK] Frank → FulfillMission [ScoutPoi] (goal=CompleteMission)
[15:24:20] [MISSION] Frank objective done ScoutPoi @ Sunken Shack → return to Yantar
[15:24:20] [TASK] Andriy → FulfillMission [ScoutPoi] (goal=CompleteMission)
[15:24:20] [MISSION] Andriy objective done ScoutPoi @ Forgotten Outpost → return to Radar (Brain Scorcher)
[15:24:20] [TASK] Yuriy → FulfillMission [ScoutPoi] (goal=CompleteMission)
[15:24:20] [MISSION] Yuriy objective done ScoutPoi @ Abandoned Outpost → return to Limansk
[15:24:20] [TASK] Andriy → FulfillMission [ScoutPoi] (goal=CompleteMission)
[15:24:20] [MISSION] Andriy objective done ScoutPoi @ Machine Yard → return to Cordon
[15:24:20] [TASK] Vasyl → FulfillMission [ScoutPoi] (goal=CompleteMission)
[15:24:20] [MISSION] Vasyl objective done ScoutPoi @ Machine Yard → return to Cordon
[15:24:20] [TASK] Oleksiy → FulfillMission [ScoutPoi] (goal=CompleteMission)
[15:24:20] [MISSION] Oleksiy objective done ScoutPoi @ Machine Yard → return to Cordon
[15:24:20] [TASK] Marcus → FulfillMission [ScoutPoi] (goal=CompleteMission)
[15:24:20] [MISSION] Marcus objective done ScoutPoi @ Cordon → return to Dead City (Chernobyl-2 Settlement)
[15:24:20] [TASK] Sergei → FulfillMission [ScoutPoi] (goal=CompleteMission)
[15:24:20] [MISSION] Sergei objective done ScoutPoi @ Sunken Camp → return to Chernobyl Town
[15:24:20] [TASK] Ivan → FulfillMission [ScoutPoi] (goal=CompleteMission)
[15:24:20] [MISSION] Ivan objective done ScoutPoi @ Abandoned Outpost → return to Chernobyl NPP
[15:24:20] [TASK] Mykola → FulfillMission [ScoutPoi] (goal=CompleteMission)
[15:24:20] [MISSION] Mykola objective done ScoutPoi @ Sunken Shack → return to Yantar
[15:24:20] [TASK] Lars → FulfillMission [ScoutPoi] (goal=CompleteMission)
[15:24:20] [MISSION] Lars objective done ScoutPoi @ Sunken Shack → return to Yantar
[15:24:20] [TASK] Igor → FulfillMission [ScoutPoi] (goal=CompleteMission)
[15:24:20] [MISSION] Igor objective done ScoutPoi @ Cordon → return to Great Swamps
[15:24:20] [TASK] Viktor → FulfillMission [ScoutPoi] (goal=CompleteMission)
[15:24:20] [MISSION] Viktor objective done ScoutPoi @ Sunken Shack → return to Yantar
[15:24:20] [TASK] Connor → FulfillMission [ScoutPoi] (goal=CompleteMission)
[15:24:20] [MISSION] Connor objective done ScoutPoi @ Hidden Cairn → return to Dark Valley
[15:24:20] [TASK] Bohdan → FulfillMission [ScoutPoi] (goal=CompleteMission)
[15:24:20] [MISSION] Bohdan objective done ScoutPoi @ Rain Barrel Stop → return to Wild Territory
[15:24:20] [TASK] Taras → FulfillMission [ScoutPoi] (goal=CompleteMission)
[15:24:20] [MISSION] Taras objective done ScoutPoi @ Abandoned Outpost → return to Chernobyl NPP
[15:24:20] [TASK] Andriy → FulfillMission [ScoutPoi] (goal=CompleteMission)
[15:24:20] [MISSION] Andriy objective done ScoutPoi @ Abandoned Outpost → return to Chernobyl NPP
[15:24:20] [COMBAT] Tobias Melnyk 'Raven' killed Burer using wpn_m4a1
[15:24:21] [INBOUND] Initial +2 ctx.Stalkers, +1 mutants (remaining S=577 M=387)
[15:24:21] [TASK] Oleg → TurnInMission [ScoutPoi] (goal=CompleteMission)
[15:24:21] [MISSION] Oleg turned in ScoutPoi @ Wild Territory (+190 RU)
[15:24:21] [GOAL] Oleg achieved CompleteMission
[15:24:21] [COMBAT] Pavel Kovalenko 'Stitch' killed BlindDog using wpn_sg550
[15:24:21] [TASK] Pavel → TurnInMission [ScoutPoi] (goal=CompleteMission)
[15:24:21] [MISSION] Pavel turned in ScoutPoi @ Chernobyl Town (+160 RU)
[15:24:21] [GOAL] Pavel achieved CompleteMission
[15:24:21] [TASK] Viktor → TurnInMission [ScoutPoi] (goal=CompleteMission)
[15:24:21] [MISSION] Viktor turned in ScoutPoi @ Radar (Brain Scorcher) (+176 RU)
[15:24:21] [GOAL] Viktor achieved CompleteMission
[15:24:21] [TASK] Oleksiy → TurnInMission [ScoutPoi] (goal=CompleteMission)
[15:24:21] [MISSION] Oleksiy turned in ScoutPoi @ Zaton (+184 RU)
[15:24:21] [GOAL] Oleksiy achieved CompleteMission
[15:24:21] [TASK] Bohdan → TurnInMission [ScoutPoi] (goal=CompleteMission)
[15:24:21] [MISSION] Bohdan turned in ScoutPoi @ Radar (Brain Scorcher) (+176 RU)
[15:24:21] [GOAL] Bohdan achieved CompleteMission
[15:24:21] [TASK] Viktor → TurnInMission [ScoutPoi] (goal=CompleteMission)
[15:24:21] [MISSION] Viktor turned in ScoutPoi @ Wild Territory (+190 RU)
[15:24:21] [GOAL] Viktor achieved CompleteMission
[15:24:21] [TASK] Giorgi → TurnInMission [ScoutPoi] (goal=CompleteMission)
[15:24:21] [MISSION] Giorgi turned in ScoutPoi @ Chernobyl Town (+160 RU)
[15:24:21] [GOAL] Giorgi achieved CompleteMission
[15:24:21] [TASK] Andrei → TurnInMission [ScoutPoi] (goal=CompleteMission)
[15:24:21] [MISSION] Andrei turned in ScoutPoi @ Garbage (+160 RU)
[15:24:21] [GOAL] Andrei achieved CompleteMission
[15:24:21] [TASK] Giorgi → TurnInMission [ScoutPoi] (goal=CompleteMission)
[15:24:21] [MISSION] Giorgi turned in ScoutPoi @ Wild Territory (+190 RU)
[15:24:21] [GOAL] Giorgi achieved CompleteMission
[15:24:21] [TASK] Pierre → TurnInMission [ScoutPoi] (goal=CompleteMission)
[15:24:21] [MISSION] Pierre turned in ScoutPoi @ Duga Radar (+160 RU)
[15:24:21] [GOAL] Pierre achieved CompleteMission
[15:24:21] [TASK] Alexei → TurnInMission [ScoutPoi] (goal=CompleteMission)
[15:24:21] [MISSION] Alexei turned in ScoutPoi @ Wild Territory (+190 RU)
[15:24:21] [GOAL] Alexei achieved CompleteMission
[15:24:21] [TASK] Andriy → TurnInMission [ScoutPoi] (goal=CompleteMission)
[15:24:21] [MISSION] Andriy turned in ScoutPoi @ Radar (Brain Scorcher) (+176 RU)
[15:24:21] [GOAL] Andriy achieved CompleteMission
[15:24:21] [TASK] Sergei → TurnInMission [ScoutPoi] (goal=CompleteMission)
[15:24:21] [MISSION] Sergei turned in ScoutPoi @ Chernobyl Town (+160 RU)
[15:24:21] [GOAL] Sergei achieved CompleteMission
[15:24:21] [TASK] Connor → TurnInMission [ScoutPoi] (goal=CompleteMission)
[15:24:21] [MISSION] Connor turned in ScoutPoi @ Dark Valley (+168 RU)
[15:24:21] [GOAL] Connor achieved CompleteMission
[15:24:21] [TASK] Bohdan → TurnInMission [ScoutPoi] (goal=CompleteMission)
[15:24:21] [MISSION] Bohdan turned in ScoutPoi @ Wild Territory (+190 RU)
[15:24:21] [GOAL] Bohdan achieved CompleteMission
[15:24:21] [TASK] Taras → TurnInMission [ScoutPoi] (goal=CompleteMission)
[15:24:21] [MISSION] Taras turned in ScoutPoi @ Chernobyl NPP (+190 RU)
[15:24:21] [GOAL] Taras achieved CompleteMission
[15:24:21] [TASK] Andriy → TurnInMission [ScoutPoi] (goal=CompleteMission)
[15:24:21] [MISSION] Andriy turned in ScoutPoi @ Chernobyl NPP (+190 RU)
[15:24:21] [GOAL] Andriy achieved CompleteMission
[15:24:21] [MISSION] Bakhyt accepted ScoutPoi @ Great Swamps (164 RU)
[15:24:21] [TASK] Bakhyt → AcceptMission [ScoutPoi] (goal=AcceptMission)
[15:24:21] [GOAL] Bakhyt achieved AcceptMission
[15:24:21] [MISSION] Oleg accepted ScoutPoi @ Wild Territory (190 RU)
[15:24:21] [TASK] Oleg → AcceptMission [ScoutPoi] (goal=AcceptMission)
[15:24:21] [GOAL] Oleg achieved AcceptMission
[15:24:21] [MISSION] Pavel accepted ScoutPoi @ Chernobyl Town (160 RU)
[15:24:21] [TASK] Pavel → AcceptMission [ScoutPoi] (goal=AcceptMission)
[15:24:21] [GOAL] Pavel achieved AcceptMission
[15:24:21] [MISSION] Viktor accepted ScoutPoi @ Radar (Brain Scorcher) (176 RU)
[15:24:21] [TASK] Viktor → AcceptMission [ScoutPoi] (goal=AcceptMission)
[15:24:21] [GOAL] Viktor achieved AcceptMission
[15:24:21] [MISSION] Oleksiy accepted ScoutPoi @ Zaton (184 RU)
[15:24:21] [TASK] Oleksiy → AcceptMission [ScoutPoi] (goal=AcceptMission)
[15:24:21] [GOAL] Oleksiy achieved AcceptMission
[15:24:21] [MISSION] Bohdan accepted ScoutPoi @ Radar (Brain Scorcher) (176 RU)
[15:24:21] [TASK] Bohdan → AcceptMission [ScoutPoi] (goal=AcceptMission)
[15:24:21] [GOAL] Bohdan achieved AcceptMission
[15:24:21] [MISSION] Viktor accepted ScoutPoi @ Wild Territory (190 RU)
[15:24:21] [TASK] Viktor → AcceptMission [ScoutPoi] (goal=AcceptMission)
[15:24:21] [GOAL] Viktor achieved AcceptMission
[15:24:21] [MISSION] Giorgi accepted ScoutPoi @ Chernobyl Town (160 RU)
[15:24:21] [TASK] Giorgi → AcceptMission [ScoutPoi] (goal=AcceptMission)
[15:24:21] [GOAL] Giorgi achieved AcceptMission
[15:24:21] [MISSION] Andrei accepted ScoutPoi @ Garbage (160 RU)
[15:24:21] [TASK] Andrei → AcceptMission [ScoutPoi] (goal=AcceptMission)
[15:24:21] [GOAL] Andrei achieved AcceptMission
[15:24:21] [MISSION] Giorgi accepted ScoutPoi @ Wild Territory (190 RU)
[15:24:21] [TASK] Giorgi → AcceptMission [ScoutPoi] (goal=AcceptMission)
[15:24:21] [GOAL] Giorgi achieved AcceptMission
[15:24:21] [MISSION] Pierre accepted ScoutPoi @ Duga Radar (160 RU)
[15:24:21] [TASK] Pierre → AcceptMission [ScoutPoi] (goal=AcceptMission)
[15:24:21] [GOAL] Pierre achieved AcceptMission
[15:24:21] [MISSION] Alexei accepted ScoutPoi @ Wild Territory (190 RU)
[15:24:21] [TASK] Alexei → AcceptMission [ScoutPoi] (goal=AcceptMission)
[15:24:21] [GOAL] Alexei achieved AcceptMission
[15:24:21] [MISSION] Andriy accepted ScoutPoi @ Radar (Brain Scorcher) (176 RU)
[15:24:21] [TASK] Andriy → AcceptMission [ScoutPoi] (goal=AcceptMission)
[15:24:21] [GOAL] Andriy achieved AcceptMission
[15:24:21] [MISSION] Sergei accepted ScoutPoi @ Chernobyl Town (160 RU)
[15:24:21] [TASK] Sergei → AcceptMission [ScoutPoi] (goal=AcceptMission)
[15:24:21] [GOAL] Sergei achieved AcceptMission
[15:24:21] [MISSION] Connor accepted ScoutPoi @ Dark Valley (168 RU)
[15:24:21] [TASK] Connor → AcceptMission [ScoutPoi] (goal=AcceptMission)
[15:24:21] [GOAL] Connor achieved AcceptMission
[15:24:21] [MISSION] Bohdan accepted ScoutPoi @ Wild Territory (190 RU)
[15:24:21] [TASK] Bohdan → AcceptMission [ScoutPoi] (goal=AcceptMission)
[15:24:21] [GOAL] Bohdan achieved AcceptMission
[15:24:21] [MISSION] Taras accepted ScoutPoi @ Chernobyl NPP (190 RU)
[15:24:21] [TASK] Taras → AcceptMission [ScoutPoi] (goal=AcceptMission)
[15:24:21] [GOAL] Taras achieved AcceptMission
[15:24:21] [MISSION] Andriy accepted ScoutPoi @ Chernobyl NPP (190 RU)
[15:24:21] [TASK] Andriy → AcceptMission [ScoutPoi] (goal=AcceptMission)
[15:24:21] [GOAL] Andriy achieved AcceptMission
[15:24:23] [COMBAT] Lasha Petrenko 'Razor' killed Taras Bondarenko 'Lucky' using wpn_vintorez
[15:24:23] [COMBAT] Vasyl Petrenko 'Spark' killed Andriy Popov 'Razor' using wpn_ak74
[15:24:23] [GEAR] Vasyl looted [wpn_ak74, arm_duty] via combat
[15:24:23] [COMBAT] Nikolai Volkov 'Bullet' killed Snork using wpn_mp5
[15:24:24] [INBOUND] Initial +2 ctx.Stalkers, +2 mutants (remaining S=575 M=385)
[15:24:24] [MISSION] Serhiy accepted ScoutPoi @ Zalissya (184 RU)
[15:24:24] [TASK] Serhiy → AcceptMission [ScoutPoi] (goal=AcceptMission)
[15:24:24] [GOAL] Serhiy achieved AcceptMission
[15:24:24] [TASK] Pavel → TradeRun [poi_macro_12] (goal=VisitTrader)
[15:24:24] [GOAL] Pavel achieved VisitTrader
[15:24:24] [MISSION] Pavel accepted ScoutPoi @ Radar (Brain Scorcher) (176 RU)
[15:24:24] [TASK] Pavel → AcceptMission [ScoutPoi] (goal=AcceptMission)
[15:24:24] [GOAL] Pavel achieved AcceptMission
[15:24:25] [INBOUND] Initial +2 ctx.Stalkers, +1 mutants (remaining S=573 M=384)
[15:24:25] [MISSION] Dmytro accepted ScoutPoi @ Kopachi (196 RU)
[15:24:25] [TASK] Dmytro → AcceptMission [ScoutPoi] (goal=AcceptMission)
[15:24:25] [GOAL] Dmytro achieved AcceptMission
[15:24:26] [COMBAT] Dmytro Popov 'Wolf' killed PsyDog using wpn_pkm
[15:24:26] [INBOUND] Initial +2 ctx.Stalkers, +2 mutants (remaining S=571 M=382)
[15:24:26] [MISSION] Bohdan accepted ScoutPoi @ Wild Territory (190 RU)
[15:24:26] [TASK] Bohdan → AcceptMission [ScoutPoi] (goal=AcceptMission)
[15:24:26] [GOAL] Bohdan achieved AcceptMission
[15:24:27] [RANK] Andrei Volkov 'Spark' → Trainee
[15:24:27] [COMBAT] Andrei Volkov 'Spark' killed Rat using wpn_ak74
[15:24:27] [RANK] Dmytro Kovalenko 'Scar' → Trainee
[15:24:27] [COMBAT] Dmytro Kovalenko 'Scar' killed Snork using wpn_mp5
[15:24:28] [INBOUND] Initial +2 ctx.Stalkers, +1 mutants (remaining S=569 M=381)
[15:24:28] [MISSION] Pavel accepted ScoutPoi @ Chernobyl NPP (190 RU)
[15:24:28] [TASK] Pavel → AcceptMission [ScoutPoi] (goal=AcceptMission)
[15:24:28] [GOAL] Pavel achieved AcceptMission
[15:24:29] [INBOUND] Initial +2 ctx.Stalkers, +1 mutants (remaining S=567 M=380)
[15:24:29] [MISSION] Mykola accepted ScoutPoi @ Zaton (184 RU)
[15:24:29] [TASK] Mykola → AcceptMission [ScoutPoi] (goal=AcceptMission)
[15:24:29] [GOAL] Mykola achieved AcceptMission
[15:24:29] [COMBAT] Alexei Petrenko 'Wolf' killed Andrei Petrenko 'Lucky' using wpn_pkm
[15:24:29] [GEAR] Alexei looted [helm_helm_ranger] via combat
[15:24:30] [COMBAT] Mykola Bondarenko 'Mole' killed BlindDog using wpn_lr300
[15:24:30] [COMBAT] Andrei Sokolov 'Crow' killed Lasha Bondarenko 'Spark' using wpn_fn2000
[15:24:30] [COMBAT] Vasyl Petrenko 'Shadow' killed Burer using wpn_mp5
[15:24:30] [INBOUND] Initial +2 ctx.Stalkers, +2 mutants (remaining S=565 M=378)
[15:24:30] [MISSION] Dmitri accepted ScoutPoi @ Rostok (164 RU)
[15:24:30] [TASK] Dmitri → AcceptMission [ScoutPoi] (goal=AcceptMission)
[15:24:30] [GOAL] Dmitri achieved AcceptMission
[15:24:31] [COMBAT] Ivan Petrov 'Wolf' killed Snork using wpn_pkm
[15:24:32] [INBOUND] Initial +2 ctx.Stalkers, +1 mutants (remaining S=563 M=377)
[15:24:32] [COMBAT] Damir Volkov 'Jackal' killed Pierre Petrenko 'Stitches' using wpn_vintorez
[15:24:33] [COMBAT] Vasyl Melnyk 'Bullet' killed Dmytro Melnyk 'Spark' using wpn_aksu
[15:24:33] [GEAR] Vasyl looted [wpn_pb] via combat
[15:24:33] [INBOUND] Initial +2 ctx.Stalkers, +1 mutants (remaining S=561 M=376)
[15:24:33] [CORPSE] Despawned 72 bodies (lifetime=697)
[15:24:33] [MISSION] Sergei accepted ScoutPoi @ Chernobyl NPP (190 RU)
[15:24:33] [TASK] Sergei → AcceptMission [ScoutPoi] (goal=AcceptMission)
[15:24:33] [GOAL] Sergei achieved AcceptMission
[15:24:33] [TASK] Vasyl → TradeRun [poi_macro_2] (goal=VisitTrader)
[15:24:33] [TRADE] Vasyl bought [helm_bandana] @ South
[15:24:33] [GOAL] Vasyl achieved VisitTrader
[15:24:33] [MISSION] Vasyl accepted ScoutPoi @ Meadow (160 RU)
[15:24:33] [TASK] Vasyl → AcceptMission [ScoutPoi] (goal=AcceptMission)
[15:24:33] [GOAL] Vasyl achieved AcceptMission
[15:24:34] [COMBAT] Yuriy Melnyk 'Scar' killed Fracture using wpn_rpg7
[15:24:34] [INBOUND] Initial +2 ctx.Stalkers, +2 mutants (remaining S=559 M=374)
[15:24:34] [MISSION] Vasyl accepted ScoutPoi @ Jupiter (Pripyat Industrial) (190 RU)
[15:24:34] [TASK] Vasyl → AcceptMission [ScoutPoi] (goal=AcceptMission)
[15:24:34] [GOAL] Vasyl achieved AcceptMission
[15:24:35] [COMBAT] Pavel Volkov 'Phantom' killed Bloodsucker using wpn_fn2000
[15:24:35] [COMBAT] Igor Popov 'Shadow' killed Pseudodog using wpn_ak74
[15:24:36] [INBOUND] Initial +2 ctx.Stalkers, +1 mutants (remaining S=557 M=373)
[15:24:36] [MISSION] Rustam accepted ScoutPoi @ Chernobyl NPP (190 RU)
[15:24:36] [TASK] Rustam → AcceptMission [ScoutPoi] (goal=AcceptMission)
[15:24:36] [GOAL] Rustam achieved AcceptMission
[15:24:36] [COMBAT] Oleksiy Volkov 'Jackal' killed Serhiy Kovalenko 'Razor' using wpn_pkm
[15:24:37] [INBOUND] Initial +2 ctx.Stalkers, +2 mutants (remaining S=555 M=371)
[15:24:37] [SNAPSHOT] real=9.8min game=D0 00:45 alive S=200 M=226 corpses=535 lootable=292 gammaGear out=112 helm=175 avgRU=900 leaderGoals trade=0 mission=27 emission=Dormant nextIn=31gmin desperate=0 hungry=0 interval deaths=46 combats=74 tasks=97 gearLoot=7 gearBuy=1 missions=57 corpseDespawn=100 trickleSpawns=0 ranks=[Rookie:184,Trainee:7,Experienced:4,Professional:4,Expert:1] goals=[Idle:69,CompleteMission::27,Traveling:10] leaders: Igor[Rookie/Idle], Andriy[Rookie/Idle], Bohdan[Rookie/Idle], Nikolai[Rookie/Idle], Oleg[Rookie/Idle]
[15:24:38] [COMBAT] Dmytro Popov 'Wolf' killed Igor Ivanov 'Razor' using wpn_gauss
[15:24:38] [INBOUND] Initial +3 ctx.Stalkers, +1 mutants (remaining S=552 M=370)
[15:24:38] [MISSION] Dmytro accepted ScoutPoi @ Meadow (160 RU)
[15:24:38] [TASK] Dmytro → AcceptMission [ScoutPoi] (goal=AcceptMission)
[15:24:38] [GOAL] Dmytro achieved AcceptMission
[15:24:39] [COMBAT] Oleg Petrenko 'Wolf' killed BlindDog using wpn_fn2000
[15:24:39] [COMBAT] Andrei Volkov 'Spark' killed Burer using wpn_ak74
[15:24:39] [COMBAT] Bohdan Petrenko 'Mole' killed Pseudodog using wpn_vintorez
[15:24:39] [COMBAT] Ivan Melnyk 'Mole' killed BlindDog using wpn_pm
[15:24:39] [COMBAT] Jake Melnyk 'Fox' killed Flesh using wpn_aksu
[15:24:40] [INBOUND] Initial +2 ctx.Stalkers, +1 mutants (remaining S=550 M=369)
[15:24:40] [MISSION] Timur accepted ScoutPoi @ Army Warehouses (160 RU)
[15:24:40] [TASK] Timur → AcceptMission [ScoutPoi] (goal=AcceptMission)
[15:24:40] [GOAL] Timur achieved AcceptMission
[15:24:40] [COMBAT] Mykola Sokolov 'Wolf' killed Vasyl Bondarenko 'Badger' using wpn_ak74m
[15:24:40] [GEAR] Mykola looted [wpn_pm] via combat
[15:24:40] [TASK] Sergei → TradeRun [poi_macro_5] (goal=VisitTrader)
[15:24:40] [GOAL] Sergei achieved VisitTrader
[15:24:41] [MISSION] Sergei accepted ScoutPoi @ Zalissya (184 RU)
[15:24:41] [TASK] Sergei → AcceptMission [ScoutPoi] (goal=AcceptMission)
[15:24:41] [GOAL] Sergei achieved AcceptMission
[15:24:41] [INBOUND] Initial +2 ctx.Stalkers, +2 mutants (remaining S=548 M=367)
[15:24:41] [MISSION] Giorgi accepted ScoutPoi @ Yantar (190 RU)
[15:24:41] [TASK] Giorgi → AcceptMission [ScoutPoi] (goal=AcceptMission)
[15:24:41] [GOAL] Giorgi achieved AcceptMission
[15:24:42] [INBOUND] Initial +2 ctx.Stalkers, +1 mutants (remaining S=546 M=366)
[15:24:42] [MISSION] Serhiy accepted ScoutPoi @ Chernobyl NPP (190 RU)
[15:24:42] [TASK] Serhiy → AcceptMission [ScoutPoi] (goal=AcceptMission)
[15:24:42] [GOAL] Serhiy achieved AcceptMission
[15:24:43] [COMBAT] Mykola Petrenko 'Ghost' killed Bohdan Sokolov 'Ghost' using wpn_vintorez
[15:24:43] [COMBAT] Alexei Kovalenko 'Spark' killed Snork using wpn_vintorez
[15:24:43] [COMBAT] Nikolai Petrenko 'Crow' killed Boar using wpn_ak74
[15:24:43] [INBOUND] Initial +2 ctx.Stalkers, +2 mutants (remaining S=544 M=364)
[15:24:44] [MISSION] Taras accepted ScoutPoi @ Zalissya (184 RU)
[15:24:44] [TASK] Taras → AcceptMission [ScoutPoi] (goal=AcceptMission)
[15:24:44] [GOAL] Taras achieved AcceptMission
[15:24:44] [MISSION] Yuriy accepted ScoutPoi @ Chernobyl NPP (190 RU)
[15:24:44] [TASK] Yuriy → AcceptMission [ScoutPoi] (goal=AcceptMission)
[15:24:44] [GOAL] Yuriy achieved AcceptMission
[15:24:44] [COMBAT] Dmitri Popov 'Mole' killed BlindDog using wpn_g36
[15:24:44] [COMBAT] Giorgi Ivanov 'Bone' killed Snork using wpn_sg550
[15:24:45] [INBOUND] Initial +2 ctx.Stalkers, +1 mutants (remaining S=542 M=363)
[15:24:45] [MISSION] Taras accepted ScoutPoi @ Chernobyl NPP (190 RU)
[15:24:45] [TASK] Taras → AcceptMission [ScoutPoi] (goal=AcceptMission)
[15:24:45] [GOAL] Taras achieved AcceptMission
[15:24:45] [COMBAT] Serhiy Melnyk 'Fox' killed Snork using wpn_toz34
[15:24:46] [INBOUND] Initial +2 ctx.Stalkers, +1 mutants (remaining S=540 M=362)
[15:24:46] [CORPSE] Despawned 33 bodies (lifetime=730)
[15:24:46] [MISSION] Andrei accepted ScoutPoi @ Meadow (160 RU)
[15:24:46] [TASK] Andrei → AcceptMission [ScoutPoi] (goal=AcceptMission)
[15:24:46] [GOAL] Andrei achieved AcceptMission
[15:24:47] [INBOUND] Initial +2 ctx.Stalkers, +2 mutants (remaining S=538 M=360)
[15:24:47] [MISSION] Connor accepted ScoutPoi @ Yantar (190 RU)
[15:24:47] [TASK] Connor → AcceptMission [ScoutPoi] (goal=AcceptMission)
[15:24:47] [GOAL] Connor achieved AcceptMission
[15:24:49] [INBOUND] Initial +2 ctx.Stalkers, +1 mutants (remaining S=536 M=359)
[15:24:49] [MISSION] Mykola accepted ScoutPoi @ Dark Valley (168 RU)
[15:24:49] [TASK] Mykola → AcceptMission [ScoutPoi] (goal=AcceptMission)
[15:24:49] [GOAL] Mykola achieved AcceptMission
[15:24:49] [MISSION] Viktor accepted ScoutPoi @ Limansk (190 RU)
[15:24:49] [TASK] Viktor → AcceptMission [ScoutPoi] (goal=AcceptMission)
[15:24:49] [GOAL] Viktor achieved AcceptMission
[15:24:50] [TASK] Mykola → TradeRun [poi_macro_5] (goal=VisitTrader)
[15:24:50] [GOAL] Mykola achieved VisitTrader
[15:24:50] [INBOUND] Initial +2 ctx.Stalkers, +2 mutants (remaining S=534 M=357)
[15:24:50] [MISSION] Bakhyt arrived for ScoutPoi @ Cordon (travel=481m, work=211s game)
[15:24:50] [MISSION] Mikhail accepted ScoutPoi @ Limansk (190 RU)
[15:24:50] [TASK] Mikhail → AcceptMission [ScoutPoi] (goal=AcceptMission)
[15:24:50] [GOAL] Mikhail achieved AcceptMission
[15:24:50] [COMBAT] Giorgi Ivanov 'Bone' killed BlindDog using wpn_sg550
[15:24:50] [MISSION] Bakhyt arrived for ScoutPoi @ Cordon (travel=481m, work=211s game)
[15:24:50] [COMBAT] Sergei Melnyk 'Ash' killed Burer using wpn_ak74m
[15:24:51] [TASK] Mykola → TradeRun [poi_macro_5] (goal=VisitTrader)
[15:24:51] [GOAL] Mykola achieved VisitTrader
[15:24:51] [TASK] Armen → TradeRun [poi_macro_2] (goal=VisitTrader)
[15:24:51] [GOAL] Armen achieved VisitTrader
[15:24:51] [MISSION] Mykola accepted ScoutPoi @ Zalissya (184 RU)
[15:24:51] [TASK] Mykola → AcceptMission [ScoutPoi] (goal=AcceptMission)
[15:24:51] [GOAL] Mykola achieved AcceptMission
[15:24:51] [MISSION] Armen accepted ScoutPoi @ Meadow (160 RU)
[15:24:51] [TASK] Armen → AcceptMission [ScoutPoi] (goal=AcceptMission)
[15:24:51] [GOAL] Armen achieved AcceptMission
[15:24:51] [MISSION] Bakhyt arrived for ScoutPoi @ Cordon (travel=481m, work=211s game)
[15:24:51] [INBOUND] Initial +2 ctx.Stalkers, +1 mutants (remaining S=532 M=356)
[15:24:51] [MISSION] Oleg accepted ScoutPoi @ Kopachi (196 RU)
[15:24:51] [TASK] Oleg → AcceptMission [ScoutPoi] (goal=AcceptMission)
[15:24:51] [GOAL] Oleg achieved AcceptMission
[15:24:51] [MISSION] Bakhyt arrived for ScoutPoi @ Cordon (travel=481m, work=211s game)
[15:24:52] [INBOUND] Initial +2 ctx.Stalkers, +1 mutants (remaining S=530 M=355)
[15:24:52] [COMBAT] Pavel Petrov 'Shadow' killed Rat using wpn_fn2000
[15:24:53] [TASK] Timur → FulfillMission [ScoutPoi] (goal=CompleteMission)
[15:24:53] [MISSION] Timur objective done ScoutPoi @ Mutant Den #0 near Great Swamps → return to Army Warehouses
[15:24:53] [TASK] Giorgi → FulfillMission [ScoutPoi] (goal=CompleteMission)
[15:24:53] [MISSION] Giorgi objective done ScoutPoi @ Sunken Shack → return to Yantar
[15:24:53] [TASK] Serhiy → FulfillMission [ScoutPoi] (goal=CompleteMission)
[15:24:53] [MISSION] Serhiy objective done ScoutPoi @ Abandoned Outpost → return to Chernobyl NPP
[15:24:53] [TASK] Taras → FulfillMission [ScoutPoi] (goal=CompleteMission)
[15:24:53] [MISSION] Taras objective done ScoutPoi @ Mutant Den #0 near Rostok → return to Zalissya
[15:24:53] [TASK] Yuriy → FulfillMission [ScoutPoi] (goal=CompleteMission)
[15:24:53] [MISSION] Yuriy objective done ScoutPoi @ Abandoned Outpost → return to Chernobyl NPP
[15:24:53] [TASK] Taras → FulfillMission [ScoutPoi] (goal=CompleteMission)
[15:24:53] [MISSION] Taras objective done ScoutPoi @ Abandoned Outpost → return to Chernobyl NPP
[15:24:53] [TASK] Andrei → FulfillMission [ScoutPoi] (goal=CompleteMission)
[15:24:53] [MISSION] Andrei objective done ScoutPoi @ Forgotten Outpost → return to Meadow
[15:24:53] [TASK] Connor → FulfillMission [ScoutPoi] (goal=CompleteMission)
[15:24:53] [MISSION] Connor objective done ScoutPoi @ Sunken Shack → return to Yantar
[15:24:53] [TASK] Mykola → FulfillMission [ScoutPoi] (goal=CompleteMission)
[15:24:53] [MISSION] Mykola objective done ScoutPoi @ Hidden Cairn → return to Dark Valley
[15:24:53] [TASK] Viktor → FulfillMission [ScoutPoi] (goal=CompleteMission)
[15:24:53] [MISSION] Viktor objective done ScoutPoi @ Abandoned Outpost → return to Limansk
[15:24:53] [TASK] Mikhail → FulfillMission [ScoutPoi] (goal=CompleteMission)
[15:24:53] [MISSION] Mikhail objective done ScoutPoi @ Abandoned Outpost → return to Limansk
[15:24:53] [TASK] Oleg → FulfillMission [ScoutPoi] (goal=CompleteMission)
[15:24:53] [MISSION] Oleg objective done ScoutPoi @ Sunken Shelter → return to Kopachi
[15:24:53] [MISSION] Armen objective done ScoutPoi @ Rain Barrel Stop → return to Wild Territory
[15:24:53] [MISSION] Alibek objective done ScoutPoi @ Makeshift Outpost → return to Jupiter (Pripyat Industrial)
[15:24:53] [MISSION] Pierre objective done ScoutPoi @ Sunken Outpost → return to Zaton
[15:24:53] [MISSION] Oleg objective done ScoutPoi @ Rain Barrel Stop → return to Wild Territory
[15:24:53] [MISSION] Viktor objective done ScoutPoi @ Forgotten Outpost → return to Radar (Brain Scorcher)
[15:24:53] [MISSION] Oleksiy objective done ScoutPoi @ Sunken Outpost → return to Zaton
[15:24:53] [MISSION] Viktor objective done ScoutPoi @ Rain Barrel Stop → return to Wild Territory
[15:24:53] [MISSION] Giorgi objective done ScoutPoi @ Sunken Camp → return to Chernobyl Town
[15:24:53] [MISSION] Giorgi objective done ScoutPoi @ Rain Barrel Stop → return to Wild Territory
[15:24:53] [MISSION] Alexei objective done ScoutPoi @ Rain Barrel Stop → return to Wild Territory
[15:24:53] [MISSION] Armen objective done ScoutPoi @ Forgotten Outpost → return to Meadow
[15:24:53] [MISSION] Andriy objective done ScoutPoi @ Forgotten Outpost → return to Radar (Brain Scorcher)
[15:24:53] [MISSION] Sergei objective done ScoutPoi @ Sunken Camp → return to Chernobyl Town
[15:24:53] [MISSION] Connor objective done ScoutPoi @ Hidden Cairn → return to Dark Valley
[15:24:53] [MISSION] Taras objective done ScoutPoi @ Abandoned Outpost → return to Chernobyl NPP
[15:24:53] [MISSION] Andriy objective done ScoutPoi @ Abandoned Outpost → return to Chernobyl NPP
[15:24:53] [MISSION] Bakhyt objective done ScoutPoi @ Cordon → return to Great Swamps
[15:24:53] [MISSION] Serhiy objective done ScoutPoi @ Mutant Den #0 near Rostok → return to Zalissya
[15:24:53] [MISSION] Dmytro objective done ScoutPoi @ Sunken Shelter → return to Kopachi
[15:24:53] [MISSION] Bohdan objective done ScoutPoi @ Rain Barrel Stop → return to Wild Territory
[15:24:53] [MISSION] Pavel objective done ScoutPoi @ Abandoned Outpost → return to Chernobyl NPP
[15:24:53] [MISSION] Mykola objective done ScoutPoi @ Sunken Outpost → return to Zaton
[15:24:53] [MISSION] Dmitri objective done ScoutPoi @ Southern Watchtower → return to Rostok
[15:24:53] [MISSION] Sergei objective done ScoutPoi @ Abandoned Outpost → return to Chernobyl NPP
[15:24:53] [MISSION] Rustam objective done ScoutPoi @ Abandoned Outpost → return to Chernobyl NPP
[15:24:53] [MISSION] Dmytro objective done ScoutPoi @ Forgotten Outpost → return to Meadow
[15:24:54] [INBOUND] Initial +2 ctx.Stalkers, +2 mutants (remaining S=528 M=353)
[15:24:57] [TASK] Bohdan → GoToShelter (goal=FleeEmission)
[15:24:57] [GOAL] Bohdan achieved FleeEmission
[15:24:57] [TASK] Nikolai → GoToShelter (goal=FleeEmission)
[15:24:57] [GOAL] Nikolai achieved FleeEmission
[15:24:57] [TASK] Igor → GoToShelter (goal=FleeEmission)
[15:24:57] [GOAL] Igor achieved FleeEmission
[15:24:57] [TASK] Viktor → GoToShelter (goal=FleeEmission)
[15:24:57] [GOAL] Viktor achieved FleeEmission
[15:24:57] [TASK] Ivan → GoToShelter (goal=FleeEmission)
[15:24:57] [GOAL] Ivan achieved FleeEmission
[15:24:57] [TASK] Giorgi → GoToShelter (goal=FleeEmission)
[15:24:57] [GOAL] Giorgi achieved FleeEmission
[15:24:57] [TASK] Armen → GoToShelter (goal=FleeEmission)
[15:24:57] [GOAL] Armen achieved FleeEmission
[15:24:57] [TASK] Jake → GoToShelter (goal=FleeEmission)
[15:24:57] [GOAL] Jake achieved FleeEmission
[15:24:57] [TASK] Ivan → GoToShelter (goal=FleeEmission)
[15:24:57] [GOAL] Ivan achieved FleeEmission
[15:24:58] [COMBAT] Ivan Petrenko 'Bullet' killed Controller using wpn_ak74
[15:24:59] [INBOUND] Initial +3 ctx.Stalkers, +1 mutants (remaining S=525 M=352)
[15:24:59] [TASK] Bohdan → GoToShelter (goal=FleeEmission)
[15:24:59] [GOAL] Bohdan achieved FleeEmission
[15:24:59] [TASK] Nikolai → GoToShelter (goal=FleeEmission)
[15:24:59] [GOAL] Nikolai achieved FleeEmission
[15:24:59] [TASK] Pierre → GoToShelter (goal=FleeEmission)
[15:24:59] [GOAL] Pierre achieved FleeEmission
[15:24:59] [TASK] Mikhail → GoToShelter (goal=FleeEmission)
[15:24:59] [GOAL] Mikhail achieved FleeEmission
[15:24:59] [TASK] Ivan → GoToShelter (goal=FleeEmission)
[15:24:59] [GOAL] Ivan achieved FleeEmission
[15:24:59] [TASK] Ivan → GoToShelter (goal=FleeEmission)
[15:24:59] [GOAL] Ivan achieved FleeEmission
[15:24:59] [TASK] Sergei → GoToShelter (goal=FleeEmission)
[15:24:59] [GOAL] Sergei achieved FleeEmission
[15:24:59] [TASK] Oleg → GoToShelter (goal=FleeEmission)
[15:24:59] [GOAL] Oleg achieved FleeEmission
[15:24:59] [TASK] Nodar → GoToShelter (goal=FleeEmission)
[15:24:59] [GOAL] Nodar achieved FleeEmission
[15:24:59] [TASK] Igor → GoToShelter (goal=FleeEmission)
[15:24:59] [GOAL] Igor achieved FleeEmission
[15:24:59] [TASK] Viktor → GoToShelter (goal=FleeEmission)
[15:24:59] [GOAL] Viktor achieved FleeEmission
[15:24:59] [TASK] Oleksiy → GoToShelter (goal=FleeEmission)
[15:24:59] [GOAL] Oleksiy achieved FleeEmission
[15:24:59] [TASK] Frank → GoToShelter (goal=FleeEmission)
[15:24:59] [GOAL] Frank achieved FleeEmission
[15:24:59] [TASK] Giorgi → GoToShelter (goal=FleeEmission)
[15:24:59] [GOAL] Giorgi achieved FleeEmission
[15:24:59] [TASK] Ivan → GoToShelter (goal=FleeEmission)
[15:24:59] [GOAL] Ivan achieved FleeEmission
[15:24:59] [TASK] Giorgi → GoToShelter (goal=FleeEmission)
[15:24:59] [GOAL] Giorgi achieved FleeEmission
[15:24:59] [TASK] Armen → GoToShelter (goal=FleeEmission)
[15:24:59] [GOAL] Armen achieved FleeEmission
[15:24:59] [TASK] Nikolai → GoToShelter (goal=FleeEmission)
[15:24:59] [GOAL] Nikolai achieved FleeEmission
[15:24:59] [TASK] Andriy → GoToShelter (goal=FleeEmission)
[15:24:59] [GOAL] Andriy achieved FleeEmission
[15:24:59] [TASK] Sergei → GoToShelter (goal=FleeEmission)
[15:24:59] [GOAL] Sergei achieved FleeEmission
[15:24:59] [TASK] Pavel → GoToShelter (goal=FleeEmission)
[15:24:59] [GOAL] Pavel achieved FleeEmission
[15:24:59] [TASK] Pavel → GoToShelter (goal=FleeEmission)
[15:24:59] [GOAL] Pavel achieved FleeEmission
[15:24:59] [TASK] Pavel → GoToShelter (goal=FleeEmission)
[15:24:59] [GOAL] Pavel achieved FleeEmission
[15:24:59] [TASK] Connor → GoToShelter (goal=FleeEmission)
[15:24:59] [GOAL] Connor achieved FleeEmission
[15:24:59] [TASK] Taras → GoToShelter (goal=FleeEmission)
[15:24:59] [GOAL] Taras achieved FleeEmission
[15:24:59] [TASK] Bohdan → GoToShelter (goal=FleeEmission)
[15:24:59] [GOAL] Bohdan achieved FleeEmission
[15:24:59] [TASK] Mykola → GoToShelter (goal=FleeEmission)
[15:24:59] [GOAL] Mykola achieved FleeEmission
[15:24:59] [TASK] Bakhyt → GoToShelter (goal=FleeEmission)
[15:24:59] [GOAL] Bakhyt achieved FleeEmission
[15:24:59] [TASK] Viktor → GoToShelter (goal=FleeEmission)
[15:24:59] [GOAL] Viktor achieved FleeEmission
[15:24:59] [TASK] Dmytro → GoToShelter (goal=FleeEmission)
[15:24:59] [GOAL] Dmytro achieved FleeEmission
[15:24:59] [TASK] Serhiy → GoToShelter (goal=FleeEmission)
[15:24:59] [GOAL] Serhiy achieved FleeEmission
[15:24:59] [TASK] Ivan → GoToShelter (goal=FleeEmission)
[15:24:59] [GOAL] Ivan achieved FleeEmission
[15:24:59] [TASK] Yuriy → GoToShelter (goal=FleeEmission)
[15:24:59] [GOAL] Yuriy achieved FleeEmission
[15:24:59] [TASK] Mykola → GoToShelter (goal=FleeEmission)
[15:24:59] [GOAL] Mykola achieved FleeEmission
[15:24:59] [TASK] Oleg → GoToShelter (goal=FleeEmission)
[15:24:59] [GOAL] Oleg achieved FleeEmission
[15:25:00] [COMBAT] Frank Volkov 'Stitch' killed Mikhail Popov 'Badger' using wpn_rpg7
[15:25:00] [GEAR] Frank looted [arm_exo] via combat
[15:25:01] [COMBAT] Taras Shevchenko 'Scar' killed Armen Petrov 'Ash' using wpn_ak74
[15:25:01] [GEAR] Taras looted [helm_helm_respirator_old] via combat
[15:25:01] [INBOUND] Initial +2 ctx.Stalkers, +1 mutants (remaining S=523 M=351)
[15:25:01] [TASK] Bohdan → GoToShelter (goal=FleeEmission)
[15:25:01] [GOAL] Bohdan achieved FleeEmission
[15:25:01] [TASK] Nikolai → GoToShelter (goal=FleeEmission)
[15:25:01] [GOAL] Nikolai achieved FleeEmission
[15:25:01] [TASK] Armen → GoToShelter (goal=FleeEmission)
[15:25:01] [GOAL] Armen achieved FleeEmission
[15:25:01] [TASK] Andriy → GoToShelter (goal=FleeEmission)
[15:25:01] [GOAL] Andriy achieved FleeEmission
[15:25:01] [TASK] Ivan → GoToShelter (goal=FleeEmission)
[15:25:01] [GOAL] Ivan achieved FleeEmission
[15:25:01] [TASK] Pierre → GoToShelter (goal=FleeEmission)
[15:25:01] [GOAL] Pierre achieved FleeEmission
[15:25:01] [TASK] Alexei → GoToShelter (goal=FleeEmission)
[15:25:01] [GOAL] Alexei achieved FleeEmission
[15:25:01] [TASK] Igor → GoToShelter (goal=FleeEmission)
[15:25:01] [GOAL] Igor achieved FleeEmission
[15:25:01] [TASK] Viktor → GoToShelter (goal=FleeEmission)
[15:25:01] [GOAL] Viktor achieved FleeEmission
[15:25:01] [TASK] Viktor → GoToShelter (goal=FleeEmission)
[15:25:01] [GOAL] Viktor achieved FleeEmission
[15:25:01] [TASK] Igor → GoToShelter (goal=FleeEmission)
[15:25:01] [GOAL] Igor achieved FleeEmission
[15:25:01] [TASK] Ivan → GoToShelter (goal=FleeEmission)
[15:25:01] [GOAL] Ivan achieved FleeEmission
[15:25:01] [TASK] Rustam → GoToShelter (goal=FleeEmission)
[15:25:01] [GOAL] Rustam achieved FleeEmission
[15:25:01] [TASK] Giorgi → GoToShelter (goal=FleeEmission)
[15:25:01] [GOAL] Giorgi achieved FleeEmission
[15:25:01] [TASK] Armen → GoToShelter (goal=FleeEmission)
[15:25:01] [GOAL] Armen achieved FleeEmission
[15:25:01] [TASK] Bakhyt → GoToShelter (goal=FleeEmission)
[15:25:01] [GOAL] Bakhyt achieved FleeEmission
[15:25:01] [TASK] Vasyl → GoToShelter (goal=FleeEmission)
[15:25:01] [GOAL] Vasyl achieved FleeEmission
[15:25:01] [TASK] Alexei → GoToShelter (goal=FleeEmission)
[15:25:01] [GOAL] Alexei achieved FleeEmission
[15:25:01] [TASK] Pavel → GoToShelter (goal=FleeEmission)
[15:25:01] [GOAL] Pavel achieved FleeEmission
[15:25:01] [TASK] Ivan → GoToShelter (goal=FleeEmission)
[15:25:01] [GOAL] Ivan achieved FleeEmission
[15:25:02] [COMBAT] Oleksiy Volkov 'Bone' killed PsyDog using wpn_fn2000
[15:25:02] [INBOUND] Initial +2 ctx.Stalkers, +2 mutants (remaining S=521 M=349)
[15:25:03] [TASK] Bohdan → GoToShelter (goal=FleeEmission)
[15:25:03] [GOAL] Bohdan achieved FleeEmission
[15:25:03] [TASK] Nikolai → GoToShelter (goal=FleeEmission)
[15:25:03] [GOAL] Nikolai achieved FleeEmission
[15:25:03] [TASK] Igor → GoToShelter (goal=FleeEmission)
[15:25:03] [GOAL] Igor achieved FleeEmission
[15:25:03] [TASK] Viktor → GoToShelter (goal=FleeEmission)
[15:25:03] [GOAL] Viktor achieved FleeEmission
[15:25:03] [TASK] Lasha → GoToShelter (goal=FleeEmission)
[15:25:03] [GOAL] Lasha achieved FleeEmission
[15:25:03] [TASK] Ivan → GoToShelter (goal=FleeEmission)
[15:25:03] [GOAL] Ivan achieved FleeEmission
[15:25:03] [TASK] Giorgi → GoToShelter (goal=FleeEmission)
[15:25:03] [GOAL] Giorgi achieved FleeEmission
[15:25:03] [TASK] Armen → GoToShelter (goal=FleeEmission)
[15:25:03] [GOAL] Armen achieved FleeEmission
[15:25:03] [TASK] Andrei → GoToShelter (goal=FleeEmission)
[15:25:03] [GOAL] Andrei achieved FleeEmission
[15:25:03] [TASK] Ivan → GoToShelter (goal=FleeEmission)
[15:25:03] [GOAL] Ivan achieved FleeEmission
[15:25:03] [TASK] Connor → GoToShelter (goal=FleeEmission)
[15:25:03] [GOAL] Connor achieved FleeEmission
[15:25:03] [TASK] Andrei → GoToShelter (goal=FleeEmission)
[15:25:03] [GOAL] Andrei achieved FleeEmission
[15:25:03] [TASK] Lars → GoToShelter (goal=FleeEmission)
[15:25:03] [GOAL] Lars achieved FleeEmission
[15:25:04] [COMBAT] Damir Volkov 'Jackal' killed Lars Shevchenko 'Ghost' using wpn_vintorez
[15:25:04] [GEAR] Damir looted [wpn_desert_eagle] via combat
[15:25:04] [COMBAT] Pavel Popov 'Spark' killed Burer using wpn_pkm
[15:25:04] [INBOUND] Initial +2 ctx.Stalkers, +1 mutants (remaining S=519 M=348)
[15:25:04] [CORPSE] Despawned 29 bodies (lifetime=759)
[15:25:05] [COMBAT] Oleksiy Ivanov 'Jackal' killed Snork using wpn_gauss
[15:25:05] [COMBAT] Damir Melnyk 'Crow' killed Boar using wpn_pkm
[15:25:05] [COMBAT] Ivan Popov 'The Butcher' killed Nikolai Volkov 'Bullet' using wpn_gauss
[15:25:05] [GEAR] Ivan looted [helm_helm_ppm88] via combat
[15:25:05] [INBOUND] Initial +2 ctx.Stalkers, +2 mutants (remaining S=517 M=346)
[15:25:06] [TASK] Bohdan → GoToShelter (goal=FleeEmission)
[15:25:06] [GOAL] Bohdan achieved FleeEmission
[15:25:06] [TASK] Nikolai → GoToShelter (goal=FleeEmission)
[15:25:06] [GOAL] Nikolai achieved FleeEmission
[15:25:06] [TASK] Viktor → GoToShelter (goal=FleeEmission)
[15:25:06] [GOAL] Viktor achieved FleeEmission
[15:25:06] [TASK] Oleg → GoToShelter (goal=FleeEmission)
[15:25:06] [GOAL] Oleg achieved FleeEmission
[15:25:06] [TASK] Ivan → GoToShelter (goal=FleeEmission)
[15:25:06] [GOAL] Ivan achieved FleeEmission
[15:25:06] [TASK] Giorgi → GoToShelter (goal=FleeEmission)
[15:25:06] [GOAL] Giorgi achieved FleeEmission
[15:25:06] [TASK] Armen → GoToShelter (goal=FleeEmission)
[15:25:06] [GOAL] Armen achieved FleeEmission
[15:25:06] [TASK] Ivan → GoToShelter (goal=FleeEmission)
[15:25:06] [GOAL] Ivan achieved FleeEmission
[15:25:06] [TASK] Oleg → GoToShelter (goal=FleeEmission)
[15:25:06] [GOAL] Oleg achieved FleeEmission
[15:25:06] [TASK] Vasyl → GoToShelter (goal=FleeEmission)
[15:25:06] [GOAL] Vasyl achieved FleeEmission
[15:25:06] [TASK] Dmytro → GoToShelter (goal=FleeEmission)
[15:25:06] [GOAL] Dmytro achieved FleeEmission
[15:25:07] [RANK] Oleksiy Kovalenko 'Jackal' → Experienced
[15:25:07] [TASK] Viktor → GoToShelter (goal=FleeEmission)
[15:25:07] [GOAL] Viktor achieved FleeEmission
[15:25:07] [TASK] Ivan → GoToShelter (goal=FleeEmission)
[15:25:07] [GOAL] Ivan achieved FleeEmission
[15:25:07] [TASK] Giorgi → GoToShelter (goal=FleeEmission)
[15:25:07] [GOAL] Giorgi achieved FleeEmission
[15:25:07] [TASK] Armen → GoToShelter (goal=FleeEmission)
[15:25:07] [GOAL] Armen achieved FleeEmission
[15:25:07] [TASK] Damir → GoToShelter (goal=FleeEmission)
[15:25:07] [GOAL] Damir achieved FleeEmission
[15:25:07] [TASK] Ivan → GoToShelter (goal=FleeEmission)
[15:25:07] [GOAL] Ivan achieved FleeEmission
[15:25:07] [TASK] Dmytro → GoToShelter (goal=FleeEmission)
[15:25:07] [GOAL] Dmytro achieved FleeEmission
[15:25:07] [TASK] Bohdan → GoToShelter (goal=FleeEmission)
[15:25:07] [GOAL] Bohdan achieved FleeEmission
[15:25:07] [TASK] Nikolai → GoToShelter (goal=FleeEmission)
[15:25:07] [GOAL] Nikolai achieved FleeEmission
[15:25:07] [TASK] Alibek → GoToShelter (goal=FleeEmission)
[15:25:07] [GOAL] Alibek achieved FleeEmission
[15:25:08] [INBOUND] Initial +2 ctx.Stalkers, +1 mutants (remaining S=515 M=345)
[15:25:08] [SNAPSHOT] real=10.3min game=D0 00:47 alive S=202 M=234 corpses=529 lootable=295 gammaGear out=115 helm=176 avgRU=892 leaderGoals trade=0 mission=27 emission=Dormant nextIn=29gmin desperate=0 hungry=0 interval deaths=38 combats=56 tasks=130 gearLoot=5 gearBuy=0 missions=16 corpseDespawn=62 trickleSpawns=0 ranks=[Rookie:189,Trainee:5,Experienced:5,Professional:2,Expert:1] goals=[Idle:81,FleeEmission::26,🏃:1] leaders: Igor[Rookie/Idle], Andriy[Rookie/Idle], Bohdan[Rookie/FleeEmission:], Nikolai[Rookie/FleeEmission:], Oleg[Rookie/Idle]
[15:25:08] [TASK] Bohdan → GoToShelter (goal=FleeEmission)
[15:25:08] [GOAL] Bohdan achieved FleeEmission
[15:25:08] [TASK] Nikolai → GoToShelter (goal=FleeEmission)
[15:25:08] [GOAL] Nikolai achieved FleeEmission
[15:25:08] [TASK] Dmitri → GoToShelter (goal=FleeEmission)
[15:25:08] [GOAL] Dmitri achieved FleeEmission
[15:25:08] [TASK] Viktor → GoToShelter (goal=FleeEmission)
[15:25:08] [GOAL] Viktor achieved FleeEmission
[15:25:08] [TASK] Ivan → GoToShelter (goal=FleeEmission)
[15:25:08] [GOAL] Ivan achieved FleeEmission
[15:25:08] [TASK] Giorgi → GoToShelter (goal=FleeEmission)
[15:25:08] [GOAL] Giorgi achieved FleeEmission
[15:25:08] [TASK] Armen → GoToShelter (goal=FleeEmission)
[15:25:08] [GOAL] Armen achieved FleeEmission
[15:25:08] [TASK] Ivan → GoToShelter (goal=FleeEmission)
[15:25:08] [GOAL] Ivan achieved FleeEmission
[15:25:08] [TASK] Dmytro → GoToShelter (goal=FleeEmission)
[15:25:08] [GOAL] Dmytro achieved FleeEmission
[15:25:10] [COMBAT] Mykola Volkov 'Viper' killed Sergei Melnyk 'Bone' using wpn_ak74
[15:25:10] [GEAR] Mykola looted [wpn_mp5, wpn_fort12] via combat
[15:25:10] [INBOUND] Initial +2 ctx.Stalkers, +1 mutants (remaining S=513 M=344)
[15:25:10] [TASK] Bohdan → GoToShelter (goal=FleeEmission)
[15:25:10] [GOAL] Bohdan achieved FleeEmission
[15:25:10] [TASK] Nikolai → GoToShelter (goal=FleeEmission)
[15:25:10] [GOAL] Nikolai achieved FleeEmission
[15:25:10] [TASK] Viktor → GoToShelter (goal=FleeEmission)
[15:25:10] [GOAL] Viktor achieved FleeEmission
[15:25:10] [TASK] Ivan → GoToShelter (goal=FleeEmission)
[15:25:10] [GOAL] Ivan achieved FleeEmission
[15:25:10] [TASK] Giorgi → GoToShelter (goal=FleeEmission)
[15:25:10] [GOAL] Giorgi achieved FleeEmission
[15:25:10] [TASK] Armen → GoToShelter (goal=FleeEmission)
[15:25:10] [GOAL] Armen achieved FleeEmission
[15:25:10] [TASK] Ivan → GoToShelter (goal=FleeEmission)
[15:25:10] [GOAL] Ivan achieved FleeEmission
[15:25:10] [TASK] Dmytro → GoToShelter (goal=FleeEmission)
[15:25:10] [GOAL] Dmytro achieved FleeEmission
[15:25:10] [TASK] Alexei → GoToShelter (goal=FleeEmission)
[15:25:10] [GOAL] Alexei achieved FleeEmission
[15:25:12] [COMBAT] Oleksiy Volkov 'Bone' killed Dmytro Melnyk 'Wolf' using wpn_fn2000
[15:25:12] [GEAR] Oleksiy looted [arm_freedom] via combat
[15:25:12] [INBOUND] Initial +2 ctx.Stalkers, +2 mutants (remaining S=511 M=342)
[15:25:12] [TASK] Bohdan → GoToShelter (goal=FleeEmission)
[15:25:12] [GOAL] Bohdan achieved FleeEmission
[15:25:12] [TASK] Nikolai → GoToShelter (goal=FleeEmission)
[15:25:12] [GOAL] Nikolai achieved FleeEmission
[15:25:12] [TASK] Viktor → GoToShelter (goal=FleeEmission)
[15:25:12] [GOAL] Viktor achieved FleeEmission
[15:25:12] [TASK] Ivan → GoToShelter (goal=FleeEmission)
[15:25:12] [GOAL] Ivan achieved FleeEmission
[15:25:12] [TASK] Giorgi → GoToShelter (goal=FleeEmission)
[15:25:12] [GOAL] Giorgi achieved FleeEmission
[15:25:12] [TASK] Armen → GoToShelter (goal=FleeEmission)
[15:25:12] [GOAL] Armen achieved FleeEmission
[15:25:12] [COMBAT] Heinrich Melnyk 'Bone' killed BlindDog using wpn_val
[15:25:12] [TASK] Ivan → GoToShelter (goal=FleeEmission)
[15:25:12] [GOAL] Ivan achieved FleeEmission
[15:25:12] [TASK] Oleg → GoToShelter (goal=FleeEmission)
[15:25:12] [GOAL] Oleg achieved FleeEmission
[15:25:12] [TASK] Mykola → GoToShelter (goal=FleeEmission)
[15:25:12] [GOAL] Mykola achieved FleeEmission
[15:25:12] [TASK] Yuriy → GoToShelter (goal=FleeEmission)
[15:25:12] [GOAL] Yuriy achieved FleeEmission
[15:25:14] [TASK] Ivan → GoToShelter (goal=FleeEmission)
[15:25:14] [GOAL] Ivan achieved FleeEmission
[15:25:14] [TASK] Mykola → GoToShelter (goal=FleeEmission)
[15:25:14] [GOAL] Mykola achieved FleeEmission
[15:25:14] [TASK] Bohdan → GoToShelter (goal=FleeEmission)
[15:25:14] [GOAL] Bohdan achieved FleeEmission
[15:25:14] [TASK] Nikolai → GoToShelter (goal=FleeEmission)
[15:25:14] [GOAL] Nikolai achieved FleeEmission
[15:25:14] [TASK] Viktor → GoToShelter (goal=FleeEmission)
[15:25:14] [GOAL] Viktor achieved FleeEmission
[15:25:14] [COMBAT] Mykola Petrenko 'Ghost' killed Burer using wpn_vintorez
[15:25:14] [TASK] Ivan → GoToShelter (goal=FleeEmission)
[15:25:14] [GOAL] Ivan achieved FleeEmission
[15:25:14] [TASK] Giorgi → GoToShelter (goal=FleeEmission)
[15:25:14] [GOAL] Giorgi achieved FleeEmission
[15:25:14] [TASK] Armen → GoToShelter (goal=FleeEmission)
[15:25:14] [GOAL] Armen achieved FleeEmission
[15:25:14] [INBOUND] Initial +2 ctx.Stalkers, +1 mutants (remaining S=509 M=341)
[15:25:15] [TASK] Bohdan → GoToShelter (goal=FleeEmission)
[15:25:15] [GOAL] Bohdan achieved FleeEmission
[15:25:15] [TASK] Nikolai → GoToShelter (goal=FleeEmission)
[15:25:15] [GOAL] Nikolai achieved FleeEmission
[15:25:15] [TASK] Viktor → GoToShelter (goal=FleeEmission)
[15:25:15] [GOAL] Viktor achieved FleeEmission
[15:25:15] [TASK] Ivan → GoToShelter (goal=FleeEmission)
[15:25:15] [GOAL] Ivan achieved FleeEmission
[15:25:15] [TASK] Giorgi → GoToShelter (goal=FleeEmission)
[15:25:15] [GOAL] Giorgi achieved FleeEmission
[15:25:15] [TASK] Armen → GoToShelter (goal=FleeEmission)
[15:25:15] [GOAL] Armen achieved FleeEmission
[15:25:15] [TASK] Ivan → GoToShelter (goal=FleeEmission)
[15:25:15] [GOAL] Ivan achieved FleeEmission
[15:25:15] [TASK] Mykola → GoToShelter (goal=FleeEmission)
[15:25:15] [GOAL] Mykola achieved FleeEmission
[15:25:15] [TASK] Vasyl → GoToShelter (goal=FleeEmission)
[15:25:15] [GOAL] Vasyl achieved FleeEmission
[15:25:15] [TASK] Damir → GoToShelter (goal=FleeEmission)
[15:25:15] [GOAL] Damir achieved FleeEmission
[15:25:17] [COMBAT] Andrei Volkov 'Ash' killed BlindDog using wpn_ak74m
[15:25:17] [INBOUND] Initial +2 ctx.Stalkers, +2 mutants (remaining S=507 M=339)
[15:25:18] [COMBAT] Bohdan Melnyk 'Ghost' killed Poltergeist using wpn_toz34
[15:25:18] [INBOUND] Initial +2 ctx.Stalkers, +1 mutants (remaining S=505 M=338)
[15:25:18] [COMBAT] Taras Bondarenko 'Ash' killed Pseudodog using wpn_pm
[15:25:18] [TASK] Bohdan → GoToShelter (goal=FleeEmission)
[15:25:18] [GOAL] Bohdan achieved FleeEmission
[15:25:18] [TASK] Nikolai → GoToShelter (goal=FleeEmission)
[15:25:18] [GOAL] Nikolai achieved FleeEmission
[15:25:18] [TASK] Viktor → GoToShelter (goal=FleeEmission)
[15:25:18] [GOAL] Viktor achieved FleeEmission
[15:25:18] [TASK] Ivan → GoToShelter (goal=FleeEmission)
[15:25:18] [GOAL] Ivan achieved FleeEmission
[15:25:18] [TASK] Giorgi → GoToShelter (goal=FleeEmission)
[15:25:18] [GOAL] Giorgi achieved FleeEmission
[15:25:18] [TASK] Armen → GoToShelter (goal=FleeEmission)
[15:25:18] [GOAL] Armen achieved FleeEmission
[15:25:18] [TASK] Yuriy → GoToShelter (goal=FleeEmission)
[15:25:18] [GOAL] Yuriy achieved FleeEmission
[15:25:18] [TASK] Ivan → GoToShelter (goal=FleeEmission)
[15:25:18] [GOAL] Ivan achieved FleeEmission
[15:25:18] [TASK] Mykola → GoToShelter (goal=FleeEmission)
[15:25:18] [GOAL] Mykola achieved FleeEmission
[15:25:18] [TASK] Bakhyt → GoToShelter (goal=FleeEmission)
[15:25:18] [GOAL] Bakhyt achieved FleeEmission
[15:25:18] [TASK] Marcus → GoToShelter (goal=FleeEmission)
[15:25:18] [GOAL] Marcus achieved FleeEmission
[15:25:18] [TASK] Vasyl → GoToShelter (goal=FleeEmission)
[15:25:18] [GOAL] Vasyl achieved FleeEmission
[15:25:19] [COMBAT] Lasha Petrenko 'Razor' killed Giorgi Petrenko 'Jackal' using wpn_vintorez
[15:25:19] [GEAR] Lasha looted [arm_seva] via combat
[15:25:19] [COMBAT] Taras Petrov 'Jackal' killed Alexei Petrov 'Fox' using wpn_aksu
[15:25:19] [GEAR] Taras looted [wpn_ak74, wpn_desert_eagle, arm_exo, helm_helm_exo] via combat
[15:25:20] [COMBAT] Giorgi Ivanov 'Bone' killed Vasyl Volkov 'Jackal' using wpn_sg550
[15:25:20] [GEAR] Giorgi looted [wpn_fort12] via combat
[15:25:20] [INBOUND] Initial +2 ctx.Stalkers, +1 mutants (remaining S=503 M=337)
[15:25:20] [TASK] Bohdan → GoToShelter (goal=FleeEmission)
[15:25:20] [GOAL] Bohdan achieved FleeEmission
[15:25:20] [TASK] Nikolai → GoToShelter (goal=FleeEmission)
[15:25:20] [GOAL] Nikolai achieved FleeEmission
[15:25:20] [TASK] Viktor → GoToShelter (goal=FleeEmission)
[15:25:20] [GOAL] Viktor achieved FleeEmission
[15:25:20] [TASK] Ivan → GoToShelter (goal=FleeEmission)
[15:25:20] [GOAL] Ivan achieved FleeEmission
[15:25:20] [TASK] Giorgi → GoToShelter (goal=FleeEmission)
[15:25:20] [GOAL] Giorgi achieved FleeEmission
[15:25:20] [TASK] Armen → GoToShelter (goal=FleeEmission)
[15:25:20] [GOAL] Armen achieved FleeEmission
[15:25:20] [TASK] Heinrich → GoToShelter (goal=FleeEmission)
[15:25:20] [GOAL] Heinrich achieved FleeEmission
[15:25:20] [TASK] Ivan → GoToShelter (goal=FleeEmission)
[15:25:20] [GOAL] Ivan achieved FleeEmission
[15:25:20] [COMBAT] Connor Ivanov 'Wolf' killed Boar using wpn_mp5
[15:25:20] [TASK] Mykola → GoToShelter (goal=FleeEmission)
[15:25:20] [GOAL] Mykola achieved FleeEmission
[15:25:20] [TASK] Vasyl → GoToShelter (goal=FleeEmission)
[15:25:20] [GOAL] Vasyl achieved FleeEmission
[15:25:20] [TASK] Mikhail → GoToShelter (goal=FleeEmission)
[15:25:20] [GOAL] Mikhail achieved FleeEmission
[15:25:20] [TASK] Ivan → GoToShelter (goal=FleeEmission)
[15:25:20] [GOAL] Ivan achieved FleeEmission
[15:25:20] [TASK] Dmitri → GoToShelter (goal=FleeEmission)
[15:25:20] [GOAL] Dmitri achieved FleeEmission
[15:25:22] [COMBAT] Damir Volkov 'Jackal' killed Dmitri Popov 'Jackal' using wpn_vintorez
[15:25:22] [INBOUND] Initial +2 ctx.Stalkers, +2 mutants (remaining S=501 M=335)
[15:25:23] [INBOUND] Initial +3 ctx.Stalkers, +1 mutants (remaining S=498 M=334)
[15:25:23] [CORPSE] Despawned 26 bodies (lifetime=785)
[15:25:23] [TASK] Bohdan → GoToShelter (goal=FleeEmission)
[15:25:23] [GOAL] Bohdan achieved FleeEmission
[15:25:23] [TASK] Nikolai → GoToShelter (goal=FleeEmission)
[15:25:23] [GOAL] Nikolai achieved FleeEmission
[15:25:23] [TASK] Viktor → GoToShelter (goal=FleeEmission)
[15:25:23] [GOAL] Viktor achieved FleeEmission
[15:25:23] [TASK] Ivan → GoToShelter (goal=FleeEmission)
[15:25:23] [GOAL] Ivan achieved FleeEmission
[15:25:24] [TASK] Giorgi → GoToShelter (goal=FleeEmission)
[15:25:24] [GOAL] Giorgi achieved FleeEmission
[15:25:24] [TASK] Armen → GoToShelter (goal=FleeEmission)
[15:25:24] [GOAL] Armen achieved FleeEmission
[15:25:24] [TASK] Heinrich → GoToShelter (goal=FleeEmission)
[15:25:24] [GOAL] Heinrich achieved FleeEmission
[15:25:24] [TASK] Ivan → GoToShelter (goal=FleeEmission)
[15:25:24] [GOAL] Ivan achieved FleeEmission
[15:25:24] [TASK] Mykola → GoToShelter (goal=FleeEmission)
[15:25:24] [GOAL] Mykola achieved FleeEmission
[15:25:24] [TASK] Vasyl → GoToShelter (goal=FleeEmission)
[15:25:24] [GOAL] Vasyl achieved FleeEmission
[15:25:24] [TASK] Dmitri → GoToShelter (goal=FleeEmission)
[15:25:24] [GOAL] Dmitri achieved FleeEmission
[15:25:24] [TASK] Serhiy → GoToShelter (goal=FleeEmission)
[15:25:24] [GOAL] Serhiy achieved FleeEmission
[15:25:26] [INBOUND] Initial +2 ctx.Stalkers, +2 mutants (remaining S=496 M=332)
[15:25:26] [TASK] Bohdan → GoToShelter (goal=FleeEmission)
[15:25:26] [GOAL] Bohdan achieved FleeEmission
[15:25:26] [TASK] Nikolai → GoToShelter (goal=FleeEmission)
[15:25:26] [GOAL] Nikolai achieved FleeEmission
[15:25:26] [TASK] Viktor → GoToShelter (goal=FleeEmission)
[15:25:26] [GOAL] Viktor achieved FleeEmission
[15:25:26] [TASK] Ivan → GoToShelter (goal=FleeEmission)
[15:25:26] [GOAL] Ivan achieved FleeEmission
[15:25:26] [TASK] Giorgi → GoToShelter (goal=FleeEmission)
[15:25:26] [GOAL] Giorgi achieved FleeEmission
[15:25:26] [TASK] Armen → GoToShelter (goal=FleeEmission)
[15:25:26] [GOAL] Armen achieved FleeEmission
[15:25:26] [TASK] Heinrich → GoToShelter (goal=FleeEmission)
[15:25:26] [GOAL] Heinrich achieved FleeEmission
[15:25:26] [TASK] Ivan → GoToShelter (goal=FleeEmission)
[15:25:26] [GOAL] Ivan achieved FleeEmission
[15:25:26] [TASK] Mykola → GoToShelter (goal=FleeEmission)
[15:25:26] [GOAL] Mykola achieved FleeEmission
[15:25:26] [TASK] Vasyl → GoToShelter (goal=FleeEmission)
[15:25:26] [GOAL] Vasyl achieved FleeEmission
[15:25:26] [TASK] Dmitri → GoToShelter (goal=FleeEmission)
[15:25:26] [GOAL] Dmitri achieved FleeEmission
[15:25:27] [COMBAT] Timur Petrenko 'Viper' killed Mykola Volkov 'Viper' using wpn_mp5
[15:25:27] [GEAR] Timur looted [wpn_mp5, wpn_fort12, helm_helm_tactic] via combat
[15:25:27] [COMBAT] Igor Popov 'Mole' killed Fracture using wpn_ak74
[15:25:28] [COMBAT] Damir Melnyk 'Crow' killed Pseudodog using wpn_pkm
[15:25:28] [INBOUND] Initial +2 ctx.Stalkers, +1 mutants (remaining S=494 M=331)
[15:25:28] [TASK] Bohdan → GoToShelter (goal=FleeEmission)
[15:25:28] [GOAL] Bohdan achieved FleeEmission
[15:25:28] [TASK] Nikolai → GoToShelter (goal=FleeEmission)
[15:25:28] [GOAL] Nikolai achieved FleeEmission
[15:25:28] [TASK] Viktor → GoToShelter (goal=FleeEmission)
[15:25:28] [GOAL] Viktor achieved FleeEmission
[15:25:28] [TASK] Ivan → GoToShelter (goal=FleeEmission)
[15:25:28] [GOAL] Ivan achieved FleeEmission
[15:25:28] [TASK] Giorgi → GoToShelter (goal=FleeEmission)
[15:25:28] [GOAL] Giorgi achieved FleeEmission
[15:25:28] [TASK] Armen → GoToShelter (goal=FleeEmission)
[15:25:28] [GOAL] Armen achieved FleeEmission
[15:25:28] [TASK] Heinrich → GoToShelter (goal=FleeEmission)
[15:25:28] [GOAL] Heinrich achieved FleeEmission
[15:25:28] [TASK] Ivan → GoToShelter (goal=FleeEmission)
[15:25:28] [GOAL] Ivan achieved FleeEmission
[15:25:28] [TASK] Mykola → GoToShelter (goal=FleeEmission)
[15:25:28] [GOAL] Mykola achieved FleeEmission
[15:25:28] [TASK] Vasyl → GoToShelter (goal=FleeEmission)
[15:25:28] [GOAL] Vasyl achieved FleeEmission
[15:25:28] [TASK] Dmitri → GoToShelter (goal=FleeEmission)
[15:25:28] [GOAL] Dmitri achieved FleeEmission
[15:25:28] [TASK] Nodar → GoToShelter (goal=FleeEmission)
[15:25:28] [GOAL] Nodar achieved FleeEmission
[15:25:28] [TASK] Viktor → GoToShelter (goal=FleeEmission)
[15:25:28] [GOAL] Viktor achieved FleeEmission
[15:25:30] [INBOUND] Initial +2 ctx.Stalkers, +1 mutants (remaining S=492 M=330)
[15:25:30] [TASK] Bohdan → GoToShelter (goal=FleeEmission)
[15:25:30] [GOAL] Bohdan achieved FleeEmission
[15:25:30] [TASK] Nikolai → GoToShelter (goal=FleeEmission)
[15:25:30] [GOAL] Nikolai achieved FleeEmission
[15:25:30] [TASK] Viktor → GoToShelter (goal=FleeEmission)
[15:25:30] [GOAL] Viktor achieved FleeEmission
[15:25:30] [TASK] Ivan → GoToShelter (goal=FleeEmission)
[15:25:30] [GOAL] Ivan achieved FleeEmission
[15:25:30] [TASK] Giorgi → GoToShelter (goal=FleeEmission)
[15:25:30] [GOAL] Giorgi achieved FleeEmission
[15:25:30] [TASK] Armen → GoToShelter (goal=FleeEmission)
[15:25:30] [GOAL] Armen achieved FleeEmission
[15:25:30] [TASK] Heinrich → GoToShelter (goal=FleeEmission)
[15:25:30] [GOAL] Heinrich achieved FleeEmission
[15:25:30] [TASK] Ivan → GoToShelter (goal=FleeEmission)
[15:25:30] [GOAL] Ivan achieved FleeEmission
[15:25:30] [TASK] Vasyl → GoToShelter (goal=FleeEmission)
[15:25:30] [GOAL] Vasyl achieved FleeEmission
[15:25:30] [TASK] Dmitri → GoToShelter (goal=FleeEmission)
[15:25:30] [GOAL] Dmitri achieved FleeEmission
[15:25:32] [COMBAT] Taras Ivanov 'Mole' killed Oleksiy Kovalenko 'Scar' using wpn_ak74
[15:25:32] [GEAR] Taras looted [wpn_gauss, wpn_sg550, helm_bandana] via combat
[15:25:32] [INBOUND] Initial +2 ctx.Stalkers, +2 mutants (remaining S=490 M=328)
[15:25:32] [TASK] Bohdan → GoToShelter (goal=FleeEmission)
[15:25:32] [GOAL] Bohdan achieved FleeEmission
[15:25:32] [TASK] Nikolai → GoToShelter (goal=FleeEmission)
[15:25:32] [GOAL] Nikolai achieved FleeEmission
[15:25:32] [TASK] Viktor → GoToShelter (goal=FleeEmission)
[15:25:32] [GOAL] Viktor achieved FleeEmission
[15:25:32] [TASK] Ivan → GoToShelter (goal=FleeEmission)
[15:25:32] [GOAL] Ivan achieved FleeEmission
[15:25:32] [TASK] Giorgi → GoToShelter (goal=FleeEmission)
[15:25:32] [GOAL] Giorgi achieved FleeEmission
[15:25:32] [TASK] Armen → GoToShelter (goal=FleeEmission)
[15:25:32] [GOAL] Armen achieved FleeEmission
[15:25:32] [TASK] Heinrich → GoToShelter (goal=FleeEmission)
[15:25:32] [GOAL] Heinrich achieved FleeEmission
[15:25:32] [TASK] Ivan → GoToShelter (goal=FleeEmission)
[15:25:32] [GOAL] Ivan achieved FleeEmission
[15:25:32] [TASK] Vasyl → GoToShelter (goal=FleeEmission)
[15:25:32] [GOAL] Vasyl achieved FleeEmission
[15:25:32] [TASK] Dmitri → GoToShelter (goal=FleeEmission)
[15:25:32] [GOAL] Dmitri achieved FleeEmission
[15:25:32] [TASK] Dmitri → GoToShelter (goal=FleeEmission)
[15:25:32] [GOAL] Dmitri achieved FleeEmission
[15:25:34] [COMBAT] Oleg Volkov 'Stitch' killed Fracture using wpn_ak74
[15:25:34] [TASK] Vasyl → GoToShelter (goal=FleeEmission)
[15:25:34] [GOAL] Vasyl achieved FleeEmission
[15:25:34] [TASK] Dmitri → GoToShelter (goal=FleeEmission)
[15:25:34] [GOAL] Dmitri achieved FleeEmission
[15:25:34] [TASK] Bohdan → GoToShelter (goal=FleeEmission)
[15:25:34] [GOAL] Bohdan achieved FleeEmission
[15:25:34] [TASK] Nikolai → GoToShelter (goal=FleeEmission)
[15:25:34] [GOAL] Nikolai achieved FleeEmission
[15:25:34] [TASK] Viktor → GoToShelter (goal=FleeEmission)
[15:25:34] [GOAL] Viktor achieved FleeEmission
[15:25:34] [TASK] Ivan → GoToShelter (goal=FleeEmission)
[15:25:34] [GOAL] Ivan achieved FleeEmission
[15:25:34] [TASK] Giorgi → GoToShelter (goal=FleeEmission)
[15:25:34] [GOAL] Giorgi achieved FleeEmission
[15:25:34] [TASK] Armen → GoToShelter (goal=FleeEmission)
[15:25:34] [GOAL] Armen achieved FleeEmission
[15:25:34] [TASK] Heinrich → GoToShelter (goal=FleeEmission)
[15:25:34] [GOAL] Heinrich achieved FleeEmission
[15:25:34] [TASK] Ivan → GoToShelter (goal=FleeEmission)
[15:25:34] [GOAL] Ivan achieved FleeEmission
[15:25:35] [INBOUND] Initial +2 ctx.Stalkers, +1 mutants (remaining S=488 M=327)
[15:25:35] [TASK] Bohdan → GoToShelter (goal=FleeEmission)
[15:25:35] [GOAL] Bohdan achieved FleeEmission
[15:25:35] [TASK] Nikolai → GoToShelter (goal=FleeEmission)
[15:25:35] [GOAL] Nikolai achieved FleeEmission
[15:25:35] [TASK] Viktor → GoToShelter (goal=FleeEmission)
[15:25:35] [GOAL] Viktor achieved FleeEmission
[15:25:35] [TASK] Ivan → GoToShelter (goal=FleeEmission)
[15:25:35] [GOAL] Ivan achieved FleeEmission
[15:25:35] [TASK] Giorgi → GoToShelter (goal=FleeEmission)
[15:25:35] [GOAL] Giorgi achieved FleeEmission
[15:25:35] [TASK] Armen → GoToShelter (goal=FleeEmission)
[15:25:35] [GOAL] Armen achieved FleeEmission
[15:25:36] [TASK] Heinrich → GoToShelter (goal=FleeEmission)
[15:25:36] [GOAL] Heinrich achieved FleeEmission
[15:25:36] [TASK] Ivan → GoToShelter (goal=FleeEmission)
[15:25:36] [GOAL] Ivan achieved FleeEmission
[15:25:36] [TASK] Vasyl → GoToShelter (goal=FleeEmission)
[15:25:36] [GOAL] Vasyl achieved FleeEmission
[15:25:36] [TASK] Dmitri → GoToShelter (goal=FleeEmission)
[15:25:36] [GOAL] Dmitri achieved FleeEmission
[15:25:36] [TASK] Andriy → GoToShelter (goal=FleeEmission)
[15:25:36] [GOAL] Andriy achieved FleeEmission
[15:25:37] [COMBAT] Damir Volkov 'Jackal' killed Bloodsucker using wpn_vintorez
[15:25:37] [TASK] Heinrich → GoToShelter (goal=FleeEmission)
[15:25:37] [GOAL] Heinrich achieved FleeEmission
[15:25:37] [TASK] Ivan → GoToShelter (goal=FleeEmission)
[15:25:37] [GOAL] Ivan achieved FleeEmission
[15:25:37] [TASK] Taras → GoToShelter (goal=FleeEmission)
[15:25:37] [GOAL] Taras achieved FleeEmission
[15:25:37] [TASK] Vasyl → GoToShelter (goal=FleeEmission)
[15:25:37] [GOAL] Vasyl achieved FleeEmission
[15:25:37] [TASK] Dmitri → GoToShelter (goal=FleeEmission)
[15:25:37] [GOAL] Dmitri achieved FleeEmission
[15:25:37] [INBOUND] Initial +2 ctx.Stalkers, +1 mutants (remaining S=486 M=326)
[15:25:37] [TASK] Bohdan → GoToShelter (goal=FleeEmission)
[15:25:37] [GOAL] Bohdan achieved FleeEmission
[15:25:37] [TASK] Nikolai → GoToShelter (goal=FleeEmission)
[15:25:37] [GOAL] Nikolai achieved FleeEmission
[15:25:37] [TASK] Viktor → GoToShelter (goal=FleeEmission)
[15:25:37] [GOAL] Viktor achieved FleeEmission
[15:25:37] [TASK] Ivan → GoToShelter (goal=FleeEmission)
[15:25:37] [GOAL] Ivan achieved FleeEmission
[15:25:38] [TASK] Giorgi → GoToShelter (goal=FleeEmission)
[15:25:38] [GOAL] Giorgi achieved FleeEmission
[15:25:38] [TASK] Armen → GoToShelter (goal=FleeEmission)
[15:25:38] [GOAL] Armen achieved FleeEmission
[15:25:38] [TASK] Serhiy → GoToShelter (goal=FleeEmission)
[15:25:38] [GOAL] Serhiy achieved FleeEmission
[15:25:39] [TASK] Heinrich → GoToShelter (goal=FleeEmission)
[15:25:39] [GOAL] Heinrich achieved FleeEmission
[15:25:39] [TASK] Ivan → GoToShelter (goal=FleeEmission)
[15:25:39] [GOAL] Ivan achieved FleeEmission
[15:25:39] [TASK] Vasyl → GoToShelter (goal=FleeEmission)
[15:25:39] [GOAL] Vasyl achieved FleeEmission
[15:25:39] [TASK] Dmitri → GoToShelter (goal=FleeEmission)
[15:25:39] [GOAL] Dmitri achieved FleeEmission
[15:25:39] [TASK] Bohdan → GoToShelter (goal=FleeEmission)
[15:25:39] [GOAL] Bohdan achieved FleeEmission
[15:25:39] [TASK] Nikolai → GoToShelter (goal=FleeEmission)
[15:25:39] [GOAL] Nikolai achieved FleeEmission
[15:25:39] [TASK] Viktor → GoToShelter (goal=FleeEmission)
[15:25:39] [GOAL] Viktor achieved FleeEmission
[15:25:39] [TASK] Ivan → GoToShelter (goal=FleeEmission)
[15:25:39] [GOAL] Ivan achieved FleeEmission
[15:25:39] [TASK] Giorgi → GoToShelter (goal=FleeEmission)
[15:25:39] [GOAL] Giorgi achieved FleeEmission
[15:25:39] [TASK] Armen → GoToShelter (goal=FleeEmission)
[15:25:39] [GOAL] Armen achieved FleeEmission
[15:25:39] [TASK] Ivan → GoToShelter (goal=FleeEmission)
[15:25:39] [GOAL] Ivan achieved FleeEmission
[15:25:39] [COMBAT] Dmitri Melnyk 'Ash' killed Flesh using wpn_pm
[15:25:40] [INBOUND] Initial +2 ctx.Stalkers, +2 mutants (remaining S=484 M=324)
[15:25:40] [SNAPSHOT] real=10.8min game=D0 00:48 alive S=199 M=244 corpses=548 lootable=313 gammaGear out=109 helm=168 avgRU=884 leaderGoals trade=0 mission=24 emission=Dormant nextIn=28gmin desperate=0 hungry=0 interval deaths=34 combats=45 tasks=172 gearLoot=7 gearBuy=0 missions=0 corpseDespawn=26 trickleSpawns=0 ranks=[Rookie:190,Trainee:4,Experienced:2,Professional:2,Expert:1] goals=[Idle:84,FleeEmission::24] leaders: Igor[Rookie/Idle], Andriy[Rookie/Idle], Bohdan[Rookie/FleeEmission:], Nikolai[Rookie/FleeEmission:], Oleg[Rookie/Idle]
[15:25:41] [TASK] Bohdan → GoToShelter (goal=FleeEmission)
[15:25:41] [GOAL] Bohdan achieved FleeEmission
[15:25:41] [TASK] Nikolai → GoToShelter (goal=FleeEmission)
[15:25:41] [GOAL] Nikolai achieved FleeEmission
[15:25:41] [TASK] Viktor → GoToShelter (goal=FleeEmission)
[15:25:41] [GOAL] Viktor achieved FleeEmission
[15:25:41] [TASK] Ivan → GoToShelter (goal=FleeEmission)
[15:25:41] [GOAL] Ivan achieved FleeEmission
[15:25:41] [TASK] Giorgi → GoToShelter (goal=FleeEmission)
[15:25:41] [GOAL] Giorgi achieved FleeEmission
[15:25:41] [TASK] Armen → GoToShelter (goal=FleeEmission)
[15:25:41] [GOAL] Armen achieved FleeEmission
[15:25:41] [TASK] Heinrich → GoToShelter (goal=FleeEmission)
[15:25:41] [GOAL] Heinrich achieved FleeEmission
[15:25:41] [TASK] Ivan → GoToShelter (goal=FleeEmission)
[15:25:41] [GOAL] Ivan achieved FleeEmission
[15:25:41] [TASK] Vasyl → GoToShelter (goal=FleeEmission)
[15:25:41] [GOAL] Vasyl achieved FleeEmission
[15:25:41] [TASK] Dmitri → GoToShelter (goal=FleeEmission)
[15:25:41] [GOAL] Dmitri achieved FleeEmission
[15:25:41] [TASK] Zura → GoToShelter (goal=FleeEmission)
[15:25:41] [GOAL] Zura achieved FleeEmission
[15:25:41] [TASK] Mykola → GoToShelter (goal=FleeEmission)
[15:25:41] [GOAL] Mykola achieved FleeEmission
[15:25:42] [COMBAT] Oleksiy Volkov 'Bone' killed Fracture using wpn_fn2000
[15:25:42] [COMBAT] Marcus Kovalenko 'Scar' killed Bloodsucker using wpn_mp5
[15:25:43] [INBOUND] Initial +2 ctx.Stalkers, +1 mutants (remaining S=482 M=323)
[15:25:43] [COMBAT] Ivan Petrenko 'Ghost' killed Bloodsucker using wpn_g36
[15:25:43] [TASK] Andriy → GoToShelter (goal=FleeEmission)
[15:25:43] [GOAL] Andriy achieved FleeEmission
[15:25:43] [TASK] Dmytro → GoToShelter (goal=FleeEmission)
[15:25:43] [GOAL] Dmytro achieved FleeEmission
[15:25:43] [TASK] Bohdan → GoToShelter (goal=FleeEmission)
[15:25:43] [GOAL] Bohdan achieved FleeEmission
[15:25:43] [TASK] Nikolai → GoToShelter (goal=FleeEmission)
[15:25:43] [GOAL] Nikolai achieved FleeEmission
[15:25:43] [TASK] Viktor → GoToShelter (goal=FleeEmission)
[15:25:43] [GOAL] Viktor achieved FleeEmission
[15:25:43] [TASK] Ivan → GoToShelter (goal=FleeEmission)
[15:25:43] [GOAL] Ivan achieved FleeEmission
[15:25:43] [TASK] Giorgi → GoToShelter (goal=FleeEmission)
[15:25:43] [GOAL] Giorgi achieved FleeEmission
[15:25:43] [TASK] Armen → GoToShelter (goal=FleeEmission)
[15:25:43] [GOAL] Armen achieved FleeEmission
[15:25:43] [TASK] Serhiy → GoToShelter (goal=FleeEmission)
[15:25:43] [GOAL] Serhiy achieved FleeEmission
[15:25:43] [TASK] Serhiy → GoToShelter (goal=FleeEmission)
[15:25:43] [GOAL] Serhiy achieved FleeEmission
[15:25:43] [TASK] Heinrich → GoToShelter (goal=FleeEmission)
[15:25:43] [GOAL] Heinrich achieved FleeEmission
[15:25:43] [TASK] Ivan → GoToShelter (goal=FleeEmission)
[15:25:43] [GOAL] Ivan achieved FleeEmission
[15:25:43] [TASK] Vasyl → GoToShelter (goal=FleeEmission)
[15:25:43] [GOAL] Vasyl achieved FleeEmission
[15:25:43] [TASK] Dmitri → GoToShelter (goal=FleeEmission)
[15:25:43] [GOAL] Dmitri achieved FleeEmission
[15:25:45] [INBOUND] Initial +2 ctx.Stalkers, +2 mutants (remaining S=480 M=321)
[15:25:45] [TASK] Bohdan → GoToShelter (goal=FleeEmission)
[15:25:45] [GOAL] Bohdan achieved FleeEmission
[15:25:45] [TASK] Nikolai → GoToShelter (goal=FleeEmission)
[15:25:45] [GOAL] Nikolai achieved FleeEmission
[15:25:45] [TASK] Viktor → GoToShelter (goal=FleeEmission)
[15:25:45] [GOAL] Viktor achieved FleeEmission
[15:25:45] [TASK] Ivan → GoToShelter (goal=FleeEmission)
[15:25:45] [GOAL] Ivan achieved FleeEmission
[15:25:45] [TASK] Giorgi → GoToShelter (goal=FleeEmission)
[15:25:45] [GOAL] Giorgi achieved FleeEmission
[15:25:45] [TASK] Armen → GoToShelter (goal=FleeEmission)
[15:25:45] [GOAL] Armen achieved FleeEmission
[15:25:45] [TASK] Heinrich → GoToShelter (goal=FleeEmission)
[15:25:45] [GOAL] Heinrich achieved FleeEmission
[15:25:45] [TASK] Ivan → GoToShelter (goal=FleeEmission)
[15:25:45] [GOAL] Ivan achieved FleeEmission
[15:25:45] [TASK] Vasyl → GoToShelter (goal=FleeEmission)
[15:25:45] [GOAL] Vasyl achieved FleeEmission
[15:25:45] [TASK] Dmitri → GoToShelter (goal=FleeEmission)
[15:25:45] [GOAL] Dmitri achieved FleeEmission
[15:25:45] [TASK] Zura → GoToShelter (goal=FleeEmission)
[15:25:45] [GOAL] Zura achieved FleeEmission
[15:25:46] [COMBAT] Dmytro Petrenko 'Scar' killed PsyDog using wpn_aksu
[15:25:46] [COMBAT] Oleksiy Ivanov 'Ghost' killed Snork using wpn_mp5
[15:25:47] [INBOUND] Initial +2 ctx.Stalkers, +1 mutants (remaining S=478 M=320)
[15:25:47] [CORPSE] Despawned 25 bodies (lifetime=810)
[15:25:47] [TASK] Bohdan → GoToShelter (goal=FleeEmission)
[15:25:47] [GOAL] Bohdan achieved FleeEmission
[15:25:47] [TASK] Nikolai → GoToShelter (goal=FleeEmission)
[15:25:47] [GOAL] Nikolai achieved FleeEmission
[15:25:47] [TASK] Viktor → GoToShelter (goal=FleeEmission)
[15:25:47] [GOAL] Viktor achieved FleeEmission
[15:25:47] [TASK] Ivan → GoToShelter (goal=FleeEmission)
[15:25:47] [GOAL] Ivan achieved FleeEmission
[15:25:47] [TASK] Giorgi → GoToShelter (goal=FleeEmission)
[15:25:47] [GOAL] Giorgi achieved FleeEmission
[15:25:47] [TASK] Armen → GoToShelter (goal=FleeEmission)
[15:25:47] [GOAL] Armen achieved FleeEmission
[15:25:47] [TASK] Serhiy → GoToShelter (goal=FleeEmission)
[15:25:47] [GOAL] Serhiy achieved FleeEmission
[15:25:47] [TASK] Heinrich → GoToShelter (goal=FleeEmission)
[15:25:47] [GOAL] Heinrich achieved FleeEmission
[15:25:47] [TASK] Ivan → GoToShelter (goal=FleeEmission)
[15:25:47] [GOAL] Ivan achieved FleeEmission
[15:25:47] [TASK] Vasyl → GoToShelter (goal=FleeEmission)
[15:25:47] [GOAL] Vasyl achieved FleeEmission
[15:25:47] [TASK] Dmitri → GoToShelter (goal=FleeEmission)
[15:25:47] [GOAL] Dmitri achieved FleeEmission
[15:25:48] [COMBAT] Connor Ivanov 'Phantom' killed Tushkano using wpn_bm16
[15:25:49] [INBOUND] Initial +2 ctx.Stalkers, +1 mutants (remaining S=476 M=319)
[15:25:49] [TASK] Bohdan → GoToShelter (goal=FleeEmission)
[15:25:49] [GOAL] Bohdan achieved FleeEmission
[15:25:49] [TASK] Nikolai → GoToShelter (goal=FleeEmission)
[15:25:49] [GOAL] Nikolai achieved FleeEmission
[15:25:49] [TASK] Viktor → GoToShelter (goal=FleeEmission)
[15:25:49] [GOAL] Viktor achieved FleeEmission
[15:25:49] [TASK] Ivan → GoToShelter (goal=FleeEmission)
[15:25:49] [GOAL] Ivan achieved FleeEmission
[15:25:49] [TASK] Giorgi → GoToShelter (goal=FleeEmission)
[15:25:49] [GOAL] Giorgi achieved FleeEmission
[15:25:49] [TASK] Armen → GoToShelter (goal=FleeEmission)
[15:25:49] [GOAL] Armen achieved FleeEmission
[15:25:49] [TASK] Heinrich → GoToShelter (goal=FleeEmission)
[15:25:49] [GOAL] Heinrich achieved FleeEmission
[15:25:49] [TASK] Ivan → GoToShelter (goal=FleeEmission)
[15:25:49] [GOAL] Ivan achieved FleeEmission
[15:25:49] [TASK] Vasyl → GoToShelter (goal=FleeEmission)
[15:25:49] [GOAL] Vasyl achieved FleeEmission
[15:25:49] [TASK] Dmitri → GoToShelter (goal=FleeEmission)
[15:25:49] [GOAL] Dmitri achieved FleeEmission
[15:25:50] [COMBAT] Marcus Volkov 'Bone' killed Zura Ivanov 'Viper' using wpn_gauss
[15:25:50] [GEAR] Marcus looted [wpn_aek971, out_dolg_scientific_red_outfit] via combat
[15:25:51] [COMBAT] Zura Petrenko 'Wolf' killed Boar using wpn_gauss
[15:25:51] [INBOUND] Initial +2 ctx.Stalkers, +2 mutants (remaining S=474 M=317)
[15:25:51] [COMBAT] Andriy Melnyk 'Ghost' killed Chimera using wpn_ak74
[15:25:52] [INBOUND] Initial +2 ctx.Stalkers, +1 mutants (remaining S=472 M=316)
[15:25:52] [TASK] Bohdan → GoToShelter (goal=FleeEmission)
[15:25:52] [GOAL] Bohdan achieved FleeEmission
[15:25:52] [TASK] Nikolai → GoToShelter (goal=FleeEmission)
[15:25:52] [GOAL] Nikolai achieved FleeEmission
[15:25:52] [TASK] Viktor → GoToShelter (goal=FleeEmission)
[15:25:52] [GOAL] Viktor achieved FleeEmission
[15:25:52] [TASK] Ivan → GoToShelter (goal=FleeEmission)
[15:25:52] [GOAL] Ivan achieved FleeEmission
[15:25:52] [TASK] Giorgi → GoToShelter (goal=FleeEmission)
[15:25:52] [GOAL] Giorgi achieved FleeEmission
[15:25:52] [TASK] Armen → GoToShelter (goal=FleeEmission)
[15:25:52] [GOAL] Armen achieved FleeEmission
[15:25:52] [TASK] Heinrich → GoToShelter (goal=FleeEmission)
[15:25:52] [GOAL] Heinrich achieved FleeEmission
[15:25:52] [TASK] Ivan → GoToShelter (goal=FleeEmission)
[15:25:52] [GOAL] Ivan achieved FleeEmission
[15:25:52] [COMBAT] Connor Popov 'Wolf' killed Burer using wpn_val
[15:25:52] [TASK] Vasyl → GoToShelter (goal=FleeEmission)
[15:25:52] [GOAL] Vasyl achieved FleeEmission
[15:25:52] [TASK] Dmitri → GoToShelter (goal=FleeEmission)
[15:25:52] [GOAL] Dmitri achieved FleeEmission
[15:25:52] [TASK] Dmytro → GoToShelter (goal=FleeEmission)
[15:25:52] [GOAL] Dmytro achieved FleeEmission
[15:25:52] [TASK] Pavel → GoToShelter (goal=FleeEmission)
[15:25:52] [GOAL] Pavel achieved FleeEmission
[15:25:52] [TASK] Andriy → GoToShelter (goal=FleeEmission)
[15:25:52] [GOAL] Andriy achieved FleeEmission
[15:25:54] [COMBAT] Oleg Ivanov 'Mole' killed Bloodsucker using wpn_ak74
[15:25:54] [INBOUND] Initial +3 ctx.Stalkers, +2 mutants (remaining S=469 M=314)
[15:25:54] [COMBAT] Damir Petrenko 'Bullet' killed Rat using wpn_ak74
[15:25:54] [COMBAT] Pavel Sokolov 'Ghost' killed Rat using wpn_ak74
[15:25:54] [TASK] Bohdan → GoToShelter (goal=FleeEmission)
[15:25:54] [GOAL] Bohdan achieved FleeEmission
[15:25:54] [TASK] Nikolai → GoToShelter (goal=FleeEmission)
[15:25:54] [GOAL] Nikolai achieved FleeEmission
[15:25:54] [TASK] Viktor → GoToShelter (goal=FleeEmission)
[15:25:54] [GOAL] Viktor achieved FleeEmission
[15:25:54] [TASK] Ivan → GoToShelter (goal=FleeEmission)
[15:25:54] [GOAL] Ivan achieved FleeEmission
[15:25:54] [TASK] Giorgi → GoToShelter (goal=FleeEmission)
[15:25:54] [GOAL] Giorgi achieved FleeEmission
[15:25:54] [TASK] Armen → GoToShelter (goal=FleeEmission)
[15:25:54] [GOAL] Armen achieved FleeEmission
[15:25:54] [TASK] Heinrich → GoToShelter (goal=FleeEmission)
[15:25:54] [GOAL] Heinrich achieved FleeEmission
[15:25:54] [TASK] Ivan → GoToShelter (goal=FleeEmission)
[15:25:54] [GOAL] Ivan achieved FleeEmission
[15:25:54] [TASK] Vasyl → GoToShelter (goal=FleeEmission)
[15:25:54] [GOAL] Vasyl achieved FleeEmission
[15:25:54] [TASK] Dmitri → GoToShelter (goal=FleeEmission)
[15:25:54] [GOAL] Dmitri achieved FleeEmission
[15:25:54] [TASK] Bohdan → GoToShelter (goal=FleeEmission)
[15:25:54] [GOAL] Bohdan achieved FleeEmission
[15:25:56] [COMBAT] Damir Volkov 'Jackal' killed Pseudodog using wpn_vintorez
[15:25:56] [INBOUND] Initial +2 ctx.Stalkers, +1 mutants (remaining S=467 M=313)
[15:25:56] [TASK] Bohdan → GoToShelter (goal=FleeEmission)
[15:25:56] [GOAL] Bohdan achieved FleeEmission
[15:25:56] [TASK] Nikolai → GoToShelter (goal=FleeEmission)
[15:25:56] [GOAL] Nikolai achieved FleeEmission
[15:25:56] [TASK] Viktor → GoToShelter (goal=FleeEmission)
[15:25:56] [GOAL] Viktor achieved FleeEmission
[15:25:56] [TASK] Ivan → GoToShelter (goal=FleeEmission)
[15:25:56] [GOAL] Ivan achieved FleeEmission
[15:25:56] [TASK] Giorgi → GoToShelter (goal=FleeEmission)
[15:25:56] [GOAL] Giorgi achieved FleeEmission
[15:25:56] [TASK] Armen → GoToShelter (goal=FleeEmission)
[15:25:56] [GOAL] Armen achieved FleeEmission
[15:25:56] [TASK] Heinrich → GoToShelter (goal=FleeEmission)
[15:25:56] [GOAL] Heinrich achieved FleeEmission
[15:25:56] [TASK] Ivan → GoToShelter (goal=FleeEmission)
[15:25:56] [GOAL] Ivan achieved FleeEmission
[15:25:56] [TASK] Vasyl → GoToShelter (goal=FleeEmission)
[15:25:56] [GOAL] Vasyl achieved FleeEmission
[15:25:56] [TASK] Dmitri → GoToShelter (goal=FleeEmission)
[15:25:56] [GOAL] Dmitri achieved FleeEmission
[15:25:56] [TASK] Rustam → GoToShelter (goal=FleeEmission)
[15:25:56] [GOAL] Rustam achieved FleeEmission
[15:25:58] [COMBAT] Mikhail Bondarenko 'Wolf' killed Controller using wpn_rpg7
[15:25:58] [COMBAT] Ivan Shevchenko 'Fox' killed BlindDog using wpn_ak74
[15:25:58] [INBOUND] Initial +2 ctx.Stalkers, +1 mutants (remaining S=465 M=312)
[15:25:58] [TASK] Bohdan → GoToShelter (goal=FleeEmission)
[15:25:58] [GOAL] Bohdan achieved FleeEmission
[15:25:58] [TASK] Nikolai → GoToShelter (goal=FleeEmission)
[15:25:58] [GOAL] Nikolai achieved FleeEmission
[15:25:58] [TASK] Viktor → GoToShelter (goal=FleeEmission)
[15:25:58] [GOAL] Viktor achieved FleeEmission
[15:25:58] [TASK] Ivan → GoToShelter (goal=FleeEmission)
[15:25:58] [GOAL] Ivan achieved FleeEmission
[15:25:59] [TASK] Giorgi → GoToShelter (goal=FleeEmission)
[15:25:59] [GOAL] Giorgi achieved FleeEmission
[15:25:59] [TASK] Armen → GoToShelter (goal=FleeEmission)
[15:25:59] [GOAL] Armen achieved FleeEmission
[15:25:59] [TASK] Heinrich → GoToShelter (goal=FleeEmission)
[15:25:59] [GOAL] Heinrich achieved FleeEmission
[15:25:59] [TASK] Ivan → GoToShelter (goal=FleeEmission)
[15:25:59] [GOAL] Ivan achieved FleeEmission
[15:25:59] [TASK] Vasyl → GoToShelter (goal=FleeEmission)
[15:25:59] [GOAL] Vasyl achieved FleeEmission
[15:25:59] [TASK] Dmitri → GoToShelter (goal=FleeEmission)
[15:25:59] [GOAL] Dmitri achieved FleeEmission
[15:25:59] [TASK] Vasyl → GoToShelter (goal=FleeEmission)
[15:25:59] [GOAL] Vasyl achieved FleeEmission
[15:26:00] [COMBAT] Oleg Volkov 'Spark' killed Sergei Sokolov 'Ghost' using wpn_fn2000
[15:26:00] [COMBAT] Bohdan Popov 'Jackal' killed Poltergeist using wpn_aksu
[15:26:00] [COMBAT] Dmitri Melnyk 'Shadow' killed Bohdan Sokolov 'Jackal' using wpn_ak74
[15:26:00] [COMBAT] Giorgi Ivanov 'Bone' killed Lurker using wpn_sg550
[15:26:00] [INBOUND] Initial +2 ctx.Stalkers, +2 mutants (remaining S=463 M=310)
[15:26:02] [INBOUND] Initial +2 ctx.Stalkers, +1 mutants (remaining S=461 M=309)
[15:26:02] [TASK] Bohdan → GoToShelter (goal=FleeEmission)
[15:26:02] [GOAL] Bohdan achieved FleeEmission
[15:26:02] [TASK] Nikolai → GoToShelter (goal=FleeEmission)
[15:26:02] [GOAL] Nikolai achieved FleeEmission
[15:26:02] [TASK] Viktor → GoToShelter (goal=FleeEmission)
[15:26:02] [GOAL] Viktor achieved FleeEmission
[15:26:02] [TASK] Ivan → GoToShelter (goal=FleeEmission)
[15:26:02] [GOAL] Ivan achieved FleeEmission
[15:26:02] [TASK] Giorgi → GoToShelter (goal=FleeEmission)
[15:26:02] [GOAL] Giorgi achieved FleeEmission
[15:26:02] [TASK] Armen → GoToShelter (goal=FleeEmission)
[15:26:02] [GOAL] Armen achieved FleeEmission
[15:26:02] [TASK] Heinrich → GoToShelter (goal=FleeEmission)
[15:26:02] [GOAL] Heinrich achieved FleeEmission
[15:26:02] [TASK] Ivan → GoToShelter (goal=FleeEmission)
[15:26:02] [GOAL] Ivan achieved FleeEmission
[15:26:02] [TASK] Vasyl → GoToShelter (goal=FleeEmission)
[15:26:02] [GOAL] Vasyl achieved FleeEmission
[15:26:02] [TASK] Dmitri → GoToShelter (goal=FleeEmission)
[15:26:02] [GOAL] Dmitri achieved FleeEmission
[15:26:02] [TASK] Oleksiy → GoToShelter (goal=FleeEmission)
[15:26:02] [GOAL] Oleksiy achieved FleeEmission
[15:26:03] [RANK] Andriy Bondarenko 'Wolf' → Veteran
[15:26:03] [COMBAT] Andriy Bondarenko 'Wolf' killed Armen Bondarenko 'Shadow' using wpn_ak74m
[15:26:03] [COMBAT] Armen Kovalenko 'Phantom' killed Burer using wpn_vintorez
[15:26:03] [COMBAT] Bohdan Melnyk 'Ghost' killed Snork using wpn_toz34
[15:26:03] [COMBAT] Serhiy Sokolov 'Shadow' killed Lurker using wpn_pkm
[15:26:04] [COMBAT] Vasyl Petrov 'Stitch' killed Flesh using wpn_aksu
[15:26:04] [INBOUND] Initial +2 ctx.Stalkers, +2 mutants (remaining S=459 M=307)
[15:26:04] [TASK] Bohdan → GoToShelter (goal=FleeEmission)
[15:26:04] [GOAL] Bohdan achieved FleeEmission
[15:26:04] [TASK] Nikolai → GoToShelter (goal=FleeEmission)
[15:26:04] [GOAL] Nikolai achieved FleeEmission
[15:26:04] [TASK] Viktor → GoToShelter (goal=FleeEmission)
[15:26:04] [GOAL] Viktor achieved FleeEmission
[15:26:04] [TASK] Ivan → GoToShelter (goal=FleeEmission)
[15:26:04] [GOAL] Ivan achieved FleeEmission
[15:26:04] [TASK] Giorgi → GoToShelter (goal=FleeEmission)
[15:26:04] [GOAL] Giorgi achieved FleeEmission
[15:26:04] [TASK] Armen → GoToShelter (goal=FleeEmission)
[15:26:04] [GOAL] Armen achieved FleeEmission
[15:26:04] [TASK] Heinrich → GoToShelter (goal=FleeEmission)
[15:26:04] [GOAL] Heinrich achieved FleeEmission
[15:26:04] [TASK] Ivan → GoToShelter (goal=FleeEmission)
[15:26:04] [GOAL] Ivan achieved FleeEmission
[15:26:04] [TASK] Vasyl → GoToShelter (goal=FleeEmission)
[15:26:04] [GOAL] Vasyl achieved FleeEmission
[15:26:04] [TASK] Dmitri → GoToShelter (goal=FleeEmission)
[15:26:04] [GOAL] Dmitri achieved FleeEmission
[15:26:04] [TASK] Oleksiy → GoToShelter (goal=FleeEmission)
[15:26:04] [GOAL] Oleksiy achieved FleeEmission
[15:26:06] [COMBAT] Alexei Kovalenko 'Spark' killed Controller using wpn_vintorez
[15:26:06] [INBOUND] Initial +2 ctx.Stalkers, +1 mutants (remaining S=457 M=306)
[15:26:06] [CORPSE] Despawned 20 bodies (lifetime=830)
[15:26:06] [TASK] Bohdan → GoToShelter (goal=FleeEmission)
[15:26:06] [GOAL] Bohdan achieved FleeEmission
[15:26:06] [TASK] Nikolai → GoToShelter (goal=FleeEmission)
[15:26:06] [GOAL] Nikolai achieved FleeEmission
[15:26:06] [TASK] Viktor → GoToShelter (goal=FleeEmission)
[15:26:06] [GOAL] Viktor achieved FleeEmission
[15:26:06] [TASK] Ivan → GoToShelter (goal=FleeEmission)
[15:26:06] [GOAL] Ivan achieved FleeEmission
[15:26:06] [TASK] Giorgi → GoToShelter (goal=FleeEmission)
[15:26:06] [GOAL] Giorgi achieved FleeEmission
[15:26:06] [TASK] Armen → GoToShelter (goal=FleeEmission)
[15:26:06] [GOAL] Armen achieved FleeEmission
[15:26:06] [TASK] Heinrich → GoToShelter (goal=FleeEmission)
[15:26:06] [GOAL] Heinrich achieved FleeEmission
[15:26:06] [TASK] Ivan → GoToShelter (goal=FleeEmission)
[15:26:06] [GOAL] Ivan achieved FleeEmission
[15:26:06] [TASK] Vasyl → GoToShelter (goal=FleeEmission)
[15:26:06] [GOAL] Vasyl achieved FleeEmission
[15:26:06] [TASK] Dmitri → GoToShelter (goal=FleeEmission)
[15:26:06] [GOAL] Dmitri achieved FleeEmission
[15:26:06] [TASK] Oleksiy → GoToShelter (goal=FleeEmission)
[15:26:06] [GOAL] Oleksiy achieved FleeEmission
[15:26:08] [COMBAT] Oleksiy Volkov 'Jackal' killed Bloodsucker using wpn_pkm
[15:26:08] [INBOUND] Initial +2 ctx.Stalkers, +1 mutants (remaining S=455 M=305)
[15:26:08] [TASK] Bohdan → GoToShelter (goal=FleeEmission)
[15:26:08] [GOAL] Bohdan achieved FleeEmission
[15:26:08] [TASK] Nikolai → GoToShelter (goal=FleeEmission)
[15:26:08] [GOAL] Nikolai achieved FleeEmission
[15:26:09] [TASK] Viktor → GoToShelter (goal=FleeEmission)
[15:26:09] [GOAL] Viktor achieved FleeEmission
[15:26:09] [TASK] Ivan → GoToShelter (goal=FleeEmission)
[15:26:09] [GOAL] Ivan achieved FleeEmission
[15:26:09] [TASK] Giorgi → GoToShelter (goal=FleeEmission)
[15:26:09] [GOAL] Giorgi achieved FleeEmission
[15:26:09] [TASK] Armen → GoToShelter (goal=FleeEmission)
[15:26:09] [GOAL] Armen achieved FleeEmission
[15:26:09] [TASK] Dmitri → GoToShelter (goal=FleeEmission)
[15:26:09] [GOAL] Dmitri achieved FleeEmission
[15:26:09] [TASK] Heinrich → GoToShelter (goal=FleeEmission)
[15:26:09] [GOAL] Heinrich achieved FleeEmission
[15:26:09] [TASK] Ivan → GoToShelter (goal=FleeEmission)
[15:26:09] [GOAL] Ivan achieved FleeEmission
[15:26:09] [TASK] Vasyl → GoToShelter (goal=FleeEmission)
[15:26:09] [GOAL] Vasyl achieved FleeEmission
[15:26:09] [TASK] Dmitri → GoToShelter (goal=FleeEmission)
[15:26:09] [GOAL] Dmitri achieved FleeEmission
[15:26:09] [TASK] Oleksiy → GoToShelter (goal=FleeEmission)
[15:26:09] [GOAL] Oleksiy achieved FleeEmission
[15:26:09] [TASK] Rustam → GoToShelter (goal=FleeEmission)
[15:26:09] [GOAL] Rustam achieved FleeEmission
[15:26:10] [COMBAT] Damir Melnyk 'Crow' killed BlindDog using wpn_pkm
[15:26:10] [COMBAT] Dmytro Petrenko 'Scar' killed Flesh using wpn_aksu
[15:26:11] [INBOUND] Initial +2 ctx.Stalkers, +2 mutants (remaining S=453 M=303)
[15:26:11] [SNAPSHOT] real=11.3min game=D0 00:50 alive S=209 M=240 corpses=549 lootable=302 gammaGear out=119 helm=174 avgRU=872 leaderGoals trade=0 mission=22 emission=Dormant nextIn=26gmin desperate=0 hungry=0 interval deaths=21 combats=46 tasks=150 gearLoot=1 gearBuy=0 missions=0 corpseDespawn=45 trickleSpawns=0 ranks=[Rookie:202,Trainee:3,Experienced:1,Professional:2,Veteran:1] goals=[Idle:92,FleeEmission::22] leaders: Igor[Rookie/Idle], Andriy[Rookie/Idle], Bohdan[Rookie/FleeEmission:], Nikolai[Rookie/FleeEmission:], Oleg[Rookie/Idle]
[15:26:11] [TASK] Bohdan → GoToShelter (goal=FleeEmission)
[15:26:11] [GOAL] Bohdan achieved FleeEmission
[15:26:11] [TASK] Nikolai → GoToShelter (goal=FleeEmission)
[15:26:11] [GOAL] Nikolai achieved FleeEmission
[15:26:11] [TASK] Viktor → GoToShelter (goal=FleeEmission)
[15:26:11] [GOAL] Viktor achieved FleeEmission
[15:26:11] [TASK] Ivan → GoToShelter (goal=FleeEmission)
[15:26:11] [GOAL] Ivan achieved FleeEmission
[15:26:11] [TASK] Giorgi → GoToShelter (goal=FleeEmission)
[15:26:11] [GOAL] Giorgi achieved FleeEmission
[15:26:11] [TASK] Armen → GoToShelter (goal=FleeEmission)
[15:26:11] [GOAL] Armen achieved FleeEmission
[15:26:11] [TASK] Heinrich → GoToShelter (goal=FleeEmission)
[15:26:11] [GOAL] Heinrich achieved FleeEmission
[15:26:11] [TASK] Ivan → GoToShelter (goal=FleeEmission)
[15:26:11] [GOAL] Ivan achieved FleeEmission
[15:26:11] [TASK] Vasyl → GoToShelter (goal=FleeEmission)
[15:26:11] [GOAL] Vasyl achieved FleeEmission
[15:26:11] [TASK] Dmitri → GoToShelter (goal=FleeEmission)
[15:26:11] [GOAL] Dmitri achieved FleeEmission
[15:26:11] [TASK] Pierre → GoToShelter (goal=FleeEmission)
[15:26:11] [GOAL] Pierre achieved FleeEmission
[15:26:11] [TASK] Oleksiy → GoToShelter (goal=FleeEmission)
[15:26:11] [GOAL] Oleksiy achieved FleeEmission
[15:26:12] [COMBAT] Oleksiy Ivanov 'Jackal' killed BlindDog using wpn_gauss
[15:26:12] [COMBAT] Serhiy Sokolov 'Badger' killed Poltergeist using wpn_ak74
[15:26:13] [INBOUND] Initial +2 ctx.Stalkers, +1 mutants (remaining S=451 M=302)
[15:26:13] [TASK] Bohdan → GoToShelter (goal=FleeEmission)
[15:26:13] [GOAL] Bohdan achieved FleeEmission
[15:26:13] [TASK] Nikolai → GoToShelter (goal=FleeEmission)
[15:26:13] [GOAL] Nikolai achieved FleeEmission
[15:26:13] [TASK] Viktor → GoToShelter (goal=FleeEmission)
[15:26:13] [GOAL] Viktor achieved FleeEmission
[15:26:13] [TASK] Ivan → GoToShelter (goal=FleeEmission)
[15:26:13] [GOAL] Ivan achieved FleeEmission
[15:26:13] [TASK] Giorgi → GoToShelter (goal=FleeEmission)
[15:26:13] [GOAL] Giorgi achieved FleeEmission
[15:26:13] [TASK] Armen → GoToShelter (goal=FleeEmission)
[15:26:13] [GOAL] Armen achieved FleeEmission
[15:26:13] [TASK] Heinrich → GoToShelter (goal=FleeEmission)
[15:26:13] [GOAL] Heinrich achieved FleeEmission
[15:26:13] [TASK] Ivan → GoToShelter (goal=FleeEmission)
[15:26:13] [GOAL] Ivan achieved FleeEmission
[15:26:13] [TASK] Taras → GoToShelter (goal=FleeEmission)
[15:26:13] [GOAL] Taras achieved FleeEmission
[15:26:13] [TASK] Vasyl → GoToShelter (goal=FleeEmission)
[15:26:13] [GOAL] Vasyl achieved FleeEmission
[15:26:13] [TASK] Dmitri → GoToShelter (goal=FleeEmission)
[15:26:13] [GOAL] Dmitri achieved FleeEmission
[15:26:13] [TASK] Oleksiy → GoToShelter (goal=FleeEmission)
[15:26:13] [GOAL] Oleksiy achieved FleeEmission
[15:26:13] [TASK] Andrei → GoToShelter (goal=FleeEmission)
[15:26:13] [GOAL] Andrei achieved FleeEmission
[15:26:13] [TASK] Pavel → GoToShelter (goal=FleeEmission)
[15:26:13] [GOAL] Pavel achieved FleeEmission
[15:26:14] [COMBAT] Nikolai Sokolov 'Ugly' killed Pavel Petrov 'Shadow' using wpn_spas12
[15:26:14] [GEAR] Nikolai looted [wpn_ak74] via combat
[15:26:14] [TASK] Bohdan → GoToShelter (goal=FleeEmission)
[15:26:14] [GOAL] Bohdan achieved FleeEmission
[15:26:14] [TASK] Nikolai → GoToShelter (goal=FleeEmission)
[15:26:14] [GOAL] Nikolai achieved FleeEmission
[15:26:14] [TASK] Viktor → GoToShelter (goal=FleeEmission)
[15:26:14] [GOAL] Viktor achieved FleeEmission
[15:26:14] [TASK] Ivan → GoToShelter (goal=FleeEmission)
[15:26:14] [GOAL] Ivan achieved FleeEmission
[15:26:14] [TASK] Giorgi → GoToShelter (goal=FleeEmission)
[15:26:14] [GOAL] Giorgi achieved FleeEmission
[15:26:14] [TASK] Armen → GoToShelter (goal=FleeEmission)
[15:26:14] [GOAL] Armen achieved FleeEmission
[15:26:14] [COMBAT] Yuriy Melnyk 'Scar' killed Rat using wpn_rpg7
[15:26:14] [TASK] Heinrich → GoToShelter (goal=FleeEmission)
[15:26:14] [GOAL] Heinrich achieved FleeEmission
[15:26:14] [TASK] Ivan → GoToShelter (goal=FleeEmission)
[15:26:14] [GOAL] Ivan achieved FleeEmission
[15:26:14] [TASK] Vasyl → GoToShelter (goal=FleeEmission)
[15:26:14] [GOAL] Vasyl achieved FleeEmission
[15:26:14] [TASK] Dmitri → GoToShelter (goal=FleeEmission)
[15:26:14] [GOAL] Dmitri achieved FleeEmission
[15:26:14] [TASK] Oleksiy → GoToShelter (goal=FleeEmission)
[15:26:14] [GOAL] Oleksiy achieved FleeEmission
[15:26:14] [TASK] Bohdan → GoToShelter (goal=FleeEmission)
[15:26:14] [GOAL] Bohdan achieved FleeEmission
[15:26:15] [COMBAT] Dmytro Kovalenko 'Scar' killed Bohdan Petrov 'Mole' using wpn_mp5
[15:26:15] [GEAR] Dmytro looted [wpn_pm] via combat
[15:26:16] [COMBAT] Dmytro Melnyk 'Bone' killed Bloodsucker using wpn_pkm
[15:26:16] [INBOUND] Initial +2 ctx.Stalkers, +1 mutants (remaining S=449 M=301)
[15:26:16] [RANK] Connor Ivanov 'Phantom' → Trainee
[15:26:16] [COMBAT] Connor Ivanov 'Phantom' killed Tushkano using wpn_bm16
[15:26:16] [COMBAT] Bohdan Kovalenko 'Crow' killed Pseudodog using wpn_ak74
[15:26:17] [COMBAT] Damir Volkov 'Jackal' killed Connor Popov 'Wolf' using wpn_vintorez
[15:26:17] [GEAR] Damir looted [wpn_val] via combat
[15:26:17] [INBOUND] Initial +2 ctx.Stalkers, +2 mutants (remaining S=447 M=299)
[15:26:18] [COMBAT] Connor Volkov 'Razor' killed Flesh using wpn_mp5
[15:26:18] [INBOUND] Initial +2 ctx.Stalkers, +1 mutants (remaining S=445 M=298)
[15:26:18] [COMBAT] Oleg Kovalenko 'Crow' killed Viktor Petrenko 'Bone' using wpn_aek971
[15:26:19] [TASK] Bohdan → GoToShelter (goal=FleeEmission)
[15:26:19] [GOAL] Bohdan achieved FleeEmission
[15:26:19] [TASK] Nikolai → GoToShelter (goal=FleeEmission)
[15:26:19] [GOAL] Nikolai achieved FleeEmission
[15:26:19] [RANK] Serhiy Petrenko 'Ghost' → Trainee
[15:26:19] [TASK] Viktor → GoToShelter (goal=FleeEmission)
[15:26:19] [GOAL] Viktor achieved FleeEmission
[15:26:19] [TASK] Ivan → GoToShelter (goal=FleeEmission)
[15:26:19] [GOAL] Ivan achieved FleeEmission
[15:26:19] [TASK] Giorgi → GoToShelter (goal=FleeEmission)
[15:26:19] [GOAL] Giorgi achieved FleeEmission
[15:26:19] [TASK] Armen → GoToShelter (goal=FleeEmission)
[15:26:19] [GOAL] Armen achieved FleeEmission
[15:26:19] [TASK] Heinrich → GoToShelter (goal=FleeEmission)
[15:26:19] [GOAL] Heinrich achieved FleeEmission
[15:26:19] [TASK] Ivan → GoToShelter (goal=FleeEmission)
[15:26:19] [GOAL] Ivan achieved FleeEmission
[15:26:19] [TASK] Taras → GoToShelter (goal=FleeEmission)
[15:26:19] [GOAL] Taras achieved FleeEmission
[15:26:19] [TASK] Vasyl → GoToShelter (goal=FleeEmission)
[15:26:19] [GOAL] Vasyl achieved FleeEmission
[15:26:19] [TASK] Dmitri → GoToShelter (goal=FleeEmission)
[15:26:19] [GOAL] Dmitri achieved FleeEmission
[15:26:19] [TASK] Oleksiy → GoToShelter (goal=FleeEmission)
[15:26:19] [GOAL] Oleksiy achieved FleeEmission
[15:26:19] [TASK] Pierre → GoToShelter (goal=FleeEmission)
[15:26:19] [GOAL] Pierre achieved FleeEmission
[15:26:19] [TASK] Bohdan → GoToShelter (goal=FleeEmission)
[15:26:19] [GOAL] Bohdan achieved FleeEmission
[15:26:19] [TASK] Andriy → GoToShelter (goal=FleeEmission)
[15:26:19] [GOAL] Andriy achieved FleeEmission
[15:26:19] [TASK] Mykola → GoToShelter (goal=FleeEmission)
[15:26:19] [GOAL] Mykola achieved FleeEmission
[15:26:21] [COMBAT] Serhiy Petrenko 'Ghost' killed Andriy Popov 'Crow' using wpn_ak74
[15:26:21] [GEAR] Serhiy looted [wpn_pm] via combat
[15:26:21] [TASK] Oleksiy → GoToShelter (goal=FleeEmission)
[15:26:21] [GOAL] Oleksiy achieved FleeEmission
[15:26:21] [TASK] Vasyl → GoToShelter (goal=FleeEmission)
[15:26:21] [GOAL] Vasyl achieved FleeEmission
[15:26:21] [TASK] Andriy → GoToShelter (goal=FleeEmission)
[15:26:21] [GOAL] Andriy achieved FleeEmission
[15:26:21] [TASK] Mykola → GoToShelter (goal=FleeEmission)
[15:26:21] [GOAL] Mykola achieved FleeEmission
[15:26:21] [TASK] Alexei → GoToShelter (goal=FleeEmission)
[15:26:21] [GOAL] Alexei achieved FleeEmission
[15:26:21] [TASK] Bohdan → GoToShelter (goal=FleeEmission)
[15:26:21] [GOAL] Bohdan achieved FleeEmission
[15:26:21] [TASK] Nikolai → GoToShelter (goal=FleeEmission)
[15:26:21] [GOAL] Nikolai achieved FleeEmission
[15:26:21] [COMBAT] Ivan Bondarenko 'Razor' killed Fracture using wpn_ak74
[15:26:21] [TASK] Viktor → GoToShelter (goal=FleeEmission)
[15:26:21] [GOAL] Viktor achieved FleeEmission
[15:26:21] [TASK] Ivan → GoToShelter (goal=FleeEmission)
[15:26:21] [GOAL] Ivan achieved FleeEmission
[15:26:21] [TASK] Giorgi → GoToShelter (goal=FleeEmission)
[15:26:21] [GOAL] Giorgi achieved FleeEmission
[15:26:21] [TASK] Armen → GoToShelter (goal=FleeEmission)
[15:26:21] [GOAL] Armen achieved FleeEmission
[15:26:21] [TASK] Heinrich → GoToShelter (goal=FleeEmission)
[15:26:21] [GOAL] Heinrich achieved FleeEmission
[15:26:21] [TASK] Ivan → GoToShelter (goal=FleeEmission)
[15:26:21] [GOAL] Ivan achieved FleeEmission
[15:26:21] [TASK] Vasyl → GoToShelter (goal=FleeEmission)
[15:26:21] [GOAL] Vasyl achieved FleeEmission
[15:26:23] [INBOUND] Initial +3 ctx.Stalkers, +2 mutants (remaining S=442 M=296)
[15:26:24] [INBOUND] Initial +2 ctx.Stalkers, +1 mutants (remaining S=440 M=295)
[15:26:24] [COMBAT] Connor Ivanov 'Phantom' killed Dog using wpn_bm16
[15:26:24] [TASK] Bohdan → GoToShelter (goal=FleeEmission)
[15:26:24] [GOAL] Bohdan achieved FleeEmission
[15:26:24] [TASK] Nikolai → GoToShelter (goal=FleeEmission)
[15:26:24] [GOAL] Nikolai achieved FleeEmission
[15:26:24] [TASK] Viktor → GoToShelter (goal=FleeEmission)
[15:26:24] [GOAL] Viktor achieved FleeEmission
[15:26:24] [TASK] Ivan → GoToShelter (goal=FleeEmission)
[15:26:24] [GOAL] Ivan achieved FleeEmission
[15:26:24] [TASK] Giorgi → GoToShelter (goal=FleeEmission)
[15:26:24] [GOAL] Giorgi achieved FleeEmission
[15:26:24] [TASK] Armen → GoToShelter (goal=FleeEmission)
[15:26:24] [GOAL] Armen achieved FleeEmission
[15:26:24] [TASK] Heinrich → GoToShelter (goal=FleeEmission)
[15:26:24] [GOAL] Heinrich achieved FleeEmission
[15:26:24] [TASK] Ivan → GoToShelter (goal=FleeEmission)
[15:26:24] [GOAL] Ivan achieved FleeEmission
[15:26:24] [TASK] Vasyl → GoToShelter (goal=FleeEmission)
[15:26:24] [GOAL] Vasyl achieved FleeEmission
[15:26:24] [TASK] Serhiy → GoToShelter (goal=FleeEmission)
[15:26:24] [GOAL] Serhiy achieved FleeEmission
[15:26:24] [TASK] Oleksiy → GoToShelter (goal=FleeEmission)
[15:26:24] [GOAL] Oleksiy achieved FleeEmission
[15:26:24] [TASK] Vasyl → GoToShelter (goal=FleeEmission)
[15:26:24] [GOAL] Vasyl achieved FleeEmission
[15:26:24] [TASK] Andriy → GoToShelter (goal=FleeEmission)
[15:26:24] [GOAL] Andriy achieved FleeEmission
[15:26:24] [TASK] Mykola → GoToShelter (goal=FleeEmission)
[15:26:24] [GOAL] Mykola achieved FleeEmission
[15:26:26] [COMBAT] Sergei Melnyk 'Fox' killed Lurker using wpn_ak74
[15:26:26] [INBOUND] Initial +2 ctx.Stalkers, +1 mutants (remaining S=438 M=294)
[15:26:26] [COMBAT] Dmytro Petrenko 'Scar' killed Fracture using wpn_aksu
[15:26:26] [TASK] Bohdan → GoToShelter (goal=FleeEmission)
[15:26:26] [GOAL] Bohdan achieved FleeEmission
[15:26:26] [TASK] Nikolai → GoToShelter (goal=FleeEmission)
[15:26:26] [GOAL] Nikolai achieved FleeEmission
[15:26:26] [TASK] Viktor → GoToShelter (goal=FleeEmission)
[15:26:26] [GOAL] Viktor achieved FleeEmission
[15:26:26] [TASK] Ivan → GoToShelter (goal=FleeEmission)
[15:26:26] [GOAL] Ivan achieved FleeEmission
[15:26:26] [TASK] Giorgi → GoToShelter (goal=FleeEmission)
[15:26:26] [GOAL] Giorgi achieved FleeEmission
[15:26:26] [TASK] Armen → GoToShelter (goal=FleeEmission)
[15:26:26] [GOAL] Armen achieved FleeEmission
[15:26:26] [TASK] Heinrich → GoToShelter (goal=FleeEmission)
[15:26:26] [GOAL] Heinrich achieved FleeEmission
[15:26:26] [TASK] Ivan → GoToShelter (goal=FleeEmission)
[15:26:26] [GOAL] Ivan achieved FleeEmission
[15:26:26] [TASK] Vasyl → GoToShelter (goal=FleeEmission)
[15:26:26] [GOAL] Vasyl achieved FleeEmission
[15:26:26] [TASK] Oleksiy → GoToShelter (goal=FleeEmission)
[15:26:26] [GOAL] Oleksiy achieved FleeEmission
[15:26:26] [TASK] Vasyl → GoToShelter (goal=FleeEmission)
[15:26:26] [GOAL] Vasyl achieved FleeEmission
[15:26:26] [TASK] Andriy → GoToShelter (goal=FleeEmission)
[15:26:26] [GOAL] Andriy achieved FleeEmission
[15:26:26] [TASK] Mykola → GoToShelter (goal=FleeEmission)
[15:26:26] [GOAL] Mykola achieved FleeEmission
[15:26:28] [COMBAT] Viktor Petrenko 'The Butcher' killed Bloodsucker using wpn_spas12
[15:26:28] [INBOUND] Initial +2 ctx.Stalkers, +2 mutants (remaining S=436 M=292)
[15:26:28] [CORPSE] Despawned 27 bodies (lifetime=857)
[15:26:29] [TASK] Bohdan → GoToShelter (goal=FleeEmission)
[15:26:29] [GOAL] Bohdan achieved FleeEmission
[15:26:29] [TASK] Nikolai → GoToShelter (goal=FleeEmission)
[15:26:29] [GOAL] Nikolai achieved FleeEmission
[15:26:29] [TASK] Viktor → GoToShelter (goal=FleeEmission)
[15:26:29] [GOAL] Viktor achieved FleeEmission
[15:26:29] [TASK] Ivan → GoToShelter (goal=FleeEmission)
[15:26:29] [GOAL] Ivan achieved FleeEmission
[15:26:29] [TASK] Giorgi → GoToShelter (goal=FleeEmission)
[15:26:29] [GOAL] Giorgi achieved FleeEmission
[15:26:29] [TASK] Armen → GoToShelter (goal=FleeEmission)
[15:26:29] [GOAL] Armen achieved FleeEmission
[15:26:29] [TASK] Heinrich → GoToShelter (goal=FleeEmission)
[15:26:29] [GOAL] Heinrich achieved FleeEmission
[15:26:29] [TASK] Ivan → GoToShelter (goal=FleeEmission)
[15:26:29] [GOAL] Ivan achieved FleeEmission
[15:26:29] [TASK] Vasyl → GoToShelter (goal=FleeEmission)
[15:26:29] [GOAL] Vasyl achieved FleeEmission
[15:26:29] [TASK] Oleksiy → GoToShelter (goal=FleeEmission)
[15:26:29] [GOAL] Oleksiy achieved FleeEmission
[15:26:29] [TASK] Viktor → GoToShelter (goal=FleeEmission)
[15:26:29] [GOAL] Viktor achieved FleeEmission
[15:26:29] [TASK] Vasyl → GoToShelter (goal=FleeEmission)
[15:26:29] [GOAL] Vasyl achieved FleeEmission
[15:26:29] [TASK] Andriy → GoToShelter (goal=FleeEmission)
[15:26:29] [GOAL] Andriy achieved FleeEmission
[15:26:29] [TASK] Mykola → GoToShelter (goal=FleeEmission)
[15:26:29] [GOAL] Mykola achieved FleeEmission
[15:26:29] [TASK] Mykola → GoToShelter (goal=FleeEmission)
[15:26:29] [GOAL] Mykola achieved FleeEmission
[15:26:29] [TASK] Yuriy → GoToShelter (goal=FleeEmission)
[15:26:29] [GOAL] Yuriy achieved FleeEmission
[15:26:31] [INBOUND] Initial +2 ctx.Stalkers, +1 mutants (remaining S=434 M=291)
[15:26:31] [TASK] Bohdan → GoToShelter (goal=FleeEmission)
[15:26:31] [GOAL] Bohdan achieved FleeEmission
[15:26:31] [TASK] Nikolai → GoToShelter (goal=FleeEmission)
[15:26:31] [GOAL] Nikolai achieved FleeEmission
[15:26:31] [TASK] Viktor → GoToShelter (goal=FleeEmission)
[15:26:31] [GOAL] Viktor achieved FleeEmission
[15:26:31] [TASK] Ivan → GoToShelter (goal=FleeEmission)
[15:26:31] [GOAL] Ivan achieved FleeEmission
[15:26:31] [TASK] Giorgi → GoToShelter (goal=FleeEmission)
[15:26:31] [GOAL] Giorgi achieved FleeEmission
[15:26:31] [TASK] Armen → GoToShelter (goal=FleeEmission)
[15:26:31] [GOAL] Armen achieved FleeEmission
[15:26:31] [TASK] Heinrich → GoToShelter (goal=FleeEmission)
[15:26:31] [GOAL] Heinrich achieved FleeEmission
[15:26:31] [TASK] Ivan → GoToShelter (goal=FleeEmission)
[15:26:31] [GOAL] Ivan achieved FleeEmission
[15:26:31] [TASK] Vasyl → GoToShelter (goal=FleeEmission)
[15:26:31] [GOAL] Vasyl achieved FleeEmission
[15:26:31] [TASK] Oleksiy → GoToShelter (goal=FleeEmission)
[15:26:31] [GOAL] Oleksiy achieved FleeEmission
[15:26:31] [TASK] Vasyl → GoToShelter (goal=FleeEmission)
[15:26:31] [GOAL] Vasyl achieved FleeEmission
[15:26:31] [TASK] Andriy → GoToShelter (goal=FleeEmission)
[15:26:31] [GOAL] Andriy achieved FleeEmission
[15:26:31] [TASK] Mykola → GoToShelter (goal=FleeEmission)
[15:26:31] [GOAL] Mykola achieved FleeEmission
[15:26:31] [TASK] Bohdan → GoToShelter (goal=FleeEmission)
[15:26:31] [GOAL] Bohdan achieved FleeEmission
[15:26:33] [INBOUND] Initial +2 ctx.Stalkers, +2 mutants (remaining S=432 M=289)
[15:26:33] [TASK] Bohdan → GoToShelter (goal=FleeEmission)
[15:26:33] [GOAL] Bohdan achieved FleeEmission
[15:26:33] [TASK] Nikolai → GoToShelter (goal=FleeEmission)
[15:26:33] [GOAL] Nikolai achieved FleeEmission
[15:26:33] [TASK] Viktor → GoToShelter (goal=FleeEmission)
[15:26:33] [GOAL] Viktor achieved FleeEmission
[15:26:33] [TASK] Ivan → GoToShelter (goal=FleeEmission)
[15:26:33] [GOAL] Ivan achieved FleeEmission
[15:26:33] [TASK] Giorgi → GoToShelter (goal=FleeEmission)
[15:26:33] [GOAL] Giorgi achieved FleeEmission
[15:26:33] [TASK] Armen → GoToShelter (goal=FleeEmission)
[15:26:33] [GOAL] Armen achieved FleeEmission
[15:26:34] [TASK] Heinrich → GoToShelter (goal=FleeEmission)
[15:26:34] [GOAL] Heinrich achieved FleeEmission
[15:26:34] [TASK] Vasyl → GoToShelter (goal=FleeEmission)
[15:26:34] [GOAL] Vasyl achieved FleeEmission
[15:26:34] [TASK] Oleksiy → GoToShelter (goal=FleeEmission)
[15:26:34] [GOAL] Oleksiy achieved FleeEmission
[15:26:34] [TASK] Vasyl → GoToShelter (goal=FleeEmission)
[15:26:34] [GOAL] Vasyl achieved FleeEmission
[15:26:34] [TASK] Andriy → GoToShelter (goal=FleeEmission)
[15:26:34] [GOAL] Andriy achieved FleeEmission
[15:26:34] [TASK] Mykola → GoToShelter (goal=FleeEmission)
[15:26:34] [GOAL] Mykola achieved FleeEmission
[15:26:34] [TASK] Oleg → GoToShelter (goal=FleeEmission)
[15:26:34] [GOAL] Oleg achieved FleeEmission
[15:26:34] [TASK] Taras → GoToShelter (goal=FleeEmission)
[15:26:34] [GOAL] Taras achieved FleeEmission
[15:26:35] [COMBAT] Dmitri Melnyk 'Badger' killed Andriy Melnyk 'Bone' using wpn_pkm
[15:26:35] [GEAR] Dmitri looted [wpn_fort12] via combat
[15:26:36] [COMBAT] Vasyl Volkov 'The Rat' killed Fracture using wpn_pm
[15:26:36] [INBOUND] Initial +2 ctx.Stalkers, +1 mutants (remaining S=430 M=288)
[15:26:36] [RANK] Bohdan Kovalenko 'Crow' → Professional
[15:26:36] [COMBAT] Bohdan Kovalenko 'Crow' killed Andriy Bondarenko 'Wolf' using wpn_ak74
[15:26:36] [GEAR] Bohdan looted [wpn_ak74m, helm_helm_protective] via combat
[15:26:37] [COMBAT] Andriy Bondarenko 'Mole' killed Pseudogiant using wpn_fn2000
[15:26:37] [INBOUND] Initial +2 ctx.Stalkers, +1 mutants (remaining S=428 M=287)
[15:26:37] [TASK] Bohdan → GoToShelter (goal=FleeEmission)
[15:26:37] [GOAL] Bohdan achieved FleeEmission
[15:26:37] [TASK] Nikolai → GoToShelter (goal=FleeEmission)
[15:26:37] [GOAL] Nikolai achieved FleeEmission
[15:26:37] [TASK] Viktor → GoToShelter (goal=FleeEmission)
[15:26:37] [GOAL] Viktor achieved FleeEmission
[15:26:37] [TASK] Ivan → GoToShelter (goal=FleeEmission)
[15:26:37] [GOAL] Ivan achieved FleeEmission
[15:26:37] [TASK] Giorgi → GoToShelter (goal=FleeEmission)
[15:26:37] [GOAL] Giorgi achieved FleeEmission
[15:26:37] [TASK] Armen → GoToShelter (goal=FleeEmission)
[15:26:37] [GOAL] Armen achieved FleeEmission
[15:26:37] [TASK] Heinrich → GoToShelter (goal=FleeEmission)
[15:26:37] [GOAL] Heinrich achieved FleeEmission
[15:26:37] [TASK] Vasyl → GoToShelter (goal=FleeEmission)
[15:26:37] [GOAL] Vasyl achieved FleeEmission
[15:26:37] [TASK] Oleksiy → GoToShelter (goal=FleeEmission)
[15:26:37] [GOAL] Oleksiy achieved FleeEmission
[15:26:37] [TASK] Vasyl → GoToShelter (goal=FleeEmission)
[15:26:37] [GOAL] Vasyl achieved FleeEmission
[15:26:37] [TASK] Andriy → GoToShelter (goal=FleeEmission)
[15:26:37] [GOAL] Andriy achieved FleeEmission
[15:26:37] [TASK] Mykola → GoToShelter (goal=FleeEmission)
[15:26:37] [GOAL] Mykola achieved FleeEmission
[15:26:37] [TASK] Taras → GoToShelter (goal=FleeEmission)
[15:26:37] [GOAL] Taras achieved FleeEmission
[15:26:37] [TASK] Rustam → GoToShelter (goal=FleeEmission)
[15:26:37] [GOAL] Rustam achieved FleeEmission
[15:26:39] [COMBAT] Andriy Popov 'Spark' killed Burer using wpn_pkm
[15:26:39] [COMBAT] Oleg Kovalenko 'Crow' killed Oleksiy Sokolov 'Bone' using wpn_aek971
[15:26:39] [INBOUND] Initial +2 ctx.Stalkers, +2 mutants (remaining S=426 M=285)
[15:26:39] [TASK] Bohdan → GoToShelter (goal=FleeEmission)
[15:26:39] [GOAL] Bohdan achieved FleeEmission
[15:26:39] [TASK] Nikolai → GoToShelter (goal=FleeEmission)
[15:26:39] [GOAL] Nikolai achieved FleeEmission
[15:26:39] [TASK] Viktor → GoToShelter (goal=FleeEmission)
[15:26:39] [GOAL] Viktor achieved FleeEmission
[15:26:39] [TASK] Ivan → GoToShelter (goal=FleeEmission)
[15:26:39] [GOAL] Ivan achieved FleeEmission
[15:26:39] [TASK] Giorgi → GoToShelter (goal=FleeEmission)
[15:26:39] [GOAL] Giorgi achieved FleeEmission
[15:26:39] [TASK] Armen → GoToShelter (goal=FleeEmission)
[15:26:39] [GOAL] Armen achieved FleeEmission
[15:26:40] [TASK] Heinrich → GoToShelter (goal=FleeEmission)
[15:26:40] [GOAL] Heinrich achieved FleeEmission
[15:26:40] [TASK] Vasyl → GoToShelter (goal=FleeEmission)
[15:26:40] [GOAL] Vasyl achieved FleeEmission
[15:26:40] [TASK] Oleksiy → GoToShelter (goal=FleeEmission)
[15:26:40] [GOAL] Oleksiy achieved FleeEmission
[15:26:40] [TASK] Vasyl → GoToShelter (goal=FleeEmission)
[15:26:40] [GOAL] Vasyl achieved FleeEmission
[15:26:40] [TASK] Andriy → GoToShelter (goal=FleeEmission)
[15:26:40] [GOAL] Andriy achieved FleeEmission
[15:26:40] [TASK] Mykola → GoToShelter (goal=FleeEmission)
[15:26:40] [GOAL] Mykola achieved FleeEmission
[15:26:40] [TASK] Taras → GoToShelter (goal=FleeEmission)
[15:26:40] [GOAL] Taras achieved FleeEmission
[15:26:40] [TASK] Rustam → GoToShelter (goal=FleeEmission)
[15:26:40] [GOAL] Rustam achieved FleeEmission
[15:26:41] [COMBAT] Yuriy Popov 'Bone' killed Snork using wpn_fn2000
[15:26:42] [INBOUND] Initial +2 ctx.Stalkers, +1 mutants (remaining S=424 M=284)
[15:26:42] [SNAPSHOT] real=11.8min game=D0 00:51 alive S=207 M=243 corpses=569 lootable=316 gammaGear out=114 helm=177 avgRU=866 leaderGoals trade=0 mission=20 emission=Dormant nextIn=25gmin desperate=0 hungry=0 interval deaths=31 combats=47 tasks=167 gearLoot=6 gearBuy=0 missions=0 corpseDespawn=27 trickleSpawns=0 ranks=[Rookie:199,Trainee:5,Experienced:1,Professional:2] goals=[Idle:97,FleeEmission::20] leaders: Igor[Rookie/Idle], Andriy[Rookie/Idle], Bohdan[Rookie/FleeEmission:], Nikolai[Rookie/FleeEmission:], Oleg[Rookie/Idle]
[15:26:42] [TASK] Bohdan → GoToShelter (goal=FleeEmission)
[15:26:42] [GOAL] Bohdan achieved FleeEmission
[15:26:42] [TASK] Nikolai → GoToShelter (goal=FleeEmission)
[15:26:42] [GOAL] Nikolai achieved FleeEmission
[15:26:42] [TASK] Viktor → GoToShelter (goal=FleeEmission)
[15:26:42] [GOAL] Viktor achieved FleeEmission
[15:26:42] [TASK] Ivan → GoToShelter (goal=FleeEmission)
[15:26:42] [GOAL] Ivan achieved FleeEmission
[15:26:42] [TASK] Giorgi → GoToShelter (goal=FleeEmission)
[15:26:42] [GOAL] Giorgi achieved FleeEmission
[15:26:42] [TASK] Armen → GoToShelter (goal=FleeEmission)
[15:26:42] [GOAL] Armen achieved FleeEmission
[15:26:42] [TASK] Heinrich → GoToShelter (goal=FleeEmission)
[15:26:42] [GOAL] Heinrich achieved FleeEmission
[15:26:42] [TASK] Vasyl → GoToShelter (goal=FleeEmission)
[15:26:42] [GOAL] Vasyl achieved FleeEmission
[15:26:42] [TASK] Oleksiy → GoToShelter (goal=FleeEmission)
[15:26:42] [GOAL] Oleksiy achieved FleeEmission
[15:26:42] [TASK] Vasyl → GoToShelter (goal=FleeEmission)
[15:26:42] [GOAL] Vasyl achieved FleeEmission
[15:26:42] [TASK] Andriy → GoToShelter (goal=FleeEmission)
[15:26:42] [GOAL] Andriy achieved FleeEmission
[15:26:42] [TASK] Mykola → GoToShelter (goal=FleeEmission)
[15:26:42] [GOAL] Mykola achieved FleeEmission
[15:26:42] [TASK] Taras → GoToShelter (goal=FleeEmission)
[15:26:42] [GOAL] Taras achieved FleeEmission
[15:26:42] [TASK] Rustam → GoToShelter (goal=FleeEmission)
[15:26:42] [GOAL] Rustam achieved FleeEmission
[15:26:42] [TASK] Vasyl → GoToShelter (goal=FleeEmission)
[15:26:42] [GOAL] Vasyl achieved FleeEmission
[15:26:44] [INBOUND] Initial +2 ctx.Stalkers, +2 mutants (remaining S=422 M=282)
[15:26:44] [COMBAT] Mikhail Bondarenko 'Wolf' killed Bloodsucker using wpn_rpg7
[15:26:44] [TASK] Bohdan → GoToShelter (goal=FleeEmission)
[15:26:44] [GOAL] Bohdan achieved FleeEmission
[15:26:44] [TASK] Nikolai → GoToShelter (goal=FleeEmission)
[15:26:44] [GOAL] Nikolai achieved FleeEmission
[15:26:44] [TASK] Viktor → GoToShelter (goal=FleeEmission)
[15:26:44] [GOAL] Viktor achieved FleeEmission
[15:26:44] [TASK] Ivan → GoToShelter (goal=FleeEmission)
[15:26:44] [GOAL] Ivan achieved FleeEmission
[15:26:44] [TASK] Giorgi → GoToShelter (goal=FleeEmission)
[15:26:44] [GOAL] Giorgi achieved FleeEmission
[15:26:44] [TASK] Armen → GoToShelter (goal=FleeEmission)
[15:26:44] [GOAL] Armen achieved FleeEmission
[15:26:45] [TASK] Heinrich → GoToShelter (goal=FleeEmission)
[15:26:45] [GOAL] Heinrich achieved FleeEmission
[15:26:45] [TASK] Vasyl → GoToShelter (goal=FleeEmission)
[15:26:45] [GOAL] Vasyl achieved FleeEmission
[15:26:45] [TASK] Oleksiy → GoToShelter (goal=FleeEmission)
[15:26:45] [GOAL] Oleksiy achieved FleeEmission
[15:26:45] [COMBAT] Viktor Ivanov 'Fox' killed Lasha Petrenko 'Razor' using wpn_gauss
[15:26:45] [GEAR] Viktor looted [wpn_vintorez, wpn_desert_eagle, arm_seva, helm_helm_spartan] via combat
[15:26:45] [TASK] Vasyl → GoToShelter (goal=FleeEmission)
[15:26:45] [GOAL] Vasyl achieved FleeEmission
[15:26:45] [TASK] Andriy → GoToShelter (goal=FleeEmission)
[15:26:45] [GOAL] Andriy achieved FleeEmission
[15:26:45] [TASK] Mykola → GoToShelter (goal=FleeEmission)
[15:26:45] [GOAL] Mykola achieved FleeEmission
[15:26:45] [TASK] Taras → GoToShelter (goal=FleeEmission)
[15:26:45] [GOAL] Taras achieved FleeEmission
[15:26:45] [TASK] Rustam → GoToShelter (goal=FleeEmission)
[15:26:45] [GOAL] Rustam achieved FleeEmission
[15:26:45] [TASK] Serhiy → GoToShelter (goal=FleeEmission)
[15:26:45] [GOAL] Serhiy achieved FleeEmission
[15:26:47] [TASK] Vasyl → GoToShelter (goal=FleeEmission)
[15:26:47] [GOAL] Vasyl achieved FleeEmission
[15:26:47] [TASK] Oleksiy → GoToShelter (goal=FleeEmission)
[15:26:47] [GOAL] Oleksiy achieved FleeEmission
[15:26:47] [TASK] Vasyl → GoToShelter (goal=FleeEmission)
[15:26:47] [GOAL] Vasyl achieved FleeEmission
[15:26:47] [TASK] Andriy → GoToShelter (goal=FleeEmission)
[15:26:47] [GOAL] Andriy achieved FleeEmission
[15:26:47] [TASK] Mykola → GoToShelter (goal=FleeEmission)
[15:26:47] [GOAL] Mykola achieved FleeEmission
[15:26:47] [TASK] Taras → GoToShelter (goal=FleeEmission)
[15:26:47] [GOAL] Taras achieved FleeEmission
[15:26:47] [TASK] Rustam → GoToShelter (goal=FleeEmission)
[15:26:47] [GOAL] Rustam achieved FleeEmission
[15:26:47] [TASK] Bohdan → GoToShelter (goal=FleeEmission)
[15:26:47] [GOAL] Bohdan achieved FleeEmission
[15:26:47] [TASK] Nikolai → GoToShelter (goal=FleeEmission)
[15:26:47] [GOAL] Nikolai achieved FleeEmission
[15:26:47] [TASK] Viktor → GoToShelter (goal=FleeEmission)
[15:26:47] [GOAL] Viktor achieved FleeEmission
[15:26:47] [TASK] Ivan → GoToShelter (goal=FleeEmission)
[15:26:47] [GOAL] Ivan achieved FleeEmission
[15:26:47] [TASK] Giorgi → GoToShelter (goal=FleeEmission)
[15:26:47] [GOAL] Giorgi achieved FleeEmission
[15:26:47] [TASK] Armen → GoToShelter (goal=FleeEmission)
[15:26:47] [GOAL] Armen achieved FleeEmission
[15:26:47] [TASK] Heinrich → GoToShelter (goal=FleeEmission)
[15:26:47] [GOAL] Heinrich achieved FleeEmission
[15:26:48] [INBOUND] Initial +2 ctx.Stalkers, +1 mutants (remaining S=420 M=281)
[15:26:49] [INBOUND] Initial +2 ctx.Stalkers, +1 mutants (remaining S=418 M=280)
[15:26:50] [TASK] Bohdan → GoToShelter (goal=FleeEmission)
[15:26:50] [GOAL] Bohdan achieved FleeEmission
[15:26:50] [TASK] Nikolai → GoToShelter (goal=FleeEmission)
[15:26:50] [GOAL] Nikolai achieved FleeEmission
[15:26:50] [TASK] Viktor → GoToShelter (goal=FleeEmission)
[15:26:50] [GOAL] Viktor achieved FleeEmission
[15:26:50] [TASK] Ivan → GoToShelter (goal=FleeEmission)
[15:26:50] [GOAL] Ivan achieved FleeEmission
[15:26:50] [TASK] Giorgi → GoToShelter (goal=FleeEmission)
[15:26:50] [GOAL] Giorgi achieved FleeEmission
[15:26:50] [TASK] Armen → GoToShelter (goal=FleeEmission)
[15:26:50] [GOAL] Armen achieved FleeEmission
[15:26:50] [TASK] Heinrich → GoToShelter (goal=FleeEmission)
[15:26:50] [GOAL] Heinrich achieved FleeEmission
[15:26:50] [TASK] Oleksiy → GoToShelter (goal=FleeEmission)
[15:26:50] [GOAL] Oleksiy achieved FleeEmission
[15:26:50] [TASK] Vasyl → GoToShelter (goal=FleeEmission)
[15:26:50] [GOAL] Vasyl achieved FleeEmission
[15:26:50] [TASK] Oleksiy → GoToShelter (goal=FleeEmission)
[15:26:50] [GOAL] Oleksiy achieved FleeEmission
[15:26:50] [TASK] Andriy → GoToShelter (goal=FleeEmission)
[15:26:50] [GOAL] Andriy achieved FleeEmission
[15:26:50] [TASK] Mykola → GoToShelter (goal=FleeEmission)
[15:26:50] [GOAL] Mykola achieved FleeEmission
[15:26:50] [TASK] Taras → GoToShelter (goal=FleeEmission)
[15:26:50] [GOAL] Taras achieved FleeEmission
[15:26:50] [TASK] Rustam → GoToShelter (goal=FleeEmission)
[15:26:50] [GOAL] Rustam achieved FleeEmission
[15:26:50] [TASK] Damir → GoToShelter (goal=FleeEmission)
[15:26:50] [GOAL] Damir achieved FleeEmission
[15:26:51] [COMBAT] Sergei Kovalenko 'Wolf' killed Rat using wpn_ak74
[15:26:52] [INBOUND] Initial +3 ctx.Stalkers, +2 mutants (remaining S=415 M=278)
[15:26:52] [CORPSE] Despawned 20 bodies (lifetime=877)
[15:26:52] [TASK] Bohdan → GoToShelter (goal=FleeEmission)
[15:26:52] [GOAL] Bohdan achieved FleeEmission
[15:26:52] [TASK] Nikolai → GoToShelter (goal=FleeEmission)
[15:26:52] [GOAL] Nikolai achieved FleeEmission
[15:26:52] [TASK] Viktor → GoToShelter (goal=FleeEmission)
[15:26:52] [GOAL] Viktor achieved FleeEmission
[15:26:52] [TASK] Ivan → GoToShelter (goal=FleeEmission)
[15:26:52] [GOAL] Ivan achieved FleeEmission
[15:26:52] [TASK] Giorgi → GoToShelter (goal=FleeEmission)
[15:26:52] [GOAL] Giorgi achieved FleeEmission
[15:26:52] [TASK] Armen → GoToShelter (goal=FleeEmission)
[15:26:52] [GOAL] Armen achieved FleeEmission
[15:26:52] [TASK] Heinrich → GoToShelter (goal=FleeEmission)
[15:26:52] [GOAL] Heinrich achieved FleeEmission
[15:26:52] [TASK] Vasyl → GoToShelter (goal=FleeEmission)
[15:26:52] [GOAL] Vasyl achieved FleeEmission
[15:26:52] [TASK] Oleksiy → GoToShelter (goal=FleeEmission)
[15:26:52] [GOAL] Oleksiy achieved FleeEmission
[15:26:52] [TASK] Andriy → GoToShelter (goal=FleeEmission)
[15:26:52] [GOAL] Andriy achieved FleeEmission
[15:26:52] [TASK] Mykola → GoToShelter (goal=FleeEmission)
[15:26:52] [GOAL] Mykola achieved FleeEmission
[15:26:52] [COMBAT] Ivan Popov 'Spark' killed Burer using wpn_mp5
[15:26:52] [TASK] Taras → GoToShelter (goal=FleeEmission)
[15:26:52] [GOAL] Taras achieved FleeEmission
[15:26:52] [TASK] Rustam → GoToShelter (goal=FleeEmission)
[15:26:52] [GOAL] Rustam achieved FleeEmission
[15:26:52] [TASK] Damir → GoToShelter (goal=FleeEmission)
[15:26:52] [GOAL] Damir achieved FleeEmission
[15:26:52] [TASK] Dmitri → GoToShelter (goal=FleeEmission)
[15:26:52] [GOAL] Dmitri achieved FleeEmission
[15:26:53] [COMBAT] Oleksiy Kovalenko 'Jackal' killed Tushkano using wpn_lr300
[15:26:55] [INBOUND] Initial +2 ctx.Stalkers, +1 mutants (remaining S=413 M=277)
[15:26:55] [COMBAT] Bohdan Kovalenko 'Crow' killed Lurker using wpn_ak74m
[15:26:55] [TASK] Bohdan → GoToShelter (goal=FleeEmission)
[15:26:55] [GOAL] Bohdan achieved FleeEmission
[15:26:55] [TASK] Nikolai → GoToShelter (goal=FleeEmission)
[15:26:55] [GOAL] Nikolai achieved FleeEmission
[15:26:55] [TASK] Viktor → GoToShelter (goal=FleeEmission)
[15:26:55] [GOAL] Viktor achieved FleeEmission
[15:26:55] [TASK] Ivan → GoToShelter (goal=FleeEmission)
[15:26:55] [GOAL] Ivan achieved FleeEmission
[15:26:55] [TASK] Giorgi → GoToShelter (goal=FleeEmission)
[15:26:55] [GOAL] Giorgi achieved FleeEmission
[15:26:55] [COMBAT] Armen Kovalenko 'Phantom' killed PsyDog using wpn_vintorez
[15:26:55] [TASK] Armen → GoToShelter (goal=FleeEmission)
[15:26:55] [GOAL] Armen achieved FleeEmission
[15:26:55] [TASK] Timur → GoToShelter (goal=FleeEmission)
[15:26:55] [GOAL] Timur achieved FleeEmission
[15:26:55] [TASK] Heinrich → GoToShelter (goal=FleeEmission)
[15:26:55] [GOAL] Heinrich achieved FleeEmission
[15:26:55] [TASK] Vasyl → GoToShelter (goal=FleeEmission)
[15:26:55] [GOAL] Vasyl achieved FleeEmission
[15:26:55] [TASK] Oleksiy → GoToShelter (goal=FleeEmission)
[15:26:55] [GOAL] Oleksiy achieved FleeEmission
[15:26:55] [TASK] Andriy → GoToShelter (goal=FleeEmission)
[15:26:55] [GOAL] Andriy achieved FleeEmission
[15:26:55] [TASK] Mykola → GoToShelter (goal=FleeEmission)
[15:26:55] [GOAL] Mykola achieved FleeEmission
[15:26:55] [TASK] Taras → GoToShelter (goal=FleeEmission)
[15:26:55] [GOAL] Taras achieved FleeEmission
[15:26:55] [TASK] Rustam → GoToShelter (goal=FleeEmission)
[15:26:55] [GOAL] Rustam achieved FleeEmission
[15:26:55] [TASK] Damir → GoToShelter (goal=FleeEmission)
[15:26:55] [GOAL] Damir achieved FleeEmission
[15:26:55] [TASK] Lars → GoToShelter (goal=FleeEmission)
[15:26:55] [GOAL] Lars achieved FleeEmission
[15:26:55] [TASK] Dmitri → GoToShelter (goal=FleeEmission)
[15:26:55] [GOAL] Dmitri achieved FleeEmission
[15:26:57] [RANK] Connor Ivanov 'Phantom' → Experienced
[15:26:57] [COMBAT] Connor Ivanov 'Phantom' killed Flesh using wpn_bm16
[15:26:57] [INBOUND] Initial +2 ctx.Stalkers, +1 mutants (remaining S=411 M=276)
[15:26:57] [COMBAT] Vasyl Sokolov 'Crow' killed Snork using wpn_ak74
[15:26:57] [TASK] Bohdan → GoToShelter (goal=FleeEmission)
[15:26:57] [GOAL] Bohdan achieved FleeEmission
[15:26:57] [TASK] Nikolai → GoToShelter (goal=FleeEmission)
[15:26:57] [GOAL] Nikolai achieved FleeEmission
[15:26:57] [TASK] Viktor → GoToShelter (goal=FleeEmission)
[15:26:57] [GOAL] Viktor achieved FleeEmission
[15:26:57] [TASK] Ivan → GoToShelter (goal=FleeEmission)
[15:26:57] [GOAL] Ivan achieved FleeEmission
[15:26:57] [TASK] Giorgi → GoToShelter (goal=FleeEmission)
[15:26:57] [GOAL] Giorgi achieved FleeEmission
[15:26:57] [TASK] Armen → GoToShelter (goal=FleeEmission)
[15:26:57] [GOAL] Armen achieved FleeEmission
[15:26:57] [TASK] Heinrich → GoToShelter (goal=FleeEmission)
[15:26:57] [GOAL] Heinrich achieved FleeEmission
[15:26:57] [TASK] Vasyl → GoToShelter (goal=FleeEmission)
[15:26:57] [GOAL] Vasyl achieved FleeEmission
[15:26:57] [TASK] Oleksiy → GoToShelter (goal=FleeEmission)
[15:26:57] [GOAL] Oleksiy achieved FleeEmission
[15:26:57] [TASK] Andriy → GoToShelter (goal=FleeEmission)
[15:26:57] [GOAL] Andriy achieved FleeEmission
[15:26:57] [TASK] Mykola → GoToShelter (goal=FleeEmission)
[15:26:57] [GOAL] Mykola achieved FleeEmission
[15:26:57] [TASK] Taras → GoToShelter (goal=FleeEmission)
[15:26:57] [GOAL] Taras achieved FleeEmission
[15:26:57] [TASK] Rustam → GoToShelter (goal=FleeEmission)
[15:26:57] [GOAL] Rustam achieved FleeEmission
[15:26:57] [TASK] Andrei → GoToShelter (goal=FleeEmission)
[15:26:57] [GOAL] Andrei achieved FleeEmission
[15:26:57] [TASK] Damir → GoToShelter (goal=FleeEmission)
[15:26:57] [GOAL] Damir achieved FleeEmission
[15:26:57] [TASK] Dmitri → GoToShelter (goal=FleeEmission)
[15:26:57] [GOAL] Dmitri achieved FleeEmission
[15:26:59] [COMBAT] Oleg Volkov 'Spark' killed Controller using wpn_fn2000
[15:27:00] [COMBAT] Mykola Bondarenko 'Bullet' killed Ivan Shevchenko 'Fox' using wpn_mp5
[15:27:00] [GEAR] Mykola looted [arm_exo, helm_gas] via combat
[15:27:00] [INBOUND] Initial +2 ctx.Stalkers, +2 mutants (remaining S=409 M=274)
[15:27:01] [INBOUND] Initial +2 ctx.Stalkers, +1 mutants (remaining S=407 M=273)
[15:27:02] [INBOUND] Initial +2 ctx.Stalkers, +2 mutants (remaining S=405 M=271)
[15:27:02] [TASK] Bohdan → GoToShelter (goal=FleeEmission)
[15:27:02] [GOAL] Bohdan achieved FleeEmission
[15:27:02] [TASK] Nikolai → GoToShelter (goal=FleeEmission)
[15:27:02] [GOAL] Nikolai achieved FleeEmission
[15:27:02] [TASK] Viktor → GoToShelter (goal=FleeEmission)
[15:27:02] [GOAL] Viktor achieved FleeEmission
[15:27:02] [TASK] Ivan → GoToShelter (goal=FleeEmission)
[15:27:02] [GOAL] Ivan achieved FleeEmission
[15:27:02] [TASK] Giorgi → GoToShelter (goal=FleeEmission)
[15:27:02] [GOAL] Giorgi achieved FleeEmission
[15:27:02] [TASK] Armen → GoToShelter (goal=FleeEmission)
[15:27:02] [GOAL] Armen achieved FleeEmission
[15:27:02] [TASK] Timur → GoToShelter (goal=FleeEmission)
[15:27:02] [GOAL] Timur achieved FleeEmission
[15:27:02] [TASK] Heinrich → GoToShelter (goal=FleeEmission)
[15:27:02] [GOAL] Heinrich achieved FleeEmission
[15:27:02] [TASK] Vasyl → GoToShelter (goal=FleeEmission)
[15:27:02] [GOAL] Vasyl achieved FleeEmission
[15:27:02] [TASK] Oleksiy → GoToShelter (goal=FleeEmission)
[15:27:02] [GOAL] Oleksiy achieved FleeEmission
[15:27:02] [TASK] Andriy → GoToShelter (goal=FleeEmission)
[15:27:02] [GOAL] Andriy achieved FleeEmission
[15:27:02] [TASK] Mykola → GoToShelter (goal=FleeEmission)
[15:27:02] [GOAL] Mykola achieved FleeEmission
[15:27:02] [TASK] Taras → GoToShelter (goal=FleeEmission)
[15:27:02] [GOAL] Taras achieved FleeEmission
[15:27:02] [TASK] Rustam → GoToShelter (goal=FleeEmission)
[15:27:02] [GOAL] Rustam achieved FleeEmission
[15:27:02] [TASK] Damir → GoToShelter (goal=FleeEmission)
[15:27:02] [GOAL] Damir achieved FleeEmission
[15:27:02] [TASK] Dmitri → GoToShelter (goal=FleeEmission)
[15:27:02] [GOAL] Dmitri achieved FleeEmission
[15:27:02] [TASK] Dmitri → GoToShelter (goal=FleeEmission)
[15:27:02] [GOAL] Dmitri achieved FleeEmission
[15:27:02] [TASK] Dmytro → GoToShelter (goal=FleeEmission)
[15:27:02] [GOAL] Dmytro achieved FleeEmission
[15:27:02] [TASK] Mykola → GoToShelter (goal=FleeEmission)
[15:27:02] [GOAL] Mykola achieved FleeEmission
[15:27:04] [COMBAT] Nikolai Volkov 'Phantom' killed Burer using wpn_ak74
[15:27:05] [COMBAT] Serhiy Ivanov 'Spark' killed Boar using wpn_p90
[15:27:05] [COMBAT] Taras Bondarenko 'Ash' killed Yuriy Melnyk 'Scar' using wpn_pm
[15:27:05] [GEAR] Taras looted [wpn_rpg7, out_monolith_proto_exo_outfit, helm_helm_exo] via combat
[15:27:05] [COMBAT] Vasyl Petrov 'Stitch' killed Tobias Shevchenko 'Knuckle' using wpn_aksu
[15:27:05] [GEAR] Vasyl looted [wpn_gauss, out_stalker_outfit, helm_helm_respirator_old] via combat
[15:27:05] [COMBAT] Bohdan Popov 'Jackal' killed Fracture using wpn_aksu
[15:27:05] [INBOUND] Initial +2 ctx.Stalkers, +1 mutants (remaining S=403 M=270)
[15:27:05] [TASK] Bohdan → GoToShelter (goal=FleeEmission)
[15:27:05] [GOAL] Bohdan achieved FleeEmission
[15:27:05] [TASK] Nikolai → GoToShelter (goal=FleeEmission)
[15:27:05] [GOAL] Nikolai achieved FleeEmission
[15:27:05] [TASK] Viktor → GoToShelter (goal=FleeEmission)
[15:27:05] [GOAL] Viktor achieved FleeEmission
[15:27:05] [TASK] Ivan → GoToShelter (goal=FleeEmission)
[15:27:05] [GOAL] Ivan achieved FleeEmission
[15:27:05] [TASK] Giorgi → GoToShelter (goal=FleeEmission)
[15:27:05] [GOAL] Giorgi achieved FleeEmission
[15:27:05] [TASK] Armen → GoToShelter (goal=FleeEmission)
[15:27:05] [GOAL] Armen achieved FleeEmission
[15:27:05] [TASK] Heinrich → GoToShelter (goal=FleeEmission)
[15:27:05] [GOAL] Heinrich achieved FleeEmission
[15:27:05] [TASK] Vasyl → GoToShelter (goal=FleeEmission)
[15:27:05] [GOAL] Vasyl achieved FleeEmission
[15:27:05] [TASK] Oleksiy → GoToShelter (goal=FleeEmission)
[15:27:05] [GOAL] Oleksiy achieved FleeEmission
[15:27:05] [TASK] Andriy → GoToShelter (goal=FleeEmission)
[15:27:05] [GOAL] Andriy achieved FleeEmission
[15:27:05] [TASK] Mykola → GoToShelter (goal=FleeEmission)
[15:27:05] [GOAL] Mykola achieved FleeEmission
[15:27:05] [TASK] Taras → GoToShelter (goal=FleeEmission)
[15:27:05] [GOAL] Taras achieved FleeEmission
[15:27:05] [TASK] Rustam → GoToShelter (goal=FleeEmission)
[15:27:05] [GOAL] Rustam achieved FleeEmission
[15:27:05] [TASK] Alexei → GoToShelter (goal=FleeEmission)
[15:27:05] [GOAL] Alexei achieved FleeEmission
[15:27:05] [TASK] Damir → GoToShelter (goal=FleeEmission)
[15:27:05] [GOAL] Damir achieved FleeEmission
[15:27:05] [TASK] Dmitri → GoToShelter (goal=FleeEmission)
[15:27:05] [GOAL] Dmitri achieved FleeEmission
[15:27:05] [TASK] Mykola → GoToShelter (goal=FleeEmission)
[15:27:05] [GOAL] Mykola achieved FleeEmission
[15:27:05] [TASK] Mykola → GoToShelter (goal=FleeEmission)
[15:27:05] [GOAL] Mykola achieved FleeEmission
[15:27:05] [TASK] Dmitri → GoToShelter (goal=FleeEmission)
[15:27:05] [GOAL] Dmitri achieved FleeEmission
[15:27:06] [COMBAT] Nikolai Sokolov 'Ugly' killed Oleksiy Sokolov 'Shadow' using wpn_ak74
[15:27:06] [GEAR] Nikolai looted [out_stalker_tigerstripe_outfit] via combat
[15:27:08] [COMBAT] Heinrich Melnyk 'Bone' killed Rat using wpn_val
[15:27:08] [INBOUND] Initial +2 ctx.Stalkers, +1 mutants (remaining S=401 M=269)
[15:27:09] [INBOUND] Initial +2 ctx.Stalkers, +2 mutants (remaining S=399 M=267)
[15:27:09] [COMBAT] Andriy Melnyk 'Ghost' killed Snork using wpn_ak74
[15:27:09] [TASK] Bohdan → GoToShelter (goal=FleeEmission)
[15:27:09] [GOAL] Bohdan achieved FleeEmission
[15:27:09] [TASK] Nikolai → GoToShelter (goal=FleeEmission)
[15:27:09] [GOAL] Nikolai achieved FleeEmission
[15:27:09] [TASK] Viktor → GoToShelter (goal=FleeEmission)
[15:27:09] [GOAL] Viktor achieved FleeEmission
[15:27:09] [TASK] Ivan → GoToShelter (goal=FleeEmission)
[15:27:09] [GOAL] Ivan achieved FleeEmission
[15:27:09] [TASK] Giorgi → GoToShelter (goal=FleeEmission)
[15:27:09] [GOAL] Giorgi achieved FleeEmission
[15:27:09] [TASK] Armen → GoToShelter (goal=FleeEmission)
[15:27:09] [GOAL] Armen achieved FleeEmission
[15:27:10] [TASK] Heinrich → GoToShelter (goal=FleeEmission)
[15:27:10] [GOAL] Heinrich achieved FleeEmission
[15:27:10] [TASK] Vasyl → GoToShelter (goal=FleeEmission)
[15:27:10] [GOAL] Vasyl achieved FleeEmission
[15:27:10] [TASK] Oleksiy → GoToShelter (goal=FleeEmission)
[15:27:10] [GOAL] Oleksiy achieved FleeEmission
[15:27:10] [TASK] Andriy → GoToShelter (goal=FleeEmission)
[15:27:10] [GOAL] Andriy achieved FleeEmission
[15:27:10] [TASK] Mykola → GoToShelter (goal=FleeEmission)
[15:27:10] [GOAL] Mykola achieved FleeEmission
[15:27:10] [TASK] Rustam → GoToShelter (goal=FleeEmission)
[15:27:10] [GOAL] Rustam achieved FleeEmission
[15:27:10] [TASK] Taras → GoToShelter (goal=FleeEmission)
[15:27:10] [GOAL] Taras achieved FleeEmission
[15:27:10] [TASK] Rustam → GoToShelter (goal=FleeEmission)
[15:27:10] [GOAL] Rustam achieved FleeEmission
[15:27:10] [TASK] Alexei → GoToShelter (goal=FleeEmission)
[15:27:10] [GOAL] Alexei achieved FleeEmission
[15:27:10] [TASK] Damir → GoToShelter (goal=FleeEmission)
[15:27:10] [GOAL] Damir achieved FleeEmission
[15:27:10] [TASK] Dmitri → GoToShelter (goal=FleeEmission)
[15:27:10] [GOAL] Dmitri achieved FleeEmission
[15:27:10] [TASK] Lasha → GoToShelter (goal=FleeEmission)
[15:27:10] [GOAL] Lasha achieved FleeEmission
[15:27:10] [TASK] Mykola → GoToShelter (goal=FleeEmission)
[15:27:10] [GOAL] Mykola achieved FleeEmission
[15:27:10] [TASK] Dmitri → GoToShelter (goal=FleeEmission)
[15:27:10] [GOAL] Dmitri achieved FleeEmission
[15:27:10] [TASK] Dmytro → GoToShelter (goal=FleeEmission)
[15:27:10] [GOAL] Dmytro achieved FleeEmission
[15:27:10] [TASK] Sergei → GoToShelter (goal=FleeEmission)
[15:27:10] [GOAL] Sergei achieved FleeEmission
[15:27:12] [COMBAT] Alexei Kovalenko 'Bone' killed Lurker using wpn_ak74
[15:27:13] [INBOUND] Initial +2 ctx.Stalkers, +1 mutants (remaining S=397 M=266)
[15:27:13] [SNAPSHOT] real=12.4min game=D0 00:52 alive S=210 M=246 corpses=588 lootable=329 gammaGear out=110 helm=182 avgRU=866 leaderGoals trade=0 mission=21 emission=Dormant nextIn=24gmin desperate=0 hungry=0 interval deaths=24 combats=39 tasks=167 gearLoot=5 gearBuy=0 missions=0 corpseDespawn=20 trickleSpawns=0 ranks=[Rookie:203,Trainee:3,Experienced:2,Professional:2] goals=[Idle:98,FleeEmission::21] leaders: Igor[Rookie/Idle], Andriy[Rookie/Idle], Bohdan[Rookie/FleeEmission:], Nikolai[Rookie/FleeEmission:], Oleg[Rookie/Idle]
[15:27:13] [TASK] Bohdan → GoToShelter (goal=FleeEmission)
[15:27:13] [GOAL] Bohdan achieved FleeEmission
[15:27:13] [TASK] Nikolai → GoToShelter (goal=FleeEmission)
[15:27:13] [GOAL] Nikolai achieved FleeEmission
[15:27:13] [TASK] Viktor → GoToShelter (goal=FleeEmission)
[15:27:13] [GOAL] Viktor achieved FleeEmission
[15:27:13] [TASK] Ivan → GoToShelter (goal=FleeEmission)
[15:27:13] [GOAL] Ivan achieved FleeEmission
[15:27:13] [TASK] Giorgi → GoToShelter (goal=FleeEmission)
[15:27:13] [GOAL] Giorgi achieved FleeEmission
[15:27:13] [TASK] Armen → GoToShelter (goal=FleeEmission)
[15:27:13] [GOAL] Armen achieved FleeEmission
[15:27:13] [TASK] Heinrich → GoToShelter (goal=FleeEmission)
[15:27:13] [GOAL] Heinrich achieved FleeEmission
[15:27:13] [TASK] Vasyl → GoToShelter (goal=FleeEmission)
[15:27:13] [GOAL] Vasyl achieved FleeEmission
[15:27:13] [TASK] Oleksiy → GoToShelter (goal=FleeEmission)
[15:27:13] [GOAL] Oleksiy achieved FleeEmission
[15:27:13] [TASK] Andriy → GoToShelter (goal=FleeEmission)
[15:27:13] [GOAL] Andriy achieved FleeEmission
[15:27:13] [TASK] Mykola → GoToShelter (goal=FleeEmission)
[15:27:13] [GOAL] Mykola achieved FleeEmission
[15:27:13] [TASK] Taras → GoToShelter (goal=FleeEmission)
[15:27:13] [GOAL] Taras achieved FleeEmission
[15:27:13] [TASK] Rustam → GoToShelter (goal=FleeEmission)
[15:27:13] [GOAL] Rustam achieved FleeEmission
[15:27:13] [TASK] Alexei → GoToShelter (goal=FleeEmission)
[15:27:13] [GOAL] Alexei achieved FleeEmission
[15:27:13] [TASK] Damir → GoToShelter (goal=FleeEmission)
[15:27:13] [GOAL] Damir achieved FleeEmission
[15:27:13] [TASK] Dmitri → GoToShelter (goal=FleeEmission)
[15:27:13] [GOAL] Dmitri achieved FleeEmission
[15:27:13] [TASK] Mykola → GoToShelter (goal=FleeEmission)
[15:27:13] [GOAL] Mykola achieved FleeEmission
[15:27:13] [TASK] Sergei → GoToShelter (goal=FleeEmission)
[15:27:13] [GOAL] Sergei achieved FleeEmission
[15:27:14] [COMBAT] Nikolai Volkov 'Phantom' killed Damir Volkov 'Jackal' using wpn_ak74
[15:27:14] [GEAR] Nikolai looted [wpn_val, wpn_desert_eagle, arm_duty, helm_helm_tactic] via combat
[15:27:15] [TASK] Heinrich → GoToShelter (goal=FleeEmission)
[15:27:15] [GOAL] Heinrich achieved FleeEmission
[15:27:15] [TASK] Vasyl → GoToShelter (goal=FleeEmission)
[15:27:15] [GOAL] Vasyl achieved FleeEmission
[15:27:15] [TASK] Oleksiy → GoToShelter (goal=FleeEmission)
[15:27:15] [GOAL] Oleksiy achieved FleeEmission
[15:27:15] [TASK] Andriy → GoToShelter (goal=FleeEmission)
[15:27:15] [GOAL] Andriy achieved FleeEmission
[15:27:15] [TASK] Mykola → GoToShelter (goal=FleeEmission)
[15:27:15] [GOAL] Mykola achieved FleeEmission
[15:27:15] [TASK] Taras → GoToShelter (goal=FleeEmission)
[15:27:15] [GOAL] Taras achieved FleeEmission
[15:27:15] [TASK] Rustam → GoToShelter (goal=FleeEmission)
[15:27:15] [GOAL] Rustam achieved FleeEmission
[15:27:15] [TASK] Alexei → GoToShelter (goal=FleeEmission)
[15:27:15] [GOAL] Alexei achieved FleeEmission
[15:27:15] [TASK] Damir → GoToShelter (goal=FleeEmission)
[15:27:15] [GOAL] Damir achieved FleeEmission
[15:27:15] [TASK] Dmitri → GoToShelter (goal=FleeEmission)
[15:27:15] [GOAL] Dmitri achieved FleeEmission
[15:27:15] [TASK] Mykola → GoToShelter (goal=FleeEmission)
[15:27:15] [GOAL] Mykola achieved FleeEmission
[15:27:15] [TASK] Sergei → GoToShelter (goal=FleeEmission)
[15:27:15] [GOAL] Sergei achieved FleeEmission
[15:27:15] [TASK] Andrei → GoToShelter (goal=FleeEmission)
[15:27:15] [GOAL] Andrei achieved FleeEmission
[15:27:15] [TASK] Bohdan → GoToShelter (goal=FleeEmission)
[15:27:15] [GOAL] Bohdan achieved FleeEmission
[15:27:15] [TASK] Nikolai → GoToShelter (goal=FleeEmission)
[15:27:15] [GOAL] Nikolai achieved FleeEmission
[15:27:15] [TASK] Viktor → GoToShelter (goal=FleeEmission)
[15:27:15] [GOAL] Viktor achieved FleeEmission
[15:27:15] [TASK] Ivan → GoToShelter (goal=FleeEmission)
[15:27:15] [GOAL] Ivan achieved FleeEmission
[15:27:15] [TASK] Giorgi → GoToShelter (goal=FleeEmission)
[15:27:15] [GOAL] Giorgi achieved FleeEmission
[15:27:15] [TASK] Armen → GoToShelter (goal=FleeEmission)
[15:27:15] [GOAL] Armen achieved FleeEmission
[15:27:17] [COMBAT] Dmytro Melnyk 'Bone' killed PsyDog using wpn_pkm
[15:27:17] [INBOUND] Initial +2 ctx.Stalkers, +2 mutants (remaining S=395 M=264)
[15:27:17] [CORPSE] Despawned 41 bodies (lifetime=918)
[15:27:18] [COMBAT] Dmitri Petrenko 'Wolf' killed BlindDog using wpn_pm
[15:27:18] [INBOUND] Initial +2 ctx.Stalkers, +1 mutants (remaining S=393 M=263)
[15:27:19] [COMBAT] Andriy Melnyk 'Fox' killed Flesh using wpn_val
[15:27:19] [INBOUND] Initial +2 ctx.Stalkers, +1 mutants (remaining S=391 M=262)
[15:27:19] [TASK] Bohdan → GoToShelter (goal=FleeEmission)
[15:27:19] [GOAL] Bohdan achieved FleeEmission
[15:27:19] [TASK] Nikolai → GoToShelter (goal=FleeEmission)
[15:27:19] [GOAL] Nikolai achieved FleeEmission
[15:27:19] [TASK] Viktor → GoToShelter (goal=FleeEmission)
[15:27:19] [GOAL] Viktor achieved FleeEmission
[15:27:19] [TASK] Ivan → GoToShelter (goal=FleeEmission)
[15:27:19] [GOAL] Ivan achieved FleeEmission
[15:27:19] [TASK] Giorgi → GoToShelter (goal=FleeEmission)
[15:27:19] [GOAL] Giorgi achieved FleeEmission
[15:27:19] [TASK] Armen → GoToShelter (goal=FleeEmission)
[15:27:19] [GOAL] Armen achieved FleeEmission
[15:27:20] [TASK] Taras → GoToShelter (goal=FleeEmission)
[15:27:20] [GOAL] Taras achieved FleeEmission
[15:27:20] [TASK] Heinrich → GoToShelter (goal=FleeEmission)
[15:27:20] [GOAL] Heinrich achieved FleeEmission
[15:27:20] [TASK] Vasyl → GoToShelter (goal=FleeEmission)
[15:27:20] [GOAL] Vasyl achieved FleeEmission
[15:27:20] [TASK] Oleksiy → GoToShelter (goal=FleeEmission)
[15:27:20] [GOAL] Oleksiy achieved FleeEmission
[15:27:20] [TASK] Andriy → GoToShelter (goal=FleeEmission)
[15:27:20] [GOAL] Andriy achieved FleeEmission
[15:27:20] [TASK] Mykola → GoToShelter (goal=FleeEmission)
[15:27:20] [GOAL] Mykola achieved FleeEmission
[15:27:20] [TASK] Taras → GoToShelter (goal=FleeEmission)
[15:27:20] [GOAL] Taras achieved FleeEmission
[15:27:20] [TASK] Rustam → GoToShelter (goal=FleeEmission)
[15:27:20] [GOAL] Rustam achieved FleeEmission
[15:27:20] [TASK] Alexei → GoToShelter (goal=FleeEmission)
[15:27:20] [GOAL] Alexei achieved FleeEmission
[15:27:20] [TASK] Damir → GoToShelter (goal=FleeEmission)
[15:27:20] [GOAL] Damir achieved FleeEmission
[15:27:20] [TASK] Dmitri → GoToShelter (goal=FleeEmission)
[15:27:20] [GOAL] Dmitri achieved FleeEmission
[15:27:20] [TASK] Mykola → GoToShelter (goal=FleeEmission)
[15:27:20] [GOAL] Mykola achieved FleeEmission
[15:27:20] [TASK] Sergei → GoToShelter (goal=FleeEmission)
[15:27:20] [GOAL] Sergei achieved FleeEmission
[15:27:20] [TASK] Vasyl → GoToShelter (goal=FleeEmission)
[15:27:20] [GOAL] Vasyl achieved FleeEmission
[15:27:22] [COMBAT] Alexei Kovalenko 'Spark' killed Controller using wpn_vintorez
[15:27:22] [COMBAT] Sergei Melnyk 'Fox' killed Taras Bondarenko 'Ash' using wpn_ak74
[15:27:22] [GEAR] Sergei looted [wpn_rpg7, out_monolith_proto_exo_outfit] via combat
[15:27:22] [INBOUND] Initial +2 ctx.Stalkers, +2 mutants (remaining S=389 M=260)
[15:27:22] [TASK] Bohdan → GoToShelter (goal=FleeEmission)
[15:27:22] [GOAL] Bohdan achieved FleeEmission
[15:27:22] [TASK] Nikolai → GoToShelter (goal=FleeEmission)
[15:27:22] [GOAL] Nikolai achieved FleeEmission
[15:27:22] [TASK] Viktor → GoToShelter (goal=FleeEmission)
[15:27:22] [GOAL] Viktor achieved FleeEmission
[15:27:22] [TASK] Ivan → GoToShelter (goal=FleeEmission)
[15:27:22] [GOAL] Ivan achieved FleeEmission
[15:27:22] [TASK] Giorgi → GoToShelter (goal=FleeEmission)
[15:27:22] [GOAL] Giorgi achieved FleeEmission
[15:27:22] [TASK] Armen → GoToShelter (goal=FleeEmission)
[15:27:22] [GOAL] Armen achieved FleeEmission
[15:27:22] [TASK] Heinrich → GoToShelter (goal=FleeEmission)
[15:27:22] [GOAL] Heinrich achieved FleeEmission
[15:27:22] [TASK] Vasyl → GoToShelter (goal=FleeEmission)
[15:27:22] [GOAL] Vasyl achieved FleeEmission
[15:27:22] [TASK] Oleksiy → GoToShelter (goal=FleeEmission)
[15:27:22] [GOAL] Oleksiy achieved FleeEmission
[15:27:22] [TASK] Andriy → GoToShelter (goal=FleeEmission)
[15:27:22] [GOAL] Andriy achieved FleeEmission
[15:27:22] [TASK] Mykola → GoToShelter (goal=FleeEmission)
[15:27:22] [GOAL] Mykola achieved FleeEmission
[15:27:22] [TASK] Taras → GoToShelter (goal=FleeEmission)
[15:27:22] [GOAL] Taras achieved FleeEmission
[15:27:22] [TASK] Rustam → GoToShelter (goal=FleeEmission)
[15:27:22] [GOAL] Rustam achieved FleeEmission
[15:27:22] [TASK] Alexei → GoToShelter (goal=FleeEmission)
[15:27:22] [GOAL] Alexei achieved FleeEmission
[15:27:22] [TASK] Damir → GoToShelter (goal=FleeEmission)
[15:27:22] [GOAL] Damir achieved FleeEmission
[15:27:22] [TASK] Dmitri → GoToShelter (goal=FleeEmission)
[15:27:22] [GOAL] Dmitri achieved FleeEmission
[15:27:22] [TASK] Mykola → GoToShelter (goal=FleeEmission)
[15:27:22] [GOAL] Mykola achieved FleeEmission
[15:27:22] [TASK] Sergei → GoToShelter (goal=FleeEmission)
[15:27:22] [GOAL] Sergei achieved FleeEmission
[15:27:24] [COMBAT] Serhiy Sokolov 'Stitch' killed Connor Ivanov 'Phantom' using wpn_aksu
[15:27:24] [GEAR] Serhiy looted [wpn_fort12, out_nbc_outfit, helm_helm_hardhat] via combat
[15:27:25] [COMBAT] Yuriy Ivanov 'Phantom' killed Fracture using wpn_ak74
[15:27:25] [COMBAT] Yuriy Popov 'Bone' killed Lurker using wpn_fn2000
[15:27:25] [INBOUND] Initial +3 ctx.Stalkers, +1 mutants (remaining S=386 M=259)
[15:27:25] [TASK] Bohdan → GoToShelter (goal=FleeEmission)
[15:27:25] [GOAL] Bohdan achieved FleeEmission
[15:27:25] [TASK] Nikolai → GoToShelter (goal=FleeEmission)
[15:27:25] [GOAL] Nikolai achieved FleeEmission
[15:27:25] [TASK] Viktor → GoToShelter (goal=FleeEmission)
[15:27:25] [GOAL] Viktor achieved FleeEmission
[15:27:25] [TASK] Ivan → GoToShelter (goal=FleeEmission)
[15:27:25] [GOAL] Ivan achieved FleeEmission
[15:27:25] [TASK] Giorgi → GoToShelter (goal=FleeEmission)
[15:27:25] [GOAL] Giorgi achieved FleeEmission
[15:27:25] [TASK] Armen → GoToShelter (goal=FleeEmission)
[15:27:25] [GOAL] Armen achieved FleeEmission
[15:27:25] [TASK] Heinrich → GoToShelter (goal=FleeEmission)
[15:27:25] [GOAL] Heinrich achieved FleeEmission
[15:27:25] [TASK] Vasyl → GoToShelter (goal=FleeEmission)
[15:27:25] [GOAL] Vasyl achieved FleeEmission
[15:27:25] [TASK] Oleksiy → GoToShelter (goal=FleeEmission)
[15:27:25] [GOAL] Oleksiy achieved FleeEmission
[15:27:25] [TASK] Andriy → GoToShelter (goal=FleeEmission)
[15:27:25] [GOAL] Andriy achieved FleeEmission
[15:27:25] [TASK] Mykola → GoToShelter (goal=FleeEmission)
[15:27:25] [GOAL] Mykola achieved FleeEmission
[15:27:25] [TASK] Taras → GoToShelter (goal=FleeEmission)
[15:27:25] [GOAL] Taras achieved FleeEmission
[15:27:25] [TASK] Rustam → GoToShelter (goal=FleeEmission)
[15:27:25] [GOAL] Rustam achieved FleeEmission
[15:27:25] [TASK] Alexei → GoToShelter (goal=FleeEmission)
[15:27:25] [GOAL] Alexei achieved FleeEmission
[15:27:25] [TASK] Damir → GoToShelter (goal=FleeEmission)
[15:27:25] [GOAL] Damir achieved FleeEmission
[15:27:25] [TASK] Dmitri → GoToShelter (goal=FleeEmission)
[15:27:25] [GOAL] Dmitri achieved FleeEmission
[15:27:25] [TASK] Mykola → GoToShelter (goal=FleeEmission)
[15:27:25] [GOAL] Mykola achieved FleeEmission
[15:27:25] [TASK] Sergei → GoToShelter (goal=FleeEmission)
[15:27:25] [GOAL] Sergei achieved FleeEmission
[15:27:25] [TASK] Igor → GoToShelter (goal=FleeEmission)
[15:27:25] [GOAL] Igor achieved FleeEmission
[15:27:25] [TASK] Dmytro → GoToShelter (goal=FleeEmission)
[15:27:25] [GOAL] Dmytro achieved FleeEmission
[15:27:28] [INBOUND] Initial +2 ctx.Stalkers, +2 mutants (remaining S=384 M=257)
[15:27:28] [TASK] Bohdan → GoToShelter (goal=FleeEmission)
[15:27:28] [GOAL] Bohdan achieved FleeEmission
[15:27:28] [TASK] Nikolai → GoToShelter (goal=FleeEmission)
[15:27:28] [GOAL] Nikolai achieved FleeEmission
[15:27:28] [TASK] Viktor → GoToShelter (goal=FleeEmission)
[15:27:28] [GOAL] Viktor achieved FleeEmission
[15:27:28] [TASK] Ivan → GoToShelter (goal=FleeEmission)
[15:27:28] [GOAL] Ivan achieved FleeEmission
[15:27:28] [TASK] Giorgi → GoToShelter (goal=FleeEmission)
[15:27:28] [GOAL] Giorgi achieved FleeEmission
[15:27:28] [TASK] Armen → GoToShelter (goal=FleeEmission)
[15:27:28] [GOAL] Armen achieved FleeEmission
[15:27:28] [TASK] Heinrich → GoToShelter (goal=FleeEmission)
[15:27:28] [GOAL] Heinrich achieved FleeEmission
[15:27:28] [TASK] Vasyl → GoToShelter (goal=FleeEmission)
[15:27:28] [GOAL] Vasyl achieved FleeEmission
[15:27:28] [TASK] Oleksiy → GoToShelter (goal=FleeEmission)
[15:27:28] [GOAL] Oleksiy achieved FleeEmission
[15:27:28] [TASK] Andriy → GoToShelter (goal=FleeEmission)
[15:27:28] [GOAL] Andriy achieved FleeEmission
[15:27:28] [TASK] Mykola → GoToShelter (goal=FleeEmission)
[15:27:28] [GOAL] Mykola achieved FleeEmission
[15:27:28] [TASK] Taras → GoToShelter (goal=FleeEmission)
[15:27:28] [GOAL] Taras achieved FleeEmission
[15:27:28] [TASK] Rustam → GoToShelter (goal=FleeEmission)
[15:27:28] [GOAL] Rustam achieved FleeEmission
[15:27:28] [TASK] Alexei → GoToShelter (goal=FleeEmission)
[15:27:28] [GOAL] Alexei achieved FleeEmission
[15:27:28] [TASK] Damir → GoToShelter (goal=FleeEmission)
[15:27:28] [GOAL] Damir achieved FleeEmission
[15:27:28] [TASK] Dmitri → GoToShelter (goal=FleeEmission)
[15:27:28] [GOAL] Dmitri achieved FleeEmission
[15:27:28] [TASK] Mykola → GoToShelter (goal=FleeEmission)
[15:27:28] [GOAL] Mykola achieved FleeEmission
[15:27:28] [TASK] Sergei → GoToShelter (goal=FleeEmission)
[15:27:28] [GOAL] Sergei achieved FleeEmission
[15:27:28] [TASK] Mykola → GoToShelter (goal=FleeEmission)
[15:27:28] [GOAL] Mykola achieved FleeEmission
[15:27:31] [COMBAT] Rustam Kovalenko 'Ash' killed Nikolai Sokolov 'Ugly' using wpn_toz34
[15:27:31] [GEAR] Rustam looted [wpn_ak74, out_stalker_tigerstripe_outfit] via combat
[15:27:31] [COMBAT] Lasha Kovalenko 'Ash' killed Fracture using wpn_toz34
[15:27:31] [INBOUND] Initial +2 ctx.Stalkers, +1 mutants (remaining S=382 M=256)
[15:27:31] [COMBAT] Viktor Petrenko 'The Butcher' killed Flesh using wpn_spas12
[15:27:31] [TASK] Bohdan → GoToShelter (goal=FleeEmission)
[15:27:31] [GOAL] Bohdan achieved FleeEmission
[15:27:31] [TASK] Nikolai → GoToShelter (goal=FleeEmission)
[15:27:31] [GOAL] Nikolai achieved FleeEmission
[15:27:31] [TASK] Viktor → GoToShelter (goal=FleeEmission)
[15:27:31] [GOAL] Viktor achieved FleeEmission
[15:27:31] [TASK] Ivan → GoToShelter (goal=FleeEmission)
[15:27:31] [GOAL] Ivan achieved FleeEmission
[15:27:31] [TASK] Giorgi → GoToShelter (goal=FleeEmission)
[15:27:31] [GOAL] Giorgi achieved FleeEmission
[15:27:31] [TASK] Armen → GoToShelter (goal=FleeEmission)
[15:27:31] [GOAL] Armen achieved FleeEmission
[15:27:31] [TASK] Heinrich → GoToShelter (goal=FleeEmission)
[15:27:31] [GOAL] Heinrich achieved FleeEmission
[15:27:31] [TASK] Vasyl → GoToShelter (goal=FleeEmission)
[15:27:31] [GOAL] Vasyl achieved FleeEmission
[15:27:31] [TASK] Oleksiy → GoToShelter (goal=FleeEmission)
[15:27:31] [GOAL] Oleksiy achieved FleeEmission
[15:27:31] [TASK] Andriy → GoToShelter (goal=FleeEmission)
[15:27:31] [GOAL] Andriy achieved FleeEmission
[15:27:31] [TASK] Mykola → GoToShelter (goal=FleeEmission)
[15:27:31] [GOAL] Mykola achieved FleeEmission
[15:27:31] [TASK] Taras → GoToShelter (goal=FleeEmission)
[15:27:31] [GOAL] Taras achieved FleeEmission
[15:27:31] [TASK] Rustam → GoToShelter (goal=FleeEmission)
[15:27:31] [GOAL] Rustam achieved FleeEmission
[15:27:31] [TASK] Alexei → GoToShelter (goal=FleeEmission)
[15:27:31] [GOAL] Alexei achieved FleeEmission
[15:27:31] [TASK] Damir → GoToShelter (goal=FleeEmission)
[15:27:31] [GOAL] Damir achieved FleeEmission
[15:27:31] [TASK] Dmitri → GoToShelter (goal=FleeEmission)
[15:27:31] [GOAL] Dmitri achieved FleeEmission
[15:27:31] [TASK] Mykola → GoToShelter (goal=FleeEmission)
[15:27:31] [GOAL] Mykola achieved FleeEmission
[15:27:31] [TASK] Sergei → GoToShelter (goal=FleeEmission)
[15:27:31] [GOAL] Sergei achieved FleeEmission
[15:27:33] [COMBAT] Nikolai Volkov 'Phantom' killed Bloodsucker using wpn_val
[15:27:33] [COMBAT] Dmytro Volkov 'Raven' killed Snork using wpn_gauss
[15:27:34] [RANK] Andriy Popov 'Spark' → Trainee
[15:27:34] [COMBAT] Andriy Popov 'Spark' killed Tushkano using wpn_pkm
[15:27:34] [INBOUND] Initial +2 ctx.Stalkers, +1 mutants (remaining S=380 M=255)
[15:27:34] [TASK] Bohdan → GoToShelter (goal=FleeEmission)
[15:27:34] [GOAL] Bohdan achieved FleeEmission
[15:27:34] [TASK] Nikolai → GoToShelter (goal=FleeEmission)
[15:27:34] [GOAL] Nikolai achieved FleeEmission
[15:27:34] [TASK] Viktor → GoToShelter (goal=FleeEmission)
[15:27:34] [GOAL] Viktor achieved FleeEmission
[15:27:34] [TASK] Ivan → GoToShelter (goal=FleeEmission)
[15:27:34] [GOAL] Ivan achieved FleeEmission
[15:27:34] [TASK] Giorgi → GoToShelter (goal=FleeEmission)
[15:27:34] [GOAL] Giorgi achieved FleeEmission
[15:27:34] [TASK] Armen → GoToShelter (goal=FleeEmission)
[15:27:34] [GOAL] Armen achieved FleeEmission
[15:27:34] [TASK] Heinrich → GoToShelter (goal=FleeEmission)
[15:27:34] [GOAL] Heinrich achieved FleeEmission
[15:27:34] [TASK] Vasyl → GoToShelter (goal=FleeEmission)
[15:27:34] [GOAL] Vasyl achieved FleeEmission
[15:27:34] [TASK] Oleksiy → GoToShelter (goal=FleeEmission)
[15:27:34] [GOAL] Oleksiy achieved FleeEmission
[15:27:34] [TASK] Andriy → GoToShelter (goal=FleeEmission)
[15:27:34] [GOAL] Andriy achieved FleeEmission
[15:27:34] [TASK] Mykola → GoToShelter (goal=FleeEmission)
[15:27:34] [GOAL] Mykola achieved FleeEmission
[15:27:34] [TASK] Taras → GoToShelter (goal=FleeEmission)
[15:27:34] [GOAL] Taras achieved FleeEmission
[15:27:34] [TASK] Rustam → GoToShelter (goal=FleeEmission)
[15:27:34] [GOAL] Rustam achieved FleeEmission
[15:27:34] [TASK] Alexei → GoToShelter (goal=FleeEmission)
[15:27:34] [GOAL] Alexei achieved FleeEmission
[15:27:34] [TASK] Damir → GoToShelter (goal=FleeEmission)
[15:27:34] [GOAL] Damir achieved FleeEmission
[15:27:34] [TASK] Dmitri → GoToShelter (goal=FleeEmission)
[15:27:34] [GOAL] Dmitri achieved FleeEmission
[15:27:34] [TASK] Mykola → GoToShelter (goal=FleeEmission)
[15:27:34] [GOAL] Mykola achieved FleeEmission
[15:27:34] [TASK] Sergei → GoToShelter (goal=FleeEmission)
[15:27:34] [GOAL] Sergei achieved FleeEmission
[15:27:34] [TASK] Dmitri → GoToShelter (goal=FleeEmission)
[15:27:34] [GOAL] Dmitri achieved FleeEmission
[15:27:34] [TASK] Nikolai → GoToShelter (goal=FleeEmission)
[15:27:34] [GOAL] Nikolai achieved FleeEmission
[15:27:37] [COMBAT] Serhiy Sokolov 'Stitch' killed Bloodsucker using wpn_aksu
[15:27:37] [INBOUND] Initial +2 ctx.Stalkers, +2 mutants (remaining S=378 M=253)
[15:27:38] [COMBAT] Taras Petrenko 'Wolf' killed Tushkano using wpn_vintorez
[15:27:38] [INBOUND] Initial +2 ctx.Stalkers, +1 mutants (remaining S=376 M=252)
[15:27:38] [TASK] Bohdan → GoToShelter (goal=FleeEmission)
[15:27:38] [GOAL] Bohdan achieved FleeEmission
[15:27:38] [TASK] Nikolai → GoToShelter (goal=FleeEmission)
[15:27:38] [GOAL] Nikolai achieved FleeEmission
[15:27:38] [TASK] Viktor → GoToShelter (goal=FleeEmission)
[15:27:38] [GOAL] Viktor achieved FleeEmission
[15:27:38] [TASK] Ivan → GoToShelter (goal=FleeEmission)
[15:27:38] [GOAL] Ivan achieved FleeEmission
[15:27:38] [TASK] Giorgi → GoToShelter (goal=FleeEmission)
[15:27:38] [GOAL] Giorgi achieved FleeEmission
[15:27:38] [TASK] Armen → GoToShelter (goal=FleeEmission)
[15:27:38] [GOAL] Armen achieved FleeEmission
[15:27:38] [TASK] Heinrich → GoToShelter (goal=FleeEmission)
[15:27:38] [GOAL] Heinrich achieved FleeEmission
[15:27:38] [TASK] Vasyl → GoToShelter (goal=FleeEmission)
[15:27:38] [GOAL] Vasyl achieved FleeEmission
[15:27:38] [TASK] Oleksiy → GoToShelter (goal=FleeEmission)
[15:27:38] [GOAL] Oleksiy achieved FleeEmission
[15:27:38] [TASK] Andriy → GoToShelter (goal=FleeEmission)
[15:27:38] [GOAL] Andriy achieved FleeEmission
[15:27:38] [TASK] Mykola → GoToShelter (goal=FleeEmission)
[15:27:38] [GOAL] Mykola achieved FleeEmission
[15:27:38] [TASK] Taras → GoToShelter (goal=FleeEmission)
[15:27:38] [GOAL] Taras achieved FleeEmission
[15:27:38] [TASK] Rustam → GoToShelter (goal=FleeEmission)
[15:27:38] [GOAL] Rustam achieved FleeEmission
[15:27:38] [TASK] Alexei → GoToShelter (goal=FleeEmission)
[15:27:38] [GOAL] Alexei achieved FleeEmission
[15:27:38] [TASK] Damir → GoToShelter (goal=FleeEmission)
[15:27:38] [GOAL] Damir achieved FleeEmission
[15:27:38] [TASK] Dmitri → GoToShelter (goal=FleeEmission)
[15:27:38] [GOAL] Dmitri achieved FleeEmission
[15:27:38] [TASK] Mykola → GoToShelter (goal=FleeEmission)
[15:27:38] [GOAL] Mykola achieved FleeEmission
[15:27:38] [TASK] Sergei → GoToShelter (goal=FleeEmission)
[15:27:38] [GOAL] Sergei achieved FleeEmission
[15:27:38] [TASK] Mykola → GoToShelter (goal=FleeEmission)
[15:27:38] [GOAL] Mykola achieved FleeEmission
[15:27:40] [COMBAT] Dmitri Melnyk 'Badger' killed Bloodsucker using wpn_pkm
[15:27:41] [INBOUND] Initial +2 ctx.Stalkers, +1 mutants (remaining S=374 M=251)
[15:27:41] [CORPSE] Despawned 30 bodies (lifetime=948)
[15:27:41] [COMBAT] Sergei Melnyk 'Fox' killed Alexei Sokolov 'Jackal' using wpn_rpg7
[15:27:42] [INBOUND] Initial +2 ctx.Stalkers, +2 mutants (remaining S=372 M=249)
[15:27:42] [TASK] Bohdan → GoToShelter (goal=FleeEmission)
[15:27:42] [GOAL] Bohdan achieved FleeEmission
[15:27:42] [TASK] Nikolai → GoToShelter (goal=FleeEmission)
[15:27:42] [GOAL] Nikolai achieved FleeEmission
[15:27:42] [TASK] Viktor → GoToShelter (goal=FleeEmission)
[15:27:42] [GOAL] Viktor achieved FleeEmission
[15:27:42] [TASK] Ivan → GoToShelter (goal=FleeEmission)
[15:27:42] [GOAL] Ivan achieved FleeEmission
[15:27:42] [TASK] Giorgi → GoToShelter (goal=FleeEmission)
[15:27:42] [GOAL] Giorgi achieved FleeEmission
[15:27:42] [TASK] Armen → GoToShelter (goal=FleeEmission)
[15:27:42] [GOAL] Armen achieved FleeEmission
[15:27:42] [TASK] Andriy → GoToShelter (goal=FleeEmission)
[15:27:42] [GOAL] Andriy achieved FleeEmission
[15:27:42] [TASK] Heinrich → GoToShelter (goal=FleeEmission)
[15:27:42] [GOAL] Heinrich achieved FleeEmission
[15:27:42] [TASK] Vasyl → GoToShelter (goal=FleeEmission)
[15:27:42] [GOAL] Vasyl achieved FleeEmission
[15:27:42] [TASK] Oleksiy → GoToShelter (goal=FleeEmission)
[15:27:42] [GOAL] Oleksiy achieved FleeEmission
[15:27:42] [TASK] Andriy → GoToShelter (goal=FleeEmission)
[15:27:42] [GOAL] Andriy achieved FleeEmission
[15:27:42] [TASK] Mykola → GoToShelter (goal=FleeEmission)
[15:27:42] [GOAL] Mykola achieved FleeEmission
[15:27:42] [TASK] Taras → GoToShelter (goal=FleeEmission)
[15:27:42] [GOAL] Taras achieved FleeEmission
[15:27:42] [TASK] Rustam → GoToShelter (goal=FleeEmission)
[15:27:42] [GOAL] Rustam achieved FleeEmission
[15:27:42] [TASK] Damir → GoToShelter (goal=FleeEmission)
[15:27:42] [GOAL] Damir achieved FleeEmission
[15:27:42] [TASK] Dmitri → GoToShelter (goal=FleeEmission)
[15:27:42] [GOAL] Dmitri achieved FleeEmission
[15:27:42] [TASK] Mykola → GoToShelter (goal=FleeEmission)
[15:27:42] [GOAL] Mykola achieved FleeEmission
[15:27:42] [TASK] Sergei → GoToShelter (goal=FleeEmission)
[15:27:42] [GOAL] Sergei achieved FleeEmission
[15:27:42] [TASK] Oleg → GoToShelter (goal=FleeEmission)
[15:27:42] [GOAL] Oleg achieved FleeEmission
[15:27:42] [TASK] Alexei → GoToShelter (goal=FleeEmission)
[15:27:42] [GOAL] Alexei achieved FleeEmission
[15:27:44] [COMBAT] Pavel Sokolov 'Ghost' killed Bloodsucker using wpn_vintorez
[15:27:45] [INBOUND] Initial +2 ctx.Stalkers, +1 mutants (remaining S=370 M=248)
[15:27:45] [SNAPSHOT] real=12.9min game=D0 00:54 alive S=216 M=249 corpses=553 lootable=297 gammaGear out=120 helm=187 avgRU=865 leaderGoals trade=0 mission=21 emission=Dormant nextIn=22gmin desperate=0 hungry=0 interval deaths=21 combats=36 tasks=191 gearLoot=4 gearBuy=0 missions=0 corpseDespawn=71 trickleSpawns=0 ranks=[Rookie:209,Trainee:4,Experienced:1,Professional:2] goals=[Idle:99,FleeEmission::21] leaders: Andriy[Rookie/Idle], Bohdan[Rookie/FleeEmission:], Nikolai[Rookie/FleeEmission:], Oleg[Rookie/Idle], Mikhail[Rookie/Idle]
[15:27:45] [TASK] Bohdan → GoToShelter (goal=FleeEmission)
[15:27:45] [GOAL] Bohdan achieved FleeEmission
[15:27:45] [TASK] Nikolai → GoToShelter (goal=FleeEmission)
[15:27:45] [GOAL] Nikolai achieved FleeEmission
[15:27:45] [TASK] Viktor → GoToShelter (goal=FleeEmission)
[15:27:45] [GOAL] Viktor achieved FleeEmission
[15:27:45] [TASK] Ivan → GoToShelter (goal=FleeEmission)
[15:27:45] [GOAL] Ivan achieved FleeEmission
[15:27:45] [TASK] Giorgi → GoToShelter (goal=FleeEmission)
[15:27:45] [GOAL] Giorgi achieved FleeEmission
[15:27:45] [TASK] Armen → GoToShelter (goal=FleeEmission)
[15:27:45] [GOAL] Armen achieved FleeEmission
[15:27:45] [TASK] Heinrich → GoToShelter (goal=FleeEmission)
[15:27:45] [GOAL] Heinrich achieved FleeEmission
[15:27:45] [TASK] Vasyl → GoToShelter (goal=FleeEmission)
[15:27:45] [GOAL] Vasyl achieved FleeEmission
[15:27:45] [TASK] Oleksiy → GoToShelter (goal=FleeEmission)
[15:27:45] [GOAL] Oleksiy achieved FleeEmission
[15:27:45] [TASK] Andriy → GoToShelter (goal=FleeEmission)
[15:27:45] [GOAL] Andriy achieved FleeEmission
[15:27:45] [TASK] Mykola → GoToShelter (goal=FleeEmission)
[15:27:45] [GOAL] Mykola achieved FleeEmission
[15:27:45] [TASK] Taras → GoToShelter (goal=FleeEmission)
[15:27:45] [GOAL] Taras achieved FleeEmission
[15:27:45] [TASK] Rustam → GoToShelter (goal=FleeEmission)
[15:27:45] [GOAL] Rustam achieved FleeEmission
[15:27:45] [TASK] Damir → GoToShelter (goal=FleeEmission)
[15:27:45] [GOAL] Damir achieved FleeEmission
[15:27:45] [TASK] Dmitri → GoToShelter (goal=FleeEmission)
[15:27:45] [GOAL] Dmitri achieved FleeEmission
[15:27:45] [TASK] Mykola → GoToShelter (goal=FleeEmission)
[15:27:45] [GOAL] Mykola achieved FleeEmission
[15:27:45] [TASK] Sergei → GoToShelter (goal=FleeEmission)
[15:27:45] [GOAL] Sergei achieved FleeEmission
[15:27:45] [TASK] Alexei → GoToShelter (goal=FleeEmission)
[15:27:45] [GOAL] Alexei achieved FleeEmission
[15:27:45] [TASK] Oleg → GoToShelter (goal=FleeEmission)
[15:27:45] [GOAL] Oleg achieved FleeEmission
[15:27:47] [COMBAT] Sergei Kovalenko 'Wolf' killed Alexei Bondarenko 'Fox' using wpn_ak74
[15:27:47] [COMBAT] Taras Shevchenko 'Razor' killed PsyDog using wpn_fn2000
[15:27:48] [INBOUND] Initial +2 ctx.Stalkers, +2 mutants (remaining S=368 M=246)
[15:27:48] [TASK] Bohdan → GoToShelter (goal=FleeEmission)
[15:27:48] [GOAL] Bohdan achieved FleeEmission
[15:27:48] [TASK] Nikolai → GoToShelter (goal=FleeEmission)
[15:27:48] [GOAL] Nikolai achieved FleeEmission
[15:27:48] [TASK] Viktor → GoToShelter (goal=FleeEmission)
[15:27:48] [GOAL] Viktor achieved FleeEmission
[15:27:48] [TASK] Ivan → GoToShelter (goal=FleeEmission)
[15:27:48] [GOAL] Ivan achieved FleeEmission
[15:27:48] [TASK] Giorgi → GoToShelter (goal=FleeEmission)
[15:27:48] [GOAL] Giorgi achieved FleeEmission
[15:27:48] [TASK] Armen → GoToShelter (goal=FleeEmission)
[15:27:48] [GOAL] Armen achieved FleeEmission
[15:27:48] [TASK] Heinrich → GoToShelter (goal=FleeEmission)
[15:27:48] [GOAL] Heinrich achieved FleeEmission
[15:27:48] [TASK] Vasyl → GoToShelter (goal=FleeEmission)
[15:27:48] [GOAL] Vasyl achieved FleeEmission
[15:27:48] [TASK] Oleksiy → GoToShelter (goal=FleeEmission)
[15:27:48] [GOAL] Oleksiy achieved FleeEmission
[15:27:48] [TASK] Andriy → GoToShelter (goal=FleeEmission)
[15:27:48] [GOAL] Andriy achieved FleeEmission
[15:27:48] [TASK] Mykola → GoToShelter (goal=FleeEmission)
[15:27:48] [GOAL] Mykola achieved FleeEmission
[15:27:48] [TASK] Taras → GoToShelter (goal=FleeEmission)
[15:27:48] [GOAL] Taras achieved FleeEmission
[15:27:48] [TASK] Rustam → GoToShelter (goal=FleeEmission)
[15:27:48] [GOAL] Rustam achieved FleeEmission
[15:27:48] [TASK] Damir → GoToShelter (goal=FleeEmission)
[15:27:48] [GOAL] Damir achieved FleeEmission
[15:27:48] [TASK] Dmitri → GoToShelter (goal=FleeEmission)
[15:27:48] [GOAL] Dmitri achieved FleeEmission
[15:27:48] [TASK] Sergei → GoToShelter (goal=FleeEmission)
[15:27:48] [GOAL] Sergei achieved FleeEmission
[15:27:48] [TASK] Bohdan → GoToShelter (goal=FleeEmission)
[15:27:48] [GOAL] Bohdan achieved FleeEmission
[15:27:50] [COMBAT] Alexei Kovalenko 'Bone' killed PsyDog using wpn_ak74
[15:27:50] [INBOUND] Initial +2 ctx.Stalkers, +1 mutants (remaining S=366 M=245)
[15:27:51] [COMBAT] Nikolai Melnyk 'Wolf' killed Boar using wpn_aksu
[15:27:51] [COMBAT] Bakhyt Kovalenko 'Mole' killed Lurker using wpn_pkm
[15:27:51] [INBOUND] Initial +2 ctx.Stalkers, +1 mutants (remaining S=364 M=244)
[15:27:51] [TASK] Bohdan → GoToShelter (goal=FleeEmission)
[15:27:51] [GOAL] Bohdan achieved FleeEmission
[15:27:51] [TASK] Nikolai → GoToShelter (goal=FleeEmission)
[15:27:51] [GOAL] Nikolai achieved FleeEmission
[15:27:51] [TASK] Viktor → GoToShelter (goal=FleeEmission)
[15:27:51] [GOAL] Viktor achieved FleeEmission
[15:27:51] [TASK] Ivan → GoToShelter (goal=FleeEmission)
[15:27:51] [GOAL] Ivan achieved FleeEmission
[15:27:51] [TASK] Giorgi → GoToShelter (goal=FleeEmission)
[15:27:51] [GOAL] Giorgi achieved FleeEmission
[15:27:51] [TASK] Armen → GoToShelter (goal=FleeEmission)
[15:27:51] [GOAL] Armen achieved FleeEmission
[15:27:52] [TASK] Heinrich → GoToShelter (goal=FleeEmission)
[15:27:52] [GOAL] Heinrich achieved FleeEmission
[15:27:52] [TASK] Vasyl → GoToShelter (goal=FleeEmission)
[15:27:52] [GOAL] Vasyl achieved FleeEmission
[15:27:52] [TASK] Oleksiy → GoToShelter (goal=FleeEmission)
[15:27:52] [GOAL] Oleksiy achieved FleeEmission
[15:27:52] [TASK] Mykola → GoToShelter (goal=FleeEmission)
[15:27:52] [GOAL] Mykola achieved FleeEmission
[15:27:52] [TASK] Taras → GoToShelter (goal=FleeEmission)
[15:27:52] [GOAL] Taras achieved FleeEmission
[15:27:52] [TASK] Rustam → GoToShelter (goal=FleeEmission)
[15:27:52] [GOAL] Rustam achieved FleeEmission
[15:27:52] [TASK] Damir → GoToShelter (goal=FleeEmission)
[15:27:52] [GOAL] Damir achieved FleeEmission
[15:27:52] [TASK] Dmitri → GoToShelter (goal=FleeEmission)
[15:27:52] [GOAL] Dmitri achieved FleeEmission
[15:27:52] [TASK] Sergei → GoToShelter (goal=FleeEmission)
[15:27:52] [GOAL] Sergei achieved FleeEmission
[15:27:52] [TASK] Oleksiy → GoToShelter (goal=FleeEmission)
[15:27:52] [GOAL] Oleksiy achieved FleeEmission
[15:27:52] [TASK] Nodar → GoToShelter (goal=FleeEmission)
[15:27:52] [GOAL] Nodar achieved FleeEmission
[15:27:54] [INBOUND] Initial +2 ctx.Stalkers, +2 mutants (remaining S=362 M=242)
[15:27:54] [TASK] Bohdan → GoToShelter (goal=FleeEmission)
[15:27:54] [GOAL] Bohdan achieved FleeEmission
[15:27:54] [TASK] Nikolai → GoToShelter (goal=FleeEmission)
[15:27:54] [GOAL] Nikolai achieved FleeEmission
[15:27:54] [TASK] Viktor → GoToShelter (goal=FleeEmission)
[15:27:54] [GOAL] Viktor achieved FleeEmission
[15:27:54] [TASK] Ivan → GoToShelter (goal=FleeEmission)
[15:27:54] [GOAL] Ivan achieved FleeEmission
[15:27:54] [TASK] Giorgi → GoToShelter (goal=FleeEmission)
[15:27:54] [GOAL] Giorgi achieved FleeEmission
[15:27:54] [TASK] Armen → GoToShelter (goal=FleeEmission)
[15:27:54] [GOAL] Armen achieved FleeEmission
[15:27:54] [TASK] Heinrich → GoToShelter (goal=FleeEmission)
[15:27:54] [GOAL] Heinrich achieved FleeEmission
[15:27:54] [TASK] Vasyl → GoToShelter (goal=FleeEmission)
[15:27:54] [GOAL] Vasyl achieved FleeEmission
[15:27:54] [TASK] Oleksiy → GoToShelter (goal=FleeEmission)
[15:27:54] [GOAL] Oleksiy achieved FleeEmission
[15:27:54] [TASK] Mykola → GoToShelter (goal=FleeEmission)
[15:27:54] [GOAL] Mykola achieved FleeEmission
[15:27:54] [TASK] Taras → GoToShelter (goal=FleeEmission)
[15:27:54] [GOAL] Taras achieved FleeEmission
[15:27:54] [TASK] Rustam → GoToShelter (goal=FleeEmission)
[15:27:54] [GOAL] Rustam achieved FleeEmission
[15:27:54] [TASK] Damir → GoToShelter (goal=FleeEmission)
[15:27:54] [GOAL] Damir achieved FleeEmission
[15:27:54] [TASK] Dmitri → GoToShelter (goal=FleeEmission)
[15:27:54] [GOAL] Dmitri achieved FleeEmission
[15:27:54] [TASK] Sergei → GoToShelter (goal=FleeEmission)
[15:27:54] [GOAL] Sergei achieved FleeEmission
[15:27:54] [TASK] Nodar → GoToShelter (goal=FleeEmission)
[15:27:54] [GOAL] Nodar achieved FleeEmission
[15:27:54] [TASK] Yuriy → GoToShelter (goal=FleeEmission)
[15:27:54] [GOAL] Yuriy achieved FleeEmission
[15:27:57] [INBOUND] Initial +3 ctx.Stalkers, +1 mutants (remaining S=359 M=241)
[15:27:57] [TASK] Bohdan → GoToShelter (goal=FleeEmission)
[15:27:57] [GOAL] Bohdan achieved FleeEmission
[15:27:57] [TASK] Nikolai → GoToShelter (goal=FleeEmission)
[15:27:57] [GOAL] Nikolai achieved FleeEmission
[15:27:57] [TASK] Viktor → GoToShelter (goal=FleeEmission)
[15:27:57] [GOAL] Viktor achieved FleeEmission
[15:27:57] [TASK] Ivan → GoToShelter (goal=FleeEmission)
[15:27:57] [GOAL] Ivan achieved FleeEmission
[15:27:57] [TASK] Giorgi → GoToShelter (goal=FleeEmission)
[15:27:57] [GOAL] Giorgi achieved FleeEmission
[15:27:57] [TASK] Armen → GoToShelter (goal=FleeEmission)
[15:27:57] [GOAL] Armen achieved FleeEmission
[15:27:57] [TASK] Heinrich → GoToShelter (goal=FleeEmission)
[15:27:57] [GOAL] Heinrich achieved FleeEmission
[15:27:57] [TASK] Vasyl → GoToShelter (goal=FleeEmission)
[15:27:57] [GOAL] Vasyl achieved FleeEmission
[15:27:57] [TASK] Oleksiy → GoToShelter (goal=FleeEmission)
[15:27:57] [GOAL] Oleksiy achieved FleeEmission
[15:27:57] [TASK] Mykola → GoToShelter (goal=FleeEmission)
[15:27:57] [GOAL] Mykola achieved FleeEmission
[15:27:57] [TASK] Taras → GoToShelter (goal=FleeEmission)
[15:27:57] [GOAL] Taras achieved FleeEmission
[15:27:57] [TASK] Rustam → GoToShelter (goal=FleeEmission)
[15:27:57] [GOAL] Rustam achieved FleeEmission
[15:27:57] [TASK] Damir → GoToShelter (goal=FleeEmission)
[15:27:57] [GOAL] Damir achieved FleeEmission
[15:27:57] [TASK] Dmitri → GoToShelter (goal=FleeEmission)
[15:27:57] [GOAL] Dmitri achieved FleeEmission
[15:27:57] [TASK] Sergei → GoToShelter (goal=FleeEmission)
[15:27:57] [GOAL] Sergei achieved FleeEmission
[15:27:57] [TASK] Nodar → GoToShelter (goal=FleeEmission)
[15:27:57] [GOAL] Nodar achieved FleeEmission
[15:27:59] [COMBAT] Mykola Sokolov 'Badger' killed Pseudodog using wpn_fn2000
[15:27:59] [COMBAT] Oleksiy Sokolov 'Scar' killed Dog using wpn_ak74
[15:27:59] [COMBAT] Oleg Ivanov 'Stitch' killed Oleksiy Petrenko 'Spark' using wpn_vintorez
[15:27:59] [INBOUND] Initial +2 ctx.Stalkers, +2 mutants (remaining S=357 M=239)
[15:28:00] [COMBAT] Dmitri Melnyk 'Badger' killed Bohdan Petrov 'Badger' using wpn_pkm
[15:28:00] [TASK] Nodar → GoToShelter (goal=FleeEmission)
[15:28:00] [GOAL] Nodar achieved FleeEmission
[15:28:00] [TASK] Sean → GoToShelter (goal=FleeEmission)
[15:28:00] [GOAL] Sean achieved FleeEmission
[15:28:00] [TASK] Serhiy → GoToShelter (goal=FleeEmission)
[15:28:00] [GOAL] Serhiy achieved FleeEmission
[15:28:00] [TASK] Ivan → GoToShelter (goal=FleeEmission)
[15:28:00] [GOAL] Ivan achieved FleeEmission
[15:28:00] [TASK] Pavel → GoToShelter (goal=FleeEmission)
[15:28:00] [GOAL] Pavel achieved FleeEmission
[15:28:00] [TASK] Bohdan → GoToShelter (goal=FleeEmission)
[15:28:00] [GOAL] Bohdan achieved FleeEmission
[15:28:00] [TASK] Nikolai → GoToShelter (goal=FleeEmission)
[15:28:00] [GOAL] Nikolai achieved FleeEmission
[15:28:00] [TASK] Viktor → GoToShelter (goal=FleeEmission)
[15:28:00] [GOAL] Viktor achieved FleeEmission
[15:28:00] [TASK] Ivan → GoToShelter (goal=FleeEmission)
[15:28:00] [GOAL] Ivan achieved FleeEmission
[15:28:00] [TASK] Giorgi → GoToShelter (goal=FleeEmission)
[15:28:00] [GOAL] Giorgi achieved FleeEmission
[15:28:00] [TASK] Armen → GoToShelter (goal=FleeEmission)
[15:28:00] [GOAL] Armen achieved FleeEmission
[15:28:00] [TASK] Sergei → GoToShelter (goal=FleeEmission)
[15:28:00] [GOAL] Sergei achieved FleeEmission
[15:28:00] [TASK] Heinrich → GoToShelter (goal=FleeEmission)
[15:28:00] [GOAL] Heinrich achieved FleeEmission
[15:28:00] [TASK] Vasyl → GoToShelter (goal=FleeEmission)
[15:28:00] [GOAL] Vasyl achieved FleeEmission
[15:28:00] [TASK] Oleksiy → GoToShelter (goal=FleeEmission)
[15:28:00] [GOAL] Oleksiy achieved FleeEmission
[15:28:00] [TASK] Mykola → GoToShelter (goal=FleeEmission)
[15:28:00] [GOAL] Mykola achieved FleeEmission
[15:28:00] [TASK] Taras → GoToShelter (goal=FleeEmission)
[15:28:00] [GOAL] Taras achieved FleeEmission
[15:28:00] [TASK] Rustam → GoToShelter (goal=FleeEmission)
[15:28:00] [GOAL] Rustam achieved FleeEmission
[15:28:00] [TASK] Damir → GoToShelter (goal=FleeEmission)
[15:28:00] [GOAL] Damir achieved FleeEmission
[15:28:00] [TASK] Dmitri → GoToShelter (goal=FleeEmission)
[15:28:00] [GOAL] Dmitri achieved FleeEmission
[15:28:00] [TASK] Sergei → GoToShelter (goal=FleeEmission)
[15:28:00] [GOAL] Sergei achieved FleeEmission
[15:28:01] [INBOUND] Initial +2 ctx.Stalkers, +1 mutants (remaining S=355 M=238)
[15:28:02] [TASK] Bohdan → GoToShelter (goal=FleeEmission)
[15:28:02] [GOAL] Bohdan achieved FleeEmission
[15:28:02] [TASK] Nikolai → GoToShelter (goal=FleeEmission)
[15:28:02] [GOAL] Nikolai achieved FleeEmission
[15:28:02] [TASK] Viktor → GoToShelter (goal=FleeEmission)
[15:28:02] [GOAL] Viktor achieved FleeEmission
[15:28:02] [TASK] Ivan → GoToShelter (goal=FleeEmission)
[15:28:02] [GOAL] Ivan achieved FleeEmission
[15:28:02] [TASK] Giorgi → GoToShelter (goal=FleeEmission)
[15:28:02] [GOAL] Giorgi achieved FleeEmission
[15:28:02] [TASK] Armen → GoToShelter (goal=FleeEmission)
[15:28:02] [GOAL] Armen achieved FleeEmission
[15:28:02] [TASK] Heinrich → GoToShelter (goal=FleeEmission)
[15:28:02] [GOAL] Heinrich achieved FleeEmission
[15:28:02] [TASK] Vasyl → GoToShelter (goal=FleeEmission)
[15:28:02] [GOAL] Vasyl achieved FleeEmission
[15:28:02] [TASK] Oleksiy → GoToShelter (goal=FleeEmission)
[15:28:02] [GOAL] Oleksiy achieved FleeEmission
[15:28:02] [TASK] Mykola → GoToShelter (goal=FleeEmission)
[15:28:02] [GOAL] Mykola achieved FleeEmission
[15:28:02] [TASK] Taras → GoToShelter (goal=FleeEmission)
[15:28:02] [GOAL] Taras achieved FleeEmission
[15:28:02] [TASK] Rustam → GoToShelter (goal=FleeEmission)
[15:28:02] [GOAL] Rustam achieved FleeEmission
[15:28:02] [TASK] Damir → GoToShelter (goal=FleeEmission)
[15:28:02] [GOAL] Damir achieved FleeEmission
[15:28:02] [TASK] Dmitri → GoToShelter (goal=FleeEmission)
[15:28:02] [GOAL] Dmitri achieved FleeEmission
[15:28:02] [TASK] Sergei → GoToShelter (goal=FleeEmission)
[15:28:02] [GOAL] Sergei achieved FleeEmission
[15:28:02] [TASK] Yuriy → GoToShelter (goal=FleeEmission)
[15:28:02] [GOAL] Yuriy achieved FleeEmission
[15:28:02] [TASK] Nodar → GoToShelter (goal=FleeEmission)
[15:28:02] [GOAL] Nodar achieved FleeEmission
[15:28:02] [TASK] Pavel → GoToShelter (goal=FleeEmission)
[15:28:02] [GOAL] Pavel achieved FleeEmission
[15:28:05] [INBOUND] Initial +2 ctx.Stalkers, +1 mutants (remaining S=353 M=237)
[15:28:05] [CORPSE] Despawned 51 bodies (lifetime=999)
[15:28:05] [COMBAT] Sergei Kovalenko 'Wolf' killed Snork using wpn_ak74
[15:28:05] [COMBAT] Damir Petrenko 'Scar' killed Pseudodog using wpn_ak74
[15:28:06] [COMBAT] Mykola Bondarenko 'Stitch' killed Burer using wpn_pkm
[15:28:06] [INBOUND] Initial +2 ctx.Stalkers, +2 mutants (remaining S=351 M=235)
[15:28:06] [TASK] Bohdan → GoToShelter (goal=FleeEmission)
[15:28:06] [GOAL] Bohdan achieved FleeEmission
[15:28:06] [TASK] Nikolai → GoToShelter (goal=FleeEmission)
[15:28:06] [GOAL] Nikolai achieved FleeEmission
[15:28:06] [TASK] Viktor → GoToShelter (goal=FleeEmission)
[15:28:06] [GOAL] Viktor achieved FleeEmission
[15:28:06] [TASK] Ivan → GoToShelter (goal=FleeEmission)
[15:28:06] [GOAL] Ivan achieved FleeEmission
[15:28:06] [TASK] Giorgi → GoToShelter (goal=FleeEmission)
[15:28:06] [GOAL] Giorgi achieved FleeEmission
[15:28:06] [TASK] Armen → GoToShelter (goal=FleeEmission)
[15:28:06] [GOAL] Armen achieved FleeEmission
[15:28:06] [TASK] Heinrich → GoToShelter (goal=FleeEmission)
[15:28:06] [GOAL] Heinrich achieved FleeEmission
[15:28:06] [TASK] Vasyl → GoToShelter (goal=FleeEmission)
[15:28:06] [GOAL] Vasyl achieved FleeEmission
[15:28:06] [TASK] Oleksiy → GoToShelter (goal=FleeEmission)
[15:28:06] [GOAL] Oleksiy achieved FleeEmission
[15:28:06] [TASK] Mykola → GoToShelter (goal=FleeEmission)
[15:28:06] [GOAL] Mykola achieved FleeEmission
[15:28:06] [TASK] Taras → GoToShelter (goal=FleeEmission)
[15:28:06] [GOAL] Taras achieved FleeEmission
[15:28:06] [TASK] Rustam → GoToShelter (goal=FleeEmission)
[15:28:06] [GOAL] Rustam achieved FleeEmission
[15:28:06] [TASK] Damir → GoToShelter (goal=FleeEmission)
[15:28:06] [GOAL] Damir achieved FleeEmission
[15:28:06] [TASK] Dmitri → GoToShelter (goal=FleeEmission)
[15:28:06] [GOAL] Dmitri achieved FleeEmission
[15:28:06] [TASK] Sergei → GoToShelter (goal=FleeEmission)
[15:28:06] [GOAL] Sergei achieved FleeEmission
[15:28:06] [TASK] Nodar → GoToShelter (goal=FleeEmission)
[15:28:06] [GOAL] Nodar achieved FleeEmission
[15:28:06] [TASK] Pavel → GoToShelter (goal=FleeEmission)
[15:28:06] [GOAL] Pavel achieved FleeEmission
[15:28:08] [TASK] Taras → GoToShelter (goal=FleeEmission)
[15:28:08] [GOAL] Taras achieved FleeEmission
[15:28:08] [TASK] Rustam → GoToShelter (goal=FleeEmission)
[15:28:08] [GOAL] Rustam achieved FleeEmission
[15:28:08] [TASK] Damir → GoToShelter (goal=FleeEmission)
[15:28:08] [GOAL] Damir achieved FleeEmission
[15:28:08] [TASK] Sergei → GoToShelter (goal=FleeEmission)
[15:28:08] [GOAL] Sergei achieved FleeEmission
[15:28:08] [TASK] Nodar → GoToShelter (goal=FleeEmission)
[15:28:08] [GOAL] Nodar achieved FleeEmission
[15:28:08] [TASK] Pavel → GoToShelter (goal=FleeEmission)
[15:28:08] [GOAL] Pavel achieved FleeEmission
[15:28:08] [TASK] Taras → GoToShelter (goal=FleeEmission)
[15:28:08] [GOAL] Taras achieved FleeEmission
[15:28:08] [TASK] Bohdan → GoToShelter (goal=FleeEmission)
[15:28:08] [GOAL] Bohdan achieved FleeEmission
[15:28:08] [TASK] Nikolai → GoToShelter (goal=FleeEmission)
[15:28:08] [GOAL] Nikolai achieved FleeEmission
[15:28:08] [TASK] Viktor → GoToShelter (goal=FleeEmission)
[15:28:08] [GOAL] Viktor achieved FleeEmission
[15:28:08] [TASK] Ivan → GoToShelter (goal=FleeEmission)
[15:28:08] [GOAL] Ivan achieved FleeEmission
[15:28:08] [TASK] Giorgi → GoToShelter (goal=FleeEmission)
[15:28:08] [GOAL] Giorgi achieved FleeEmission
[15:28:08] [TASK] Armen → GoToShelter (goal=FleeEmission)
[15:28:08] [GOAL] Armen achieved FleeEmission
[15:28:08] [TASK] Heinrich → GoToShelter (goal=FleeEmission)
[15:28:08] [GOAL] Heinrich achieved FleeEmission
[15:28:08] [TASK] Vasyl → GoToShelter (goal=FleeEmission)
[15:28:08] [GOAL] Vasyl achieved FleeEmission
[15:28:08] [TASK] Oleksiy → GoToShelter (goal=FleeEmission)
[15:28:08] [GOAL] Oleksiy achieved FleeEmission
[15:28:08] [TASK] Mykola → GoToShelter (goal=FleeEmission)
[15:28:08] [GOAL] Mykola achieved FleeEmission
[15:28:10] [INBOUND] Initial +2 ctx.Stalkers, +1 mutants (remaining S=349 M=234)
[15:28:10] [COMBAT] Oleksiy Petrenko 'Fox' killed Rat using wpn_gauss
[15:28:10] [TASK] Bohdan → GoToShelter (goal=FleeEmission)
[15:28:10] [GOAL] Bohdan achieved FleeEmission
[15:28:10] [TASK] Nikolai → GoToShelter (goal=FleeEmission)
[15:28:10] [GOAL] Nikolai achieved FleeEmission
[15:28:10] [TASK] Viktor → GoToShelter (goal=FleeEmission)
[15:28:10] [GOAL] Viktor achieved FleeEmission
[15:28:10] [TASK] Ivan → GoToShelter (goal=FleeEmission)
[15:28:10] [GOAL] Ivan achieved FleeEmission
[15:28:10] [TASK] Giorgi → GoToShelter (goal=FleeEmission)
[15:28:10] [GOAL] Giorgi achieved FleeEmission
[15:28:10] [TASK] Armen → GoToShelter (goal=FleeEmission)
[15:28:10] [GOAL] Armen achieved FleeEmission
[15:28:10] [TASK] Heinrich → GoToShelter (goal=FleeEmission)
[15:28:10] [GOAL] Heinrich achieved FleeEmission
[15:28:10] [TASK] Vasyl → GoToShelter (goal=FleeEmission)
[15:28:10] [GOAL] Vasyl achieved FleeEmission
[15:28:10] [TASK] Oleksiy → GoToShelter (goal=FleeEmission)
[15:28:10] [GOAL] Oleksiy achieved FleeEmission
[15:28:10] [TASK] Mykola → GoToShelter (goal=FleeEmission)
[15:28:10] [GOAL] Mykola achieved FleeEmission
[15:28:10] [TASK] Taras → GoToShelter (goal=FleeEmission)
[15:28:10] [GOAL] Taras achieved FleeEmission
[15:28:10] [TASK] Rustam → GoToShelter (goal=FleeEmission)
[15:28:10] [GOAL] Rustam achieved FleeEmission
[15:28:10] [TASK] Damir → GoToShelter (goal=FleeEmission)
[15:28:10] [GOAL] Damir achieved FleeEmission
[15:28:10] [TASK] Sergei → GoToShelter (goal=FleeEmission)
[15:28:10] [GOAL] Sergei achieved FleeEmission
[15:28:10] [TASK] Pavel → GoToShelter (goal=FleeEmission)
[15:28:10] [GOAL] Pavel achieved FleeEmission
[15:28:10] [TASK] Nodar → GoToShelter (goal=FleeEmission)
[15:28:10] [GOAL] Nodar achieved FleeEmission
[15:28:10] [TASK] Pavel → GoToShelter (goal=FleeEmission)
[15:28:10] [GOAL] Pavel achieved FleeEmission
[15:28:13] [INBOUND] Initial +2 ctx.Stalkers, +2 mutants (remaining S=347 M=232)
[15:28:13] [TASK] Bohdan → GoToShelter (goal=FleeEmission)
[15:28:13] [GOAL] Bohdan achieved FleeEmission
[15:28:13] [TASK] Nikolai → GoToShelter (goal=FleeEmission)
[15:28:13] [GOAL] Nikolai achieved FleeEmission
[15:28:13] [TASK] Viktor → GoToShelter (goal=FleeEmission)
[15:28:13] [GOAL] Viktor achieved FleeEmission
[15:28:13] [TASK] Ivan → GoToShelter (goal=FleeEmission)
[15:28:13] [GOAL] Ivan achieved FleeEmission
[15:28:13] [TASK] Giorgi → GoToShelter (goal=FleeEmission)
[15:28:13] [GOAL] Giorgi achieved FleeEmission
[15:28:13] [TASK] Armen → GoToShelter (goal=FleeEmission)
[15:28:13] [GOAL] Armen achieved FleeEmission
[15:28:13] [TASK] Heinrich → GoToShelter (goal=FleeEmission)
[15:28:13] [GOAL] Heinrich achieved FleeEmission
[15:28:13] [TASK] Vasyl → GoToShelter (goal=FleeEmission)
[15:28:13] [GOAL] Vasyl achieved FleeEmission
[15:28:13] [TASK] Oleksiy → GoToShelter (goal=FleeEmission)
[15:28:13] [GOAL] Oleksiy achieved FleeEmission
[15:28:13] [TASK] Mykola → GoToShelter (goal=FleeEmission)
[15:28:13] [GOAL] Mykola achieved FleeEmission
[15:28:13] [TASK] Taras → GoToShelter (goal=FleeEmission)
[15:28:13] [GOAL] Taras achieved FleeEmission
[15:28:13] [TASK] Rustam → GoToShelter (goal=FleeEmission)
[15:28:13] [GOAL] Rustam achieved FleeEmission
[15:28:13] [TASK] Damir → GoToShelter (goal=FleeEmission)
[15:28:13] [GOAL] Damir achieved FleeEmission
[15:28:13] [TASK] Sergei → GoToShelter (goal=FleeEmission)
[15:28:13] [GOAL] Sergei achieved FleeEmission
[15:28:13] [TASK] Nodar → GoToShelter (goal=FleeEmission)
[15:28:13] [GOAL] Nodar achieved FleeEmission
[15:28:13] [TASK] Pavel → GoToShelter (goal=FleeEmission)
[15:28:13] [GOAL] Pavel achieved FleeEmission
[15:28:13] [TASK] Viktor → GoToShelter (goal=FleeEmission)
[15:28:13] [GOAL] Viktor achieved FleeEmission
[15:28:13] [TASK] Oleg → GoToShelter (goal=FleeEmission)
[15:28:13] [GOAL] Oleg achieved FleeEmission
[15:28:15] [INBOUND] Initial +2 ctx.Stalkers, +1 mutants (remaining S=345 M=231)
[15:28:15] [SNAPSHOT] real=13.4min game=D0 00:55 alive S=216 M=256 corpses=537 lootable=293 gammaGear out=116 helm=190 avgRU=863 leaderGoals trade=0 mission=18 emission=Dormant nextIn=21gmin desperate=0 hungry=0 interval deaths=25 combats=35 tasks=194 gearLoot=0 gearBuy=0 missions=0 corpseDespawn=51 trickleSpawns=0 ranks=[Rookie:210,Trainee:4,Professional:2] goals=[Idle:98,FleeEmission::18] leaders: Andriy[Rookie/Idle], Bohdan[Rookie/FleeEmission:], Nikolai[Rookie/FleeEmission:], Oleg[Rookie/Idle], Mikhail[Rookie/Idle]
[15:28:15] [TASK] Bohdan → GoToShelter (goal=FleeEmission)
[15:28:15] [GOAL] Bohdan achieved FleeEmission
[15:28:15] [TASK] Nikolai → GoToShelter (goal=FleeEmission)
[15:28:15] [GOAL] Nikolai achieved FleeEmission
[15:28:15] [TASK] Viktor → GoToShelter (goal=FleeEmission)
[15:28:15] [GOAL] Viktor achieved FleeEmission
[15:28:15] [TASK] Ivan → GoToShelter (goal=FleeEmission)
[15:28:15] [GOAL] Ivan achieved FleeEmission
[15:28:15] [TASK] Giorgi → GoToShelter (goal=FleeEmission)
[15:28:15] [GOAL] Giorgi achieved FleeEmission
[15:28:15] [TASK] Armen → GoToShelter (goal=FleeEmission)
[15:28:15] [GOAL] Armen achieved FleeEmission
[15:28:16] [TASK] Heinrich → GoToShelter (goal=FleeEmission)
[15:28:16] [GOAL] Heinrich achieved FleeEmission
[15:28:16] [TASK] Vasyl → GoToShelter (goal=FleeEmission)
[15:28:16] [GOAL] Vasyl achieved FleeEmission
[15:28:16] [TASK] Oleksiy → GoToShelter (goal=FleeEmission)
[15:28:16] [GOAL] Oleksiy achieved FleeEmission
[15:28:16] [TASK] Mykola → GoToShelter (goal=FleeEmission)
[15:28:16] [GOAL] Mykola achieved FleeEmission
[15:28:16] [TASK] Taras → GoToShelter (goal=FleeEmission)
[15:28:16] [GOAL] Taras achieved FleeEmission
[15:28:16] [TASK] Rustam → GoToShelter (goal=FleeEmission)
[15:28:16] [GOAL] Rustam achieved FleeEmission
[15:28:16] [TASK] Damir → GoToShelter (goal=FleeEmission)
[15:28:16] [GOAL] Damir achieved FleeEmission
[15:28:16] [TASK] Sergei → GoToShelter (goal=FleeEmission)
[15:28:16] [GOAL] Sergei achieved FleeEmission
[15:28:16] [TASK] Nodar → GoToShelter (goal=FleeEmission)
[15:28:16] [GOAL] Nodar achieved FleeEmission
[15:28:16] [TASK] Pavel → GoToShelter (goal=FleeEmission)
[15:28:16] [GOAL] Pavel achieved FleeEmission
[15:28:16] [TASK] Taras → GoToShelter (goal=FleeEmission)
[15:28:16] [GOAL] Taras achieved FleeEmission
[15:28:17] [COMBAT] Jake Ivanov 'Crow' killed Snork using wpn_val
[15:28:18] [INBOUND] Initial +2 ctx.Stalkers, +1 mutants (remaining S=343 M=230)
[15:28:18] [TASK] Bohdan → GoToShelter (goal=FleeEmission)
[15:28:18] [GOAL] Bohdan achieved FleeEmission
[15:28:18] [TASK] Nikolai → GoToShelter (goal=FleeEmission)
[15:28:18] [GOAL] Nikolai achieved FleeEmission
[15:28:18] [RANK] Mykola Sokolov 'Wolf' → Trainee
[15:28:18] [COMBAT] Mykola Sokolov 'Wolf' killed Lurker using wpn_ak74m
[15:28:18] [TASK] Viktor → GoToShelter (goal=FleeEmission)
[15:28:18] [GOAL] Viktor achieved FleeEmission
[15:28:18] [TASK] Ivan → GoToShelter (goal=FleeEmission)
[15:28:18] [GOAL] Ivan achieved FleeEmission
[15:28:18] [TASK] Giorgi → GoToShelter (goal=FleeEmission)
[15:28:18] [GOAL] Giorgi achieved FleeEmission
[15:28:18] [TASK] Armen → GoToShelter (goal=FleeEmission)
[15:28:18] [GOAL] Armen achieved FleeEmission
[15:28:18] [TASK] Heinrich → GoToShelter (goal=FleeEmission)
[15:28:18] [GOAL] Heinrich achieved FleeEmission
[15:28:18] [TASK] Vasyl → GoToShelter (goal=FleeEmission)
[15:28:18] [GOAL] Vasyl achieved FleeEmission
[15:28:18] [TASK] Oleksiy → GoToShelter (goal=FleeEmission)
[15:28:18] [GOAL] Oleksiy achieved FleeEmission
[15:28:18] [TASK] Mykola → GoToShelter (goal=FleeEmission)
[15:28:18] [GOAL] Mykola achieved FleeEmission
[15:28:18] [TASK] Taras → GoToShelter (goal=FleeEmission)
[15:28:18] [GOAL] Taras achieved FleeEmission
[15:28:18] [TASK] Rustam → GoToShelter (goal=FleeEmission)
[15:28:18] [GOAL] Rustam achieved FleeEmission
[15:28:18] [TASK] Damir → GoToShelter (goal=FleeEmission)
[15:28:18] [GOAL] Damir achieved FleeEmission
[15:28:18] [TASK] Sergei → GoToShelter (goal=FleeEmission)
[15:28:18] [GOAL] Sergei achieved FleeEmission
[15:28:18] [TASK] Nodar → GoToShelter (goal=FleeEmission)
[15:28:18] [GOAL] Nodar achieved FleeEmission
[15:28:18] [TASK] Pavel → GoToShelter (goal=FleeEmission)
[15:28:18] [GOAL] Pavel achieved FleeEmission
[15:28:21] [INBOUND] Initial +2 ctx.Stalkers, +2 mutants (remaining S=341 M=228)
[15:28:21] [TASK] Bohdan → GoToShelter (goal=FleeEmission)
[15:28:21] [GOAL] Bohdan achieved FleeEmission
[15:28:21] [TASK] Nikolai → GoToShelter (goal=FleeEmission)
[15:28:21] [GOAL] Nikolai achieved FleeEmission
[15:28:21] [TASK] Viktor → GoToShelter (goal=FleeEmission)
[15:28:21] [GOAL] Viktor achieved FleeEmission
[15:28:21] [TASK] Ivan → GoToShelter (goal=FleeEmission)
[15:28:21] [GOAL] Ivan achieved FleeEmission
[15:28:21] [TASK] Giorgi → GoToShelter (goal=FleeEmission)
[15:28:21] [GOAL] Giorgi achieved FleeEmission
[15:28:21] [TASK] Armen → GoToShelter (goal=FleeEmission)
[15:28:21] [GOAL] Armen achieved FleeEmission
[15:28:21] [TASK] Heinrich → GoToShelter (goal=FleeEmission)
[15:28:21] [GOAL] Heinrich achieved FleeEmission
[15:28:21] [TASK] Vasyl → GoToShelter (goal=FleeEmission)
[15:28:21] [GOAL] Vasyl achieved FleeEmission
[15:28:21] [TASK] Oleksiy → GoToShelter (goal=FleeEmission)
[15:28:21] [GOAL] Oleksiy achieved FleeEmission
[15:28:21] [TASK] Mykola → GoToShelter (goal=FleeEmission)
[15:28:21] [GOAL] Mykola achieved FleeEmission
[15:28:21] [TASK] Taras → GoToShelter (goal=FleeEmission)
[15:28:21] [GOAL] Taras achieved FleeEmission
[15:28:21] [TASK] Rustam → GoToShelter (goal=FleeEmission)
[15:28:21] [GOAL] Rustam achieved FleeEmission
[15:28:21] [TASK] Damir → GoToShelter (goal=FleeEmission)
[15:28:21] [GOAL] Damir achieved FleeEmission
[15:28:21] [TASK] Sergei → GoToShelter (goal=FleeEmission)
[15:28:21] [GOAL] Sergei achieved FleeEmission
[15:28:21] [TASK] Nodar → GoToShelter (goal=FleeEmission)
[15:28:21] [GOAL] Nodar achieved FleeEmission
[15:28:21] [TASK] Pavel → GoToShelter (goal=FleeEmission)
[15:28:21] [GOAL] Pavel achieved FleeEmission
[15:28:21] [TASK] Dmytro → GoToShelter (goal=FleeEmission)
[15:28:21] [GOAL] Dmytro achieved FleeEmission
[15:28:21] [TASK] Lasha → GoToShelter (goal=FleeEmission)
[15:28:21] [GOAL] Lasha achieved FleeEmission
[15:28:21] [TASK] Yuriy → GoToShelter (goal=FleeEmission)
[15:28:21] [GOAL] Yuriy achieved FleeEmission
[15:28:23] [COMBAT] Heinrich Melnyk 'Bone' killed BlindDog using wpn_val
[15:28:24] [INBOUND] Initial +2 ctx.Stalkers, +1 mutants (remaining S=339 M=227)
[15:28:24] [TASK] Bohdan → GoToShelter (goal=FleeEmission)
[15:28:24] [GOAL] Bohdan achieved FleeEmission
[15:28:24] [TASK] Nikolai → GoToShelter (goal=FleeEmission)
[15:28:24] [GOAL] Nikolai achieved FleeEmission
[15:28:24] [TASK] Viktor → GoToShelter (goal=FleeEmission)
[15:28:24] [GOAL] Viktor achieved FleeEmission
[15:28:24] [TASK] Ivan → GoToShelter (goal=FleeEmission)
[15:28:24] [GOAL] Ivan achieved FleeEmission
[15:28:24] [TASK] Giorgi → GoToShelter (goal=FleeEmission)
[15:28:24] [GOAL] Giorgi achieved FleeEmission
[15:28:24] [TASK] Armen → GoToShelter (goal=FleeEmission)
[15:28:24] [GOAL] Armen achieved FleeEmission
[15:28:24] [TASK] Heinrich → GoToShelter (goal=FleeEmission)
[15:28:24] [GOAL] Heinrich achieved FleeEmission
[15:28:24] [TASK] Vasyl → GoToShelter (goal=FleeEmission)
[15:28:24] [GOAL] Vasyl achieved FleeEmission
[15:28:24] [TASK] Oleksiy → GoToShelter (goal=FleeEmission)
[15:28:24] [GOAL] Oleksiy achieved FleeEmission
[15:28:24] [TASK] Mykola → GoToShelter (goal=FleeEmission)
[15:28:24] [GOAL] Mykola achieved FleeEmission
[15:28:24] [TASK] Taras → GoToShelter (goal=FleeEmission)
[15:28:24] [GOAL] Taras achieved FleeEmission
[15:28:24] [TASK] Rustam → GoToShelter (goal=FleeEmission)
[15:28:24] [GOAL] Rustam achieved FleeEmission
[15:28:24] [TASK] Damir → GoToShelter (goal=FleeEmission)
[15:28:24] [GOAL] Damir achieved FleeEmission
[15:28:24] [TASK] Sergei → GoToShelter (goal=FleeEmission)
[15:28:24] [GOAL] Sergei achieved FleeEmission
[15:28:24] [TASK] Nodar → GoToShelter (goal=FleeEmission)
[15:28:24] [GOAL] Nodar achieved FleeEmission
[15:28:24] [TASK] Pavel → GoToShelter (goal=FleeEmission)
[15:28:24] [GOAL] Pavel achieved FleeEmission
[15:28:24] [TASK] Yuriy → GoToShelter (goal=FleeEmission)
[15:28:24] [GOAL] Yuriy achieved FleeEmission
[15:28:26] [COMBAT] Oleksiy Volkov 'Bone' killed Lurker using wpn_fn2000
[15:28:26] [INBOUND] Initial +2 ctx.Stalkers, +1 mutants (remaining S=337 M=226)
[15:28:26] [TASK] Bohdan → GoToShelter (goal=FleeEmission)
[15:28:26] [GOAL] Bohdan achieved FleeEmission
[15:28:26] [TASK] Nikolai → GoToShelter (goal=FleeEmission)
[15:28:26] [GOAL] Nikolai achieved FleeEmission
[15:28:26] [TASK] Viktor → GoToShelter (goal=FleeEmission)
[15:28:26] [GOAL] Viktor achieved FleeEmission
[15:28:26] [TASK] Ivan → GoToShelter (goal=FleeEmission)
[15:28:26] [GOAL] Ivan achieved FleeEmission
[15:28:26] [TASK] Giorgi → GoToShelter (goal=FleeEmission)
[15:28:26] [GOAL] Giorgi achieved FleeEmission
[15:28:26] [TASK] Armen → GoToShelter (goal=FleeEmission)
[15:28:26] [GOAL] Armen achieved FleeEmission
[15:28:27] [TASK] Heinrich → GoToShelter (goal=FleeEmission)
[15:28:27] [GOAL] Heinrich achieved FleeEmission
[15:28:27] [TASK] Vasyl → GoToShelter (goal=FleeEmission)
[15:28:27] [GOAL] Vasyl achieved FleeEmission
[15:28:27] [TASK] Oleksiy → GoToShelter (goal=FleeEmission)
[15:28:27] [GOAL] Oleksiy achieved FleeEmission
[15:28:27] [TASK] Mykola → GoToShelter (goal=FleeEmission)
[15:28:27] [GOAL] Mykola achieved FleeEmission
[15:28:27] [TASK] Taras → GoToShelter (goal=FleeEmission)
[15:28:27] [GOAL] Taras achieved FleeEmission
[15:28:27] [TASK] Rustam → GoToShelter (goal=FleeEmission)
[15:28:27] [GOAL] Rustam achieved FleeEmission
[15:28:27] [TASK] Damir → GoToShelter (goal=FleeEmission)
[15:28:27] [GOAL] Damir achieved FleeEmission
[15:28:27] [TASK] Sergei → GoToShelter (goal=FleeEmission)
[15:28:27] [GOAL] Sergei achieved FleeEmission
[15:28:27] [TASK] Nodar → GoToShelter (goal=FleeEmission)
[15:28:27] [GOAL] Nodar achieved FleeEmission
[15:28:27] [TASK] Pavel → GoToShelter (goal=FleeEmission)
[15:28:27] [GOAL] Pavel achieved FleeEmission
[15:28:27] [TASK] Yuriy → GoToShelter (goal=FleeEmission)
[15:28:27] [GOAL] Yuriy achieved FleeEmission
[15:28:27] [TASK] Marcus → GoToShelter (goal=FleeEmission)
[15:28:27] [GOAL] Marcus achieved FleeEmission
[15:28:29] [COMBAT] Oleg Ivanov 'Stitch' killed Serhiy Bondarenko 'Broken Nose' using wpn_vintorez
[15:28:29] [INBOUND] Initial +2 ctx.Stalkers, +2 mutants (remaining S=335 M=224)
[15:28:29] [TASK] Bohdan → GoToShelter (goal=FleeEmission)
[15:28:29] [GOAL] Bohdan achieved FleeEmission
[15:28:29] [TASK] Nikolai → GoToShelter (goal=FleeEmission)
[15:28:29] [GOAL] Nikolai achieved FleeEmission
[15:28:29] [TASK] Viktor → GoToShelter (goal=FleeEmission)
[15:28:29] [GOAL] Viktor achieved FleeEmission
[15:28:29] [TASK] Ivan → GoToShelter (goal=FleeEmission)
[15:28:29] [GOAL] Ivan achieved FleeEmission
[15:28:29] [TASK] Giorgi → GoToShelter (goal=FleeEmission)
[15:28:29] [GOAL] Giorgi achieved FleeEmission
[15:28:29] [TASK] Armen → GoToShelter (goal=FleeEmission)
[15:28:29] [GOAL] Armen achieved FleeEmission
[15:28:29] [TASK] Heinrich → GoToShelter (goal=FleeEmission)
[15:28:29] [GOAL] Heinrich achieved FleeEmission
[15:28:29] [TASK] Vasyl → GoToShelter (goal=FleeEmission)
[15:28:29] [GOAL] Vasyl achieved FleeEmission
[15:28:29] [TASK] Oleksiy → GoToShelter (goal=FleeEmission)
[15:28:29] [GOAL] Oleksiy achieved FleeEmission
[15:28:29] [TASK] Mykola → GoToShelter (goal=FleeEmission)
[15:28:29] [GOAL] Mykola achieved FleeEmission
[15:28:29] [TASK] Taras → GoToShelter (goal=FleeEmission)
[15:28:29] [GOAL] Taras achieved FleeEmission
[15:28:29] [TASK] Rustam → GoToShelter (goal=FleeEmission)
[15:28:29] [GOAL] Rustam achieved FleeEmission
[15:28:29] [TASK] Damir → GoToShelter (goal=FleeEmission)
[15:28:29] [GOAL] Damir achieved FleeEmission
[15:28:29] [TASK] Sergei → GoToShelter (goal=FleeEmission)
[15:28:29] [GOAL] Sergei achieved FleeEmission
[15:28:29] [TASK] Nodar → GoToShelter (goal=FleeEmission)
[15:28:29] [GOAL] Nodar achieved FleeEmission
[15:28:29] [TASK] Pavel → GoToShelter (goal=FleeEmission)
[15:28:29] [GOAL] Pavel achieved FleeEmission
[15:28:29] [TASK] Yuriy → GoToShelter (goal=FleeEmission)
[15:28:29] [GOAL] Yuriy achieved FleeEmission
[15:28:29] [TASK] Bohdan → GoToShelter (goal=FleeEmission)
[15:28:29] [GOAL] Bohdan achieved FleeEmission
[15:28:29] [TASK] Bakhyt → GoToShelter (goal=FleeEmission)
[15:28:29] [GOAL] Bakhyt achieved FleeEmission
[15:28:32] [COMBAT] Viktor Ivanov 'Fox' killed Snork using wpn_vintorez
[15:28:32] [INBOUND] Initial +3 ctx.Stalkers, +1 mutants (remaining S=332 M=223)
[15:28:32] [CORPSE] Despawned 28 bodies (lifetime=1027)
[15:28:32] [TASK] Bohdan → GoToShelter (goal=FleeEmission)
[15:28:32] [GOAL] Bohdan achieved FleeEmission
[15:28:32] [TASK] Nikolai → GoToShelter (goal=FleeEmission)
[15:28:32] [GOAL] Nikolai achieved FleeEmission
[15:28:32] [TASK] Viktor → GoToShelter (goal=FleeEmission)
[15:28:32] [GOAL] Viktor achieved FleeEmission
[15:28:32] [TASK] Ivan → GoToShelter (goal=FleeEmission)
[15:28:32] [GOAL] Ivan achieved FleeEmission
[15:28:32] [TASK] Giorgi → GoToShelter (goal=FleeEmission)
[15:28:32] [GOAL] Giorgi achieved FleeEmission
[15:28:32] [TASK] Armen → GoToShelter (goal=FleeEmission)
[15:28:32] [GOAL] Armen achieved FleeEmission
[15:28:32] [TASK] Heinrich → GoToShelter (goal=FleeEmission)
[15:28:32] [GOAL] Heinrich achieved FleeEmission
[15:28:32] [TASK] Vasyl → GoToShelter (goal=FleeEmission)
[15:28:32] [GOAL] Vasyl achieved FleeEmission
[15:28:32] [TASK] Oleksiy → GoToShelter (goal=FleeEmission)
[15:28:32] [GOAL] Oleksiy achieved FleeEmission
[15:28:32] [TASK] Mykola → GoToShelter (goal=FleeEmission)
[15:28:32] [GOAL] Mykola achieved FleeEmission
[15:28:32] [TASK] Bakhyt → GoToShelter (goal=FleeEmission)
[15:28:32] [GOAL] Bakhyt achieved FleeEmission
[15:28:32] [TASK] Taras → GoToShelter (goal=FleeEmission)
[15:28:32] [GOAL] Taras achieved FleeEmission
[15:28:32] [TASK] Rustam → GoToShelter (goal=FleeEmission)
[15:28:32] [GOAL] Rustam achieved FleeEmission
[15:28:32] [TASK] Damir → GoToShelter (goal=FleeEmission)
[15:28:32] [GOAL] Damir achieved FleeEmission
[15:28:32] [TASK] Sergei → GoToShelter (goal=FleeEmission)
[15:28:32] [GOAL] Sergei achieved FleeEmission
[15:28:32] [TASK] Nodar → GoToShelter (goal=FleeEmission)
[15:28:32] [GOAL] Nodar achieved FleeEmission
[15:28:32] [TASK] Pavel → GoToShelter (goal=FleeEmission)
[15:28:32] [GOAL] Pavel achieved FleeEmission
[15:28:32] [TASK] Yuriy → GoToShelter (goal=FleeEmission)
[15:28:32] [GOAL] Yuriy achieved FleeEmission
[15:28:34] [COMBAT] Mykola Bondarenko 'Bullet' killed Taras Shevchenko 'The Nail' using wpn_mp5
[15:28:34] [GEAR] Mykola looted [wpn_pb] via combat
[15:28:35] [INBOUND] Initial +2 ctx.Stalkers, +2 mutants (remaining S=330 M=221)
[15:28:35] [TASK] Bohdan → GoToShelter (goal=FleeEmission)
[15:28:35] [GOAL] Bohdan achieved FleeEmission
[15:28:35] [TASK] Nikolai → GoToShelter (goal=FleeEmission)
[15:28:35] [GOAL] Nikolai achieved FleeEmission
[15:28:35] [TASK] Viktor → GoToShelter (goal=FleeEmission)
[15:28:35] [GOAL] Viktor achieved FleeEmission
[15:28:35] [TASK] Ivan → GoToShelter (goal=FleeEmission)
[15:28:35] [GOAL] Ivan achieved FleeEmission
[15:28:35] [TASK] Giorgi → GoToShelter (goal=FleeEmission)
[15:28:35] [GOAL] Giorgi achieved FleeEmission
[15:28:35] [TASK] Armen → GoToShelter (goal=FleeEmission)
[15:28:35] [GOAL] Armen achieved FleeEmission
[15:28:35] [TASK] Heinrich → GoToShelter (goal=FleeEmission)
[15:28:35] [GOAL] Heinrich achieved FleeEmission
[15:28:35] [TASK] Vasyl → GoToShelter (goal=FleeEmission)
[15:28:35] [GOAL] Vasyl achieved FleeEmission
[15:28:35] [TASK] Oleksiy → GoToShelter (goal=FleeEmission)
[15:28:35] [GOAL] Oleksiy achieved FleeEmission
[15:28:35] [TASK] Mykola → GoToShelter (goal=FleeEmission)
[15:28:35] [GOAL] Mykola achieved FleeEmission
[15:28:35] [TASK] Taras → GoToShelter (goal=FleeEmission)
[15:28:35] [GOAL] Taras achieved FleeEmission
[15:28:35] [TASK] Rustam → GoToShelter (goal=FleeEmission)
[15:28:35] [GOAL] Rustam achieved FleeEmission
[15:28:35] [TASK] Damir → GoToShelter (goal=FleeEmission)
[15:28:35] [GOAL] Damir achieved FleeEmission
[15:28:35] [TASK] Sergei → GoToShelter (goal=FleeEmission)
[15:28:35] [GOAL] Sergei achieved FleeEmission
[15:28:35] [TASK] Nodar → GoToShelter (goal=FleeEmission)
[15:28:35] [GOAL] Nodar achieved FleeEmission
[15:28:35] [TASK] Pavel → GoToShelter (goal=FleeEmission)
[15:28:35] [GOAL] Pavel achieved FleeEmission
[15:28:35] [TASK] Yuriy → GoToShelter (goal=FleeEmission)
[15:28:35] [GOAL] Yuriy achieved FleeEmission
[15:28:35] [TASK] Andriy → GoToShelter (goal=FleeEmission)
[15:28:35] [GOAL] Andriy achieved FleeEmission
[15:28:35] [TASK] Mikhail → GoToShelter (goal=FleeEmission)
[15:28:35] [GOAL] Mikhail achieved FleeEmission
[15:28:37] [COMBAT] Sergei Petrov 'Viper' killed Pseudodog using wpn_mp5
[15:28:37] [INBOUND] Initial +2 ctx.Stalkers, +1 mutants (remaining S=328 M=220)
[15:28:38] [INBOUND] Initial +2 ctx.Stalkers, +1 mutants (remaining S=326 M=219)
[15:28:38] [TASK] Bohdan → GoToShelter (goal=FleeEmission)
[15:28:38] [GOAL] Bohdan achieved FleeEmission
[15:28:38] [TASK] Nikolai → GoToShelter (goal=FleeEmission)
[15:28:38] [GOAL] Nikolai achieved FleeEmission
[15:28:38] [TASK] Viktor → GoToShelter (goal=FleeEmission)
[15:28:38] [GOAL] Viktor achieved FleeEmission
[15:28:38] [TASK] Ivan → GoToShelter (goal=FleeEmission)
[15:28:38] [GOAL] Ivan achieved FleeEmission
[15:28:38] [TASK] Giorgi → GoToShelter (goal=FleeEmission)
[15:28:38] [GOAL] Giorgi achieved FleeEmission
[15:28:38] [TASK] Armen → GoToShelter (goal=FleeEmission)
[15:28:38] [GOAL] Armen achieved FleeEmission
[15:28:38] [TASK] Heinrich → GoToShelter (goal=FleeEmission)
[15:28:38] [GOAL] Heinrich achieved FleeEmission
[15:28:38] [TASK] Vasyl → GoToShelter (goal=FleeEmission)
[15:28:38] [GOAL] Vasyl achieved FleeEmission
[15:28:38] [TASK] Oleksiy → GoToShelter (goal=FleeEmission)
[15:28:38] [GOAL] Oleksiy achieved FleeEmission
[15:28:38] [TASK] Mykola → GoToShelter (goal=FleeEmission)
[15:28:38] [GOAL] Mykola achieved FleeEmission
[15:28:38] [TASK] Taras → GoToShelter (goal=FleeEmission)
[15:28:38] [GOAL] Taras achieved FleeEmission
[15:28:38] [TASK] Rustam → GoToShelter (goal=FleeEmission)
[15:28:38] [GOAL] Rustam achieved FleeEmission
[15:28:38] [TASK] Damir → GoToShelter (goal=FleeEmission)
[15:28:38] [GOAL] Damir achieved FleeEmission
[15:28:38] [TASK] Sergei → GoToShelter (goal=FleeEmission)
[15:28:38] [GOAL] Sergei achieved FleeEmission
[15:28:38] [TASK] Nodar → GoToShelter (goal=FleeEmission)
[15:28:38] [GOAL] Nodar achieved FleeEmission
[15:28:38] [TASK] Pavel → GoToShelter (goal=FleeEmission)
[15:28:38] [GOAL] Pavel achieved FleeEmission
[15:28:38] [TASK] Yuriy → GoToShelter (goal=FleeEmission)
[15:28:38] [GOAL] Yuriy achieved FleeEmission
[15:28:38] [TASK] Dmytro → GoToShelter (goal=FleeEmission)
[15:28:38] [GOAL] Dmytro achieved FleeEmission
[15:28:38] [TASK] Mykola → GoToShelter (goal=FleeEmission)
[15:28:38] [GOAL] Mykola achieved FleeEmission
[15:28:41] [COMBAT] Igor Sokolov 'Scar' killed Snork using wpn_vintorez
[15:28:41] [INBOUND] Initial +2 ctx.Stalkers, +2 mutants (remaining S=324 M=217)
[15:28:41] [TASK] Bohdan → GoToShelter (goal=FleeEmission)
[15:28:41] [GOAL] Bohdan achieved FleeEmission
[15:28:41] [TASK] Nikolai → GoToShelter (goal=FleeEmission)
[15:28:41] [GOAL] Nikolai achieved FleeEmission
[15:28:41] [TASK] Viktor → GoToShelter (goal=FleeEmission)
[15:28:41] [GOAL] Viktor achieved FleeEmission
[15:28:41] [TASK] Ivan → GoToShelter (goal=FleeEmission)
[15:28:41] [GOAL] Ivan achieved FleeEmission
[15:28:41] [TASK] Giorgi → GoToShelter (goal=FleeEmission)
[15:28:41] [GOAL] Giorgi achieved FleeEmission
[15:28:41] [TASK] Armen → GoToShelter (goal=FleeEmission)
[15:28:41] [GOAL] Armen achieved FleeEmission
[15:28:41] [TASK] Heinrich → GoToShelter (goal=FleeEmission)
[15:28:41] [GOAL] Heinrich achieved FleeEmission
[15:28:41] [TASK] Vasyl → GoToShelter (goal=FleeEmission)
[15:28:41] [GOAL] Vasyl achieved FleeEmission
[15:28:41] [TASK] Oleksiy → GoToShelter (goal=FleeEmission)
[15:28:41] [GOAL] Oleksiy achieved FleeEmission
[15:28:41] [TASK] Mykola → GoToShelter (goal=FleeEmission)
[15:28:41] [GOAL] Mykola achieved FleeEmission
[15:28:41] [TASK] Taras → GoToShelter (goal=FleeEmission)
[15:28:41] [GOAL] Taras achieved FleeEmission
[15:28:41] [TASK] Rustam → GoToShelter (goal=FleeEmission)
[15:28:41] [GOAL] Rustam achieved FleeEmission
[15:28:41] [TASK] Damir → GoToShelter (goal=FleeEmission)
[15:28:41] [GOAL] Damir achieved FleeEmission
[15:28:41] [TASK] Sergei → GoToShelter (goal=FleeEmission)
[15:28:41] [GOAL] Sergei achieved FleeEmission
[15:28:41] [TASK] Nodar → GoToShelter (goal=FleeEmission)
[15:28:41] [GOAL] Nodar achieved FleeEmission
[15:28:41] [TASK] Pavel → GoToShelter (goal=FleeEmission)
[15:28:41] [GOAL] Pavel achieved FleeEmission
[15:28:41] [TASK] Yuriy → GoToShelter (goal=FleeEmission)
[15:28:41] [GOAL] Yuriy achieved FleeEmission
[15:28:41] [TASK] Mikhail → GoToShelter (goal=FleeEmission)
[15:28:41] [GOAL] Mikhail achieved FleeEmission
[15:28:43] [COMBAT] Nikolai Bondarenko 'Wolf' killed Bakhyt Popov 'Badger' using wpn_pkm
[15:28:44] [INBOUND] Initial +2 ctx.Stalkers, +1 mutants (remaining S=322 M=216)
[15:28:44] [COMBAT] Mikhail Popov 'Wolf' killed Chimera using wpn_pkm
[15:28:44] [TASK] Bohdan → GoToShelter (goal=FleeEmission)
[15:28:44] [GOAL] Bohdan achieved FleeEmission
[15:28:44] [TASK] Nikolai → GoToShelter (goal=FleeEmission)
[15:28:44] [GOAL] Nikolai achieved FleeEmission
[15:28:44] [TASK] Viktor → GoToShelter (goal=FleeEmission)
[15:28:44] [GOAL] Viktor achieved FleeEmission
[15:28:44] [TASK] Ivan → GoToShelter (goal=FleeEmission)
[15:28:44] [GOAL] Ivan achieved FleeEmission
[15:28:44] [TASK] Giorgi → GoToShelter (goal=FleeEmission)
[15:28:44] [GOAL] Giorgi achieved FleeEmission
[15:28:44] [TASK] Armen → GoToShelter (goal=FleeEmission)
[15:28:44] [GOAL] Armen achieved FleeEmission
[15:28:44] [TASK] Heinrich → GoToShelter (goal=FleeEmission)
[15:28:44] [GOAL] Heinrich achieved FleeEmission
[15:28:44] [TASK] Vasyl → GoToShelter (goal=FleeEmission)
[15:28:44] [GOAL] Vasyl achieved FleeEmission
[15:28:44] [TASK] Oleksiy → GoToShelter (goal=FleeEmission)
[15:28:44] [GOAL] Oleksiy achieved FleeEmission
[15:28:44] [TASK] Mykola → GoToShelter (goal=FleeEmission)
[15:28:44] [GOAL] Mykola achieved FleeEmission
[15:28:44] [TASK] Taras → GoToShelter (goal=FleeEmission)
[15:28:44] [GOAL] Taras achieved FleeEmission
[15:28:44] [TASK] Rustam → GoToShelter (goal=FleeEmission)
[15:28:44] [GOAL] Rustam achieved FleeEmission
[15:28:44] [TASK] Damir → GoToShelter (goal=FleeEmission)
[15:28:44] [GOAL] Damir achieved FleeEmission
[15:28:44] [TASK] Sergei → GoToShelter (goal=FleeEmission)
[15:28:44] [GOAL] Sergei achieved FleeEmission
[15:28:44] [TASK] Nodar → GoToShelter (goal=FleeEmission)
[15:28:44] [GOAL] Nodar achieved FleeEmission
[15:28:44] [TASK] Pavel → GoToShelter (goal=FleeEmission)
[15:28:44] [GOAL] Pavel achieved FleeEmission
[15:28:44] [TASK] Yuriy → GoToShelter (goal=FleeEmission)
[15:28:44] [GOAL] Yuriy achieved FleeEmission
[15:28:44] [TASK] Dmytro → GoToShelter (goal=FleeEmission)
[15:28:44] [GOAL] Dmytro achieved FleeEmission
[15:28:46] [COMBAT] Mykola Petrov 'Ghost' killed PsyDog using wpn_toz34
[15:28:47] [INBOUND] Initial +2 ctx.Stalkers, +2 mutants (remaining S=320 M=214)
[15:28:47] [SNAPSHOT] real=13.9min game=D0 00:56 alive S=221 M=264 corpses=538 lootable=298 gammaGear out=119 helm=190 avgRU=862 leaderGoals trade=0 mission=20 emission=Dormant nextIn=20gmin desperate=0 hungry=0 interval deaths=20 combats=29 tasks=198 gearLoot=1 gearBuy=0 missions=0 corpseDespawn=28 trickleSpawns=0 ranks=[Rookie:214,Trainee:5,Professional:2] goals=[Idle:102,FleeEmission::20] leaders: Andriy[Rookie/Idle], Bohdan[Rookie/FleeEmission:], Nikolai[Rookie/FleeEmission:], Oleg[Rookie/Idle], Mikhail[Rookie/Idle]
[15:28:47] [TASK] Bohdan → GoToShelter (goal=FleeEmission)
[15:28:47] [GOAL] Bohdan achieved FleeEmission
[15:28:47] [TASK] Nikolai → GoToShelter (goal=FleeEmission)
[15:28:47] [GOAL] Nikolai achieved FleeEmission
[15:28:47] [TASK] Viktor → GoToShelter (goal=FleeEmission)
[15:28:47] [GOAL] Viktor achieved FleeEmission
[15:28:47] [TASK] Ivan → GoToShelter (goal=FleeEmission)
[15:28:47] [GOAL] Ivan achieved FleeEmission
[15:28:47] [TASK] Giorgi → GoToShelter (goal=FleeEmission)
[15:28:47] [GOAL] Giorgi achieved FleeEmission
[15:28:47] [TASK] Armen → GoToShelter (goal=FleeEmission)
[15:28:47] [GOAL] Armen achieved FleeEmission
[15:28:47] [TASK] Heinrich → GoToShelter (goal=FleeEmission)
[15:28:47] [GOAL] Heinrich achieved FleeEmission
[15:28:47] [TASK] Vasyl → GoToShelter (goal=FleeEmission)
[15:28:47] [GOAL] Vasyl achieved FleeEmission
[15:28:47] [TASK] Oleksiy → GoToShelter (goal=FleeEmission)
[15:28:47] [GOAL] Oleksiy achieved FleeEmission
[15:28:47] [TASK] Mykola → GoToShelter (goal=FleeEmission)
[15:28:47] [GOAL] Mykola achieved FleeEmission
[15:28:47] [TASK] Taras → GoToShelter (goal=FleeEmission)
[15:28:47] [GOAL] Taras achieved FleeEmission
[15:28:47] [TASK] Rustam → GoToShelter (goal=FleeEmission)
[15:28:47] [GOAL] Rustam achieved FleeEmission
[15:28:47] [TASK] Damir → GoToShelter (goal=FleeEmission)
[15:28:47] [GOAL] Damir achieved FleeEmission
[15:28:47] [TASK] Sergei → GoToShelter (goal=FleeEmission)
[15:28:47] [GOAL] Sergei achieved FleeEmission
[15:28:47] [TASK] Nodar → GoToShelter (goal=FleeEmission)
[15:28:47] [GOAL] Nodar achieved FleeEmission
[15:28:47] [TASK] Pavel → GoToShelter (goal=FleeEmission)
[15:28:47] [GOAL] Pavel achieved FleeEmission
[15:28:47] [TASK] Yuriy → GoToShelter (goal=FleeEmission)
[15:28:47] [GOAL] Yuriy achieved FleeEmission
[15:28:47] [TASK] Nikolai → GoToShelter (goal=FleeEmission)
[15:28:47] [GOAL] Nikolai achieved FleeEmission
[15:28:47] [TASK] Alexei → GoToShelter (goal=FleeEmission)
[15:28:47] [GOAL] Alexei achieved FleeEmission
[15:28:49] [INBOUND] Initial +2 ctx.Stalkers, +1 mutants (remaining S=318 M=213)
[15:28:50] [TASK] Bohdan → GoToShelter (goal=FleeEmission)
[15:28:50] [GOAL] Bohdan achieved FleeEmission
[15:28:50] [TASK] Nikolai → GoToShelter (goal=FleeEmission)
[15:28:50] [GOAL] Nikolai achieved FleeEmission
[15:28:50] [TASK] Viktor → GoToShelter (goal=FleeEmission)
[15:28:50] [GOAL] Viktor achieved FleeEmission
[15:28:50] [TASK] Ivan → GoToShelter (goal=FleeEmission)
[15:28:50] [GOAL] Ivan achieved FleeEmission
[15:28:50] [TASK] Giorgi → GoToShelter (goal=FleeEmission)
[15:28:50] [GOAL] Giorgi achieved FleeEmission
[15:28:50] [TASK] Armen → GoToShelter (goal=FleeEmission)
[15:28:50] [GOAL] Armen achieved FleeEmission
[15:28:50] [TASK] Heinrich → GoToShelter (goal=FleeEmission)
[15:28:50] [GOAL] Heinrich achieved FleeEmission
[15:28:50] [TASK] Vasyl → GoToShelter (goal=FleeEmission)
[15:28:50] [GOAL] Vasyl achieved FleeEmission
[15:28:50] [TASK] Oleksiy → GoToShelter (goal=FleeEmission)
[15:28:50] [GOAL] Oleksiy achieved FleeEmission
[15:28:50] [TASK] Mykola → GoToShelter (goal=FleeEmission)
[15:28:50] [GOAL] Mykola achieved FleeEmission
[15:28:50] [TASK] Taras → GoToShelter (goal=FleeEmission)
[15:28:50] [GOAL] Taras achieved FleeEmission
[15:28:50] [TASK] Rustam → GoToShelter (goal=FleeEmission)
[15:28:50] [GOAL] Rustam achieved FleeEmission
[15:28:50] [TASK] Damir → GoToShelter (goal=FleeEmission)
[15:28:50] [GOAL] Damir achieved FleeEmission
[15:28:50] [TASK] Sergei → GoToShelter (goal=FleeEmission)
[15:28:50] [GOAL] Sergei achieved FleeEmission
[15:28:50] [TASK] Nodar → GoToShelter (goal=FleeEmission)
[15:28:50] [GOAL] Nodar achieved FleeEmission
[15:28:50] [TASK] Pavel → GoToShelter (goal=FleeEmission)
[15:28:50] [GOAL] Pavel achieved FleeEmission
[15:28:50] [TASK] Yuriy → GoToShelter (goal=FleeEmission)
[15:28:50] [GOAL] Yuriy achieved FleeEmission
[15:28:50] [TASK] Andriy → GoToShelter (goal=FleeEmission)
[15:28:50] [GOAL] Andriy achieved FleeEmission
[15:28:50] [TASK] Alexei → GoToShelter (goal=FleeEmission)
[15:28:50] [GOAL] Alexei achieved FleeEmission
[15:28:50] [TASK] Heinrich → GoToShelter (goal=FleeEmission)
[15:28:50] [GOAL] Heinrich achieved FleeEmission
[15:28:52] [COMBAT] Taras Petrov 'Jackal' killed Pseudodog using wpn_ak74
[15:28:52] [COMBAT] Oleg Volkov 'Spark' killed Burer using wpn_fn2000
[15:28:52] [INBOUND] Initial +2 ctx.Stalkers, +1 mutants (remaining S=316 M=212)
[15:28:52] [TASK] Bohdan → GoToShelter (goal=FleeEmission)
[15:28:52] [GOAL] Bohdan achieved FleeEmission
[15:28:52] [TASK] Nikolai → GoToShelter (goal=FleeEmission)
[15:28:52] [GOAL] Nikolai achieved FleeEmission
[15:28:52] [TASK] Viktor → GoToShelter (goal=FleeEmission)
[15:28:52] [GOAL] Viktor achieved FleeEmission
[15:28:52] [TASK] Ivan → GoToShelter (goal=FleeEmission)
[15:28:52] [GOAL] Ivan achieved FleeEmission
[15:28:52] [TASK] Giorgi → GoToShelter (goal=FleeEmission)
[15:28:52] [GOAL] Giorgi achieved FleeEmission
[15:28:52] [TASK] Armen → GoToShelter (goal=FleeEmission)
[15:28:52] [GOAL] Armen achieved FleeEmission
[15:28:53] [TASK] Heinrich → GoToShelter (goal=FleeEmission)
[15:28:53] [GOAL] Heinrich achieved FleeEmission
[15:28:53] [TASK] Vasyl → GoToShelter (goal=FleeEmission)
[15:28:53] [GOAL] Vasyl achieved FleeEmission
[15:28:53] [TASK] Oleksiy → GoToShelter (goal=FleeEmission)
[15:28:53] [GOAL] Oleksiy achieved FleeEmission
[15:28:53] [TASK] Mykola → GoToShelter (goal=FleeEmission)
[15:28:53] [GOAL] Mykola achieved FleeEmission
[15:28:53] [TASK] Taras → GoToShelter (goal=FleeEmission)
[15:28:53] [GOAL] Taras achieved FleeEmission
[15:28:53] [TASK] Rustam → GoToShelter (goal=FleeEmission)
[15:28:53] [GOAL] Rustam achieved FleeEmission
[15:28:53] [TASK] Damir → GoToShelter (goal=FleeEmission)
[15:28:53] [GOAL] Damir achieved FleeEmission
[15:28:53] [TASK] Sergei → GoToShelter (goal=FleeEmission)
[15:28:53] [GOAL] Sergei achieved FleeEmission
[15:28:53] [TASK] Pavel → GoToShelter (goal=FleeEmission)
[15:28:53] [GOAL] Pavel achieved FleeEmission
[15:28:53] [TASK] Yuriy → GoToShelter (goal=FleeEmission)
[15:28:53] [GOAL] Yuriy achieved FleeEmission
[15:28:53] [COMBAT] Dmytro Sokolov 'Stitch' killed Heinrich Shevchenko 'The Butcher' using wpn_ak74
[15:28:53] [GEAR] Dmytro looted [wpn_sg550, wpn_sg550] via combat
[15:28:53] [TASK] Alexei → GoToShelter (goal=FleeEmission)
[15:28:53] [GOAL] Alexei achieved FleeEmission
[15:28:55] [COMBAT] Dmytro Popov 'Wolf' killed Rat using wpn_gauss
[15:28:55] [COMBAT] Andrei Volkov 'The Butcher' killed Armen Kovalenko 'Phantom' using wpn_spas12
[15:28:55] [GEAR] Andrei looted [wpn_vintorez, arm_exo, helm_helm_spartan] via combat
[15:28:55] [INBOUND] Initial +2 ctx.Stalkers, +2 mutants (remaining S=314 M=210)
[15:28:55] [COMBAT] Andriy Popov 'Spark' killed Boar using wpn_pkm
[15:28:55] [TASK] Bohdan → GoToShelter (goal=FleeEmission)
[15:28:55] [GOAL] Bohdan achieved FleeEmission
[15:28:55] [TASK] Nikolai → GoToShelter (goal=FleeEmission)
[15:28:55] [GOAL] Nikolai achieved FleeEmission
[15:28:55] [TASK] Viktor → GoToShelter (goal=FleeEmission)
[15:28:55] [GOAL] Viktor achieved FleeEmission
[15:28:55] [TASK] Ivan → GoToShelter (goal=FleeEmission)
[15:28:55] [GOAL] Ivan achieved FleeEmission
[15:28:55] [TASK] Giorgi → GoToShelter (goal=FleeEmission)
[15:28:55] [GOAL] Giorgi achieved FleeEmission
[15:28:55] [TASK] Heinrich → GoToShelter (goal=FleeEmission)
[15:28:55] [GOAL] Heinrich achieved FleeEmission
[15:28:55] [TASK] Vasyl → GoToShelter (goal=FleeEmission)
[15:28:55] [GOAL] Vasyl achieved FleeEmission
[15:28:55] [TASK] Oleksiy → GoToShelter (goal=FleeEmission)
[15:28:55] [GOAL] Oleksiy achieved FleeEmission
[15:28:55] [TASK] Mykola → GoToShelter (goal=FleeEmission)
[15:28:55] [GOAL] Mykola achieved FleeEmission
[15:28:55] [TASK] Taras → GoToShelter (goal=FleeEmission)
[15:28:55] [GOAL] Taras achieved FleeEmission
[15:28:55] [TASK] Rustam → GoToShelter (goal=FleeEmission)
[15:28:55] [GOAL] Rustam achieved FleeEmission
[15:28:55] [TASK] Damir → GoToShelter (goal=FleeEmission)
[15:28:55] [GOAL] Damir achieved FleeEmission
[15:28:55] [TASK] Sergei → GoToShelter (goal=FleeEmission)
[15:28:55] [GOAL] Sergei achieved FleeEmission
[15:28:55] [TASK] Pavel → GoToShelter (goal=FleeEmission)
[15:28:55] [GOAL] Pavel achieved FleeEmission
[15:28:55] [TASK] Yuriy → GoToShelter (goal=FleeEmission)
[15:28:55] [GOAL] Yuriy achieved FleeEmission
[15:28:55] [TASK] Alexei → GoToShelter (goal=FleeEmission)
[15:28:55] [GOAL] Alexei achieved FleeEmission
[15:28:58] [INBOUND] Initial +2 ctx.Stalkers, +1 mutants (remaining S=312 M=209)
[15:28:58] [CORPSE] Despawned 33 bodies (lifetime=1060)
[15:28:58] [TASK] Bohdan → GoToShelter (goal=FleeEmission)
[15:28:58] [GOAL] Bohdan achieved FleeEmission
[15:28:58] [TASK] Nikolai → GoToShelter (goal=FleeEmission)
[15:28:58] [GOAL] Nikolai achieved FleeEmission
[15:28:58] [TASK] Viktor → GoToShelter (goal=FleeEmission)
[15:28:58] [GOAL] Viktor achieved FleeEmission
[15:28:58] [TASK] Ivan → GoToShelter (goal=FleeEmission)
[15:28:58] [GOAL] Ivan achieved FleeEmission
[15:28:58] [TASK] Giorgi → GoToShelter (goal=FleeEmission)
[15:28:58] [GOAL] Giorgi achieved FleeEmission
[15:28:58] [TASK] Heinrich → GoToShelter (goal=FleeEmission)
[15:28:58] [GOAL] Heinrich achieved FleeEmission
[15:28:58] [TASK] Vasyl → GoToShelter (goal=FleeEmission)
[15:28:58] [GOAL] Vasyl achieved FleeEmission
[15:28:58] [TASK] Oleksiy → GoToShelter (goal=FleeEmission)
[15:28:58] [GOAL] Oleksiy achieved FleeEmission
[15:28:58] [TASK] Mykola → GoToShelter (goal=FleeEmission)
[15:28:58] [GOAL] Mykola achieved FleeEmission
[15:28:58] [TASK] Taras → GoToShelter (goal=FleeEmission)
[15:28:58] [GOAL] Taras achieved FleeEmission
[15:28:58] [TASK] Rustam → GoToShelter (goal=FleeEmission)
[15:28:58] [GOAL] Rustam achieved FleeEmission
[15:28:58] [TASK] Damir → GoToShelter (goal=FleeEmission)
[15:28:58] [GOAL] Damir achieved FleeEmission
[15:28:58] [TASK] Sergei → GoToShelter (goal=FleeEmission)
[15:28:58] [GOAL] Sergei achieved FleeEmission
[15:28:58] [TASK] Pavel → GoToShelter (goal=FleeEmission)
[15:28:58] [GOAL] Pavel achieved FleeEmission
[15:28:58] [TASK] Yuriy → GoToShelter (goal=FleeEmission)
[15:28:58] [GOAL] Yuriy achieved FleeEmission
[15:28:58] [TASK] Alexei → GoToShelter (goal=FleeEmission)
[15:28:58] [GOAL] Alexei achieved FleeEmission
[15:28:58] [TASK] Mikhail → GoToShelter (goal=FleeEmission)
[15:28:58] [GOAL] Mikhail achieved FleeEmission
[15:29:00] [COMBAT] Vasyl Popov 'Ash' killed Chimera using wpn_pkm
[15:29:00] [INBOUND] Initial +2 ctx.Stalkers, +2 mutants (remaining S=310 M=207)
[15:29:01] [COMBAT] Mykola Ivanov 'Stitch' killed Rat using wpn_aksu
[15:29:01] [INBOUND] Initial +2 ctx.Stalkers, +1 mutants (remaining S=308 M=206)
[15:29:02] [INBOUND] Initial +2 ctx.Stalkers, +1 mutants (remaining S=306 M=205)
[15:29:03] [COMBAT] Mikhail Shevchenko 'Phantom' killed Boar using wpn_toz34
[15:29:04] [INBOUND] Initial +3 ctx.Stalkers, +2 mutants (remaining S=303 M=203)
[15:29:04] [TASK] Bohdan → GoToShelter (goal=FleeEmission)
[15:29:04] [GOAL] Bohdan achieved FleeEmission
[15:29:04] [TASK] Nikolai → GoToShelter (goal=FleeEmission)
[15:29:04] [GOAL] Nikolai achieved FleeEmission
[15:29:04] [TASK] Viktor → GoToShelter (goal=FleeEmission)
[15:29:04] [GOAL] Viktor achieved FleeEmission
[15:29:04] [TASK] Ivan → GoToShelter (goal=FleeEmission)
[15:29:04] [GOAL] Ivan achieved FleeEmission
[15:29:04] [TASK] Giorgi → GoToShelter (goal=FleeEmission)
[15:29:04] [GOAL] Giorgi achieved FleeEmission
[15:29:04] [TASK] Heinrich → GoToShelter (goal=FleeEmission)
[15:29:04] [GOAL] Heinrich achieved FleeEmission
[15:29:04] [TASK] Vasyl → GoToShelter (goal=FleeEmission)
[15:29:04] [GOAL] Vasyl achieved FleeEmission
[15:29:04] [TASK] Oleksiy → GoToShelter (goal=FleeEmission)
[15:29:04] [GOAL] Oleksiy achieved FleeEmission
[15:29:04] [TASK] Taras → GoToShelter (goal=FleeEmission)
[15:29:04] [GOAL] Taras achieved FleeEmission
[15:29:04] [TASK] Rustam → GoToShelter (goal=FleeEmission)
[15:29:04] [GOAL] Rustam achieved FleeEmission
[15:29:04] [TASK] Damir → GoToShelter (goal=FleeEmission)
[15:29:04] [GOAL] Damir achieved FleeEmission
[15:29:04] [TASK] Sergei → GoToShelter (goal=FleeEmission)
[15:29:04] [GOAL] Sergei achieved FleeEmission
[15:29:04] [TASK] Pavel → GoToShelter (goal=FleeEmission)
[15:29:04] [GOAL] Pavel achieved FleeEmission
[15:29:04] [TASK] Yuriy → GoToShelter (goal=FleeEmission)
[15:29:04] [GOAL] Yuriy achieved FleeEmission
[15:29:04] [TASK] Alexei → GoToShelter (goal=FleeEmission)
[15:29:04] [GOAL] Alexei achieved FleeEmission
[15:29:04] [TASK] Vasyl → GoToShelter (goal=FleeEmission)
[15:29:04] [GOAL] Vasyl achieved FleeEmission
[15:29:04] [TASK] Mykola → GoToShelter (goal=FleeEmission)
[15:29:04] [GOAL] Mykola achieved FleeEmission
[15:29:04] [TASK] Dmytro → GoToShelter (goal=FleeEmission)
[15:29:04] [GOAL] Dmytro achieved FleeEmission
[15:29:04] [TASK] Nikolai → GoToShelter (goal=FleeEmission)
[15:29:04] [GOAL] Nikolai achieved FleeEmission
[15:29:04] [TASK] Viktor → GoToShelter (goal=FleeEmission)
[15:29:04] [GOAL] Viktor achieved FleeEmission
[15:29:04] [TASK] Bohdan → GoToShelter (goal=FleeEmission)
[15:29:04] [GOAL] Bohdan achieved FleeEmission
[15:29:06] [INBOUND] Initial +2 ctx.Stalkers, +1 mutants (remaining S=301 M=202)
[15:29:07] [TASK] Bohdan → GoToShelter (goal=FleeEmission)
[15:29:07] [GOAL] Bohdan achieved FleeEmission
[15:29:07] [TASK] Nikolai → GoToShelter (goal=FleeEmission)
[15:29:07] [GOAL] Nikolai achieved FleeEmission
[15:29:07] [TASK] Viktor → GoToShelter (goal=FleeEmission)
[15:29:07] [GOAL] Viktor achieved FleeEmission
[15:29:07] [TASK] Ivan → GoToShelter (goal=FleeEmission)
[15:29:07] [GOAL] Ivan achieved FleeEmission
[15:29:07] [TASK] Giorgi → GoToShelter (goal=FleeEmission)
[15:29:07] [GOAL] Giorgi achieved FleeEmission
[15:29:07] [TASK] Heinrich → GoToShelter (goal=FleeEmission)
[15:29:07] [GOAL] Heinrich achieved FleeEmission
[15:29:07] [TASK] Vasyl → GoToShelter (goal=FleeEmission)
[15:29:07] [GOAL] Vasyl achieved FleeEmission
[15:29:07] [TASK] Oleksiy → GoToShelter (goal=FleeEmission)
[15:29:07] [GOAL] Oleksiy achieved FleeEmission
[15:29:07] [TASK] Taras → GoToShelter (goal=FleeEmission)
[15:29:07] [GOAL] Taras achieved FleeEmission
[15:29:07] [TASK] Rustam → GoToShelter (goal=FleeEmission)
[15:29:07] [GOAL] Rustam achieved FleeEmission
[15:29:07] [TASK] Damir → GoToShelter (goal=FleeEmission)
[15:29:07] [GOAL] Damir achieved FleeEmission
[15:29:07] [TASK] Sergei → GoToShelter (goal=FleeEmission)
[15:29:07] [GOAL] Sergei achieved FleeEmission
[15:29:07] [TASK] Pavel → GoToShelter (goal=FleeEmission)
[15:29:07] [GOAL] Pavel achieved FleeEmission
[15:29:07] [TASK] Yuriy → GoToShelter (goal=FleeEmission)
[15:29:07] [GOAL] Yuriy achieved FleeEmission
[15:29:07] [TASK] Alexei → GoToShelter (goal=FleeEmission)
[15:29:07] [GOAL] Alexei achieved FleeEmission
[15:29:07] [TASK] Nikolai → GoToShelter (goal=FleeEmission)
[15:29:07] [GOAL] Nikolai achieved FleeEmission
[15:29:07] [TASK] Viktor → GoToShelter (goal=FleeEmission)
[15:29:07] [GOAL] Viktor achieved FleeEmission
[15:29:07] [TASK] Bohdan → GoToShelter (goal=FleeEmission)
[15:29:07] [GOAL] Bohdan achieved FleeEmission
[15:29:09] [COMBAT] Bohdan Popov 'Ghost' killed Andrei Volkov 'The Butcher' using wpn_ak74
[15:29:09] [GEAR] Bohdan looted [wpn_vintorez, helm_helm_spartan] via combat
[15:29:09] [INBOUND] Initial +2 ctx.Stalkers, +1 mutants (remaining S=299 M=201)
[15:29:10] [COMBAT] Serhiy Petrov 'Bullet' killed Bloodsucker using wpn_ak74
[15:29:10] [COMBAT] Nikolai Popov 'Viper' killed Chimera using wpn_pkm
[15:29:10] [INBOUND] Initial +2 ctx.Stalkers, +2 mutants (remaining S=297 M=199)
[15:29:10] [TASK] Bohdan → GoToShelter (goal=FleeEmission)
[15:29:10] [GOAL] Bohdan achieved FleeEmission
[15:29:10] [TASK] Nikolai → GoToShelter (goal=FleeEmission)
[15:29:10] [GOAL] Nikolai achieved FleeEmission
[15:29:10] [TASK] Viktor → GoToShelter (goal=FleeEmission)
[15:29:10] [GOAL] Viktor achieved FleeEmission
[15:29:10] [TASK] Ivan → GoToShelter (goal=FleeEmission)
[15:29:10] [GOAL] Ivan achieved FleeEmission
[15:29:10] [TASK] Giorgi → GoToShelter (goal=FleeEmission)
[15:29:10] [GOAL] Giorgi achieved FleeEmission
[15:29:10] [TASK] Heinrich → GoToShelter (goal=FleeEmission)
[15:29:10] [GOAL] Heinrich achieved FleeEmission
[15:29:11] [TASK] Vasyl → GoToShelter (goal=FleeEmission)
[15:29:11] [GOAL] Vasyl achieved FleeEmission
[15:29:11] [TASK] Oleksiy → GoToShelter (goal=FleeEmission)
[15:29:11] [GOAL] Oleksiy achieved FleeEmission
[15:29:11] [TASK] Taras → GoToShelter (goal=FleeEmission)
[15:29:11] [GOAL] Taras achieved FleeEmission
[15:29:11] [TASK] Rustam → GoToShelter (goal=FleeEmission)
[15:29:11] [GOAL] Rustam achieved FleeEmission
[15:29:11] [TASK] Damir → GoToShelter (goal=FleeEmission)
[15:29:11] [GOAL] Damir achieved FleeEmission
[15:29:11] [TASK] Sergei → GoToShelter (goal=FleeEmission)
[15:29:11] [GOAL] Sergei achieved FleeEmission
[15:29:11] [TASK] Pavel → GoToShelter (goal=FleeEmission)
[15:29:11] [GOAL] Pavel achieved FleeEmission
[15:29:11] [TASK] Yuriy → GoToShelter (goal=FleeEmission)
[15:29:11] [GOAL] Yuriy achieved FleeEmission
[15:29:11] [TASK] Alexei → GoToShelter (goal=FleeEmission)
[15:29:11] [GOAL] Alexei achieved FleeEmission
[15:29:11] [TASK] Nikolai → GoToShelter (goal=FleeEmission)
[15:29:11] [GOAL] Nikolai achieved FleeEmission
[15:29:11] [TASK] Viktor → GoToShelter (goal=FleeEmission)
[15:29:11] [GOAL] Viktor achieved FleeEmission
[15:29:11] [TASK] Bohdan → GoToShelter (goal=FleeEmission)
[15:29:11] [GOAL] Bohdan achieved FleeEmission
[15:29:11] [TASK] Sergei → GoToShelter (goal=FleeEmission)
[15:29:11] [GOAL] Sergei achieved FleeEmission
[15:29:11] [TASK] Andrei → GoToShelter (goal=FleeEmission)
[15:29:11] [GOAL] Andrei achieved FleeEmission
[15:29:11] [TASK] Mikhail → GoToShelter (goal=FleeEmission)
[15:29:11] [GOAL] Mikhail achieved FleeEmission
[15:29:13] [COMBAT] Dmytro Volkov 'Raven' killed Bloodsucker using wpn_gauss
[15:29:13] [INBOUND] Initial +2 ctx.Stalkers, +1 mutants (remaining S=295 M=198)
[15:29:13] [COMBAT] Andriy Sokolov 'Razor' killed Snork using wpn_aksu
[15:29:13] [COMBAT] Zura Petrenko 'Wolf' killed Poltergeist using wpn_gauss
[15:29:14] [COMBAT] Timur Melnyk 'Raven' killed Snork using wpn_ak74
[15:29:14] [COMBAT] Igor Petrenko 'Jackal' killed Fracture using wpn_ak74
[15:29:14] [COMBAT] Vasyl Volkov 'Spark' killed Yuriy Petrenko 'Razor' using wpn_ak74
[15:29:14] [INBOUND] Initial +2 ctx.Stalkers, +2 mutants (remaining S=293 M=196)
[15:29:14] [COMBAT] Mikhail Bondarenko 'Wolf' killed Lurker using wpn_rpg7
[15:29:14] [TASK] Bohdan → GoToShelter (goal=FleeEmission)
[15:29:14] [GOAL] Bohdan achieved FleeEmission
[15:29:14] [TASK] Nikolai → GoToShelter (goal=FleeEmission)
[15:29:14] [GOAL] Nikolai achieved FleeEmission
[15:29:14] [TASK] Viktor → GoToShelter (goal=FleeEmission)
[15:29:14] [GOAL] Viktor achieved FleeEmission
[15:29:14] [TASK] Ivan → GoToShelter (goal=FleeEmission)
[15:29:14] [GOAL] Ivan achieved FleeEmission
[15:29:14] [TASK] Giorgi → GoToShelter (goal=FleeEmission)
[15:29:14] [GOAL] Giorgi achieved FleeEmission
[15:29:15] [TASK] Vasyl → GoToShelter (goal=FleeEmission)
[15:29:15] [GOAL] Vasyl achieved FleeEmission
[15:29:15] [TASK] Oleksiy → GoToShelter (goal=FleeEmission)
[15:29:15] [GOAL] Oleksiy achieved FleeEmission
[15:29:15] [TASK] Taras → GoToShelter (goal=FleeEmission)
[15:29:15] [GOAL] Taras achieved FleeEmission
[15:29:15] [TASK] Rustam → GoToShelter (goal=FleeEmission)
[15:29:15] [GOAL] Rustam achieved FleeEmission
[15:29:15] [TASK] Damir → GoToShelter (goal=FleeEmission)
[15:29:15] [GOAL] Damir achieved FleeEmission
[15:29:15] [TASK] Sergei → GoToShelter (goal=FleeEmission)
[15:29:15] [GOAL] Sergei achieved FleeEmission
[15:29:15] [TASK] Pavel → GoToShelter (goal=FleeEmission)
[15:29:15] [GOAL] Pavel achieved FleeEmission
[15:29:15] [TASK] Alexei → GoToShelter (goal=FleeEmission)
[15:29:15] [GOAL] Alexei achieved FleeEmission
[15:29:15] [TASK] Nikolai → GoToShelter (goal=FleeEmission)
[15:29:15] [GOAL] Nikolai achieved FleeEmission
[15:29:15] [TASK] Viktor → GoToShelter (goal=FleeEmission)
[15:29:15] [GOAL] Viktor achieved FleeEmission
[15:29:15] [TASK] Bohdan → GoToShelter (goal=FleeEmission)
[15:29:15] [GOAL] Bohdan achieved FleeEmission
[15:29:15] [TASK] Mikhail → GoToShelter (goal=FleeEmission)
[15:29:15] [GOAL] Mikhail achieved FleeEmission
[15:29:15] [TASK] Andriy → GoToShelter (goal=FleeEmission)
[15:29:15] [GOAL] Andriy achieved FleeEmission
[15:29:15] [TASK] Oleksiy → GoToShelter (goal=FleeEmission)
[15:29:15] [GOAL] Oleksiy achieved FleeEmission
[15:29:17] [INBOUND] Initial +2 ctx.Stalkers, +1 mutants (remaining S=291 M=195)
[15:29:17] [SNAPSHOT] real=14.4min game=D0 00:58 alive S=221 M=268 corpses=549 lootable=304 gammaGear out=117 helm=190 avgRU=860 leaderGoals trade=0 mission=21 emission=Dormant nextIn=19gmin desperate=0 hungry=0 interval deaths=29 combats=44 tasks=168 gearLoot=3 gearBuy=0 missions=0 corpseDespawn=33 trickleSpawns=0 ranks=[Rookie:216,Trainee:3,Professional:2] goals=[Idle:100,FleeEmission::21] leaders: Andriy[Rookie/Idle], Bohdan[Rookie/FleeEmission:], Nikolai[Rookie/FleeEmission:], Oleg[Rookie/Idle], Mikhail[Rookie/Idle]
[15:29:17] [CORPSE] Despawned 22 bodies (lifetime=1082)
[15:29:17] [TASK] Bohdan → GoToShelter (goal=FleeEmission)
[15:29:17] [GOAL] Bohdan achieved FleeEmission
[15:29:17] [TASK] Nikolai → GoToShelter (goal=FleeEmission)
[15:29:17] [GOAL] Nikolai achieved FleeEmission
[15:29:17] [TASK] Viktor → GoToShelter (goal=FleeEmission)
[15:29:17] [GOAL] Viktor achieved FleeEmission
[15:29:17] [TASK] Ivan → GoToShelter (goal=FleeEmission)
[15:29:17] [GOAL] Ivan achieved FleeEmission
[15:29:17] [TASK] Giorgi → GoToShelter (goal=FleeEmission)
[15:29:17] [GOAL] Giorgi achieved FleeEmission
[15:29:17] [TASK] Vasyl → GoToShelter (goal=FleeEmission)
[15:29:17] [GOAL] Vasyl achieved FleeEmission
[15:29:17] [TASK] Oleksiy → GoToShelter (goal=FleeEmission)
[15:29:17] [GOAL] Oleksiy achieved FleeEmission
[15:29:17] [TASK] Taras → GoToShelter (goal=FleeEmission)
[15:29:17] [GOAL] Taras achieved FleeEmission
[15:29:17] [TASK] Rustam → GoToShelter (goal=FleeEmission)
[15:29:17] [GOAL] Rustam achieved FleeEmission
[15:29:17] [TASK] Damir → GoToShelter (goal=FleeEmission)
[15:29:17] [GOAL] Damir achieved FleeEmission
[15:29:17] [TASK] Sergei → GoToShelter (goal=FleeEmission)
[15:29:17] [GOAL] Sergei achieved FleeEmission
[15:29:17] [TASK] Pavel → GoToShelter (goal=FleeEmission)
[15:29:17] [GOAL] Pavel achieved FleeEmission
[15:29:17] [TASK] Alexei → GoToShelter (goal=FleeEmission)
[15:29:17] [GOAL] Alexei achieved FleeEmission
[15:29:17] [TASK] Nikolai → GoToShelter (goal=FleeEmission)
[15:29:17] [GOAL] Nikolai achieved FleeEmission
[15:29:17] [TASK] Viktor → GoToShelter (goal=FleeEmission)
[15:29:17] [GOAL] Viktor achieved FleeEmission
[15:29:17] [TASK] Bohdan → GoToShelter (goal=FleeEmission)
[15:29:17] [GOAL] Bohdan achieved FleeEmission
[15:29:17] [TASK] Mikhail → GoToShelter (goal=FleeEmission)
[15:29:17] [GOAL] Mikhail achieved FleeEmission
[15:29:17] [TASK] Oleksiy → GoToShelter (goal=FleeEmission)
[15:29:17] [GOAL] Oleksiy achieved FleeEmission
[15:29:17] [TASK] Connor → GoToShelter (goal=FleeEmission)
[15:29:17] [GOAL] Connor achieved FleeEmission
[15:29:18] [COMBAT] Andriy Volkov 'Scar' killed Fracture using wpn_gauss
[15:29:20] [COMBAT] Dmitri Melnyk 'Badger' killed Rat using wpn_pkm
[15:29:20] [INBOUND] Initial +2 ctx.Stalkers, +1 mutants (remaining S=289 M=194)
[15:29:20] [TASK] Bohdan → GoToShelter (goal=FleeEmission)
[15:29:20] [GOAL] Bohdan achieved FleeEmission
[15:29:20] [TASK] Nikolai → GoToShelter (goal=FleeEmission)
[15:29:20] [GOAL] Nikolai achieved FleeEmission
[15:29:20] [TASK] Viktor → GoToShelter (goal=FleeEmission)
[15:29:20] [GOAL] Viktor achieved FleeEmission
[15:29:20] [TASK] Ivan → GoToShelter (goal=FleeEmission)
[15:29:20] [GOAL] Ivan achieved FleeEmission
[15:29:20] [TASK] Giorgi → GoToShelter (goal=FleeEmission)
[15:29:20] [GOAL] Giorgi achieved FleeEmission
[15:29:20] [TASK] Vasyl → GoToShelter (goal=FleeEmission)
[15:29:20] [GOAL] Vasyl achieved FleeEmission
[15:29:20] [TASK] Oleksiy → GoToShelter (goal=FleeEmission)
[15:29:20] [GOAL] Oleksiy achieved FleeEmission
[15:29:20] [COMBAT] Nikolai Melnyk 'Viper' killed Pseudodog using wpn_ak74
[15:29:20] [TASK] Taras → GoToShelter (goal=FleeEmission)
[15:29:20] [GOAL] Taras achieved FleeEmission
[15:29:20] [TASK] Rustam → GoToShelter (goal=FleeEmission)
[15:29:20] [GOAL] Rustam achieved FleeEmission
[15:29:20] [TASK] Damir → GoToShelter (goal=FleeEmission)
[15:29:20] [GOAL] Damir achieved FleeEmission
[15:29:20] [TASK] Sergei → GoToShelter (goal=FleeEmission)
[15:29:20] [GOAL] Sergei achieved FleeEmission
[15:29:20] [TASK] Pavel → GoToShelter (goal=FleeEmission)
[15:29:20] [GOAL] Pavel achieved FleeEmission
[15:29:20] [TASK] Alexei → GoToShelter (goal=FleeEmission)
[15:29:20] [GOAL] Alexei achieved FleeEmission
[15:29:20] [TASK] Nikolai → GoToShelter (goal=FleeEmission)
[15:29:20] [GOAL] Nikolai achieved FleeEmission
[15:29:20] [TASK] Viktor → GoToShelter (goal=FleeEmission)
[15:29:20] [GOAL] Viktor achieved FleeEmission
[15:29:20] [TASK] Bohdan → GoToShelter (goal=FleeEmission)
[15:29:20] [GOAL] Bohdan achieved FleeEmission
[15:29:20] [TASK] Mikhail → GoToShelter (goal=FleeEmission)
[15:29:20] [GOAL] Mikhail achieved FleeEmission
[15:29:20] [TASK] Oleksiy → GoToShelter (goal=FleeEmission)
[15:29:20] [GOAL] Oleksiy achieved FleeEmission
[15:29:23] [INBOUND] Initial +2 ctx.Stalkers, +2 mutants (remaining S=287 M=192)
[15:29:23] [TASK] Bohdan → GoToShelter (goal=FleeEmission)
[15:29:23] [GOAL] Bohdan achieved FleeEmission
[15:29:23] [TASK] Nikolai → GoToShelter (goal=FleeEmission)
[15:29:23] [GOAL] Nikolai achieved FleeEmission
[15:29:23] [TASK] Viktor → GoToShelter (goal=FleeEmission)
[15:29:23] [GOAL] Viktor achieved FleeEmission
[15:29:23] [TASK] Ivan → GoToShelter (goal=FleeEmission)
[15:29:23] [GOAL] Ivan achieved FleeEmission
[15:29:23] [TASK] Giorgi → GoToShelter (goal=FleeEmission)
[15:29:23] [GOAL] Giorgi achieved FleeEmission
[15:29:23] [TASK] Vasyl → GoToShelter (goal=FleeEmission)
[15:29:23] [GOAL] Vasyl achieved FleeEmission
[15:29:23] [TASK] Oleksiy → GoToShelter (goal=FleeEmission)
[15:29:23] [GOAL] Oleksiy achieved FleeEmission
[15:29:23] [TASK] Taras → GoToShelter (goal=FleeEmission)
[15:29:23] [GOAL] Taras achieved FleeEmission
[15:29:23] [TASK] Rustam → GoToShelter (goal=FleeEmission)
[15:29:23] [GOAL] Rustam achieved FleeEmission
[15:29:23] [TASK] Damir → GoToShelter (goal=FleeEmission)
[15:29:23] [GOAL] Damir achieved FleeEmission
[15:29:23] [TASK] Sergei → GoToShelter (goal=FleeEmission)
[15:29:23] [GOAL] Sergei achieved FleeEmission
[15:29:23] [TASK] Pavel → GoToShelter (goal=FleeEmission)
[15:29:23] [GOAL] Pavel achieved FleeEmission
[15:29:23] [TASK] Alexei → GoToShelter (goal=FleeEmission)
[15:29:23] [GOAL] Alexei achieved FleeEmission
[15:29:23] [TASK] Nikolai → GoToShelter (goal=FleeEmission)
[15:29:23] [GOAL] Nikolai achieved FleeEmission
[15:29:23] [TASK] Viktor → GoToShelter (goal=FleeEmission)
[15:29:23] [GOAL] Viktor achieved FleeEmission
[15:29:23] [TASK] Bohdan → GoToShelter (goal=FleeEmission)
[15:29:23] [GOAL] Bohdan achieved FleeEmission
[15:29:23] [TASK] Mikhail → GoToShelter (goal=FleeEmission)
[15:29:23] [GOAL] Mikhail achieved FleeEmission
[15:29:23] [TASK] Oleksiy → GoToShelter (goal=FleeEmission)
[15:29:23] [GOAL] Oleksiy achieved FleeEmission
[15:29:23] [TASK] Serhiy → GoToShelter (goal=FleeEmission)
[15:29:23] [GOAL] Serhiy achieved FleeEmission
[15:29:23] [TASK] Ivan → GoToShelter (goal=FleeEmission)
[15:29:23] [GOAL] Ivan achieved FleeEmission
[15:29:26] [INBOUND] Initial +2 ctx.Stalkers, +1 mutants (remaining S=285 M=191)
[15:29:26] [TASK] Bohdan → GoToShelter (goal=FleeEmission)
[15:29:26] [GOAL] Bohdan achieved FleeEmission
[15:29:26] [TASK] Nikolai → GoToShelter (goal=FleeEmission)
[15:29:26] [GOAL] Nikolai achieved FleeEmission
[15:29:26] [TASK] Viktor → GoToShelter (goal=FleeEmission)
[15:29:26] [GOAL] Viktor achieved FleeEmission
[15:29:26] [TASK] Ivan → GoToShelter (goal=FleeEmission)
[15:29:26] [GOAL] Ivan achieved FleeEmission
[15:29:26] [TASK] Giorgi → GoToShelter (goal=FleeEmission)
[15:29:26] [GOAL] Giorgi achieved FleeEmission
[15:29:26] [TASK] Oleksiy → GoToShelter (goal=FleeEmission)
[15:29:26] [GOAL] Oleksiy achieved FleeEmission
[15:29:26] [TASK] Taras → GoToShelter (goal=FleeEmission)
[15:29:26] [GOAL] Taras achieved FleeEmission
[15:29:26] [TASK] Rustam → GoToShelter (goal=FleeEmission)
[15:29:26] [GOAL] Rustam achieved FleeEmission
[15:29:26] [TASK] Damir → GoToShelter (goal=FleeEmission)
[15:29:26] [GOAL] Damir achieved FleeEmission
[15:29:26] [TASK] Sergei → GoToShelter (goal=FleeEmission)
[15:29:26] [GOAL] Sergei achieved FleeEmission
[15:29:26] [TASK] Pavel → GoToShelter (goal=FleeEmission)
[15:29:26] [GOAL] Pavel achieved FleeEmission
[15:29:26] [TASK] Alexei → GoToShelter (goal=FleeEmission)
[15:29:26] [GOAL] Alexei achieved FleeEmission
[15:29:26] [TASK] Nikolai → GoToShelter (goal=FleeEmission)
[15:29:26] [GOAL] Nikolai achieved FleeEmission
[15:29:26] [TASK] Viktor → GoToShelter (goal=FleeEmission)
[15:29:26] [GOAL] Viktor achieved FleeEmission
[15:29:26] [TASK] Bohdan → GoToShelter (goal=FleeEmission)
[15:29:26] [GOAL] Bohdan achieved FleeEmission
[15:29:26] [TASK] Mikhail → GoToShelter (goal=FleeEmission)
[15:29:26] [GOAL] Mikhail achieved FleeEmission
[15:29:26] [TASK] Oleksiy → GoToShelter (goal=FleeEmission)
[15:29:26] [GOAL] Oleksiy achieved FleeEmission
[15:29:26] [TASK] Karl → GoToShelter (goal=FleeEmission)
[15:29:26] [GOAL] Karl achieved FleeEmission
[15:29:28] [COMBAT] Connor Bondarenko 'Whisper' killed Poltergeist using wpn_m4a1
[15:29:28] [INBOUND] Initial +2 ctx.Stalkers, +2 mutants (remaining S=283 M=189)
[15:29:29] [TASK] Bohdan → GoToShelter (goal=FleeEmission)
[15:29:29] [GOAL] Bohdan achieved FleeEmission
[15:29:29] [TASK] Nikolai → GoToShelter (goal=FleeEmission)
[15:29:29] [GOAL] Nikolai achieved FleeEmission
[15:29:29] [TASK] Viktor → GoToShelter (goal=FleeEmission)
[15:29:29] [GOAL] Viktor achieved FleeEmission
[15:29:29] [TASK] Ivan → GoToShelter (goal=FleeEmission)
[15:29:29] [GOAL] Ivan achieved FleeEmission
[15:29:29] [TASK] Giorgi → GoToShelter (goal=FleeEmission)
[15:29:29] [GOAL] Giorgi achieved FleeEmission
[15:29:29] [TASK] Oleksiy → GoToShelter (goal=FleeEmission)
[15:29:29] [GOAL] Oleksiy achieved FleeEmission
[15:29:29] [TASK] Taras → GoToShelter (goal=FleeEmission)
[15:29:29] [GOAL] Taras achieved FleeEmission
[15:29:29] [TASK] Rustam → GoToShelter (goal=FleeEmission)
[15:29:29] [GOAL] Rustam achieved FleeEmission
[15:29:29] [TASK] Damir → GoToShelter (goal=FleeEmission)
[15:29:29] [GOAL] Damir achieved FleeEmission
[15:29:29] [TASK] Sergei → GoToShelter (goal=FleeEmission)
[15:29:29] [GOAL] Sergei achieved FleeEmission
[15:29:29] [TASK] Pavel → GoToShelter (goal=FleeEmission)
[15:29:29] [GOAL] Pavel achieved FleeEmission
[15:29:29] [TASK] Alexei → GoToShelter (goal=FleeEmission)
[15:29:29] [GOAL] Alexei achieved FleeEmission
[15:29:29] [TASK] Nikolai → GoToShelter (goal=FleeEmission)
[15:29:29] [GOAL] Nikolai achieved FleeEmission
[15:29:29] [TASK] Viktor → GoToShelter (goal=FleeEmission)
[15:29:29] [GOAL] Viktor achieved FleeEmission
[15:29:29] [TASK] Bohdan → GoToShelter (goal=FleeEmission)
[15:29:29] [GOAL] Bohdan achieved FleeEmission
[15:29:29] [TASK] Mikhail → GoToShelter (goal=FleeEmission)
[15:29:29] [GOAL] Mikhail achieved FleeEmission
[15:29:29] [TASK] Oleksiy → GoToShelter (goal=FleeEmission)
[15:29:29] [GOAL] Oleksiy achieved FleeEmission
[15:29:31] [COMBAT] Mikhail Shevchenko 'Phantom' killed Boar using wpn_toz34
[15:29:31] [INBOUND] Initial +2 ctx.Stalkers, +1 mutants (remaining S=281 M=188)
[15:29:32] [INBOUND] Initial +2 ctx.Stalkers, +1 mutants (remaining S=279 M=187)
[15:29:33] [INBOUND] Initial +3 ctx.Stalkers, +2 mutants (remaining S=276 M=185)
[15:29:33] [TASK] Bohdan → GoToShelter (goal=FleeEmission)
[15:29:33] [GOAL] Bohdan achieved FleeEmission
[15:29:33] [TASK] Nikolai → GoToShelter (goal=FleeEmission)
[15:29:33] [GOAL] Nikolai achieved FleeEmission
[15:29:33] [TASK] Viktor → GoToShelter (goal=FleeEmission)
[15:29:33] [GOAL] Viktor achieved FleeEmission
[15:29:33] [TASK] Ivan → GoToShelter (goal=FleeEmission)
[15:29:33] [GOAL] Ivan achieved FleeEmission
[15:29:33] [TASK] Giorgi → GoToShelter (goal=FleeEmission)
[15:29:33] [GOAL] Giorgi achieved FleeEmission
[15:29:34] [TASK] Oleksiy → GoToShelter (goal=FleeEmission)
[15:29:34] [GOAL] Oleksiy achieved FleeEmission
[15:29:34] [TASK] Taras → GoToShelter (goal=FleeEmission)
[15:29:34] [GOAL] Taras achieved FleeEmission
[15:29:34] [TASK] Rustam → GoToShelter (goal=FleeEmission)
[15:29:34] [GOAL] Rustam achieved FleeEmission
[15:29:34] [TASK] Damir → GoToShelter (goal=FleeEmission)
[15:29:34] [GOAL] Damir achieved FleeEmission
[15:29:34] [TASK] Sergei → GoToShelter (goal=FleeEmission)
[15:29:34] [GOAL] Sergei achieved FleeEmission
[15:29:34] [TASK] Pavel → GoToShelter (goal=FleeEmission)
[15:29:34] [GOAL] Pavel achieved FleeEmission
[15:29:34] [TASK] Nikolai → GoToShelter (goal=FleeEmission)
[15:29:34] [GOAL] Nikolai achieved FleeEmission
[15:29:34] [TASK] Viktor → GoToShelter (goal=FleeEmission)
[15:29:34] [GOAL] Viktor achieved FleeEmission
[15:29:34] [TASK] Bohdan → GoToShelter (goal=FleeEmission)
[15:29:34] [GOAL] Bohdan achieved FleeEmission
[15:29:34] [TASK] Serhiy → GoToShelter (goal=FleeEmission)
[15:29:34] [GOAL] Serhiy achieved FleeEmission
[15:29:34] [TASK] Mikhail → GoToShelter (goal=FleeEmission)
[15:29:34] [GOAL] Mikhail achieved FleeEmission
[15:29:34] [TASK] Oleksiy → GoToShelter (goal=FleeEmission)
[15:29:34] [GOAL] Oleksiy achieved FleeEmission
[15:29:34] [TASK] Zura → GoToShelter (goal=FleeEmission)
[15:29:34] [GOAL] Zura achieved FleeEmission
[15:29:34] [TASK] Serhiy → GoToShelter (goal=FleeEmission)
[15:29:34] [GOAL] Serhiy achieved FleeEmission
[15:29:34] [TASK] Andriy → GoToShelter (goal=FleeEmission)
[15:29:34] [GOAL] Andriy achieved FleeEmission
[15:29:34] [TASK] Serhiy → GoToShelter (goal=FleeEmission)
[15:29:34] [GOAL] Serhiy achieved FleeEmission
[15:29:36] [COMBAT] Jake Petrenko 'Scar' killed Bloodsucker using wpn_val
[15:29:36] [INBOUND] Initial +2 ctx.Stalkers, +1 mutants (remaining S=274 M=184)
[15:29:37] [RANK] Giorgi Bondarenko 'Jackal' → Experienced
[15:29:37] [COMBAT] Giorgi Bondarenko 'Jackal' killed Snork using wpn_toz34
[15:29:37] [COMBAT] Nikolai Petrenko 'Razor' killed Dmytro Sokolov 'Stitch' using wpn_gauss
[15:29:37] [GEAR] Nikolai looted [wpn_sg550, helm_helm_spartan] via combat
[15:29:37] [INBOUND] Initial +2 ctx.Stalkers, +2 mutants (remaining S=272 M=182)
[15:29:37] [TASK] Bohdan → GoToShelter (goal=FleeEmission)
[15:29:37] [GOAL] Bohdan achieved FleeEmission
[15:29:37] [TASK] Nikolai → GoToShelter (goal=FleeEmission)
[15:29:37] [GOAL] Nikolai achieved FleeEmission
[15:29:37] [TASK] Viktor → GoToShelter (goal=FleeEmission)
[15:29:37] [GOAL] Viktor achieved FleeEmission
[15:29:37] [TASK] Ivan → GoToShelter (goal=FleeEmission)
[15:29:37] [GOAL] Ivan achieved FleeEmission
[15:29:37] [TASK] Giorgi → GoToShelter (goal=FleeEmission)
[15:29:37] [GOAL] Giorgi achieved FleeEmission
[15:29:37] [TASK] Oleksiy → GoToShelter (goal=FleeEmission)
[15:29:37] [GOAL] Oleksiy achieved FleeEmission
[15:29:37] [TASK] Taras → GoToShelter (goal=FleeEmission)
[15:29:37] [GOAL] Taras achieved FleeEmission
[15:29:37] [TASK] Rustam → GoToShelter (goal=FleeEmission)
[15:29:37] [GOAL] Rustam achieved FleeEmission
[15:29:37] [TASK] Damir → GoToShelter (goal=FleeEmission)
[15:29:37] [GOAL] Damir achieved FleeEmission
[15:29:37] [TASK] Sergei → GoToShelter (goal=FleeEmission)
[15:29:37] [GOAL] Sergei achieved FleeEmission
[15:29:37] [TASK] Pavel → GoToShelter (goal=FleeEmission)
[15:29:37] [GOAL] Pavel achieved FleeEmission
[15:29:37] [TASK] Nikolai → GoToShelter (goal=FleeEmission)
[15:29:37] [GOAL] Nikolai achieved FleeEmission
[15:29:37] [TASK] Viktor → GoToShelter (goal=FleeEmission)
[15:29:37] [GOAL] Viktor achieved FleeEmission
[15:29:37] [TASK] Bohdan → GoToShelter (goal=FleeEmission)
[15:29:37] [GOAL] Bohdan achieved FleeEmission
[15:29:37] [TASK] Mikhail → GoToShelter (goal=FleeEmission)
[15:29:37] [GOAL] Mikhail achieved FleeEmission
[15:29:37] [TASK] Oleksiy → GoToShelter (goal=FleeEmission)
[15:29:37] [GOAL] Oleksiy achieved FleeEmission
[15:29:37] [TASK] Mykola → GoToShelter (goal=FleeEmission)
[15:29:37] [GOAL] Mykola achieved FleeEmission
[15:29:37] [TASK] Andriy → GoToShelter (goal=FleeEmission)
[15:29:37] [GOAL] Andriy achieved FleeEmission
[15:29:37] [TASK] Serhiy → GoToShelter (goal=FleeEmission)
[15:29:37] [GOAL] Serhiy achieved FleeEmission
[15:29:37] [TASK] Rustam → GoToShelter (goal=FleeEmission)
[15:29:37] [GOAL] Rustam achieved FleeEmission
[15:29:40] [INBOUND] Initial +2 ctx.Stalkers, +1 mutants (remaining S=270 M=181)
[15:29:40] [CORPSE] Despawned 30 bodies (lifetime=1112)
[15:29:41] [INBOUND] Initial +2 ctx.Stalkers, +1 mutants (remaining S=268 M=180)
[15:29:41] [TASK] Bohdan → GoToShelter (goal=FleeEmission)
[15:29:41] [GOAL] Bohdan achieved FleeEmission
[15:29:41] [TASK] Viktor → GoToShelter (goal=FleeEmission)
[15:29:41] [GOAL] Viktor achieved FleeEmission
[15:29:41] [TASK] Ivan → GoToShelter (goal=FleeEmission)
[15:29:41] [GOAL] Ivan achieved FleeEmission
[15:29:41] [TASK] Giorgi → GoToShelter (goal=FleeEmission)
[15:29:41] [GOAL] Giorgi achieved FleeEmission
[15:29:41] [TASK] Oleksiy → GoToShelter (goal=FleeEmission)
[15:29:41] [GOAL] Oleksiy achieved FleeEmission
[15:29:41] [TASK] Taras → GoToShelter (goal=FleeEmission)
[15:29:41] [GOAL] Taras achieved FleeEmission
[15:29:41] [TASK] Rustam → GoToShelter (goal=FleeEmission)
[15:29:41] [GOAL] Rustam achieved FleeEmission
[15:29:41] [TASK] Damir → GoToShelter (goal=FleeEmission)
[15:29:41] [GOAL] Damir achieved FleeEmission
[15:29:41] [TASK] Sergei → GoToShelter (goal=FleeEmission)
[15:29:41] [GOAL] Sergei achieved FleeEmission
[15:29:41] [TASK] Pavel → GoToShelter (goal=FleeEmission)
[15:29:41] [GOAL] Pavel achieved FleeEmission
[15:29:41] [TASK] Nikolai → GoToShelter (goal=FleeEmission)
[15:29:41] [GOAL] Nikolai achieved FleeEmission
[15:29:41] [TASK] Viktor → GoToShelter (goal=FleeEmission)
[15:29:41] [GOAL] Viktor achieved FleeEmission
[15:29:41] [TASK] Bohdan → GoToShelter (goal=FleeEmission)
[15:29:41] [GOAL] Bohdan achieved FleeEmission
[15:29:41] [TASK] Mikhail → GoToShelter (goal=FleeEmission)
[15:29:41] [GOAL] Mikhail achieved FleeEmission
[15:29:41] [TASK] Oleksiy → GoToShelter (goal=FleeEmission)
[15:29:41] [GOAL] Oleksiy achieved FleeEmission
[15:29:41] [TASK] Andriy → GoToShelter (goal=FleeEmission)
[15:29:41] [GOAL] Andriy achieved FleeEmission
[15:29:41] [TASK] Serhiy → GoToShelter (goal=FleeEmission)
[15:29:41] [GOAL] Serhiy achieved FleeEmission
[15:29:41] [TASK] Yuriy → GoToShelter (goal=FleeEmission)
[15:29:41] [GOAL] Yuriy achieved FleeEmission
[15:29:41] [TASK] Taras → GoToShelter (goal=FleeEmission)
[15:29:41] [GOAL] Taras achieved FleeEmission
[15:29:43] [RANK] Serhiy Sokolov 'Stitch' → Trainee
[15:29:43] [COMBAT] Serhiy Sokolov 'Stitch' killed Pseudodog using wpn_aksu
[15:29:44] [COMBAT] Sean Shevchenko 'Mole' killed Snork using wpn_mp5
[15:29:44] [COMBAT] Serhiy Ivanov 'Scar' killed Snork using wpn_svd
[15:29:44] [INBOUND] Initial +2 ctx.Stalkers, +2 mutants (remaining S=266 M=178)
[15:29:44] [TASK] Bohdan → GoToShelter (goal=FleeEmission)
[15:29:44] [GOAL] Bohdan achieved FleeEmission
[15:29:44] [TASK] Viktor → GoToShelter (goal=FleeEmission)
[15:29:44] [GOAL] Viktor achieved FleeEmission
[15:29:44] [TASK] Ivan → GoToShelter (goal=FleeEmission)
[15:29:44] [GOAL] Ivan achieved FleeEmission
[15:29:44] [TASK] Giorgi → GoToShelter (goal=FleeEmission)
[15:29:44] [GOAL] Giorgi achieved FleeEmission
[15:29:44] [TASK] Oleksiy → GoToShelter (goal=FleeEmission)
[15:29:44] [GOAL] Oleksiy achieved FleeEmission
[15:29:44] [TASK] Taras → GoToShelter (goal=FleeEmission)
[15:29:44] [GOAL] Taras achieved FleeEmission
[15:29:44] [TASK] Rustam → GoToShelter (goal=FleeEmission)
[15:29:44] [GOAL] Rustam achieved FleeEmission
[15:29:44] [TASK] Damir → GoToShelter (goal=FleeEmission)
[15:29:44] [GOAL] Damir achieved FleeEmission
[15:29:44] [TASK] Sergei → GoToShelter (goal=FleeEmission)
[15:29:44] [GOAL] Sergei achieved FleeEmission
[15:29:44] [TASK] Pavel → GoToShelter (goal=FleeEmission)
[15:29:44] [GOAL] Pavel achieved FleeEmission
[15:29:44] [TASK] Nikolai → GoToShelter (goal=FleeEmission)
[15:29:44] [GOAL] Nikolai achieved FleeEmission
[15:29:44] [TASK] Viktor → GoToShelter (goal=FleeEmission)
[15:29:44] [GOAL] Viktor achieved FleeEmission
[15:29:44] [TASK] Bohdan → GoToShelter (goal=FleeEmission)
[15:29:44] [GOAL] Bohdan achieved FleeEmission
[15:29:44] [TASK] Mikhail → GoToShelter (goal=FleeEmission)
[15:29:44] [GOAL] Mikhail achieved FleeEmission
[15:29:44] [TASK] Oleksiy → GoToShelter (goal=FleeEmission)
[15:29:44] [GOAL] Oleksiy achieved FleeEmission
[15:29:44] [TASK] Andriy → GoToShelter (goal=FleeEmission)
[15:29:44] [GOAL] Andriy achieved FleeEmission
[15:29:44] [TASK] Serhiy → GoToShelter (goal=FleeEmission)
[15:29:44] [GOAL] Serhiy achieved FleeEmission
[15:29:44] [TASK] Taras → GoToShelter (goal=FleeEmission)
[15:29:44] [GOAL] Taras achieved FleeEmission
[15:29:44] [TASK] Oleksiy → GoToShelter (goal=FleeEmission)
[15:29:44] [GOAL] Oleksiy achieved FleeEmission
[15:29:46] [COMBAT] Oleg Ivanov 'Stitch' killed Rat using wpn_vintorez
[15:29:46] [COMBAT] Bohdan Popov 'Mole' killed Poltergeist using wpn_lr300
[15:29:46] [COMBAT] Dmytro Ivanov 'Viper' killed Pseudogiant using wpn_fn2000
[15:29:47] [INBOUND] Initial +2 ctx.Stalkers, +1 mutants (remaining S=264 M=177)
[15:29:47] [TASK] Bohdan → GoToShelter (goal=FleeEmission)
[15:29:47] [GOAL] Bohdan achieved FleeEmission
[15:29:47] [TASK] Viktor → GoToShelter (goal=FleeEmission)
[15:29:47] [GOAL] Viktor achieved FleeEmission
[15:29:47] [TASK] Ivan → GoToShelter (goal=FleeEmission)
[15:29:47] [GOAL] Ivan achieved FleeEmission
[15:29:47] [TASK] Giorgi → GoToShelter (goal=FleeEmission)
[15:29:47] [GOAL] Giorgi achieved FleeEmission
[15:29:47] [TASK] Oleksiy → GoToShelter (goal=FleeEmission)
[15:29:47] [GOAL] Oleksiy achieved FleeEmission
[15:29:47] [TASK] Taras → GoToShelter (goal=FleeEmission)
[15:29:47] [GOAL] Taras achieved FleeEmission
[15:29:47] [TASK] Rustam → GoToShelter (goal=FleeEmission)
[15:29:47] [GOAL] Rustam achieved FleeEmission
[15:29:47] [TASK] Damir → GoToShelter (goal=FleeEmission)
[15:29:47] [GOAL] Damir achieved FleeEmission
[15:29:47] [TASK] Sergei → GoToShelter (goal=FleeEmission)
[15:29:47] [GOAL] Sergei achieved FleeEmission
[15:29:47] [TASK] Pavel → GoToShelter (goal=FleeEmission)
[15:29:47] [GOAL] Pavel achieved FleeEmission
[15:29:47] [TASK] Nikolai → GoToShelter (goal=FleeEmission)
[15:29:47] [GOAL] Nikolai achieved FleeEmission
[15:29:47] [TASK] Viktor → GoToShelter (goal=FleeEmission)
[15:29:47] [GOAL] Viktor achieved FleeEmission
[15:29:47] [TASK] Bohdan → GoToShelter (goal=FleeEmission)
[15:29:47] [GOAL] Bohdan achieved FleeEmission
[15:29:47] [TASK] Mikhail → GoToShelter (goal=FleeEmission)
[15:29:47] [GOAL] Mikhail achieved FleeEmission
[15:29:47] [TASK] Oleksiy → GoToShelter (goal=FleeEmission)
[15:29:47] [GOAL] Oleksiy achieved FleeEmission
[15:29:47] [TASK] Andriy → GoToShelter (goal=FleeEmission)
[15:29:47] [GOAL] Andriy achieved FleeEmission
[15:29:47] [TASK] Serhiy → GoToShelter (goal=FleeEmission)
[15:29:47] [GOAL] Serhiy achieved FleeEmission
[15:29:47] [TASK] Taras → GoToShelter (goal=FleeEmission)
[15:29:47] [GOAL] Taras achieved FleeEmission
[15:29:47] [TASK] Dmytro → GoToShelter (goal=FleeEmission)
[15:29:47] [GOAL] Dmytro achieved FleeEmission
[15:29:49] [INBOUND] Initial +2 ctx.Stalkers, +1 mutants (remaining S=262 M=176)
[15:29:49] [SNAPSHOT] real=15.0min game=D0 00:59 alive S=227 M=274 corpses=533 lootable=299 gammaGear out=118 helm=197 avgRU=860 leaderGoals trade=0 mission=20 emission=Dormant nextIn=17gmin desperate=0 hungry=0 interval deaths=23 combats=36 tasks=190 gearLoot=1 gearBuy=0 missions=0 corpseDespawn=52 trickleSpawns=0 ranks=[Rookie:221,Trainee:3,Experienced:1,Professional:2] goals=[Idle:105,FleeEmission::20] leaders: Andriy[Rookie/Idle], Bohdan[Rookie/FleeEmission:], Oleg[Rookie/Idle], Mikhail[Rookie/Idle], Andriy[Rookie/Idle]
[15:29:50] [TASK] Bohdan → GoToShelter (goal=FleeEmission)
[15:29:50] [GOAL] Bohdan achieved FleeEmission
[15:29:50] [TASK] Viktor → GoToShelter (goal=FleeEmission)
[15:29:50] [GOAL] Viktor achieved FleeEmission
[15:29:50] [TASK] Ivan → GoToShelter (goal=FleeEmission)
[15:29:50] [GOAL] Ivan achieved FleeEmission
[15:29:50] [TASK] Giorgi → GoToShelter (goal=FleeEmission)
[15:29:50] [GOAL] Giorgi achieved FleeEmission
[15:29:50] [TASK] Oleksiy → GoToShelter (goal=FleeEmission)
[15:29:50] [GOAL] Oleksiy achieved FleeEmission
[15:29:50] [TASK] Taras → GoToShelter (goal=FleeEmission)
[15:29:50] [GOAL] Taras achieved FleeEmission
[15:29:50] [TASK] Rustam → GoToShelter (goal=FleeEmission)
[15:29:50] [GOAL] Rustam achieved FleeEmission
[15:29:50] [TASK] Damir → GoToShelter (goal=FleeEmission)
[15:29:50] [GOAL] Damir achieved FleeEmission
[15:29:50] [TASK] Sergei → GoToShelter (goal=FleeEmission)
[15:29:50] [GOAL] Sergei achieved FleeEmission
[15:29:50] [TASK] Pavel → GoToShelter (goal=FleeEmission)
[15:29:50] [GOAL] Pavel achieved FleeEmission
[15:29:50] [TASK] Nikolai → GoToShelter (goal=FleeEmission)
[15:29:50] [GOAL] Nikolai achieved FleeEmission
[15:29:50] [TASK] Viktor → GoToShelter (goal=FleeEmission)
[15:29:50] [GOAL] Viktor achieved FleeEmission
[15:29:50] [TASK] Bohdan → GoToShelter (goal=FleeEmission)
[15:29:50] [GOAL] Bohdan achieved FleeEmission
[15:29:50] [TASK] Mikhail → GoToShelter (goal=FleeEmission)
[15:29:50] [GOAL] Mikhail achieved FleeEmission
[15:29:50] [TASK] Oleksiy → GoToShelter (goal=FleeEmission)
[15:29:50] [GOAL] Oleksiy achieved FleeEmission
[15:29:50] [TASK] Andriy → GoToShelter (goal=FleeEmission)
[15:29:50] [GOAL] Andriy achieved FleeEmission
[15:29:50] [TASK] Serhiy → GoToShelter (goal=FleeEmission)
[15:29:50] [GOAL] Serhiy achieved FleeEmission
[15:29:50] [TASK] Taras → GoToShelter (goal=FleeEmission)
[15:29:50] [GOAL] Taras achieved FleeEmission
[15:29:50] [TASK] Ivan → GoToShelter (goal=FleeEmission)
[15:29:50] [GOAL] Ivan achieved FleeEmission
[15:29:52] [RANK] Yuriy Ivanov 'Phantom' → Trainee
[15:29:52] [COMBAT] Yuriy Ivanov 'Phantom' killed Pseudodog using wpn_ak74
[15:29:52] [COMBAT] Andriy Sokolov 'Bullet' killed Mykola Petrov 'Spark' using wpn_vintorez
[15:29:52] [COMBAT] Vasyl Popov 'Ash' killed Burer using wpn_pkm
[15:29:52] [INBOUND] Initial +2 ctx.Stalkers, +2 mutants (remaining S=260 M=174)
[15:29:52] [TASK] Bohdan → GoToShelter (goal=FleeEmission)
[15:29:52] [GOAL] Bohdan achieved FleeEmission
[15:29:52] [TASK] Viktor → GoToShelter (goal=FleeEmission)
[15:29:52] [GOAL] Viktor achieved FleeEmission
[15:29:52] [TASK] Giorgi → GoToShelter (goal=FleeEmission)
[15:29:52] [GOAL] Giorgi achieved FleeEmission
[15:29:52] [TASK] Oleksiy → GoToShelter (goal=FleeEmission)
[15:29:52] [GOAL] Oleksiy achieved FleeEmission
[15:29:53] [TASK] Taras → GoToShelter (goal=FleeEmission)
[15:29:53] [GOAL] Taras achieved FleeEmission
[15:29:53] [TASK] Rustam → GoToShelter (goal=FleeEmission)
[15:29:53] [GOAL] Rustam achieved FleeEmission
[15:29:53] [TASK] Damir → GoToShelter (goal=FleeEmission)
[15:29:53] [GOAL] Damir achieved FleeEmission
[15:29:53] [TASK] Sergei → GoToShelter (goal=FleeEmission)
[15:29:53] [GOAL] Sergei achieved FleeEmission
[15:29:53] [TASK] Pavel → GoToShelter (goal=FleeEmission)
[15:29:53] [GOAL] Pavel achieved FleeEmission
[15:29:53] [TASK] Nikolai → GoToShelter (goal=FleeEmission)
[15:29:53] [GOAL] Nikolai achieved FleeEmission
[15:29:53] [TASK] Viktor → GoToShelter (goal=FleeEmission)
[15:29:53] [GOAL] Viktor achieved FleeEmission
[15:29:53] [TASK] Bohdan → GoToShelter (goal=FleeEmission)
[15:29:53] [GOAL] Bohdan achieved FleeEmission
[15:29:53] [TASK] Mikhail → GoToShelter (goal=FleeEmission)
[15:29:53] [GOAL] Mikhail achieved FleeEmission
[15:29:53] [TASK] Oleksiy → GoToShelter (goal=FleeEmission)
[15:29:53] [GOAL] Oleksiy achieved FleeEmission
[15:29:53] [TASK] Andriy → GoToShelter (goal=FleeEmission)
[15:29:53] [GOAL] Andriy achieved FleeEmission
[15:29:53] [TASK] Serhiy → GoToShelter (goal=FleeEmission)
[15:29:53] [GOAL] Serhiy achieved FleeEmission
[15:29:53] [TASK] Taras → GoToShelter (goal=FleeEmission)
[15:29:53] [GOAL] Taras achieved FleeEmission
[15:29:53] [TASK] Alexei → GoToShelter (goal=FleeEmission)
[15:29:53] [GOAL] Alexei achieved FleeEmission
[15:29:55] [INBOUND] Initial +2 ctx.Stalkers, +1 mutants (remaining S=258 M=173)
[15:29:55] [TASK] Bohdan → GoToShelter (goal=FleeEmission)
[15:29:55] [GOAL] Bohdan achieved FleeEmission
[15:29:55] [TASK] Viktor → GoToShelter (goal=FleeEmission)
[15:29:55] [GOAL] Viktor achieved FleeEmission
[15:29:55] [TASK] Giorgi → GoToShelter (goal=FleeEmission)
[15:29:55] [GOAL] Giorgi achieved FleeEmission
[15:29:55] [TASK] Oleksiy → GoToShelter (goal=FleeEmission)
[15:29:55] [GOAL] Oleksiy achieved FleeEmission
[15:29:55] [TASK] Taras → GoToShelter (goal=FleeEmission)
[15:29:55] [GOAL] Taras achieved FleeEmission
[15:29:55] [TASK] Rustam → GoToShelter (goal=FleeEmission)
[15:29:55] [GOAL] Rustam achieved FleeEmission
[15:29:55] [TASK] Damir → GoToShelter (goal=FleeEmission)
[15:29:55] [GOAL] Damir achieved FleeEmission
[15:29:55] [TASK] Sergei → GoToShelter (goal=FleeEmission)
[15:29:55] [GOAL] Sergei achieved FleeEmission
[15:29:55] [TASK] Pavel → GoToShelter (goal=FleeEmission)
[15:29:55] [GOAL] Pavel achieved FleeEmission
[15:29:55] [TASK] Nikolai → GoToShelter (goal=FleeEmission)
[15:29:55] [GOAL] Nikolai achieved FleeEmission
[15:29:55] [TASK] Viktor → GoToShelter (goal=FleeEmission)
[15:29:55] [GOAL] Viktor achieved FleeEmission
[15:29:55] [TASK] Bohdan → GoToShelter (goal=FleeEmission)
[15:29:55] [GOAL] Bohdan achieved FleeEmission
[15:29:55] [TASK] Mikhail → GoToShelter (goal=FleeEmission)
[15:29:55] [GOAL] Mikhail achieved FleeEmission
[15:29:55] [TASK] Oleksiy → GoToShelter (goal=FleeEmission)
[15:29:55] [GOAL] Oleksiy achieved FleeEmission
[15:29:55] [TASK] Andriy → GoToShelter (goal=FleeEmission)
[15:29:55] [GOAL] Andriy achieved FleeEmission
[15:29:55] [TASK] Serhiy → GoToShelter (goal=FleeEmission)
[15:29:55] [GOAL] Serhiy achieved FleeEmission
[15:29:55] [TASK] Taras → GoToShelter (goal=FleeEmission)
[15:29:55] [GOAL] Taras achieved FleeEmission
[15:29:55] [TASK] Oleg → GoToShelter (goal=FleeEmission)
[15:29:55] [GOAL] Oleg achieved FleeEmission
[15:29:58] [INBOUND] Initial +2 ctx.Stalkers, +2 mutants (remaining S=256 M=171)
[15:29:58] [TASK] Bohdan → GoToShelter (goal=FleeEmission)
[15:29:58] [GOAL] Bohdan achieved FleeEmission
[15:29:58] [TASK] Viktor → GoToShelter (goal=FleeEmission)
[15:29:58] [GOAL] Viktor achieved FleeEmission
[15:29:58] [TASK] Giorgi → GoToShelter (goal=FleeEmission)
[15:29:58] [GOAL] Giorgi achieved FleeEmission
[15:29:58] [TASK] Oleksiy → GoToShelter (goal=FleeEmission)
[15:29:58] [GOAL] Oleksiy achieved FleeEmission
[15:29:58] [TASK] Taras → GoToShelter (goal=FleeEmission)
[15:29:58] [GOAL] Taras achieved FleeEmission
[15:29:58] [TASK] Rustam → GoToShelter (goal=FleeEmission)
[15:29:58] [GOAL] Rustam achieved FleeEmission
[15:29:58] [TASK] Damir → GoToShelter (goal=FleeEmission)
[15:29:58] [GOAL] Damir achieved FleeEmission
[15:29:58] [TASK] Sergei → GoToShelter (goal=FleeEmission)
[15:29:58] [GOAL] Sergei achieved FleeEmission
[15:29:58] [TASK] Pavel → GoToShelter (goal=FleeEmission)
[15:29:58] [GOAL] Pavel achieved FleeEmission
[15:29:58] [COMBAT] Andriy Bondarenko 'Razor' killed Pseudodog using wpn_aksu
[15:29:58] [TASK] Nikolai → GoToShelter (goal=FleeEmission)
[15:29:58] [GOAL] Nikolai achieved FleeEmission
[15:29:58] [TASK] Viktor → GoToShelter (goal=FleeEmission)
[15:29:58] [GOAL] Viktor achieved FleeEmission
[15:29:58] [TASK] Bohdan → GoToShelter (goal=FleeEmission)
[15:29:58] [GOAL] Bohdan achieved FleeEmission
[15:29:58] [TASK] Mikhail → GoToShelter (goal=FleeEmission)
[15:29:58] [GOAL] Mikhail achieved FleeEmission
[15:29:58] [TASK] Oleksiy → GoToShelter (goal=FleeEmission)
[15:29:58] [GOAL] Oleksiy achieved FleeEmission
[15:29:58] [TASK] Andriy → GoToShelter (goal=FleeEmission)
[15:29:58] [GOAL] Andriy achieved FleeEmission
[15:29:58] [TASK] Serhiy → GoToShelter (goal=FleeEmission)
[15:29:58] [GOAL] Serhiy achieved FleeEmission
[15:29:58] [TASK] Taras → GoToShelter (goal=FleeEmission)
[15:29:58] [GOAL] Taras achieved FleeEmission
[15:29:59] [COMBAT] Igor Petrenko 'Jackal' killed Vasyl Volkov 'Spark' using wpn_ak74
[15:29:59] [GEAR] Igor looted [wpn_ak74, wpn_sg550, arm_exo, helm_exo] via combat
[15:30:01] [INBOUND] Initial +2 ctx.Stalkers, +1 mutants (remaining S=254 M=170)
[15:30:01] [COMBAT] Ivan Petrenko 'Bullet' killed Controller using wpn_ak74
[15:30:01] [COMBAT] Oleg Volkov 'Spark' killed Chimera using wpn_fn2000
[15:30:01] [TASK] Pavel → GoToShelter (goal=FleeEmission)
[15:30:01] [GOAL] Pavel achieved FleeEmission
[15:30:01] [TASK] Nikolai → GoToShelter (goal=FleeEmission)
[15:30:01] [GOAL] Nikolai achieved FleeEmission
[15:30:01] [TASK] Viktor → GoToShelter (goal=FleeEmission)
[15:30:01] [GOAL] Viktor achieved FleeEmission
[15:30:01] [TASK] Bohdan → GoToShelter (goal=FleeEmission)
[15:30:01] [GOAL] Bohdan achieved FleeEmission
[15:30:01] [TASK] Mikhail → GoToShelter (goal=FleeEmission)
[15:30:01] [GOAL] Mikhail achieved FleeEmission
[15:30:01] [TASK] Oleksiy → GoToShelter (goal=FleeEmission)
[15:30:01] [GOAL] Oleksiy achieved FleeEmission
[15:30:01] [TASK] Andriy → GoToShelter (goal=FleeEmission)
[15:30:01] [GOAL] Andriy achieved FleeEmission
[15:30:01] [TASK] Serhiy → GoToShelter (goal=FleeEmission)
[15:30:01] [GOAL] Serhiy achieved FleeEmission
[15:30:01] [TASK] Taras → GoToShelter (goal=FleeEmission)
[15:30:01] [GOAL] Taras achieved FleeEmission
[15:30:01] [TASK] Mykola → GoToShelter (goal=FleeEmission)
[15:30:01] [GOAL] Mykola achieved FleeEmission
[15:30:01] [TASK] Oleksiy → GoToShelter (goal=FleeEmission)
[15:30:01] [GOAL] Oleksiy achieved FleeEmission
[15:30:01] [TASK] Bohdan → GoToShelter (goal=FleeEmission)
[15:30:01] [GOAL] Bohdan achieved FleeEmission
[15:30:01] [TASK] Viktor → GoToShelter (goal=FleeEmission)
[15:30:01] [GOAL] Viktor achieved FleeEmission
[15:30:01] [TASK] Giorgi → GoToShelter (goal=FleeEmission)
[15:30:01] [GOAL] Giorgi achieved FleeEmission
[15:30:01] [TASK] Oleksiy → GoToShelter (goal=FleeEmission)
[15:30:01] [GOAL] Oleksiy achieved FleeEmission
[15:30:01] [TASK] Taras → GoToShelter (goal=FleeEmission)
[15:30:01] [GOAL] Taras achieved FleeEmission
[15:30:01] [TASK] Rustam → GoToShelter (goal=FleeEmission)
[15:30:01] [GOAL] Rustam achieved FleeEmission
[15:30:01] [TASK] Damir → GoToShelter (goal=FleeEmission)
[15:30:01] [GOAL] Damir achieved FleeEmission
[15:30:01] [TASK] Sergei → GoToShelter (goal=FleeEmission)
[15:30:01] [GOAL] Sergei achieved FleeEmission
[15:30:03] [INBOUND] Initial +2 ctx.Stalkers, +1 mutants (remaining S=252 M=169)
[15:30:04] [COMBAT] Bohdan Shevchenko 'Bone' killed Mykola Petrenko 'Raven' using wpn_pm
[15:30:04] [GEAR] Bohdan looted [wpn_ak74, arm_stalker, helm_helm_hardhat] via combat
[15:30:04] [COMBAT] Andrei Melnyk 'Wolf' killed Poltergeist using wpn_ak74
[15:30:05] [INBOUND] Initial +3 ctx.Stalkers, +2 mutants (remaining S=249 M=167)
[15:30:05] [CORPSE] Despawned 49 bodies (lifetime=1161)
[15:30:06] [COMBAT] Lasha Ivanov 'Crow' killed Snork using wpn_fn2000
[15:30:06] [INBOUND] Initial +2 ctx.Stalkers, +1 mutants (remaining S=247 M=166)
[15:30:06] [COMBAT] Taras Kovalenko 'Bone' killed Snork using wpn_pm
[15:30:06] [TASK] Bohdan → GoToShelter (goal=FleeEmission)
[15:30:06] [GOAL] Bohdan achieved FleeEmission
[15:30:06] [TASK] Viktor → GoToShelter (goal=FleeEmission)
[15:30:06] [GOAL] Viktor achieved FleeEmission
[15:30:06] [TASK] Giorgi → GoToShelter (goal=FleeEmission)
[15:30:06] [GOAL] Giorgi achieved FleeEmission
[15:30:06] [TASK] Oleksiy → GoToShelter (goal=FleeEmission)
[15:30:06] [GOAL] Oleksiy achieved FleeEmission
[15:30:06] [TASK] Taras → GoToShelter (goal=FleeEmission)
[15:30:06] [GOAL] Taras achieved FleeEmission
[15:30:06] [TASK] Rustam → GoToShelter (goal=FleeEmission)
[15:30:06] [GOAL] Rustam achieved FleeEmission
[15:30:06] [TASK] Damir → GoToShelter (goal=FleeEmission)
[15:30:06] [GOAL] Damir achieved FleeEmission
[15:30:06] [TASK] Sergei → GoToShelter (goal=FleeEmission)
[15:30:06] [GOAL] Sergei achieved FleeEmission
[15:30:06] [TASK] Connor → GoToShelter (goal=FleeEmission)
[15:30:06] [GOAL] Connor achieved FleeEmission
[15:30:06] [TASK] Pavel → GoToShelter (goal=FleeEmission)
[15:30:06] [GOAL] Pavel achieved FleeEmission
[15:30:06] [TASK] Nikolai → GoToShelter (goal=FleeEmission)
[15:30:06] [GOAL] Nikolai achieved FleeEmission
[15:30:06] [TASK] Viktor → GoToShelter (goal=FleeEmission)
[15:30:06] [GOAL] Viktor achieved FleeEmission
[15:30:06] [TASK] Bohdan → GoToShelter (goal=FleeEmission)
[15:30:06] [GOAL] Bohdan achieved FleeEmission
[15:30:06] [TASK] Mikhail → GoToShelter (goal=FleeEmission)
[15:30:06] [GOAL] Mikhail achieved FleeEmission
[15:30:06] [TASK] Oleksiy → GoToShelter (goal=FleeEmission)
[15:30:06] [GOAL] Oleksiy achieved FleeEmission
[15:30:06] [TASK] Andriy → GoToShelter (goal=FleeEmission)
[15:30:06] [GOAL] Andriy achieved FleeEmission
[15:30:06] [TASK] Serhiy → GoToShelter (goal=FleeEmission)
[15:30:06] [GOAL] Serhiy achieved FleeEmission
[15:30:06] [TASK] Taras → GoToShelter (goal=FleeEmission)
[15:30:06] [GOAL] Taras achieved FleeEmission
[15:30:06] [TASK] Oleg → GoToShelter (goal=FleeEmission)
[15:30:06] [GOAL] Oleg achieved FleeEmission
[15:30:06] [TASK] Oleksiy → GoToShelter (goal=FleeEmission)
[15:30:06] [GOAL] Oleksiy achieved FleeEmission
[15:30:06] [TASK] Andrei → GoToShelter (goal=FleeEmission)
[15:30:06] [GOAL] Andrei achieved FleeEmission
[15:30:06] [TASK] Dmitri → GoToShelter (goal=FleeEmission)
[15:30:06] [GOAL] Dmitri achieved FleeEmission
[15:30:06] [TASK] Frank → GoToShelter (goal=FleeEmission)
[15:30:06] [GOAL] Frank achieved FleeEmission
[15:30:08] [COMBAT] Oleg Popov 'Viper' killed Pseudodog using wpn_l96a1
[15:30:09] [RANK] Dmytro Petrenko 'Scar' → Trainee
[15:30:09] [COMBAT] Dmytro Petrenko 'Scar' killed Fracture using wpn_aksu
[15:30:09] [COMBAT] Nikolai Petrenko 'Razor' killed Flesh using wpn_gauss
[15:30:09] [INBOUND] Initial +2 ctx.Stalkers, +2 mutants (remaining S=245 M=164)
[15:30:09] [TASK] Bohdan → GoToShelter (goal=FleeEmission)
[15:30:09] [GOAL] Bohdan achieved FleeEmission
[15:30:09] [TASK] Viktor → GoToShelter (goal=FleeEmission)
[15:30:09] [GOAL] Viktor achieved FleeEmission
[15:30:09] [TASK] Giorgi → GoToShelter (goal=FleeEmission)
[15:30:09] [GOAL] Giorgi achieved FleeEmission
[15:30:09] [TASK] Oleksiy → GoToShelter (goal=FleeEmission)
[15:30:09] [GOAL] Oleksiy achieved FleeEmission
[15:30:09] [TASK] Taras → GoToShelter (goal=FleeEmission)
[15:30:09] [GOAL] Taras achieved FleeEmission
[15:30:09] [TASK] Rustam → GoToShelter (goal=FleeEmission)
[15:30:09] [GOAL] Rustam achieved FleeEmission
[15:30:09] [TASK] Damir → GoToShelter (goal=FleeEmission)
[15:30:09] [GOAL] Damir achieved FleeEmission
[15:30:09] [TASK] Sergei → GoToShelter (goal=FleeEmission)
[15:30:09] [GOAL] Sergei achieved FleeEmission
[15:30:09] [TASK] Pavel → GoToShelter (goal=FleeEmission)
[15:30:09] [GOAL] Pavel achieved FleeEmission
[15:30:09] [TASK] Nikolai → GoToShelter (goal=FleeEmission)
[15:30:09] [GOAL] Nikolai achieved FleeEmission
[15:30:09] [TASK] Viktor → GoToShelter (goal=FleeEmission)
[15:30:09] [GOAL] Viktor achieved FleeEmission
[15:30:09] [TASK] Bohdan → GoToShelter (goal=FleeEmission)
[15:30:09] [GOAL] Bohdan achieved FleeEmission
[15:30:09] [TASK] Mikhail → GoToShelter (goal=FleeEmission)
[15:30:09] [GOAL] Mikhail achieved FleeEmission
[15:30:09] [TASK] Oleksiy → GoToShelter (goal=FleeEmission)
[15:30:09] [GOAL] Oleksiy achieved FleeEmission
[15:30:09] [TASK] Andriy → GoToShelter (goal=FleeEmission)
[15:30:09] [GOAL] Andriy achieved FleeEmission
[15:30:09] [TASK] Serhiy → GoToShelter (goal=FleeEmission)
[15:30:09] [GOAL] Serhiy achieved FleeEmission
[15:30:09] [TASK] Taras → GoToShelter (goal=FleeEmission)
[15:30:09] [GOAL] Taras achieved FleeEmission
[15:30:09] [TASK] Oleksiy → GoToShelter (goal=FleeEmission)
[15:30:09] [GOAL] Oleksiy achieved FleeEmission
[15:30:09] [TASK] Andrei → GoToShelter (goal=FleeEmission)
[15:30:09] [GOAL] Andrei achieved FleeEmission
[15:30:09] [TASK] Dmitri → GoToShelter (goal=FleeEmission)
[15:30:09] [GOAL] Dmitri achieved FleeEmission
[15:30:09] [TASK] Frank → GoToShelter (goal=FleeEmission)
[15:30:09] [GOAL] Frank achieved FleeEmission
[15:30:09] [TASK] Sergei → GoToShelter (goal=FleeEmission)
[15:30:09] [GOAL] Sergei achieved FleeEmission
[15:30:12] [INBOUND] Initial +2 ctx.Stalkers, +1 mutants (remaining S=243 M=163)
[15:30:12] [TASK] Bohdan → GoToShelter (goal=FleeEmission)
[15:30:12] [GOAL] Bohdan achieved FleeEmission
[15:30:12] [TASK] Viktor → GoToShelter (goal=FleeEmission)
[15:30:12] [GOAL] Viktor achieved FleeEmission
[15:30:12] [TASK] Giorgi → GoToShelter (goal=FleeEmission)
[15:30:12] [GOAL] Giorgi achieved FleeEmission
[15:30:12] [TASK] Oleksiy → GoToShelter (goal=FleeEmission)
[15:30:12] [GOAL] Oleksiy achieved FleeEmission
[15:30:12] [TASK] Taras → GoToShelter (goal=FleeEmission)
[15:30:12] [GOAL] Taras achieved FleeEmission
[15:30:12] [TASK] Rustam → GoToShelter (goal=FleeEmission)
[15:30:12] [GOAL] Rustam achieved FleeEmission
[15:30:12] [TASK] Damir → GoToShelter (goal=FleeEmission)
[15:30:12] [GOAL] Damir achieved FleeEmission
[15:30:12] [TASK] Sergei → GoToShelter (goal=FleeEmission)
[15:30:12] [GOAL] Sergei achieved FleeEmission
[15:30:12] [TASK] Pavel → GoToShelter (goal=FleeEmission)
[15:30:12] [GOAL] Pavel achieved FleeEmission
[15:30:12] [TASK] Nikolai → GoToShelter (goal=FleeEmission)
[15:30:12] [GOAL] Nikolai achieved FleeEmission
[15:30:12] [TASK] Viktor → GoToShelter (goal=FleeEmission)
[15:30:12] [GOAL] Viktor achieved FleeEmission
[15:30:12] [TASK] Bohdan → GoToShelter (goal=FleeEmission)
[15:30:12] [GOAL] Bohdan achieved FleeEmission
[15:30:12] [TASK] Mikhail → GoToShelter (goal=FleeEmission)
[15:30:12] [GOAL] Mikhail achieved FleeEmission
[15:30:12] [TASK] Oleksiy → GoToShelter (goal=FleeEmission)
[15:30:12] [GOAL] Oleksiy achieved FleeEmission
[15:30:12] [TASK] Andriy → GoToShelter (goal=FleeEmission)
[15:30:12] [GOAL] Andriy achieved FleeEmission
[15:30:12] [TASK] Serhiy → GoToShelter (goal=FleeEmission)
[15:30:12] [GOAL] Serhiy achieved FleeEmission
[15:30:12] [TASK] Taras → GoToShelter (goal=FleeEmission)
[15:30:12] [GOAL] Taras achieved FleeEmission
[15:30:12] [TASK] Oleksiy → GoToShelter (goal=FleeEmission)
[15:30:12] [GOAL] Oleksiy achieved FleeEmission
[15:30:12] [TASK] Andrei → GoToShelter (goal=FleeEmission)
[15:30:12] [GOAL] Andrei achieved FleeEmission
[15:30:12] [TASK] Dmitri → GoToShelter (goal=FleeEmission)
[15:30:12] [GOAL] Dmitri achieved FleeEmission
[15:30:12] [TASK] Frank → GoToShelter (goal=FleeEmission)
[15:30:12] [GOAL] Frank achieved FleeEmission
[15:30:12] [TASK] Zura → GoToShelter (goal=FleeEmission)
[15:30:12] [GOAL] Zura achieved FleeEmission
[15:30:15] [COMBAT] Mykola Bondarenko 'Scar' killed Fracture using wpn_aksu
[15:30:15] [INBOUND] Initial +2 ctx.Stalkers, +1 mutants (remaining S=241 M=162)
[15:30:15] [TASK] Bohdan → GoToShelter (goal=FleeEmission)
[15:30:15] [GOAL] Bohdan achieved FleeEmission
[15:30:15] [TASK] Viktor → GoToShelter (goal=FleeEmission)
[15:30:15] [GOAL] Viktor achieved FleeEmission
[15:30:15] [TASK] Giorgi → GoToShelter (goal=FleeEmission)
[15:30:15] [GOAL] Giorgi achieved FleeEmission
[15:30:15] [TASK] Oleksiy → GoToShelter (goal=FleeEmission)
[15:30:15] [GOAL] Oleksiy achieved FleeEmission
[15:30:15] [TASK] Taras → GoToShelter (goal=FleeEmission)
[15:30:15] [GOAL] Taras achieved FleeEmission
[15:30:16] [TASK] Rustam → GoToShelter (goal=FleeEmission)
[15:30:16] [GOAL] Rustam achieved FleeEmission
[15:30:16] [TASK] Sergei → GoToShelter (goal=FleeEmission)
[15:30:16] [GOAL] Sergei achieved FleeEmission
[15:30:16] [TASK] Pavel → GoToShelter (goal=FleeEmission)
[15:30:16] [GOAL] Pavel achieved FleeEmission
[15:30:16] [TASK] Nikolai → GoToShelter (goal=FleeEmission)
[15:30:16] [GOAL] Nikolai achieved FleeEmission
[15:30:16] [TASK] Viktor → GoToShelter (goal=FleeEmission)
[15:30:16] [GOAL] Viktor achieved FleeEmission
[15:30:16] [TASK] Bohdan → GoToShelter (goal=FleeEmission)
[15:30:16] [GOAL] Bohdan achieved FleeEmission
[15:30:16] [TASK] Mikhail → GoToShelter (goal=FleeEmission)
[15:30:16] [GOAL] Mikhail achieved FleeEmission
[15:30:16] [TASK] Oleksiy → GoToShelter (goal=FleeEmission)
[15:30:16] [GOAL] Oleksiy achieved FleeEmission
[15:30:16] [TASK] Serhiy → GoToShelter (goal=FleeEmission)
[15:30:16] [GOAL] Serhiy achieved FleeEmission
[15:30:16] [TASK] Taras → GoToShelter (goal=FleeEmission)
[15:30:16] [GOAL] Taras achieved FleeEmission
[15:30:16] [TASK] Oleksiy → GoToShelter (goal=FleeEmission)
[15:30:16] [GOAL] Oleksiy achieved FleeEmission
[15:30:16] [TASK] Andrei → GoToShelter (goal=FleeEmission)
[15:30:16] [GOAL] Andrei achieved FleeEmission
[15:30:16] [TASK] Dmitri → GoToShelter (goal=FleeEmission)
[15:30:16] [GOAL] Dmitri achieved FleeEmission
[15:30:16] [TASK] Frank → GoToShelter (goal=FleeEmission)
[15:30:16] [GOAL] Frank achieved FleeEmission
[15:30:16] [TASK] Dmytro → GoToShelter (goal=FleeEmission)
[15:30:16] [GOAL] Dmytro achieved FleeEmission
[15:30:16] [TASK] Andrei → GoToShelter (goal=FleeEmission)
[15:30:16] [GOAL] Andrei achieved FleeEmission
[15:30:18] [TASK] Oleksiy → GoToShelter (goal=FleeEmission)
[15:30:18] [GOAL] Oleksiy achieved FleeEmission
[15:30:18] [TASK] Taras → GoToShelter (goal=FleeEmission)
[15:30:18] [GOAL] Taras achieved FleeEmission
[15:30:18] [TASK] Rustam → GoToShelter (goal=FleeEmission)
[15:30:18] [GOAL] Rustam achieved FleeEmission
[15:30:18] [TASK] Sergei → GoToShelter (goal=FleeEmission)
[15:30:18] [GOAL] Sergei achieved FleeEmission
[15:30:18] [TASK] Pavel → GoToShelter (goal=FleeEmission)
[15:30:18] [GOAL] Pavel achieved FleeEmission
[15:30:18] [TASK] Nikolai → GoToShelter (goal=FleeEmission)
[15:30:18] [GOAL] Nikolai achieved FleeEmission
[15:30:18] [TASK] Viktor → GoToShelter (goal=FleeEmission)
[15:30:18] [GOAL] Viktor achieved FleeEmission
[15:30:18] [TASK] Bohdan → GoToShelter (goal=FleeEmission)
[15:30:18] [GOAL] Bohdan achieved FleeEmission
[15:30:18] [COMBAT] Serhiy Petrov 'Mole' killed Lurker using wpn_toz34
[15:30:18] [TASK] Mikhail → GoToShelter (goal=FleeEmission)
[15:30:18] [GOAL] Mikhail achieved FleeEmission
[15:30:18] [TASK] Oleksiy → GoToShelter (goal=FleeEmission)
[15:30:18] [GOAL] Oleksiy achieved FleeEmission
[15:30:18] [TASK] Serhiy → GoToShelter (goal=FleeEmission)
[15:30:18] [GOAL] Serhiy achieved FleeEmission
[15:30:18] [TASK] Taras → GoToShelter (goal=FleeEmission)
[15:30:18] [GOAL] Taras achieved FleeEmission
[15:30:18] [TASK] Oleksiy → GoToShelter (goal=FleeEmission)
[15:30:18] [GOAL] Oleksiy achieved FleeEmission
[15:30:18] [TASK] Andrei → GoToShelter (goal=FleeEmission)
[15:30:18] [GOAL] Andrei achieved FleeEmission
[15:30:18] [TASK] Dmitri → GoToShelter (goal=FleeEmission)
[15:30:18] [GOAL] Dmitri achieved FleeEmission
[15:30:18] [TASK] Frank → GoToShelter (goal=FleeEmission)
[15:30:18] [GOAL] Frank achieved FleeEmission
[15:30:18] [TASK] Bohdan → GoToShelter (goal=FleeEmission)
[15:30:18] [GOAL] Bohdan achieved FleeEmission
[15:30:18] [TASK] Viktor → GoToShelter (goal=FleeEmission)
[15:30:18] [GOAL] Viktor achieved FleeEmission
[15:30:18] [TASK] Giorgi → GoToShelter (goal=FleeEmission)
[15:30:18] [GOAL] Giorgi achieved FleeEmission
[15:30:20] [TASK] Oleksiy → GoToShelter (goal=FleeEmission)
[15:30:20] [GOAL] Oleksiy achieved FleeEmission
[15:30:20] [TASK] Taras → GoToShelter (goal=FleeEmission)
[15:30:20] [GOAL] Taras achieved FleeEmission
[15:30:20] [TASK] Rustam → GoToShelter (goal=FleeEmission)
[15:30:20] [GOAL] Rustam achieved FleeEmission
[15:30:20] [TASK] Sergei → GoToShelter (goal=FleeEmission)
[15:30:20] [GOAL] Sergei achieved FleeEmission
[15:30:20] [TASK] Pavel → GoToShelter (goal=FleeEmission)
[15:30:20] [GOAL] Pavel achieved FleeEmission
[15:30:20] [TASK] Nikolai → GoToShelter (goal=FleeEmission)
[15:30:20] [GOAL] Nikolai achieved FleeEmission
[15:30:20] [TASK] Viktor → GoToShelter (goal=FleeEmission)
[15:30:20] [GOAL] Viktor achieved FleeEmission
[15:30:20] [TASK] Bohdan → GoToShelter (goal=FleeEmission)
[15:30:20] [GOAL] Bohdan achieved FleeEmission
[15:30:20] [TASK] Mikhail → GoToShelter (goal=FleeEmission)
[15:30:20] [GOAL] Mikhail achieved FleeEmission
[15:30:20] [TASK] Oleksiy → GoToShelter (goal=FleeEmission)
[15:30:20] [GOAL] Oleksiy achieved FleeEmission
[15:30:20] [TASK] Serhiy → GoToShelter (goal=FleeEmission)
[15:30:20] [GOAL] Serhiy achieved FleeEmission
[15:30:20] [TASK] Taras → GoToShelter (goal=FleeEmission)
[15:30:20] [GOAL] Taras achieved FleeEmission
[15:30:20] [TASK] Oleksiy → GoToShelter (goal=FleeEmission)
[15:30:20] [GOAL] Oleksiy achieved FleeEmission
[15:30:20] [TASK] Andrei → GoToShelter (goal=FleeEmission)
[15:30:20] [GOAL] Andrei achieved FleeEmission
[15:30:20] [TASK] Dmitri → GoToShelter (goal=FleeEmission)
[15:30:20] [GOAL] Dmitri achieved FleeEmission
[15:30:20] [TASK] Frank → GoToShelter (goal=FleeEmission)
[15:30:20] [GOAL] Frank achieved FleeEmission
[15:30:20] [TASK] Bohdan → GoToShelter (goal=FleeEmission)
[15:30:20] [GOAL] Bohdan achieved FleeEmission
[15:30:20] [TASK] Viktor → GoToShelter (goal=FleeEmission)
[15:30:20] [GOAL] Viktor achieved FleeEmission
[15:30:20] [TASK] Giorgi → GoToShelter (goal=FleeEmission)
[15:30:20] [GOAL] Giorgi achieved FleeEmission
[15:30:22] [INBOUND] Initial +2 ctx.Stalkers, +2 mutants (remaining S=239 M=160)
[15:30:22] [SNAPSHOT] real=15.5min game=D0 01:00 alive S=230 M=277 corpses=517 lootable=278 gammaGear out=123 helm=198 avgRU=859 leaderGoals trade=0 mission=21 emission=Dormant nextIn=16gmin desperate=0 hungry=0 interval deaths=20 combats=33 tasks=217 gearLoot=2 gearBuy=0 missions=0 corpseDespawn=49 trickleSpawns=0 ranks=[Rookie:223,Trainee:4,Experienced:1,Professional:2] goals=[Idle:100,FleeEmission::21] leaders: Andriy[Rookie/Idle], Bohdan[Rookie/FleeEmission:], Oleg[Rookie/Idle], Mikhail[Rookie/Idle], Andriy[Rookie/Idle]
[15:30:22] [TASK] Bohdan → GoToShelter (goal=FleeEmission)
[15:30:22] [GOAL] Bohdan achieved FleeEmission
[15:30:22] [TASK] Viktor → GoToShelter (goal=FleeEmission)
[15:30:22] [GOAL] Viktor achieved FleeEmission
[15:30:22] [TASK] Giorgi → GoToShelter (goal=FleeEmission)
[15:30:22] [GOAL] Giorgi achieved FleeEmission
[15:30:22] [TASK] Yuriy → GoToShelter (goal=FleeEmission)
[15:30:22] [GOAL] Yuriy achieved FleeEmission
[15:30:22] [TASK] Oleksiy → GoToShelter (goal=FleeEmission)
[15:30:22] [GOAL] Oleksiy achieved FleeEmission
[15:30:22] [TASK] Taras → GoToShelter (goal=FleeEmission)
[15:30:22] [GOAL] Taras achieved FleeEmission
[15:30:22] [TASK] Rustam → GoToShelter (goal=FleeEmission)
[15:30:22] [GOAL] Rustam achieved FleeEmission
[15:30:22] [TASK] Sergei → GoToShelter (goal=FleeEmission)
[15:30:22] [GOAL] Sergei achieved FleeEmission
[15:30:22] [TASK] Pavel → GoToShelter (goal=FleeEmission)
[15:30:22] [GOAL] Pavel achieved FleeEmission
[15:30:22] [TASK] Nikolai → GoToShelter (goal=FleeEmission)
[15:30:22] [GOAL] Nikolai achieved FleeEmission
[15:30:22] [TASK] Viktor → GoToShelter (goal=FleeEmission)
[15:30:22] [GOAL] Viktor achieved FleeEmission
[15:30:22] [TASK] Bohdan → GoToShelter (goal=FleeEmission)
[15:30:22] [GOAL] Bohdan achieved FleeEmission
[15:30:22] [TASK] Mikhail → GoToShelter (goal=FleeEmission)
[15:30:22] [GOAL] Mikhail achieved FleeEmission
[15:30:22] [TASK] Oleksiy → GoToShelter (goal=FleeEmission)
[15:30:22] [GOAL] Oleksiy achieved FleeEmission
[15:30:22] [TASK] Serhiy → GoToShelter (goal=FleeEmission)
[15:30:22] [GOAL] Serhiy achieved FleeEmission
[15:30:22] [TASK] Taras → GoToShelter (goal=FleeEmission)
[15:30:22] [GOAL] Taras achieved FleeEmission
[15:30:22] [TASK] Oleksiy → GoToShelter (goal=FleeEmission)
[15:30:22] [GOAL] Oleksiy achieved FleeEmission
[15:30:22] [TASK] Andrei → GoToShelter (goal=FleeEmission)
[15:30:22] [GOAL] Andrei achieved FleeEmission
[15:30:22] [TASK] Dmitri → GoToShelter (goal=FleeEmission)
[15:30:22] [GOAL] Dmitri achieved FleeEmission
[15:30:22] [TASK] Frank → GoToShelter (goal=FleeEmission)
[15:30:22] [GOAL] Frank achieved FleeEmission
[15:30:22] [TASK] Bohdan → GoToShelter (goal=FleeEmission)
[15:30:22] [GOAL] Bohdan achieved FleeEmission
[15:30:22] [RANK] Nikolai Petrenko 'Crow' → Trainee
[15:30:22] [COMBAT] Nikolai Petrenko 'Crow' killed Flesh using wpn_ak74
[15:30:25] [COMBAT] Ivan Sokolov 'Spark' killed Chimera using wpn_fn2000
[15:30:25] [COMBAT] Ivan Shevchenko 'Jackal' killed BlindDog using wpn_aksu
[15:30:25] [INBOUND] Initial +2 ctx.Stalkers, +1 mutants (remaining S=237 M=159)
[15:30:25] [TASK] Bohdan → GoToShelter (goal=FleeEmission)
[15:30:25] [GOAL] Bohdan achieved FleeEmission
[15:30:25] [TASK] Viktor → GoToShelter (goal=FleeEmission)
[15:30:25] [GOAL] Viktor achieved FleeEmission
[15:30:25] [TASK] Giorgi → GoToShelter (goal=FleeEmission)
[15:30:25] [GOAL] Giorgi achieved FleeEmission
[15:30:25] [TASK] Oleksiy → GoToShelter (goal=FleeEmission)
[15:30:25] [GOAL] Oleksiy achieved FleeEmission
[15:30:25] [TASK] Taras → GoToShelter (goal=FleeEmission)
[15:30:25] [GOAL] Taras achieved FleeEmission
[15:30:25] [TASK] Rustam → GoToShelter (goal=FleeEmission)
[15:30:25] [GOAL] Rustam achieved FleeEmission
[15:30:25] [TASK] Sergei → GoToShelter (goal=FleeEmission)
[15:30:25] [GOAL] Sergei achieved FleeEmission
[15:30:25] [TASK] Pavel → GoToShelter (goal=FleeEmission)
[15:30:25] [GOAL] Pavel achieved FleeEmission
[15:30:25] [TASK] Nikolai → GoToShelter (goal=FleeEmission)
[15:30:25] [GOAL] Nikolai achieved FleeEmission
[15:30:25] [TASK] Viktor → GoToShelter (goal=FleeEmission)
[15:30:25] [GOAL] Viktor achieved FleeEmission
[15:30:25] [TASK] Bohdan → GoToShelter (goal=FleeEmission)
[15:30:25] [GOAL] Bohdan achieved FleeEmission
[15:30:25] [TASK] Mikhail → GoToShelter (goal=FleeEmission)
[15:30:25] [GOAL] Mikhail achieved FleeEmission
[15:30:25] [TASK] Oleksiy → GoToShelter (goal=FleeEmission)
[15:30:25] [GOAL] Oleksiy achieved FleeEmission
[15:30:25] [TASK] Serhiy → GoToShelter (goal=FleeEmission)
[15:30:25] [GOAL] Serhiy achieved FleeEmission
[15:30:25] [TASK] Taras → GoToShelter (goal=FleeEmission)
[15:30:25] [GOAL] Taras achieved FleeEmission
[15:30:25] [TASK] Oleksiy → GoToShelter (goal=FleeEmission)
[15:30:25] [GOAL] Oleksiy achieved FleeEmission
[15:30:25] [TASK] Andrei → GoToShelter (goal=FleeEmission)
[15:30:25] [GOAL] Andrei achieved FleeEmission
[15:30:25] [TASK] Dmitri → GoToShelter (goal=FleeEmission)
[15:30:25] [GOAL] Dmitri achieved FleeEmission
[15:30:25] [TASK] Frank → GoToShelter (goal=FleeEmission)
[15:30:25] [GOAL] Frank achieved FleeEmission
[15:30:25] [TASK] Pavel → GoToShelter (goal=FleeEmission)
[15:30:25] [GOAL] Pavel achieved FleeEmission
[15:30:28] [COMBAT] Ivan Shevchenko 'Badger' killed Chimera using wpn_mp5
[15:30:28] [COMBAT] Yuriy Popov 'Bone' killed Fracture using wpn_fn2000
[15:30:28] [INBOUND] Initial +2 ctx.Stalkers, +2 mutants (remaining S=235 M=157)
[15:30:28] [TASK] Bohdan → GoToShelter (goal=FleeEmission)
[15:30:28] [GOAL] Bohdan achieved FleeEmission
[15:30:28] [TASK] Viktor → GoToShelter (goal=FleeEmission)
[15:30:28] [GOAL] Viktor achieved FleeEmission
[15:30:28] [TASK] Giorgi → GoToShelter (goal=FleeEmission)
[15:30:28] [GOAL] Giorgi achieved FleeEmission
[15:30:28] [COMBAT] Dmytro Popov 'Wolf' killed Oleksiy Ivanov 'Ash' using wpn_gauss
[15:30:28] [GEAR] Dmytro looted [arm_duty] via combat
[15:30:28] [TASK] Oleksiy → GoToShelter (goal=FleeEmission)
[15:30:28] [GOAL] Oleksiy achieved FleeEmission
[15:30:28] [TASK] Taras → GoToShelter (goal=FleeEmission)
[15:30:28] [GOAL] Taras achieved FleeEmission
[15:30:28] [TASK] Rustam → GoToShelter (goal=FleeEmission)
[15:30:28] [GOAL] Rustam achieved FleeEmission
[15:30:28] [TASK] Sergei → GoToShelter (goal=FleeEmission)
[15:30:28] [GOAL] Sergei achieved FleeEmission
[15:30:28] [TASK] Pavel → GoToShelter (goal=FleeEmission)
[15:30:28] [GOAL] Pavel achieved FleeEmission
[15:30:28] [TASK] Nikolai → GoToShelter (goal=FleeEmission)
[15:30:28] [GOAL] Nikolai achieved FleeEmission
[15:30:28] [TASK] Viktor → GoToShelter (goal=FleeEmission)
[15:30:28] [GOAL] Viktor achieved FleeEmission
[15:30:28] [TASK] Mikhail → GoToShelter (goal=FleeEmission)
[15:30:28] [GOAL] Mikhail achieved FleeEmission
[15:30:28] [TASK] Oleksiy → GoToShelter (goal=FleeEmission)
[15:30:28] [GOAL] Oleksiy achieved FleeEmission
[15:30:28] [TASK] Serhiy → GoToShelter (goal=FleeEmission)
[15:30:28] [GOAL] Serhiy achieved FleeEmission
[15:30:28] [TASK] Taras → GoToShelter (goal=FleeEmission)
[15:30:28] [GOAL] Taras achieved FleeEmission
[15:30:31] [COMBAT] Sean Volkov 'Spark' killed Yuriy Ivanov 'Phantom' using wpn_svd
[15:30:31] [GEAR] Sean looted [wpn_ak74, out_monolith_exolight_outfit] via combat
[15:30:31] [INBOUND] Initial +2 ctx.Stalkers, +1 mutants (remaining S=233 M=156)
[15:30:31] [COMBAT] Frank Volkov 'Whisper' killed Lurker using wpn_fn2000
[15:30:31] [TASK] Bohdan → GoToShelter (goal=FleeEmission)
[15:30:31] [GOAL] Bohdan achieved FleeEmission
[15:30:31] [TASK] Viktor → GoToShelter (goal=FleeEmission)
[15:30:31] [GOAL] Viktor achieved FleeEmission
[15:30:31] [TASK] Giorgi → GoToShelter (goal=FleeEmission)
[15:30:31] [GOAL] Giorgi achieved FleeEmission
[15:30:31] [TASK] Oleksiy → GoToShelter (goal=FleeEmission)
[15:30:31] [GOAL] Oleksiy achieved FleeEmission
[15:30:31] [TASK] Taras → GoToShelter (goal=FleeEmission)
[15:30:31] [GOAL] Taras achieved FleeEmission
[15:30:31] [TASK] Rustam → GoToShelter (goal=FleeEmission)
[15:30:31] [GOAL] Rustam achieved FleeEmission
[15:30:31] [TASK] Sergei → GoToShelter (goal=FleeEmission)
[15:30:31] [GOAL] Sergei achieved FleeEmission
[15:30:31] [TASK] Pavel → GoToShelter (goal=FleeEmission)
[15:30:31] [GOAL] Pavel achieved FleeEmission
[15:30:31] [TASK] Nikolai → GoToShelter (goal=FleeEmission)
[15:30:31] [GOAL] Nikolai achieved FleeEmission
[15:30:31] [TASK] Viktor → GoToShelter (goal=FleeEmission)
[15:30:31] [GOAL] Viktor achieved FleeEmission
[15:30:31] [TASK] Mikhail → GoToShelter (goal=FleeEmission)
[15:30:31] [GOAL] Mikhail achieved FleeEmission
[15:30:31] [TASK] Oleksiy → GoToShelter (goal=FleeEmission)
[15:30:31] [GOAL] Oleksiy achieved FleeEmission
[15:30:31] [TASK] Serhiy → GoToShelter (goal=FleeEmission)
[15:30:31] [GOAL] Serhiy achieved FleeEmission
[15:30:31] [TASK] Taras → GoToShelter (goal=FleeEmission)
[15:30:31] [GOAL] Taras achieved FleeEmission
[15:30:31] [TASK] Mykola → GoToShelter (goal=FleeEmission)
[15:30:31] [GOAL] Mykola achieved FleeEmission
[15:30:31] [TASK] Andrei → GoToShelter (goal=FleeEmission)
[15:30:31] [GOAL] Andrei achieved FleeEmission
[15:30:31] [TASK] Dmitri → GoToShelter (goal=FleeEmission)
[15:30:31] [GOAL] Dmitri achieved FleeEmission
[15:30:31] [TASK] Frank → GoToShelter (goal=FleeEmission)
[15:30:31] [GOAL] Frank achieved FleeEmission
[15:30:31] [TASK] Dmitri → GoToShelter (goal=FleeEmission)
[15:30:31] [GOAL] Dmitri achieved FleeEmission
[15:30:32] [COMBAT] Serhiy Ivanov 'Scar' killed Snork using wpn_svd
[15:30:33] [COMBAT] Marcus Volkov 'Bone' killed Mykola Kovalenko 'Phantom' using wpn_aek971
[15:30:33] [GEAR] Marcus looted [helm_helm_m40] via combat
[15:30:33] [COMBAT] Mikhail Petrenko 'Crow' killed Lurker using wpn_bm16
[15:30:33] [COMBAT] Mykola Sokolov 'Badger' killed PsyDog using wpn_fn2000
[15:30:33] [COMBAT] Mikhail Popov 'Wolf' killed Pseudogiant using wpn_pkm
[15:30:34] [INBOUND] Initial +2 ctx.Stalkers, +1 mutants (remaining S=231 M=155)
[15:30:34] [TASK] Bohdan → GoToShelter (goal=FleeEmission)
[15:30:34] [GOAL] Bohdan achieved FleeEmission
[15:30:34] [TASK] Viktor → GoToShelter (goal=FleeEmission)
[15:30:34] [GOAL] Viktor achieved FleeEmission
[15:30:34] [TASK] Giorgi → GoToShelter (goal=FleeEmission)
[15:30:34] [GOAL] Giorgi achieved FleeEmission
[15:30:34] [TASK] Oleksiy → GoToShelter (goal=FleeEmission)
[15:30:34] [GOAL] Oleksiy achieved FleeEmission
[15:30:34] [TASK] Taras → GoToShelter (goal=FleeEmission)
[15:30:34] [GOAL] Taras achieved FleeEmission
[15:30:34] [TASK] Rustam → GoToShelter (goal=FleeEmission)
[15:30:34] [GOAL] Rustam achieved FleeEmission
[15:30:34] [TASK] Sergei → GoToShelter (goal=FleeEmission)
[15:30:34] [GOAL] Sergei achieved FleeEmission
[15:30:34] [TASK] Pavel → GoToShelter (goal=FleeEmission)
[15:30:34] [GOAL] Pavel achieved FleeEmission
[15:30:34] [TASK] Nikolai → GoToShelter (goal=FleeEmission)
[15:30:34] [GOAL] Nikolai achieved FleeEmission
[15:30:34] [TASK] Viktor → GoToShelter (goal=FleeEmission)
[15:30:34] [GOAL] Viktor achieved FleeEmission
[15:30:34] [TASK] Mikhail → GoToShelter (goal=FleeEmission)
[15:30:34] [GOAL] Mikhail achieved FleeEmission
[15:30:34] [TASK] Oleksiy → GoToShelter (goal=FleeEmission)
[15:30:34] [GOAL] Oleksiy achieved FleeEmission
[15:30:34] [TASK] Serhiy → GoToShelter (goal=FleeEmission)
[15:30:34] [GOAL] Serhiy achieved FleeEmission
[15:30:34] [TASK] Taras → GoToShelter (goal=FleeEmission)
[15:30:34] [GOAL] Taras achieved FleeEmission
[15:30:34] [TASK] Andrei → GoToShelter (goal=FleeEmission)
[15:30:34] [GOAL] Andrei achieved FleeEmission
[15:30:34] [TASK] Dmitri → GoToShelter (goal=FleeEmission)
[15:30:34] [GOAL] Dmitri achieved FleeEmission
[15:30:34] [TASK] Frank → GoToShelter (goal=FleeEmission)
[15:30:34] [GOAL] Frank achieved FleeEmission
[15:30:34] [TASK] Andrei → GoToShelter (goal=FleeEmission)
[15:30:34] [GOAL] Andrei achieved FleeEmission
[15:30:36] [COMBAT] Oleg Sokolov 'Razor' killed Flesh using wpn_mp5
[15:30:36] [INBOUND] Initial +2 ctx.Stalkers, +2 mutants (remaining S=229 M=153)
[15:30:36] [CORPSE] Despawned 17 bodies (lifetime=1178)
[15:30:37] [COMBAT] Oleksiy Bondarenko 'Ash' killed PsyDog using wpn_svd
[15:30:37] [COMBAT] Mikhail Bondarenko 'Viper' killed Snork using wpn_g36
[15:30:37] [INBOUND] Initial +2 ctx.Stalkers, +1 mutants (remaining S=227 M=152)
[15:30:38] [INBOUND] Initial +2 ctx.Stalkers, +1 mutants (remaining S=225 M=151)
[15:30:39] [INBOUND] Initial +2 ctx.Stalkers, +2 mutants (remaining S=223 M=149)
[15:30:39] [TASK] Bohdan → GoToShelter (goal=FleeEmission)
[15:30:39] [GOAL] Bohdan achieved FleeEmission
[15:30:39] [TASK] Viktor → GoToShelter (goal=FleeEmission)
[15:30:39] [GOAL] Viktor achieved FleeEmission
[15:30:39] [TASK] Giorgi → GoToShelter (goal=FleeEmission)
[15:30:39] [GOAL] Giorgi achieved FleeEmission
[15:30:39] [TASK] Oleksiy → GoToShelter (goal=FleeEmission)
[15:30:39] [GOAL] Oleksiy achieved FleeEmission
[15:30:39] [TASK] Taras → GoToShelter (goal=FleeEmission)
[15:30:39] [GOAL] Taras achieved FleeEmission
[15:30:39] [TASK] Rustam → GoToShelter (goal=FleeEmission)
[15:30:39] [GOAL] Rustam achieved FleeEmission
[15:30:39] [TASK] Sergei → GoToShelter (goal=FleeEmission)
[15:30:39] [GOAL] Sergei achieved FleeEmission
[15:30:39] [TASK] Pavel → GoToShelter (goal=FleeEmission)
[15:30:39] [GOAL] Pavel achieved FleeEmission
[15:30:39] [TASK] Nikolai → GoToShelter (goal=FleeEmission)
[15:30:39] [GOAL] Nikolai achieved FleeEmission
[15:30:39] [TASK] Viktor → GoToShelter (goal=FleeEmission)
[15:30:39] [GOAL] Viktor achieved FleeEmission
[15:30:39] [TASK] Mikhail → GoToShelter (goal=FleeEmission)
[15:30:39] [GOAL] Mikhail achieved FleeEmission
[15:30:39] [TASK] Oleksiy → GoToShelter (goal=FleeEmission)
[15:30:39] [GOAL] Oleksiy achieved FleeEmission
[15:30:39] [TASK] Serhiy → GoToShelter (goal=FleeEmission)
[15:30:39] [GOAL] Serhiy achieved FleeEmission
[15:30:39] [TASK] Taras → GoToShelter (goal=FleeEmission)
[15:30:39] [GOAL] Taras achieved FleeEmission
[15:30:39] [TASK] Andrei → GoToShelter (goal=FleeEmission)
[15:30:39] [GOAL] Andrei achieved FleeEmission
[15:30:39] [TASK] Dmitri → GoToShelter (goal=FleeEmission)
[15:30:39] [GOAL] Dmitri achieved FleeEmission
[15:30:39] [TASK] Frank → GoToShelter (goal=FleeEmission)
[15:30:39] [GOAL] Frank achieved FleeEmission
[15:30:39] [TASK] Vasyl → GoToShelter (goal=FleeEmission)
[15:30:39] [GOAL] Vasyl achieved FleeEmission
[15:30:39] [TASK] Jake → GoToShelter (goal=FleeEmission)
[15:30:39] [GOAL] Jake achieved FleeEmission
[15:30:41] [COMBAT] Heinrich Volkov 'Wolf' killed Rat using wpn_ak74
[15:30:41] [COMBAT] Alibek Melnyk 'Mole' killed Poltergeist using wpn_vintorez
[15:30:42] [COMBAT] Yuriy Popov 'Bone' killed Viktor Melnyk 'Mole' using wpn_fn2000
[15:30:42] [GEAR] Yuriy looted [wpn_pb] via combat
[15:30:42] [INBOUND] Initial +3 ctx.Stalkers, +1 mutants (remaining S=220 M=148)
[15:30:42] [TASK] Bohdan → GoToShelter (goal=FleeEmission)
[15:30:42] [GOAL] Bohdan achieved FleeEmission
[15:30:42] [TASK] Viktor → GoToShelter (goal=FleeEmission)
[15:30:42] [GOAL] Viktor achieved FleeEmission
[15:30:42] [TASK] Giorgi → GoToShelter (goal=FleeEmission)
[15:30:42] [GOAL] Giorgi achieved FleeEmission
[15:30:42] [TASK] Oleksiy → GoToShelter (goal=FleeEmission)
[15:30:42] [GOAL] Oleksiy achieved FleeEmission
[15:30:42] [TASK] Taras → GoToShelter (goal=FleeEmission)
[15:30:42] [GOAL] Taras achieved FleeEmission
[15:30:42] [TASK] Rustam → GoToShelter (goal=FleeEmission)
[15:30:42] [GOAL] Rustam achieved FleeEmission
[15:30:42] [TASK] Sergei → GoToShelter (goal=FleeEmission)
[15:30:42] [GOAL] Sergei achieved FleeEmission
[15:30:42] [TASK] Pavel → GoToShelter (goal=FleeEmission)
[15:30:42] [GOAL] Pavel achieved FleeEmission
[15:30:42] [TASK] Nikolai → GoToShelter (goal=FleeEmission)
[15:30:42] [GOAL] Nikolai achieved FleeEmission
[15:30:42] [TASK] Viktor → GoToShelter (goal=FleeEmission)
[15:30:42] [GOAL] Viktor achieved FleeEmission
[15:30:42] [TASK] Mikhail → GoToShelter (goal=FleeEmission)
[15:30:42] [GOAL] Mikhail achieved FleeEmission
[15:30:42] [TASK] Oleksiy → GoToShelter (goal=FleeEmission)
[15:30:42] [GOAL] Oleksiy achieved FleeEmission
[15:30:42] [TASK] Serhiy → GoToShelter (goal=FleeEmission)
[15:30:42] [GOAL] Serhiy achieved FleeEmission
[15:30:42] [TASK] Taras → GoToShelter (goal=FleeEmission)
[15:30:42] [GOAL] Taras achieved FleeEmission
[15:30:42] [COMBAT] Yuriy Melnyk 'Crow' killed Serhiy Petrov 'Mole' using wpn_pkm
[15:30:42] [TASK] Andrei → GoToShelter (goal=FleeEmission)
[15:30:42] [GOAL] Andrei achieved FleeEmission
[15:30:42] [TASK] Dmitri → GoToShelter (goal=FleeEmission)
[15:30:42] [GOAL] Dmitri achieved FleeEmission
[15:30:42] [TASK] Frank → GoToShelter (goal=FleeEmission)
[15:30:42] [GOAL] Frank achieved FleeEmission
[15:30:45] [COMBAT] Vasyl Popov 'Scar' killed Fracture using wpn_toz34
[15:30:45] [INBOUND] Initial +2 ctx.Stalkers, +2 mutants (remaining S=218 M=146)
[15:30:45] [TASK] Bohdan → GoToShelter (goal=FleeEmission)
[15:30:45] [GOAL] Bohdan achieved FleeEmission
[15:30:45] [TASK] Viktor → GoToShelter (goal=FleeEmission)
[15:30:45] [GOAL] Viktor achieved FleeEmission
[15:30:45] [TASK] Giorgi → GoToShelter (goal=FleeEmission)
[15:30:45] [GOAL] Giorgi achieved FleeEmission
[15:30:45] [TASK] Oleksiy → GoToShelter (goal=FleeEmission)
[15:30:45] [GOAL] Oleksiy achieved FleeEmission
[15:30:45] [TASK] Taras → GoToShelter (goal=FleeEmission)
[15:30:45] [GOAL] Taras achieved FleeEmission
[15:30:45] [TASK] Rustam → GoToShelter (goal=FleeEmission)
[15:30:45] [GOAL] Rustam achieved FleeEmission
[15:30:45] [TASK] Sergei → GoToShelter (goal=FleeEmission)
[15:30:45] [GOAL] Sergei achieved FleeEmission
[15:30:45] [TASK] Pavel → GoToShelter (goal=FleeEmission)
[15:30:45] [GOAL] Pavel achieved FleeEmission
[15:30:45] [TASK] Nikolai → GoToShelter (goal=FleeEmission)
[15:30:45] [GOAL] Nikolai achieved FleeEmission
[15:30:45] [TASK] Viktor → GoToShelter (goal=FleeEmission)
[15:30:45] [GOAL] Viktor achieved FleeEmission
[15:30:45] [TASK] Mikhail → GoToShelter (goal=FleeEmission)
[15:30:45] [GOAL] Mikhail achieved FleeEmission
[15:30:45] [TASK] Oleksiy → GoToShelter (goal=FleeEmission)
[15:30:45] [GOAL] Oleksiy achieved FleeEmission
[15:30:45] [TASK] Serhiy → GoToShelter (goal=FleeEmission)
[15:30:45] [GOAL] Serhiy achieved FleeEmission
[15:30:45] [TASK] Taras → GoToShelter (goal=FleeEmission)
[15:30:45] [GOAL] Taras achieved FleeEmission
[15:30:45] [COMBAT] Andrei Petrenko 'Ghost' killed Flesh using wpn_svd
[15:30:45] [TASK] Andrei → GoToShelter (goal=FleeEmission)
[15:30:45] [GOAL] Andrei achieved FleeEmission
[15:30:45] [TASK] Dmitri → GoToShelter (goal=FleeEmission)
[15:30:45] [GOAL] Dmitri achieved FleeEmission
[15:30:45] [TASK] Frank → GoToShelter (goal=FleeEmission)
[15:30:45] [GOAL] Frank achieved FleeEmission
[15:30:45] [TASK] Mikhail → GoToShelter (goal=FleeEmission)
[15:30:45] [GOAL] Mikhail achieved FleeEmission
[15:30:47] [INBOUND] Initial +2 ctx.Stalkers, +1 mutants (remaining S=216 M=145)
[15:30:48] [TASK] Bohdan → GoToShelter (goal=FleeEmission)
[15:30:48] [GOAL] Bohdan achieved FleeEmission
[15:30:48] [TASK] Viktor → GoToShelter (goal=FleeEmission)
[15:30:48] [GOAL] Viktor achieved FleeEmission
[15:30:48] [TASK] Giorgi → GoToShelter (goal=FleeEmission)
[15:30:48] [GOAL] Giorgi achieved FleeEmission
[15:30:48] [TASK] Oleksiy → GoToShelter (goal=FleeEmission)
[15:30:48] [GOAL] Oleksiy achieved FleeEmission
[15:30:48] [TASK] Taras → GoToShelter (goal=FleeEmission)
[15:30:48] [GOAL] Taras achieved FleeEmission
[15:30:48] [TASK] Rustam → GoToShelter (goal=FleeEmission)
[15:30:48] [GOAL] Rustam achieved FleeEmission
[15:30:48] [TASK] Sergei → GoToShelter (goal=FleeEmission)
[15:30:48] [GOAL] Sergei achieved FleeEmission
[15:30:48] [TASK] Pavel → GoToShelter (goal=FleeEmission)
[15:30:48] [GOAL] Pavel achieved FleeEmission
[15:30:48] [TASK] Nikolai → GoToShelter (goal=FleeEmission)
[15:30:48] [GOAL] Nikolai achieved FleeEmission
[15:30:48] [TASK] Viktor → GoToShelter (goal=FleeEmission)
[15:30:48] [GOAL] Viktor achieved FleeEmission
[15:30:48] [TASK] Mikhail → GoToShelter (goal=FleeEmission)
[15:30:48] [GOAL] Mikhail achieved FleeEmission
[15:30:48] [TASK] Oleksiy → GoToShelter (goal=FleeEmission)
[15:30:48] [GOAL] Oleksiy achieved FleeEmission
[15:30:48] [TASK] Serhiy → GoToShelter (goal=FleeEmission)
[15:30:48] [GOAL] Serhiy achieved FleeEmission
[15:30:48] [TASK] Taras → GoToShelter (goal=FleeEmission)
[15:30:48] [GOAL] Taras achieved FleeEmission
[15:30:48] [TASK] Andrei → GoToShelter (goal=FleeEmission)
[15:30:48] [GOAL] Andrei achieved FleeEmission
[15:30:48] [TASK] Dmitri → GoToShelter (goal=FleeEmission)
[15:30:48] [GOAL] Dmitri achieved FleeEmission
[15:30:48] [TASK] Frank → GoToShelter (goal=FleeEmission)
[15:30:48] [GOAL] Frank achieved FleeEmission
[15:30:48] [TASK] Igor → GoToShelter (goal=FleeEmission)
[15:30:48] [GOAL] Igor achieved FleeEmission
[15:30:48] [TASK] Karl → GoToShelter (goal=FleeEmission)
[15:30:48] [GOAL] Karl achieved FleeEmission
[15:30:50] [COMBAT] Giorgi Bondarenko 'Jackal' killed PsyDog using wpn_toz34
[15:30:50] [INBOUND] Initial +2 ctx.Stalkers, +1 mutants (remaining S=214 M=144)
[15:30:50] [TASK] Bohdan → GoToShelter (goal=FleeEmission)
[15:30:50] [GOAL] Bohdan achieved FleeEmission
[15:30:50] [TASK] Viktor → GoToShelter (goal=FleeEmission)
[15:30:50] [GOAL] Viktor achieved FleeEmission
[15:30:50] [TASK] Giorgi → GoToShelter (goal=FleeEmission)
[15:30:50] [GOAL] Giorgi achieved FleeEmission
[15:30:50] [TASK] Oleksiy → GoToShelter (goal=FleeEmission)
[15:30:50] [GOAL] Oleksiy achieved FleeEmission
[15:30:50] [TASK] Taras → GoToShelter (goal=FleeEmission)
[15:30:50] [GOAL] Taras achieved FleeEmission
[15:30:50] [TASK] Rustam → GoToShelter (goal=FleeEmission)
[15:30:50] [GOAL] Rustam achieved FleeEmission
[15:30:50] [TASK] Sergei → GoToShelter (goal=FleeEmission)
[15:30:50] [GOAL] Sergei achieved FleeEmission
[15:30:50] [TASK] Pavel → GoToShelter (goal=FleeEmission)
[15:30:50] [GOAL] Pavel achieved FleeEmission
[15:30:50] [TASK] Nikolai → GoToShelter (goal=FleeEmission)
[15:30:50] [GOAL] Nikolai achieved FleeEmission
[15:30:50] [TASK] Viktor → GoToShelter (goal=FleeEmission)
[15:30:50] [GOAL] Viktor achieved FleeEmission
[15:30:50] [TASK] Mikhail → GoToShelter (goal=FleeEmission)
[15:30:50] [GOAL] Mikhail achieved FleeEmission
[15:30:50] [TASK] Oleksiy → GoToShelter (goal=FleeEmission)
[15:30:50] [GOAL] Oleksiy achieved FleeEmission
[15:30:50] [TASK] Serhiy → GoToShelter (goal=FleeEmission)
[15:30:50] [GOAL] Serhiy achieved FleeEmission
[15:30:50] [TASK] Taras → GoToShelter (goal=FleeEmission)
[15:30:50] [GOAL] Taras achieved FleeEmission
[15:30:50] [TASK] Andrei → GoToShelter (goal=FleeEmission)
[15:30:50] [GOAL] Andrei achieved FleeEmission
[15:30:50] [TASK] Dmitri → GoToShelter (goal=FleeEmission)
[15:30:50] [GOAL] Dmitri achieved FleeEmission
[15:30:50] [TASK] Frank → GoToShelter (goal=FleeEmission)
[15:30:50] [GOAL] Frank achieved FleeEmission
[15:30:50] [TASK] Nikolai → GoToShelter (goal=FleeEmission)
[15:30:50] [GOAL] Nikolai achieved FleeEmission
[15:30:51] [COMBAT] Mikhail Petrenko 'Crow' killed Pseudodog using wpn_bm16
[15:30:52] [COMBAT] Sergei Kovalenko 'Stitch' killed Frank Volkov 'Whisper' using wpn_vintorez
[15:30:53] [COMBAT] Viktor Popov 'Phantom' killed Pseudodog using wpn_val
[15:30:53] [INBOUND] Initial +2 ctx.Stalkers, +2 mutants (remaining S=212 M=142)
[15:30:53] [SNAPSHOT] real=16.0min game=D0 01:01 alive S=239 M=275 corpses=538 lootable=286 gammaGear out=129 helm=203 avgRU=858 leaderGoals trade=0 mission=19 emission=Dormant nextIn=15gmin desperate=0 hungry=0 interval deaths=18 combats=38 tasks=183 gearLoot=4 gearBuy=0 missions=0 corpseDespawn=17 trickleSpawns=0 ranks=[Rookie:233,Trainee:4,Experienced:1,Professional:1] goals=[Idle:105,FleeEmission::19] leaders: Andriy[Rookie/Idle], Bohdan[Rookie/FleeEmission:], Oleg[Rookie/Idle], Mikhail[Rookie/Idle], Andriy[Rookie/Idle]
[15:30:54] [INBOUND] Initial +2 ctx.Stalkers, +1 mutants (remaining S=210 M=141)
[15:30:55] [COMBAT] Dmytro Popov 'Wolf' killed Burer using wpn_gauss
[15:30:55] [INBOUND] Initial +2 ctx.Stalkers, +2 mutants (remaining S=208 M=139)
[15:30:55] [CORPSE] Despawned 29 bodies (lifetime=1207)
[15:30:55] [TASK] Bohdan → GoToShelter (goal=FleeEmission)
[15:30:55] [GOAL] Bohdan achieved FleeEmission
[15:30:55] [TASK] Viktor → GoToShelter (goal=FleeEmission)
[15:30:55] [GOAL] Viktor achieved FleeEmission
[15:30:55] [TASK] Giorgi → GoToShelter (goal=FleeEmission)
[15:30:55] [GOAL] Giorgi achieved FleeEmission
[15:30:55] [TASK] Oleksiy → GoToShelter (goal=FleeEmission)
[15:30:55] [GOAL] Oleksiy achieved FleeEmission
[15:30:55] [TASK] Taras → GoToShelter (goal=FleeEmission)
[15:30:55] [GOAL] Taras achieved FleeEmission
[15:30:55] [TASK] Rustam → GoToShelter (goal=FleeEmission)
[15:30:55] [GOAL] Rustam achieved FleeEmission
[15:30:55] [TASK] Sergei → GoToShelter (goal=FleeEmission)
[15:30:55] [GOAL] Sergei achieved FleeEmission
[15:30:55] [TASK] Pavel → GoToShelter (goal=FleeEmission)
[15:30:55] [GOAL] Pavel achieved FleeEmission
[15:30:55] [TASK] Nikolai → GoToShelter (goal=FleeEmission)
[15:30:55] [GOAL] Nikolai achieved FleeEmission
[15:30:55] [TASK] Mikhail → GoToShelter (goal=FleeEmission)
[15:30:55] [GOAL] Mikhail achieved FleeEmission
[15:30:55] [TASK] Oleksiy → GoToShelter (goal=FleeEmission)
[15:30:55] [GOAL] Oleksiy achieved FleeEmission
[15:30:55] [TASK] Serhiy → GoToShelter (goal=FleeEmission)
[15:30:55] [GOAL] Serhiy achieved FleeEmission
[15:30:55] [TASK] Taras → GoToShelter (goal=FleeEmission)
[15:30:55] [GOAL] Taras achieved FleeEmission
[15:30:55] [TASK] Andrei → GoToShelter (goal=FleeEmission)
[15:30:55] [GOAL] Andrei achieved FleeEmission
[15:30:55] [TASK] Dmitri → GoToShelter (goal=FleeEmission)
[15:30:55] [GOAL] Dmitri achieved FleeEmission
[15:30:55] [TASK] Sean → GoToShelter (goal=FleeEmission)
[15:30:55] [GOAL] Sean achieved FleeEmission
[15:30:55] [TASK] Oleg → GoToShelter (goal=FleeEmission)
[15:30:55] [GOAL] Oleg achieved FleeEmission
[15:30:55] [TASK] Serhiy → GoToShelter (goal=FleeEmission)
[15:30:55] [GOAL] Serhiy achieved FleeEmission
[15:30:55] [TASK] Frank → GoToShelter (goal=FleeEmission)
[15:30:55] [GOAL] Frank achieved FleeEmission
[15:30:58] [INBOUND] Initial +2 ctx.Stalkers, +1 mutants (remaining S=206 M=138)
[15:30:58] [COMBAT] Andriy Bondarenko 'Razor' killed Flesh using wpn_aksu
[15:30:59] [COMBAT] Nikolai Petrenko 'Razor' killed Snork using wpn_gauss
[15:30:59] [INBOUND] Initial +2 ctx.Stalkers, +1 mutants (remaining S=204 M=137)
[15:30:59] [TASK] Bohdan → GoToShelter (goal=FleeEmission)
[15:30:59] [GOAL] Bohdan achieved FleeEmission
[15:30:59] [TASK] Viktor → GoToShelter (goal=FleeEmission)
[15:30:59] [GOAL] Viktor achieved FleeEmission
[15:30:59] [TASK] Giorgi → GoToShelter (goal=FleeEmission)
[15:30:59] [GOAL] Giorgi achieved FleeEmission
[15:30:59] [TASK] Oleksiy → GoToShelter (goal=FleeEmission)
[15:30:59] [GOAL] Oleksiy achieved FleeEmission
[15:30:59] [TASK] Taras → GoToShelter (goal=FleeEmission)
[15:30:59] [GOAL] Taras achieved FleeEmission
[15:30:59] [TASK] Rustam → GoToShelter (goal=FleeEmission)
[15:30:59] [GOAL] Rustam achieved FleeEmission
[15:30:59] [TASK] Sergei → GoToShelter (goal=FleeEmission)
[15:30:59] [GOAL] Sergei achieved FleeEmission
[15:30:59] [TASK] Pavel → GoToShelter (goal=FleeEmission)
[15:30:59] [GOAL] Pavel achieved FleeEmission
[15:30:59] [TASK] Nikolai → GoToShelter (goal=FleeEmission)
[15:30:59] [GOAL] Nikolai achieved FleeEmission
[15:30:59] [TASK] Mikhail → GoToShelter (goal=FleeEmission)
[15:30:59] [GOAL] Mikhail achieved FleeEmission
[15:30:59] [TASK] Oleksiy → GoToShelter (goal=FleeEmission)
[15:30:59] [GOAL] Oleksiy achieved FleeEmission
[15:30:59] [TASK] Serhiy → GoToShelter (goal=FleeEmission)
[15:30:59] [GOAL] Serhiy achieved FleeEmission
[15:30:59] [TASK] Taras → GoToShelter (goal=FleeEmission)
[15:30:59] [GOAL] Taras achieved FleeEmission
[15:30:59] [TASK] Andrei → GoToShelter (goal=FleeEmission)
[15:30:59] [GOAL] Andrei achieved FleeEmission
[15:30:59] [TASK] Dmitri → GoToShelter (goal=FleeEmission)
[15:30:59] [GOAL] Dmitri achieved FleeEmission
[15:30:59] [TASK] Sean → GoToShelter (goal=FleeEmission)
[15:30:59] [GOAL] Sean achieved FleeEmission
[15:30:59] [TASK] Frank → GoToShelter (goal=FleeEmission)
[15:30:59] [GOAL] Frank achieved FleeEmission
[15:30:59] [TASK] Sergei → GoToShelter (goal=FleeEmission)
[15:30:59] [GOAL] Sergei achieved FleeEmission
[15:30:59] [TASK] Viktor → GoToShelter (goal=FleeEmission)
[15:30:59] [GOAL] Viktor achieved FleeEmission
[15:31:01] [RANK] Oleg Volkov 'Spark' → Trainee
[15:31:01] [COMBAT] Oleg Volkov 'Spark' killed Pseudodog using wpn_fn2000
[15:31:02] [INBOUND] Initial +2 ctx.Stalkers, +2 mutants (remaining S=202 M=135)
[15:31:02] [COMBAT] Oleksiy Volkov 'Bone' killed Andriy Melnyk 'Raven' using wpn_fn2000
[15:31:02] [GEAR] Oleksiy looted [arm_duty] via combat
[15:31:02] [TASK] Bohdan → GoToShelter (goal=FleeEmission)
[15:31:02] [GOAL] Bohdan achieved FleeEmission
[15:31:02] [TASK] Viktor → GoToShelter (goal=FleeEmission)
[15:31:02] [GOAL] Viktor achieved FleeEmission
[15:31:02] [TASK] Giorgi → GoToShelter (goal=FleeEmission)
[15:31:02] [GOAL] Giorgi achieved FleeEmission
[15:31:02] [TASK] Oleksiy → GoToShelter (goal=FleeEmission)
[15:31:02] [GOAL] Oleksiy achieved FleeEmission
[15:31:02] [TASK] Taras → GoToShelter (goal=FleeEmission)
[15:31:02] [GOAL] Taras achieved FleeEmission
[15:31:02] [TASK] Rustam → GoToShelter (goal=FleeEmission)
[15:31:02] [GOAL] Rustam achieved FleeEmission
[15:31:02] [TASK] Sergei → GoToShelter (goal=FleeEmission)
[15:31:02] [GOAL] Sergei achieved FleeEmission
[15:31:02] [TASK] Pavel → GoToShelter (goal=FleeEmission)
[15:31:02] [GOAL] Pavel achieved FleeEmission
[15:31:02] [TASK] Nikolai → GoToShelter (goal=FleeEmission)
[15:31:02] [GOAL] Nikolai achieved FleeEmission
[15:31:02] [TASK] Mikhail → GoToShelter (goal=FleeEmission)
[15:31:02] [GOAL] Mikhail achieved FleeEmission
[15:31:02] [TASK] Oleksiy → GoToShelter (goal=FleeEmission)
[15:31:02] [GOAL] Oleksiy achieved FleeEmission
[15:31:02] [TASK] Serhiy → GoToShelter (goal=FleeEmission)
[15:31:02] [GOAL] Serhiy achieved FleeEmission
[15:31:02] [TASK] Taras → GoToShelter (goal=FleeEmission)
[15:31:02] [GOAL] Taras achieved FleeEmission
[15:31:02] [TASK] Andrei → GoToShelter (goal=FleeEmission)
[15:31:02] [GOAL] Andrei achieved FleeEmission
[15:31:02] [TASK] Dmitri → GoToShelter (goal=FleeEmission)
[15:31:02] [GOAL] Dmitri achieved FleeEmission
[15:31:02] [TASK] Sean → GoToShelter (goal=FleeEmission)
[15:31:02] [GOAL] Sean achieved FleeEmission
[15:31:02] [TASK] Frank → GoToShelter (goal=FleeEmission)
[15:31:02] [GOAL] Frank achieved FleeEmission
[15:31:02] [TASK] Viktor → GoToShelter (goal=FleeEmission)
[15:31:02] [GOAL] Viktor achieved FleeEmission
[15:31:04] [COMBAT] Timur Melnyk 'Ash' killed Pseudodog using wpn_pkm
[15:31:05] [INBOUND] Initial +2 ctx.Stalkers, +1 mutants (remaining S=200 M=134)
[15:31:05] [TASK] Bohdan → GoToShelter (goal=FleeEmission)
[15:31:05] [GOAL] Bohdan achieved FleeEmission
[15:31:05] [TASK] Viktor → GoToShelter (goal=FleeEmission)
[15:31:05] [GOAL] Viktor achieved FleeEmission
[15:31:05] [TASK] Giorgi → GoToShelter (goal=FleeEmission)
[15:31:05] [GOAL] Giorgi achieved FleeEmission
[15:31:05] [TASK] Oleksiy → GoToShelter (goal=FleeEmission)
[15:31:05] [GOAL] Oleksiy achieved FleeEmission
[15:31:05] [TASK] Taras → GoToShelter (goal=FleeEmission)
[15:31:05] [GOAL] Taras achieved FleeEmission
[15:31:05] [TASK] Rustam → GoToShelter (goal=FleeEmission)
[15:31:05] [GOAL] Rustam achieved FleeEmission
[15:31:05] [TASK] Sergei → GoToShelter (goal=FleeEmission)
[15:31:05] [GOAL] Sergei achieved FleeEmission
[15:31:05] [TASK] Pavel → GoToShelter (goal=FleeEmission)
[15:31:05] [GOAL] Pavel achieved FleeEmission
[15:31:05] [TASK] Nikolai → GoToShelter (goal=FleeEmission)
[15:31:05] [GOAL] Nikolai achieved FleeEmission
[15:31:05] [TASK] Mikhail → GoToShelter (goal=FleeEmission)
[15:31:05] [GOAL] Mikhail achieved FleeEmission
[15:31:05] [TASK] Oleksiy → GoToShelter (goal=FleeEmission)
[15:31:05] [GOAL] Oleksiy achieved FleeEmission
[15:31:05] [TASK] Serhiy → GoToShelter (goal=FleeEmission)
[15:31:05] [GOAL] Serhiy achieved FleeEmission
[15:31:05] [TASK] Taras → GoToShelter (goal=FleeEmission)
[15:31:05] [GOAL] Taras achieved FleeEmission
[15:31:05] [TASK] Andrei → GoToShelter (goal=FleeEmission)
[15:31:05] [GOAL] Andrei achieved FleeEmission
[15:31:05] [TASK] Dmitri → GoToShelter (goal=FleeEmission)
[15:31:05] [GOAL] Dmitri achieved FleeEmission
[15:31:05] [TASK] Sean → GoToShelter (goal=FleeEmission)
[15:31:05] [GOAL] Sean achieved FleeEmission
[15:31:05] [TASK] Frank → GoToShelter (goal=FleeEmission)
[15:31:05] [GOAL] Frank achieved FleeEmission
[15:31:05] [TASK] Viktor → GoToShelter (goal=FleeEmission)
[15:31:05] [GOAL] Viktor achieved FleeEmission
[15:31:05] [TASK] Taras → GoToShelter (goal=FleeEmission)
[15:31:05] [GOAL] Taras achieved FleeEmission
[15:31:05] [TASK] Serhiy → GoToShelter (goal=FleeEmission)
[15:31:05] [GOAL] Serhiy achieved FleeEmission
[15:31:07] [COMBAT] Mykola Petrov 'Ghost' killed Bloodsucker using wpn_toz34
[15:31:07] [COMBAT] Igor Popov 'Jackal' killed Boar using wpn_aksu
[15:31:08] [INBOUND] Initial +2 ctx.Stalkers, +2 mutants (remaining S=198 M=132)
[15:31:08] [TASK] Bohdan → GoToShelter (goal=FleeEmission)
[15:31:08] [GOAL] Bohdan achieved FleeEmission
[15:31:08] [TASK] Viktor → GoToShelter (goal=FleeEmission)
[15:31:08] [GOAL] Viktor achieved FleeEmission
[15:31:08] [TASK] Giorgi → GoToShelter (goal=FleeEmission)
[15:31:08] [GOAL] Giorgi achieved FleeEmission
[15:31:08] [TASK] Oleksiy → GoToShelter (goal=FleeEmission)
[15:31:08] [GOAL] Oleksiy achieved FleeEmission
[15:31:08] [TASK] Taras → GoToShelter (goal=FleeEmission)
[15:31:08] [GOAL] Taras achieved FleeEmission
[15:31:08] [TASK] Rustam → GoToShelter (goal=FleeEmission)
[15:31:08] [GOAL] Rustam achieved FleeEmission
[15:31:08] [TASK] Sergei → GoToShelter (goal=FleeEmission)
[15:31:08] [GOAL] Sergei achieved FleeEmission
[15:31:08] [TASK] Pavel → GoToShelter (goal=FleeEmission)
[15:31:08] [GOAL] Pavel achieved FleeEmission
[15:31:08] [TASK] Nikolai → GoToShelter (goal=FleeEmission)
[15:31:08] [GOAL] Nikolai achieved FleeEmission
[15:31:08] [TASK] Mikhail → GoToShelter (goal=FleeEmission)
[15:31:08] [GOAL] Mikhail achieved FleeEmission
[15:31:08] [TASK] Oleksiy → GoToShelter (goal=FleeEmission)
[15:31:08] [GOAL] Oleksiy achieved FleeEmission
[15:31:08] [TASK] Serhiy → GoToShelter (goal=FleeEmission)
[15:31:08] [GOAL] Serhiy achieved FleeEmission
[15:31:08] [TASK] Taras → GoToShelter (goal=FleeEmission)
[15:31:08] [GOAL] Taras achieved FleeEmission
[15:31:08] [TASK] Andrei → GoToShelter (goal=FleeEmission)
[15:31:08] [GOAL] Andrei achieved FleeEmission
[15:31:08] [TASK] Dmitri → GoToShelter (goal=FleeEmission)
[15:31:08] [GOAL] Dmitri achieved FleeEmission
[15:31:08] [TASK] Sean → GoToShelter (goal=FleeEmission)
[15:31:08] [GOAL] Sean achieved FleeEmission
[15:31:08] [TASK] Frank → GoToShelter (goal=FleeEmission)
[15:31:08] [GOAL] Frank achieved FleeEmission
[15:31:08] [TASK] Viktor → GoToShelter (goal=FleeEmission)
[15:31:08] [GOAL] Viktor achieved FleeEmission
[15:31:10] [COMBAT] Taras Petrov 'Shadow' killed Tushkano using wpn_aksu
[15:31:10] [INBOUND] Initial +2 ctx.Stalkers, +1 mutants (remaining S=196 M=131)
[15:31:11] [TASK] Bohdan → GoToShelter (goal=FleeEmission)
[15:31:11] [GOAL] Bohdan achieved FleeEmission
[15:31:11] [TASK] Viktor → GoToShelter (goal=FleeEmission)
[15:31:11] [GOAL] Viktor achieved FleeEmission
[15:31:11] [TASK] Giorgi → GoToShelter (goal=FleeEmission)
[15:31:11] [GOAL] Giorgi achieved FleeEmission
[15:31:11] [TASK] Oleksiy → GoToShelter (goal=FleeEmission)
[15:31:11] [GOAL] Oleksiy achieved FleeEmission
[15:31:11] [TASK] Taras → GoToShelter (goal=FleeEmission)
[15:31:11] [GOAL] Taras achieved FleeEmission
[15:31:11] [TASK] Rustam → GoToShelter (goal=FleeEmission)
[15:31:11] [GOAL] Rustam achieved FleeEmission
[15:31:11] [TASK] Sergei → GoToShelter (goal=FleeEmission)
[15:31:11] [GOAL] Sergei achieved FleeEmission
[15:31:11] [TASK] Pavel → GoToShelter (goal=FleeEmission)
[15:31:11] [GOAL] Pavel achieved FleeEmission
[15:31:11] [TASK] Nikolai → GoToShelter (goal=FleeEmission)
[15:31:11] [GOAL] Nikolai achieved FleeEmission
[15:31:11] [TASK] Mikhail → GoToShelter (goal=FleeEmission)
[15:31:11] [GOAL] Mikhail achieved FleeEmission
[15:31:11] [TASK] Oleksiy → GoToShelter (goal=FleeEmission)
[15:31:11] [GOAL] Oleksiy achieved FleeEmission
[15:31:11] [TASK] Serhiy → GoToShelter (goal=FleeEmission)
[15:31:11] [GOAL] Serhiy achieved FleeEmission
[15:31:11] [TASK] Taras → GoToShelter (goal=FleeEmission)
[15:31:11] [GOAL] Taras achieved FleeEmission
[15:31:11] [TASK] Andrei → GoToShelter (goal=FleeEmission)
[15:31:11] [GOAL] Andrei achieved FleeEmission
[15:31:11] [TASK] Dmitri → GoToShelter (goal=FleeEmission)
[15:31:11] [GOAL] Dmitri achieved FleeEmission
[15:31:11] [TASK] Sean → GoToShelter (goal=FleeEmission)
[15:31:11] [GOAL] Sean achieved FleeEmission
[15:31:11] [TASK] Frank → GoToShelter (goal=FleeEmission)
[15:31:11] [GOAL] Frank achieved FleeEmission
[15:31:11] [TASK] Viktor → GoToShelter (goal=FleeEmission)
[15:31:11] [GOAL] Viktor achieved FleeEmission
[15:31:11] [TASK] Yuriy → GoToShelter (goal=FleeEmission)
[15:31:11] [GOAL] Yuriy achieved FleeEmission
[15:31:11] [TASK] Viktor → GoToShelter (goal=FleeEmission)
[15:31:11] [GOAL] Viktor achieved FleeEmission
[15:31:13] [COMBAT] Giorgi Bondarenko 'Jackal' killed Burer using wpn_toz34
[15:31:13] [INBOUND] Initial +3 ctx.Stalkers, +1 mutants (remaining S=193 M=130)
[15:31:13] [TASK] Bohdan → GoToShelter (goal=FleeEmission)
[15:31:13] [GOAL] Bohdan achieved FleeEmission
[15:31:13] [TASK] Viktor → GoToShelter (goal=FleeEmission)
[15:31:13] [GOAL] Viktor achieved FleeEmission
[15:31:13] [TASK] Giorgi → GoToShelter (goal=FleeEmission)
[15:31:13] [GOAL] Giorgi achieved FleeEmission
[15:31:13] [TASK] Oleksiy → GoToShelter (goal=FleeEmission)
[15:31:13] [GOAL] Oleksiy achieved FleeEmission
[15:31:13] [TASK] Taras → GoToShelter (goal=FleeEmission)
[15:31:13] [GOAL] Taras achieved FleeEmission
[15:31:14] [TASK] Rustam → GoToShelter (goal=FleeEmission)
[15:31:14] [GOAL] Rustam achieved FleeEmission
[15:31:14] [TASK] Sergei → GoToShelter (goal=FleeEmission)
[15:31:14] [GOAL] Sergei achieved FleeEmission
[15:31:14] [TASK] Pavel → GoToShelter (goal=FleeEmission)
[15:31:14] [GOAL] Pavel achieved FleeEmission
[15:31:14] [TASK] Nikolai → GoToShelter (goal=FleeEmission)
[15:31:14] [GOAL] Nikolai achieved FleeEmission
[15:31:14] [TASK] Mikhail → GoToShelter (goal=FleeEmission)
[15:31:14] [GOAL] Mikhail achieved FleeEmission
[15:31:14] [TASK] Oleksiy → GoToShelter (goal=FleeEmission)
[15:31:14] [GOAL] Oleksiy achieved FleeEmission
[15:31:14] [TASK] Serhiy → GoToShelter (goal=FleeEmission)
[15:31:14] [GOAL] Serhiy achieved FleeEmission
[15:31:14] [TASK] Taras → GoToShelter (goal=FleeEmission)
[15:31:14] [GOAL] Taras achieved FleeEmission
[15:31:14] [TASK] Andrei → GoToShelter (goal=FleeEmission)
[15:31:14] [GOAL] Andrei achieved FleeEmission
[15:31:14] [TASK] Dmitri → GoToShelter (goal=FleeEmission)
[15:31:14] [GOAL] Dmitri achieved FleeEmission
[15:31:14] [TASK] Sean → GoToShelter (goal=FleeEmission)
[15:31:14] [GOAL] Sean achieved FleeEmission
[15:31:14] [TASK] Frank → GoToShelter (goal=FleeEmission)
[15:31:14] [GOAL] Frank achieved FleeEmission
[15:31:14] [TASK] Viktor → GoToShelter (goal=FleeEmission)
[15:31:14] [GOAL] Viktor achieved FleeEmission
[15:31:14] [TASK] Yuriy → GoToShelter (goal=FleeEmission)
[15:31:14] [GOAL] Yuriy achieved FleeEmission
[15:31:14] [TASK] Andrei → GoToShelter (goal=FleeEmission)
[15:31:14] [GOAL] Andrei achieved FleeEmission
[15:31:14] [COMBAT] Nikolai Petrenko 'Razor' killed Poltergeist using wpn_gauss
[15:31:16] [COMBAT] Nikolai Popov 'Bullet' killed Fracture using wpn_aksu
[15:31:16] [INBOUND] Initial +2 ctx.Stalkers, +2 mutants (remaining S=191 M=128)
[15:31:16] [COMBAT] Taras Petrov 'Badger' killed Fracture using wpn_aksu
[15:31:17] [COMBAT] Andrei Popov 'Raven' killed Pseudodog using wpn_pkm
[15:31:17] [INBOUND] Initial +2 ctx.Stalkers, +1 mutants (remaining S=189 M=127)
[15:31:17] [TASK] Bohdan → GoToShelter (goal=FleeEmission)
[15:31:17] [GOAL] Bohdan achieved FleeEmission
[15:31:17] [TASK] Viktor → GoToShelter (goal=FleeEmission)
[15:31:17] [GOAL] Viktor achieved FleeEmission
[15:31:17] [TASK] Giorgi → GoToShelter (goal=FleeEmission)
[15:31:17] [GOAL] Giorgi achieved FleeEmission
[15:31:17] [TASK] Oleksiy → GoToShelter (goal=FleeEmission)
[15:31:17] [GOAL] Oleksiy achieved FleeEmission
[15:31:17] [TASK] Taras → GoToShelter (goal=FleeEmission)
[15:31:17] [GOAL] Taras achieved FleeEmission
[15:31:18] [TASK] Rustam → GoToShelter (goal=FleeEmission)
[15:31:18] [GOAL] Rustam achieved FleeEmission
[15:31:18] [TASK] Sergei → GoToShelter (goal=FleeEmission)
[15:31:18] [GOAL] Sergei achieved FleeEmission
[15:31:18] [TASK] Pavel → GoToShelter (goal=FleeEmission)
[15:31:18] [GOAL] Pavel achieved FleeEmission
[15:31:18] [TASK] Nikolai → GoToShelter (goal=FleeEmission)
[15:31:18] [GOAL] Nikolai achieved FleeEmission
[15:31:18] [TASK] Mikhail → GoToShelter (goal=FleeEmission)
[15:31:18] [GOAL] Mikhail achieved FleeEmission
[15:31:18] [TASK] Oleksiy → GoToShelter (goal=FleeEmission)
[15:31:18] [GOAL] Oleksiy achieved FleeEmission
[15:31:18] [TASK] Serhiy → GoToShelter (goal=FleeEmission)
[15:31:18] [GOAL] Serhiy achieved FleeEmission
[15:31:18] [TASK] Taras → GoToShelter (goal=FleeEmission)
[15:31:18] [GOAL] Taras achieved FleeEmission
[15:31:18] [TASK] Andrei → GoToShelter (goal=FleeEmission)
[15:31:18] [GOAL] Andrei achieved FleeEmission
[15:31:18] [TASK] Dmitri → GoToShelter (goal=FleeEmission)
[15:31:18] [GOAL] Dmitri achieved FleeEmission
[15:31:18] [TASK] Sean → GoToShelter (goal=FleeEmission)
[15:31:18] [GOAL] Sean achieved FleeEmission
[15:31:18] [TASK] Frank → GoToShelter (goal=FleeEmission)
[15:31:18] [GOAL] Frank achieved FleeEmission
[15:31:18] [TASK] Viktor → GoToShelter (goal=FleeEmission)
[15:31:18] [GOAL] Viktor achieved FleeEmission
[15:31:18] [TASK] Dmytro → GoToShelter (goal=FleeEmission)
[15:31:18] [GOAL] Dmytro achieved FleeEmission
[15:31:18] [TASK] Serhiy → GoToShelter (goal=FleeEmission)
[15:31:18] [GOAL] Serhiy achieved FleeEmission
[15:31:20] [TASK] Frank → GoToShelter (goal=FleeEmission)
[15:31:20] [GOAL] Frank achieved FleeEmission
[15:31:20] [TASK] Viktor → GoToShelter (goal=FleeEmission)
[15:31:20] [GOAL] Viktor achieved FleeEmission
[15:31:20] [TASK] Serhiy → GoToShelter (goal=FleeEmission)
[15:31:20] [GOAL] Serhiy achieved FleeEmission
[15:31:20] [TASK] Bohdan → GoToShelter (goal=FleeEmission)
[15:31:20] [GOAL] Bohdan achieved FleeEmission
[15:31:20] [TASK] Viktor → GoToShelter (goal=FleeEmission)
[15:31:20] [GOAL] Viktor achieved FleeEmission
[15:31:20] [TASK] Giorgi → GoToShelter (goal=FleeEmission)
[15:31:20] [GOAL] Giorgi achieved FleeEmission
[15:31:20] [TASK] Oleksiy → GoToShelter (goal=FleeEmission)
[15:31:20] [GOAL] Oleksiy achieved FleeEmission
[15:31:20] [TASK] Taras → GoToShelter (goal=FleeEmission)
[15:31:20] [GOAL] Taras achieved FleeEmission
[15:31:20] [TASK] Rustam → GoToShelter (goal=FleeEmission)
[15:31:20] [GOAL] Rustam achieved FleeEmission
[15:31:20] [TASK] Sergei → GoToShelter (goal=FleeEmission)
[15:31:20] [GOAL] Sergei achieved FleeEmission
[15:31:20] [TASK] Pavel → GoToShelter (goal=FleeEmission)
[15:31:20] [GOAL] Pavel achieved FleeEmission
[15:31:20] [TASK] Nikolai → GoToShelter (goal=FleeEmission)
[15:31:20] [GOAL] Nikolai achieved FleeEmission
[15:31:20] [TASK] Mikhail → GoToShelter (goal=FleeEmission)
[15:31:20] [GOAL] Mikhail achieved FleeEmission
[15:31:20] [TASK] Oleksiy → GoToShelter (goal=FleeEmission)
[15:31:20] [GOAL] Oleksiy achieved FleeEmission
[15:31:20] [TASK] Serhiy → GoToShelter (goal=FleeEmission)
[15:31:20] [GOAL] Serhiy achieved FleeEmission
[15:31:20] [TASK] Taras → GoToShelter (goal=FleeEmission)
[15:31:20] [GOAL] Taras achieved FleeEmission
[15:31:20] [TASK] Andrei → GoToShelter (goal=FleeEmission)
[15:31:20] [GOAL] Andrei achieved FleeEmission
[15:31:20] [TASK] Dmitri → GoToShelter (goal=FleeEmission)
[15:31:20] [GOAL] Dmitri achieved FleeEmission
[15:31:20] [TASK] Sean → GoToShelter (goal=FleeEmission)
[15:31:20] [GOAL] Sean achieved FleeEmission
[15:31:21] [INBOUND] Initial +2 ctx.Stalkers, +1 mutants (remaining S=187 M=126)
[15:31:21] [CORPSE] Despawned 23 bodies (lifetime=1230)
[15:31:22] [TASK] Bohdan → GoToShelter (goal=FleeEmission)
[15:31:22] [GOAL] Bohdan achieved FleeEmission
[15:31:22] [TASK] Viktor → GoToShelter (goal=FleeEmission)
[15:31:22] [GOAL] Viktor achieved FleeEmission
[15:31:22] [TASK] Giorgi → GoToShelter (goal=FleeEmission)
[15:31:22] [GOAL] Giorgi achieved FleeEmission
[15:31:22] [TASK] Oleksiy → GoToShelter (goal=FleeEmission)
[15:31:22] [GOAL] Oleksiy achieved FleeEmission
[15:31:22] [TASK] Taras → GoToShelter (goal=FleeEmission)
[15:31:22] [GOAL] Taras achieved FleeEmission
[15:31:22] [TASK] Rustam → GoToShelter (goal=FleeEmission)
[15:31:22] [GOAL] Rustam achieved FleeEmission
[15:31:23] [TASK] Sergei → GoToShelter (goal=FleeEmission)
[15:31:23] [GOAL] Sergei achieved FleeEmission
[15:31:23] [TASK] Pavel → GoToShelter (goal=FleeEmission)
[15:31:23] [GOAL] Pavel achieved FleeEmission
[15:31:23] [TASK] Nikolai → GoToShelter (goal=FleeEmission)
[15:31:23] [GOAL] Nikolai achieved FleeEmission
[15:31:23] [TASK] Mikhail → GoToShelter (goal=FleeEmission)
[15:31:23] [GOAL] Mikhail achieved FleeEmission
[15:31:23] [TASK] Oleksiy → GoToShelter (goal=FleeEmission)
[15:31:23] [GOAL] Oleksiy achieved FleeEmission
[15:31:23] [TASK] Serhiy → GoToShelter (goal=FleeEmission)
[15:31:23] [GOAL] Serhiy achieved FleeEmission
[15:31:23] [TASK] Taras → GoToShelter (goal=FleeEmission)
[15:31:23] [GOAL] Taras achieved FleeEmission
[15:31:23] [TASK] Andrei → GoToShelter (goal=FleeEmission)
[15:31:23] [GOAL] Andrei achieved FleeEmission
[15:31:23] [TASK] Dmitri → GoToShelter (goal=FleeEmission)
[15:31:23] [GOAL] Dmitri achieved FleeEmission
[15:31:23] [TASK] Sean → GoToShelter (goal=FleeEmission)
[15:31:23] [GOAL] Sean achieved FleeEmission
[15:31:23] [TASK] Andrei → GoToShelter (goal=FleeEmission)
[15:31:23] [GOAL] Andrei achieved FleeEmission
[15:31:23] [TASK] Frank → GoToShelter (goal=FleeEmission)
[15:31:23] [GOAL] Frank achieved FleeEmission
[15:31:23] [TASK] Viktor → GoToShelter (goal=FleeEmission)
[15:31:23] [GOAL] Viktor achieved FleeEmission
[15:31:23] [TASK] Serhiy → GoToShelter (goal=FleeEmission)
[15:31:23] [GOAL] Serhiy achieved FleeEmission
[15:31:25] [INBOUND] Initial +2 ctx.Stalkers, +2 mutants (remaining S=185 M=124)
[15:31:25] [SNAPSHOT] real=16.6min game=D0 01:03 alive S=248 M=280 corpses=517 lootable=261 gammaGear out=131 helm=210 avgRU=858 leaderGoals trade=0 mission=21 emission=Dormant nextIn=13gmin desperate=0 hungry=0 interval deaths=18 combats=31 tasks=193 gearLoot=1 gearBuy=0 missions=0 corpseDespawn=52 trickleSpawns=0 ranks=[Rookie:241,Trainee:5,Experienced:1,Professional:1] goals=[Idle:106,FleeEmission::21] leaders: Andriy[Rookie/Idle], Bohdan[Rookie/FleeEmission:], Oleg[Rookie/Idle], Mikhail[Rookie/Idle], Andriy[Rookie/Idle]
[15:31:25] [TASK] Bohdan → GoToShelter (goal=FleeEmission)
[15:31:25] [GOAL] Bohdan achieved FleeEmission
[15:31:25] [TASK] Viktor → GoToShelter (goal=FleeEmission)
[15:31:25] [GOAL] Viktor achieved FleeEmission
[15:31:25] [TASK] Giorgi → GoToShelter (goal=FleeEmission)
[15:31:25] [GOAL] Giorgi achieved FleeEmission
[15:31:25] [TASK] Oleksiy → GoToShelter (goal=FleeEmission)
[15:31:25] [GOAL] Oleksiy achieved FleeEmission
[15:31:25] [TASK] Taras → GoToShelter (goal=FleeEmission)
[15:31:25] [GOAL] Taras achieved FleeEmission
[15:31:25] [TASK] Rustam → GoToShelter (goal=FleeEmission)
[15:31:25] [GOAL] Rustam achieved FleeEmission
[15:31:25] [TASK] Sergei → GoToShelter (goal=FleeEmission)
[15:31:25] [GOAL] Sergei achieved FleeEmission
[15:31:25] [TASK] Pavel → GoToShelter (goal=FleeEmission)
[15:31:25] [GOAL] Pavel achieved FleeEmission
[15:31:25] [TASK] Nikolai → GoToShelter (goal=FleeEmission)
[15:31:25] [GOAL] Nikolai achieved FleeEmission
[15:31:25] [TASK] Mikhail → GoToShelter (goal=FleeEmission)
[15:31:25] [GOAL] Mikhail achieved FleeEmission
[15:31:25] [TASK] Oleksiy → GoToShelter (goal=FleeEmission)
[15:31:25] [GOAL] Oleksiy achieved FleeEmission
[15:31:25] [TASK] Serhiy → GoToShelter (goal=FleeEmission)
[15:31:25] [GOAL] Serhiy achieved FleeEmission
[15:31:25] [TASK] Taras → GoToShelter (goal=FleeEmission)
[15:31:25] [GOAL] Taras achieved FleeEmission
[15:31:25] [TASK] Andrei → GoToShelter (goal=FleeEmission)
[15:31:25] [GOAL] Andrei achieved FleeEmission
[15:31:25] [TASK] Dmitri → GoToShelter (goal=FleeEmission)
[15:31:25] [GOAL] Dmitri achieved FleeEmission
[15:31:25] [TASK] Sean → GoToShelter (goal=FleeEmission)
[15:31:25] [GOAL] Sean achieved FleeEmission
[15:31:25] [TASK] Frank → GoToShelter (goal=FleeEmission)
[15:31:25] [GOAL] Frank achieved FleeEmission
[15:31:25] [TASK] Viktor → GoToShelter (goal=FleeEmission)
[15:31:25] [GOAL] Viktor achieved FleeEmission
[15:31:25] [TASK] Serhiy → GoToShelter (goal=FleeEmission)
[15:31:25] [GOAL] Serhiy achieved FleeEmission
[15:31:25] [TASK] Taras → GoToShelter (goal=FleeEmission)
[15:31:25] [GOAL] Taras achieved FleeEmission
[15:31:25] [TASK] Andriy → GoToShelter (goal=FleeEmission)
[15:31:25] [GOAL] Andriy achieved FleeEmission
[15:31:28] [COMBAT] Sergei Popov 'Fox' killed Dog using wpn_ak74
[15:31:28] [INBOUND] Initial +2 ctx.Stalkers, +1 mutants (remaining S=183 M=123)
[15:31:28] [TASK] Bohdan → GoToShelter (goal=FleeEmission)
[15:31:28] [GOAL] Bohdan achieved FleeEmission
[15:31:28] [TASK] Viktor → GoToShelter (goal=FleeEmission)
[15:31:28] [GOAL] Viktor achieved FleeEmission
[15:31:28] [TASK] Giorgi → GoToShelter (goal=FleeEmission)
[15:31:28] [GOAL] Giorgi achieved FleeEmission
[15:31:28] [TASK] Oleksiy → GoToShelter (goal=FleeEmission)
[15:31:28] [GOAL] Oleksiy achieved FleeEmission
[15:31:28] [TASK] Taras → GoToShelter (goal=FleeEmission)
[15:31:28] [GOAL] Taras achieved FleeEmission
[15:31:29] [TASK] Rustam → GoToShelter (goal=FleeEmission)
[15:31:29] [GOAL] Rustam achieved FleeEmission
[15:31:29] [TASK] Sergei → GoToShelter (goal=FleeEmission)
[15:31:29] [GOAL] Sergei achieved FleeEmission
[15:31:29] [TASK] Pavel → GoToShelter (goal=FleeEmission)
[15:31:29] [GOAL] Pavel achieved FleeEmission
[15:31:29] [TASK] Nikolai → GoToShelter (goal=FleeEmission)
[15:31:29] [GOAL] Nikolai achieved FleeEmission
[15:31:29] [TASK] Mikhail → GoToShelter (goal=FleeEmission)
[15:31:29] [GOAL] Mikhail achieved FleeEmission
[15:31:29] [TASK] Oleksiy → GoToShelter (goal=FleeEmission)
[15:31:29] [GOAL] Oleksiy achieved FleeEmission
[15:31:29] [TASK] Serhiy → GoToShelter (goal=FleeEmission)
[15:31:29] [GOAL] Serhiy achieved FleeEmission
[15:31:29] [TASK] Taras → GoToShelter (goal=FleeEmission)
[15:31:29] [GOAL] Taras achieved FleeEmission
[15:31:29] [TASK] Andrei → GoToShelter (goal=FleeEmission)
[15:31:29] [GOAL] Andrei achieved FleeEmission
[15:31:29] [TASK] Dmitri → GoToShelter (goal=FleeEmission)
[15:31:29] [GOAL] Dmitri achieved FleeEmission
[15:31:29] [TASK] Sean → GoToShelter (goal=FleeEmission)
[15:31:29] [GOAL] Sean achieved FleeEmission
[15:31:29] [TASK] Frank → GoToShelter (goal=FleeEmission)
[15:31:29] [GOAL] Frank achieved FleeEmission
[15:31:29] [TASK] Sergei → GoToShelter (goal=FleeEmission)
[15:31:29] [GOAL] Sergei achieved FleeEmission
[15:31:29] [TASK] Serhiy → GoToShelter (goal=FleeEmission)
[15:31:29] [GOAL] Serhiy achieved FleeEmission
[15:31:29] [TASK] Ivan → GoToShelter (goal=FleeEmission)
[15:31:29] [GOAL] Ivan achieved FleeEmission
[15:31:31] [COMBAT] Bohdan Sokolov 'Mole' killed Rat using wpn_aksu
[15:31:31] [INBOUND] Initial +2 ctx.Stalkers, +2 mutants (remaining S=181 M=121)
[15:31:31] [COMBAT] Pavel Petrenko 'Spark' killed Rat using wpn_aek971
[15:31:31] [TASK] Bohdan → GoToShelter (goal=FleeEmission)
[15:31:31] [GOAL] Bohdan achieved FleeEmission
[15:31:31] [COMBAT] Oleg Kovalenko 'Crow' killed Snork using wpn_aek971
[15:31:31] [TASK] Viktor → GoToShelter (goal=FleeEmission)
[15:31:31] [GOAL] Viktor achieved FleeEmission
[15:31:31] [TASK] Giorgi → GoToShelter (goal=FleeEmission)
[15:31:31] [GOAL] Giorgi achieved FleeEmission
[15:31:31] [TASK] Oleksiy → GoToShelter (goal=FleeEmission)
[15:31:31] [GOAL] Oleksiy achieved FleeEmission
[15:31:31] [TASK] Taras → GoToShelter (goal=FleeEmission)
[15:31:31] [GOAL] Taras achieved FleeEmission
[15:31:32] [TASK] Rustam → GoToShelter (goal=FleeEmission)
[15:31:32] [GOAL] Rustam achieved FleeEmission
[15:31:32] [TASK] Sergei → GoToShelter (goal=FleeEmission)
[15:31:32] [GOAL] Sergei achieved FleeEmission
[15:31:32] [TASK] Pavel → GoToShelter (goal=FleeEmission)
[15:31:32] [GOAL] Pavel achieved FleeEmission
[15:31:32] [TASK] Nikolai → GoToShelter (goal=FleeEmission)
[15:31:32] [GOAL] Nikolai achieved FleeEmission
[15:31:32] [TASK] Mikhail → GoToShelter (goal=FleeEmission)
[15:31:32] [GOAL] Mikhail achieved FleeEmission
[15:31:32] [TASK] Oleksiy → GoToShelter (goal=FleeEmission)
[15:31:32] [GOAL] Oleksiy achieved FleeEmission
[15:31:32] [TASK] Serhiy → GoToShelter (goal=FleeEmission)
[15:31:32] [GOAL] Serhiy achieved FleeEmission
[15:31:32] [TASK] Taras → GoToShelter (goal=FleeEmission)
[15:31:32] [GOAL] Taras achieved FleeEmission
[15:31:32] [TASK] Andrei → GoToShelter (goal=FleeEmission)
[15:31:32] [GOAL] Andrei achieved FleeEmission
[15:31:32] [TASK] Dmitri → GoToShelter (goal=FleeEmission)
[15:31:32] [GOAL] Dmitri achieved FleeEmission
[15:31:32] [TASK] Sean → GoToShelter (goal=FleeEmission)
[15:31:32] [GOAL] Sean achieved FleeEmission
[15:31:32] [TASK] Frank → GoToShelter (goal=FleeEmission)
[15:31:32] [GOAL] Frank achieved FleeEmission
[15:31:32] [TASK] Sergei → GoToShelter (goal=FleeEmission)
[15:31:32] [GOAL] Sergei achieved FleeEmission
[15:31:32] [TASK] Serhiy → GoToShelter (goal=FleeEmission)
[15:31:32] [GOAL] Serhiy achieved FleeEmission
[15:31:32] [TASK] Oleksiy → GoToShelter (goal=FleeEmission)
[15:31:32] [GOAL] Oleksiy achieved FleeEmission
[15:31:32] [TASK] Timur → GoToShelter (goal=FleeEmission)
[15:31:32] [GOAL] Timur achieved FleeEmission
[15:31:34] [INBOUND] Initial +2 ctx.Stalkers, +1 mutants (remaining S=179 M=120)
[15:31:34] [TASK] Bohdan → GoToShelter (goal=FleeEmission)
[15:31:34] [GOAL] Bohdan achieved FleeEmission
[15:31:34] [TASK] Viktor → GoToShelter (goal=FleeEmission)
[15:31:34] [GOAL] Viktor achieved FleeEmission
[15:31:34] [TASK] Giorgi → GoToShelter (goal=FleeEmission)
[15:31:34] [GOAL] Giorgi achieved FleeEmission
[15:31:34] [TASK] Oleksiy → GoToShelter (goal=FleeEmission)
[15:31:34] [GOAL] Oleksiy achieved FleeEmission
[15:31:35] [TASK] Taras → GoToShelter (goal=FleeEmission)
[15:31:35] [GOAL] Taras achieved FleeEmission
[15:31:35] [TASK] Rustam → GoToShelter (goal=FleeEmission)
[15:31:35] [GOAL] Rustam achieved FleeEmission
[15:31:35] [TASK] Sergei → GoToShelter (goal=FleeEmission)
[15:31:35] [GOAL] Sergei achieved FleeEmission
[15:31:35] [TASK] Pavel → GoToShelter (goal=FleeEmission)
[15:31:35] [GOAL] Pavel achieved FleeEmission
[15:31:35] [TASK] Nikolai → GoToShelter (goal=FleeEmission)
[15:31:35] [GOAL] Nikolai achieved FleeEmission
[15:31:35] [TASK] Mikhail → GoToShelter (goal=FleeEmission)
[15:31:35] [GOAL] Mikhail achieved FleeEmission
[15:31:35] [TASK] Oleksiy → GoToShelter (goal=FleeEmission)
[15:31:35] [GOAL] Oleksiy achieved FleeEmission
[15:31:35] [TASK] Serhiy → GoToShelter (goal=FleeEmission)
[15:31:35] [GOAL] Serhiy achieved FleeEmission
[15:31:35] [TASK] Taras → GoToShelter (goal=FleeEmission)
[15:31:35] [GOAL] Taras achieved FleeEmission
[15:31:35] [TASK] Andrei → GoToShelter (goal=FleeEmission)
[15:31:35] [GOAL] Andrei achieved FleeEmission
[15:31:35] [TASK] Dmitri → GoToShelter (goal=FleeEmission)
[15:31:35] [GOAL] Dmitri achieved FleeEmission
[15:31:35] [TASK] Sean → GoToShelter (goal=FleeEmission)
[15:31:35] [GOAL] Sean achieved FleeEmission
[15:31:35] [TASK] Frank → GoToShelter (goal=FleeEmission)
[15:31:35] [GOAL] Frank achieved FleeEmission
[15:31:35] [TASK] Sergei → GoToShelter (goal=FleeEmission)
[15:31:35] [GOAL] Sergei achieved FleeEmission
[15:31:35] [TASK] Serhiy → GoToShelter (goal=FleeEmission)
[15:31:35] [GOAL] Serhiy achieved FleeEmission
[15:31:35] [TASK] Serhiy → GoToShelter (goal=FleeEmission)
[15:31:35] [GOAL] Serhiy achieved FleeEmission
[15:31:37] [INBOUND] Initial +2 ctx.Stalkers, +1 mutants (remaining S=177 M=119)
[15:31:37] [TASK] Bohdan → GoToShelter (goal=FleeEmission)
[15:31:37] [GOAL] Bohdan achieved FleeEmission
[15:31:37] [TASK] Viktor → GoToShelter (goal=FleeEmission)
[15:31:37] [GOAL] Viktor achieved FleeEmission
[15:31:37] [TASK] Giorgi → GoToShelter (goal=FleeEmission)
[15:31:37] [GOAL] Giorgi achieved FleeEmission
[15:31:37] [TASK] Oleksiy → GoToShelter (goal=FleeEmission)
[15:31:37] [GOAL] Oleksiy achieved FleeEmission
[15:31:37] [TASK] Taras → GoToShelter (goal=FleeEmission)
[15:31:37] [GOAL] Taras achieved FleeEmission
[15:31:38] [TASK] Rustam → GoToShelter (goal=FleeEmission)
[15:31:38] [GOAL] Rustam achieved FleeEmission
[15:31:38] [TASK] Sergei → GoToShelter (goal=FleeEmission)
[15:31:38] [GOAL] Sergei achieved FleeEmission
[15:31:38] [TASK] Pavel → GoToShelter (goal=FleeEmission)
[15:31:38] [GOAL] Pavel achieved FleeEmission
[15:31:38] [TASK] Nikolai → GoToShelter (goal=FleeEmission)
[15:31:38] [GOAL] Nikolai achieved FleeEmission
[15:31:38] [TASK] Mikhail → GoToShelter (goal=FleeEmission)
[15:31:38] [GOAL] Mikhail achieved FleeEmission
[15:31:38] [TASK] Oleksiy → GoToShelter (goal=FleeEmission)
[15:31:38] [GOAL] Oleksiy achieved FleeEmission
[15:31:38] [TASK] Serhiy → GoToShelter (goal=FleeEmission)
[15:31:38] [GOAL] Serhiy achieved FleeEmission
[15:31:38] [TASK] Taras → GoToShelter (goal=FleeEmission)
[15:31:38] [GOAL] Taras achieved FleeEmission
[15:31:38] [TASK] Andrei → GoToShelter (goal=FleeEmission)
[15:31:38] [GOAL] Andrei achieved FleeEmission
[15:31:38] [TASK] Dmitri → GoToShelter (goal=FleeEmission)
[15:31:38] [GOAL] Dmitri achieved FleeEmission
[15:31:38] [TASK] Sean → GoToShelter (goal=FleeEmission)
[15:31:38] [GOAL] Sean achieved FleeEmission
[15:31:38] [TASK] Frank → GoToShelter (goal=FleeEmission)
[15:31:38] [GOAL] Frank achieved FleeEmission
[15:31:38] [TASK] Sergei → GoToShelter (goal=FleeEmission)
[15:31:38] [GOAL] Sergei achieved FleeEmission
[15:31:38] [TASK] Serhiy → GoToShelter (goal=FleeEmission)
[15:31:38] [GOAL] Serhiy achieved FleeEmission
[15:31:40] [INBOUND] Initial +2 ctx.Stalkers, +2 mutants (remaining S=175 M=117)
[15:31:41] [COMBAT] Marcus Kovalenko 'Spark' killed Bloodsucker using wpn_gauss
[15:31:41] [COMBAT] Viktor Popov 'Phantom' killed Snork using wpn_val
[15:31:41] [COMBAT] Viktor Shevchenko 'Wolf' killed Bloodsucker using wpn_pm
[15:31:41] [COMBAT] Bohdan Shevchenko 'Stitch' killed Bloodsucker using wpn_vintorez
[15:31:41] [INBOUND] Initial +2 ctx.Stalkers, +1 mutants (remaining S=173 M=116)
[15:31:41] [TASK] Bohdan → GoToShelter (goal=FleeEmission)
[15:31:41] [GOAL] Bohdan achieved FleeEmission
[15:31:41] [TASK] Viktor → GoToShelter (goal=FleeEmission)
[15:31:41] [GOAL] Viktor achieved FleeEmission
[15:31:41] [TASK] Giorgi → GoToShelter (goal=FleeEmission)
[15:31:41] [GOAL] Giorgi achieved FleeEmission
[15:31:41] [TASK] Oleksiy → GoToShelter (goal=FleeEmission)
[15:31:41] [GOAL] Oleksiy achieved FleeEmission
[15:31:42] [TASK] Taras → GoToShelter (goal=FleeEmission)
[15:31:42] [GOAL] Taras achieved FleeEmission
[15:31:42] [TASK] Rustam → GoToShelter (goal=FleeEmission)
[15:31:42] [GOAL] Rustam achieved FleeEmission
[15:31:42] [TASK] Sergei → GoToShelter (goal=FleeEmission)
[15:31:42] [GOAL] Sergei achieved FleeEmission
[15:31:42] [TASK] Pavel → GoToShelter (goal=FleeEmission)
[15:31:42] [GOAL] Pavel achieved FleeEmission
[15:31:42] [TASK] Nikolai → GoToShelter (goal=FleeEmission)
[15:31:42] [GOAL] Nikolai achieved FleeEmission
[15:31:42] [TASK] Mikhail → GoToShelter (goal=FleeEmission)
[15:31:42] [GOAL] Mikhail achieved FleeEmission
[15:31:42] [TASK] Oleksiy → GoToShelter (goal=FleeEmission)
[15:31:42] [GOAL] Oleksiy achieved FleeEmission
[15:31:42] [TASK] Serhiy → GoToShelter (goal=FleeEmission)
[15:31:42] [GOAL] Serhiy achieved FleeEmission
[15:31:42] [TASK] Taras → GoToShelter (goal=FleeEmission)
[15:31:42] [GOAL] Taras achieved FleeEmission
[15:31:42] [TASK] Andrei → GoToShelter (goal=FleeEmission)
[15:31:42] [GOAL] Andrei achieved FleeEmission
[15:31:42] [TASK] Dmitri → GoToShelter (goal=FleeEmission)
[15:31:42] [GOAL] Dmitri achieved FleeEmission
[15:31:42] [TASK] Sean → GoToShelter (goal=FleeEmission)
[15:31:42] [GOAL] Sean achieved FleeEmission
[15:31:42] [TASK] Frank → GoToShelter (goal=FleeEmission)
[15:31:42] [GOAL] Frank achieved FleeEmission
[15:31:42] [TASK] Sergei → GoToShelter (goal=FleeEmission)
[15:31:42] [GOAL] Sergei achieved FleeEmission
[15:31:42] [TASK] Serhiy → GoToShelter (goal=FleeEmission)
[15:31:42] [GOAL] Serhiy achieved FleeEmission
[15:31:42] [TASK] Yuriy → GoToShelter (goal=FleeEmission)
[15:31:42] [GOAL] Yuriy achieved FleeEmission
[15:31:42] [TASK] Taras → GoToShelter (goal=FleeEmission)
[15:31:42] [GOAL] Taras achieved FleeEmission
[15:31:42] [TASK] Rustam → GoToShelter (goal=FleeEmission)
[15:31:42] [GOAL] Rustam achieved FleeEmission
[15:31:42] [TASK] Damir → GoToShelter (goal=FleeEmission)
[15:31:42] [GOAL] Damir achieved FleeEmission
[15:31:44] [INBOUND] Initial +2 ctx.Stalkers, +2 mutants (remaining S=171 M=114)
[15:31:45] [COMBAT] Andrei Petrenko 'Ghost' killed Pseudodog using wpn_svd
[15:31:45] [COMBAT] Taras Petrenko 'Badger' killed BlindDog using wpn_mp5
[15:31:45] [COMBAT] Andriy Melnyk 'Mole' killed Oleksiy Petrov 'Viper' using wpn_aksu
[15:31:45] [GEAR] Andriy looted [wpn_pkm, arm_duty, helm_helm_tactic] via combat
[15:31:45] [COMBAT] Dmytro Petrenko 'Scar' killed Snork using wpn_aksu
[15:31:45] [COMBAT] Nikolai Petrov 'Shadow' killed Alexei Melnyk 'Razor' using wpn_lr300
[15:31:45] [GEAR] Nikolai looted [wpn_desert_eagle, arm_duty, helm_tactic] via combat
[15:31:46] [INBOUND] Initial +2 ctx.Stalkers, +1 mutants (remaining S=169 M=113)
[15:31:46] [TASK] Bohdan → GoToShelter (goal=FleeEmission)
[15:31:46] [GOAL] Bohdan achieved FleeEmission
[15:31:46] [TASK] Viktor → GoToShelter (goal=FleeEmission)
[15:31:46] [GOAL] Viktor achieved FleeEmission
[15:31:46] [TASK] Giorgi → GoToShelter (goal=FleeEmission)
[15:31:46] [GOAL] Giorgi achieved FleeEmission
[15:31:46] [TASK] Oleksiy → GoToShelter (goal=FleeEmission)
[15:31:46] [GOAL] Oleksiy achieved FleeEmission
[15:31:46] [TASK] Taras → GoToShelter (goal=FleeEmission)
[15:31:46] [GOAL] Taras achieved FleeEmission
[15:31:46] [TASK] Rustam → GoToShelter (goal=FleeEmission)
[15:31:46] [GOAL] Rustam achieved FleeEmission
[15:31:46] [TASK] Sergei → GoToShelter (goal=FleeEmission)
[15:31:46] [GOAL] Sergei achieved FleeEmission
[15:31:46] [TASK] Pavel → GoToShelter (goal=FleeEmission)
[15:31:46] [GOAL] Pavel achieved FleeEmission
[15:31:46] [TASK] Nikolai → GoToShelter (goal=FleeEmission)
[15:31:46] [GOAL] Nikolai achieved FleeEmission
[15:31:46] [TASK] Mikhail → GoToShelter (goal=FleeEmission)
[15:31:46] [GOAL] Mikhail achieved FleeEmission
[15:31:46] [TASK] Oleksiy → GoToShelter (goal=FleeEmission)
[15:31:46] [GOAL] Oleksiy achieved FleeEmission
[15:31:46] [TASK] Serhiy → GoToShelter (goal=FleeEmission)
[15:31:46] [GOAL] Serhiy achieved FleeEmission
[15:31:46] [TASK] Taras → GoToShelter (goal=FleeEmission)
[15:31:46] [GOAL] Taras achieved FleeEmission
[15:31:46] [TASK] Andrei → GoToShelter (goal=FleeEmission)
[15:31:46] [GOAL] Andrei achieved FleeEmission
[15:31:46] [TASK] Dmitri → GoToShelter (goal=FleeEmission)
[15:31:46] [GOAL] Dmitri achieved FleeEmission
[15:31:46] [TASK] Sean → GoToShelter (goal=FleeEmission)
[15:31:46] [GOAL] Sean achieved FleeEmission
[15:31:46] [TASK] Frank → GoToShelter (goal=FleeEmission)
[15:31:46] [GOAL] Frank achieved FleeEmission
[15:31:46] [TASK] Sergei → GoToShelter (goal=FleeEmission)
[15:31:46] [GOAL] Sergei achieved FleeEmission
[15:31:46] [TASK] Serhiy → GoToShelter (goal=FleeEmission)
[15:31:46] [GOAL] Serhiy achieved FleeEmission
[15:31:46] [TASK] Andrei → GoToShelter (goal=FleeEmission)
[15:31:46] [GOAL] Andrei achieved FleeEmission
[15:31:46] [TASK] Oleg → GoToShelter (goal=FleeEmission)
[15:31:46] [GOAL] Oleg achieved FleeEmission
[15:31:48] [COMBAT] Yuriy Bondarenko 'Shadow' killed PsyDog using wpn_pkm
[15:31:48] [COMBAT] Igor Popov 'Mole' killed Oleg Kovalenko 'Mole' using wpn_ak74
[15:31:48] [GEAR] Igor looted [wpn_ak74] via combat
[15:31:49] [INBOUND] Initial +3 ctx.Stalkers, +1 mutants (remaining S=166 M=112)
[15:31:49] [CORPSE] Despawned 23 bodies (lifetime=1253)
[15:31:49] [COMBAT] Ivan Sokolov 'Spark' killed Sean Volkov 'Spark' using wpn_fn2000
[15:31:49] [GEAR] Ivan looted [wpn_desert_eagle, out_monolith_exolight_outfit] via combat
[15:31:49] [TASK] Bohdan → GoToShelter (goal=FleeEmission)
[15:31:49] [GOAL] Bohdan achieved FleeEmission
[15:31:49] [TASK] Viktor → GoToShelter (goal=FleeEmission)
[15:31:49] [GOAL] Viktor achieved FleeEmission
[15:31:49] [TASK] Giorgi → GoToShelter (goal=FleeEmission)
[15:31:49] [GOAL] Giorgi achieved FleeEmission
[15:31:49] [TASK] Oleksiy → GoToShelter (goal=FleeEmission)
[15:31:49] [GOAL] Oleksiy achieved FleeEmission
[15:31:49] [TASK] Taras → GoToShelter (goal=FleeEmission)
[15:31:49] [GOAL] Taras achieved FleeEmission
[15:31:49] [TASK] Rustam → GoToShelter (goal=FleeEmission)
[15:31:49] [GOAL] Rustam achieved FleeEmission
[15:31:49] [TASK] Sergei → GoToShelter (goal=FleeEmission)
[15:31:49] [GOAL] Sergei achieved FleeEmission
[15:31:49] [TASK] Pavel → GoToShelter (goal=FleeEmission)
[15:31:49] [GOAL] Pavel achieved FleeEmission
[15:31:49] [TASK] Nikolai → GoToShelter (goal=FleeEmission)
[15:31:49] [GOAL] Nikolai achieved FleeEmission
[15:31:49] [TASK] Mikhail → GoToShelter (goal=FleeEmission)
[15:31:49] [GOAL] Mikhail achieved FleeEmission
[15:31:49] [TASK] Oleksiy → GoToShelter (goal=FleeEmission)
[15:31:49] [GOAL] Oleksiy achieved FleeEmission
[15:31:49] [TASK] Serhiy → GoToShelter (goal=FleeEmission)
[15:31:49] [GOAL] Serhiy achieved FleeEmission
[15:31:49] [TASK] Taras → GoToShelter (goal=FleeEmission)
[15:31:49] [GOAL] Taras achieved FleeEmission
[15:31:49] [TASK] Andrei → GoToShelter (goal=FleeEmission)
[15:31:49] [GOAL] Andrei achieved FleeEmission
[15:31:49] [TASK] Dmitri → GoToShelter (goal=FleeEmission)
[15:31:49] [GOAL] Dmitri achieved FleeEmission
[15:31:49] [TASK] Frank → GoToShelter (goal=FleeEmission)
[15:31:49] [GOAL] Frank achieved FleeEmission
[15:31:49] [TASK] Sergei → GoToShelter (goal=FleeEmission)
[15:31:49] [GOAL] Sergei achieved FleeEmission
[15:31:49] [TASK] Serhiy → GoToShelter (goal=FleeEmission)
[15:31:49] [GOAL] Serhiy achieved FleeEmission
[15:31:49] [TASK] Andrei → GoToShelter (goal=FleeEmission)
[15:31:49] [GOAL] Andrei achieved FleeEmission
[15:31:51] [COMBAT] Andrei Shevchenko 'Scar' killed Bloodsucker using wpn_aksu
[15:31:51] [COMBAT] Oleg Volkov 'Spark' killed Sergei Popov 'Fox' using wpn_fn2000
[15:31:52] [INBOUND] Initial +2 ctx.Stalkers, +2 mutants (remaining S=164 M=110)
[15:31:53] [INBOUND] Initial +2 ctx.Stalkers, +1 mutants (remaining S=162 M=109)
[15:31:53] [TASK] Bohdan → GoToShelter (goal=FleeEmission)
[15:31:53] [GOAL] Bohdan achieved FleeEmission
[15:31:53] [TASK] Viktor → GoToShelter (goal=FleeEmission)
[15:31:53] [GOAL] Viktor achieved FleeEmission
[15:31:53] [TASK] Giorgi → GoToShelter (goal=FleeEmission)
[15:31:53] [GOAL] Giorgi achieved FleeEmission
[15:31:53] [TASK] Oleksiy → GoToShelter (goal=FleeEmission)
[15:31:53] [GOAL] Oleksiy achieved FleeEmission
[15:31:53] [TASK] Taras → GoToShelter (goal=FleeEmission)
[15:31:53] [GOAL] Taras achieved FleeEmission
[15:31:53] [TASK] Rustam → GoToShelter (goal=FleeEmission)
[15:31:53] [GOAL] Rustam achieved FleeEmission
[15:31:53] [TASK] Sergei → GoToShelter (goal=FleeEmission)
[15:31:53] [GOAL] Sergei achieved FleeEmission
[15:31:53] [TASK] Pavel → GoToShelter (goal=FleeEmission)
[15:31:53] [GOAL] Pavel achieved FleeEmission
[15:31:53] [TASK] Nikolai → GoToShelter (goal=FleeEmission)
[15:31:53] [GOAL] Nikolai achieved FleeEmission
[15:31:53] [TASK] Mikhail → GoToShelter (goal=FleeEmission)
[15:31:53] [GOAL] Mikhail achieved FleeEmission
[15:31:53] [TASK] Oleksiy → GoToShelter (goal=FleeEmission)
[15:31:53] [GOAL] Oleksiy achieved FleeEmission
[15:31:53] [TASK] Serhiy → GoToShelter (goal=FleeEmission)
[15:31:53] [GOAL] Serhiy achieved FleeEmission
[15:31:53] [TASK] Taras → GoToShelter (goal=FleeEmission)
[15:31:53] [GOAL] Taras achieved FleeEmission
[15:31:53] [TASK] Andrei → GoToShelter (goal=FleeEmission)
[15:31:53] [GOAL] Andrei achieved FleeEmission
[15:31:53] [TASK] Dmitri → GoToShelter (goal=FleeEmission)
[15:31:53] [GOAL] Dmitri achieved FleeEmission
[15:31:53] [TASK] Frank → GoToShelter (goal=FleeEmission)
[15:31:53] [GOAL] Frank achieved FleeEmission
[15:31:53] [TASK] Serhiy → GoToShelter (goal=FleeEmission)
[15:31:53] [GOAL] Serhiy achieved FleeEmission
[15:31:53] [TASK] Pavel → GoToShelter (goal=FleeEmission)
[15:31:53] [GOAL] Pavel achieved FleeEmission
[15:31:53] [TASK] Zura → GoToShelter (goal=FleeEmission)
[15:31:53] [GOAL] Zura achieved FleeEmission
[15:31:55] [COMBAT] Marcus Volkov 'Stitch' killed Lurker using wpn_sg550
[15:31:56] [INBOUND] Initial +2 ctx.Stalkers, +2 mutants (remaining S=160 M=107)
[15:31:56] [SNAPSHOT] real=17.1min game=D0 01:04 alive S=250 M=283 corpses=531 lootable=269 gammaGear out=127 helm=211 avgRU=858 leaderGoals trade=0 mission=21 emission=Dormant nextIn=12gmin desperate=0 hungry=0 interval deaths=23 combats=37 tasks=183 gearLoot=4 gearBuy=0 missions=0 corpseDespawn=23 trickleSpawns=0 ranks=[Rookie:243,Trainee:5,Experienced:1,Professional:1] goals=[Idle:113,FleeEmission::21] leaders: Andriy[Rookie/Idle], Bohdan[Rookie/FleeEmission:], Oleg[Rookie/Idle], Mikhail[Rookie/Idle], Andriy[Rookie/Idle]
[15:31:56] [TASK] Bohdan → GoToShelter (goal=FleeEmission)
[15:31:56] [GOAL] Bohdan achieved FleeEmission
[15:31:56] [TASK] Viktor → GoToShelter (goal=FleeEmission)
[15:31:56] [GOAL] Viktor achieved FleeEmission
[15:31:56] [TASK] Giorgi → GoToShelter (goal=FleeEmission)
[15:31:56] [GOAL] Giorgi achieved FleeEmission
[15:31:56] [TASK] Oleksiy → GoToShelter (goal=FleeEmission)
[15:31:56] [GOAL] Oleksiy achieved FleeEmission
[15:31:56] [TASK] Taras → GoToShelter (goal=FleeEmission)
[15:31:56] [GOAL] Taras achieved FleeEmission
[15:31:56] [TASK] Rustam → GoToShelter (goal=FleeEmission)
[15:31:56] [GOAL] Rustam achieved FleeEmission
[15:31:56] [TASK] Sergei → GoToShelter (goal=FleeEmission)
[15:31:56] [GOAL] Sergei achieved FleeEmission
[15:31:56] [TASK] Pavel → GoToShelter (goal=FleeEmission)
[15:31:56] [GOAL] Pavel achieved FleeEmission
[15:31:56] [TASK] Nikolai → GoToShelter (goal=FleeEmission)
[15:31:56] [GOAL] Nikolai achieved FleeEmission
[15:31:56] [TASK] Mikhail → GoToShelter (goal=FleeEmission)
[15:31:56] [GOAL] Mikhail achieved FleeEmission
[15:31:56] [TASK] Oleksiy → GoToShelter (goal=FleeEmission)
[15:31:56] [GOAL] Oleksiy achieved FleeEmission
[15:31:56] [TASK] Serhiy → GoToShelter (goal=FleeEmission)
[15:31:56] [GOAL] Serhiy achieved FleeEmission
[15:31:56] [TASK] Taras → GoToShelter (goal=FleeEmission)
[15:31:56] [GOAL] Taras achieved FleeEmission
[15:31:56] [TASK] Andrei → GoToShelter (goal=FleeEmission)
[15:31:56] [GOAL] Andrei achieved FleeEmission
[15:31:56] [TASK] Dmitri → GoToShelter (goal=FleeEmission)
[15:31:56] [GOAL] Dmitri achieved FleeEmission
[15:31:56] [TASK] Frank → GoToShelter (goal=FleeEmission)
[15:31:56] [GOAL] Frank achieved FleeEmission
[15:31:56] [TASK] Serhiy → GoToShelter (goal=FleeEmission)
[15:31:56] [GOAL] Serhiy achieved FleeEmission
[15:31:56] [TASK] Zura → GoToShelter (goal=FleeEmission)
[15:31:56] [GOAL] Zura achieved FleeEmission
[15:31:56] [TASK] Sean → GoToShelter (goal=FleeEmission)
[15:31:56] [GOAL] Sean achieved FleeEmission
[15:31:58] [COMBAT] Andrei Kovalenko 'Ghost' killed Flesh using wpn_svd
[15:31:58] [INBOUND] Initial +2 ctx.Stalkers, +1 mutants (remaining S=158 M=106)
[15:31:59] [TASK] Bohdan → GoToShelter (goal=FleeEmission)
[15:31:59] [GOAL] Bohdan achieved FleeEmission
[15:31:59] [TASK] Viktor → GoToShelter (goal=FleeEmission)
[15:31:59] [GOAL] Viktor achieved FleeEmission
[15:31:59] [TASK] Giorgi → GoToShelter (goal=FleeEmission)
[15:31:59] [GOAL] Giorgi achieved FleeEmission
[15:31:59] [TASK] Oleksiy → GoToShelter (goal=FleeEmission)
[15:31:59] [GOAL] Oleksiy achieved FleeEmission
[15:31:59] [TASK] Taras → GoToShelter (goal=FleeEmission)
[15:31:59] [GOAL] Taras achieved FleeEmission
[15:31:59] [TASK] Rustam → GoToShelter (goal=FleeEmission)
[15:31:59] [GOAL] Rustam achieved FleeEmission
[15:31:59] [TASK] Sergei → GoToShelter (goal=FleeEmission)
[15:31:59] [GOAL] Sergei achieved FleeEmission
[15:31:59] [TASK] Pavel → GoToShelter (goal=FleeEmission)
[15:31:59] [GOAL] Pavel achieved FleeEmission
[15:31:59] [TASK] Nikolai → GoToShelter (goal=FleeEmission)
[15:31:59] [GOAL] Nikolai achieved FleeEmission
[15:31:59] [TASK] Mikhail → GoToShelter (goal=FleeEmission)
[15:31:59] [GOAL] Mikhail achieved FleeEmission
[15:31:59] [TASK] Oleksiy → GoToShelter (goal=FleeEmission)
[15:31:59] [GOAL] Oleksiy achieved FleeEmission
[15:31:59] [TASK] Serhiy → GoToShelter (goal=FleeEmission)
[15:31:59] [GOAL] Serhiy achieved FleeEmission
[15:31:59] [TASK] Taras → GoToShelter (goal=FleeEmission)
[15:31:59] [GOAL] Taras achieved FleeEmission
[15:31:59] [TASK] Andrei → GoToShelter (goal=FleeEmission)
[15:31:59] [GOAL] Andrei achieved FleeEmission
[15:31:59] [TASK] Dmitri → GoToShelter (goal=FleeEmission)
[15:31:59] [GOAL] Dmitri achieved FleeEmission
[15:31:59] [TASK] Frank → GoToShelter (goal=FleeEmission)
[15:31:59] [GOAL] Frank achieved FleeEmission
[15:31:59] [TASK] Serhiy → GoToShelter (goal=FleeEmission)
[15:31:59] [GOAL] Serhiy achieved FleeEmission
[15:31:59] [TASK] Zura → GoToShelter (goal=FleeEmission)
[15:31:59] [GOAL] Zura achieved FleeEmission
[15:32:01] [COMBAT] Timur Bondarenko 'Scar' killed Snork using wpn_toz34
[15:32:01] [COMBAT] Bakhyt Bondarenko 'Fox' killed Lurker using wpn_val
[15:32:01] [INBOUND] Initial +2 ctx.Stalkers, +1 mutants (remaining S=156 M=105)
[15:32:02] [INBOUND] Initial +2 ctx.Stalkers, +2 mutants (remaining S=154 M=103)
[15:32:02] [TASK] Bohdan → GoToShelter (goal=FleeEmission)
[15:32:02] [GOAL] Bohdan achieved FleeEmission
[15:32:02] [TASK] Viktor → GoToShelter (goal=FleeEmission)
[15:32:02] [GOAL] Viktor achieved FleeEmission
[15:32:02] [TASK] Giorgi → GoToShelter (goal=FleeEmission)
[15:32:02] [GOAL] Giorgi achieved FleeEmission
[15:32:02] [TASK] Oleksiy → GoToShelter (goal=FleeEmission)
[15:32:02] [GOAL] Oleksiy achieved FleeEmission
[15:32:02] [TASK] Taras → GoToShelter (goal=FleeEmission)
[15:32:02] [GOAL] Taras achieved FleeEmission
[15:32:02] [TASK] Rustam → GoToShelter (goal=FleeEmission)
[15:32:02] [GOAL] Rustam achieved FleeEmission
[15:32:03] [TASK] Sergei → GoToShelter (goal=FleeEmission)
[15:32:03] [GOAL] Sergei achieved FleeEmission
[15:32:03] [TASK] Pavel → GoToShelter (goal=FleeEmission)
[15:32:03] [GOAL] Pavel achieved FleeEmission
[15:32:03] [TASK] Nikolai → GoToShelter (goal=FleeEmission)
[15:32:03] [GOAL] Nikolai achieved FleeEmission
[15:32:03] [TASK] Oleksiy → GoToShelter (goal=FleeEmission)
[15:32:03] [GOAL] Oleksiy achieved FleeEmission
[15:32:03] [TASK] Serhiy → GoToShelter (goal=FleeEmission)
[15:32:03] [GOAL] Serhiy achieved FleeEmission
[15:32:03] [TASK] Taras → GoToShelter (goal=FleeEmission)
[15:32:03] [GOAL] Taras achieved FleeEmission
[15:32:03] [TASK] Andrei → GoToShelter (goal=FleeEmission)
[15:32:03] [GOAL] Andrei achieved FleeEmission
[15:32:03] [TASK] Dmitri → GoToShelter (goal=FleeEmission)
[15:32:03] [GOAL] Dmitri achieved FleeEmission
[15:32:03] [TASK] Frank → GoToShelter (goal=FleeEmission)
[15:32:03] [GOAL] Frank achieved FleeEmission
[15:32:03] [TASK] Serhiy → GoToShelter (goal=FleeEmission)
[15:32:03] [GOAL] Serhiy achieved FleeEmission
[15:32:03] [TASK] Oleksiy → GoToShelter (goal=FleeEmission)
[15:32:03] [GOAL] Oleksiy achieved FleeEmission
[15:32:03] [TASK] Zura → GoToShelter (goal=FleeEmission)
[15:32:03] [GOAL] Zura achieved FleeEmission
[15:32:03] [TASK] Nikolai → GoToShelter (goal=FleeEmission)
[15:32:03] [GOAL] Nikolai achieved FleeEmission
[15:32:03] [TASK] Viktor → GoToShelter (goal=FleeEmission)
[15:32:03] [GOAL] Viktor achieved FleeEmission
[15:32:05] [COMBAT] Oleksiy Kovalenko 'Viper' killed Fracture using wpn_val
[15:32:05] [INBOUND] Initial +2 ctx.Stalkers, +1 mutants (remaining S=152 M=102)
[15:32:05] [TASK] Bohdan → GoToShelter (goal=FleeEmission)
[15:32:05] [GOAL] Bohdan achieved FleeEmission
[15:32:05] [TASK] Viktor → GoToShelter (goal=FleeEmission)
[15:32:05] [GOAL] Viktor achieved FleeEmission
[15:32:05] [TASK] Giorgi → GoToShelter (goal=FleeEmission)
[15:32:05] [GOAL] Giorgi achieved FleeEmission
[15:32:05] [RANK] Yuriy Popov 'Bone' → Trainee
[15:32:05] [COMBAT] Yuriy Popov 'Bone' killed Boar using wpn_fn2000
[15:32:05] [TASK] Oleksiy → GoToShelter (goal=FleeEmission)
[15:32:05] [GOAL] Oleksiy achieved FleeEmission
[15:32:05] [TASK] Taras → GoToShelter (goal=FleeEmission)
[15:32:05] [GOAL] Taras achieved FleeEmission
[15:32:05] [TASK] Rustam → GoToShelter (goal=FleeEmission)
[15:32:05] [GOAL] Rustam achieved FleeEmission
[15:32:05] [TASK] Sergei → GoToShelter (goal=FleeEmission)
[15:32:05] [GOAL] Sergei achieved FleeEmission
[15:32:05] [TASK] Pavel → GoToShelter (goal=FleeEmission)
[15:32:05] [GOAL] Pavel achieved FleeEmission
[15:32:05] [TASK] Nikolai → GoToShelter (goal=FleeEmission)
[15:32:05] [GOAL] Nikolai achieved FleeEmission
[15:32:05] [TASK] Oleksiy → GoToShelter (goal=FleeEmission)
[15:32:05] [GOAL] Oleksiy achieved FleeEmission
[15:32:05] [TASK] Serhiy → GoToShelter (goal=FleeEmission)
[15:32:05] [GOAL] Serhiy achieved FleeEmission
[15:32:05] [TASK] Taras → GoToShelter (goal=FleeEmission)
[15:32:05] [GOAL] Taras achieved FleeEmission
[15:32:05] [TASK] Andrei → GoToShelter (goal=FleeEmission)
[15:32:05] [GOAL] Andrei achieved FleeEmission
[15:32:05] [TASK] Dmitri → GoToShelter (goal=FleeEmission)
[15:32:05] [GOAL] Dmitri achieved FleeEmission
[15:32:05] [TASK] Frank → GoToShelter (goal=FleeEmission)
[15:32:05] [GOAL] Frank achieved FleeEmission
[15:32:05] [TASK] Serhiy → GoToShelter (goal=FleeEmission)
[15:32:05] [GOAL] Serhiy achieved FleeEmission
[15:32:05] [TASK] Zura → GoToShelter (goal=FleeEmission)
[15:32:05] [GOAL] Zura achieved FleeEmission
[15:32:07] [COMBAT] Mykola Petrov 'Razor' killed Snork using wpn_ak74
[15:32:07] [COMBAT] Mykola Sokolov 'Badger' killed Snork using wpn_fn2000
[15:32:08] [INBOUND] Initial +2 ctx.Stalkers, +1 mutants (remaining S=150 M=101)
[15:32:08] [COMBAT] Frank Melnyk 'Razor' killed Bloodsucker using wpn_aksu
[15:32:08] [TASK] Bohdan → GoToShelter (goal=FleeEmission)
[15:32:08] [GOAL] Bohdan achieved FleeEmission
[15:32:08] [TASK] Viktor → GoToShelter (goal=FleeEmission)
[15:32:08] [GOAL] Viktor achieved FleeEmission
[15:32:08] [TASK] Giorgi → GoToShelter (goal=FleeEmission)
[15:32:08] [GOAL] Giorgi achieved FleeEmission
[15:32:08] [TASK] Oleksiy → GoToShelter (goal=FleeEmission)
[15:32:08] [GOAL] Oleksiy achieved FleeEmission
[15:32:08] [TASK] Taras → GoToShelter (goal=FleeEmission)
[15:32:08] [GOAL] Taras achieved FleeEmission
[15:32:08] [TASK] Rustam → GoToShelter (goal=FleeEmission)
[15:32:08] [GOAL] Rustam achieved FleeEmission
[15:32:08] [TASK] Sergei → GoToShelter (goal=FleeEmission)
[15:32:08] [GOAL] Sergei achieved FleeEmission
[15:32:08] [TASK] Pavel → GoToShelter (goal=FleeEmission)
[15:32:08] [GOAL] Pavel achieved FleeEmission
[15:32:08] [TASK] Nikolai → GoToShelter (goal=FleeEmission)
[15:32:08] [GOAL] Nikolai achieved FleeEmission
[15:32:08] [TASK] Oleksiy → GoToShelter (goal=FleeEmission)
[15:32:08] [GOAL] Oleksiy achieved FleeEmission
[15:32:08] [TASK] Serhiy → GoToShelter (goal=FleeEmission)
[15:32:08] [GOAL] Serhiy achieved FleeEmission
[15:32:08] [TASK] Taras → GoToShelter (goal=FleeEmission)
[15:32:08] [GOAL] Taras achieved FleeEmission
[15:32:08] [TASK] Andrei → GoToShelter (goal=FleeEmission)
[15:32:08] [GOAL] Andrei achieved FleeEmission
[15:32:08] [TASK] Dmitri → GoToShelter (goal=FleeEmission)
[15:32:08] [GOAL] Dmitri achieved FleeEmission
[15:32:08] [TASK] Frank → GoToShelter (goal=FleeEmission)
[15:32:08] [GOAL] Frank achieved FleeEmission
[15:32:08] [TASK] Serhiy → GoToShelter (goal=FleeEmission)
[15:32:08] [GOAL] Serhiy achieved FleeEmission
[15:32:08] [TASK] Zura → GoToShelter (goal=FleeEmission)
[15:32:08] [GOAL] Zura achieved FleeEmission
[15:32:11] [INBOUND] Initial +2 ctx.Stalkers, +2 mutants (remaining S=148 M=99)
[15:32:11] [TASK] Bohdan → GoToShelter (goal=FleeEmission)
[15:32:11] [GOAL] Bohdan achieved FleeEmission
[15:32:11] [TASK] Viktor → GoToShelter (goal=FleeEmission)
[15:32:11] [GOAL] Viktor achieved FleeEmission
[15:32:11] [TASK] Giorgi → GoToShelter (goal=FleeEmission)
[15:32:11] [GOAL] Giorgi achieved FleeEmission
[15:32:11] [TASK] Oleksiy → GoToShelter (goal=FleeEmission)
[15:32:11] [GOAL] Oleksiy achieved FleeEmission
[15:32:11] [TASK] Taras → GoToShelter (goal=FleeEmission)
[15:32:11] [GOAL] Taras achieved FleeEmission
[15:32:11] [TASK] Rustam → GoToShelter (goal=FleeEmission)
[15:32:11] [GOAL] Rustam achieved FleeEmission
[15:32:11] [TASK] Sergei → GoToShelter (goal=FleeEmission)
[15:32:11] [GOAL] Sergei achieved FleeEmission
[15:32:11] [TASK] Pavel → GoToShelter (goal=FleeEmission)
[15:32:11] [GOAL] Pavel achieved FleeEmission
[15:32:11] [TASK] Nikolai → GoToShelter (goal=FleeEmission)
[15:32:11] [GOAL] Nikolai achieved FleeEmission
[15:32:11] [TASK] Oleksiy → GoToShelter (goal=FleeEmission)
[15:32:11] [GOAL] Oleksiy achieved FleeEmission
[15:32:11] [TASK] Serhiy → GoToShelter (goal=FleeEmission)
[15:32:11] [GOAL] Serhiy achieved FleeEmission
[15:32:11] [TASK] Taras → GoToShelter (goal=FleeEmission)
[15:32:11] [GOAL] Taras achieved FleeEmission
[15:32:11] [TASK] Andrei → GoToShelter (goal=FleeEmission)
[15:32:11] [GOAL] Andrei achieved FleeEmission
[15:32:11] [TASK] Dmitri → GoToShelter (goal=FleeEmission)
[15:32:11] [GOAL] Dmitri achieved FleeEmission
[15:32:11] [TASK] Frank → GoToShelter (goal=FleeEmission)
[15:32:11] [GOAL] Frank achieved FleeEmission
[15:32:11] [TASK] Serhiy → GoToShelter (goal=FleeEmission)
[15:32:11] [GOAL] Serhiy achieved FleeEmission
[15:32:11] [TASK] Zura → GoToShelter (goal=FleeEmission)
[15:32:11] [GOAL] Zura achieved FleeEmission
[15:32:11] [TASK] Nikolai → GoToShelter (goal=FleeEmission)
[15:32:11] [GOAL] Nikolai achieved FleeEmission
[15:32:11] [TASK] Yuriy → GoToShelter (goal=FleeEmission)
[15:32:11] [GOAL] Yuriy achieved FleeEmission
[15:32:12] [COMBAT] Sergei Petrov 'Viper' killed Lurker using wpn_mp5
[15:32:14] [INBOUND] Initial +2 ctx.Stalkers, +1 mutants (remaining S=146 M=98)
[15:32:14] [CORPSE] Despawned 28 bodies (lifetime=1281)
[15:32:14] [TASK] Bohdan → GoToShelter (goal=FleeEmission)
[15:32:14] [GOAL] Bohdan achieved FleeEmission
[15:32:14] [TASK] Viktor → GoToShelter (goal=FleeEmission)
[15:32:14] [GOAL] Viktor achieved FleeEmission
[15:32:14] [TASK] Giorgi → GoToShelter (goal=FleeEmission)
[15:32:14] [GOAL] Giorgi achieved FleeEmission
[15:32:14] [TASK] Oleksiy → GoToShelter (goal=FleeEmission)
[15:32:14] [GOAL] Oleksiy achieved FleeEmission
[15:32:14] [TASK] Taras → GoToShelter (goal=FleeEmission)
[15:32:14] [GOAL] Taras achieved FleeEmission
[15:32:14] [TASK] Rustam → GoToShelter (goal=FleeEmission)
[15:32:14] [GOAL] Rustam achieved FleeEmission
[15:32:14] [TASK] Sergei → GoToShelter (goal=FleeEmission)
[15:32:14] [GOAL] Sergei achieved FleeEmission
[15:32:14] [TASK] Pavel → GoToShelter (goal=FleeEmission)
[15:32:14] [GOAL] Pavel achieved FleeEmission
[15:32:14] [TASK] Nikolai → GoToShelter (goal=FleeEmission)
[15:32:14] [GOAL] Nikolai achieved FleeEmission
[15:32:14] [TASK] Oleksiy → GoToShelter (goal=FleeEmission)
[15:32:14] [GOAL] Oleksiy achieved FleeEmission
[15:32:14] [TASK] Serhiy → GoToShelter (goal=FleeEmission)
[15:32:14] [GOAL] Serhiy achieved FleeEmission
[15:32:14] [TASK] Taras → GoToShelter (goal=FleeEmission)
[15:32:14] [GOAL] Taras achieved FleeEmission
[15:32:14] [TASK] Andrei → GoToShelter (goal=FleeEmission)
[15:32:14] [GOAL] Andrei achieved FleeEmission
[15:32:14] [TASK] Dmitri → GoToShelter (goal=FleeEmission)
[15:32:14] [GOAL] Dmitri achieved FleeEmission
[15:32:14] [TASK] Frank → GoToShelter (goal=FleeEmission)
[15:32:14] [GOAL] Frank achieved FleeEmission
[15:32:14] [TASK] Serhiy → GoToShelter (goal=FleeEmission)
[15:32:14] [GOAL] Serhiy achieved FleeEmission
[15:32:14] [TASK] Zura → GoToShelter (goal=FleeEmission)
[15:32:14] [GOAL] Zura achieved FleeEmission
[15:32:14] [TASK] Bohdan → GoToShelter (goal=FleeEmission)
[15:32:14] [GOAL] Bohdan achieved FleeEmission
[15:32:15] [COMBAT] Sergei Kovalenko 'Stitch' killed Poltergeist using wpn_vintorez
[15:32:16] [INBOUND] Initial +2 ctx.Stalkers, +2 mutants (remaining S=144 M=96)
[15:32:16] [TASK] Bohdan → GoToShelter (goal=FleeEmission)
[15:32:16] [GOAL] Bohdan achieved FleeEmission
[15:32:16] [TASK] Viktor → GoToShelter (goal=FleeEmission)
[15:32:16] [GOAL] Viktor achieved FleeEmission
[15:32:16] [TASK] Giorgi → GoToShelter (goal=FleeEmission)
[15:32:16] [GOAL] Giorgi achieved FleeEmission
[15:32:16] [TASK] Oleksiy → GoToShelter (goal=FleeEmission)
[15:32:16] [GOAL] Oleksiy achieved FleeEmission
[15:32:16] [TASK] Taras → GoToShelter (goal=FleeEmission)
[15:32:16] [GOAL] Taras achieved FleeEmission
[15:32:17] [TASK] Rustam → GoToShelter (goal=FleeEmission)
[15:32:17] [GOAL] Rustam achieved FleeEmission
[15:32:17] [TASK] Sergei → GoToShelter (goal=FleeEmission)
[15:32:17] [GOAL] Sergei achieved FleeEmission
[15:32:17] [TASK] Pavel → GoToShelter (goal=FleeEmission)
[15:32:17] [GOAL] Pavel achieved FleeEmission
[15:32:17] [TASK] Nikolai → GoToShelter (goal=FleeEmission)
[15:32:17] [GOAL] Nikolai achieved FleeEmission
[15:32:17] [TASK] Oleksiy → GoToShelter (goal=FleeEmission)
[15:32:17] [GOAL] Oleksiy achieved FleeEmission
[15:32:17] [TASK] Serhiy → GoToShelter (goal=FleeEmission)
[15:32:17] [GOAL] Serhiy achieved FleeEmission
[15:32:17] [TASK] Taras → GoToShelter (goal=FleeEmission)
[15:32:17] [GOAL] Taras achieved FleeEmission
[15:32:17] [TASK] Andrei → GoToShelter (goal=FleeEmission)
[15:32:17] [GOAL] Andrei achieved FleeEmission
[15:32:17] [TASK] Dmitri → GoToShelter (goal=FleeEmission)
[15:32:17] [GOAL] Dmitri achieved FleeEmission
[15:32:17] [TASK] Frank → GoToShelter (goal=FleeEmission)
[15:32:17] [GOAL] Frank achieved FleeEmission
[15:32:17] [TASK] Serhiy → GoToShelter (goal=FleeEmission)
[15:32:17] [GOAL] Serhiy achieved FleeEmission
[15:32:17] [TASK] Zura → GoToShelter (goal=FleeEmission)
[15:32:17] [GOAL] Zura achieved FleeEmission
[15:32:17] [TASK] Taras → GoToShelter (goal=FleeEmission)
[15:32:17] [GOAL] Taras achieved FleeEmission
[15:32:19] [COMBAT] Andrei Kovalenko 'Ghost' killed Bloodsucker using wpn_svd
[15:32:19] [COMBAT] Sergei Kovalenko 'Wolf' killed Damir Ivanov 'Shadow' using wpn_ak74
[15:32:19] [GEAR] Sergei looted [wpn_ak74, helm_helm_tactic] via combat
[15:32:19] [INBOUND] Initial +2 ctx.Stalkers, +1 mutants (remaining S=142 M=95)
[15:32:19] [TASK] Bohdan → GoToShelter (goal=FleeEmission)
[15:32:19] [GOAL] Bohdan achieved FleeEmission
[15:32:19] [COMBAT] Nikolai Petrov 'Shadow' killed Boar using wpn_lr300
[15:32:19] [TASK] Viktor → GoToShelter (goal=FleeEmission)
[15:32:19] [GOAL] Viktor achieved FleeEmission
[15:32:19] [TASK] Giorgi → GoToShelter (goal=FleeEmission)
[15:32:19] [GOAL] Giorgi achieved FleeEmission
[15:32:19] [TASK] Oleksiy → GoToShelter (goal=FleeEmission)
[15:32:19] [GOAL] Oleksiy achieved FleeEmission
[15:32:19] [TASK] Taras → GoToShelter (goal=FleeEmission)
[15:32:19] [GOAL] Taras achieved FleeEmission
[15:32:19] [TASK] Rustam → GoToShelter (goal=FleeEmission)
[15:32:19] [GOAL] Rustam achieved FleeEmission
[15:32:19] [TASK] Sergei → GoToShelter (goal=FleeEmission)
[15:32:19] [GOAL] Sergei achieved FleeEmission
[15:32:19] [TASK] Pavel → GoToShelter (goal=FleeEmission)
[15:32:19] [GOAL] Pavel achieved FleeEmission
[15:32:19] [TASK] Nikolai → GoToShelter (goal=FleeEmission)
[15:32:19] [GOAL] Nikolai achieved FleeEmission
[15:32:19] [TASK] Oleksiy → GoToShelter (goal=FleeEmission)
[15:32:19] [GOAL] Oleksiy achieved FleeEmission
[15:32:19] [TASK] Serhiy → GoToShelter (goal=FleeEmission)
[15:32:19] [GOAL] Serhiy achieved FleeEmission
[15:32:19] [TASK] Taras → GoToShelter (goal=FleeEmission)
[15:32:19] [GOAL] Taras achieved FleeEmission
[15:32:19] [TASK] Andrei → GoToShelter (goal=FleeEmission)
[15:32:19] [GOAL] Andrei achieved FleeEmission
[15:32:19] [TASK] Dmitri → GoToShelter (goal=FleeEmission)
[15:32:19] [GOAL] Dmitri achieved FleeEmission
[15:32:19] [TASK] Frank → GoToShelter (goal=FleeEmission)
[15:32:19] [GOAL] Frank achieved FleeEmission
[15:32:19] [TASK] Serhiy → GoToShelter (goal=FleeEmission)
[15:32:19] [GOAL] Serhiy achieved FleeEmission
[15:32:19] [TASK] Zura → GoToShelter (goal=FleeEmission)
[15:32:19] [GOAL] Zura achieved FleeEmission
[15:32:19] [TASK] Alibek → GoToShelter (goal=FleeEmission)
[15:32:19] [GOAL] Alibek achieved FleeEmission
[15:32:22] [INBOUND] Initial +2 ctx.Stalkers, +1 mutants (remaining S=140 M=94)
[15:32:22] [COMBAT] Pavel Petrov 'Razor' killed Pseudodog using wpn_g36
[15:32:22] [TASK] Pavel → GoToShelter (goal=FleeEmission)
[15:32:22] [GOAL] Pavel achieved FleeEmission
[15:32:22] [TASK] Nikolai → GoToShelter (goal=FleeEmission)
[15:32:22] [GOAL] Nikolai achieved FleeEmission
[15:32:22] [TASK] Oleksiy → GoToShelter (goal=FleeEmission)
[15:32:22] [GOAL] Oleksiy achieved FleeEmission
[15:32:22] [TASK] Serhiy → GoToShelter (goal=FleeEmission)
[15:32:22] [GOAL] Serhiy achieved FleeEmission
[15:32:22] [TASK] Taras → GoToShelter (goal=FleeEmission)
[15:32:22] [GOAL] Taras achieved FleeEmission
[15:32:22] [TASK] Andrei → GoToShelter (goal=FleeEmission)
[15:32:22] [GOAL] Andrei achieved FleeEmission
[15:32:22] [TASK] Dmitri → GoToShelter (goal=FleeEmission)
[15:32:22] [GOAL] Dmitri achieved FleeEmission
[15:32:22] [TASK] Frank → GoToShelter (goal=FleeEmission)
[15:32:22] [GOAL] Frank achieved FleeEmission
[15:32:22] [TASK] Serhiy → GoToShelter (goal=FleeEmission)
[15:32:22] [GOAL] Serhiy achieved FleeEmission
[15:32:22] [TASK] Zura → GoToShelter (goal=FleeEmission)
[15:32:22] [GOAL] Zura achieved FleeEmission
[15:32:22] [TASK] Lasha → GoToShelter (goal=FleeEmission)
[15:32:22] [GOAL] Lasha achieved FleeEmission
[15:32:22] [TASK] Bohdan → GoToShelter (goal=FleeEmission)
[15:32:22] [GOAL] Bohdan achieved FleeEmission
[15:32:22] [TASK] Viktor → GoToShelter (goal=FleeEmission)
[15:32:22] [GOAL] Viktor achieved FleeEmission
[15:32:22] [TASK] Giorgi → GoToShelter (goal=FleeEmission)
[15:32:22] [GOAL] Giorgi achieved FleeEmission
[15:32:23] [TASK] Oleksiy → GoToShelter (goal=FleeEmission)
[15:32:23] [GOAL] Oleksiy achieved FleeEmission
[15:32:23] [TASK] Taras → GoToShelter (goal=FleeEmission)
[15:32:23] [GOAL] Taras achieved FleeEmission
[15:32:23] [TASK] Rustam → GoToShelter (goal=FleeEmission)
[15:32:23] [GOAL] Rustam achieved FleeEmission
[15:32:23] [TASK] Sergei → GoToShelter (goal=FleeEmission)
[15:32:23] [GOAL] Sergei achieved FleeEmission
[15:32:25] [INBOUND] Initial +3 ctx.Stalkers, +2 mutants (remaining S=137 M=92)
[15:32:25] [COMBAT] Nikolai Volkov 'Wolf' killed Snork using wpn_toz34
[15:32:26] [INBOUND] Initial +2 ctx.Stalkers, +1 mutants (remaining S=135 M=91)
[15:32:26] [SNAPSHOT] real=17.6min game=D0 01:05 alive S=260 M=285 corpses=532 lootable=268 gammaGear out=128 helm=217 avgRU=857 leaderGoals trade=0 mission=24 emission=Dormant nextIn=11gmin desperate=0 hungry=0 interval deaths=15 combats=29 tasks=182 gearLoot=1 gearBuy=0 missions=0 corpseDespawn=28 trickleSpawns=0 ranks=[Rookie:252,Trainee:6,Experienced:1,Professional:1] goals=[Idle:117,FleeEmission::24] leaders: Andriy[Rookie/Idle], Bohdan[Rookie/FleeEmission:], Oleg[Rookie/Idle], Mikhail[Rookie/Idle], Andriy[Rookie/Idle]
[15:32:27] [INBOUND] Initial +2 ctx.Stalkers, +2 mutants (remaining S=133 M=89)
[15:32:27] [TASK] Bohdan → GoToShelter (goal=FleeEmission)
[15:32:27] [GOAL] Bohdan achieved FleeEmission
[15:32:27] [TASK] Viktor → GoToShelter (goal=FleeEmission)
[15:32:27] [GOAL] Viktor achieved FleeEmission
[15:32:27] [TASK] Giorgi → GoToShelter (goal=FleeEmission)
[15:32:27] [GOAL] Giorgi achieved FleeEmission
[15:32:27] [TASK] Oleksiy → GoToShelter (goal=FleeEmission)
[15:32:27] [GOAL] Oleksiy achieved FleeEmission
[15:32:27] [TASK] Taras → GoToShelter (goal=FleeEmission)
[15:32:27] [GOAL] Taras achieved FleeEmission
[15:32:27] [TASK] Rustam → GoToShelter (goal=FleeEmission)
[15:32:27] [GOAL] Rustam achieved FleeEmission
[15:32:27] [TASK] Sergei → GoToShelter (goal=FleeEmission)
[15:32:27] [GOAL] Sergei achieved FleeEmission
[15:32:27] [TASK] Andriy → GoToShelter (goal=FleeEmission)
[15:32:27] [GOAL] Andriy achieved FleeEmission
[15:32:27] [TASK] Pavel → GoToShelter (goal=FleeEmission)
[15:32:27] [GOAL] Pavel achieved FleeEmission
[15:32:27] [TASK] Nikolai → GoToShelter (goal=FleeEmission)
[15:32:27] [GOAL] Nikolai achieved FleeEmission
[15:32:27] [TASK] Oleksiy → GoToShelter (goal=FleeEmission)
[15:32:27] [GOAL] Oleksiy achieved FleeEmission
[15:32:27] [TASK] Serhiy → GoToShelter (goal=FleeEmission)
[15:32:27] [GOAL] Serhiy achieved FleeEmission
[15:32:27] [TASK] Taras → GoToShelter (goal=FleeEmission)
[15:32:27] [GOAL] Taras achieved FleeEmission
[15:32:27] [TASK] Andrei → GoToShelter (goal=FleeEmission)
[15:32:27] [GOAL] Andrei achieved FleeEmission
[15:32:27] [TASK] Dmitri → GoToShelter (goal=FleeEmission)
[15:32:27] [GOAL] Dmitri achieved FleeEmission
[15:32:27] [TASK] Frank → GoToShelter (goal=FleeEmission)
[15:32:27] [GOAL] Frank achieved FleeEmission
[15:32:27] [TASK] Serhiy → GoToShelter (goal=FleeEmission)
[15:32:27] [GOAL] Serhiy achieved FleeEmission
[15:32:27] [TASK] Zura → GoToShelter (goal=FleeEmission)
[15:32:27] [GOAL] Zura achieved FleeEmission
[15:32:27] [TASK] Sergei → GoToShelter (goal=FleeEmission)
[15:32:27] [GOAL] Sergei achieved FleeEmission
[15:32:27] [TASK] Andrei → GoToShelter (goal=FleeEmission)
[15:32:27] [GOAL] Andrei achieved FleeEmission
[15:32:27] [TASK] Lasha → GoToShelter (goal=FleeEmission)
[15:32:27] [GOAL] Lasha achieved FleeEmission
[15:32:27] [TASK] Damir → GoToShelter (goal=FleeEmission)
[15:32:27] [GOAL] Damir achieved FleeEmission
[15:32:30] [INBOUND] Initial +2 ctx.Stalkers, +1 mutants (remaining S=131 M=88)
[15:32:30] [TASK] Bohdan → GoToShelter (goal=FleeEmission)
[15:32:30] [GOAL] Bohdan achieved FleeEmission
[15:32:30] [TASK] Viktor → GoToShelter (goal=FleeEmission)
[15:32:30] [GOAL] Viktor achieved FleeEmission
[15:32:30] [TASK] Giorgi → GoToShelter (goal=FleeEmission)
[15:32:30] [GOAL] Giorgi achieved FleeEmission
[15:32:30] [TASK] Oleksiy → GoToShelter (goal=FleeEmission)
[15:32:30] [GOAL] Oleksiy achieved FleeEmission
[15:32:30] [TASK] Taras → GoToShelter (goal=FleeEmission)
[15:32:30] [GOAL] Taras achieved FleeEmission
[15:32:30] [TASK] Rustam → GoToShelter (goal=FleeEmission)
[15:32:30] [GOAL] Rustam achieved FleeEmission
[15:32:30] [TASK] Sergei → GoToShelter (goal=FleeEmission)
[15:32:30] [GOAL] Sergei achieved FleeEmission
[15:32:30] [TASK] Pavel → GoToShelter (goal=FleeEmission)
[15:32:30] [GOAL] Pavel achieved FleeEmission
[15:32:30] [TASK] Nikolai → GoToShelter (goal=FleeEmission)
[15:32:30] [GOAL] Nikolai achieved FleeEmission
[15:32:30] [TASK] Oleksiy → GoToShelter (goal=FleeEmission)
[15:32:30] [GOAL] Oleksiy achieved FleeEmission
[15:32:30] [TASK] Serhiy → GoToShelter (goal=FleeEmission)
[15:32:30] [GOAL] Serhiy achieved FleeEmission
[15:32:30] [TASK] Taras → GoToShelter (goal=FleeEmission)
[15:32:30] [GOAL] Taras achieved FleeEmission
[15:32:30] [TASK] Andrei → GoToShelter (goal=FleeEmission)
[15:32:30] [GOAL] Andrei achieved FleeEmission
[15:32:30] [TASK] Dmitri → GoToShelter (goal=FleeEmission)
[15:32:30] [GOAL] Dmitri achieved FleeEmission
[15:32:30] [TASK] Frank → GoToShelter (goal=FleeEmission)
[15:32:30] [GOAL] Frank achieved FleeEmission
[15:32:30] [TASK] Serhiy → GoToShelter (goal=FleeEmission)
[15:32:30] [GOAL] Serhiy achieved FleeEmission
[15:32:30] [TASK] Zura → GoToShelter (goal=FleeEmission)
[15:32:30] [GOAL] Zura achieved FleeEmission
[15:32:30] [TASK] Lasha → GoToShelter (goal=FleeEmission)
[15:32:30] [GOAL] Lasha achieved FleeEmission
[15:32:30] [TASK] Damir → GoToShelter (goal=FleeEmission)
[15:32:30] [GOAL] Damir achieved FleeEmission
[15:32:32] [COMBAT] Nikolai Sokolov 'Stitch' killed Snork using wpn_vintorez
[15:32:32] [COMBAT] Damir Petrenko 'Scar' killed Flesh using wpn_ak74
[15:32:33] [INBOUND] Initial +2 ctx.Stalkers, +1 mutants (remaining S=129 M=87)
[15:32:33] [TASK] Bohdan → GoToShelter (goal=FleeEmission)
[15:32:33] [GOAL] Bohdan achieved FleeEmission
[15:32:33] [TASK] Viktor → GoToShelter (goal=FleeEmission)
[15:32:33] [GOAL] Viktor achieved FleeEmission
[15:32:33] [TASK] Giorgi → GoToShelter (goal=FleeEmission)
[15:32:33] [GOAL] Giorgi achieved FleeEmission
[15:32:33] [TASK] Oleksiy → GoToShelter (goal=FleeEmission)
[15:32:33] [GOAL] Oleksiy achieved FleeEmission
[15:32:33] [TASK] Taras → GoToShelter (goal=FleeEmission)
[15:32:33] [GOAL] Taras achieved FleeEmission
[15:32:33] [TASK] Rustam → GoToShelter (goal=FleeEmission)
[15:32:33] [GOAL] Rustam achieved FleeEmission
[15:32:33] [TASK] Sergei → GoToShelter (goal=FleeEmission)
[15:32:33] [GOAL] Sergei achieved FleeEmission
[15:32:33] [TASK] Pavel → GoToShelter (goal=FleeEmission)
[15:32:33] [GOAL] Pavel achieved FleeEmission
[15:32:33] [TASK] Nikolai → GoToShelter (goal=FleeEmission)
[15:32:33] [GOAL] Nikolai achieved FleeEmission
[15:32:33] [TASK] Oleksiy → GoToShelter (goal=FleeEmission)
[15:32:33] [GOAL] Oleksiy achieved FleeEmission
[15:32:33] [TASK] Serhiy → GoToShelter (goal=FleeEmission)
[15:32:33] [GOAL] Serhiy achieved FleeEmission
[15:32:33] [TASK] Taras → GoToShelter (goal=FleeEmission)
[15:32:33] [GOAL] Taras achieved FleeEmission
[15:32:33] [TASK] Andrei → GoToShelter (goal=FleeEmission)
[15:32:33] [GOAL] Andrei achieved FleeEmission
[15:32:33] [TASK] Dmitri → GoToShelter (goal=FleeEmission)
[15:32:33] [GOAL] Dmitri achieved FleeEmission
[15:32:33] [TASK] Frank → GoToShelter (goal=FleeEmission)
[15:32:33] [GOAL] Frank achieved FleeEmission
[15:32:33] [TASK] Serhiy → GoToShelter (goal=FleeEmission)
[15:32:33] [GOAL] Serhiy achieved FleeEmission
[15:32:33] [TASK] Zura → GoToShelter (goal=FleeEmission)
[15:32:33] [GOAL] Zura achieved FleeEmission
[15:32:33] [TASK] Oleg → GoToShelter (goal=FleeEmission)
[15:32:33] [GOAL] Oleg achieved FleeEmission
[15:32:33] [TASK] Lasha → GoToShelter (goal=FleeEmission)
[15:32:33] [GOAL] Lasha achieved FleeEmission
[15:32:33] [TASK] Damir → GoToShelter (goal=FleeEmission)
[15:32:33] [GOAL] Damir achieved FleeEmission
[15:32:33] [TASK] Ivan → GoToShelter (goal=FleeEmission)
[15:32:33] [GOAL] Ivan achieved FleeEmission
[15:32:36] [INBOUND] Initial +2 ctx.Stalkers, +2 mutants (remaining S=127 M=85)
[15:32:36] [TASK] Bohdan → GoToShelter (goal=FleeEmission)
[15:32:36] [GOAL] Bohdan achieved FleeEmission
[15:32:36] [TASK] Viktor → GoToShelter (goal=FleeEmission)
[15:32:36] [GOAL] Viktor achieved FleeEmission
[15:32:36] [TASK] Giorgi → GoToShelter (goal=FleeEmission)
[15:32:36] [GOAL] Giorgi achieved FleeEmission
[15:32:36] [TASK] Oleksiy → GoToShelter (goal=FleeEmission)
[15:32:36] [GOAL] Oleksiy achieved FleeEmission
[15:32:36] [TASK] Taras → GoToShelter (goal=FleeEmission)
[15:32:36] [GOAL] Taras achieved FleeEmission
[15:32:36] [TASK] Rustam → GoToShelter (goal=FleeEmission)
[15:32:36] [GOAL] Rustam achieved FleeEmission
[15:32:36] [TASK] Sergei → GoToShelter (goal=FleeEmission)
[15:32:36] [GOAL] Sergei achieved FleeEmission
[15:32:36] [TASK] Pavel → GoToShelter (goal=FleeEmission)
[15:32:36] [GOAL] Pavel achieved FleeEmission
[15:32:36] [TASK] Nikolai → GoToShelter (goal=FleeEmission)
[15:32:36] [GOAL] Nikolai achieved FleeEmission
[15:32:36] [TASK] Oleksiy → GoToShelter (goal=FleeEmission)
[15:32:36] [GOAL] Oleksiy achieved FleeEmission
[15:32:36] [TASK] Serhiy → GoToShelter (goal=FleeEmission)
[15:32:36] [GOAL] Serhiy achieved FleeEmission
[15:32:36] [TASK] Taras → GoToShelter (goal=FleeEmission)
[15:32:36] [GOAL] Taras achieved FleeEmission
[15:32:36] [TASK] Andrei → GoToShelter (goal=FleeEmission)
[15:32:36] [GOAL] Andrei achieved FleeEmission
[15:32:36] [TASK] Dmitri → GoToShelter (goal=FleeEmission)
[15:32:36] [GOAL] Dmitri achieved FleeEmission
[15:32:36] [TASK] Frank → GoToShelter (goal=FleeEmission)
[15:32:36] [GOAL] Frank achieved FleeEmission
[15:32:36] [TASK] Serhiy → GoToShelter (goal=FleeEmission)
[15:32:36] [GOAL] Serhiy achieved FleeEmission
[15:32:36] [TASK] Zura → GoToShelter (goal=FleeEmission)
[15:32:36] [GOAL] Zura achieved FleeEmission
[15:32:36] [TASK] Lasha → GoToShelter (goal=FleeEmission)
[15:32:36] [GOAL] Lasha achieved FleeEmission
[15:32:36] [TASK] Damir → GoToShelter (goal=FleeEmission)
[15:32:36] [GOAL] Damir achieved FleeEmission
[15:32:39] [COMBAT] Igor Ivanov 'Shadow' killed Zura Kovalenko 'Phantom' using wpn_ak74
[15:32:39] [GEAR] Igor looted [helm_helm_respirator] via combat
[15:32:39] [TASK] Lasha → GoToShelter (goal=FleeEmission)
[15:32:39] [GOAL] Lasha achieved FleeEmission
[15:32:39] [TASK] Damir → GoToShelter (goal=FleeEmission)
[15:32:39] [GOAL] Damir achieved FleeEmission
[15:32:39] [TASK] Heinrich → GoToShelter (goal=FleeEmission)
[15:32:39] [GOAL] Heinrich achieved FleeEmission
[15:32:39] [INBOUND] Initial +2 ctx.Stalkers, +1 mutants (remaining S=125 M=84)
[15:32:39] [CORPSE] Despawned 31 bodies (lifetime=1312)
[15:32:39] [TASK] Bohdan → GoToShelter (goal=FleeEmission)
[15:32:39] [GOAL] Bohdan achieved FleeEmission
[15:32:39] [TASK] Viktor → GoToShelter (goal=FleeEmission)
[15:32:39] [GOAL] Viktor achieved FleeEmission
[15:32:39] [TASK] Giorgi → GoToShelter (goal=FleeEmission)
[15:32:39] [GOAL] Giorgi achieved FleeEmission
[15:32:39] [TASK] Oleksiy → GoToShelter (goal=FleeEmission)
[15:32:39] [GOAL] Oleksiy achieved FleeEmission
[15:32:39] [TASK] Taras → GoToShelter (goal=FleeEmission)
[15:32:39] [GOAL] Taras achieved FleeEmission
[15:32:39] [TASK] Rustam → GoToShelter (goal=FleeEmission)
[15:32:39] [GOAL] Rustam achieved FleeEmission
[15:32:39] [TASK] Sergei → GoToShelter (goal=FleeEmission)
[15:32:39] [GOAL] Sergei achieved FleeEmission
[15:32:39] [TASK] Pavel → GoToShelter (goal=FleeEmission)
[15:32:39] [GOAL] Pavel achieved FleeEmission
[15:32:39] [TASK] Nikolai → GoToShelter (goal=FleeEmission)
[15:32:39] [GOAL] Nikolai achieved FleeEmission
[15:32:39] [TASK] Oleksiy → GoToShelter (goal=FleeEmission)
[15:32:39] [GOAL] Oleksiy achieved FleeEmission
[15:32:39] [TASK] Serhiy → GoToShelter (goal=FleeEmission)
[15:32:39] [GOAL] Serhiy achieved FleeEmission
[15:32:39] [TASK] Taras → GoToShelter (goal=FleeEmission)
[15:32:39] [GOAL] Taras achieved FleeEmission
[15:32:39] [COMBAT] Dmitri Ivanov 'Ash' killed Burer using wpn_pkm
[15:32:39] [TASK] Dmitri → GoToShelter (goal=FleeEmission)
[15:32:39] [GOAL] Dmitri achieved FleeEmission
[15:32:39] [TASK] Frank → GoToShelter (goal=FleeEmission)
[15:32:39] [GOAL] Frank achieved FleeEmission
[15:32:39] [TASK] Serhiy → GoToShelter (goal=FleeEmission)
[15:32:39] [GOAL] Serhiy achieved FleeEmission
[15:32:42] [COMBAT] Bakhyt Bondarenko 'Fox' killed Fracture using wpn_val
[15:32:42] [INBOUND] Initial +2 ctx.Stalkers, +2 mutants (remaining S=123 M=82)
[15:32:42] [COMBAT] Nikolai Popov 'Bullet' killed Snork using wpn_aksu
[15:32:43] [INBOUND] Initial +2 ctx.Stalkers, +1 mutants (remaining S=121 M=81)
[15:32:44] [INBOUND] Initial +2 ctx.Stalkers, +1 mutants (remaining S=119 M=80)
[15:32:44] [TASK] Bohdan → GoToShelter (goal=FleeEmission)
[15:32:44] [GOAL] Bohdan achieved FleeEmission
[15:32:44] [TASK] Viktor → GoToShelter (goal=FleeEmission)
[15:32:44] [GOAL] Viktor achieved FleeEmission
[15:32:44] [TASK] Giorgi → GoToShelter (goal=FleeEmission)
[15:32:44] [GOAL] Giorgi achieved FleeEmission
[15:32:44] [TASK] Oleksiy → GoToShelter (goal=FleeEmission)
[15:32:44] [GOAL] Oleksiy achieved FleeEmission
[15:32:44] [TASK] Taras → GoToShelter (goal=FleeEmission)
[15:32:44] [GOAL] Taras achieved FleeEmission
[15:32:44] [TASK] Rustam → GoToShelter (goal=FleeEmission)
[15:32:44] [GOAL] Rustam achieved FleeEmission
[15:32:44] [TASK] Sergei → GoToShelter (goal=FleeEmission)
[15:32:44] [GOAL] Sergei achieved FleeEmission
[15:32:44] [TASK] Pavel → GoToShelter (goal=FleeEmission)
[15:32:44] [GOAL] Pavel achieved FleeEmission
[15:32:44] [TASK] Nikolai → GoToShelter (goal=FleeEmission)
[15:32:44] [GOAL] Nikolai achieved FleeEmission
[15:32:44] [TASK] Oleksiy → GoToShelter (goal=FleeEmission)
[15:32:44] [GOAL] Oleksiy achieved FleeEmission
[15:32:44] [TASK] Serhiy → GoToShelter (goal=FleeEmission)
[15:32:44] [GOAL] Serhiy achieved FleeEmission
[15:32:44] [TASK] Taras → GoToShelter (goal=FleeEmission)
[15:32:44] [GOAL] Taras achieved FleeEmission
[15:32:44] [TASK] Dmitri → GoToShelter (goal=FleeEmission)
[15:32:44] [GOAL] Dmitri achieved FleeEmission
[15:32:44] [TASK] Frank → GoToShelter (goal=FleeEmission)
[15:32:44] [GOAL] Frank achieved FleeEmission
[15:32:44] [TASK] Serhiy → GoToShelter (goal=FleeEmission)
[15:32:44] [GOAL] Serhiy achieved FleeEmission
[15:32:44] [TASK] Mykola → GoToShelter (goal=FleeEmission)
[15:32:44] [GOAL] Mykola achieved FleeEmission
[15:32:44] [TASK] Lasha → GoToShelter (goal=FleeEmission)
[15:32:44] [GOAL] Lasha achieved FleeEmission
[15:32:44] [TASK] Vasyl → GoToShelter (goal=FleeEmission)
[15:32:44] [GOAL] Vasyl achieved FleeEmission
[15:32:44] [TASK] Damir → GoToShelter (goal=FleeEmission)
[15:32:44] [GOAL] Damir achieved FleeEmission
[15:32:44] [TASK] Andriy → GoToShelter (goal=FleeEmission)
[15:32:44] [GOAL] Andriy achieved FleeEmission
[15:32:44] [TASK] Taras → GoToShelter (goal=FleeEmission)
[15:32:44] [GOAL] Taras achieved FleeEmission
[15:32:44] [TASK] Serhiy → GoToShelter (goal=FleeEmission)
[15:32:44] [GOAL] Serhiy achieved FleeEmission
[15:32:44] [TASK] Sean → GoToShelter (goal=FleeEmission)
[15:32:44] [GOAL] Sean achieved FleeEmission
[15:32:45] [COMBAT] Marcus Kovalenko 'Spark' killed PsyDog using wpn_gauss
[15:32:46] [COMBAT] Andriy Popov 'Badger' killed Snork using wpn_ak74
[15:32:47] [INBOUND] Initial +2 ctx.Stalkers, +2 mutants (remaining S=117 M=78)
[15:32:48] [INBOUND] Initial +2 ctx.Stalkers, +1 mutants (remaining S=115 M=77)
[15:32:48] [TASK] Bohdan → GoToShelter (goal=FleeEmission)
[15:32:48] [GOAL] Bohdan achieved FleeEmission
[15:32:48] [TASK] Viktor → GoToShelter (goal=FleeEmission)
[15:32:48] [GOAL] Viktor achieved FleeEmission
[15:32:48] [TASK] Giorgi → GoToShelter (goal=FleeEmission)
[15:32:48] [GOAL] Giorgi achieved FleeEmission
[15:32:48] [TASK] Oleksiy → GoToShelter (goal=FleeEmission)
[15:32:48] [GOAL] Oleksiy achieved FleeEmission
[15:32:48] [TASK] Taras → GoToShelter (goal=FleeEmission)
[15:32:48] [GOAL] Taras achieved FleeEmission
[15:32:48] [TASK] Rustam → GoToShelter (goal=FleeEmission)
[15:32:48] [GOAL] Rustam achieved FleeEmission
[15:32:48] [TASK] Sergei → GoToShelter (goal=FleeEmission)
[15:32:48] [GOAL] Sergei achieved FleeEmission
[15:32:48] [TASK] Pavel → GoToShelter (goal=FleeEmission)
[15:32:48] [GOAL] Pavel achieved FleeEmission
[15:32:48] [TASK] Nikolai → GoToShelter (goal=FleeEmission)
[15:32:48] [GOAL] Nikolai achieved FleeEmission
[15:32:48] [TASK] Oleksiy → GoToShelter (goal=FleeEmission)
[15:32:48] [GOAL] Oleksiy achieved FleeEmission
[15:32:48] [TASK] Serhiy → GoToShelter (goal=FleeEmission)
[15:32:48] [GOAL] Serhiy achieved FleeEmission
[15:32:48] [TASK] Taras → GoToShelter (goal=FleeEmission)
[15:32:48] [GOAL] Taras achieved FleeEmission
[15:32:48] [TASK] Dmitri → GoToShelter (goal=FleeEmission)
[15:32:48] [GOAL] Dmitri achieved FleeEmission
[15:32:48] [TASK] Frank → GoToShelter (goal=FleeEmission)
[15:32:48] [GOAL] Frank achieved FleeEmission
[15:32:48] [TASK] Serhiy → GoToShelter (goal=FleeEmission)
[15:32:48] [GOAL] Serhiy achieved FleeEmission
[15:32:48] [TASK] Lasha → GoToShelter (goal=FleeEmission)
[15:32:48] [GOAL] Lasha achieved FleeEmission
[15:32:48] [TASK] Damir → GoToShelter (goal=FleeEmission)
[15:32:48] [GOAL] Damir achieved FleeEmission
[15:32:48] [TASK] Serhiy → GoToShelter (goal=FleeEmission)
[15:32:48] [GOAL] Serhiy achieved FleeEmission
[15:32:48] [TASK] Sean → GoToShelter (goal=FleeEmission)
[15:32:48] [GOAL] Sean achieved FleeEmission
[15:32:48] [TASK] Nodar → GoToShelter (goal=FleeEmission)
[15:32:48] [GOAL] Nodar achieved FleeEmission
[15:32:48] [TASK] Igor → GoToShelter (goal=FleeEmission)
[15:32:48] [GOAL] Igor achieved FleeEmission
[15:32:50] [COMBAT] Andriy Bondarenko 'Razor' killed Fracture using wpn_aksu
[15:32:51] [INBOUND] Initial +2 ctx.Stalkers, +1 mutants (remaining S=113 M=76)
[15:32:51] [COMBAT] Igor Ivanov 'Shadow' killed Flesh using wpn_ak74
[15:32:52] [INBOUND] Initial +3 ctx.Stalkers, +2 mutants (remaining S=110 M=74)
[15:32:52] [TASK] Bohdan → GoToShelter (goal=FleeEmission)
[15:32:52] [GOAL] Bohdan achieved FleeEmission
[15:32:52] [TASK] Viktor → GoToShelter (goal=FleeEmission)
[15:32:52] [GOAL] Viktor achieved FleeEmission
[15:32:52] [TASK] Giorgi → GoToShelter (goal=FleeEmission)
[15:32:52] [GOAL] Giorgi achieved FleeEmission
[15:32:52] [TASK] Oleksiy → GoToShelter (goal=FleeEmission)
[15:32:52] [GOAL] Oleksiy achieved FleeEmission
[15:32:52] [TASK] Taras → GoToShelter (goal=FleeEmission)
[15:32:52] [GOAL] Taras achieved FleeEmission
[15:32:52] [TASK] Rustam → GoToShelter (goal=FleeEmission)
[15:32:52] [GOAL] Rustam achieved FleeEmission
[15:32:52] [TASK] Pavel → GoToShelter (goal=FleeEmission)
[15:32:52] [GOAL] Pavel achieved FleeEmission
[15:32:52] [TASK] Nikolai → GoToShelter (goal=FleeEmission)
[15:32:52] [GOAL] Nikolai achieved FleeEmission
[15:32:52] [TASK] Oleksiy → GoToShelter (goal=FleeEmission)
[15:32:52] [GOAL] Oleksiy achieved FleeEmission
[15:32:52] [TASK] Serhiy → GoToShelter (goal=FleeEmission)
[15:32:52] [GOAL] Serhiy achieved FleeEmission
[15:32:52] [TASK] Taras → GoToShelter (goal=FleeEmission)
[15:32:52] [GOAL] Taras achieved FleeEmission
[15:32:52] [TASK] Dmitri → GoToShelter (goal=FleeEmission)
[15:32:52] [GOAL] Dmitri achieved FleeEmission
[15:32:52] [TASK] Frank → GoToShelter (goal=FleeEmission)
[15:32:52] [GOAL] Frank achieved FleeEmission
[15:32:52] [TASK] Serhiy → GoToShelter (goal=FleeEmission)
[15:32:52] [GOAL] Serhiy achieved FleeEmission
[15:32:52] [TASK] Lasha → GoToShelter (goal=FleeEmission)
[15:32:52] [GOAL] Lasha achieved FleeEmission
[15:32:52] [TASK] Damir → GoToShelter (goal=FleeEmission)
[15:32:52] [GOAL] Damir achieved FleeEmission
[15:32:52] [TASK] Serhiy → GoToShelter (goal=FleeEmission)
[15:32:52] [GOAL] Serhiy achieved FleeEmission
[15:32:52] [TASK] Sean → GoToShelter (goal=FleeEmission)
[15:32:52] [GOAL] Sean achieved FleeEmission
[15:32:52] [TASK] Igor → GoToShelter (goal=FleeEmission)
[15:32:52] [GOAL] Igor achieved FleeEmission
[15:32:52] [TASK] Dmytro → GoToShelter (goal=FleeEmission)
[15:32:52] [GOAL] Dmytro achieved FleeEmission
[15:32:52] [TASK] Taras → GoToShelter (goal=FleeEmission)
[15:32:52] [GOAL] Taras achieved FleeEmission
[15:32:55] [INBOUND] Initial +2 ctx.Stalkers, +1 mutants (remaining S=108 M=73)
[15:32:55] [TASK] Bohdan → GoToShelter (goal=FleeEmission)
[15:32:55] [GOAL] Bohdan achieved FleeEmission
[15:32:55] [TASK] Viktor → GoToShelter (goal=FleeEmission)
[15:32:55] [GOAL] Viktor achieved FleeEmission
[15:32:55] [TASK] Giorgi → GoToShelter (goal=FleeEmission)
[15:32:55] [GOAL] Giorgi achieved FleeEmission
[15:32:55] [TASK] Oleksiy → GoToShelter (goal=FleeEmission)
[15:32:55] [GOAL] Oleksiy achieved FleeEmission
[15:32:55] [TASK] Taras → GoToShelter (goal=FleeEmission)
[15:32:55] [GOAL] Taras achieved FleeEmission
[15:32:55] [TASK] Rustam → GoToShelter (goal=FleeEmission)
[15:32:55] [GOAL] Rustam achieved FleeEmission
[15:32:55] [TASK] Pavel → GoToShelter (goal=FleeEmission)
[15:32:55] [GOAL] Pavel achieved FleeEmission
[15:32:55] [TASK] Nikolai → GoToShelter (goal=FleeEmission)
[15:32:55] [GOAL] Nikolai achieved FleeEmission
[15:32:55] [TASK] Oleksiy → GoToShelter (goal=FleeEmission)
[15:32:55] [GOAL] Oleksiy achieved FleeEmission
[15:32:55] [TASK] Serhiy → GoToShelter (goal=FleeEmission)
[15:32:55] [GOAL] Serhiy achieved FleeEmission
[15:32:55] [TASK] Taras → GoToShelter (goal=FleeEmission)
[15:32:55] [GOAL] Taras achieved FleeEmission
[15:32:55] [TASK] Dmitri → GoToShelter (goal=FleeEmission)
[15:32:55] [GOAL] Dmitri achieved FleeEmission
[15:32:55] [TASK] Frank → GoToShelter (goal=FleeEmission)
[15:32:55] [GOAL] Frank achieved FleeEmission
[15:32:55] [TASK] Serhiy → GoToShelter (goal=FleeEmission)
[15:32:55] [GOAL] Serhiy achieved FleeEmission
[15:32:55] [TASK] Lasha → GoToShelter (goal=FleeEmission)
[15:32:55] [GOAL] Lasha achieved FleeEmission
[15:32:55] [TASK] Damir → GoToShelter (goal=FleeEmission)
[15:32:55] [GOAL] Damir achieved FleeEmission
[15:32:55] [TASK] Serhiy → GoToShelter (goal=FleeEmission)
[15:32:55] [GOAL] Serhiy achieved FleeEmission
[15:32:55] [TASK] Sean → GoToShelter (goal=FleeEmission)
[15:32:55] [GOAL] Sean achieved FleeEmission
[15:32:55] [TASK] Igor → GoToShelter (goal=FleeEmission)
[15:32:55] [GOAL] Igor achieved FleeEmission
[15:32:55] [TASK] Taras → GoToShelter (goal=FleeEmission)
[15:32:55] [GOAL] Taras achieved FleeEmission
[15:32:55] [TASK] Serhiy → GoToShelter (goal=FleeEmission)
[15:32:55] [GOAL] Serhiy achieved FleeEmission
[15:32:58] [COMBAT] Mykola Bondarenko 'Scar' killed Snork using wpn_aksu
[15:32:58] [INBOUND] Initial +2 ctx.Stalkers, +2 mutants (remaining S=106 M=71)
[15:32:58] [SNAPSHOT] real=18.1min game=D0 01:06 alive S=279 M=295 corpses=521 lootable=262 gammaGear out=136 helm=229 avgRU=853 leaderGoals trade=0 mission=23 emission=Dormant nextIn=10gmin desperate=0 hungry=0 interval deaths=10 combats=20 tasks=185 gearLoot=1 gearBuy=0 missions=0 corpseDespawn=31 trickleSpawns=0 ranks=[Rookie:273,Trainee:5,Experienced:1] goals=[Idle:127,FleeEmission::23] leaders: Andriy[Rookie/Idle], Bohdan[Rookie/FleeEmission:], Oleg[Rookie/Idle], Mikhail[Rookie/Idle], Andriy[Rookie/Idle]
[15:32:58] [TASK] Bohdan → GoToShelter (goal=FleeEmission)
[15:32:58] [GOAL] Bohdan achieved FleeEmission
[15:32:58] [TASK] Viktor → GoToShelter (goal=FleeEmission)
[15:32:58] [GOAL] Viktor achieved FleeEmission
[15:32:58] [TASK] Giorgi → GoToShelter (goal=FleeEmission)
[15:32:58] [GOAL] Giorgi achieved FleeEmission
[15:32:58] [TASK] Oleksiy → GoToShelter (goal=FleeEmission)
[15:32:58] [GOAL] Oleksiy achieved FleeEmission
[15:32:58] [TASK] Oleksiy → GoToShelter (goal=FleeEmission)
[15:32:58] [GOAL] Oleksiy achieved FleeEmission
[15:32:58] [TASK] Taras → GoToShelter (goal=FleeEmission)
[15:32:58] [GOAL] Taras achieved FleeEmission
[15:32:58] [TASK] Rustam → GoToShelter (goal=FleeEmission)
[15:32:58] [GOAL] Rustam achieved FleeEmission
[15:32:58] [TASK] Pavel → GoToShelter (goal=FleeEmission)
[15:32:58] [GOAL] Pavel achieved FleeEmission
[15:32:58] [TASK] Nikolai → GoToShelter (goal=FleeEmission)
[15:32:58] [GOAL] Nikolai achieved FleeEmission
[15:32:58] [TASK] Oleksiy → GoToShelter (goal=FleeEmission)
[15:32:58] [GOAL] Oleksiy achieved FleeEmission
[15:32:58] [TASK] Serhiy → GoToShelter (goal=FleeEmission)
[15:32:58] [GOAL] Serhiy achieved FleeEmission
[15:32:58] [TASK] Taras → GoToShelter (goal=FleeEmission)
[15:32:58] [GOAL] Taras achieved FleeEmission
[15:32:58] [TASK] Dmitri → GoToShelter (goal=FleeEmission)
[15:32:58] [GOAL] Dmitri achieved FleeEmission
[15:32:58] [TASK] Frank → GoToShelter (goal=FleeEmission)
[15:32:58] [GOAL] Frank achieved FleeEmission
[15:32:58] [TASK] Serhiy → GoToShelter (goal=FleeEmission)
[15:32:58] [GOAL] Serhiy achieved FleeEmission
[15:32:58] [TASK] Lasha → GoToShelter (goal=FleeEmission)
[15:32:58] [GOAL] Lasha achieved FleeEmission
[15:32:58] [TASK] Damir → GoToShelter (goal=FleeEmission)
[15:32:58] [GOAL] Damir achieved FleeEmission
[15:32:58] [TASK] Serhiy → GoToShelter (goal=FleeEmission)
[15:32:58] [GOAL] Serhiy achieved FleeEmission
[15:32:58] [TASK] Sean → GoToShelter (goal=FleeEmission)
[15:32:58] [GOAL] Sean achieved FleeEmission
[15:32:58] [TASK] Igor → GoToShelter (goal=FleeEmission)
[15:32:58] [GOAL] Igor achieved FleeEmission
[15:32:58] [TASK] Taras → GoToShelter (goal=FleeEmission)
[15:32:58] [GOAL] Taras achieved FleeEmission
[15:33:01] [INBOUND] Initial +2 ctx.Stalkers, +1 mutants (remaining S=104 M=70)
[15:33:01] [CORPSE] Despawned 29 bodies (lifetime=1341)
[15:33:01] [TASK] Bohdan → GoToShelter (goal=FleeEmission)
[15:33:01] [GOAL] Bohdan achieved FleeEmission
[15:33:01] [TASK] Viktor → GoToShelter (goal=FleeEmission)
[15:33:01] [GOAL] Viktor achieved FleeEmission
[15:33:01] [TASK] Giorgi → GoToShelter (goal=FleeEmission)
[15:33:01] [GOAL] Giorgi achieved FleeEmission
[15:33:01] [TASK] Oleksiy → GoToShelter (goal=FleeEmission)
[15:33:01] [GOAL] Oleksiy achieved FleeEmission
[15:33:01] [TASK] Taras → GoToShelter (goal=FleeEmission)
[15:33:01] [GOAL] Taras achieved FleeEmission
[15:33:01] [TASK] Rustam → GoToShelter (goal=FleeEmission)
[15:33:01] [GOAL] Rustam achieved FleeEmission
[15:33:01] [TASK] Pavel → GoToShelter (goal=FleeEmission)
[15:33:01] [GOAL] Pavel achieved FleeEmission
[15:33:01] [TASK] Nikolai → GoToShelter (goal=FleeEmission)
[15:33:01] [GOAL] Nikolai achieved FleeEmission
[15:33:01] [TASK] Oleksiy → GoToShelter (goal=FleeEmission)
[15:33:01] [GOAL] Oleksiy achieved FleeEmission
[15:33:01] [TASK] Serhiy → GoToShelter (goal=FleeEmission)
[15:33:01] [GOAL] Serhiy achieved FleeEmission
[15:33:01] [TASK] Dmitri → GoToShelter (goal=FleeEmission)
[15:33:01] [GOAL] Dmitri achieved FleeEmission
[15:33:01] [TASK] Frank → GoToShelter (goal=FleeEmission)
[15:33:01] [GOAL] Frank achieved FleeEmission
[15:33:01] [TASK] Serhiy → GoToShelter (goal=FleeEmission)
[15:33:01] [GOAL] Serhiy achieved FleeEmission
[15:33:01] [TASK] Lasha → GoToShelter (goal=FleeEmission)
[15:33:01] [GOAL] Lasha achieved FleeEmission
[15:33:01] [TASK] Damir → GoToShelter (goal=FleeEmission)
[15:33:01] [GOAL] Damir achieved FleeEmission
[15:33:01] [TASK] Serhiy → GoToShelter (goal=FleeEmission)
[15:33:01] [GOAL] Serhiy achieved FleeEmission
[15:33:01] [TASK] Sean → GoToShelter (goal=FleeEmission)
[15:33:01] [GOAL] Sean achieved FleeEmission
[15:33:01] [TASK] Igor → GoToShelter (goal=FleeEmission)
[15:33:01] [GOAL] Igor achieved FleeEmission
[15:33:01] [TASK] Taras → GoToShelter (goal=FleeEmission)
[15:33:01] [GOAL] Taras achieved FleeEmission
[15:33:01] [TASK] Bohdan → GoToShelter (goal=FleeEmission)
[15:33:01] [GOAL] Bohdan achieved FleeEmission
[15:33:04] [INBOUND] Initial +2 ctx.Stalkers, +1 mutants (remaining S=102 M=69)
[15:33:04] [TASK] Bohdan → GoToShelter (goal=FleeEmission)
[15:33:04] [GOAL] Bohdan achieved FleeEmission
[15:33:04] [TASK] Viktor → GoToShelter (goal=FleeEmission)
[15:33:04] [GOAL] Viktor achieved FleeEmission
[15:33:04] [TASK] Giorgi → GoToShelter (goal=FleeEmission)
[15:33:04] [GOAL] Giorgi achieved FleeEmission
[15:33:04] [TASK] Oleksiy → GoToShelter (goal=FleeEmission)
[15:33:04] [GOAL] Oleksiy achieved FleeEmission
[15:33:04] [TASK] Taras → GoToShelter (goal=FleeEmission)
[15:33:04] [GOAL] Taras achieved FleeEmission
[15:33:04] [TASK] Rustam → GoToShelter (goal=FleeEmission)
[15:33:04] [GOAL] Rustam achieved FleeEmission
[15:33:04] [TASK] Pavel → GoToShelter (goal=FleeEmission)
[15:33:04] [GOAL] Pavel achieved FleeEmission
[15:33:04] [TASK] Nikolai → GoToShelter (goal=FleeEmission)
[15:33:04] [GOAL] Nikolai achieved FleeEmission
[15:33:04] [TASK] Oleksiy → GoToShelter (goal=FleeEmission)
[15:33:04] [GOAL] Oleksiy achieved FleeEmission
[15:33:04] [TASK] Serhiy → GoToShelter (goal=FleeEmission)
[15:33:04] [GOAL] Serhiy achieved FleeEmission
[15:33:04] [TASK] Dmitri → GoToShelter (goal=FleeEmission)
[15:33:04] [GOAL] Dmitri achieved FleeEmission
[15:33:04] [TASK] Frank → GoToShelter (goal=FleeEmission)
[15:33:04] [GOAL] Frank achieved FleeEmission
[15:33:04] [TASK] Serhiy → GoToShelter (goal=FleeEmission)
[15:33:04] [GOAL] Serhiy achieved FleeEmission
[15:33:04] [TASK] Lasha → GoToShelter (goal=FleeEmission)
[15:33:04] [GOAL] Lasha achieved FleeEmission
[15:33:04] [TASK] Damir → GoToShelter (goal=FleeEmission)
[15:33:04] [GOAL] Damir achieved FleeEmission
[15:33:04] [TASK] Serhiy → GoToShelter (goal=FleeEmission)
[15:33:04] [GOAL] Serhiy achieved FleeEmission
[15:33:04] [TASK] Sean → GoToShelter (goal=FleeEmission)
[15:33:04] [GOAL] Sean achieved FleeEmission
[15:33:04] [TASK] Igor → GoToShelter (goal=FleeEmission)
[15:33:04] [GOAL] Igor achieved FleeEmission
[15:33:04] [TASK] Taras → GoToShelter (goal=FleeEmission)
[15:33:04] [GOAL] Taras achieved FleeEmission
[15:33:04] [COMBAT] Pavel Petrov 'Razor' killed Lurker using wpn_g36
[15:33:06] [COMBAT] Igor Ivanov 'Shadow' killed Rat using wpn_ak74
[15:33:07] [COMBAT] Rustam Kovalenko 'Ash' killed Boar using wpn_aek971
[15:33:07] [INBOUND] Initial +2 ctx.Stalkers, +2 mutants (remaining S=100 M=67)
[15:33:07] [TASK] Bohdan → GoToShelter (goal=FleeEmission)
[15:33:07] [GOAL] Bohdan achieved FleeEmission
[15:33:07] [TASK] Viktor → GoToShelter (goal=FleeEmission)
[15:33:07] [GOAL] Viktor achieved FleeEmission
[15:33:07] [TASK] Giorgi → GoToShelter (goal=FleeEmission)
[15:33:07] [GOAL] Giorgi achieved FleeEmission
[15:33:07] [TASK] Taras → GoToShelter (goal=FleeEmission)
[15:33:07] [GOAL] Taras achieved FleeEmission
[15:33:07] [TASK] Rustam → GoToShelter (goal=FleeEmission)
[15:33:07] [GOAL] Rustam achieved FleeEmission
[15:33:07] [TASK] Pavel → GoToShelter (goal=FleeEmission)
[15:33:07] [GOAL] Pavel achieved FleeEmission
[15:33:07] [TASK] Nikolai → GoToShelter (goal=FleeEmission)
[15:33:07] [GOAL] Nikolai achieved FleeEmission
[15:33:07] [TASK] Oleksiy → GoToShelter (goal=FleeEmission)
[15:33:07] [GOAL] Oleksiy achieved FleeEmission
[15:33:07] [TASK] Serhiy → GoToShelter (goal=FleeEmission)
[15:33:07] [GOAL] Serhiy achieved FleeEmission
[15:33:07] [TASK] Dmitri → GoToShelter (goal=FleeEmission)
[15:33:07] [GOAL] Dmitri achieved FleeEmission
[15:33:07] [TASK] Frank → GoToShelter (goal=FleeEmission)
[15:33:07] [GOAL] Frank achieved FleeEmission
[15:33:07] [TASK] Serhiy → GoToShelter (goal=FleeEmission)
[15:33:07] [GOAL] Serhiy achieved FleeEmission
[15:33:07] [TASK] Lasha → GoToShelter (goal=FleeEmission)
[15:33:07] [GOAL] Lasha achieved FleeEmission
[15:33:07] [TASK] Damir → GoToShelter (goal=FleeEmission)
[15:33:07] [GOAL] Damir achieved FleeEmission
[15:33:07] [TASK] Serhiy → GoToShelter (goal=FleeEmission)
[15:33:07] [GOAL] Serhiy achieved FleeEmission
[15:33:07] [TASK] Sean → GoToShelter (goal=FleeEmission)
[15:33:07] [GOAL] Sean achieved FleeEmission
[15:33:07] [TASK] Igor → GoToShelter (goal=FleeEmission)
[15:33:07] [GOAL] Igor achieved FleeEmission
[15:33:07] [TASK] Taras → GoToShelter (goal=FleeEmission)
[15:33:07] [GOAL] Taras achieved FleeEmission
[15:33:07] [TASK] Dmitri → GoToShelter (goal=FleeEmission)
[15:33:07] [GOAL] Dmitri achieved FleeEmission
[15:33:07] [TASK] Oleg → GoToShelter (goal=FleeEmission)
[15:33:07] [GOAL] Oleg achieved FleeEmission
[15:33:09] [COMBAT] Igor Petrenko 'Razor' killed Burer using wpn_ak74m
[15:33:10] [COMBAT] Oleg Sokolov 'Razor' killed Tushkano using wpn_mp5
[15:33:10] [COMBAT] Andriy Volkov 'Scar' killed BlindDog using wpn_gauss
[15:33:10] [INBOUND] Initial +2 ctx.Stalkers, +1 mutants (remaining S=98 M=66)
[15:33:10] [TASK] Bohdan → GoToShelter (goal=FleeEmission)
[15:33:10] [GOAL] Bohdan achieved FleeEmission
[15:33:10] [TASK] Viktor → GoToShelter (goal=FleeEmission)
[15:33:10] [GOAL] Viktor achieved FleeEmission
[15:33:10] [TASK] Giorgi → GoToShelter (goal=FleeEmission)
[15:33:10] [GOAL] Giorgi achieved FleeEmission
[15:33:10] [TASK] Taras → GoToShelter (goal=FleeEmission)
[15:33:10] [GOAL] Taras achieved FleeEmission
[15:33:10] [TASK] Rustam → GoToShelter (goal=FleeEmission)
[15:33:10] [GOAL] Rustam achieved FleeEmission
[15:33:10] [TASK] Pavel → GoToShelter (goal=FleeEmission)
[15:33:10] [GOAL] Pavel achieved FleeEmission
[15:33:10] [TASK] Nikolai → GoToShelter (goal=FleeEmission)
[15:33:10] [GOAL] Nikolai achieved FleeEmission
[15:33:10] [TASK] Oleksiy → GoToShelter (goal=FleeEmission)
[15:33:10] [GOAL] Oleksiy achieved FleeEmission
[15:33:10] [TASK] Serhiy → GoToShelter (goal=FleeEmission)
[15:33:10] [GOAL] Serhiy achieved FleeEmission
[15:33:10] [TASK] Dmitri → GoToShelter (goal=FleeEmission)
[15:33:10] [GOAL] Dmitri achieved FleeEmission
[15:33:10] [TASK] Frank → GoToShelter (goal=FleeEmission)
[15:33:10] [GOAL] Frank achieved FleeEmission
[15:33:10] [TASK] Serhiy → GoToShelter (goal=FleeEmission)
[15:33:10] [GOAL] Serhiy achieved FleeEmission
[15:33:10] [TASK] Lasha → GoToShelter (goal=FleeEmission)
[15:33:10] [GOAL] Lasha achieved FleeEmission
[15:33:10] [TASK] Damir → GoToShelter (goal=FleeEmission)
[15:33:10] [GOAL] Damir achieved FleeEmission
[15:33:10] [TASK] Serhiy → GoToShelter (goal=FleeEmission)
[15:33:10] [GOAL] Serhiy achieved FleeEmission
[15:33:10] [TASK] Sean → GoToShelter (goal=FleeEmission)
[15:33:10] [GOAL] Sean achieved FleeEmission
[15:33:10] [TASK] Igor → GoToShelter (goal=FleeEmission)
[15:33:10] [GOAL] Igor achieved FleeEmission
[15:33:10] [TASK] Taras → GoToShelter (goal=FleeEmission)
[15:33:10] [GOAL] Taras achieved FleeEmission
[15:33:10] [TASK] Bohdan → GoToShelter (goal=FleeEmission)
[15:33:10] [GOAL] Bohdan achieved FleeEmission
[15:33:10] [TASK] Andriy → GoToShelter (goal=FleeEmission)
[15:33:10] [GOAL] Andriy achieved FleeEmission
[15:33:13] [INBOUND] Initial +2 ctx.Stalkers, +2 mutants (remaining S=96 M=64)
[15:33:13] [TASK] Bohdan → GoToShelter (goal=FleeEmission)
[15:33:13] [GOAL] Bohdan achieved FleeEmission
[15:33:13] [TASK] Viktor → GoToShelter (goal=FleeEmission)
[15:33:13] [GOAL] Viktor achieved FleeEmission
[15:33:13] [TASK] Giorgi → GoToShelter (goal=FleeEmission)
[15:33:13] [GOAL] Giorgi achieved FleeEmission
[15:33:13] [TASK] Taras → GoToShelter (goal=FleeEmission)
[15:33:13] [GOAL] Taras achieved FleeEmission
[15:33:13] [TASK] Rustam → GoToShelter (goal=FleeEmission)
[15:33:13] [GOAL] Rustam achieved FleeEmission
[15:33:13] [TASK] Pavel → GoToShelter (goal=FleeEmission)
[15:33:13] [GOAL] Pavel achieved FleeEmission
[15:33:13] [TASK] Nikolai → GoToShelter (goal=FleeEmission)
[15:33:13] [GOAL] Nikolai achieved FleeEmission
[15:33:13] [TASK] Oleksiy → GoToShelter (goal=FleeEmission)
[15:33:13] [GOAL] Oleksiy achieved FleeEmission
[15:33:13] [TASK] Serhiy → GoToShelter (goal=FleeEmission)
[15:33:13] [GOAL] Serhiy achieved FleeEmission
[15:33:13] [TASK] Dmitri → GoToShelter (goal=FleeEmission)
[15:33:13] [GOAL] Dmitri achieved FleeEmission
[15:33:13] [TASK] Frank → GoToShelter (goal=FleeEmission)
[15:33:13] [GOAL] Frank achieved FleeEmission
[15:33:13] [TASK] Serhiy → GoToShelter (goal=FleeEmission)
[15:33:13] [GOAL] Serhiy achieved FleeEmission
[15:33:13] [COMBAT] Yuriy Bondarenko 'Mole' killed Snork using wpn_mp5
[15:33:13] [TASK] Lasha → GoToShelter (goal=FleeEmission)
[15:33:13] [GOAL] Lasha achieved FleeEmission
[15:33:13] [TASK] Damir → GoToShelter (goal=FleeEmission)
[15:33:13] [GOAL] Damir achieved FleeEmission
[15:33:13] [TASK] Serhiy → GoToShelter (goal=FleeEmission)
[15:33:13] [GOAL] Serhiy achieved FleeEmission
[15:33:13] [TASK] Sean → GoToShelter (goal=FleeEmission)
[15:33:13] [GOAL] Sean achieved FleeEmission
[15:33:13] [TASK] Igor → GoToShelter (goal=FleeEmission)
[15:33:13] [GOAL] Igor achieved FleeEmission
[15:33:13] [TASK] Taras → GoToShelter (goal=FleeEmission)
[15:33:13] [GOAL] Taras achieved FleeEmission
[15:33:13] [TASK] Pavel → GoToShelter (goal=FleeEmission)
[15:33:13] [GOAL] Pavel achieved FleeEmission
[15:33:15] [COMBAT] Oleksiy Petrenko 'Fox' killed Bohdan Sokolov 'Wolf' using wpn_gauss
[15:33:15] [GEAR] Oleksiy looted [wpn_pm, out_stalker_tigerstripe_outfit, helm_hardhat] via combat
[15:33:15] [TASK] Oleksiy → GoToShelter (goal=FleeEmission)
[15:33:15] [GOAL] Oleksiy achieved FleeEmission
[15:33:15] [TASK] Bohdan → GoToShelter (goal=FleeEmission)
[15:33:15] [GOAL] Bohdan achieved FleeEmission
[15:33:15] [TASK] Viktor → GoToShelter (goal=FleeEmission)
[15:33:15] [GOAL] Viktor achieved FleeEmission
[15:33:15] [TASK] Giorgi → GoToShelter (goal=FleeEmission)
[15:33:15] [GOAL] Giorgi achieved FleeEmission
[15:33:15] [TASK] Taras → GoToShelter (goal=FleeEmission)
[15:33:15] [GOAL] Taras achieved FleeEmission
[15:33:15] [TASK] Rustam → GoToShelter (goal=FleeEmission)
[15:33:15] [GOAL] Rustam achieved FleeEmission
[15:33:15] [TASK] Pavel → GoToShelter (goal=FleeEmission)
[15:33:15] [GOAL] Pavel achieved FleeEmission
[15:33:15] [TASK] Nikolai → GoToShelter (goal=FleeEmission)
[15:33:15] [GOAL] Nikolai achieved FleeEmission
[15:33:15] [TASK] Oleksiy → GoToShelter (goal=FleeEmission)
[15:33:15] [GOAL] Oleksiy achieved FleeEmission
[15:33:15] [TASK] Serhiy → GoToShelter (goal=FleeEmission)
[15:33:15] [GOAL] Serhiy achieved FleeEmission
[15:33:15] [TASK] Dmitri → GoToShelter (goal=FleeEmission)
[15:33:15] [GOAL] Dmitri achieved FleeEmission
[15:33:15] [TASK] Frank → GoToShelter (goal=FleeEmission)
[15:33:15] [GOAL] Frank achieved FleeEmission
[15:33:15] [TASK] Serhiy → GoToShelter (goal=FleeEmission)
[15:33:15] [GOAL] Serhiy achieved FleeEmission
[15:33:15] [TASK] Lasha → GoToShelter (goal=FleeEmission)
[15:33:15] [GOAL] Lasha achieved FleeEmission
[15:33:15] [TASK] Damir → GoToShelter (goal=FleeEmission)
[15:33:15] [GOAL] Damir achieved FleeEmission
[15:33:15] [TASK] Serhiy → GoToShelter (goal=FleeEmission)
[15:33:15] [GOAL] Serhiy achieved FleeEmission
[15:33:15] [TASK] Sean → GoToShelter (goal=FleeEmission)
[15:33:15] [GOAL] Sean achieved FleeEmission
[15:33:15] [TASK] Igor → GoToShelter (goal=FleeEmission)
[15:33:15] [GOAL] Igor achieved FleeEmission
[15:33:15] [TASK] Taras → GoToShelter (goal=FleeEmission)
[15:33:15] [GOAL] Taras achieved FleeEmission
[15:33:18] [INBOUND] Initial +2 ctx.Stalkers, +1 mutants (remaining S=94 M=63)
[15:33:18] [TASK] Bohdan → GoToShelter (goal=FleeEmission)
[15:33:18] [GOAL] Bohdan achieved FleeEmission
[15:33:18] [TASK] Viktor → GoToShelter (goal=FleeEmission)
[15:33:18] [GOAL] Viktor achieved FleeEmission
[15:33:18] [TASK] Giorgi → GoToShelter (goal=FleeEmission)
[15:33:18] [GOAL] Giorgi achieved FleeEmission
[15:33:18] [TASK] Taras → GoToShelter (goal=FleeEmission)
[15:33:18] [GOAL] Taras achieved FleeEmission
[15:33:18] [TASK] Rustam → GoToShelter (goal=FleeEmission)
[15:33:18] [GOAL] Rustam achieved FleeEmission
[15:33:18] [TASK] Pavel → GoToShelter (goal=FleeEmission)
[15:33:18] [GOAL] Pavel achieved FleeEmission
[15:33:18] [TASK] Nikolai → GoToShelter (goal=FleeEmission)
[15:33:18] [GOAL] Nikolai achieved FleeEmission
[15:33:18] [TASK] Oleksiy → GoToShelter (goal=FleeEmission)
[15:33:18] [GOAL] Oleksiy achieved FleeEmission
[15:33:18] [TASK] Serhiy → GoToShelter (goal=FleeEmission)
[15:33:18] [GOAL] Serhiy achieved FleeEmission
[15:33:18] [TASK] Dmitri → GoToShelter (goal=FleeEmission)
[15:33:18] [GOAL] Dmitri achieved FleeEmission
[15:33:18] [TASK] Frank → GoToShelter (goal=FleeEmission)
[15:33:18] [GOAL] Frank achieved FleeEmission
[15:33:18] [TASK] Serhiy → GoToShelter (goal=FleeEmission)
[15:33:18] [GOAL] Serhiy achieved FleeEmission
[15:33:18] [TASK] Lasha → GoToShelter (goal=FleeEmission)
[15:33:18] [GOAL] Lasha achieved FleeEmission
[15:33:18] [TASK] Damir → GoToShelter (goal=FleeEmission)
[15:33:18] [GOAL] Damir achieved FleeEmission
[15:33:18] [TASK] Serhiy → GoToShelter (goal=FleeEmission)
[15:33:18] [GOAL] Serhiy achieved FleeEmission
[15:33:18] [TASK] Sean → GoToShelter (goal=FleeEmission)
[15:33:18] [GOAL] Sean achieved FleeEmission
[15:33:18] [TASK] Igor → GoToShelter (goal=FleeEmission)
[15:33:18] [GOAL] Igor achieved FleeEmission
[15:33:18] [TASK] Taras → GoToShelter (goal=FleeEmission)
[15:33:18] [GOAL] Taras achieved FleeEmission
[15:33:18] [TASK] Oleg → GoToShelter (goal=FleeEmission)
[15:33:18] [GOAL] Oleg achieved FleeEmission
[15:33:18] [TASK] Dmitri → GoToShelter (goal=FleeEmission)
[15:33:18] [GOAL] Dmitri achieved FleeEmission
[15:33:20] [COMBAT] Ivan Petrenko 'Ghost' killed Oleg Ivanov 'Bone' using wpn_g36
[15:33:20] [INBOUND] Initial +2 ctx.Stalkers, +1 mutants (remaining S=92 M=62)
[15:33:21] [TASK] Bohdan → GoToShelter (goal=FleeEmission)
[15:33:21] [GOAL] Bohdan achieved FleeEmission
[15:33:21] [TASK] Viktor → GoToShelter (goal=FleeEmission)
[15:33:21] [GOAL] Viktor achieved FleeEmission
[15:33:21] [TASK] Giorgi → GoToShelter (goal=FleeEmission)
[15:33:21] [GOAL] Giorgi achieved FleeEmission
[15:33:21] [TASK] Taras → GoToShelter (goal=FleeEmission)
[15:33:21] [GOAL] Taras achieved FleeEmission
[15:33:21] [TASK] Pavel → GoToShelter (goal=FleeEmission)
[15:33:21] [GOAL] Pavel achieved FleeEmission
[15:33:21] [TASK] Nikolai → GoToShelter (goal=FleeEmission)
[15:33:21] [GOAL] Nikolai achieved FleeEmission
[15:33:21] [TASK] Oleksiy → GoToShelter (goal=FleeEmission)
[15:33:21] [GOAL] Oleksiy achieved FleeEmission
[15:33:21] [TASK] Serhiy → GoToShelter (goal=FleeEmission)
[15:33:21] [GOAL] Serhiy achieved FleeEmission
[15:33:21] [TASK] Dmitri → GoToShelter (goal=FleeEmission)
[15:33:21] [GOAL] Dmitri achieved FleeEmission
[15:33:21] [TASK] Frank → GoToShelter (goal=FleeEmission)
[15:33:21] [GOAL] Frank achieved FleeEmission
[15:33:21] [TASK] Serhiy → GoToShelter (goal=FleeEmission)
[15:33:21] [GOAL] Serhiy achieved FleeEmission
[15:33:21] [TASK] Lasha → GoToShelter (goal=FleeEmission)
[15:33:21] [GOAL] Lasha achieved FleeEmission
[15:33:21] [TASK] Damir → GoToShelter (goal=FleeEmission)
[15:33:21] [GOAL] Damir achieved FleeEmission
[15:33:21] [TASK] Serhiy → GoToShelter (goal=FleeEmission)
[15:33:21] [GOAL] Serhiy achieved FleeEmission
[15:33:21] [TASK] Sean → GoToShelter (goal=FleeEmission)
[15:33:21] [GOAL] Sean achieved FleeEmission
[15:33:21] [TASK] Igor → GoToShelter (goal=FleeEmission)
[15:33:21] [GOAL] Igor achieved FleeEmission
[15:33:21] [TASK] Taras → GoToShelter (goal=FleeEmission)
[15:33:21] [GOAL] Taras achieved FleeEmission
[15:33:21] [TASK] Pierre → GoToShelter (goal=FleeEmission)
[15:33:21] [GOAL] Pierre achieved FleeEmission
[15:33:23] [RANK] Sergei Kovalenko 'Wolf' → Trainee
[15:33:23] [COMBAT] Sergei Kovalenko 'Wolf' killed Snork using wpn_ak74
[15:33:23] [INBOUND] Initial +2 ctx.Stalkers, +2 mutants (remaining S=90 M=60)
[15:33:23] [TASK] Bohdan → GoToShelter (goal=FleeEmission)
[15:33:23] [GOAL] Bohdan achieved FleeEmission
[15:33:23] [TASK] Viktor → GoToShelter (goal=FleeEmission)
[15:33:23] [GOAL] Viktor achieved FleeEmission
[15:33:23] [TASK] Giorgi → GoToShelter (goal=FleeEmission)
[15:33:23] [GOAL] Giorgi achieved FleeEmission
[15:33:23] [TASK] Taras → GoToShelter (goal=FleeEmission)
[15:33:23] [GOAL] Taras achieved FleeEmission
[15:33:23] [TASK] Pavel → GoToShelter (goal=FleeEmission)
[15:33:23] [GOAL] Pavel achieved FleeEmission
[15:33:23] [TASK] Nikolai → GoToShelter (goal=FleeEmission)
[15:33:23] [GOAL] Nikolai achieved FleeEmission
[15:33:23] [TASK] Oleksiy → GoToShelter (goal=FleeEmission)
[15:33:23] [GOAL] Oleksiy achieved FleeEmission
[15:33:23] [TASK] Serhiy → GoToShelter (goal=FleeEmission)
[15:33:23] [GOAL] Serhiy achieved FleeEmission
[15:33:23] [TASK] Dmitri → GoToShelter (goal=FleeEmission)
[15:33:23] [GOAL] Dmitri achieved FleeEmission
[15:33:23] [TASK] Frank → GoToShelter (goal=FleeEmission)
[15:33:23] [GOAL] Frank achieved FleeEmission
[15:33:23] [TASK] Serhiy → GoToShelter (goal=FleeEmission)
[15:33:23] [GOAL] Serhiy achieved FleeEmission
[15:33:23] [TASK] Lasha → GoToShelter (goal=FleeEmission)
[15:33:23] [GOAL] Lasha achieved FleeEmission
[15:33:23] [TASK] Damir → GoToShelter (goal=FleeEmission)
[15:33:23] [GOAL] Damir achieved FleeEmission
[15:33:23] [TASK] Serhiy → GoToShelter (goal=FleeEmission)
[15:33:23] [GOAL] Serhiy achieved FleeEmission
[15:33:23] [TASK] Sean → GoToShelter (goal=FleeEmission)
[15:33:23] [GOAL] Sean achieved FleeEmission
[15:33:23] [TASK] Igor → GoToShelter (goal=FleeEmission)
[15:33:23] [GOAL] Igor achieved FleeEmission
[15:33:23] [TASK] Taras → GoToShelter (goal=FleeEmission)
[15:33:23] [GOAL] Taras achieved FleeEmission
[15:33:26] [COMBAT] Alexei Petrov 'Crow' killed Mykola Popov 'Raven' using wpn_sg550
[15:33:26] [COMBAT] Ivan Popov 'Crow' killed Rat using wpn_aksu
[15:33:26] [TASK] Serhiy → GoToShelter (goal=FleeEmission)
[15:33:26] [GOAL] Serhiy achieved FleeEmission
[15:33:26] [TASK] Dmitri → GoToShelter (goal=FleeEmission)
[15:33:26] [GOAL] Dmitri achieved FleeEmission
[15:33:26] [TASK] Frank → GoToShelter (goal=FleeEmission)
[15:33:26] [GOAL] Frank achieved FleeEmission
[15:33:26] [TASK] Serhiy → GoToShelter (goal=FleeEmission)
[15:33:26] [GOAL] Serhiy achieved FleeEmission
[15:33:26] [TASK] Lasha → GoToShelter (goal=FleeEmission)
[15:33:26] [GOAL] Lasha achieved FleeEmission
[15:33:26] [TASK] Damir → GoToShelter (goal=FleeEmission)
[15:33:26] [GOAL] Damir achieved FleeEmission
[15:33:26] [TASK] Serhiy → GoToShelter (goal=FleeEmission)
[15:33:26] [GOAL] Serhiy achieved FleeEmission
[15:33:26] [TASK] Sean → GoToShelter (goal=FleeEmission)
[15:33:26] [GOAL] Sean achieved FleeEmission
[15:33:26] [TASK] Igor → GoToShelter (goal=FleeEmission)
[15:33:26] [GOAL] Igor achieved FleeEmission
[15:33:26] [TASK] Taras → GoToShelter (goal=FleeEmission)
[15:33:26] [GOAL] Taras achieved FleeEmission
[15:33:26] [TASK] Nodar → GoToShelter (goal=FleeEmission)
[15:33:26] [GOAL] Nodar achieved FleeEmission
[15:33:26] [TASK] Tobias → GoToShelter (goal=FleeEmission)
[15:33:26] [GOAL] Tobias achieved FleeEmission
[15:33:26] [INBOUND] Initial +2 ctx.Stalkers, +1 mutants (remaining S=88 M=59)
[15:33:26] [TASK] Bohdan → GoToShelter (goal=FleeEmission)
[15:33:26] [GOAL] Bohdan achieved FleeEmission
[15:33:26] [TASK] Viktor → GoToShelter (goal=FleeEmission)
[15:33:26] [GOAL] Viktor achieved FleeEmission
[15:33:26] [TASK] Giorgi → GoToShelter (goal=FleeEmission)
[15:33:26] [GOAL] Giorgi achieved FleeEmission
[15:33:26] [TASK] Taras → GoToShelter (goal=FleeEmission)
[15:33:26] [GOAL] Taras achieved FleeEmission
[15:33:26] [TASK] Pavel → GoToShelter (goal=FleeEmission)
[15:33:26] [GOAL] Pavel achieved FleeEmission
[15:33:26] [TASK] Nikolai → GoToShelter (goal=FleeEmission)
[15:33:26] [GOAL] Nikolai achieved FleeEmission
[15:33:28] [COMBAT] Oleg Sokolov 'Wolf' killed Bloodsucker using wpn_pkm
[15:33:29] [COMBAT] Nodar Popov 'Shadow' killed Taras Petrenko 'Badger' using wpn_toz34
[15:33:29] [GEAR] Nodar looted [wpn_mp5, wpn_fort12, helm_helm_respirator_old] via combat
[15:33:29] [COMBAT] Mykola Bondarenko 'Razor' killed Poltergeist using wpn_pkm
[15:33:29] [INBOUND] Initial +2 ctx.Stalkers, +2 mutants (remaining S=86 M=57)
[15:33:29] [SNAPSHOT] real=18.6min game=D0 01:07 alive S=284 M=298 corpses=518 lootable=262 gammaGear out=136 helm=235 avgRU=853 leaderGoals trade=0 mission=19 emission=Dormant nextIn=9gmin desperate=0 hungry=0 interval deaths=15 combats=26 tasks=211 gearLoot=2 gearBuy=0 missions=0 corpseDespawn=29 trickleSpawns=0 ranks=[Rookie:277,Trainee:6,Experienced:1] goals=[Idle:134,FleeEmission::19] leaders: Andriy[Rookie/Idle], Bohdan[Rookie/FleeEmission:], Oleg[Rookie/Idle], Mikhail[Rookie/Idle], Andriy[Rookie/Idle]
[15:33:29] [TASK] Bohdan → GoToShelter (goal=FleeEmission)
[15:33:29] [GOAL] Bohdan achieved FleeEmission
[15:33:29] [TASK] Viktor → GoToShelter (goal=FleeEmission)
[15:33:29] [GOAL] Viktor achieved FleeEmission
[15:33:29] [TASK] Giorgi → GoToShelter (goal=FleeEmission)
[15:33:29] [GOAL] Giorgi achieved FleeEmission
[15:33:29] [TASK] Taras → GoToShelter (goal=FleeEmission)
[15:33:29] [GOAL] Taras achieved FleeEmission
[15:33:29] [TASK] Pavel → GoToShelter (goal=FleeEmission)
[15:33:29] [GOAL] Pavel achieved FleeEmission
[15:33:29] [TASK] Nikolai → GoToShelter (goal=FleeEmission)
[15:33:29] [GOAL] Nikolai achieved FleeEmission
[15:33:29] [TASK] Serhiy → GoToShelter (goal=FleeEmission)
[15:33:29] [GOAL] Serhiy achieved FleeEmission
[15:33:29] [TASK] Dmitri → GoToShelter (goal=FleeEmission)
[15:33:29] [GOAL] Dmitri achieved FleeEmission
[15:33:29] [TASK] Frank → GoToShelter (goal=FleeEmission)
[15:33:29] [GOAL] Frank achieved FleeEmission
[15:33:29] [TASK] Serhiy → GoToShelter (goal=FleeEmission)
[15:33:29] [GOAL] Serhiy achieved FleeEmission
[15:33:29] [TASK] Lasha → GoToShelter (goal=FleeEmission)
[15:33:29] [GOAL] Lasha achieved FleeEmission
[15:33:29] [TASK] Damir → GoToShelter (goal=FleeEmission)
[15:33:29] [GOAL] Damir achieved FleeEmission
[15:33:29] [TASK] Serhiy → GoToShelter (goal=FleeEmission)
[15:33:29] [GOAL] Serhiy achieved FleeEmission
[15:33:29] [TASK] Sean → GoToShelter (goal=FleeEmission)
[15:33:29] [GOAL] Sean achieved FleeEmission
[15:33:29] [TASK] Igor → GoToShelter (goal=FleeEmission)
[15:33:29] [GOAL] Igor achieved FleeEmission
[15:33:29] [TASK] Taras → GoToShelter (goal=FleeEmission)
[15:33:29] [GOAL] Taras achieved FleeEmission
[15:33:29] [TASK] Sergei → GoToShelter (goal=FleeEmission)
[15:33:29] [GOAL] Sergei achieved FleeEmission
[15:33:31] [COMBAT] Oleksiy Bondarenko 'Raven' killed Boar using wpn_mp5
[15:33:31] [INBOUND] Initial +3 ctx.Stalkers, +1 mutants (remaining S=83 M=56)
[15:33:31] [CORPSE] Despawned 32 bodies (lifetime=1373)
[15:33:31] [TASK] Bohdan → GoToShelter (goal=FleeEmission)
[15:33:31] [GOAL] Bohdan achieved FleeEmission
[15:33:31] [TASK] Viktor → GoToShelter (goal=FleeEmission)
[15:33:31] [GOAL] Viktor achieved FleeEmission
[15:33:31] [TASK] Giorgi → GoToShelter (goal=FleeEmission)
[15:33:31] [GOAL] Giorgi achieved FleeEmission
[15:33:31] [TASK] Taras → GoToShelter (goal=FleeEmission)
[15:33:31] [GOAL] Taras achieved FleeEmission
[15:33:32] [TASK] Pavel → GoToShelter (goal=FleeEmission)
[15:33:32] [GOAL] Pavel achieved FleeEmission
[15:33:32] [TASK] Nikolai → GoToShelter (goal=FleeEmission)
[15:33:32] [GOAL] Nikolai achieved FleeEmission
[15:33:32] [TASK] Viktor → GoToShelter (goal=FleeEmission)
[15:33:32] [GOAL] Viktor achieved FleeEmission
[15:33:32] [TASK] Serhiy → GoToShelter (goal=FleeEmission)
[15:33:32] [GOAL] Serhiy achieved FleeEmission
[15:33:32] [TASK] Dmitri → GoToShelter (goal=FleeEmission)
[15:33:32] [GOAL] Dmitri achieved FleeEmission
[15:33:32] [TASK] Frank → GoToShelter (goal=FleeEmission)
[15:33:32] [GOAL] Frank achieved FleeEmission
[15:33:32] [TASK] Serhiy → GoToShelter (goal=FleeEmission)
[15:33:32] [GOAL] Serhiy achieved FleeEmission
[15:33:32] [TASK] Lasha → GoToShelter (goal=FleeEmission)
[15:33:32] [GOAL] Lasha achieved FleeEmission
[15:33:32] [TASK] Damir → GoToShelter (goal=FleeEmission)
[15:33:32] [GOAL] Damir achieved FleeEmission
[15:33:32] [TASK] Serhiy → GoToShelter (goal=FleeEmission)
[15:33:32] [GOAL] Serhiy achieved FleeEmission
[15:33:32] [TASK] Igor → GoToShelter (goal=FleeEmission)
[15:33:32] [GOAL] Igor achieved FleeEmission
[15:33:32] [TASK] Taras → GoToShelter (goal=FleeEmission)
[15:33:32] [GOAL] Taras achieved FleeEmission
[15:33:33] [COMBAT] Oleksiy Volkov 'Bone' killed Dmytro Melnyk 'Razor' using wpn_fn2000
[15:33:33] [COMBAT] Dmitri Kovalenko 'The Rat' killed Lurker using wpn_l96a1
[15:33:33] [COMBAT] Serhiy Ivanov 'Viper' killed Bloodsucker using wpn_toz34
[15:33:34] [COMBAT] Rustam Kovalenko 'Ash' killed Snork using wpn_aek971
[15:33:34] [INBOUND] Initial +2 ctx.Stalkers, +1 mutants (remaining S=81 M=55)
[15:33:34] [TASK] Bohdan → GoToShelter (goal=FleeEmission)
[15:33:34] [GOAL] Bohdan achieved FleeEmission
[15:33:34] [TASK] Viktor → GoToShelter (goal=FleeEmission)
[15:33:34] [GOAL] Viktor achieved FleeEmission
[15:33:34] [TASK] Giorgi → GoToShelter (goal=FleeEmission)
[15:33:34] [GOAL] Giorgi achieved FleeEmission
[15:33:34] [TASK] Taras → GoToShelter (goal=FleeEmission)
[15:33:34] [GOAL] Taras achieved FleeEmission
[15:33:34] [TASK] Pavel → GoToShelter (goal=FleeEmission)
[15:33:34] [GOAL] Pavel achieved FleeEmission
[15:33:34] [TASK] Nikolai → GoToShelter (goal=FleeEmission)
[15:33:34] [GOAL] Nikolai achieved FleeEmission
[15:33:34] [TASK] Serhiy → GoToShelter (goal=FleeEmission)
[15:33:34] [GOAL] Serhiy achieved FleeEmission
[15:33:34] [TASK] Dmitri → GoToShelter (goal=FleeEmission)
[15:33:34] [GOAL] Dmitri achieved FleeEmission
[15:33:34] [TASK] Frank → GoToShelter (goal=FleeEmission)
[15:33:34] [GOAL] Frank achieved FleeEmission
[15:33:34] [TASK] Serhiy → GoToShelter (goal=FleeEmission)
[15:33:34] [GOAL] Serhiy achieved FleeEmission
[15:33:34] [TASK] Lasha → GoToShelter (goal=FleeEmission)
[15:33:34] [GOAL] Lasha achieved FleeEmission
[15:33:34] [TASK] Damir → GoToShelter (goal=FleeEmission)
[15:33:34] [GOAL] Damir achieved FleeEmission
[15:33:34] [TASK] Serhiy → GoToShelter (goal=FleeEmission)
[15:33:34] [GOAL] Serhiy achieved FleeEmission
[15:33:34] [TASK] Igor → GoToShelter (goal=FleeEmission)
[15:33:34] [GOAL] Igor achieved FleeEmission
[15:33:34] [TASK] Taras → GoToShelter (goal=FleeEmission)
[15:33:34] [GOAL] Taras achieved FleeEmission
[15:33:34] [TASK] Nikolai → GoToShelter (goal=FleeEmission)
[15:33:34] [GOAL] Nikolai achieved FleeEmission
[15:33:36] [INBOUND] Initial +2 ctx.Stalkers, +2 mutants (remaining S=79 M=53)
[15:33:36] [TASK] Bohdan → GoToShelter (goal=FleeEmission)
[15:33:36] [GOAL] Bohdan achieved FleeEmission
[15:33:36] [TASK] Viktor → GoToShelter (goal=FleeEmission)
[15:33:36] [GOAL] Viktor achieved FleeEmission
[15:33:36] [TASK] Giorgi → GoToShelter (goal=FleeEmission)
[15:33:36] [GOAL] Giorgi achieved FleeEmission
[15:33:36] [TASK] Taras → GoToShelter (goal=FleeEmission)
[15:33:36] [GOAL] Taras achieved FleeEmission
[15:33:37] [TASK] Pavel → GoToShelter (goal=FleeEmission)
[15:33:37] [GOAL] Pavel achieved FleeEmission
[15:33:37] [TASK] Nikolai → GoToShelter (goal=FleeEmission)
[15:33:37] [GOAL] Nikolai achieved FleeEmission
[15:33:37] [TASK] Serhiy → GoToShelter (goal=FleeEmission)
[15:33:37] [GOAL] Serhiy achieved FleeEmission
[15:33:37] [TASK] Dmitri → GoToShelter (goal=FleeEmission)
[15:33:37] [GOAL] Dmitri achieved FleeEmission
[15:33:37] [TASK] Frank → GoToShelter (goal=FleeEmission)
[15:33:37] [GOAL] Frank achieved FleeEmission
[15:33:37] [TASK] Serhiy → GoToShelter (goal=FleeEmission)
[15:33:37] [GOAL] Serhiy achieved FleeEmission
[15:33:37] [TASK] Lasha → GoToShelter (goal=FleeEmission)
[15:33:37] [GOAL] Lasha achieved FleeEmission
[15:33:37] [TASK] Damir → GoToShelter (goal=FleeEmission)
[15:33:37] [GOAL] Damir achieved FleeEmission
[15:33:37] [TASK] Serhiy → GoToShelter (goal=FleeEmission)
[15:33:37] [GOAL] Serhiy achieved FleeEmission
[15:33:37] [TASK] Igor → GoToShelter (goal=FleeEmission)
[15:33:37] [GOAL] Igor achieved FleeEmission
[15:33:37] [TASK] Taras → GoToShelter (goal=FleeEmission)
[15:33:37] [GOAL] Taras achieved FleeEmission
[15:33:39] [INBOUND] Initial +2 ctx.Stalkers, +1 mutants (remaining S=77 M=52)
[15:33:39] [TASK] Bohdan → GoToShelter (goal=FleeEmission)
[15:33:39] [GOAL] Bohdan achieved FleeEmission
[15:33:39] [TASK] Viktor → GoToShelter (goal=FleeEmission)
[15:33:39] [GOAL] Viktor achieved FleeEmission
[15:33:39] [TASK] Giorgi → GoToShelter (goal=FleeEmission)
[15:33:39] [GOAL] Giorgi achieved FleeEmission
[15:33:39] [TASK] Taras → GoToShelter (goal=FleeEmission)
[15:33:39] [GOAL] Taras achieved FleeEmission
[15:33:39] [TASK] Pavel → GoToShelter (goal=FleeEmission)
[15:33:39] [GOAL] Pavel achieved FleeEmission
[15:33:39] [TASK] Nikolai → GoToShelter (goal=FleeEmission)
[15:33:39] [GOAL] Nikolai achieved FleeEmission
[15:33:39] [TASK] Serhiy → GoToShelter (goal=FleeEmission)
[15:33:39] [GOAL] Serhiy achieved FleeEmission
[15:33:39] [TASK] Dmitri → GoToShelter (goal=FleeEmission)
[15:33:39] [GOAL] Dmitri achieved FleeEmission
[15:33:39] [TASK] Frank → GoToShelter (goal=FleeEmission)
[15:33:39] [GOAL] Frank achieved FleeEmission
[15:33:39] [TASK] Serhiy → GoToShelter (goal=FleeEmission)
[15:33:39] [GOAL] Serhiy achieved FleeEmission
[15:33:39] [TASK] Lasha → GoToShelter (goal=FleeEmission)
[15:33:39] [GOAL] Lasha achieved FleeEmission
[15:33:39] [TASK] Damir → GoToShelter (goal=FleeEmission)
[15:33:39] [GOAL] Damir achieved FleeEmission
[15:33:39] [TASK] Serhiy → GoToShelter (goal=FleeEmission)
[15:33:39] [GOAL] Serhiy achieved FleeEmission
[15:33:39] [TASK] Igor → GoToShelter (goal=FleeEmission)
[15:33:39] [GOAL] Igor achieved FleeEmission
[15:33:39] [TASK] Taras → GoToShelter (goal=FleeEmission)
[15:33:39] [GOAL] Taras achieved FleeEmission
[15:33:39] [TASK] Tobias → GoToShelter (goal=FleeEmission)
[15:33:39] [GOAL] Tobias achieved FleeEmission
[15:33:41] [INBOUND] Initial +2 ctx.Stalkers, +1 mutants (remaining S=75 M=51)
[15:33:42] [TASK] Bohdan → GoToShelter (goal=FleeEmission)
[15:33:42] [GOAL] Bohdan achieved FleeEmission
[15:33:42] [TASK] Viktor → GoToShelter (goal=FleeEmission)
[15:33:42] [GOAL] Viktor achieved FleeEmission
[15:33:42] [TASK] Giorgi → GoToShelter (goal=FleeEmission)
[15:33:42] [GOAL] Giorgi achieved FleeEmission
[15:33:42] [TASK] Taras → GoToShelter (goal=FleeEmission)
[15:33:42] [GOAL] Taras achieved FleeEmission
[15:33:42] [TASK] Pavel → GoToShelter (goal=FleeEmission)
[15:33:42] [GOAL] Pavel achieved FleeEmission
[15:33:42] [TASK] Nikolai → GoToShelter (goal=FleeEmission)
[15:33:42] [GOAL] Nikolai achieved FleeEmission
[15:33:42] [TASK] Serhiy → GoToShelter (goal=FleeEmission)
[15:33:42] [GOAL] Serhiy achieved FleeEmission
[15:33:42] [TASK] Dmitri → GoToShelter (goal=FleeEmission)
[15:33:42] [GOAL] Dmitri achieved FleeEmission
[15:33:42] [TASK] Frank → GoToShelter (goal=FleeEmission)
[15:33:42] [GOAL] Frank achieved FleeEmission
[15:33:42] [TASK] Serhiy → GoToShelter (goal=FleeEmission)
[15:33:42] [GOAL] Serhiy achieved FleeEmission
[15:33:42] [TASK] Lasha → GoToShelter (goal=FleeEmission)
[15:33:42] [GOAL] Lasha achieved FleeEmission
[15:33:42] [TASK] Damir → GoToShelter (goal=FleeEmission)
[15:33:42] [GOAL] Damir achieved FleeEmission
[15:33:42] [TASK] Serhiy → GoToShelter (goal=FleeEmission)
[15:33:42] [GOAL] Serhiy achieved FleeEmission
[15:33:42] [TASK] Igor → GoToShelter (goal=FleeEmission)
[15:33:42] [GOAL] Igor achieved FleeEmission
[15:33:42] [TASK] Taras → GoToShelter (goal=FleeEmission)
[15:33:42] [GOAL] Taras achieved FleeEmission
[15:33:42] [TASK] Yuriy → GoToShelter (goal=FleeEmission)
[15:33:42] [GOAL] Yuriy achieved FleeEmission
[15:33:42] [TASK] Timur → GoToShelter (goal=FleeEmission)
[15:33:42] [GOAL] Timur achieved FleeEmission
[15:33:44] [INBOUND] Initial +2 ctx.Stalkers, +2 mutants (remaining S=73 M=49)
[15:33:44] [TASK] Bohdan → GoToShelter (goal=FleeEmission)
[15:33:44] [GOAL] Bohdan achieved FleeEmission
[15:33:44] [TASK] Viktor → GoToShelter (goal=FleeEmission)
[15:33:44] [GOAL] Viktor achieved FleeEmission
[15:33:44] [TASK] Giorgi → GoToShelter (goal=FleeEmission)
[15:33:44] [GOAL] Giorgi achieved FleeEmission
[15:33:44] [TASK] Taras → GoToShelter (goal=FleeEmission)
[15:33:44] [GOAL] Taras achieved FleeEmission
[15:33:44] [TASK] Pavel → GoToShelter (goal=FleeEmission)
[15:33:44] [GOAL] Pavel achieved FleeEmission
[15:33:44] [TASK] Nikolai → GoToShelter (goal=FleeEmission)
[15:33:44] [GOAL] Nikolai achieved FleeEmission
[15:33:44] [TASK] Serhiy → GoToShelter (goal=FleeEmission)
[15:33:44] [GOAL] Serhiy achieved FleeEmission
[15:33:44] [TASK] Dmitri → GoToShelter (goal=FleeEmission)
[15:33:44] [GOAL] Dmitri achieved FleeEmission
[15:33:44] [TASK] Serhiy → GoToShelter (goal=FleeEmission)
[15:33:44] [GOAL] Serhiy achieved FleeEmission
[15:33:44] [TASK] Lasha → GoToShelter (goal=FleeEmission)
[15:33:44] [GOAL] Lasha achieved FleeEmission
[15:33:44] [TASK] Damir → GoToShelter (goal=FleeEmission)
[15:33:44] [GOAL] Damir achieved FleeEmission
[15:33:44] [TASK] Serhiy → GoToShelter (goal=FleeEmission)
[15:33:44] [GOAL] Serhiy achieved FleeEmission
[15:33:44] [TASK] Igor → GoToShelter (goal=FleeEmission)
[15:33:44] [GOAL] Igor achieved FleeEmission
[15:33:44] [TASK] Taras → GoToShelter (goal=FleeEmission)
[15:33:44] [GOAL] Taras achieved FleeEmission
[15:33:46] [INBOUND] Initial +2 ctx.Stalkers, +1 mutants (remaining S=71 M=48)
[15:33:46] [TASK] Bohdan → GoToShelter (goal=FleeEmission)
[15:33:46] [GOAL] Bohdan achieved FleeEmission
[15:33:46] [TASK] Viktor → GoToShelter (goal=FleeEmission)
[15:33:46] [GOAL] Viktor achieved FleeEmission
[15:33:46] [TASK] Giorgi → GoToShelter (goal=FleeEmission)
[15:33:46] [GOAL] Giorgi achieved FleeEmission
[15:33:47] [TASK] Taras → GoToShelter (goal=FleeEmission)
[15:33:47] [GOAL] Taras achieved FleeEmission
[15:33:47] [TASK] Pavel → GoToShelter (goal=FleeEmission)
[15:33:47] [GOAL] Pavel achieved FleeEmission
[15:33:47] [TASK] Nikolai → GoToShelter (goal=FleeEmission)
[15:33:47] [GOAL] Nikolai achieved FleeEmission
[15:33:47] [TASK] Serhiy → GoToShelter (goal=FleeEmission)
[15:33:47] [GOAL] Serhiy achieved FleeEmission
[15:33:47] [TASK] Dmitri → GoToShelter (goal=FleeEmission)
[15:33:47] [GOAL] Dmitri achieved FleeEmission
[15:33:47] [TASK] Serhiy → GoToShelter (goal=FleeEmission)
[15:33:47] [GOAL] Serhiy achieved FleeEmission
[15:33:47] [TASK] Lasha → GoToShelter (goal=FleeEmission)
[15:33:47] [GOAL] Lasha achieved FleeEmission
[15:33:47] [TASK] Damir → GoToShelter (goal=FleeEmission)
[15:33:47] [GOAL] Damir achieved FleeEmission
[15:33:47] [TASK] Serhiy → GoToShelter (goal=FleeEmission)
[15:33:47] [GOAL] Serhiy achieved FleeEmission
[15:33:47] [TASK] Igor → GoToShelter (goal=FleeEmission)
[15:33:47] [GOAL] Igor achieved FleeEmission
[15:33:47] [TASK] Taras → GoToShelter (goal=FleeEmission)
[15:33:47] [GOAL] Taras achieved FleeEmission
[15:33:47] [TASK] Taras → GoToShelter (goal=FleeEmission)
[15:33:47] [GOAL] Taras achieved FleeEmission
[15:33:48] [COMBAT] Igor Petrov 'Stitch' killed Lurker using wpn_gauss
[15:33:48] [COMBAT] Vasyl Popov 'Scar' killed PsyDog using wpn_toz34
[15:33:48] [COMBAT] Giorgi Bondarenko 'Jackal' killed Controller using wpn_toz34
[15:33:49] [INBOUND] Initial +2 ctx.Stalkers, +2 mutants (remaining S=69 M=46)
[15:33:49] [TASK] Bohdan → GoToShelter (goal=FleeEmission)
[15:33:49] [GOAL] Bohdan achieved FleeEmission
[15:33:49] [TASK] Viktor → GoToShelter (goal=FleeEmission)
[15:33:49] [GOAL] Viktor achieved FleeEmission
[15:33:49] [TASK] Giorgi → GoToShelter (goal=FleeEmission)
[15:33:49] [GOAL] Giorgi achieved FleeEmission
[15:33:49] [TASK] Taras → GoToShelter (goal=FleeEmission)
[15:33:49] [GOAL] Taras achieved FleeEmission
[15:33:49] [TASK] Pavel → GoToShelter (goal=FleeEmission)
[15:33:49] [GOAL] Pavel achieved FleeEmission
[15:33:49] [TASK] Nikolai → GoToShelter (goal=FleeEmission)
[15:33:49] [GOAL] Nikolai achieved FleeEmission
[15:33:49] [TASK] Serhiy → GoToShelter (goal=FleeEmission)
[15:33:49] [GOAL] Serhiy achieved FleeEmission
[15:33:49] [TASK] Dmitri → GoToShelter (goal=FleeEmission)
[15:33:49] [GOAL] Dmitri achieved FleeEmission
[15:33:49] [TASK] Serhiy → GoToShelter (goal=FleeEmission)
[15:33:49] [GOAL] Serhiy achieved FleeEmission
[15:33:49] [TASK] Lasha → GoToShelter (goal=FleeEmission)
[15:33:49] [GOAL] Lasha achieved FleeEmission
[15:33:49] [TASK] Damir → GoToShelter (goal=FleeEmission)
[15:33:49] [GOAL] Damir achieved FleeEmission
[15:33:49] [TASK] Serhiy → GoToShelter (goal=FleeEmission)
[15:33:49] [GOAL] Serhiy achieved FleeEmission
[15:33:49] [TASK] Igor → GoToShelter (goal=FleeEmission)
[15:33:49] [GOAL] Igor achieved FleeEmission
[15:33:49] [TASK] Taras → GoToShelter (goal=FleeEmission)
[15:33:49] [GOAL] Taras achieved FleeEmission
[15:33:49] [TASK] Zura → GoToShelter (goal=FleeEmission)
[15:33:49] [GOAL] Zura achieved FleeEmission
[15:33:49] [TASK] Karl → GoToShelter (goal=FleeEmission)
[15:33:49] [GOAL] Karl achieved FleeEmission
[15:33:51] [INBOUND] Initial +2 ctx.Stalkers, +1 mutants (remaining S=67 M=45)
[15:33:51] [TASK] Bohdan → GoToShelter (goal=FleeEmission)
[15:33:51] [GOAL] Bohdan achieved FleeEmission
[15:33:51] [TASK] Viktor → GoToShelter (goal=FleeEmission)
[15:33:51] [GOAL] Viktor achieved FleeEmission
[15:33:51] [TASK] Giorgi → GoToShelter (goal=FleeEmission)
[15:33:51] [GOAL] Giorgi achieved FleeEmission
[15:33:51] [TASK] Taras → GoToShelter (goal=FleeEmission)
[15:33:51] [GOAL] Taras achieved FleeEmission
[15:33:51] [TASK] Pavel → GoToShelter (goal=FleeEmission)
[15:33:51] [GOAL] Pavel achieved FleeEmission
[15:33:51] [TASK] Nikolai → GoToShelter (goal=FleeEmission)
[15:33:51] [GOAL] Nikolai achieved FleeEmission
[15:33:51] [TASK] Serhiy → GoToShelter (goal=FleeEmission)
[15:33:51] [GOAL] Serhiy achieved FleeEmission
[15:33:51] [TASK] Dmitri → GoToShelter (goal=FleeEmission)
[15:33:51] [GOAL] Dmitri achieved FleeEmission
[15:33:51] [TASK] Serhiy → GoToShelter (goal=FleeEmission)
[15:33:51] [GOAL] Serhiy achieved FleeEmission
[15:33:51] [TASK] Lasha → GoToShelter (goal=FleeEmission)
[15:33:51] [GOAL] Lasha achieved FleeEmission
[15:33:51] [TASK] Damir → GoToShelter (goal=FleeEmission)
[15:33:51] [GOAL] Damir achieved FleeEmission
[15:33:51] [TASK] Serhiy → GoToShelter (goal=FleeEmission)
[15:33:51] [GOAL] Serhiy achieved FleeEmission
[15:33:51] [TASK] Igor → GoToShelter (goal=FleeEmission)
[15:33:51] [GOAL] Igor achieved FleeEmission
[15:33:51] [TASK] Taras → GoToShelter (goal=FleeEmission)
[15:33:51] [GOAL] Taras achieved FleeEmission
[15:33:51] [TASK] Oleg → GoToShelter (goal=FleeEmission)
[15:33:51] [GOAL] Oleg achieved FleeEmission
[15:33:51] [TASK] Nikolai → GoToShelter (goal=FleeEmission)
[15:33:51] [GOAL] Nikolai achieved FleeEmission
[15:33:54] [INBOUND] Initial +2 ctx.Stalkers, +1 mutants (remaining S=65 M=44)
[15:33:54] [COMBAT] Viktor Popov 'Phantom' killed Lurker using wpn_val
[15:33:54] [TASK] Bohdan → GoToShelter (goal=FleeEmission)
[15:33:54] [GOAL] Bohdan achieved FleeEmission
[15:33:54] [TASK] Viktor → GoToShelter (goal=FleeEmission)
[15:33:54] [GOAL] Viktor achieved FleeEmission
[15:33:54] [TASK] Giorgi → GoToShelter (goal=FleeEmission)
[15:33:54] [GOAL] Giorgi achieved FleeEmission
[15:33:54] [TASK] Taras → GoToShelter (goal=FleeEmission)
[15:33:54] [GOAL] Taras achieved FleeEmission
[15:33:54] [TASK] Pavel → GoToShelter (goal=FleeEmission)
[15:33:54] [GOAL] Pavel achieved FleeEmission
[15:33:54] [TASK] Nikolai → GoToShelter (goal=FleeEmission)
[15:33:54] [GOAL] Nikolai achieved FleeEmission
[15:33:54] [TASK] Serhiy → GoToShelter (goal=FleeEmission)
[15:33:54] [GOAL] Serhiy achieved FleeEmission
[15:33:54] [TASK] Dmitri → GoToShelter (goal=FleeEmission)
[15:33:54] [GOAL] Dmitri achieved FleeEmission
[15:33:54] [TASK] Serhiy → GoToShelter (goal=FleeEmission)
[15:33:54] [GOAL] Serhiy achieved FleeEmission
[15:33:54] [TASK] Lasha → GoToShelter (goal=FleeEmission)
[15:33:54] [GOAL] Lasha achieved FleeEmission
[15:33:54] [TASK] Damir → GoToShelter (goal=FleeEmission)
[15:33:54] [GOAL] Damir achieved FleeEmission
[15:33:54] [TASK] Serhiy → GoToShelter (goal=FleeEmission)
[15:33:54] [GOAL] Serhiy achieved FleeEmission
[15:33:54] [TASK] Igor → GoToShelter (goal=FleeEmission)
[15:33:54] [GOAL] Igor achieved FleeEmission
[15:33:54] [TASK] Taras → GoToShelter (goal=FleeEmission)
[15:33:54] [GOAL] Taras achieved FleeEmission
[15:33:54] [TASK] Viktor → GoToShelter (goal=FleeEmission)
[15:33:54] [GOAL] Viktor achieved FleeEmission
[15:33:54] [TASK] Bohdan → GoToShelter (goal=FleeEmission)
[15:33:54] [GOAL] Bohdan achieved FleeEmission
[15:33:56] [INBOUND] Initial +2 ctx.Stalkers, +2 mutants (remaining S=63 M=42)
[15:33:56] [CORPSE] Despawned 25 bodies (lifetime=1398)
[15:33:56] [TASK] Bohdan → GoToShelter (goal=FleeEmission)
[15:33:56] [GOAL] Bohdan achieved FleeEmission
[15:33:56] [TASK] Viktor → GoToShelter (goal=FleeEmission)
[15:33:56] [GOAL] Viktor achieved FleeEmission
[15:33:56] [TASK] Giorgi → GoToShelter (goal=FleeEmission)
[15:33:56] [GOAL] Giorgi achieved FleeEmission
[15:33:56] [TASK] Taras → GoToShelter (goal=FleeEmission)
[15:33:56] [GOAL] Taras achieved FleeEmission
[15:33:56] [TASK] Pavel → GoToShelter (goal=FleeEmission)
[15:33:56] [GOAL] Pavel achieved FleeEmission
[15:33:56] [TASK] Nikolai → GoToShelter (goal=FleeEmission)
[15:33:56] [GOAL] Nikolai achieved FleeEmission
[15:33:56] [TASK] Serhiy → GoToShelter (goal=FleeEmission)
[15:33:56] [GOAL] Serhiy achieved FleeEmission
[15:33:56] [TASK] Dmitri → GoToShelter (goal=FleeEmission)
[15:33:56] [GOAL] Dmitri achieved FleeEmission
[15:33:56] [TASK] Serhiy → GoToShelter (goal=FleeEmission)
[15:33:56] [GOAL] Serhiy achieved FleeEmission
[15:33:56] [TASK] Lasha → GoToShelter (goal=FleeEmission)
[15:33:56] [GOAL] Lasha achieved FleeEmission
[15:33:56] [TASK] Damir → GoToShelter (goal=FleeEmission)
[15:33:56] [GOAL] Damir achieved FleeEmission
[15:33:56] [TASK] Serhiy → GoToShelter (goal=FleeEmission)
[15:33:56] [GOAL] Serhiy achieved FleeEmission
[15:33:56] [TASK] Igor → GoToShelter (goal=FleeEmission)
[15:33:56] [GOAL] Igor achieved FleeEmission
[15:33:56] [TASK] Taras → GoToShelter (goal=FleeEmission)
[15:33:56] [GOAL] Taras achieved FleeEmission
[15:33:56] [TASK] Taras → GoToShelter (goal=FleeEmission)
[15:33:56] [GOAL] Taras achieved FleeEmission
[15:33:56] [TASK] Ivan → GoToShelter (goal=FleeEmission)
[15:33:56] [GOAL] Ivan achieved FleeEmission
[15:33:58] [COMBAT] Oleg Sokolov 'Razor' killed Fracture using wpn_mp5
[15:33:58] [COMBAT] Dmitri Melnyk 'Ash' killed Oleg Shevchenko 'Phantom' using wpn_vintorez
[15:33:58] [GEAR] Dmitri looted [wpn_pb] via combat
[15:33:58] [COMBAT] Mykola Sokolov 'Wolf' killed Bloodsucker using wpn_ak74m
[15:33:59] [INBOUND] Initial +2 ctx.Stalkers, +1 mutants (remaining S=61 M=41)
[15:33:59] [RANK] Dmytro Petrenko 'Scar' → Experienced
[15:33:59] [COMBAT] Dmytro Petrenko 'Scar' killed Tushkano using wpn_aksu
[15:34:00] [INBOUND] Initial +2 ctx.Stalkers, +2 mutants (remaining S=59 M=39)
[15:34:00] [SNAPSHOT] real=19.1min game=D0 01:09 alive S=293 M=305 corpses=490 lootable=249 gammaGear out=142 helm=246 avgRU=853 leaderGoals trade=0 mission=18 emission=Dormant nextIn=7gmin desperate=0 hungry=0 interval deaths=18 combats=29 tasks=190 gearLoot=1 gearBuy=0 missions=0 corpseDespawn=57 trickleSpawns=0 ranks=[Rookie:287,Trainee:4,Experienced:2] goals=[Idle:143,FleeEmission::18] leaders: Andriy[Rookie/Idle], Bohdan[Rookie/FleeEmission:], Oleg[Rookie/Idle], Mikhail[Rookie/Idle], Andriy[Rookie/Idle]
[15:34:00] [TASK] Bohdan → GoToShelter (goal=FleeEmission)
[15:34:00] [GOAL] Bohdan achieved FleeEmission
[15:34:00] [TASK] Viktor → GoToShelter (goal=FleeEmission)
[15:34:00] [GOAL] Viktor achieved FleeEmission
[15:34:00] [TASK] Giorgi → GoToShelter (goal=FleeEmission)
[15:34:00] [GOAL] Giorgi achieved FleeEmission
[15:34:00] [TASK] Taras → GoToShelter (goal=FleeEmission)
[15:34:00] [GOAL] Taras achieved FleeEmission
[15:34:00] [TASK] Pavel → GoToShelter (goal=FleeEmission)
[15:34:00] [GOAL] Pavel achieved FleeEmission
[15:34:00] [TASK] Nikolai → GoToShelter (goal=FleeEmission)
[15:34:00] [GOAL] Nikolai achieved FleeEmission
[15:34:00] [TASK] Serhiy → GoToShelter (goal=FleeEmission)
[15:34:00] [GOAL] Serhiy achieved FleeEmission
[15:34:00] [TASK] Dmitri → GoToShelter (goal=FleeEmission)
[15:34:00] [GOAL] Dmitri achieved FleeEmission
[15:34:00] [TASK] Serhiy → GoToShelter (goal=FleeEmission)
[15:34:00] [GOAL] Serhiy achieved FleeEmission
[15:34:00] [TASK] Lasha → GoToShelter (goal=FleeEmission)
[15:34:00] [GOAL] Lasha achieved FleeEmission
[15:34:00] [TASK] Damir → GoToShelter (goal=FleeEmission)
[15:34:00] [GOAL] Damir achieved FleeEmission
[15:34:00] [COMBAT] Heinrich Shevchenko 'Ghost' killed Pseudodog using wpn_gauss
[15:34:00] [TASK] Serhiy → GoToShelter (goal=FleeEmission)
[15:34:00] [GOAL] Serhiy achieved FleeEmission
[15:34:00] [TASK] Igor → GoToShelter (goal=FleeEmission)
[15:34:00] [GOAL] Igor achieved FleeEmission
[15:34:00] [TASK] Taras → GoToShelter (goal=FleeEmission)
[15:34:00] [GOAL] Taras achieved FleeEmission
[15:34:00] [TASK] Ivan → GoToShelter (goal=FleeEmission)
[15:34:00] [GOAL] Ivan achieved FleeEmission
[15:34:00] [TASK] Vasyl → GoToShelter (goal=FleeEmission)
[15:34:00] [GOAL] Vasyl achieved FleeEmission
[15:34:02] [COMBAT] Rustam Ivanov 'Ash' killed PsyDog using wpn_svd
[15:34:02] [INBOUND] Initial +2 ctx.Stalkers, +1 mutants (remaining S=57 M=38)
[15:34:02] [TASK] Bohdan → GoToShelter (goal=FleeEmission)
[15:34:02] [GOAL] Bohdan achieved FleeEmission
[15:34:02] [TASK] Viktor → GoToShelter (goal=FleeEmission)
[15:34:02] [GOAL] Viktor achieved FleeEmission
[15:34:02] [TASK] Giorgi → GoToShelter (goal=FleeEmission)
[15:34:02] [GOAL] Giorgi achieved FleeEmission
[15:34:02] [TASK] Taras → GoToShelter (goal=FleeEmission)
[15:34:02] [GOAL] Taras achieved FleeEmission
[15:34:02] [TASK] Pavel → GoToShelter (goal=FleeEmission)
[15:34:02] [GOAL] Pavel achieved FleeEmission
[15:34:02] [TASK] Nikolai → GoToShelter (goal=FleeEmission)
[15:34:02] [GOAL] Nikolai achieved FleeEmission
[15:34:02] [TASK] Serhiy → GoToShelter (goal=FleeEmission)
[15:34:02] [GOAL] Serhiy achieved FleeEmission
[15:34:02] [TASK] Dmitri → GoToShelter (goal=FleeEmission)
[15:34:02] [GOAL] Dmitri achieved FleeEmission
[15:34:02] [TASK] Serhiy → GoToShelter (goal=FleeEmission)
[15:34:02] [GOAL] Serhiy achieved FleeEmission
[15:34:02] [TASK] Lasha → GoToShelter (goal=FleeEmission)
[15:34:02] [GOAL] Lasha achieved FleeEmission
[15:34:02] [TASK] Damir → GoToShelter (goal=FleeEmission)
[15:34:02] [GOAL] Damir achieved FleeEmission
[15:34:02] [TASK] Serhiy → GoToShelter (goal=FleeEmission)
[15:34:02] [GOAL] Serhiy achieved FleeEmission
[15:34:02] [TASK] Igor → GoToShelter (goal=FleeEmission)
[15:34:02] [GOAL] Igor achieved FleeEmission
[15:34:02] [TASK] Taras → GoToShelter (goal=FleeEmission)
[15:34:02] [GOAL] Taras achieved FleeEmission
[15:34:02] [TASK] Ivan → GoToShelter (goal=FleeEmission)
[15:34:02] [GOAL] Ivan achieved FleeEmission
[15:34:04] [COMBAT] Nikolai Ivanov 'Ghost' killed Dog using wpn_gauss
[15:34:05] [INBOUND] Initial +3 ctx.Stalkers, +1 mutants (remaining S=54 M=37)
[15:34:05] [TASK] Bohdan → GoToShelter (goal=FleeEmission)
[15:34:05] [GOAL] Bohdan achieved FleeEmission
[15:34:05] [TASK] Viktor → GoToShelter (goal=FleeEmission)
[15:34:05] [GOAL] Viktor achieved FleeEmission
[15:34:05] [TASK] Giorgi → GoToShelter (goal=FleeEmission)
[15:34:05] [GOAL] Giorgi achieved FleeEmission
[15:34:05] [TASK] Taras → GoToShelter (goal=FleeEmission)
[15:34:05] [GOAL] Taras achieved FleeEmission
[15:34:05] [TASK] Pavel → GoToShelter (goal=FleeEmission)
[15:34:05] [GOAL] Pavel achieved FleeEmission
[15:34:05] [TASK] Nikolai → GoToShelter (goal=FleeEmission)
[15:34:05] [GOAL] Nikolai achieved FleeEmission
[15:34:05] [TASK] Serhiy → GoToShelter (goal=FleeEmission)
[15:34:05] [GOAL] Serhiy achieved FleeEmission
[15:34:05] [TASK] Dmitri → GoToShelter (goal=FleeEmission)
[15:34:05] [GOAL] Dmitri achieved FleeEmission
[15:34:05] [TASK] Serhiy → GoToShelter (goal=FleeEmission)
[15:34:05] [GOAL] Serhiy achieved FleeEmission
[15:34:05] [TASK] Lasha → GoToShelter (goal=FleeEmission)
[15:34:05] [GOAL] Lasha achieved FleeEmission
[15:34:05] [TASK] Damir → GoToShelter (goal=FleeEmission)
[15:34:05] [GOAL] Damir achieved FleeEmission
[15:34:05] [TASK] Serhiy → GoToShelter (goal=FleeEmission)
[15:34:05] [GOAL] Serhiy achieved FleeEmission
[15:34:05] [TASK] Igor → GoToShelter (goal=FleeEmission)
[15:34:05] [GOAL] Igor achieved FleeEmission
[15:34:05] [TASK] Taras → GoToShelter (goal=FleeEmission)
[15:34:05] [GOAL] Taras achieved FleeEmission
[15:34:05] [TASK] Ivan → GoToShelter (goal=FleeEmission)
[15:34:05] [GOAL] Ivan achieved FleeEmission
[15:34:05] [TASK] Vasyl → GoToShelter (goal=FleeEmission)
[15:34:05] [GOAL] Vasyl achieved FleeEmission
[15:34:05] [TASK] Yuriy → GoToShelter (goal=FleeEmission)
[15:34:05] [GOAL] Yuriy achieved FleeEmission
[15:34:07] [INBOUND] Initial +2 ctx.Stalkers, +2 mutants (remaining S=52 M=35)
[15:34:07] [COMBAT] Sean Ivanov 'Raven' killed Controller using wpn_aksu
[15:34:07] [TASK] Bohdan → GoToShelter (goal=FleeEmission)
[15:34:07] [GOAL] Bohdan achieved FleeEmission
[15:34:07] [TASK] Viktor → GoToShelter (goal=FleeEmission)
[15:34:07] [GOAL] Viktor achieved FleeEmission
[15:34:07] [TASK] Giorgi → GoToShelter (goal=FleeEmission)
[15:34:07] [GOAL] Giorgi achieved FleeEmission
[15:34:07] [TASK] Taras → GoToShelter (goal=FleeEmission)
[15:34:07] [GOAL] Taras achieved FleeEmission
[15:34:07] [TASK] Pavel → GoToShelter (goal=FleeEmission)
[15:34:07] [GOAL] Pavel achieved FleeEmission
[15:34:07] [TASK] Nikolai → GoToShelter (goal=FleeEmission)
[15:34:07] [GOAL] Nikolai achieved FleeEmission
[15:34:07] [TASK] Serhiy → GoToShelter (goal=FleeEmission)
[15:34:07] [GOAL] Serhiy achieved FleeEmission
[15:34:07] [TASK] Dmitri → GoToShelter (goal=FleeEmission)
[15:34:07] [GOAL] Dmitri achieved FleeEmission
[15:34:07] [TASK] Serhiy → GoToShelter (goal=FleeEmission)
[15:34:07] [GOAL] Serhiy achieved FleeEmission
[15:34:07] [COMBAT] Andrei Shevchenko 'Fox' killed Pseudodog using wpn_vintorez
[15:34:07] [TASK] Lasha → GoToShelter (goal=FleeEmission)
[15:34:07] [GOAL] Lasha achieved FleeEmission
[15:34:07] [TASK] Damir → GoToShelter (goal=FleeEmission)
[15:34:07] [GOAL] Damir achieved FleeEmission
[15:34:07] [TASK] Serhiy → GoToShelter (goal=FleeEmission)
[15:34:07] [GOAL] Serhiy achieved FleeEmission
[15:34:07] [TASK] Igor → GoToShelter (goal=FleeEmission)
[15:34:07] [GOAL] Igor achieved FleeEmission
[15:34:07] [TASK] Taras → GoToShelter (goal=FleeEmission)
[15:34:07] [GOAL] Taras achieved FleeEmission
[15:34:07] [TASK] Ivan → GoToShelter (goal=FleeEmission)
[15:34:07] [GOAL] Ivan achieved FleeEmission
[15:34:07] [TASK] Nikolai → GoToShelter (goal=FleeEmission)
[15:34:07] [GOAL] Nikolai achieved FleeEmission
[15:34:07] [TASK] Pavel → GoToShelter (goal=FleeEmission)
[15:34:07] [GOAL] Pavel achieved FleeEmission
[15:34:09] [COMBAT] Andrei Sokolov 'Badger' killed Oleksiy Volkov 'Stitch' using wpn_ak74
[15:34:09] [COMBAT] Mikhail Bondarenko 'Badger' killed Pavel Shevchenko 'Phantom' using wpn_pm
[15:34:09] [GEAR] Mikhail looted [wpn_fn2000, arm_exo, helm_helm_tactic] via combat
[15:34:10] [INBOUND] Initial +2 ctx.Stalkers, +1 mutants (remaining S=50 M=34)
[15:34:10] [TASK] Bohdan → GoToShelter (goal=FleeEmission)
[15:34:10] [GOAL] Bohdan achieved FleeEmission
[15:34:10] [TASK] Viktor → GoToShelter (goal=FleeEmission)
[15:34:10] [GOAL] Viktor achieved FleeEmission
[15:34:10] [TASK] Giorgi → GoToShelter (goal=FleeEmission)
[15:34:10] [GOAL] Giorgi achieved FleeEmission
[15:34:10] [TASK] Taras → GoToShelter (goal=FleeEmission)
[15:34:10] [GOAL] Taras achieved FleeEmission
[15:34:10] [TASK] Nikolai → GoToShelter (goal=FleeEmission)
[15:34:10] [GOAL] Nikolai achieved FleeEmission
[15:34:10] [TASK] Serhiy → GoToShelter (goal=FleeEmission)
[15:34:10] [GOAL] Serhiy achieved FleeEmission
[15:34:10] [TASK] Dmitri → GoToShelter (goal=FleeEmission)
[15:34:10] [GOAL] Dmitri achieved FleeEmission
[15:34:10] [TASK] Serhiy → GoToShelter (goal=FleeEmission)
[15:34:10] [GOAL] Serhiy achieved FleeEmission
[15:34:10] [TASK] Lasha → GoToShelter (goal=FleeEmission)
[15:34:10] [GOAL] Lasha achieved FleeEmission
[15:34:10] [TASK] Damir → GoToShelter (goal=FleeEmission)
[15:34:10] [GOAL] Damir achieved FleeEmission
[15:34:10] [TASK] Serhiy → GoToShelter (goal=FleeEmission)
[15:34:10] [GOAL] Serhiy achieved FleeEmission
[15:34:10] [TASK] Igor → GoToShelter (goal=FleeEmission)
[15:34:10] [GOAL] Igor achieved FleeEmission
[15:34:10] [TASK] Taras → GoToShelter (goal=FleeEmission)
[15:34:10] [GOAL] Taras achieved FleeEmission
[15:34:10] [TASK] Ivan → GoToShelter (goal=FleeEmission)
[15:34:10] [GOAL] Ivan achieved FleeEmission
[15:34:12] [COMBAT] Tobias Volkov 'Broken Nose' killed Boar using wpn_rg6
[15:34:12] [INBOUND] Initial +2 ctx.Stalkers, +2 mutants (remaining S=48 M=32)
[15:34:12] [TASK] Bohdan → GoToShelter (goal=FleeEmission)
[15:34:12] [GOAL] Bohdan achieved FleeEmission
[15:34:12] [TASK] Viktor → GoToShelter (goal=FleeEmission)
[15:34:12] [GOAL] Viktor achieved FleeEmission
[15:34:12] [TASK] Giorgi → GoToShelter (goal=FleeEmission)
[15:34:12] [GOAL] Giorgi achieved FleeEmission
[15:34:12] [TASK] Taras → GoToShelter (goal=FleeEmission)
[15:34:12] [GOAL] Taras achieved FleeEmission
[15:34:12] [TASK] Nikolai → GoToShelter (goal=FleeEmission)
[15:34:12] [GOAL] Nikolai achieved FleeEmission
[15:34:12] [TASK] Serhiy → GoToShelter (goal=FleeEmission)
[15:34:12] [GOAL] Serhiy achieved FleeEmission
[15:34:12] [TASK] Dmitri → GoToShelter (goal=FleeEmission)
[15:34:12] [GOAL] Dmitri achieved FleeEmission
[15:34:12] [TASK] Serhiy → GoToShelter (goal=FleeEmission)
[15:34:12] [GOAL] Serhiy achieved FleeEmission
[15:34:12] [TASK] Lasha → GoToShelter (goal=FleeEmission)
[15:34:12] [GOAL] Lasha achieved FleeEmission
[15:34:12] [TASK] Damir → GoToShelter (goal=FleeEmission)
[15:34:12] [GOAL] Damir achieved FleeEmission
[15:34:12] [TASK] Serhiy → GoToShelter (goal=FleeEmission)
[15:34:12] [GOAL] Serhiy achieved FleeEmission
[15:34:12] [TASK] Igor → GoToShelter (goal=FleeEmission)
[15:34:12] [GOAL] Igor achieved FleeEmission
[15:34:12] [TASK] Taras → GoToShelter (goal=FleeEmission)
[15:34:12] [GOAL] Taras achieved FleeEmission
[15:34:12] [TASK] Ivan → GoToShelter (goal=FleeEmission)
[15:34:12] [GOAL] Ivan achieved FleeEmission
[15:34:12] [TASK] Yuriy → GoToShelter (goal=FleeEmission)
[15:34:12] [GOAL] Yuriy achieved FleeEmission
[15:34:14] [COMBAT] Yuriy Popov 'Bone' killed Snork using wpn_fn2000
[15:34:15] [INBOUND] Initial +2 ctx.Stalkers, +1 mutants (remaining S=46 M=31)
[15:34:15] [TASK] Bohdan → GoToShelter (goal=FleeEmission)
[15:34:15] [GOAL] Bohdan achieved FleeEmission
[15:34:15] [TASK] Viktor → GoToShelter (goal=FleeEmission)
[15:34:15] [GOAL] Viktor achieved FleeEmission
[15:34:15] [TASK] Giorgi → GoToShelter (goal=FleeEmission)
[15:34:15] [GOAL] Giorgi achieved FleeEmission
[15:34:15] [TASK] Taras → GoToShelter (goal=FleeEmission)
[15:34:15] [GOAL] Taras achieved FleeEmission
[15:34:15] [TASK] Nikolai → GoToShelter (goal=FleeEmission)
[15:34:15] [GOAL] Nikolai achieved FleeEmission
[15:34:15] [TASK] Serhiy → GoToShelter (goal=FleeEmission)
[15:34:15] [GOAL] Serhiy achieved FleeEmission
[15:34:15] [TASK] Dmitri → GoToShelter (goal=FleeEmission)
[15:34:15] [GOAL] Dmitri achieved FleeEmission
[15:34:15] [TASK] Serhiy → GoToShelter (goal=FleeEmission)
[15:34:15] [GOAL] Serhiy achieved FleeEmission
[15:34:15] [TASK] Lasha → GoToShelter (goal=FleeEmission)
[15:34:15] [GOAL] Lasha achieved FleeEmission
[15:34:15] [TASK] Damir → GoToShelter (goal=FleeEmission)
[15:34:15] [GOAL] Damir achieved FleeEmission
[15:34:15] [TASK] Serhiy → GoToShelter (goal=FleeEmission)
[15:34:15] [GOAL] Serhiy achieved FleeEmission
[15:34:15] [TASK] Igor → GoToShelter (goal=FleeEmission)
[15:34:15] [GOAL] Igor achieved FleeEmission
[15:34:15] [TASK] Taras → GoToShelter (goal=FleeEmission)
[15:34:15] [GOAL] Taras achieved FleeEmission
[15:34:15] [TASK] Ivan → GoToShelter (goal=FleeEmission)
[15:34:15] [GOAL] Ivan achieved FleeEmission
[15:34:15] [TASK] Igor → GoToShelter (goal=FleeEmission)
[15:34:15] [GOAL] Igor achieved FleeEmission
[15:34:15] [TASK] Sergei → GoToShelter (goal=FleeEmission)
[15:34:15] [GOAL] Sergei achieved FleeEmission
[15:34:16] [COMBAT] Bohdan Bondarenko 'Scar' killed Snork using wpn_vintorez
[15:34:17] [COMBAT] Oleksiy Bondarenko 'Viper' killed Rat using wpn_ak74
[15:34:17] [COMBAT] Karl Melnyk 'Jackal' killed Poltergeist using wpn_sg550
[15:34:17] [INBOUND] Initial +2 ctx.Stalkers, +1 mutants (remaining S=44 M=30)
[15:34:18] [INBOUND] Initial +2 ctx.Stalkers, +2 mutants (remaining S=42 M=28)
[15:34:18] [CORPSE] Despawned 30 bodies (lifetime=1428)
[15:34:18] [TASK] Bohdan → GoToShelter (goal=FleeEmission)
[15:34:18] [GOAL] Bohdan achieved FleeEmission
[15:34:18] [TASK] Viktor → GoToShelter (goal=FleeEmission)
[15:34:18] [GOAL] Viktor achieved FleeEmission
[15:34:18] [TASK] Giorgi → GoToShelter (goal=FleeEmission)
[15:34:18] [GOAL] Giorgi achieved FleeEmission
[15:34:18] [TASK] Taras → GoToShelter (goal=FleeEmission)
[15:34:18] [GOAL] Taras achieved FleeEmission
[15:34:18] [TASK] Nikolai → GoToShelter (goal=FleeEmission)
[15:34:18] [GOAL] Nikolai achieved FleeEmission
[15:34:18] [TASK] Serhiy → GoToShelter (goal=FleeEmission)
[15:34:18] [GOAL] Serhiy achieved FleeEmission
[15:34:18] [TASK] Dmitri → GoToShelter (goal=FleeEmission)
[15:34:18] [GOAL] Dmitri achieved FleeEmission
[15:34:18] [TASK] Serhiy → GoToShelter (goal=FleeEmission)
[15:34:18] [GOAL] Serhiy achieved FleeEmission
[15:34:18] [TASK] Lasha → GoToShelter (goal=FleeEmission)
[15:34:18] [GOAL] Lasha achieved FleeEmission
[15:34:18] [TASK] Damir → GoToShelter (goal=FleeEmission)
[15:34:18] [GOAL] Damir achieved FleeEmission
[15:34:18] [TASK] Serhiy → GoToShelter (goal=FleeEmission)
[15:34:18] [GOAL] Serhiy achieved FleeEmission
[15:34:18] [TASK] Igor → GoToShelter (goal=FleeEmission)
[15:34:18] [GOAL] Igor achieved FleeEmission
[15:34:18] [TASK] Taras → GoToShelter (goal=FleeEmission)
[15:34:18] [GOAL] Taras achieved FleeEmission
[15:34:18] [TASK] Ivan → GoToShelter (goal=FleeEmission)
[15:34:18] [GOAL] Ivan achieved FleeEmission
[15:34:18] [TASK] Nikolai → GoToShelter (goal=FleeEmission)
[15:34:18] [GOAL] Nikolai achieved FleeEmission
[15:34:21] [INBOUND] Initial +2 ctx.Stalkers, +1 mutants (remaining S=40 M=27)
[15:34:21] [TASK] Bohdan → GoToShelter (goal=FleeEmission)
[15:34:21] [GOAL] Bohdan achieved FleeEmission
[15:34:21] [TASK] Viktor → GoToShelter (goal=FleeEmission)
[15:34:21] [GOAL] Viktor achieved FleeEmission
[15:34:21] [TASK] Giorgi → GoToShelter (goal=FleeEmission)
[15:34:21] [GOAL] Giorgi achieved FleeEmission
[15:34:21] [TASK] Taras → GoToShelter (goal=FleeEmission)
[15:34:21] [GOAL] Taras achieved FleeEmission
[15:34:21] [TASK] Nikolai → GoToShelter (goal=FleeEmission)
[15:34:21] [GOAL] Nikolai achieved FleeEmission
[15:34:21] [TASK] Serhiy → GoToShelter (goal=FleeEmission)
[15:34:21] [GOAL] Serhiy achieved FleeEmission
[15:34:21] [TASK] Dmitri → GoToShelter (goal=FleeEmission)
[15:34:21] [GOAL] Dmitri achieved FleeEmission
[15:34:21] [TASK] Serhiy → GoToShelter (goal=FleeEmission)
[15:34:21] [GOAL] Serhiy achieved FleeEmission
[15:34:21] [TASK] Lasha → GoToShelter (goal=FleeEmission)
[15:34:21] [GOAL] Lasha achieved FleeEmission
[15:34:21] [TASK] Damir → GoToShelter (goal=FleeEmission)
[15:34:21] [GOAL] Damir achieved FleeEmission
[15:34:21] [TASK] Serhiy → GoToShelter (goal=FleeEmission)
[15:34:21] [GOAL] Serhiy achieved FleeEmission
[15:34:21] [TASK] Igor → GoToShelter (goal=FleeEmission)
[15:34:21] [GOAL] Igor achieved FleeEmission
[15:34:21] [TASK] Taras → GoToShelter (goal=FleeEmission)
[15:34:21] [GOAL] Taras achieved FleeEmission
[15:34:21] [TASK] Ivan → GoToShelter (goal=FleeEmission)
[15:34:21] [GOAL] Ivan achieved FleeEmission
[15:34:21] [TASK] Nikolai → GoToShelter (goal=FleeEmission)
[15:34:21] [GOAL] Nikolai achieved FleeEmission
[15:34:21] [TASK] Oleg → GoToShelter (goal=FleeEmission)
[15:34:21] [GOAL] Oleg achieved FleeEmission
[15:34:23] [INBOUND] Initial +2 ctx.Stalkers, +1 mutants (remaining S=38 M=26)
[15:34:23] [TASK] Bohdan → GoToShelter (goal=FleeEmission)
[15:34:23] [GOAL] Bohdan achieved FleeEmission
[15:34:23] [TASK] Viktor → GoToShelter (goal=FleeEmission)
[15:34:23] [GOAL] Viktor achieved FleeEmission
[15:34:23] [TASK] Giorgi → GoToShelter (goal=FleeEmission)
[15:34:23] [GOAL] Giorgi achieved FleeEmission
[15:34:23] [TASK] Taras → GoToShelter (goal=FleeEmission)
[15:34:23] [GOAL] Taras achieved FleeEmission
[15:34:23] [TASK] Nikolai → GoToShelter (goal=FleeEmission)
[15:34:23] [GOAL] Nikolai achieved FleeEmission
[15:34:23] [TASK] Serhiy → GoToShelter (goal=FleeEmission)
[15:34:23] [GOAL] Serhiy achieved FleeEmission
[15:34:23] [TASK] Dmitri → GoToShelter (goal=FleeEmission)
[15:34:23] [GOAL] Dmitri achieved FleeEmission
[15:34:23] [TASK] Serhiy → GoToShelter (goal=FleeEmission)
[15:34:23] [GOAL] Serhiy achieved FleeEmission
[15:34:23] [TASK] Lasha → GoToShelter (goal=FleeEmission)
[15:34:23] [GOAL] Lasha achieved FleeEmission
[15:34:23] [TASK] Damir → GoToShelter (goal=FleeEmission)
[15:34:23] [GOAL] Damir achieved FleeEmission
[15:34:23] [TASK] Serhiy → GoToShelter (goal=FleeEmission)
[15:34:23] [GOAL] Serhiy achieved FleeEmission
[15:34:23] [TASK] Igor → GoToShelter (goal=FleeEmission)
[15:34:23] [GOAL] Igor achieved FleeEmission
[15:34:23] [TASK] Taras → GoToShelter (goal=FleeEmission)
[15:34:23] [GOAL] Taras achieved FleeEmission
[15:34:23] [TASK] Ivan → GoToShelter (goal=FleeEmission)
[15:34:23] [GOAL] Ivan achieved FleeEmission
[15:34:23] [TASK] Mikhail → GoToShelter (goal=FleeEmission)
[15:34:23] [GOAL] Mikhail achieved FleeEmission
[15:34:23] [TASK] Nikolai → GoToShelter (goal=FleeEmission)
[15:34:23] [GOAL] Nikolai achieved FleeEmission
[15:34:23] [TASK] Yuriy → GoToShelter (goal=FleeEmission)
[15:34:23] [GOAL] Yuriy achieved FleeEmission
[15:34:26] [COMBAT] Taras Petrov 'Badger' killed Dog using wpn_aksu
[15:34:26] [COMBAT] Yuriy Popov 'Ash' killed Burer using wpn_fn2000
[15:34:26] [INBOUND] Initial +2 ctx.Stalkers, +2 mutants (remaining S=36 M=24)
[15:34:27] [COMBAT] Andrei Ivanov 'Fox' killed Pseudodog using wpn_mp5
[15:34:27] [COMBAT] Zura Popov 'Viper' killed Pseudodog using wpn_val
[15:34:27] [TASK] Ivan → GoToShelter (goal=FleeEmission)
[15:34:27] [GOAL] Ivan achieved FleeEmission
[15:34:27] [TASK] Nikolai → GoToShelter (goal=FleeEmission)
[15:34:27] [GOAL] Nikolai achieved FleeEmission
[15:34:27] [TASK] Timur → GoToShelter (goal=FleeEmission)
[15:34:27] [GOAL] Timur achieved FleeEmission
[15:34:27] [TASK] Andriy → GoToShelter (goal=FleeEmission)
[15:34:27] [GOAL] Andriy achieved FleeEmission
[15:34:27] [INBOUND] Initial +2 ctx.Stalkers, +1 mutants (remaining S=34 M=23)
[15:34:27] [TASK] Bohdan → GoToShelter (goal=FleeEmission)
[15:34:27] [GOAL] Bohdan achieved FleeEmission
[15:34:27] [TASK] Viktor → GoToShelter (goal=FleeEmission)
[15:34:27] [GOAL] Viktor achieved FleeEmission
[15:34:27] [TASK] Giorgi → GoToShelter (goal=FleeEmission)
[15:34:27] [GOAL] Giorgi achieved FleeEmission
[15:34:27] [TASK] Taras → GoToShelter (goal=FleeEmission)
[15:34:27] [GOAL] Taras achieved FleeEmission
[15:34:27] [TASK] Nikolai → GoToShelter (goal=FleeEmission)
[15:34:27] [GOAL] Nikolai achieved FleeEmission
[15:34:27] [TASK] Serhiy → GoToShelter (goal=FleeEmission)
[15:34:27] [GOAL] Serhiy achieved FleeEmission
[15:34:27] [TASK] Dmitri → GoToShelter (goal=FleeEmission)
[15:34:27] [GOAL] Dmitri achieved FleeEmission
[15:34:27] [TASK] Serhiy → GoToShelter (goal=FleeEmission)
[15:34:27] [GOAL] Serhiy achieved FleeEmission
[15:34:27] [TASK] Lasha → GoToShelter (goal=FleeEmission)
[15:34:27] [GOAL] Lasha achieved FleeEmission
[15:34:27] [TASK] Damir → GoToShelter (goal=FleeEmission)
[15:34:27] [GOAL] Damir achieved FleeEmission
[15:34:27] [TASK] Serhiy → GoToShelter (goal=FleeEmission)
[15:34:27] [GOAL] Serhiy achieved FleeEmission
[15:34:27] [TASK] Igor → GoToShelter (goal=FleeEmission)
[15:34:27] [GOAL] Igor achieved FleeEmission
[15:34:27] [TASK] Taras → GoToShelter (goal=FleeEmission)
[15:34:27] [GOAL] Taras achieved FleeEmission
[15:34:29] [COMBAT] Vasyl Ivanov 'Raven' killed Snork using wpn_mp5
[15:34:29] [COMBAT] Yuriy Kovalenko 'Shadow' killed Timur Melnyk 'Ash' using wpn_aksu
[15:34:29] [GEAR] Yuriy looted [wpn_pkm, out_stalker_drought_outfit, helm_helm_m50] via combat
[15:34:30] [INBOUND] Initial +2 ctx.Stalkers, +2 mutants (remaining S=32 M=21)
[15:34:30] [SNAPSHOT] real=19.6min game=D0 01:10 alive S=296 M=308 corpses=499 lootable=251 gammaGear out=138 helm=249 avgRU=853 leaderGoals trade=0 mission=19 emission=Dormant nextIn=6gmin desperate=1 hungry=0 interval deaths=24 combats=39 tasks=175 gearLoot=2 gearBuy=0 missions=0 corpseDespawn=30 trickleSpawns=0 ranks=[Rookie:291,Trainee:3,Experienced:2] goals=[Idle:147,FleeEmission::19] leaders: Andriy[Rookie/Idle], Bohdan[Rookie/FleeEmission:], Oleg[Rookie/Idle], Mikhail[Rookie/Idle], Andriy[Rookie/Idle]
[15:34:30] [TASK] Bohdan → GoToShelter (goal=FleeEmission)
[15:34:30] [GOAL] Bohdan achieved FleeEmission
[15:34:30] [TASK] Viktor → GoToShelter (goal=FleeEmission)
[15:34:30] [GOAL] Viktor achieved FleeEmission
[15:34:30] [TASK] Giorgi → GoToShelter (goal=FleeEmission)
[15:34:30] [GOAL] Giorgi achieved FleeEmission
[15:34:30] [TASK] Taras → GoToShelter (goal=FleeEmission)
[15:34:30] [GOAL] Taras achieved FleeEmission
[15:34:30] [TASK] Nikolai → GoToShelter (goal=FleeEmission)
[15:34:30] [GOAL] Nikolai achieved FleeEmission
[15:34:30] [TASK] Serhiy → GoToShelter (goal=FleeEmission)
[15:34:30] [GOAL] Serhiy achieved FleeEmission
[15:34:30] [TASK] Dmitri → GoToShelter (goal=FleeEmission)
[15:34:30] [GOAL] Dmitri achieved FleeEmission
[15:34:30] [TASK] Serhiy → GoToShelter (goal=FleeEmission)
[15:34:30] [GOAL] Serhiy achieved FleeEmission
[15:34:30] [TASK] Lasha → GoToShelter (goal=FleeEmission)
[15:34:30] [GOAL] Lasha achieved FleeEmission
[15:34:30] [TASK] Damir → GoToShelter (goal=FleeEmission)
[15:34:30] [GOAL] Damir achieved FleeEmission
[15:34:30] [TASK] Serhiy → GoToShelter (goal=FleeEmission)
[15:34:30] [GOAL] Serhiy achieved FleeEmission
[15:34:30] [TASK] Igor → GoToShelter (goal=FleeEmission)
[15:34:30] [GOAL] Igor achieved FleeEmission
[15:34:30] [TASK] Taras → GoToShelter (goal=FleeEmission)
[15:34:30] [GOAL] Taras achieved FleeEmission
[15:34:30] [TASK] Frank → GoToShelter (goal=FleeEmission)
[15:34:30] [GOAL] Frank achieved FleeEmission
[15:34:30] [TASK] Ivan → GoToShelter (goal=FleeEmission)
[15:34:30] [GOAL] Ivan achieved FleeEmission
[15:34:30] [TASK] Nikolai → GoToShelter (goal=FleeEmission)
[15:34:30] [GOAL] Nikolai achieved FleeEmission
[15:34:30] [TASK] Andriy → GoToShelter (goal=FleeEmission)
[15:34:30] [GOAL] Andriy achieved FleeEmission
[15:34:30] [TASK] Vasyl → GoToShelter (goal=FleeEmission)
[15:34:30] [GOAL] Vasyl achieved FleeEmission
[15:34:32] [INBOUND] Initial +2 ctx.Stalkers, +1 mutants (remaining S=30 M=20)
[15:34:32] [TASK] Bohdan → GoToShelter (goal=FleeEmission)
[15:34:32] [GOAL] Bohdan achieved FleeEmission
[15:34:32] [TASK] Viktor → GoToShelter (goal=FleeEmission)
[15:34:32] [GOAL] Viktor achieved FleeEmission
[15:34:32] [TASK] Giorgi → GoToShelter (goal=FleeEmission)
[15:34:32] [GOAL] Giorgi achieved FleeEmission
[15:34:33] [TASK] Taras → GoToShelter (goal=FleeEmission)
[15:34:33] [GOAL] Taras achieved FleeEmission
[15:34:33] [TASK] Nikolai → GoToShelter (goal=FleeEmission)
[15:34:33] [GOAL] Nikolai achieved FleeEmission
[15:34:33] [TASK] Serhiy → GoToShelter (goal=FleeEmission)
[15:34:33] [GOAL] Serhiy achieved FleeEmission
[15:34:33] [TASK] Dmitri → GoToShelter (goal=FleeEmission)
[15:34:33] [GOAL] Dmitri achieved FleeEmission
[15:34:33] [TASK] Serhiy → GoToShelter (goal=FleeEmission)
[15:34:33] [GOAL] Serhiy achieved FleeEmission
[15:34:33] [TASK] Lasha → GoToShelter (goal=FleeEmission)
[15:34:33] [GOAL] Lasha achieved FleeEmission
[15:34:33] [TASK] Damir → GoToShelter (goal=FleeEmission)
[15:34:33] [GOAL] Damir achieved FleeEmission
[15:34:33] [TASK] Serhiy → GoToShelter (goal=FleeEmission)
[15:34:33] [GOAL] Serhiy achieved FleeEmission
[15:34:33] [TASK] Igor → GoToShelter (goal=FleeEmission)
[15:34:33] [GOAL] Igor achieved FleeEmission
[15:34:33] [TASK] Taras → GoToShelter (goal=FleeEmission)
[15:34:33] [GOAL] Taras achieved FleeEmission
[15:34:33] [TASK] Ivan → GoToShelter (goal=FleeEmission)
[15:34:33] [GOAL] Ivan achieved FleeEmission
[15:34:33] [TASK] Nikolai → GoToShelter (goal=FleeEmission)
[15:34:33] [GOAL] Nikolai achieved FleeEmission
[15:34:33] [TASK] Andriy → GoToShelter (goal=FleeEmission)
[15:34:33] [GOAL] Andriy achieved FleeEmission
[15:34:33] [TASK] Serhiy → GoToShelter (goal=FleeEmission)
[15:34:33] [GOAL] Serhiy achieved FleeEmission
[15:34:34] [TASK] Taras → GoToShelter (goal=FleeEmission)
[15:34:34] [GOAL] Taras achieved FleeEmission
[15:34:34] [TASK] Nikolai → GoToShelter (goal=FleeEmission)
[15:34:34] [GOAL] Nikolai achieved FleeEmission
[15:34:34] [TASK] Serhiy → GoToShelter (goal=FleeEmission)
[15:34:34] [GOAL] Serhiy achieved FleeEmission
[15:34:34] [TASK] Dmitri → GoToShelter (goal=FleeEmission)
[15:34:34] [GOAL] Dmitri achieved FleeEmission
[15:34:34] [TASK] Serhiy → GoToShelter (goal=FleeEmission)
[15:34:34] [GOAL] Serhiy achieved FleeEmission
[15:34:34] [TASK] Lasha → GoToShelter (goal=FleeEmission)
[15:34:34] [GOAL] Lasha achieved FleeEmission
[15:34:34] [TASK] Damir → GoToShelter (goal=FleeEmission)
[15:34:34] [GOAL] Damir achieved FleeEmission
[15:34:34] [TASK] Serhiy → GoToShelter (goal=FleeEmission)
[15:34:34] [GOAL] Serhiy achieved FleeEmission
[15:34:34] [TASK] Igor → GoToShelter (goal=FleeEmission)
[15:34:34] [GOAL] Igor achieved FleeEmission
[15:34:34] [TASK] Taras → GoToShelter (goal=FleeEmission)
[15:34:34] [GOAL] Taras achieved FleeEmission
[15:34:34] [TASK] Ivan → GoToShelter (goal=FleeEmission)
[15:34:34] [GOAL] Ivan achieved FleeEmission
[15:34:34] [TASK] Nikolai → GoToShelter (goal=FleeEmission)
[15:34:34] [GOAL] Nikolai achieved FleeEmission
[15:34:34] [TASK] Andriy → GoToShelter (goal=FleeEmission)
[15:34:34] [GOAL] Andriy achieved FleeEmission
[15:34:34] [TASK] Yuriy → GoToShelter (goal=FleeEmission)
[15:34:34] [GOAL] Yuriy achieved FleeEmission
[15:34:34] [TASK] Bohdan → GoToShelter (goal=FleeEmission)
[15:34:34] [GOAL] Bohdan achieved FleeEmission
[15:34:34] [TASK] Viktor → GoToShelter (goal=FleeEmission)
[15:34:34] [GOAL] Viktor achieved FleeEmission
[15:34:34] [TASK] Giorgi → GoToShelter (goal=FleeEmission)
[15:34:34] [GOAL] Giorgi achieved FleeEmission
[15:34:35] [COMBAT] Yuriy Bondarenko 'Mole' killed Tushkano using wpn_mp5
[15:34:36] [COMBAT] Taras Ivanov 'Crow' killed Dog using wpn_ak74
[15:34:36] [COMBAT] Igor Petrov 'Stitch' killed Bloodsucker using wpn_gauss
[15:34:37] [INBOUND] Initial +3 ctx.Stalkers, +1 mutants (remaining S=27 M=19)
[15:34:37] [RANK] Yuriy Popov 'Bone' → Experienced
[15:34:37] [COMBAT] Yuriy Popov 'Bone' killed Rat using wpn_fn2000
[15:34:37] [TASK] Bohdan → GoToShelter (goal=FleeEmission)
[15:34:37] [GOAL] Bohdan achieved FleeEmission
[15:34:37] [TASK] Viktor → GoToShelter (goal=FleeEmission)
[15:34:37] [GOAL] Viktor achieved FleeEmission
[15:34:37] [TASK] Giorgi → GoToShelter (goal=FleeEmission)
[15:34:37] [GOAL] Giorgi achieved FleeEmission
[15:34:37] [TASK] Dmytro → GoToShelter (goal=FleeEmission)
[15:34:37] [GOAL] Dmytro achieved FleeEmission
[15:34:37] [TASK] Taras → GoToShelter (goal=FleeEmission)
[15:34:37] [GOAL] Taras achieved FleeEmission
[15:34:37] [TASK] Nikolai → GoToShelter (goal=FleeEmission)
[15:34:37] [GOAL] Nikolai achieved FleeEmission
[15:34:37] [TASK] Serhiy → GoToShelter (goal=FleeEmission)
[15:34:37] [GOAL] Serhiy achieved FleeEmission
[15:34:37] [TASK] Dmitri → GoToShelter (goal=FleeEmission)
[15:34:37] [GOAL] Dmitri achieved FleeEmission
[15:34:37] [TASK] Serhiy → GoToShelter (goal=FleeEmission)
[15:34:37] [GOAL] Serhiy achieved FleeEmission
[15:34:37] [TASK] Lasha → GoToShelter (goal=FleeEmission)
[15:34:37] [GOAL] Lasha achieved FleeEmission
[15:34:37] [TASK] Damir → GoToShelter (goal=FleeEmission)
[15:34:37] [GOAL] Damir achieved FleeEmission
[15:34:37] [TASK] Serhiy → GoToShelter (goal=FleeEmission)
[15:34:37] [GOAL] Serhiy achieved FleeEmission
[15:34:37] [TASK] Igor → GoToShelter (goal=FleeEmission)
[15:34:37] [GOAL] Igor achieved FleeEmission
[15:34:37] [TASK] Taras → GoToShelter (goal=FleeEmission)
[15:34:37] [GOAL] Taras achieved FleeEmission
[15:34:37] [TASK] Ivan → GoToShelter (goal=FleeEmission)
[15:34:37] [GOAL] Ivan achieved FleeEmission
[15:34:37] [TASK] Nikolai → GoToShelter (goal=FleeEmission)
[15:34:37] [GOAL] Nikolai achieved FleeEmission
[15:34:37] [TASK] Andriy → GoToShelter (goal=FleeEmission)
[15:34:37] [GOAL] Andriy achieved FleeEmission
[15:34:39] [COMBAT] Rustam Kovalenko 'Ash' killed Snork using wpn_aek971
[15:34:39] [COMBAT] Tobias Volkov 'Broken Nose' killed Fracture using wpn_rg6
[15:34:39] [INBOUND] Initial +2 ctx.Stalkers, +2 mutants (remaining S=25 M=17)
[15:34:39] [TASK] Bohdan → GoToShelter (goal=FleeEmission)
[15:34:39] [GOAL] Bohdan achieved FleeEmission
[15:34:39] [TASK] Viktor → GoToShelter (goal=FleeEmission)
[15:34:39] [GOAL] Viktor achieved FleeEmission
[15:34:39] [TASK] Giorgi → GoToShelter (goal=FleeEmission)
[15:34:39] [GOAL] Giorgi achieved FleeEmission
[15:34:39] [TASK] Taras → GoToShelter (goal=FleeEmission)
[15:34:39] [GOAL] Taras achieved FleeEmission
[15:34:40] [TASK] Nikolai → GoToShelter (goal=FleeEmission)
[15:34:40] [GOAL] Nikolai achieved FleeEmission
[15:34:40] [TASK] Serhiy → GoToShelter (goal=FleeEmission)
[15:34:40] [GOAL] Serhiy achieved FleeEmission
[15:34:40] [TASK] Dmitri → GoToShelter (goal=FleeEmission)
[15:34:40] [GOAL] Dmitri achieved FleeEmission
[15:34:40] [TASK] Serhiy → GoToShelter (goal=FleeEmission)
[15:34:40] [GOAL] Serhiy achieved FleeEmission
[15:34:40] [TASK] Lasha → GoToShelter (goal=FleeEmission)
[15:34:40] [GOAL] Lasha achieved FleeEmission
[15:34:40] [TASK] Damir → GoToShelter (goal=FleeEmission)
[15:34:40] [GOAL] Damir achieved FleeEmission
[15:34:40] [TASK] Serhiy → GoToShelter (goal=FleeEmission)
[15:34:40] [GOAL] Serhiy achieved FleeEmission
[15:34:40] [TASK] Igor → GoToShelter (goal=FleeEmission)
[15:34:40] [GOAL] Igor achieved FleeEmission
[15:34:40] [TASK] Taras → GoToShelter (goal=FleeEmission)
[15:34:40] [GOAL] Taras achieved FleeEmission
[15:34:40] [TASK] Ivan → GoToShelter (goal=FleeEmission)
[15:34:40] [GOAL] Ivan achieved FleeEmission
[15:34:40] [TASK] Nikolai → GoToShelter (goal=FleeEmission)
[15:34:40] [GOAL] Nikolai achieved FleeEmission
[15:34:40] [TASK] Andriy → GoToShelter (goal=FleeEmission)
[15:34:40] [GOAL] Andriy achieved FleeEmission
[15:34:42] [COMBAT] Nikolai Petrov 'Bone' killed Snork using wpn_toz34
[15:34:42] [COMBAT] Armen Bondarenko 'Viper' killed Bloodsucker using wpn_aksu
[15:34:42] [INBOUND] Initial +2 ctx.Stalkers, +1 mutants (remaining S=23 M=16)
[15:34:42] [COMBAT] Alibek Ivanov 'Phantom' killed Pseudogiant using wpn_gauss
[15:34:42] [TASK] Bohdan → GoToShelter (goal=FleeEmission)
[15:34:42] [GOAL] Bohdan achieved FleeEmission
[15:34:42] [TASK] Viktor → GoToShelter (goal=FleeEmission)
[15:34:42] [GOAL] Viktor achieved FleeEmission
[15:34:42] [TASK] Giorgi → GoToShelter (goal=FleeEmission)
[15:34:42] [GOAL] Giorgi achieved FleeEmission
[15:34:42] [TASK] Taras → GoToShelter (goal=FleeEmission)
[15:34:42] [GOAL] Taras achieved FleeEmission
[15:34:42] [TASK] Nikolai → GoToShelter (goal=FleeEmission)
[15:34:42] [GOAL] Nikolai achieved FleeEmission
[15:34:42] [TASK] Serhiy → GoToShelter (goal=FleeEmission)
[15:34:42] [GOAL] Serhiy achieved FleeEmission
[15:34:42] [TASK] Dmitri → GoToShelter (goal=FleeEmission)
[15:34:42] [GOAL] Dmitri achieved FleeEmission
[15:34:42] [TASK] Serhiy → GoToShelter (goal=FleeEmission)
[15:34:42] [GOAL] Serhiy achieved FleeEmission
[15:34:42] [TASK] Lasha → GoToShelter (goal=FleeEmission)
[15:34:42] [GOAL] Lasha achieved FleeEmission
[15:34:42] [TASK] Damir → GoToShelter (goal=FleeEmission)
[15:34:42] [GOAL] Damir achieved FleeEmission
[15:34:42] [TASK] Serhiy → GoToShelter (goal=FleeEmission)
[15:34:42] [GOAL] Serhiy achieved FleeEmission
[15:34:42] [TASK] Igor → GoToShelter (goal=FleeEmission)
[15:34:42] [GOAL] Igor achieved FleeEmission
[15:34:42] [TASK] Taras → GoToShelter (goal=FleeEmission)
[15:34:42] [GOAL] Taras achieved FleeEmission
[15:34:42] [TASK] Ivan → GoToShelter (goal=FleeEmission)
[15:34:42] [GOAL] Ivan achieved FleeEmission
[15:34:42] [TASK] Nikolai → GoToShelter (goal=FleeEmission)
[15:34:42] [GOAL] Nikolai achieved FleeEmission
[15:34:42] [TASK] Andriy → GoToShelter (goal=FleeEmission)
[15:34:42] [GOAL] Andriy achieved FleeEmission
[15:34:42] [TASK] Bohdan → GoToShelter (goal=FleeEmission)
[15:34:42] [GOAL] Bohdan achieved FleeEmission
[15:34:44] [COMBAT] Serhiy Ivanov 'Ash' killed PsyDog using wpn_ak74
[15:34:45] [INBOUND] Initial +2 ctx.Stalkers, +2 mutants (remaining S=21 M=14)
[15:34:45] [CORPSE] Despawned 29 bodies (lifetime=1457)
[15:34:45] [TASK] Bohdan → GoToShelter (goal=FleeEmission)
[15:34:45] [GOAL] Bohdan achieved FleeEmission
[15:34:45] [TASK] Viktor → GoToShelter (goal=FleeEmission)
[15:34:45] [GOAL] Viktor achieved FleeEmission
[15:34:45] [TASK] Giorgi → GoToShelter (goal=FleeEmission)
[15:34:45] [GOAL] Giorgi achieved FleeEmission
[15:34:45] [TASK] Taras → GoToShelter (goal=FleeEmission)
[15:34:45] [GOAL] Taras achieved FleeEmission
[15:34:45] [TASK] Nikolai → GoToShelter (goal=FleeEmission)
[15:34:45] [GOAL] Nikolai achieved FleeEmission
[15:34:45] [TASK] Serhiy → GoToShelter (goal=FleeEmission)
[15:34:45] [GOAL] Serhiy achieved FleeEmission
[15:34:45] [TASK] Dmitri → GoToShelter (goal=FleeEmission)
[15:34:45] [GOAL] Dmitri achieved FleeEmission
[15:34:45] [TASK] Serhiy → GoToShelter (goal=FleeEmission)
[15:34:45] [GOAL] Serhiy achieved FleeEmission
[15:34:45] [TASK] Lasha → GoToShelter (goal=FleeEmission)
[15:34:45] [GOAL] Lasha achieved FleeEmission
[15:34:45] [TASK] Damir → GoToShelter (goal=FleeEmission)
[15:34:45] [GOAL] Damir achieved FleeEmission
[15:34:45] [TASK] Serhiy → GoToShelter (goal=FleeEmission)
[15:34:45] [GOAL] Serhiy achieved FleeEmission
[15:34:45] [TASK] Igor → GoToShelter (goal=FleeEmission)
[15:34:45] [GOAL] Igor achieved FleeEmission
[15:34:45] [TASK] Taras → GoToShelter (goal=FleeEmission)
[15:34:45] [GOAL] Taras achieved FleeEmission
[15:34:45] [TASK] Ivan → GoToShelter (goal=FleeEmission)
[15:34:45] [GOAL] Ivan achieved FleeEmission
[15:34:45] [TASK] Nikolai → GoToShelter (goal=FleeEmission)
[15:34:45] [GOAL] Nikolai achieved FleeEmission
[15:34:45] [TASK] Andriy → GoToShelter (goal=FleeEmission)
[15:34:45] [GOAL] Andriy achieved FleeEmission
[15:34:45] [TASK] Jake → GoToShelter (goal=FleeEmission)
[15:34:45] [GOAL] Jake achieved FleeEmission
[15:34:47] [INBOUND] Initial +2 ctx.Stalkers, +1 mutants (remaining S=19 M=13)
[15:34:47] [TASK] Bohdan → GoToShelter (goal=FleeEmission)
[15:34:47] [GOAL] Bohdan achieved FleeEmission
[15:34:47] [TASK] Viktor → GoToShelter (goal=FleeEmission)
[15:34:47] [GOAL] Viktor achieved FleeEmission
[15:34:47] [TASK] Giorgi → GoToShelter (goal=FleeEmission)
[15:34:47] [GOAL] Giorgi achieved FleeEmission
[15:34:47] [TASK] Taras → GoToShelter (goal=FleeEmission)
[15:34:47] [GOAL] Taras achieved FleeEmission
[15:34:48] [TASK] Nikolai → GoToShelter (goal=FleeEmission)
[15:34:48] [GOAL] Nikolai achieved FleeEmission
[15:34:48] [TASK] Serhiy → GoToShelter (goal=FleeEmission)
[15:34:48] [GOAL] Serhiy achieved FleeEmission
[15:34:48] [TASK] Dmitri → GoToShelter (goal=FleeEmission)
[15:34:48] [GOAL] Dmitri achieved FleeEmission
[15:34:48] [TASK] Serhiy → GoToShelter (goal=FleeEmission)
[15:34:48] [GOAL] Serhiy achieved FleeEmission
[15:34:48] [TASK] Lasha → GoToShelter (goal=FleeEmission)
[15:34:48] [GOAL] Lasha achieved FleeEmission
[15:34:48] [TASK] Damir → GoToShelter (goal=FleeEmission)
[15:34:48] [GOAL] Damir achieved FleeEmission
[15:34:48] [TASK] Serhiy → GoToShelter (goal=FleeEmission)
[15:34:48] [GOAL] Serhiy achieved FleeEmission
[15:34:48] [TASK] Igor → GoToShelter (goal=FleeEmission)
[15:34:48] [GOAL] Igor achieved FleeEmission
[15:34:48] [TASK] Taras → GoToShelter (goal=FleeEmission)
[15:34:48] [GOAL] Taras achieved FleeEmission
[15:34:48] [TASK] Ivan → GoToShelter (goal=FleeEmission)
[15:34:48] [GOAL] Ivan achieved FleeEmission
[15:34:48] [TASK] Nikolai → GoToShelter (goal=FleeEmission)
[15:34:48] [GOAL] Nikolai achieved FleeEmission
[15:34:48] [TASK] Andriy → GoToShelter (goal=FleeEmission)
[15:34:48] [GOAL] Andriy achieved FleeEmission
[15:34:50] [INBOUND] Initial +2 ctx.Stalkers, +1 mutants (remaining S=17 M=12)
[15:34:50] [COMBAT] Mikhail Melnyk 'Ghost' killed Boar using wpn_mp5
[15:34:50] [TASK] Bohdan → GoToShelter (goal=FleeEmission)
[15:34:50] [GOAL] Bohdan achieved FleeEmission
[15:34:50] [TASK] Viktor → GoToShelter (goal=FleeEmission)
[15:34:50] [GOAL] Viktor achieved FleeEmission
[15:34:50] [TASK] Giorgi → GoToShelter (goal=FleeEmission)
[15:34:50] [GOAL] Giorgi achieved FleeEmission
[15:34:50] [TASK] Taras → GoToShelter (goal=FleeEmission)
[15:34:50] [GOAL] Taras achieved FleeEmission
[15:34:50] [TASK] Nikolai → GoToShelter (goal=FleeEmission)
[15:34:50] [GOAL] Nikolai achieved FleeEmission
[15:34:50] [TASK] Serhiy → GoToShelter (goal=FleeEmission)
[15:34:50] [GOAL] Serhiy achieved FleeEmission
[15:34:50] [TASK] Dmitri → GoToShelter (goal=FleeEmission)
[15:34:50] [GOAL] Dmitri achieved FleeEmission
[15:34:50] [TASK] Serhiy → GoToShelter (goal=FleeEmission)
[15:34:50] [GOAL] Serhiy achieved FleeEmission
[15:34:50] [TASK] Lasha → GoToShelter (goal=FleeEmission)
[15:34:50] [GOAL] Lasha achieved FleeEmission
[15:34:50] [TASK] Damir → GoToShelter (goal=FleeEmission)
[15:34:50] [GOAL] Damir achieved FleeEmission
[15:34:50] [TASK] Serhiy → GoToShelter (goal=FleeEmission)
[15:34:50] [GOAL] Serhiy achieved FleeEmission
[15:34:50] [TASK] Igor → GoToShelter (goal=FleeEmission)
[15:34:50] [GOAL] Igor achieved FleeEmission
[15:34:50] [TASK] Taras → GoToShelter (goal=FleeEmission)
[15:34:50] [GOAL] Taras achieved FleeEmission
[15:34:50] [TASK] Ivan → GoToShelter (goal=FleeEmission)
[15:34:50] [GOAL] Ivan achieved FleeEmission
[15:34:50] [TASK] Nikolai → GoToShelter (goal=FleeEmission)
[15:34:50] [GOAL] Nikolai achieved FleeEmission
[15:34:50] [TASK] Andriy → GoToShelter (goal=FleeEmission)
[15:34:50] [GOAL] Andriy achieved FleeEmission
[15:34:50] [TASK] Igor → GoToShelter (goal=FleeEmission)
[15:34:50] [GOAL] Igor achieved FleeEmission
[15:34:51] [COMBAT] Vasyl Petrenko 'Wolf' killed PsyDog using wpn_fn2000
[15:34:53] [INBOUND] Initial +2 ctx.Stalkers, +2 mutants (remaining S=15 M=10)
[15:34:53] [TASK] Bohdan → GoToShelter (goal=FleeEmission)
[15:34:53] [GOAL] Bohdan achieved FleeEmission
[15:34:53] [TASK] Viktor → GoToShelter (goal=FleeEmission)
[15:34:53] [GOAL] Viktor achieved FleeEmission
[15:34:53] [TASK] Giorgi → GoToShelter (goal=FleeEmission)
[15:34:53] [GOAL] Giorgi achieved FleeEmission
[15:34:53] [TASK] Taras → GoToShelter (goal=FleeEmission)
[15:34:53] [GOAL] Taras achieved FleeEmission
[15:34:53] [TASK] Nikolai → GoToShelter (goal=FleeEmission)
[15:34:53] [GOAL] Nikolai achieved FleeEmission
[15:34:53] [TASK] Serhiy → GoToShelter (goal=FleeEmission)
[15:34:53] [GOAL] Serhiy achieved FleeEmission
[15:34:53] [TASK] Dmitri → GoToShelter (goal=FleeEmission)
[15:34:53] [GOAL] Dmitri achieved FleeEmission
[15:34:53] [TASK] Serhiy → GoToShelter (goal=FleeEmission)
[15:34:53] [GOAL] Serhiy achieved FleeEmission
[15:34:53] [TASK] Lasha → GoToShelter (goal=FleeEmission)
[15:34:53] [GOAL] Lasha achieved FleeEmission
[15:34:53] [TASK] Damir → GoToShelter (goal=FleeEmission)
[15:34:53] [GOAL] Damir achieved FleeEmission
[15:34:53] [TASK] Nikolai → GoToShelter (goal=FleeEmission)
[15:34:53] [GOAL] Nikolai achieved FleeEmission
[15:34:53] [TASK] Igor → GoToShelter (goal=FleeEmission)
[15:34:53] [GOAL] Igor achieved FleeEmission
[15:34:53] [TASK] Taras → GoToShelter (goal=FleeEmission)
[15:34:53] [GOAL] Taras achieved FleeEmission
[15:34:53] [TASK] Ivan → GoToShelter (goal=FleeEmission)
[15:34:53] [GOAL] Ivan achieved FleeEmission
[15:34:53] [TASK] Nikolai → GoToShelter (goal=FleeEmission)
[15:34:53] [GOAL] Nikolai achieved FleeEmission
[15:34:53] [TASK] Andriy → GoToShelter (goal=FleeEmission)
[15:34:53] [GOAL] Andriy achieved FleeEmission
[15:34:53] [TASK] Timur → GoToShelter (goal=FleeEmission)
[15:34:53] [GOAL] Timur achieved FleeEmission
[15:34:55] [COMBAT] Dmitri Melnyk 'Ghost' killed Mykola Bondarenko 'Razor' using wpn_pm
[15:34:55] [GEAR] Dmitri looted [wpn_pkm, out_exolight_outfit, helm_helm_protective] via combat
[15:34:55] [COMBAT] Bohdan Popov 'Ghost' killed Nodar Shevchenko 'Viper' using wpn_vintorez
[15:34:55] [TASK] Bohdan → GoToShelter (goal=FleeEmission)
[15:34:55] [GOAL] Bohdan achieved FleeEmission
[15:34:55] [TASK] Viktor → GoToShelter (goal=FleeEmission)
[15:34:55] [GOAL] Viktor achieved FleeEmission
[15:34:55] [TASK] Giorgi → GoToShelter (goal=FleeEmission)
[15:34:55] [GOAL] Giorgi achieved FleeEmission
[15:34:55] [TASK] Taras → GoToShelter (goal=FleeEmission)
[15:34:55] [GOAL] Taras achieved FleeEmission
[15:34:56] [TASK] Nikolai → GoToShelter (goal=FleeEmission)
[15:34:56] [GOAL] Nikolai achieved FleeEmission
[15:34:56] [TASK] Serhiy → GoToShelter (goal=FleeEmission)
[15:34:56] [GOAL] Serhiy achieved FleeEmission
[15:34:56] [TASK] Dmitri → GoToShelter (goal=FleeEmission)
[15:34:56] [GOAL] Dmitri achieved FleeEmission
[15:34:56] [TASK] Serhiy → GoToShelter (goal=FleeEmission)
[15:34:56] [GOAL] Serhiy achieved FleeEmission
[15:34:56] [COMBAT] Rustam Ivanov 'Ash' killed Pseudodog using wpn_svd
[15:34:56] [TASK] Lasha → GoToShelter (goal=FleeEmission)
[15:34:56] [GOAL] Lasha achieved FleeEmission
[15:34:56] [TASK] Damir → GoToShelter (goal=FleeEmission)
[15:34:56] [GOAL] Damir achieved FleeEmission
[15:34:56] [TASK] Nikolai → GoToShelter (goal=FleeEmission)
[15:34:56] [GOAL] Nikolai achieved FleeEmission
[15:34:56] [TASK] Igor → GoToShelter (goal=FleeEmission)
[15:34:56] [GOAL] Igor achieved FleeEmission
[15:34:56] [TASK] Taras → GoToShelter (goal=FleeEmission)
[15:34:56] [GOAL] Taras achieved FleeEmission
[15:34:56] [TASK] Ivan → GoToShelter (goal=FleeEmission)
[15:34:56] [GOAL] Ivan achieved FleeEmission
[15:34:56] [TASK] Nikolai → GoToShelter (goal=FleeEmission)
[15:34:56] [GOAL] Nikolai achieved FleeEmission
[15:34:56] [TASK] Andriy → GoToShelter (goal=FleeEmission)
[15:34:56] [GOAL] Andriy achieved FleeEmission
[15:34:56] [TASK] Ivan → GoToShelter (goal=FleeEmission)
[15:34:56] [GOAL] Ivan achieved FleeEmission
[15:34:56] [INBOUND] Initial +2 ctx.Stalkers, +1 mutants (remaining S=13 M=9)
[15:34:57] [TASK] Bohdan → GoToShelter (goal=FleeEmission)
[15:34:57] [GOAL] Bohdan achieved FleeEmission
[15:34:57] [TASK] Viktor → GoToShelter (goal=FleeEmission)
[15:34:57] [GOAL] Viktor achieved FleeEmission
[15:34:57] [TASK] Giorgi → GoToShelter (goal=FleeEmission)
[15:34:57] [GOAL] Giorgi achieved FleeEmission
[15:34:57] [TASK] Taras → GoToShelter (goal=FleeEmission)
[15:34:57] [GOAL] Taras achieved FleeEmission
[15:34:58] [TASK] Nikolai → GoToShelter (goal=FleeEmission)
[15:34:58] [GOAL] Nikolai achieved FleeEmission
[15:34:58] [TASK] Serhiy → GoToShelter (goal=FleeEmission)
[15:34:58] [GOAL] Serhiy achieved FleeEmission
[15:34:58] [TASK] Dmitri → GoToShelter (goal=FleeEmission)
[15:34:58] [GOAL] Dmitri achieved FleeEmission
[15:34:58] [TASK] Serhiy → GoToShelter (goal=FleeEmission)
[15:34:58] [GOAL] Serhiy achieved FleeEmission
[15:34:58] [TASK] Lasha → GoToShelter (goal=FleeEmission)
[15:34:58] [GOAL] Lasha achieved FleeEmission
[15:34:58] [TASK] Damir → GoToShelter (goal=FleeEmission)
[15:34:58] [GOAL] Damir achieved FleeEmission
[15:34:58] [TASK] Nikolai → GoToShelter (goal=FleeEmission)
[15:34:58] [GOAL] Nikolai achieved FleeEmission
[15:34:58] [TASK] Igor → GoToShelter (goal=FleeEmission)
[15:34:58] [GOAL] Igor achieved FleeEmission
[15:34:58] [TASK] Taras → GoToShelter (goal=FleeEmission)
[15:34:58] [GOAL] Taras achieved FleeEmission
[15:34:58] [TASK] Ivan → GoToShelter (goal=FleeEmission)
[15:34:58] [GOAL] Ivan achieved FleeEmission
[15:34:58] [TASK] Nikolai → GoToShelter (goal=FleeEmission)
[15:34:58] [GOAL] Nikolai achieved FleeEmission
[15:34:58] [TASK] Andriy → GoToShelter (goal=FleeEmission)
[15:34:58] [GOAL] Andriy achieved FleeEmission
[15:34:58] [TASK] Andrei → GoToShelter (goal=FleeEmission)
[15:34:58] [GOAL] Andrei achieved FleeEmission
[15:35:00] [TASK] Lasha → GoToShelter (goal=FleeEmission)
[15:35:00] [GOAL] Lasha achieved FleeEmission
[15:35:00] [TASK] Damir → GoToShelter (goal=FleeEmission)
[15:35:00] [GOAL] Damir achieved FleeEmission
[15:35:00] [TASK] Nikolai → GoToShelter (goal=FleeEmission)
[15:35:00] [GOAL] Nikolai achieved FleeEmission
[15:35:00] [TASK] Igor → GoToShelter (goal=FleeEmission)
[15:35:00] [GOAL] Igor achieved FleeEmission
[15:35:00] [TASK] Ivan → GoToShelter (goal=FleeEmission)
[15:35:00] [GOAL] Ivan achieved FleeEmission
[15:35:00] [TASK] Nikolai → GoToShelter (goal=FleeEmission)
[15:35:00] [GOAL] Nikolai achieved FleeEmission
[15:35:00] [TASK] Andriy → GoToShelter (goal=FleeEmission)
[15:35:00] [GOAL] Andriy achieved FleeEmission
[15:35:00] [TASK] Mikhail → GoToShelter (goal=FleeEmission)
[15:35:00] [GOAL] Mikhail achieved FleeEmission
[15:35:00] [TASK] Bohdan → GoToShelter (goal=FleeEmission)
[15:35:00] [GOAL] Bohdan achieved FleeEmission
[15:35:00] [TASK] Viktor → GoToShelter (goal=FleeEmission)
[15:35:00] [GOAL] Viktor achieved FleeEmission
[15:35:00] [TASK] Giorgi → GoToShelter (goal=FleeEmission)
[15:35:00] [GOAL] Giorgi achieved FleeEmission
[15:35:00] [TASK] Taras → GoToShelter (goal=FleeEmission)
[15:35:00] [GOAL] Taras achieved FleeEmission
[15:35:00] [TASK] Nikolai → GoToShelter (goal=FleeEmission)
[15:35:00] [GOAL] Nikolai achieved FleeEmission
[15:35:00] [TASK] Serhiy → GoToShelter (goal=FleeEmission)
[15:35:00] [GOAL] Serhiy achieved FleeEmission
[15:35:00] [TASK] Dmitri → GoToShelter (goal=FleeEmission)
[15:35:00] [GOAL] Dmitri achieved FleeEmission
[15:35:00] [TASK] Serhiy → GoToShelter (goal=FleeEmission)
[15:35:00] [GOAL] Serhiy achieved FleeEmission
[15:35:01] [INBOUND] Initial +2 ctx.Stalkers, +2 mutants (remaining S=11 M=7)
[15:35:01] [SNAPSHOT] real=20.2min game=D0 01:11 alive S=301 M=309 corpses=499 lootable=251 gammaGear out=141 helm=253 avgRU=853 leaderGoals trade=0 mission=18 emission=Dormant nextIn=5gmin desperate=1 hungry=0 interval deaths=16 combats=29 tasks=219 gearLoot=1 gearBuy=0 missions=0 corpseDespawn=29 trickleSpawns=0 ranks=[Rookie:296,Trainee:2,Experienced:3] goals=[Idle:149,FleeEmission::18] leaders: Andriy[Rookie/Idle], Bohdan[Rookie/FleeEmission:], Oleg[Rookie/Idle], Mikhail[Rookie/Idle], Andriy[Rookie/Idle]
[15:35:02] [COMBAT] Serhiy Sokolov 'Crow' killed Andrei Shevchenko 'Wolf' using wpn_vintorez
[15:35:02] [TASK] Bohdan → GoToShelter (goal=FleeEmission)
[15:35:02] [GOAL] Bohdan achieved FleeEmission
[15:35:02] [TASK] Viktor → GoToShelter (goal=FleeEmission)
[15:35:02] [GOAL] Viktor achieved FleeEmission
[15:35:02] [TASK] Giorgi → GoToShelter (goal=FleeEmission)
[15:35:02] [GOAL] Giorgi achieved FleeEmission
[15:35:02] [TASK] Taras → GoToShelter (goal=FleeEmission)
[15:35:02] [GOAL] Taras achieved FleeEmission
[15:35:02] [TASK] Nikolai → GoToShelter (goal=FleeEmission)
[15:35:02] [GOAL] Nikolai achieved FleeEmission
[15:35:02] [TASK] Serhiy → GoToShelter (goal=FleeEmission)
[15:35:02] [GOAL] Serhiy achieved FleeEmission
[15:35:02] [TASK] Dmitri → GoToShelter (goal=FleeEmission)
[15:35:02] [GOAL] Dmitri achieved FleeEmission
[15:35:02] [TASK] Serhiy → GoToShelter (goal=FleeEmission)
[15:35:02] [GOAL] Serhiy achieved FleeEmission
[15:35:02] [TASK] Lasha → GoToShelter (goal=FleeEmission)
[15:35:02] [GOAL] Lasha achieved FleeEmission
[15:35:02] [TASK] Damir → GoToShelter (goal=FleeEmission)
[15:35:02] [GOAL] Damir achieved FleeEmission
[15:35:02] [TASK] Nikolai → GoToShelter (goal=FleeEmission)
[15:35:02] [GOAL] Nikolai achieved FleeEmission
[15:35:02] [TASK] Igor → GoToShelter (goal=FleeEmission)
[15:35:02] [GOAL] Igor achieved FleeEmission
[15:35:02] [TASK] Ivan → GoToShelter (goal=FleeEmission)
[15:35:02] [GOAL] Ivan achieved FleeEmission
[15:35:02] [TASK] Nikolai → GoToShelter (goal=FleeEmission)
[15:35:02] [GOAL] Nikolai achieved FleeEmission
[15:35:02] [TASK] Andriy → GoToShelter (goal=FleeEmission)
[15:35:02] [GOAL] Andriy achieved FleeEmission
[15:35:04] [COMBAT] Andriy Popov 'Badger' killed Controller using wpn_ak74
[15:35:04] [INBOUND] Initial +2 ctx.Stalkers, +1 mutants (remaining S=9 M=6)
[15:35:04] [TASK] Bohdan → GoToShelter (goal=FleeEmission)
[15:35:04] [GOAL] Bohdan achieved FleeEmission
[15:35:04] [TASK] Viktor → GoToShelter (goal=FleeEmission)
[15:35:04] [GOAL] Viktor achieved FleeEmission
[15:35:04] [TASK] Giorgi → GoToShelter (goal=FleeEmission)
[15:35:04] [GOAL] Giorgi achieved FleeEmission
[15:35:04] [TASK] Taras → GoToShelter (goal=FleeEmission)
[15:35:04] [GOAL] Taras achieved FleeEmission
[15:35:04] [TASK] Nikolai → GoToShelter (goal=FleeEmission)
[15:35:04] [GOAL] Nikolai achieved FleeEmission
[15:35:04] [TASK] Serhiy → GoToShelter (goal=FleeEmission)
[15:35:04] [GOAL] Serhiy achieved FleeEmission
[15:35:04] [TASK] Dmitri → GoToShelter (goal=FleeEmission)
[15:35:04] [GOAL] Dmitri achieved FleeEmission
[15:35:04] [TASK] Serhiy → GoToShelter (goal=FleeEmission)
[15:35:04] [GOAL] Serhiy achieved FleeEmission
[15:35:04] [TASK] Lasha → GoToShelter (goal=FleeEmission)
[15:35:04] [GOAL] Lasha achieved FleeEmission
[15:35:04] [TASK] Damir → GoToShelter (goal=FleeEmission)
[15:35:04] [GOAL] Damir achieved FleeEmission
[15:35:04] [TASK] Nikolai → GoToShelter (goal=FleeEmission)
[15:35:04] [GOAL] Nikolai achieved FleeEmission
[15:35:04] [TASK] Igor → GoToShelter (goal=FleeEmission)
[15:35:04] [GOAL] Igor achieved FleeEmission
[15:35:04] [TASK] Ivan → GoToShelter (goal=FleeEmission)
[15:35:04] [GOAL] Ivan achieved FleeEmission
[15:35:04] [TASK] Nikolai → GoToShelter (goal=FleeEmission)
[15:35:04] [GOAL] Nikolai achieved FleeEmission
[15:35:04] [TASK] Andriy → GoToShelter (goal=FleeEmission)
[15:35:04] [GOAL] Andriy achieved FleeEmission
[15:35:07] [INBOUND] Initial +2 ctx.Stalkers, +1 mutants (remaining S=7 M=5)
[15:35:07] [COMBAT] Frank Ivanov 'Scar' killed Snork using wpn_p90
[15:35:08] [COMBAT] Zura Petrov 'Ugly' killed Boar using wpn_toz34
[15:35:08] [INBOUND] Initial +2 ctx.Stalkers, +2 mutants (remaining S=5 M=3)
[15:35:08] [TASK] Bohdan → GoToShelter (goal=FleeEmission)
[15:35:08] [GOAL] Bohdan achieved FleeEmission
[15:35:08] [RANK] Ivan Sokolov 'Spark' → Trainee
[15:35:08] [COMBAT] Ivan Sokolov 'Spark' killed Burer using wpn_fn2000
[15:35:08] [TASK] Viktor → GoToShelter (goal=FleeEmission)
[15:35:08] [GOAL] Viktor achieved FleeEmission
[15:35:08] [TASK] Giorgi → GoToShelter (goal=FleeEmission)
[15:35:08] [GOAL] Giorgi achieved FleeEmission
[15:35:08] [TASK] Taras → GoToShelter (goal=FleeEmission)
[15:35:08] [GOAL] Taras achieved FleeEmission
[15:35:08] [TASK] Nikolai → GoToShelter (goal=FleeEmission)
[15:35:08] [GOAL] Nikolai achieved FleeEmission
[15:35:08] [TASK] Serhiy → GoToShelter (goal=FleeEmission)
[15:35:08] [GOAL] Serhiy achieved FleeEmission
[15:35:08] [TASK] Dmitri → GoToShelter (goal=FleeEmission)
[15:35:08] [GOAL] Dmitri achieved FleeEmission
[15:35:08] [TASK] Serhiy → GoToShelter (goal=FleeEmission)
[15:35:08] [GOAL] Serhiy achieved FleeEmission
[15:35:08] [TASK] Igor → GoToShelter (goal=FleeEmission)
[15:35:08] [GOAL] Igor achieved FleeEmission
[15:35:08] [TASK] Lasha → GoToShelter (goal=FleeEmission)
[15:35:08] [GOAL] Lasha achieved FleeEmission
[15:35:08] [TASK] Damir → GoToShelter (goal=FleeEmission)
[15:35:08] [GOAL] Damir achieved FleeEmission
[15:35:08] [TASK] Nikolai → GoToShelter (goal=FleeEmission)
[15:35:08] [GOAL] Nikolai achieved FleeEmission
[15:35:08] [TASK] Igor → GoToShelter (goal=FleeEmission)
[15:35:08] [GOAL] Igor achieved FleeEmission
[15:35:08] [TASK] Ivan → GoToShelter (goal=FleeEmission)
[15:35:08] [GOAL] Ivan achieved FleeEmission
[15:35:08] [TASK] Nikolai → GoToShelter (goal=FleeEmission)
[15:35:08] [GOAL] Nikolai achieved FleeEmission
[15:35:08] [TASK] Andriy → GoToShelter (goal=FleeEmission)
[15:35:08] [GOAL] Andriy achieved FleeEmission
[15:35:08] [COMBAT] Igor Kovalenko 'Viper' killed Bloodsucker using wpn_toz34
[15:35:08] [TASK] Taras → GoToShelter (goal=FleeEmission)
[15:35:08] [GOAL] Taras achieved FleeEmission
[15:35:08] [TASK] Mykola → GoToShelter (goal=FleeEmission)
[15:35:08] [GOAL] Mykola achieved FleeEmission
[15:35:08] [TASK] Vasyl → GoToShelter (goal=FleeEmission)
[15:35:08] [GOAL] Vasyl achieved FleeEmission
[15:35:08] [TASK] Taras → GoToShelter (goal=FleeEmission)
[15:35:08] [GOAL] Taras achieved FleeEmission
[15:35:10] [TASK] Bohdan → GoToShelter (goal=FleeEmission)
[15:35:10] [GOAL] Bohdan achieved FleeEmission
[15:35:10] [TASK] Viktor → GoToShelter (goal=FleeEmission)
[15:35:10] [GOAL] Viktor achieved FleeEmission
[15:35:10] [TASK] Giorgi → GoToShelter (goal=FleeEmission)
[15:35:10] [GOAL] Giorgi achieved FleeEmission
[15:35:10] [TASK] Taras → GoToShelter (goal=FleeEmission)
[15:35:10] [GOAL] Taras achieved FleeEmission
[15:35:10] [TASK] Nikolai → GoToShelter (goal=FleeEmission)
[15:35:10] [GOAL] Nikolai achieved FleeEmission
[15:35:10] [TASK] Serhiy → GoToShelter (goal=FleeEmission)
[15:35:10] [GOAL] Serhiy achieved FleeEmission
[15:35:10] [TASK] Dmitri → GoToShelter (goal=FleeEmission)
[15:35:10] [GOAL] Dmitri achieved FleeEmission
[15:35:10] [TASK] Serhiy → GoToShelter (goal=FleeEmission)
[15:35:10] [GOAL] Serhiy achieved FleeEmission
[15:35:10] [TASK] Lasha → GoToShelter (goal=FleeEmission)
[15:35:10] [GOAL] Lasha achieved FleeEmission
[15:35:10] [TASK] Damir → GoToShelter (goal=FleeEmission)
[15:35:10] [GOAL] Damir achieved FleeEmission
[15:35:10] [TASK] Nikolai → GoToShelter (goal=FleeEmission)
[15:35:10] [GOAL] Nikolai achieved FleeEmission
[15:35:10] [TASK] Igor → GoToShelter (goal=FleeEmission)
[15:35:10] [GOAL] Igor achieved FleeEmission
[15:35:10] [TASK] Ivan → GoToShelter (goal=FleeEmission)
[15:35:10] [GOAL] Ivan achieved FleeEmission
[15:35:10] [TASK] Nikolai → GoToShelter (goal=FleeEmission)
[15:35:10] [GOAL] Nikolai achieved FleeEmission
[15:35:10] [TASK] Andriy → GoToShelter (goal=FleeEmission)
[15:35:10] [GOAL] Andriy achieved FleeEmission
[15:35:12] [COMBAT] Bohdan Popov 'Ghost' killed Controller using wpn_vintorez
[15:35:12] [INBOUND] Initial +2 ctx.Stalkers, +1 mutants (remaining S=3 M=2)
[15:35:12] [COMBAT] Viktor Shevchenko 'Wolf' killed Lurker using wpn_pm
[15:35:12] [TASK] Bohdan → GoToShelter (goal=FleeEmission)
[15:35:12] [GOAL] Bohdan achieved FleeEmission
[15:35:12] [TASK] Viktor → GoToShelter (goal=FleeEmission)
[15:35:12] [GOAL] Viktor achieved FleeEmission
[15:35:12] [TASK] Giorgi → GoToShelter (goal=FleeEmission)
[15:35:12] [GOAL] Giorgi achieved FleeEmission
[15:35:12] [TASK] Taras → GoToShelter (goal=FleeEmission)
[15:35:12] [GOAL] Taras achieved FleeEmission
[15:35:12] [TASK] Nikolai → GoToShelter (goal=FleeEmission)
[15:35:12] [GOAL] Nikolai achieved FleeEmission
[15:35:12] [TASK] Serhiy → GoToShelter (goal=FleeEmission)
[15:35:12] [GOAL] Serhiy achieved FleeEmission
[15:35:12] [TASK] Dmitri → GoToShelter (goal=FleeEmission)
[15:35:12] [GOAL] Dmitri achieved FleeEmission
[15:35:12] [TASK] Serhiy → GoToShelter (goal=FleeEmission)
[15:35:12] [GOAL] Serhiy achieved FleeEmission
[15:35:12] [TASK] Lasha → GoToShelter (goal=FleeEmission)
[15:35:12] [GOAL] Lasha achieved FleeEmission
[15:35:12] [TASK] Damir → GoToShelter (goal=FleeEmission)
[15:35:12] [GOAL] Damir achieved FleeEmission
[15:35:12] [TASK] Nikolai → GoToShelter (goal=FleeEmission)
[15:35:12] [GOAL] Nikolai achieved FleeEmission
[15:35:12] [TASK] Igor → GoToShelter (goal=FleeEmission)
[15:35:12] [GOAL] Igor achieved FleeEmission
[15:35:12] [TASK] Ivan → GoToShelter (goal=FleeEmission)
[15:35:12] [GOAL] Ivan achieved FleeEmission
[15:35:12] [TASK] Nikolai → GoToShelter (goal=FleeEmission)
[15:35:12] [GOAL] Nikolai achieved FleeEmission
[15:35:12] [TASK] Andriy → GoToShelter (goal=FleeEmission)
[15:35:12] [GOAL] Andriy achieved FleeEmission
[15:35:12] [TASK] Alexei → GoToShelter (goal=FleeEmission)
[15:35:12] [GOAL] Alexei achieved FleeEmission
[15:35:12] [TASK] Andrei → GoToShelter (goal=FleeEmission)
[15:35:12] [GOAL] Andrei achieved FleeEmission
[15:35:14] [INBOUND] Initial +3 ctx.Stalkers, +1 mutants (remaining S=0 M=1)
[15:35:14] [CORPSE] Despawned 18 bodies (lifetime=1475)
[15:35:14] [TASK] Bohdan → GoToShelter (goal=FleeEmission)
[15:35:14] [GOAL] Bohdan achieved FleeEmission
[15:35:14] [TASK] Viktor → GoToShelter (goal=FleeEmission)
[15:35:14] [GOAL] Viktor achieved FleeEmission
[15:35:14] [TASK] Giorgi → GoToShelter (goal=FleeEmission)
[15:35:14] [GOAL] Giorgi achieved FleeEmission
[15:35:14] [TASK] Taras → GoToShelter (goal=FleeEmission)
[15:35:14] [GOAL] Taras achieved FleeEmission
[15:35:15] [TASK] Nikolai → GoToShelter (goal=FleeEmission)
[15:35:15] [GOAL] Nikolai achieved FleeEmission
[15:35:15] [TASK] Serhiy → GoToShelter (goal=FleeEmission)
[15:35:15] [GOAL] Serhiy achieved FleeEmission
[15:35:15] [TASK] Dmitri → GoToShelter (goal=FleeEmission)
[15:35:15] [GOAL] Dmitri achieved FleeEmission
[15:35:15] [TASK] Serhiy → GoToShelter (goal=FleeEmission)
[15:35:15] [GOAL] Serhiy achieved FleeEmission
[15:35:15] [TASK] Lasha → GoToShelter (goal=FleeEmission)
[15:35:15] [GOAL] Lasha achieved FleeEmission
[15:35:15] [TASK] Damir → GoToShelter (goal=FleeEmission)
[15:35:15] [GOAL] Damir achieved FleeEmission
[15:35:15] [TASK] Nikolai → GoToShelter (goal=FleeEmission)
[15:35:15] [GOAL] Nikolai achieved FleeEmission
[15:35:15] [TASK] Igor → GoToShelter (goal=FleeEmission)
[15:35:15] [GOAL] Igor achieved FleeEmission
[15:35:15] [TASK] Ivan → GoToShelter (goal=FleeEmission)
[15:35:15] [GOAL] Ivan achieved FleeEmission
[15:35:15] [TASK] Nikolai → GoToShelter (goal=FleeEmission)
[15:35:15] [GOAL] Nikolai achieved FleeEmission
[15:35:15] [TASK] Andriy → GoToShelter (goal=FleeEmission)
[15:35:15] [GOAL] Andriy achieved FleeEmission
[15:35:15] [TASK] Andriy → GoToShelter (goal=FleeEmission)
[15:35:15] [GOAL] Andriy achieved FleeEmission
[15:35:16] [COMBAT] Yuriy Popov 'Bullet' killed Chimera using wpn_pkm
[15:35:16] [COMBAT] Nikolai Volkov 'Wolf' killed BlindDog using wpn_toz34
[15:35:17] [INBOUND] Initial +0 ctx.Stalkers, +1 mutants (remaining S=0 M=0)
[15:35:17] [COMBAT] Ivan Popov 'Crow' killed Bloodsucker using wpn_aksu
[15:35:19] [COMBAT] Pavel Popov 'Jackal' killed Bloodsucker using wpn_pkm
[15:35:19] [COMBAT] Nikolai Melnyk 'Badger' killed Pseudodog using wpn_toz34
[15:35:20] [COMBAT] Taras Shevchenko 'Bullet' killed Snork using wpn_mp5
[15:35:20] [COMBAT] Andrei Ivanov 'Fox' killed Fracture using wpn_mp5
[15:35:20] [COMBAT] Dmitri Melnyk 'Ghost' killed Nikolai Petrenko 'Jackal' using wpn_pkm
[15:35:20] [GEAR] Dmitri looted [wpn_vintorez, wpn_desert_eagle, helm_helm_tactic] via combat
[15:35:21] [COMBAT] Igor Popov 'Jackal' killed Poltergeist using wpn_aksu
[15:35:22] [COMBAT] Bohdan Melnyk 'Crow' killed Fracture using wpn_mp5
[15:35:22] [SPAWN] Trickle +0 stalkers, +1 mutants
[15:35:22] [COMBAT] Taras Petrov 'Phantom' killed Igor Ivanov 'Shadow' using wpn_aksu
[15:35:22] [GEAR] Taras looted [wpn_ak74, arm_duty] via combat
[15:35:23] [COMBAT] Timur Petrov 'Mole' killed Lurker using wpn_toz34
[15:35:23] [COMBAT] Vasyl Ivanov 'Stitch' killed Snork using wpn_vintorez
[15:35:23] [COMBAT] Andriy Volkov 'Scar' killed Snork using wpn_gauss
[15:35:24] [TASK] Ivan → GoToShelter (goal=FleeEmission)
[15:35:24] [GOAL] Ivan achieved FleeEmission
[15:35:24] [TASK] Nikolai → GoToShelter (goal=FleeEmission)
[15:35:24] [GOAL] Nikolai achieved FleeEmission
[15:35:24] [TASK] Andriy → GoToShelter (goal=FleeEmission)
[15:35:24] [GOAL] Andriy achieved FleeEmission
[15:35:24] [TASK] Igor → GoToShelter (goal=FleeEmission)
[15:35:24] [GOAL] Igor achieved FleeEmission
[15:35:24] [TASK] Dmytro → GoToShelter (goal=FleeEmission)
[15:35:24] [GOAL] Dmytro achieved FleeEmission
[15:35:24] [TASK] Bohdan → GoToShelter (goal=FleeEmission)
[15:35:24] [GOAL] Bohdan achieved FleeEmission
[15:35:24] [TASK] Viktor → GoToShelter (goal=FleeEmission)
[15:35:24] [GOAL] Viktor achieved FleeEmission
[15:35:24] [TASK] Giorgi → GoToShelter (goal=FleeEmission)
[15:35:24] [GOAL] Giorgi achieved FleeEmission
[15:35:24] [TASK] Taras → GoToShelter (goal=FleeEmission)
[15:35:24] [GOAL] Taras achieved FleeEmission
[15:35:24] [TASK] Nikolai → GoToShelter (goal=FleeEmission)
[15:35:24] [GOAL] Nikolai achieved FleeEmission
[15:35:24] [TASK] Serhiy → GoToShelter (goal=FleeEmission)
[15:35:24] [GOAL] Serhiy achieved FleeEmission
[15:35:24] [TASK] Dmitri → GoToShelter (goal=FleeEmission)
[15:35:24] [GOAL] Dmitri achieved FleeEmission
[15:35:24] [TASK] Serhiy → GoToShelter (goal=FleeEmission)
[15:35:24] [GOAL] Serhiy achieved FleeEmission
[15:35:24] [TASK] Lasha → GoToShelter (goal=FleeEmission)
[15:35:24] [GOAL] Lasha achieved FleeEmission
[15:35:24] [TASK] Damir → GoToShelter (goal=FleeEmission)
[15:35:24] [GOAL] Damir achieved FleeEmission
[15:35:24] [TASK] Nikolai → GoToShelter (goal=FleeEmission)
[15:35:24] [GOAL] Nikolai achieved FleeEmission
[15:35:24] [TASK] Igor → GoToShelter (goal=FleeEmission)
[15:35:24] [GOAL] Igor achieved FleeEmission
[15:35:24] [COMBAT] Yuriy Sokolov 'Razor' killed Oleksiy Bondarenko 'Raven' using wpn_ak74m
[15:35:26] [COMBAT] Igor Kovalenko 'Viper' killed Tushkano using wpn_toz34
[15:35:27] [COMBAT] Taras Shevchenko 'Mole' killed Nikolai Sokolov 'Mole' using wpn_mp5
[15:35:27] [GEAR] Taras looted [wpn_pkm, arm_exo, helm_gas] via combat
[15:35:27] [COMBAT] Ivan Sokolov 'Spark' killed Poltergeist using wpn_fn2000
[15:35:27] [CORPSE] Despawned 24 bodies (lifetime=1499)
[15:35:28] [COMBAT] Timur Popov 'Stitch' killed Snork using wpn_aksu
[15:35:29] [COMBAT] Oleg Shevchenko 'Scar' killed Pseudodog using wpn_pm
[15:35:30] [COMBAT] Dmytro Petrenko 'Scar' killed Pseudodog using wpn_aksu
[15:35:32] [TASK] Nikolai → GoToShelter (goal=FleeEmission)
[15:35:32] [GOAL] Nikolai achieved FleeEmission
[15:35:32] [TASK] Andriy → GoToShelter (goal=FleeEmission)
[15:35:32] [GOAL] Andriy achieved FleeEmission
[15:35:32] [TASK] Bohdan → GoToShelter (goal=FleeEmission)
[15:35:32] [GOAL] Bohdan achieved FleeEmission
[15:35:32] [TASK] Viktor → GoToShelter (goal=FleeEmission)
[15:35:32] [GOAL] Viktor achieved FleeEmission
[15:35:32] [TASK] Giorgi → GoToShelter (goal=FleeEmission)
[15:35:32] [GOAL] Giorgi achieved FleeEmission
[15:35:32] [TASK] Taras → GoToShelter (goal=FleeEmission)
[15:35:32] [GOAL] Taras achieved FleeEmission
[15:35:32] [TASK] Nikolai → GoToShelter (goal=FleeEmission)
[15:35:32] [GOAL] Nikolai achieved FleeEmission
[15:35:32] [TASK] Serhiy → GoToShelter (goal=FleeEmission)
[15:35:32] [GOAL] Serhiy achieved FleeEmission
[15:35:32] [TASK] Dmitri → GoToShelter (goal=FleeEmission)
[15:35:32] [GOAL] Dmitri achieved FleeEmission
[15:35:32] [TASK] Serhiy → GoToShelter (goal=FleeEmission)
[15:35:32] [GOAL] Serhiy achieved FleeEmission
[15:35:32] [TASK] Lasha → GoToShelter (goal=FleeEmission)
[15:35:32] [GOAL] Lasha achieved FleeEmission
[15:35:32] [TASK] Damir → GoToShelter (goal=FleeEmission)
[15:35:32] [GOAL] Damir achieved FleeEmission
[15:35:32] [TASK] Nikolai → GoToShelter (goal=FleeEmission)
[15:35:32] [GOAL] Nikolai achieved FleeEmission
[15:35:32] [TASK] Igor → GoToShelter (goal=FleeEmission)
[15:35:32] [GOAL] Igor achieved FleeEmission
[15:35:32] [TASK] Ivan → GoToShelter (goal=FleeEmission)
[15:35:32] [GOAL] Ivan achieved FleeEmission
[15:35:32] [TASK] Ivan → GoToShelter (goal=FleeEmission)
[15:35:32] [GOAL] Ivan achieved FleeEmission
[15:35:34] [SNAPSHOT] real=20.7min game=D0 01:13 alive S=283 M=293 corpses=510 lootable=249 gammaGear out=127 helm=237 avgRU=853 leaderGoals trade=0 mission=15 emission=Dormant nextIn=3gmin desperate=1 hungry=0 interval deaths=29 combats=53 tasks=131 gearLoot=3 gearBuy=0 missions=0 corpseDespawn=42 trickleSpawns=1 ranks=[Rookie:277,Trainee:3,Experienced:3] goals=[Idle:144,FleeEmission::15] leaders: Andriy[Rookie/Idle], Bohdan[Rookie/FleeEmission:], Oleg[Rookie/Idle], Mikhail[Rookie/Idle], Andriy[Rookie/Idle]
[15:35:35] [COMBAT] Dmitri Kovalenko 'The Rat' killed Pseudodog using wpn_l96a1
[15:35:36] [COMBAT] Timur Popov 'Stitch' killed Snork using wpn_aksu
[15:35:36] [COMBAT] Sergei Ivanov 'Spark' killed Pseudodog using wpn_aksu
[15:35:38] [COMBAT] Timur Kovalenko 'Ash' killed Fracture using wpn_toz34
[15:35:39] [CORPSE] Despawned 28 bodies (lifetime=1527)
[15:35:40] [COMBAT] Andrei Shevchenko 'Fox' killed PsyDog using wpn_vintorez
[15:35:40] [COMBAT] Igor Volkov 'Fox' killed Snork using wpn_ak74
[15:35:41] [COMBAT] Igor Petrov 'Stitch' killed Pseudodog using wpn_gauss
[15:35:41] [COMBAT] Andrei Melnyk 'Ghost' killed Bloodsucker using wpn_pkm
[15:35:42] [COMBAT] Mykola Shevchenko 'Razor' killed Bloodsucker using wpn_aksu
[15:35:45] [COMBAT] Pierre Melnyk 'Stitch' killed Snork using wpn_val
[15:35:46] [COMBAT] Pavel Volkov 'Razor' killed Pseudodog using wpn_fn2000
[15:35:47] [COMBAT] Vasyl Petrov 'Wolf' killed Poltergeist using wpn_pkm
[15:35:48] [COMBAT] Yuriy Popov 'Crow' killed Fracture using wpn_fn2000
[15:35:48] [COMBAT] Alexei Volkov 'Fox' killed Lurker using wpn_ak74
[15:35:49] [CORPSE] Despawned 32 bodies (lifetime=1559)
[15:35:50] [COMBAT] Andriy Kovalenko 'Jackal' killed Chimera using wpn_toz34
[15:35:52] [SPAWN] Trickle +0 stalkers, +1 mutants
[15:35:52] [COMBAT] Yuriy Popov 'Bone' killed Flesh using wpn_fn2000
[15:35:53] [COMBAT] Viktor Kovalenko 'Bullet' killed Snork using wpn_pkm
[15:35:54] [COMBAT] Serhiy Bondarenko 'Bullet' killed Lurker using wpn_ak74m
[15:35:55] [RANK] Andriy Volkov 'Scar' → Trainee
[15:35:55] [COMBAT] Andriy Volkov 'Scar' killed Snork using wpn_gauss
[15:35:56] [RANK] Giorgi Bondarenko 'Jackal' → Professional
[15:35:56] [COMBAT] Giorgi Bondarenko 'Jackal' killed Controller using wpn_toz34
[15:35:57] [COMBAT] Andriy Popov 'Badger' killed Bloodsucker using wpn_ak74
[15:35:58] [COMBAT] Sean Bondarenko 'Stitches' killed Poltergeist using wpn_l96a1
[15:35:58] [COMBAT] Yuriy Popov 'Bone' killed Igor Kovalenko 'Viper' using wpn_fn2000
[15:35:59] [CORPSE] Despawned 32 bodies (lifetime=1591)
[15:36:03] [COMBAT] Alexei Volkov 'Fox' killed Fracture using wpn_ak74
[15:36:05] [SNAPSHOT] real=21.2min game=D0 01:16 alive S=259 M=271 corpses=465 lootable=221 gammaGear out=117 helm=217 avgRU=853 leaderGoals trade=0 mission=13 emission=Dormant nextIn=0gmin desperate=2 hungry=0 interval deaths=24 combats=47 tasks=0 gearLoot=0 gearBuy=0 missions=0 corpseDespawn=92 trickleSpawns=1 ranks=[Rookie:252,Trainee:4,Experienced:2,Professional:1] goals=[Idle:132,FleeEmission::13] leaders: Andriy[Rookie/Idle], Bohdan[Rookie/FleeEmission:], Oleg[Rookie/Idle], Mikhail[Rookie/Idle], Andriy[Rookie/Idle]
[15:36:06] [SPAWN] Trickle +0 stalkers, +1 mutants
[15:36:07] [COMBAT] Yuriy Sokolov 'Razor' killed Boar using wpn_ak74m
[15:36:08] [COMBAT] Rustam Petrenko 'Jackal' killed Tushkano using wpn_mp5
[15:36:09] [CORPSE] Despawned 20 bodies (lifetime=1611)
[15:36:11] [RANK] Rustam Kovalenko 'Ash' → Trainee
[15:36:11] [COMBAT] Rustam Kovalenko 'Ash' killed PsyDog using wpn_aek971
[15:36:13] [COMBAT] Yuriy Sokolov 'Razor' killed Snork using wpn_ak74m
[15:36:14] [COMBAT] Pierre Kovalenko 'Ash' killed Rat using wpn_rg6
[15:36:15] [COMBAT] Rustam Petrenko 'Crow' killed Boar using wpn_pm
[15:36:16] [COMBAT] Alexei Shevchenko 'Raven' killed Fracture using wpn_mp5
[15:36:19] [CORPSE] Despawned 28 bodies (lifetime=1639)
[15:36:21] [RANK] Igor Petrov 'Stitch' → Trainee
[15:36:21] [COMBAT] Igor Petrov 'Stitch' killed Snork using wpn_gauss
[15:36:21] [COMBAT] Yuriy Popov 'Bone' killed Snork using wpn_fn2000
[15:36:22] [COMBAT] Karl Kovalenko 'Stitch' killed Bloodsucker using wpn_aksu
[15:36:23] [SPAWN] Trickle +0 stalkers, +1 mutants
[15:36:27] [COMBAT] Marcus Kovalenko 'Spark' killed Burer using wpn_gauss
[15:36:29] [CORPSE] Despawned 20 bodies (lifetime=1659)
[15:36:31] [SPAWN] Trickle +0 stalkers, +1 mutants
[15:36:35] [SPAWN] Trickle +1 stalkers, +0 mutants
[15:36:36] [SNAPSHOT] real=21.7min game=D0 01:19 alive S=249 M=263 corpses=419 lootable=197 gammaGear out=114 helm=208 avgRU=853 leaderGoals trade=0 mission=14 emission=Dormant nextIn=0gmin desperate=3 hungry=0 interval deaths=11 combats=22 tasks=0 gearLoot=0 gearBuy=0 missions=0 corpseDespawn=68 trickleSpawns=4 ranks=[Rookie:241,Trainee:6,Experienced:1,Professional:1] goals=[Idle:124,FleeEmission::14] leaders: Andriy[Rookie/Idle], Bohdan[Rookie/FleeEmission:], Oleg[Rookie/Idle], Mikhail[Rookie/Idle], Andriy[Rookie/Idle]
[15:36:37] [COMBAT] Tobias Volkov 'Broken Nose' killed Controller using wpn_rg6
[15:36:39] [COMBAT] Rustam Petrenko 'Jackal' killed Poltergeist using wpn_mp5
[15:36:39] [CORPSE] Despawned 26 bodies (lifetime=1685)
[15:36:40] [SPAWN] Trickle +0 stalkers, +1 mutants
[15:36:49] [CORPSE] Despawned 25 bodies (lifetime=1710)
[15:36:51] [COMBAT] Oleksiy Petrenko 'Fox' killed Rat using wpn_gauss
[15:36:56] [SPAWN] Trickle +1 stalkers, +0 mutants
[15:36:56] [TASK] Bohdan → GoToShelter (goal=FleeEmission)
[15:36:56] [GOAL] Bohdan achieved FleeEmission
[15:36:56] [TASK] Viktor → GoToShelter (goal=FleeEmission)
[15:36:56] [GOAL] Viktor achieved FleeEmission
[15:36:56] [TASK] Giorgi → GoToShelter (goal=FleeEmission)
[15:36:56] [GOAL] Giorgi achieved FleeEmission
[15:36:56] [TASK] Taras → GoToShelter (goal=FleeEmission)
[15:36:56] [GOAL] Taras achieved FleeEmission
[15:36:56] [TASK] Nikolai → GoToShelter (goal=FleeEmission)
[15:36:56] [GOAL] Nikolai achieved FleeEmission
[15:36:56] [TASK] Serhiy → GoToShelter (goal=FleeEmission)
[15:36:56] [GOAL] Serhiy achieved FleeEmission
[15:36:56] [TASK] Dmitri → GoToShelter (goal=FleeEmission)
[15:36:56] [GOAL] Dmitri achieved FleeEmission
[15:36:56] [TASK] Serhiy → GoToShelter (goal=FleeEmission)
[15:36:56] [GOAL] Serhiy achieved FleeEmission
[15:36:56] [TASK] Damir → GoToShelter (goal=FleeEmission)
[15:36:56] [GOAL] Damir achieved FleeEmission
[15:36:56] [TASK] Igor → GoToShelter (goal=FleeEmission)
[15:36:56] [GOAL] Igor achieved FleeEmission
[15:36:56] [TASK] Nikolai → GoToShelter (goal=FleeEmission)
[15:36:56] [GOAL] Nikolai achieved FleeEmission
[15:36:56] [TASK] Andriy → GoToShelter (goal=FleeEmission)
[15:36:56] [GOAL] Andriy achieved FleeEmission
[15:36:56] [TASK] Oleg → GoToShelter (goal=FleeEmission)
[15:36:56] [GOAL] Oleg achieved FleeEmission
[15:36:56] [COMBAT] Vasyl Popov 'Ash' killed Bloodsucker using wpn_vintorez
[15:36:58] [COMBAT] Nikolai Melnyk 'Viper' killed PsyDog using wpn_ak74
[15:36:59] [SPAWN] Trickle +1 stalkers, +0 mutants
[15:36:59] [TASK] Bohdan → GoToShelter (goal=FleeEmission)
[15:36:59] [GOAL] Bohdan achieved FleeEmission
[15:36:59] [TASK] Viktor → GoToShelter (goal=FleeEmission)
[15:36:59] [GOAL] Viktor achieved FleeEmission
[15:36:59] [TASK] Giorgi → GoToShelter (goal=FleeEmission)
[15:36:59] [GOAL] Giorgi achieved FleeEmission
[15:36:59] [TASK] Taras → GoToShelter (goal=FleeEmission)
[15:36:59] [GOAL] Taras achieved FleeEmission
[15:37:00] [TASK] Nikolai → GoToShelter (goal=FleeEmission)
[15:37:00] [GOAL] Nikolai achieved FleeEmission
[15:37:00] [TASK] Serhiy → GoToShelter (goal=FleeEmission)
[15:37:00] [GOAL] Serhiy achieved FleeEmission
[15:37:00] [TASK] Dmitri → GoToShelter (goal=FleeEmission)
[15:37:00] [GOAL] Dmitri achieved FleeEmission
[15:37:00] [TASK] Serhiy → GoToShelter (goal=FleeEmission)
[15:37:00] [GOAL] Serhiy achieved FleeEmission
[15:37:00] [TASK] Damir → GoToShelter (goal=FleeEmission)
[15:37:00] [GOAL] Damir achieved FleeEmission
[15:37:00] [TASK] Igor → GoToShelter (goal=FleeEmission)
[15:37:00] [GOAL] Igor achieved FleeEmission
[15:37:00] [TASK] Nikolai → GoToShelter (goal=FleeEmission)
[15:37:00] [GOAL] Nikolai achieved FleeEmission
[15:37:00] [TASK] Andriy → GoToShelter (goal=FleeEmission)
[15:37:00] [GOAL] Andriy achieved FleeEmission
[15:37:00] [TASK] Oleg → GoToShelter (goal=FleeEmission)
[15:37:00] [GOAL] Oleg achieved FleeEmission
[15:37:01] [COMBAT] Bakhyt Bondarenko 'Fox' killed Bloodsucker using wpn_val
[15:37:02] [CORPSE] Despawned 26 bodies (lifetime=1736)
[15:37:03] [COMBAT] Yuriy Sokolov 'Razor' killed Burer using wpn_ak74m
[15:37:07] [SNAPSHOT] real=22.3min game=D0 01:22 alive S=246 M=257 corpses=354 lootable=152 gammaGear out=112 helm=206 avgRU=853 leaderGoals trade=0 mission=15 emission=Dormant nextIn=0gmin desperate=3 hungry=0 interval deaths=5 combats=12 tasks=26 gearLoot=0 gearBuy=0 missions=0 corpseDespawn=77 trickleSpawns=3 ranks=[Rookie:238,Trainee:6,Experienced:1,Professional:1] goals=[Idle:122,FleeEmission::15] leaders: Andriy[Rookie/Idle], Bohdan[Rookie/FleeEmission:], Oleg[Rookie/Idle], Mikhail[Rookie/Idle], Andriy[Rookie/Idle]
[15:37:07] [COMBAT] Pierre Shevchenko 'Wolf' killed Controller using wpn_aksu
[15:37:08] [COMBAT] Mikhail Melnyk 'Ghost' killed Snork using wpn_mp5
[15:37:10] [SPAWN] Trickle +1 stalkers, +0 mutants
[15:37:10] [TASK] Bohdan → GoToShelter (goal=FleeEmission)
[15:37:10] [GOAL] Bohdan achieved FleeEmission
[15:37:10] [TASK] Viktor → GoToShelter (goal=FleeEmission)
[15:37:10] [GOAL] Viktor achieved FleeEmission
[15:37:10] [TASK] Giorgi → GoToShelter (goal=FleeEmission)
[15:37:10] [GOAL] Giorgi achieved FleeEmission
[15:37:10] [TASK] Taras → GoToShelter (goal=FleeEmission)
[15:37:10] [GOAL] Taras achieved FleeEmission
[15:37:10] [TASK] Nikolai → GoToShelter (goal=FleeEmission)
[15:37:10] [GOAL] Nikolai achieved FleeEmission
[15:37:10] [TASK] Serhiy → GoToShelter (goal=FleeEmission)
[15:37:10] [GOAL] Serhiy achieved FleeEmission
[15:37:10] [TASK] Dmitri → GoToShelter (goal=FleeEmission)
[15:37:10] [GOAL] Dmitri achieved FleeEmission
[15:37:10] [TASK] Serhiy → GoToShelter (goal=FleeEmission)
[15:37:10] [GOAL] Serhiy achieved FleeEmission
[15:37:10] [TASK] Damir → GoToShelter (goal=FleeEmission)
[15:37:10] [GOAL] Damir achieved FleeEmission
[15:37:10] [TASK] Igor → GoToShelter (goal=FleeEmission)
[15:37:10] [GOAL] Igor achieved FleeEmission
[15:37:10] [TASK] Nikolai → GoToShelter (goal=FleeEmission)
[15:37:10] [GOAL] Nikolai achieved FleeEmission
[15:37:10] [TASK] Andriy → GoToShelter (goal=FleeEmission)
[15:37:10] [GOAL] Andriy achieved FleeEmission
[15:37:10] [TASK] Oleg → GoToShelter (goal=FleeEmission)
[15:37:10] [GOAL] Oleg achieved FleeEmission
[15:37:10] [TASK] Pierre → GoToShelter (goal=FleeEmission)
[15:37:10] [GOAL] Pierre achieved FleeEmission
[15:37:10] [TASK] Dmitri → GoToShelter (goal=FleeEmission)
[15:37:10] [GOAL] Dmitri achieved FleeEmission
[15:37:12] [SPAWN] Trickle +0 stalkers, +1 mutants
[15:37:13] [CORPSE] Despawned 22 bodies (lifetime=1758)
[15:37:17] [SPAWN] Trickle +2 stalkers, +0 mutants
[15:37:17] [TASK] Bohdan → GoToShelter (goal=FleeEmission)
[15:37:17] [GOAL] Bohdan achieved FleeEmission
[15:37:17] [TASK] Viktor → GoToShelter (goal=FleeEmission)
[15:37:17] [GOAL] Viktor achieved FleeEmission
[15:37:17] [TASK] Giorgi → GoToShelter (goal=FleeEmission)
[15:37:17] [GOAL] Giorgi achieved FleeEmission
[15:37:17] [TASK] Taras → GoToShelter (goal=FleeEmission)
[15:37:17] [GOAL] Taras achieved FleeEmission
[15:37:17] [TASK] Nikolai → GoToShelter (goal=FleeEmission)
[15:37:17] [GOAL] Nikolai achieved FleeEmission
[15:37:17] [TASK] Serhiy → GoToShelter (goal=FleeEmission)
[15:37:17] [GOAL] Serhiy achieved FleeEmission
[15:37:17] [TASK] Dmitri → GoToShelter (goal=FleeEmission)
[15:37:17] [GOAL] Dmitri achieved FleeEmission
[15:37:17] [TASK] Serhiy → GoToShelter (goal=FleeEmission)
[15:37:17] [GOAL] Serhiy achieved FleeEmission
[15:37:17] [TASK] Damir → GoToShelter (goal=FleeEmission)
[15:37:17] [GOAL] Damir achieved FleeEmission
[15:37:17] [TASK] Igor → GoToShelter (goal=FleeEmission)
[15:37:17] [GOAL] Igor achieved FleeEmission
[15:37:17] [TASK] Nikolai → GoToShelter (goal=FleeEmission)
[15:37:17] [GOAL] Nikolai achieved FleeEmission
[15:37:17] [TASK] Andriy → GoToShelter (goal=FleeEmission)
[15:37:17] [GOAL] Andriy achieved FleeEmission
[15:37:17] [TASK] Oleg → GoToShelter (goal=FleeEmission)
[15:37:17] [GOAL] Oleg achieved FleeEmission
[15:37:17] [TASK] Lars → GoToShelter (goal=FleeEmission)
[15:37:17] [GOAL] Lars achieved FleeEmission
[15:37:19] [RANK] Yuriy Sokolov 'Razor' → Trainee
[15:37:19] [COMBAT] Yuriy Sokolov 'Razor' killed Bloodsucker using wpn_ak74m
[15:37:24] [CORPSE] Despawned 22 bodies (lifetime=1780)
[15:37:26] [COMBAT] Bohdan Popov 'Mole' killed Bloodsucker using wpn_lr300
[15:37:26] [COMBAT] Ivan Melnyk 'Badger' killed Lurker using wpn_toz34
[15:37:28] [SPAWN] Trickle +1 stalkers, +0 mutants
[15:37:28] [TASK] Bohdan → GoToShelter (goal=FleeEmission)
[15:37:28] [GOAL] Bohdan achieved FleeEmission
[15:37:28] [TASK] Viktor → GoToShelter (goal=FleeEmission)
[15:37:28] [GOAL] Viktor achieved FleeEmission
[15:37:28] [TASK] Giorgi → GoToShelter (goal=FleeEmission)
[15:37:28] [GOAL] Giorgi achieved FleeEmission
[15:37:28] [TASK] Taras → GoToShelter (goal=FleeEmission)
[15:37:28] [GOAL] Taras achieved FleeEmission
[15:37:28] [TASK] Nikolai → GoToShelter (goal=FleeEmission)
[15:37:28] [GOAL] Nikolai achieved FleeEmission
[15:37:28] [TASK] Serhiy → GoToShelter (goal=FleeEmission)
[15:37:28] [GOAL] Serhiy achieved FleeEmission
[15:37:28] [TASK] Dmitri → GoToShelter (goal=FleeEmission)
[15:37:28] [GOAL] Dmitri achieved FleeEmission
[15:37:28] [TASK] Serhiy → GoToShelter (goal=FleeEmission)
[15:37:28] [GOAL] Serhiy achieved FleeEmission
[15:37:28] [TASK] Damir → GoToShelter (goal=FleeEmission)
[15:37:28] [GOAL] Damir achieved FleeEmission
[15:37:28] [TASK] Igor → GoToShelter (goal=FleeEmission)
[15:37:28] [GOAL] Igor achieved FleeEmission
[15:37:28] [TASK] Nikolai → GoToShelter (goal=FleeEmission)
[15:37:28] [GOAL] Nikolai achieved FleeEmission
[15:37:28] [TASK] Andriy → GoToShelter (goal=FleeEmission)
[15:37:28] [GOAL] Andriy achieved FleeEmission
[15:37:28] [TASK] Oleg → GoToShelter (goal=FleeEmission)
[15:37:28] [GOAL] Oleg achieved FleeEmission
[15:37:28] [TASK] Taras → GoToShelter (goal=FleeEmission)
[15:37:28] [GOAL] Taras achieved FleeEmission
[15:37:35] [COMBAT] Vasyl Bondarenko 'Wolf' killed Rat using wpn_vintorez
[15:37:36] [CORPSE] Despawned 23 bodies (lifetime=1803)
[15:37:38] [SNAPSHOT] real=22.8min game=D0 01:25 alive S=240 M=252 corpses=303 lootable=120 gammaGear out=109 helm=201 avgRU=851 leaderGoals trade=0 mission=12 emission=Dormant nextIn=0gmin desperate=3 hungry=0 interval deaths=10 combats=16 tasks=43 gearLoot=0 gearBuy=0 missions=0 corpseDespawn=67 trickleSpawns=5 ranks=[Rookie:233,Trainee:7] goals=[Idle:123,FleeEmission::12] leaders: Andriy[Rookie/Idle], Bohdan[Rookie/FleeEmission:], Oleg[Rookie/Idle], Mikhail[Rookie/Idle], Andriy[Rookie/Idle]
[15:37:41] [COMBAT] Andriy Volkov 'Scar' killed Fracture using wpn_gauss
[15:37:42] [COMBAT] Lars Melnyk 'Broken Nose' killed Boar using wpn_fort12
[15:37:46] [CORPSE] Despawned 30 bodies (lifetime=1833)
[15:37:47] [COMBAT] Igor Shevchenko 'Viper' killed Poltergeist using wpn_pm
[15:37:51] [SPAWN] Trickle +1 stalkers, +0 mutants
[15:37:51] [TASK] Bohdan → GoToShelter (goal=FleeEmission)
[15:37:51] [GOAL] Bohdan achieved FleeEmission
[15:37:51] [TASK] Viktor → GoToShelter (goal=FleeEmission)
[15:37:51] [GOAL] Viktor achieved FleeEmission
[15:37:51] [TASK] Taras → GoToShelter (goal=FleeEmission)
[15:37:51] [GOAL] Taras achieved FleeEmission
[15:37:51] [TASK] Serhiy → GoToShelter (goal=FleeEmission)
[15:37:51] [GOAL] Serhiy achieved FleeEmission
[15:37:51] [TASK] Dmitri → GoToShelter (goal=FleeEmission)
[15:37:51] [GOAL] Dmitri achieved FleeEmission
[15:37:51] [TASK] Serhiy → GoToShelter (goal=FleeEmission)
[15:37:51] [GOAL] Serhiy achieved FleeEmission
[15:37:51] [TASK] Damir → GoToShelter (goal=FleeEmission)
[15:37:51] [GOAL] Damir achieved FleeEmission
[15:37:51] [TASK] Igor → GoToShelter (goal=FleeEmission)
[15:37:51] [GOAL] Igor achieved FleeEmission
[15:37:51] [TASK] Nikolai → GoToShelter (goal=FleeEmission)
[15:37:51] [GOAL] Nikolai achieved FleeEmission
[15:37:51] [TASK] Andriy → GoToShelter (goal=FleeEmission)
[15:37:51] [GOAL] Andriy achieved FleeEmission
[15:37:51] [TASK] Oleg → GoToShelter (goal=FleeEmission)
[15:37:51] [GOAL] Oleg achieved FleeEmission
[15:37:51] [TASK] Mykola → GoToShelter (goal=FleeEmission)
[15:37:51] [GOAL] Mykola achieved FleeEmission
[15:37:55] [SPAWN] Trickle +1 stalkers, +0 mutants
[15:37:55] [TASK] Bohdan → GoToShelter (goal=FleeEmission)
[15:37:55] [GOAL] Bohdan achieved FleeEmission
[15:37:55] [TASK] Viktor → GoToShelter (goal=FleeEmission)
[15:37:55] [GOAL] Viktor achieved FleeEmission
[15:37:55] [TASK] Taras → GoToShelter (goal=FleeEmission)
[15:37:55] [GOAL] Taras achieved FleeEmission
[15:37:55] [TASK] Serhiy → GoToShelter (goal=FleeEmission)
[15:37:55] [GOAL] Serhiy achieved FleeEmission
[15:37:55] [TASK] Dmitri → GoToShelter (goal=FleeEmission)
[15:37:55] [GOAL] Dmitri achieved FleeEmission
[15:37:55] [TASK] Serhiy → GoToShelter (goal=FleeEmission)
[15:37:55] [GOAL] Serhiy achieved FleeEmission
[15:37:55] [TASK] Damir → GoToShelter (goal=FleeEmission)
[15:37:55] [GOAL] Damir achieved FleeEmission
[15:37:55] [TASK] Igor → GoToShelter (goal=FleeEmission)
[15:37:55] [GOAL] Igor achieved FleeEmission
[15:37:55] [TASK] Nikolai → GoToShelter (goal=FleeEmission)
[15:37:55] [GOAL] Nikolai achieved FleeEmission
[15:37:55] [TASK] Andriy → GoToShelter (goal=FleeEmission)
[15:37:55] [GOAL] Andriy achieved FleeEmission
[15:37:55] [TASK] Oleg → GoToShelter (goal=FleeEmission)
[15:37:55] [GOAL] Oleg achieved FleeEmission
[15:37:58] [CORPSE] Despawned 18 bodies (lifetime=1851)
[15:38:04] [COMBAT] Ivan Kovalenko 'Shadow' killed Fracture using wpn_pkm
[15:38:08] [SNAPSHOT] real=23.3min game=D0 01:28 alive S=240 M=248 corpses=261 lootable=100 gammaGear out=108 helm=201 avgRU=851 leaderGoals trade=0 mission=13 emission=Dormant nextIn=0gmin desperate=3 hungry=0 interval deaths=2 combats=6 tasks=23 gearLoot=0 gearBuy=0 missions=0 corpseDespawn=48 trickleSpawns=2 ranks=[Rookie:233,Trainee:7] goals=[Idle:124,FleeEmission::13] leaders: Andriy[Rookie/Idle], Bohdan[Rookie/FleeEmission:], Oleg[Rookie/Idle], Mikhail[Rookie/Idle], Andriy[Rookie/Idle]
[15:38:08] [CORPSE] Despawned 19 bodies (lifetime=1870)
[15:38:10] [TASK] Dmitri → GoToShelter (goal=FleeEmission)
[15:38:10] [GOAL] Dmitri achieved FleeEmission
[15:38:10] [TASK] Serhiy → GoToShelter (goal=FleeEmission)
[15:38:10] [GOAL] Serhiy achieved FleeEmission
[15:38:10] [TASK] Damir → GoToShelter (goal=FleeEmission)
[15:38:10] [GOAL] Damir achieved FleeEmission
[15:38:10] [TASK] Igor → GoToShelter (goal=FleeEmission)
[15:38:10] [GOAL] Igor achieved FleeEmission
[15:38:10] [TASK] Nikolai → GoToShelter (goal=FleeEmission)
[15:38:10] [GOAL] Nikolai achieved FleeEmission
[15:38:10] [TASK] Andriy → GoToShelter (goal=FleeEmission)
[15:38:10] [GOAL] Andriy achieved FleeEmission
[15:38:10] [TASK] Oleg → GoToShelter (goal=FleeEmission)
[15:38:10] [GOAL] Oleg achieved FleeEmission
[15:38:10] [TASK] Andrei → GoToShelter (goal=FleeEmission)
[15:38:10] [GOAL] Andrei achieved FleeEmission
[15:38:10] [TASK] Taras → GoToShelter (goal=FleeEmission)
[15:38:10] [GOAL] Taras achieved FleeEmission
[15:38:10] [TASK] Bohdan → GoToShelter (goal=FleeEmission)
[15:38:10] [GOAL] Bohdan achieved FleeEmission
[15:38:10] [TASK] Viktor → GoToShelter (goal=FleeEmission)
[15:38:10] [GOAL] Viktor achieved FleeEmission
[15:38:10] [TASK] Taras → GoToShelter (goal=FleeEmission)
[15:38:10] [GOAL] Taras achieved FleeEmission
[15:38:10] [TASK] Serhiy → GoToShelter (goal=FleeEmission)
[15:38:10] [GOAL] Serhiy achieved FleeEmission
[15:38:12] [COMBAT] Oleg Shevchenko 'Spark' killed Fracture using wpn_fn2000
[15:38:19] [CORPSE] Despawned 12 bodies (lifetime=1882)
[15:38:22] [SPAWN] Trickle +2 stalkers, +0 mutants
[15:38:22] [TASK] Bohdan → GoToShelter (goal=FleeEmission)
[15:38:22] [GOAL] Bohdan achieved FleeEmission
[15:38:22] [TASK] Viktor → GoToShelter (goal=FleeEmission)
[15:38:22] [GOAL] Viktor achieved FleeEmission
[15:38:22] [TASK] Taras → GoToShelter (goal=FleeEmission)
[15:38:22] [GOAL] Taras achieved FleeEmission
[15:38:22] [TASK] Serhiy → GoToShelter (goal=FleeEmission)
[15:38:22] [GOAL] Serhiy achieved FleeEmission
[15:38:22] [TASK] Viktor → GoToShelter (goal=FleeEmission)
[15:38:22] [GOAL] Viktor achieved FleeEmission
[15:38:22] [TASK] Dmitri → GoToShelter (goal=FleeEmission)
[15:38:22] [GOAL] Dmitri achieved FleeEmission
[15:38:22] [TASK] Serhiy → GoToShelter (goal=FleeEmission)
[15:38:22] [GOAL] Serhiy achieved FleeEmission
[15:38:22] [TASK] Damir → GoToShelter (goal=FleeEmission)
[15:38:22] [GOAL] Damir achieved FleeEmission
[15:38:22] [TASK] Igor → GoToShelter (goal=FleeEmission)
[15:38:22] [GOAL] Igor achieved FleeEmission
[15:38:22] [TASK] Nikolai → GoToShelter (goal=FleeEmission)
[15:38:22] [GOAL] Nikolai achieved FleeEmission
[15:38:22] [TASK] Andriy → GoToShelter (goal=FleeEmission)
[15:38:22] [GOAL] Andriy achieved FleeEmission
[15:38:22] [TASK] Oleg → GoToShelter (goal=FleeEmission)
[15:38:22] [GOAL] Oleg achieved FleeEmission
[15:38:27] [COMBAT] Heinrich Shevchenko 'Ghost' killed Fracture using wpn_gauss
[15:38:30] [CORPSE] Despawned 18 bodies (lifetime=1900)
[15:38:31] [COMBAT] Nikolai Ivanov 'Ghost' killed Fracture using wpn_gauss
[15:38:32] [COMBAT] Yuriy Shevchenko 'Scar' killed Lurker using wpn_pm
[15:38:34] [COMBAT] Pierre Shevchenko 'Wolf' killed Snork using wpn_aksu
[15:38:35] [RANK] Andriy Volkov 'Scar' → Experienced
[15:38:35] [COMBAT] Andriy Volkov 'Scar' killed Snork using wpn_gauss
[15:38:36] [COMBAT] Nikolai Shevchenko 'Scar' killed Snork using wpn_fn2000
[15:38:38] [SNAPSHOT] real=23.8min game=D0 01:30 alive S=238 M=241 corpses=223 lootable=87 gammaGear out=107 helm=200 avgRU=851 leaderGoals trade=0 mission=12 emission=Dormant nextIn=0gmin desperate=4 hungry=0 interval deaths=4 combats=11 tasks=25 gearLoot=0 gearBuy=0 missions=0 corpseDespawn=49 trickleSpawns=2 ranks=[Rookie:231,Trainee:6,Experienced:1] goals=[Idle:123,FleeEmission::12] leaders: Andriy[Rookie/Idle], Bohdan[Rookie/FleeEmission:], Oleg[Rookie/Idle], Mikhail[Rookie/Idle], Andriy[Rookie/Idle]
[15:38:38] [COMBAT] Andriy Volkov 'Scar' killed Snork using wpn_gauss
[15:38:40] [CORPSE] Despawned 7 bodies (lifetime=1907)
[15:38:45] [COMBAT] Yuriy Sokolov 'Razor' killed Chimera using wpn_ak74m
[15:38:50] [CORPSE] Despawned 12 bodies (lifetime=1919)
[15:38:50] [COMBAT] Tobias Bondarenko 'Crow' killed Pseudodog using wpn_rg6
[15:38:59] [SPAWN] Trickle +0 stalkers, +1 mutants
[15:39:00] [CORPSE] Despawned 17 bodies (lifetime=1936)
[15:39:03] [COMBAT] Ivan Petrenko 'Ghost' killed Bloodsucker using wpn_g36
[15:39:08] [SNAPSHOT] real=24.3min game=D0 01:33 alive S=235 M=238 corpses=194 lootable=80 gammaGear out=107 helm=197 avgRU=851 leaderGoals trade=0 mission=12 emission=Dormant nextIn=0gmin desperate=4 hungry=0 interval deaths=3 combats=7 tasks=0 gearLoot=0 gearBuy=0 missions=0 corpseDespawn=36 trickleSpawns=1 ranks=[Rookie:228,Trainee:6,Experienced:1] goals=[Idle:120,FleeEmission::12] leaders: Andriy[Rookie/Idle], Bohdan[Rookie/FleeEmission:], Oleg[Rookie/Idle], Mikhail[Rookie/Idle], Andriy[Rookie/Idle]
[15:39:10] [CORPSE] Despawned 10 bodies (lifetime=1946)
[15:39:13] [SPAWN] Trickle +1 stalkers, +0 mutants
[15:39:13] [TASK] Bohdan → GoToShelter (goal=FleeEmission)
[15:39:13] [GOAL] Bohdan achieved FleeEmission
[15:39:13] [TASK] Viktor → GoToShelter (goal=FleeEmission)
[15:39:13] [GOAL] Viktor achieved FleeEmission
[15:39:13] [TASK] Taras → GoToShelter (goal=FleeEmission)
[15:39:13] [GOAL] Taras achieved FleeEmission
[15:39:13] [TASK] Serhiy → GoToShelter (goal=FleeEmission)
[15:39:13] [GOAL] Serhiy achieved FleeEmission
[15:39:13] [TASK] Dmitri → GoToShelter (goal=FleeEmission)
[15:39:13] [GOAL] Dmitri achieved FleeEmission
[15:39:13] [TASK] Serhiy → GoToShelter (goal=FleeEmission)
[15:39:13] [GOAL] Serhiy achieved FleeEmission
[15:39:13] [TASK] Damir → GoToShelter (goal=FleeEmission)
[15:39:13] [GOAL] Damir achieved FleeEmission
[15:39:13] [TASK] Igor → GoToShelter (goal=FleeEmission)
[15:39:13] [GOAL] Igor achieved FleeEmission
[15:39:13] [TASK] Nikolai → GoToShelter (goal=FleeEmission)
[15:39:13] [GOAL] Nikolai achieved FleeEmission
[15:39:13] [TASK] Andriy → GoToShelter (goal=FleeEmission)
[15:39:13] [GOAL] Andriy achieved FleeEmission
[15:39:13] [TASK] Oleg → GoToShelter (goal=FleeEmission)
[15:39:13] [GOAL] Oleg achieved FleeEmission
[15:39:13] [TASK] Igor → GoToShelter (goal=FleeEmission)
[15:39:13] [GOAL] Igor achieved FleeEmission
[15:39:20] [SPAWN] Trickle +1 stalkers, +0 mutants
[15:39:21] [CORPSE] Despawned 14 bodies (lifetime=1960)
[15:39:31] [CORPSE] Despawned 19 bodies (lifetime=1979)
[15:39:38] [SPAWN] Trickle +1 stalkers, +0 mutants
[15:39:38] [SNAPSHOT] real=24.8min game=D0 01:36 alive S=235 M=238 corpses=154 lootable=70 gammaGear out=106 helm=197 avgRU=851 leaderGoals trade=0 mission=13 emission=Dormant nextIn=0gmin desperate=4 hungry=0 interval deaths=3 combats=3 tasks=12 gearLoot=0 gearBuy=0 missions=0 corpseDespawn=43 trickleSpawns=3 ranks=[Rookie:229,Trainee:5,Experienced:1] goals=[Idle:119,FleeEmission::13] leaders: Andriy[Rookie/Idle], Bohdan[Rookie/FleeEmission:], Oleg[Rookie/Idle], Mikhail[Rookie/Idle], Andriy[Rookie/Idle]
[15:39:38] [TASK] Bohdan → GoToShelter (goal=FleeEmission)
[15:39:38] [GOAL] Bohdan achieved FleeEmission
[15:39:38] [TASK] Viktor → GoToShelter (goal=FleeEmission)
[15:39:38] [GOAL] Viktor achieved FleeEmission
[15:39:38] [TASK] Taras → GoToShelter (goal=FleeEmission)
[15:39:38] [GOAL] Taras achieved FleeEmission
[15:39:38] [TASK] Serhiy → GoToShelter (goal=FleeEmission)
[15:39:38] [GOAL] Serhiy achieved FleeEmission
[15:39:38] [TASK] Dmitri → GoToShelter (goal=FleeEmission)
[15:39:38] [GOAL] Dmitri achieved FleeEmission
[15:39:38] [TASK] Serhiy → GoToShelter (goal=FleeEmission)
[15:39:38] [GOAL] Serhiy achieved FleeEmission
[15:39:38] [TASK] Damir → GoToShelter (goal=FleeEmission)
[15:39:38] [GOAL] Damir achieved FleeEmission
[15:39:38] [TASK] Igor → GoToShelter (goal=FleeEmission)
[15:39:38] [GOAL] Igor achieved FleeEmission
[15:39:38] [TASK] Nikolai → GoToShelter (goal=FleeEmission)
[15:39:38] [GOAL] Nikolai achieved FleeEmission
[15:39:38] [TASK] Andriy → GoToShelter (goal=FleeEmission)
[15:39:38] [GOAL] Andriy achieved FleeEmission
[15:39:38] [TASK] Oleg → GoToShelter (goal=FleeEmission)
[15:39:38] [GOAL] Oleg achieved FleeEmission
[15:39:38] [TASK] Serhiy → GoToShelter (goal=FleeEmission)
[15:39:38] [GOAL] Serhiy achieved FleeEmission
[15:39:41] [COMBAT] Vasyl Ivanov 'Stitch' killed Fracture using wpn_vintorez
[15:39:42] [CORPSE] Despawned 12 bodies (lifetime=1991)
[15:39:46] [COMBAT] Nikolai Sokolov 'Stitch' killed Snork using wpn_vintorez
[15:39:49] [COMBAT] Heinrich Shevchenko 'Ghost' killed Snork using wpn_gauss
[15:39:52] [CORPSE] Despawned 14 bodies (lifetime=2005)
[15:40:00] [SPAWN] Trickle +1 stalkers, +0 mutants
[15:40:00] [TASK] Bohdan → GoToShelter (goal=FleeEmission)
[15:40:00] [GOAL] Bohdan achieved FleeEmission
[15:40:00] [TASK] Viktor → GoToShelter (goal=FleeEmission)
[15:40:00] [GOAL] Viktor achieved FleeEmission
[15:40:00] [TASK] Taras → GoToShelter (goal=FleeEmission)
[15:40:00] [GOAL] Taras achieved FleeEmission
[15:40:00] [TASK] Serhiy → GoToShelter (goal=FleeEmission)
[15:40:00] [GOAL] Serhiy achieved FleeEmission
[15:40:01] [TASK] Dmitri → GoToShelter (goal=FleeEmission)
[15:40:01] [GOAL] Dmitri achieved FleeEmission
[15:40:01] [TASK] Serhiy → GoToShelter (goal=FleeEmission)
[15:40:01] [GOAL] Serhiy achieved FleeEmission
[15:40:01] [TASK] Damir → GoToShelter (goal=FleeEmission)
[15:40:01] [GOAL] Damir achieved FleeEmission
[15:40:01] [TASK] Igor → GoToShelter (goal=FleeEmission)
[15:40:01] [GOAL] Igor achieved FleeEmission
[15:40:01] [TASK] Nikolai → GoToShelter (goal=FleeEmission)
[15:40:01] [GOAL] Nikolai achieved FleeEmission
[15:40:01] [TASK] Andriy → GoToShelter (goal=FleeEmission)
[15:40:01] [GOAL] Andriy achieved FleeEmission
[15:40:01] [TASK] Oleg → GoToShelter (goal=FleeEmission)
[15:40:01] [GOAL] Oleg achieved FleeEmission
[15:40:01] [TASK] Serhiy → GoToShelter (goal=FleeEmission)
[15:40:01] [GOAL] Serhiy achieved FleeEmission
[15:40:01] [TASK] Dmitri → GoToShelter (goal=FleeEmission)
[15:40:01] [GOAL] Dmitri achieved FleeEmission
[15:40:04] [CORPSE] Despawned 9 bodies (lifetime=2014)
[15:40:05] [RANK] Marcus Kovalenko 'Spark' → Trainee
[15:40:05] [COMBAT] Marcus Kovalenko 'Spark' killed Bloodsucker using wpn_gauss
[15:40:06] [COMBAT] Ivan Kovalenko 'Shadow' killed Rat using wpn_pkm
[15:40:08] [TASK] Taras → GoToShelter (goal=FleeEmission)
[15:40:08] [GOAL] Taras achieved FleeEmission
[15:40:08] [TASK] Serhiy → GoToShelter (goal=FleeEmission)
[15:40:08] [GOAL] Serhiy achieved FleeEmission
[15:40:08] [TASK] Dmitri → GoToShelter (goal=FleeEmission)
[15:40:08] [GOAL] Dmitri achieved FleeEmission
[15:40:08] [TASK] Serhiy → GoToShelter (goal=FleeEmission)
[15:40:08] [GOAL] Serhiy achieved FleeEmission
[15:40:08] [TASK] Damir → GoToShelter (goal=FleeEmission)
[15:40:08] [GOAL] Damir achieved FleeEmission
[15:40:08] [TASK] Igor → GoToShelter (goal=FleeEmission)
[15:40:08] [GOAL] Igor achieved FleeEmission
[15:40:08] [TASK] Nikolai → GoToShelter (goal=FleeEmission)
[15:40:08] [GOAL] Nikolai achieved FleeEmission
[15:40:08] [TASK] Oleg → GoToShelter (goal=FleeEmission)
[15:40:08] [GOAL] Oleg achieved FleeEmission
[15:40:08] [TASK] Serhiy → GoToShelter (goal=FleeEmission)
[15:40:08] [GOAL] Serhiy achieved FleeEmission
[15:40:08] [TASK] Vasyl → GoToShelter (goal=FleeEmission)
[15:40:08] [GOAL] Vasyl achieved FleeEmission
[15:40:08] [TASK] Bohdan → GoToShelter (goal=FleeEmission)
[15:40:08] [GOAL] Bohdan achieved FleeEmission
[15:40:08] [TASK] Viktor → GoToShelter (goal=FleeEmission)
[15:40:08] [GOAL] Viktor achieved FleeEmission
[15:40:09] [COMBAT] Oleg Bondarenko 'Badger' killed Vasyl Kovalenko 'Phantom' using wpn_fn2000
[15:40:09] [GEAR] Oleg looted [helm_helm_ppm88] via combat
[15:40:10] [SNAPSHOT] real=25.3min game=D0 01:39 alive S=229 M=233 corpses=131 lootable=69 gammaGear out=101 helm=192 avgRU=851 leaderGoals trade=0 mission=12 emission=Dormant nextIn=0gmin desperate=4 hungry=0 interval deaths=7 combats=12 tasks=37 gearLoot=1 gearBuy=0 missions=0 corpseDespawn=35 trickleSpawns=1 ranks=[Rookie:223,Trainee:5,Experienced:1] goals=[Idle:118,FleeEmission::12] leaders: Andriy[Rookie/Idle], Bohdan[Rookie/FleeEmission:], Oleg[Rookie/Idle], Mikhail[Rookie/Idle], Andriy[Rookie/Idle]
[15:40:10] [COMBAT] Andriy Sokolov 'Razor' killed Lurker using wpn_aksu
[15:40:15] [CORPSE] Despawned 12 bodies (lifetime=2026)
[15:40:15] [COMBAT] Igor Popov 'Razor' killed Bloodsucker using wpn_pm
[15:40:25] [CORPSE] Despawned 12 bodies (lifetime=2038)
[15:40:33] [SPAWN] Trickle +1 stalkers, +1 mutants
[15:40:33] [TASK] Bohdan → GoToShelter (goal=FleeEmission)
[15:40:33] [GOAL] Bohdan achieved FleeEmission
[15:40:33] [TASK] Viktor → GoToShelter (goal=FleeEmission)
[15:40:33] [GOAL] Viktor achieved FleeEmission
[15:40:33] [TASK] Bohdan → GoToShelter (goal=FleeEmission)
[15:40:33] [GOAL] Bohdan achieved FleeEmission
[15:40:33] [TASK] Taras → GoToShelter (goal=FleeEmission)
[15:40:33] [GOAL] Taras achieved FleeEmission
[15:40:33] [TASK] Serhiy → GoToShelter (goal=FleeEmission)
[15:40:33] [GOAL] Serhiy achieved FleeEmission
[15:40:33] [TASK] Dmitri → GoToShelter (goal=FleeEmission)
[15:40:33] [GOAL] Dmitri achieved FleeEmission
[15:40:33] [TASK] Serhiy → GoToShelter (goal=FleeEmission)
[15:40:33] [GOAL] Serhiy achieved FleeEmission
[15:40:33] [TASK] Damir → GoToShelter (goal=FleeEmission)
[15:40:33] [GOAL] Damir achieved FleeEmission
[15:40:33] [TASK] Igor → GoToShelter (goal=FleeEmission)
[15:40:33] [GOAL] Igor achieved FleeEmission
[15:40:33] [TASK] Nikolai → GoToShelter (goal=FleeEmission)
[15:40:33] [GOAL] Nikolai achieved FleeEmission
[15:40:33] [TASK] Oleg → GoToShelter (goal=FleeEmission)
[15:40:33] [GOAL] Oleg achieved FleeEmission
[15:40:36] [CORPSE] Despawned 6 bodies (lifetime=2044)
[15:40:40] [SNAPSHOT] real=25.8min game=D0 01:42 alive S=228 M=232 corpses=105 lootable=62 gammaGear out=102 helm=190 avgRU=851 leaderGoals trade=0 mission=11 emission=Dormant nextIn=0gmin desperate=4 hungry=0 interval deaths=2 combats=4 tasks=11 gearLoot=0 gearBuy=0 missions=0 corpseDespawn=30 trickleSpawns=2 ranks=[Rookie:222,Trainee:5,Experienced:1] goals=[Idle:118,FleeEmission::11] leaders: Andriy[Rookie/Idle], Bohdan[Rookie/FleeEmission:], Oleg[Rookie/Idle], Mikhail[Rookie/Idle], Andriy[Rookie/Idle]
[15:40:42] [COMBAT] Ivan Volkov 'Badger' killed Fracture using wpn_pkm
[15:40:45] [COMBAT] Yuriy Petrenko 'Raven' killed Fracture using wpn_vintorez
[15:40:46] [SPAWN] Trickle +2 stalkers, +0 mutants
[15:40:46] [CORPSE] Despawned 9 bodies (lifetime=2053)
[15:40:46] [TASK] Bohdan → GoToShelter (goal=FleeEmission)
[15:40:46] [GOAL] Bohdan achieved FleeEmission
[15:40:46] [TASK] Viktor → GoToShelter (goal=FleeEmission)
[15:40:46] [GOAL] Viktor achieved FleeEmission
[15:40:46] [TASK] Taras → GoToShelter (goal=FleeEmission)
[15:40:46] [GOAL] Taras achieved FleeEmission
[15:40:46] [TASK] Serhiy → GoToShelter (goal=FleeEmission)
[15:40:46] [GOAL] Serhiy achieved FleeEmission
[15:40:46] [TASK] Dmitri → GoToShelter (goal=FleeEmission)
[15:40:46] [GOAL] Dmitri achieved FleeEmission
[15:40:46] [TASK] Serhiy → GoToShelter (goal=FleeEmission)
[15:40:46] [GOAL] Serhiy achieved FleeEmission
[15:40:46] [TASK] Damir → GoToShelter (goal=FleeEmission)
[15:40:46] [GOAL] Damir achieved FleeEmission
[15:40:46] [TASK] Igor → GoToShelter (goal=FleeEmission)
[15:40:46] [GOAL] Igor achieved FleeEmission
[15:40:46] [TASK] Nikolai → GoToShelter (goal=FleeEmission)
[15:40:46] [GOAL] Nikolai achieved FleeEmission
[15:40:46] [TASK] Oleg → GoToShelter (goal=FleeEmission)
[15:40:46] [GOAL] Oleg achieved FleeEmission
[15:40:46] [TASK] Ivan → GoToShelter (goal=FleeEmission)
[15:40:46] [GOAL] Ivan achieved FleeEmission
[15:40:52] [COMBAT] Yuriy Kovalenko 'Fox' killed Rat using wpn_val
[15:40:57] [CORPSE] Despawned 6 bodies (lifetime=2059)
[15:41:01] [COMBAT] Igor Petrov 'Stitch' killed Poltergeist using wpn_gauss
[15:41:07] [CORPSE] Despawned 4 bodies (lifetime=2063)
[15:41:11] [SNAPSHOT] real=26.3min game=D0 01:45 alive S=229 M=228 corpses=91 lootable=54 gammaGear out=103 helm=191 avgRU=851 leaderGoals trade=0 mission=11 emission=Dormant nextIn=0gmin desperate=4 hungry=0 interval deaths=1 combats=5 tasks=11 gearLoot=0 gearBuy=0 missions=0 corpseDespawn=19 trickleSpawns=2 ranks=[Rookie:223,Trainee:5,Experienced:1] goals=[Idle:119,FleeEmission::11] leaders: Andriy[Rookie/Idle], Bohdan[Rookie/FleeEmission:], Oleg[Rookie/Idle], Mikhail[Rookie/Idle], Andriy[Rookie/Idle]
[15:41:17] [CORPSE] Despawned 4 bodies (lifetime=2067)
[15:41:20] [COMBAT] Andrei Kovalenko 'Ghost' killed PsyDog using wpn_svd
[15:41:21] [SPAWN] Trickle +1 stalkers, +0 mutants
[15:41:21] [TASK] Bohdan → GoToShelter (goal=FleeEmission)
[15:41:21] [GOAL] Bohdan achieved FleeEmission
[15:41:21] [TASK] Viktor → GoToShelter (goal=FleeEmission)
[15:41:21] [GOAL] Viktor achieved FleeEmission
[15:41:21] [TASK] Taras → GoToShelter (goal=FleeEmission)
[15:41:21] [GOAL] Taras achieved FleeEmission
[15:41:21] [TASK] Serhiy → GoToShelter (goal=FleeEmission)
[15:41:21] [GOAL] Serhiy achieved FleeEmission
[15:41:21] [TASK] Dmitri → GoToShelter (goal=FleeEmission)
[15:41:21] [GOAL] Dmitri achieved FleeEmission
[15:41:21] [TASK] Serhiy → GoToShelter (goal=FleeEmission)
[15:41:21] [GOAL] Serhiy achieved FleeEmission
[15:41:21] [TASK] Damir → GoToShelter (goal=FleeEmission)
[15:41:21] [GOAL] Damir achieved FleeEmission
[15:41:21] [TASK] Igor → GoToShelter (goal=FleeEmission)
[15:41:21] [GOAL] Igor achieved FleeEmission
[15:41:21] [TASK] Nikolai → GoToShelter (goal=FleeEmission)
[15:41:21] [GOAL] Nikolai achieved FleeEmission
[15:41:21] [TASK] Oleg → GoToShelter (goal=FleeEmission)
[15:41:21] [GOAL] Oleg achieved FleeEmission
[15:41:21] [TASK] Andriy → GoToShelter (goal=FleeEmission)
[15:41:21] [GOAL] Andriy achieved FleeEmission
[15:41:28] [CORPSE] Despawned 6 bodies (lifetime=2073)
[15:41:32] [COMBAT] Dmytro Bondarenko 'Wolf' killed Fracture using wpn_fn2000
[15:41:34] [SPAWN] Trickle +1 stalkers, +0 mutants
[15:41:34] [TASK] Bohdan → GoToShelter (goal=FleeEmission)
[15:41:34] [GOAL] Bohdan achieved FleeEmission
[15:41:34] [TASK] Viktor → GoToShelter (goal=FleeEmission)
[15:41:34] [GOAL] Viktor achieved FleeEmission
[15:41:34] [TASK] Taras → GoToShelter (goal=FleeEmission)
[15:41:34] [GOAL] Taras achieved FleeEmission
[15:41:34] [TASK] Serhiy → GoToShelter (goal=FleeEmission)
[15:41:34] [GOAL] Serhiy achieved FleeEmission
[15:41:34] [TASK] Dmitri → GoToShelter (goal=FleeEmission)
[15:41:34] [GOAL] Dmitri achieved FleeEmission
[15:41:34] [TASK] Serhiy → GoToShelter (goal=FleeEmission)
[15:41:34] [GOAL] Serhiy achieved FleeEmission
[15:41:34] [TASK] Damir → GoToShelter (goal=FleeEmission)
[15:41:34] [GOAL] Damir achieved FleeEmission
[15:41:34] [TASK] Igor → GoToShelter (goal=FleeEmission)
[15:41:34] [GOAL] Igor achieved FleeEmission
[15:41:34] [TASK] Nikolai → GoToShelter (goal=FleeEmission)
[15:41:34] [GOAL] Nikolai achieved FleeEmission
[15:41:34] [TASK] Oleg → GoToShelter (goal=FleeEmission)
[15:41:34] [GOAL] Oleg achieved FleeEmission
[15:41:34] [TASK] Serhiy → GoToShelter (goal=FleeEmission)
[15:41:34] [GOAL] Serhiy achieved FleeEmission
[15:41:39] [SPAWN] Trickle +0 stalkers, +1 mutants
[15:41:39] [CORPSE] Despawned 3 bodies (lifetime=2076)
[15:41:40] [RANK] Andrei Kovalenko 'Ghost' → Trainee
[15:41:40] [COMBAT] Andrei Kovalenko 'Ghost' killed PsyDog using wpn_svd
[15:41:41] [SNAPSHOT] real=26.8min game=D0 01:48 alive S=230 M=226 corpses=82 lootable=49 gammaGear out=104 helm=191 avgRU=851 leaderGoals trade=0 mission=11 emission=Dormant nextIn=0gmin desperate=4 hungry=0 interval deaths=1 combats=4 tasks=22 gearLoot=0 gearBuy=0 missions=0 corpseDespawn=13 trickleSpawns=3 ranks=[Rookie:224,Trainee:5,Experienced:1] goals=[Idle:121,FleeEmission::11] leaders: Andriy[Rookie/Idle], Bohdan[Rookie/FleeEmission:], Oleg[Rookie/Idle], Mikhail[Rookie/Idle], Andriy[Rookie/Idle]
[15:41:41] [COMBAT] Tobias Bondarenko 'Crow' killed Controller using wpn_rg6
[15:41:49] [CORPSE] Despawned 3 bodies (lifetime=2079)
[15:41:55] [SPAWN] Trickle +0 stalkers, +1 mutants
[15:41:56] [COMBAT] Nikolai Melnyk 'Viper' killed Bloodsucker using wpn_ak74
[15:41:59] [CORPSE] Despawned 6 bodies (lifetime=2085)
[15:42:00] [SPAWN] Trickle +1 stalkers, +0 mutants
[15:42:00] [TASK] Bohdan → GoToShelter (goal=FleeEmission)
[15:42:00] [GOAL] Bohdan achieved FleeEmission
[15:42:00] [TASK] Viktor → GoToShelter (goal=FleeEmission)
[15:42:00] [GOAL] Viktor achieved FleeEmission
[15:42:00] [TASK] Taras → GoToShelter (goal=FleeEmission)
[15:42:00] [GOAL] Taras achieved FleeEmission
[15:42:00] [TASK] Serhiy → GoToShelter (goal=FleeEmission)
[15:42:00] [GOAL] Serhiy achieved FleeEmission
[15:42:00] [TASK] Dmitri → GoToShelter (goal=FleeEmission)
[15:42:00] [GOAL] Dmitri achieved FleeEmission
[15:42:00] [TASK] Serhiy → GoToShelter (goal=FleeEmission)
[15:42:00] [GOAL] Serhiy achieved FleeEmission
[15:42:00] [TASK] Damir → GoToShelter (goal=FleeEmission)
[15:42:00] [GOAL] Damir achieved FleeEmission
[15:42:00] [TASK] Igor → GoToShelter (goal=FleeEmission)
[15:42:00] [GOAL] Igor achieved FleeEmission
[15:42:00] [TASK] Nikolai → GoToShelter (goal=FleeEmission)
[15:42:00] [GOAL] Nikolai achieved FleeEmission
[15:42:00] [TASK] Oleg → GoToShelter (goal=FleeEmission)
[15:42:00] [GOAL] Oleg achieved FleeEmission
[15:42:00] [TASK] Serhiy → GoToShelter (goal=FleeEmission)
[15:42:00] [GOAL] Serhiy achieved FleeEmission
[15:42:10] [CORPSE] Despawned 4 bodies (lifetime=2089)
[15:42:11] [SNAPSHOT] real=27.3min game=D0 01:51 alive S=229 M=225 corpses=73 lootable=44 gammaGear out=103 helm=190 avgRU=851 leaderGoals trade=0 mission=10 emission=Dormant nextIn=0gmin desperate=4 hungry=0 interval deaths=2 combats=4 tasks=11 gearLoot=0 gearBuy=0 missions=0 corpseDespawn=13 trickleSpawns=2 ranks=[Rookie:223,Trainee:5,Experienced:1] goals=[Idle:121,FleeEmission::10] leaders: Andriy[Rookie/Idle], Bohdan[Rookie/FleeEmission:], Oleg[Rookie/Idle], Mikhail[Rookie/Idle], Andriy[Rookie/Idle]
[15:42:16] [SPAWN] Trickle +0 stalkers, +1 mutants
[15:42:20] [CORPSE] Despawned 8 bodies (lifetime=2097)
[15:42:29] [RANK] Heinrich Shevchenko 'Ghost' → Trainee
[15:42:29] [COMBAT] Heinrich Shevchenko 'Ghost' killed Snork using wpn_gauss
[15:42:30] [CORPSE] Despawned 3 bodies (lifetime=2100)
[15:42:35] [COMBAT] Andrei Melnyk 'Ghost' killed Snork using wpn_pkm
[15:42:40] [CORPSE] Despawned 2 bodies (lifetime=2102)
[15:42:42] [SNAPSHOT] real=27.8min game=D0 01:54 alive S=227 M=224 corpses=64 lootable=36 gammaGear out=102 helm=189 avgRU=851 leaderGoals trade=0 mission=10 emission=Dormant nextIn=0gmin desperate=3 hungry=0 interval deaths=2 combats=4 tasks=0 gearLoot=0 gearBuy=0 missions=0 corpseDespawn=13 trickleSpawns=1 ranks=[Rookie:220,Trainee:6,Experienced:1] goals=[Idle:119,FleeEmission::10] leaders: Andriy[Rookie/Idle], Bohdan[Rookie/FleeEmission:], Oleg[Rookie/Idle], Mikhail[Rookie/Idle], Andriy[Rookie/Idle]
[15:42:49] [SPAWN] Trickle +5 stalkers, +0 mutants
[15:42:49] [TASK] Bohdan → GoToShelter (goal=FleeEmission)
[15:42:49] [GOAL] Bohdan achieved FleeEmission
[15:42:49] [TASK] Viktor → GoToShelter (goal=FleeEmission)
[15:42:49] [GOAL] Viktor achieved FleeEmission
[15:42:49] [TASK] Taras → GoToShelter (goal=FleeEmission)
[15:42:49] [GOAL] Taras achieved FleeEmission
[15:42:49] [TASK] Serhiy → GoToShelter (goal=FleeEmission)
[15:42:49] [GOAL] Serhiy achieved FleeEmission
[15:42:49] [TASK] Dmitri → GoToShelter (goal=FleeEmission)
[15:42:49] [GOAL] Dmitri achieved FleeEmission
[15:42:49] [TASK] Serhiy → GoToShelter (goal=FleeEmission)
[15:42:49] [GOAL] Serhiy achieved FleeEmission
[15:42:49] [TASK] Damir → GoToShelter (goal=FleeEmission)
[15:42:49] [GOAL] Damir achieved FleeEmission
[15:42:49] [TASK] Igor → GoToShelter (goal=FleeEmission)
[15:42:49] [GOAL] Igor achieved FleeEmission
[15:42:49] [TASK] Nikolai → GoToShelter (goal=FleeEmission)
[15:42:49] [GOAL] Nikolai achieved FleeEmission
[15:42:49] [TASK] Oleg → GoToShelter (goal=FleeEmission)
[15:42:49] [GOAL] Oleg achieved FleeEmission
[15:42:51] [CORPSE] Despawned 1 bodies (lifetime=2103)
[15:42:59] [COMBAT] Ivan Volkov 'Badger' killed Mikhail Petrenko 'Stitch' using wpn_pkm
[15:42:59] [TASK] Vasyl → GoToShelter (goal=FleeEmission)
[15:42:59] [GOAL] Vasyl achieved FleeEmission
[15:42:59] [TASK] Sergei → GoToShelter (goal=FleeEmission)
[15:42:59] [GOAL] Sergei achieved FleeEmission
[15:42:59] [TASK] Bohdan → GoToShelter (goal=FleeEmission)
[15:42:59] [GOAL] Bohdan achieved FleeEmission
[15:42:59] [TASK] Viktor → GoToShelter (goal=FleeEmission)
[15:42:59] [GOAL] Viktor achieved FleeEmission
[15:42:59] [TASK] Taras → GoToShelter (goal=FleeEmission)
[15:42:59] [GOAL] Taras achieved FleeEmission
[15:42:59] [TASK] Serhiy → GoToShelter (goal=FleeEmission)
[15:42:59] [GOAL] Serhiy achieved FleeEmission
[15:42:59] [TASK] Dmitri → GoToShelter (goal=FleeEmission)
[15:42:59] [GOAL] Dmitri achieved FleeEmission
[15:42:59] [TASK] Serhiy → GoToShelter (goal=FleeEmission)
[15:42:59] [GOAL] Serhiy achieved FleeEmission
[15:42:59] [TASK] Damir → GoToShelter (goal=FleeEmission)
[15:42:59] [GOAL] Damir achieved FleeEmission
[15:42:59] [TASK] Igor → GoToShelter (goal=FleeEmission)
[15:42:59] [GOAL] Igor achieved FleeEmission
[15:42:59] [TASK] Nikolai → GoToShelter (goal=FleeEmission)
[15:42:59] [GOAL] Nikolai achieved FleeEmission
[15:42:59] [TASK] Oleg → GoToShelter (goal=FleeEmission)
[15:42:59] [GOAL] Oleg achieved FleeEmission
[15:43:01] [SPAWN] Trickle +1 stalkers, +0 mutants
[15:43:01] [TASK] Bohdan → GoToShelter (goal=FleeEmission)
[15:43:01] [GOAL] Bohdan achieved FleeEmission
[15:43:01] [TASK] Viktor → GoToShelter (goal=FleeEmission)
[15:43:01] [GOAL] Viktor achieved FleeEmission
[15:43:01] [TASK] Taras → GoToShelter (goal=FleeEmission)
[15:43:01] [GOAL] Taras achieved FleeEmission
[15:43:01] [TASK] Serhiy → GoToShelter (goal=FleeEmission)
[15:43:01] [GOAL] Serhiy achieved FleeEmission
[15:43:01] [TASK] Dmitri → GoToShelter (goal=FleeEmission)
[15:43:01] [GOAL] Dmitri achieved FleeEmission
[15:43:01] [TASK] Serhiy → GoToShelter (goal=FleeEmission)
[15:43:01] [GOAL] Serhiy achieved FleeEmission
[15:43:01] [TASK] Damir → GoToShelter (goal=FleeEmission)
[15:43:01] [GOAL] Damir achieved FleeEmission
[15:43:01] [TASK] Igor → GoToShelter (goal=FleeEmission)
[15:43:01] [GOAL] Igor achieved FleeEmission
[15:43:01] [TASK] Nikolai → GoToShelter (goal=FleeEmission)
[15:43:01] [GOAL] Nikolai achieved FleeEmission
[15:43:01] [TASK] Oleg → GoToShelter (goal=FleeEmission)
[15:43:01] [GOAL] Oleg achieved FleeEmission
[15:43:01] [TASK] Yuriy → GoToShelter (goal=FleeEmission)
[15:43:01] [GOAL] Yuriy achieved FleeEmission
[15:43:03] [CORPSE] Despawned 7 bodies (lifetime=2110)
[15:43:04] [COMBAT] Serhiy Ivanov 'Spark' killed Yuriy Melnyk 'Fox' using wpn_p90
[15:43:12] [SNAPSHOT] real=28.3min game=D0 01:56 alive S=230 M=224 corpses=59 lootable=38 gammaGear out=102 helm=192 avgRU=851 leaderGoals trade=0 mission=11 emission=Dormant nextIn=0gmin desperate=3 hungry=0 interval deaths=3 combats=3 tasks=33 gearLoot=0 gearBuy=0 missions=0 corpseDespawn=8 trickleSpawns=6 ranks=[Rookie:223,Trainee:6,Experienced:1] goals=[Idle:120,FleeEmission::11] leaders: Andriy[Rookie/Idle], Bohdan[Rookie/FleeEmission:], Oleg[Rookie/Idle], Mikhail[Rookie/Idle], Andriy[Rookie/Idle]
[15:43:13] [CORPSE] Despawned 6 bodies (lifetime=2116)
[15:43:23] [CORPSE] Despawned 2 bodies (lifetime=2118)
[15:43:23] [COMBAT] Nikolai Ivanov 'Ghost' killed Rat using wpn_gauss
[15:43:30] [SPAWN] Trickle +3 stalkers, +0 mutants
[15:43:30] [TASK] Bohdan → GoToShelter (goal=FleeEmission)
[15:43:30] [GOAL] Bohdan achieved FleeEmission
[15:43:30] [TASK] Viktor → GoToShelter (goal=FleeEmission)
[15:43:30] [GOAL] Viktor achieved FleeEmission
[15:43:30] [TASK] Taras → GoToShelter (goal=FleeEmission)
[15:43:30] [GOAL] Taras achieved FleeEmission
[15:43:30] [TASK] Serhiy → GoToShelter (goal=FleeEmission)
[15:43:30] [GOAL] Serhiy achieved FleeEmission
[15:43:30] [TASK] Dmitri → GoToShelter (goal=FleeEmission)
[15:43:30] [GOAL] Dmitri achieved FleeEmission
[15:43:30] [TASK] Serhiy → GoToShelter (goal=FleeEmission)
[15:43:30] [GOAL] Serhiy achieved FleeEmission
[15:43:30] [TASK] Damir → GoToShelter (goal=FleeEmission)
[15:43:30] [GOAL] Damir achieved FleeEmission
[15:43:30] [TASK] Igor → GoToShelter (goal=FleeEmission)
[15:43:30] [GOAL] Igor achieved FleeEmission
[15:43:30] [TASK] Nikolai → GoToShelter (goal=FleeEmission)
[15:43:30] [GOAL] Nikolai achieved FleeEmission
[15:43:30] [TASK] Oleg → GoToShelter (goal=FleeEmission)
[15:43:30] [GOAL] Oleg achieved FleeEmission
[15:43:30] [TASK] Serhiy → GoToShelter (goal=FleeEmission)
[15:43:30] [GOAL] Serhiy achieved FleeEmission
[15:43:34] [CORPSE] Despawned 4 bodies (lifetime=2122)
[15:43:39] [SPAWN] Trickle +5 stalkers, +0 mutants
[15:43:39] [TASK] Bohdan → GoToShelter (goal=FleeEmission)
[15:43:39] [GOAL] Bohdan achieved FleeEmission
[15:43:39] [TASK] Viktor → GoToShelter (goal=FleeEmission)
[15:43:39] [GOAL] Viktor achieved FleeEmission
[15:43:39] [TASK] Taras → GoToShelter (goal=FleeEmission)
[15:43:39] [GOAL] Taras achieved FleeEmission
[15:43:39] [TASK] Serhiy → GoToShelter (goal=FleeEmission)
[15:43:39] [GOAL] Serhiy achieved FleeEmission
[15:43:39] [TASK] Dmitri → GoToShelter (goal=FleeEmission)
[15:43:39] [GOAL] Dmitri achieved FleeEmission
[15:43:39] [TASK] Serhiy → GoToShelter (goal=FleeEmission)
[15:43:39] [GOAL] Serhiy achieved FleeEmission
[15:43:39] [TASK] Damir → GoToShelter (goal=FleeEmission)
[15:43:39] [GOAL] Damir achieved FleeEmission
[15:43:39] [TASK] Igor → GoToShelter (goal=FleeEmission)
[15:43:39] [GOAL] Igor achieved FleeEmission
[15:43:39] [TASK] Nikolai → GoToShelter (goal=FleeEmission)
[15:43:39] [GOAL] Nikolai achieved FleeEmission
[15:43:39] [TASK] Oleg → GoToShelter (goal=FleeEmission)
[15:43:39] [GOAL] Oleg achieved FleeEmission
[15:43:39] [TASK] Ivan → GoToShelter (goal=FleeEmission)
[15:43:39] [GOAL] Ivan achieved FleeEmission
[15:43:42] [SNAPSHOT] real=28.8min game=D0 01:59 alive S=238 M=223 corpses=48 lootable=29 gammaGear out=107 helm=199 avgRU=851 leaderGoals trade=0 mission=12 emission=Dormant nextIn=0gmin desperate=3 hungry=0 interval deaths=0 combats=1 tasks=22 gearLoot=0 gearBuy=0 missions=0 corpseDespawn=12 trickleSpawns=8 ranks=[Rookie:231,Trainee:6,Experienced:1] goals=[Idle:122,FleeEmission::12] leaders: Andriy[Rookie/Idle], Bohdan[Rookie/FleeEmission:], Oleg[Rookie/Idle], Mikhail[Rookie/Idle], Andriy[Rookie/Idle]
[15:43:45] [CORPSE] Despawned 1 bodies (lifetime=2123)
[15:43:55] [CORPSE] Despawned 4 bodies (lifetime=2127)
[15:43:56] [COMBAT] Andrei Bondarenko 'Bullet' killed Flesh using wpn_ak74
[15:44:00] [SPAWN] Trickle +0 stalkers, +1 mutants
[15:44:05] [CORPSE] Despawned 1 bodies (lifetime=2128)
[15:44:06] [COMBAT] Yuriy Shevchenko 'Scar' killed Chimera using wpn_pm
[15:44:09] [COMBAT] Andrei Sokolov 'Bullet' killed Flesh using wpn_aek971
[15:44:13] [SNAPSHOT] real=29.4min game=D0 02:02 alive S=238 M=221 corpses=45 lootable=24 gammaGear out=107 helm=199 avgRU=851 leaderGoals trade=0 mission=12 emission=Dormant nextIn=0gmin desperate=3 hungry=0 interval deaths=0 combats=3 tasks=0 gearLoot=0 gearBuy=0 missions=0 corpseDespawn=6 trickleSpawns=1 ranks=[Rookie:231,Trainee:6,Experienced:1] goals=[Idle:122,FleeEmission::12] leaders: Andriy[Rookie/Idle], Bohdan[Rookie/FleeEmission:], Oleg[Rookie/Idle], Mikhail[Rookie/Idle], Andriy[Rookie/Idle]
[15:44:13] [COMBAT] Andrei Bondarenko 'Bullet' killed Boar using wpn_ak74
[15:44:15] [CORPSE] Despawned 5 bodies (lifetime=2133)
[15:44:21] [SPAWN] Trickle +1 stalkers, +0 mutants
[15:44:21] [TASK] Bohdan → GoToShelter (goal=FleeEmission)
[15:44:21] [GOAL] Bohdan achieved FleeEmission
[15:44:21] [TASK] Viktor → GoToShelter (goal=FleeEmission)
[15:44:21] [GOAL] Viktor achieved FleeEmission
[15:44:21] [TASK] Taras → GoToShelter (goal=FleeEmission)
[15:44:21] [GOAL] Taras achieved FleeEmission
[15:44:21] [TASK] Serhiy → GoToShelter (goal=FleeEmission)
[15:44:21] [GOAL] Serhiy achieved FleeEmission
[15:44:21] [TASK] Dmitri → GoToShelter (goal=FleeEmission)
[15:44:21] [GOAL] Dmitri achieved FleeEmission
[15:44:21] [TASK] Serhiy → GoToShelter (goal=FleeEmission)
[15:44:21] [GOAL] Serhiy achieved FleeEmission
[15:44:21] [TASK] Damir → GoToShelter (goal=FleeEmission)
[15:44:21] [GOAL] Damir achieved FleeEmission
[15:44:21] [TASK] Igor → GoToShelter (goal=FleeEmission)
[15:44:21] [GOAL] Igor achieved FleeEmission
[15:44:21] [TASK] Nikolai → GoToShelter (goal=FleeEmission)
[15:44:21] [GOAL] Nikolai achieved FleeEmission
[15:44:21] [TASK] Oleg → GoToShelter (goal=FleeEmission)
[15:44:21] [GOAL] Oleg achieved FleeEmission
[15:44:21] [TASK] Andrei → GoToShelter (goal=FleeEmission)
[15:44:21] [GOAL] Andrei achieved FleeEmission
[15:44:21] [TASK] Viktor → GoToShelter (goal=FleeEmission)
[15:44:21] [GOAL] Viktor achieved FleeEmission
[15:44:26] [CORPSE] Despawned 3 bodies (lifetime=2136)
[15:44:29] [SPAWN] Trickle +1 stalkers, +0 mutants
[15:44:29] [TASK] Bohdan → GoToShelter (goal=FleeEmission)
[15:44:29] [GOAL] Bohdan achieved FleeEmission
[15:44:29] [TASK] Viktor → GoToShelter (goal=FleeEmission)
[15:44:29] [GOAL] Viktor achieved FleeEmission
[15:44:29] [TASK] Taras → GoToShelter (goal=FleeEmission)
[15:44:29] [GOAL] Taras achieved FleeEmission
[15:44:29] [TASK] Serhiy → GoToShelter (goal=FleeEmission)
[15:44:29] [GOAL] Serhiy achieved FleeEmission
[15:44:29] [TASK] Dmitri → GoToShelter (goal=FleeEmission)
[15:44:29] [GOAL] Dmitri achieved FleeEmission
[15:44:29] [TASK] Serhiy → GoToShelter (goal=FleeEmission)
[15:44:29] [GOAL] Serhiy achieved FleeEmission
[15:44:29] [TASK] Damir → GoToShelter (goal=FleeEmission)
[15:44:29] [GOAL] Damir achieved FleeEmission
[15:44:29] [TASK] Igor → GoToShelter (goal=FleeEmission)
[15:44:29] [GOAL] Igor achieved FleeEmission
[15:44:29] [TASK] Nikolai → GoToShelter (goal=FleeEmission)
[15:44:29] [GOAL] Nikolai achieved FleeEmission
[15:44:29] [TASK] Oleg → GoToShelter (goal=FleeEmission)
[15:44:29] [GOAL] Oleg achieved FleeEmission
[15:44:29] [TASK] Oleg → GoToShelter (goal=FleeEmission)
[15:44:29] [GOAL] Oleg achieved FleeEmission
[15:44:31] [SPAWN] Trickle +0 stalkers, +1 mutants
[15:44:36] [SPAWN] Trickle +1 stalkers, +0 mutants
[15:44:36] [TASK] Bohdan → GoToShelter (goal=FleeEmission)
[15:44:36] [GOAL] Bohdan achieved FleeEmission
[15:44:36] [TASK] Viktor → GoToShelter (goal=FleeEmission)
[15:44:36] [GOAL] Viktor achieved FleeEmission
[15:44:36] [TASK] Taras → GoToShelter (goal=FleeEmission)
[15:44:36] [GOAL] Taras achieved FleeEmission
[15:44:36] [TASK] Serhiy → GoToShelter (goal=FleeEmission)
[15:44:36] [GOAL] Serhiy achieved FleeEmission
[15:44:36] [TASK] Dmitri → GoToShelter (goal=FleeEmission)
[15:44:36] [GOAL] Dmitri achieved FleeEmission
[15:44:36] [TASK] Serhiy → GoToShelter (goal=FleeEmission)
[15:44:36] [GOAL] Serhiy achieved FleeEmission
[15:44:36] [TASK] Damir → GoToShelter (goal=FleeEmission)
[15:44:36] [GOAL] Damir achieved FleeEmission
[15:44:36] [TASK] Igor → GoToShelter (goal=FleeEmission)
[15:44:36] [GOAL] Igor achieved FleeEmission
[15:44:36] [TASK] Nikolai → GoToShelter (goal=FleeEmission)
[15:44:36] [GOAL] Nikolai achieved FleeEmission
[15:44:36] [TASK] Oleg → GoToShelter (goal=FleeEmission)
[15:44:36] [GOAL] Oleg achieved FleeEmission
[15:44:36] [TASK] Dmytro → GoToShelter (goal=FleeEmission)
[15:44:36] [GOAL] Dmytro achieved FleeEmission
[15:44:38] [COMBAT] Nikolai Sokolov 'Raven' killed Alexei Petrov 'Bullet' using wpn_ak74
[15:44:38] [GEAR] Nikolai looted [wpn_pkm, arm_exo, helm_helm_metro] via combat
[15:44:38] [SPAWN] Trickle +0 stalkers, +1 mutants
[15:44:38] [CORPSE] Despawned 3 bodies (lifetime=2139)
[15:44:39] [SPAWN] Trickle +2 stalkers, +0 mutants
[15:44:39] [TASK] Bohdan → GoToShelter (goal=FleeEmission)
[15:44:39] [GOAL] Bohdan achieved FleeEmission
[15:44:39] [TASK] Viktor → GoToShelter (goal=FleeEmission)
[15:44:39] [GOAL] Viktor achieved FleeEmission
[15:44:39] [TASK] Taras → GoToShelter (goal=FleeEmission)
[15:44:39] [GOAL] Taras achieved FleeEmission
[15:44:39] [TASK] Serhiy → GoToShelter (goal=FleeEmission)
[15:44:39] [GOAL] Serhiy achieved FleeEmission
[15:44:39] [TASK] Dmitri → GoToShelter (goal=FleeEmission)
[15:44:39] [GOAL] Dmitri achieved FleeEmission
[15:44:39] [TASK] Serhiy → GoToShelter (goal=FleeEmission)
[15:44:39] [GOAL] Serhiy achieved FleeEmission
[15:44:39] [TASK] Damir → GoToShelter (goal=FleeEmission)
[15:44:39] [GOAL] Damir achieved FleeEmission
[15:44:39] [TASK] Igor → GoToShelter (goal=FleeEmission)
[15:44:39] [GOAL] Igor achieved FleeEmission
[15:44:39] [TASK] Nikolai → GoToShelter (goal=FleeEmission)
[15:44:39] [GOAL] Nikolai achieved FleeEmission
[15:44:39] [TASK] Oleg → GoToShelter (goal=FleeEmission)
[15:44:39] [GOAL] Oleg achieved FleeEmission
[15:44:41] [COMBAT] Andrei Kovalenko 'Ghost' killed PsyDog using wpn_svd
[15:44:43] [SNAPSHOT] real=29.9min game=D0 02:05 alive S=241 M=221 corpses=38 lootable=19 gammaGear out=107 helm=201 avgRU=851 leaderGoals trade=0 mission=11 emission=Dormant nextIn=0gmin desperate=3 hungry=0 interval deaths=2 combats=4 tasks=44 gearLoot=1 gearBuy=0 missions=0 corpseDespawn=11 trickleSpawns=7 ranks=[Rookie:235,Trainee:5,Experienced:1] goals=[Idle:126,FleeEmission::11] leaders: Andriy[Rookie/Idle], Bohdan[Rookie/FleeEmission:], Oleg[Rookie/Idle], Mikhail[Rookie/Idle], Andriy[Rookie/Idle]
[15:44:49] [CORPSE] Despawned 2 bodies (lifetime=2141)
[15:44:51] [REPORT] ========== SIMULATION DEBUG FINAL REPORT ==========
Real runtime: 30.0 min | Game time: D0 02:06 | TimeFactor=6.0
Population: stalkers 241 alive (peak 301, min 62) | mutants 221 alive
Initial spawn: 6 stalkers, 0 mutants
Trickle respawn: +40 stalkers, +15 mutants (40 batches)
Combat encounters: 2093 total
  vs mutant: W=794 L=756 | mutants killed=794
  vs stalker: W=255 L=288
Stalker casualties: 1299 total
  gunfire=543 mutant=756 emission=0 betrayal=0 zombified=0
Mutant emission deaths: 0
Rank promotions: 55 | Corpses reported: 1430 | Despawned: 2141
Gear loot events: 186 (404 items) | Trader gear buys: 4 (5 items)
Missions: accepted=731 completed=260
GAMMA gear (alive): outfits=107 helmets=201 avgGold=851 RU
GOAP tasks completed: 5611 | Goals achieved: 5116
GOAP replans (1Hz): 260995
Emission storms: 0 | Last phase: Dormant
KillTracker total: 2093
Deaths per real minute (overall): 43.3
Combats per real minute (overall): 69.8
Startup window (0-2 min): 102 deaths, 142 combats (51 deaths/min)
Steady state (after 2 min): 1197 deaths, 1951 combats (42.7 deaths/min, 69.7 combats/min)
Rank distribution (alive):
  Rookie: 235
  Trainee: 5
  Experienced: 1
Top survivors by kills:
  Andriy Volkov 'Scar' (Experienced) K=7 XP=350
  Ivan Volkov 'Badger' (Rookie) K=6 XP=140
  Ivan Sokolov 'Spark' (Trainee) K=6 XP=260
  Mykola Sokolov 'Wolf' (Trainee) K=6 XP=260
  Ivan Petrenko 'Ghost' (Rookie) K=5 XP=130
===================================================

========== SIMULATION DEBUG FINAL REPORT ==========
Real runtime: 30.0 min | Game time: D0 02:06 | TimeFactor=6.0
Population: stalkers 241 alive (peak 301, min 62) | mutants 221 alive
Initial spawn: 6 stalkers, 0 mutants
Trickle respawn: +40 stalkers, +15 mutants (40 batches)
Combat encounters: 2093 total
  vs mutant: W=794 L=756 | mutants killed=794
  vs stalker: W=255 L=288
Stalker casualties: 1299 total
  gunfire=543 mutant=756 emission=0 betrayal=0 zombified=0
Mutant emission deaths: 0
Rank promotions: 55 | Corpses reported: 1430 | Despawned: 2141
Gear loot events: 186 (404 items) | Trader gear buys: 4 (5 items)
Missions: accepted=731 completed=260
GAMMA gear (alive): outfits=107 helmets=201 avgGold=851 RU
GOAP tasks completed: 5611 | Goals achieved: 5116
GOAP replans (1Hz): 260995
Emission storms: 0 | Last phase: Dormant
KillTracker total: 2093
Deaths per real minute (overall): 43.3
Combats per real minute (overall): 69.8
Startup window (0-2 min): 102 deaths, 142 combats (51 deaths/min)
Steady state (after 2 min): 1197 deaths, 1951 combats (42.7 deaths/min, 69.7 combats/min)
Rank distribution (alive):
  Rookie: 235
  Trainee: 5
  Experienced: 1
Top survivors by kills:
  Andriy Volkov 'Scar' (Experienced) K=7 XP=350
  Ivan Volkov 'Badger' (Rookie) K=6 XP=140
  Ivan Sokolov 'Spark' (Trainee) K=6 XP=260
  Mykola Sokolov 'Wolf' (Trainee) K=6 XP=260
  Ivan Petrenko 'Ghost' (Rookie) K=5 XP=130
===================================================

