[00:54:48] [INIT] Debug logging enabled → logs/sim_20260813_005448.log
[00:54:48] [INIT] Snapshot interval=30s
[00:54:48] [INIT] Initial population: 6 stalkers, 0 mutants (not counted as trickle spawns)
[00:54:48] [TASK] Beard → ShareDrink (goal=Patrol)
[00:54:48] [TASK] Lukash → ShareDrink (goal=Patrol)
[00:54:48] [TASK] Professor → ShareDrink (goal=Patrol)
[00:54:48] [TASK] Barkeep → ShareDrink (goal=Patrol)
[00:54:48] [TASK] Cold → ShareDrink (goal=Patrol)
[00:54:48] [TASK] Sidorovich → ShareDrink (goal=Patrol)
[00:54:48] [INBOUND] Initial +2 stalkers, +1 mutants (remaining S=1492 M=999)
[00:54:50] [INBOUND] Initial +2 stalkers, +1 mutants (remaining S=1490 M=998)
[00:54:51] [INBOUND] Initial +2 stalkers, +2 mutants (remaining S=1488 M=996)
[00:54:52] [INBOUND] Initial +2 stalkers, +1 mutants (remaining S=1486 M=995)
[00:54:53] [INBOUND] Initial +2 stalkers, +1 mutants (remaining S=1484 M=994)
[00:54:54] [INBOUND] Initial +2 stalkers, +2 mutants (remaining S=1482 M=992)
[00:54:55] [INBOUND] Initial +2 stalkers, +1 mutants (remaining S=1480 M=991)
[00:54:56] [INBOUND] Initial +2 stalkers, +2 mutants (remaining S=1478 M=989)
[00:54:57] [INBOUND] Initial +2 stalkers, +1 mutants (remaining S=1476 M=988)
[00:54:58] [TASK] Nikolai → TradeRun (goal=Patrol)
[00:54:58] [GOAL] Nikolai achieved Patrol
[00:54:58] [INBOUND] Initial +2 stalkers, +1 mutants (remaining S=1474 M=987)
[00:54:59] [INBOUND] Initial +2 stalkers, +2 mutants (remaining S=1472 M=985)
[00:54:59] [TASK] Mykola → HarvestArtifact (goal=Patrol)
[00:54:59] [GOAL] Mykola achieved Patrol
[00:55:00] [TASK] Nikolai → ShareDrink (goal=Patrol)
[00:55:00] [TASK] Oleg → ShareDrink (goal=Patrol)
[00:55:00] [TASK] Viktor → ShareDrink (goal=Patrol)
[00:55:00] [INBOUND] Initial +2 stalkers, +1 mutants (remaining S=1470 M=984)
[00:55:01] [INBOUND] Initial +2 stalkers, +2 mutants (remaining S=1468 M=982)
[00:55:03] [INBOUND] Initial +3 stalkers, +1 mutants (remaining S=1465 M=981)
[00:55:04] [INBOUND] Initial +2 stalkers, +1 mutants (remaining S=1463 M=980)
[00:55:05] [INBOUND] Initial +2 stalkers, +2 mutants (remaining S=1461 M=978)
[00:55:06] [INBOUND] Initial +2 stalkers, +1 mutants (remaining S=1459 M=977)
[00:55:07] [INBOUND] Initial +2 stalkers, +1 mutants (remaining S=1457 M=976)
[00:55:08] [TASK] Mykola → ShareDrink (goal=Patrol)
[00:55:08] [TASK] Andriy → ShareDrink (goal=Patrol)
[00:55:08] [TASK] Oleg → ShareDrink (goal=Patrol)
[00:55:08] [INBOUND] Initial +2 stalkers, +2 mutants (remaining S=1455 M=974)
[00:55:09] [TASK] Alexei → TradeRun (goal=Patrol)
[00:55:09] [GOAL] Alexei achieved Patrol
[00:55:09] [INBOUND] Initial +2 stalkers, +1 mutants (remaining S=1453 M=973)
[00:55:10] [INBOUND] Initial +2 stalkers, +2 mutants (remaining S=1451 M=971)
[00:55:11] [INBOUND] Initial +2 stalkers, +1 mutants (remaining S=1449 M=970)
[00:55:12] [INBOUND] Initial +2 stalkers, +1 mutants (remaining S=1447 M=969)
[00:55:13] [TASK] Oleksiy → TradeRun (goal=Patrol)
[00:55:13] [GOAL] Oleksiy achieved Patrol
[00:55:13] [INBOUND] Initial +2 stalkers, +2 mutants (remaining S=1445 M=967)
[00:55:15] [INBOUND] Initial +2 stalkers, +1 mutants (remaining S=1443 M=966)
[00:55:15] [TASK] Andriy → TradeRun (goal=Patrol)
[00:55:15] [GOAL] Andriy achieved Patrol
[00:55:15] [TASK] Yuriy → TradeRun (goal=Patrol)
[00:55:15] [GOAL] Yuriy achieved Patrol
[00:55:16] [INBOUND] Initial +2 stalkers, +2 mutants (remaining S=1441 M=964)
[00:55:17] [TASK] Yuriy → ShareDrink (goal=Patrol)
[00:55:17] [TASK] Andriy → ShareDrink (goal=Patrol)
[00:55:17] [TASK] Oleksiy → ShareDrink (goal=Patrol)
[00:55:17] [TASK] Alexei → ShareDrink (goal=Patrol)
[00:55:17] [TASK] Yuriy → ShareDrink (goal=Patrol)
[00:55:17] [TASK] Vasyl → ShareDrink (goal=Patrol)
[00:55:17] [INBOUND] Initial +3 stalkers, +1 mutants (remaining S=1438 M=963)
[00:55:18] [INBOUND] Initial +2 stalkers, +1 mutants (remaining S=1436 M=962)
[00:55:18] [SNAPSHOT] real=0.5min game=D0 00:01 alive S=62 M=37 corpses=84 lootable=2 gammaGear out=39 helm=50 avgRU=650 leaderGoals trade=5 mission=0 emission=Dormant nextIn=75gmin desperate=0 hungry=0 interval deaths=2 combats=3 tasks=24 gearLoot=0 gearBuy=0 corpseDespawn=0 trickleSpawns=0 ranks=[Rookie:62] goals=[Patrol::30] leaders: Pierre[Rookie/Patrol:], Zura[Rookie/Patrol:], Oleg[Rookie/Patrol:], Sergei[Rookie/Patrol:], Mykola[Rookie/Patrol:]
[00:55:18] [TASK] Pierre → TradeRun (goal=Patrol)
[00:55:18] [GOAL] Pierre achieved Patrol
[00:55:19] [TASK] Bakhyt → TradeRun (goal=Patrol)
[00:55:19] [GOAL] Bakhyt achieved Patrol
[00:55:19] [INBOUND] Initial +2 stalkers, +2 mutants (remaining S=1434 M=960)
[00:55:20] [TASK] Andriy → TradeRun (goal=Patrol)
[00:55:20] [GOAL] Andriy achieved Patrol
[00:55:20] [INBOUND] Initial +2 stalkers, +1 mutants (remaining S=1432 M=959)
[00:55:21] [INBOUND] Initial +2 stalkers, +2 mutants (remaining S=1430 M=957)
[00:55:21] [TASK] Tobias → PatrolWilds [dead_city] (goal=Patrol)
[00:55:21] [GOAL] Tobias achieved Patrol
[00:55:21] [TASK] Bakhyt → ShareDrink (goal=Patrol)
[00:55:21] [TASK] Pierre → ShareDrink (goal=Patrol)
[00:55:21] [TASK] Andriy → ShareDrink (goal=Patrol)
[00:55:22] [GEAR] Barkeep looted [wpn_ak74] via combat
[00:55:22] [INBOUND] Initial +2 stalkers, +1 mutants (remaining S=1428 M=956)
[00:55:24] [INBOUND] Initial +2 stalkers, +1 mutants (remaining S=1426 M=955)
[00:55:25] [INBOUND] Initial +2 stalkers, +2 mutants (remaining S=1424 M=953)
[00:55:26] [INBOUND] Initial +2 stalkers, +1 mutants (remaining S=1422 M=952)
[00:55:27] [INBOUND] Initial +2 stalkers, +1 mutants (remaining S=1420 M=951)
[00:55:28] [INBOUND] Initial +2 stalkers, +2 mutants (remaining S=1418 M=949)
[00:55:29] [TASK] Vasyl → PatrolWilds [wild_territory] (goal=Patrol)
[00:55:29] [GOAL] Vasyl achieved Patrol
[00:55:29] [TASK] Bohdan → TradeRun (goal=Patrol)
[00:55:29] [GOAL] Bohdan achieved Patrol
[00:55:29] [INBOUND] Initial +2 stalkers, +1 mutants (remaining S=1416 M=948)
[00:55:30] [GEAR] Zura looted [wpn_ak74, helm_helm_m40] via combat
[00:55:30] [TASK] Alibek → ShareDrink (goal=Patrol)
[00:55:30] [TASK] Bohdan → ShareDrink (goal=Patrol)
[00:55:30] [TASK] Dmytro → ShareDrink (goal=Patrol)
[00:55:30] [TASK] Bohdan → ShareDrink (goal=Patrol)
[00:55:30] [INBOUND] Initial +2 stalkers, +2 mutants (remaining S=1414 M=946)
[00:55:31] [TASK] Ivan → TradeRun (goal=Patrol)
[00:55:31] [GOAL] Ivan achieved Patrol
[00:55:32] [INBOUND] Initial +3 stalkers, +1 mutants (remaining S=1411 M=945)
[00:55:32] [TASK] Damir → PatrolWilds [limansk] (goal=Patrol)
[00:55:32] [GOAL] Damir achieved Patrol
[00:55:33] [INBOUND] Initial +2 stalkers, +1 mutants (remaining S=1409 M=944)
[00:55:34] [TASK] Bohdan → TradeRun (goal=Patrol)
[00:55:34] [GOAL] Bohdan achieved Patrol
[00:55:34] [TASK] Vasyl → ShareDrink (goal=Patrol)
[00:55:34] [TASK] Igor → ShareDrink (goal=Patrol)
[00:55:34] [TASK] Ivan → ShareDrink (goal=Patrol)
[00:55:34] [TASK] Viktor → ShareDrink (goal=Patrol)
[00:55:34] [INBOUND] Initial +2 stalkers, +2 mutants (remaining S=1407 M=942)
[00:55:35] [INBOUND] Initial +2 stalkers, +1 mutants (remaining S=1405 M=941)
[00:55:36] [INBOUND] Initial +2 stalkers, +2 mutants (remaining S=1403 M=939)
[00:55:37] [INBOUND] Initial +2 stalkers, +1 mutants (remaining S=1401 M=938)
[00:55:37] [TASK] Igor → TradeRun (goal=Patrol)
[00:55:37] [GOAL] Igor achieved Patrol
[00:55:38] [INBOUND] Initial +2 stalkers, +1 mutants (remaining S=1399 M=937)
[00:55:39] [INBOUND] Initial +2 stalkers, +2 mutants (remaining S=1397 M=935)
[00:55:39] [TASK] Andrei → TradeRun (goal=Patrol)
[00:55:39] [GOAL] Andrei achieved Patrol
[00:55:39] [TASK] Dmytro → ShareDrink (goal=Patrol)
[00:55:40] [INBOUND] Initial +2 stalkers, +1 mutants (remaining S=1395 M=934)
[00:55:41] [TASK] Igor → ShareDrink (goal=Patrol)
[00:55:41] [TASK] Bohdan → ShareDrink (goal=Patrol)
[00:55:41] [TASK] Oleg → ShareDrink (goal=Patrol)
[00:55:41] [TASK] Andrei → ShareDrink (goal=Patrol)
[00:55:42] [INBOUND] Initial +2 stalkers, +2 mutants (remaining S=1393 M=932)
[00:55:43] [INBOUND] Initial +2 stalkers, +1 mutants (remaining S=1391 M=931)
[00:55:44] [INBOUND] Initial +2 stalkers, +1 mutants (remaining S=1389 M=930)
[00:55:44] [GEAR] Serhiy looted [wpn_pm, out_travel_outfit] via combat
[00:55:45] [INBOUND] Initial +2 stalkers, +2 mutants (remaining S=1387 M=928)
[00:55:45] [TASK] Ivan → HarvestArtifact (goal=Patrol)
[00:55:45] [GOAL] Ivan achieved Patrol
[00:55:46] [TASK] Serhiy → TradeRun (goal=Patrol)
[00:55:46] [GOAL] Serhiy achieved Patrol
[00:55:46] [INBOUND] Initial +2 stalkers, +1 mutants (remaining S=1385 M=927)
[00:55:47] [INBOUND] Initial +3 stalkers, +1 mutants (remaining S=1382 M=926)
[00:55:48] [INBOUND] Initial +2 stalkers, +2 mutants (remaining S=1380 M=924)
[00:55:48] [SNAPSHOT] real=1.0min game=D0 00:02 alive S=106 M=68 corpses=103 lootable=14 gammaGear out=62 helm=88 avgRU=650 leaderGoals trade=1 mission=0 emission=Dormant nextIn=74gmin desperate=0 hungry=0 interval deaths=12 combats=19 tasks=29 gearLoot=3 gearBuy=0 corpseDespawn=0 trickleSpawns=0 ranks=[Rookie:106] goals=[Patrol::57] leaders: Taras[Rookie/Patrol:], Mykola[Rookie/Patrol:], Timur[Rookie/Patrol:], Mykola[Rookie/Patrol:], Ivan[Rookie/Patrol:]
[00:55:49] [INBOUND] Initial +2 stalkers, +1 mutants (remaining S=1378 M=923)
[00:55:50] [TASK] Timur → TradeRun (goal=Patrol)
[00:55:50] [GOAL] Timur achieved Patrol
[00:55:51] [INBOUND] Initial +2 stalkers, +2 mutants (remaining S=1376 M=921)
[00:55:52] [INBOUND] Initial +2 stalkers, +1 mutants (remaining S=1374 M=920)
[00:55:53] [INBOUND] Initial +2 stalkers, +1 mutants (remaining S=1372 M=919)
[00:55:54] [INBOUND] Initial +2 stalkers, +2 mutants (remaining S=1370 M=917)
[00:55:55] [TASK] Timur → ShareDrink (goal=Patrol)
[00:55:55] [TASK] Serhiy → ShareDrink (goal=Patrol)
[00:55:55] [TASK] Mikhail → ShareDrink (goal=Patrol)
[00:55:55] [INBOUND] Initial +2 stalkers, +1 mutants (remaining S=1368 M=916)
[00:55:56] [TASK] Dmytro → TradeRun (goal=Patrol)
[00:55:56] [GOAL] Dmytro achieved Patrol
[00:55:56] [INBOUND] Initial +2 stalkers, +2 mutants (remaining S=1366 M=914)
[00:55:57] [TASK] Nikolai → TradeRun (goal=Patrol)
[00:55:57] [GOAL] Nikolai achieved Patrol
[00:55:57] [INBOUND] Initial +2 stalkers, +1 mutants (remaining S=1364 M=913)
[00:55:59] [TASK] Oleksiy → ShareDrink (goal=Patrol)
[00:55:59] [INBOUND] Initial +2 stalkers, +1 mutants (remaining S=1362 M=912)
[00:55:59] [TASK] Oleksiy → ShareDrink (goal=Patrol)
[00:55:59] [TASK] Oleg → ShareDrink (goal=Patrol)
[00:55:59] [TASK] Dmytro → ShareDrink (goal=Patrol)
[00:55:59] [TASK] Nikolai → ShareDrink (goal=Patrol)
[00:56:00] [INBOUND] Initial +2 stalkers, +2 mutants (remaining S=1360 M=910)
[00:56:00] [TASK] Andrei → PatrolWilds [agroprom] (goal=Patrol)
[00:56:00] [GOAL] Andrei achieved Patrol
[00:56:01] [INBOUND] Initial +2 stalkers, +1 mutants (remaining S=1358 M=909)
[00:56:03] [INBOUND] Initial +3 stalkers, +2 mutants (remaining S=1355 M=907)
[00:56:04] [INBOUND] Initial +2 stalkers, +1 mutants (remaining S=1353 M=906)
[00:56:05] [INBOUND] Initial +2 stalkers, +1 mutants (remaining S=1351 M=905)
[00:56:06] [TASK] Oleg → HarvestArtifact (goal=Patrol)
[00:56:06] [GOAL] Oleg achieved Patrol
[00:56:06] [INBOUND] Initial +2 stalkers, +2 mutants (remaining S=1349 M=903)
[00:56:08] [INBOUND] Initial +2 stalkers, +1 mutants (remaining S=1347 M=902)
[00:56:08] [TASK] Vasyl → ShareDrink (goal=Patrol)
[00:56:08] [TASK] Andriy → ShareDrink (goal=Patrol)
[00:56:08] [TASK] Oleg → ShareDrink (goal=Patrol)
[00:56:09] [INBOUND] Initial +2 stalkers, +1 mutants (remaining S=1345 M=901)
[00:56:10] [INBOUND] Initial +2 stalkers, +2 mutants (remaining S=1343 M=899)
[00:56:12] [INBOUND] Initial +2 stalkers, +1 mutants (remaining S=1341 M=898)
[00:56:13] [TASK] Tobias → HarvestArtifact (goal=Patrol)
[00:56:13] [GOAL] Tobias achieved Patrol
[00:56:13] [TASK] Viktor → RestAtBase (goal=Patrol)
[00:56:13] [GOAL] Viktor achieved Patrol
[00:56:13] [INBOUND] Initial +2 stalkers, +2 mutants (remaining S=1339 M=896)
[00:56:14] [INBOUND] Initial +2 stalkers, +1 mutants (remaining S=1337 M=895)
[00:56:15] [TASK] Dmitri → ShareDrink (goal=Patrol)
[00:56:15] [TASK] Viktor → ShareDrink (goal=Patrol)
[00:56:16] [TASK] Alexei → ShareDrink (goal=Patrol)
[00:56:16] [GEAR] Frank looted [wpn_fn2000, wpn_fort12, arm_exo, helm_helm_tactic] via combat
[00:56:16] [INBOUND] Initial +2 stalkers, +1 mutants (remaining S=1335 M=894)
[00:56:16] [GEAR] Viktor looted [arm_freedom] via combat
[00:56:16] [GEAR] Vasyl looted [wpn_fn2000, wpn_fort12, out_stalker_proto_exo_outfit, helm_helm_battle] via combat
[00:56:17] [INBOUND] Initial +2 stalkers, +2 mutants (remaining S=1333 M=892)
[00:56:18] [GEAR] Viktor looted [wpn_pm] via combat
[00:56:18] [TASK] Rustam → TradeRun (goal=Patrol)
[00:56:18] [GOAL] Rustam achieved Patrol
[00:56:18] [INBOUND] Initial +2 stalkers, +1 mutants (remaining S=1331 M=891)
[00:56:19] [GEAR] Beard looted [wpn_ak74, wpn_sg550, arm_exo, helm_helm_spartan] via combat
[00:56:19] [TASK] Tobias → TradeRun (goal=Patrol)
[00:56:19] [GOAL] Tobias achieved Patrol
[00:56:19] [INBOUND] Initial +3 stalkers, +2 mutants (remaining S=1328 M=889)
[00:56:19] [SNAPSHOT] real=1.5min game=D0 00:04 alive S=131 M=94 corpses=139 lootable=38 gammaGear out=67 helm=106 avgRU=650 leaderGoals trade=1 mission=0 emission=Dormant nextIn=73gmin desperate=0 hungry=0 interval deaths=27 combats=36 tasks=23 gearLoot=5 gearBuy=0 corpseDespawn=0 trickleSpawns=0 ranks=[Rookie:131] goals=[Patrol::69] leaders: Giorgi[Rookie/Patrol:], Oleksiy[Rookie/Patrol:], Bakhyt[Rookie/Patrol:], Mykola[Rookie/Patrol:], Vasyl[Rookie/Patrol:]
[00:56:21] [INBOUND] Initial +2 stalkers, +1 mutants (remaining S=1326 M=888)
[00:56:22] [GEAR] Vasyl looted [wpn_pm] via combat
[00:56:22] [TASK] Marcus → ShareDrink (goal=Patrol)
[00:56:22] [TASK] Rustam → ShareDrink (goal=Patrol)
[00:56:22] [TASK] Tobias → ShareDrink (goal=Patrol)
[00:56:22] [INBOUND] Initial +2 stalkers, +1 mutants (remaining S=1324 M=887)
[00:56:22] [TASK] Serhiy → PatrolWilds [chistogalovka] (goal=Patrol)
[00:56:22] [GOAL] Serhiy achieved Patrol
[00:56:23] [TASK] Professor → RestAtBase (goal=Patrol)
[00:56:23] [GOAL] Professor achieved Patrol
[00:56:23] [TASK] Mikhail → HarvestArtifact (goal=Patrol)
[00:56:23] [GOAL] Mikhail achieved Patrol
[00:56:23] [GEAR] Dmytro looted [wpn_fn2000, wpn_sg550, helm_helm_metro] via combat
[00:56:24] [INBOUND] Initial +2 stalkers, +2 mutants (remaining S=1322 M=885)
[00:56:25] [INBOUND] Initial +2 stalkers, +1 mutants (remaining S=1320 M=884)
[00:56:25] [GEAR] Viktor looted [wpn_mp5, wpn_fort12, arm_freedom, helm_helm_m50] via combat
[00:56:26] [TASK] Professor → ShareDrink (goal=Patrol)
[00:56:26] [TASK] Mykola → ShareDrink (goal=Patrol)
[00:56:26] [TASK] Giorgi → ShareDrink (goal=Patrol)
[00:56:26] [INBOUND] Initial +2 stalkers, +2 mutants (remaining S=1318 M=882)
[00:56:26] [TASK] Vasyl → HarvestArtifact (goal=Patrol)
[00:56:26] [GOAL] Vasyl achieved Patrol
[00:56:27] [GEAR] Bohdan looted [out_stalker_proto_exo_outfit] via combat
[00:56:27] [TASK] Mikhail → TradeRun (goal=Patrol)
[00:56:27] [GOAL] Mikhail achieved Patrol
[00:56:27] [INBOUND] Initial +2 stalkers, +1 mutants (remaining S=1316 M=881)
[00:56:28] [TASK] Frank → PatrolWilds [wild_territory] (goal=Patrol)
[00:56:28] [GOAL] Frank achieved Patrol
[00:56:29] [INBOUND] Initial +2 stalkers, +1 mutants (remaining S=1314 M=880)
[00:56:29] [TASK] Bohdan → TradeRun (goal=Patrol)
[00:56:29] [GOAL] Bohdan achieved Patrol
[00:56:29] [TASK] Serhiy → PatrolWilds [truck_cemetery] (goal=Patrol)
[00:56:29] [GOAL] Serhiy achieved Patrol
[00:56:30] [TASK] Dmytro → RestAtBase (goal=Patrol)
[00:56:30] [GOAL] Dmytro achieved Patrol
[00:56:30] [INBOUND] Initial +2 stalkers, +2 mutants (remaining S=1312 M=878)
[00:56:30] [TASK] Andrei → TradeRun (goal=Patrol)
[00:56:30] [GOAL] Andrei achieved Patrol
[00:56:31] [TASK] Bohdan → RestAtBase (goal=Patrol)
[00:56:31] [GOAL] Bohdan achieved Patrol
[00:56:31] [TASK] Nikolai → RestAtBase (goal=Patrol)
[00:56:31] [GOAL] Nikolai achieved Patrol
[00:56:31] [INBOUND] Initial +2 stalkers, +1 mutants (remaining S=1310 M=877)
[00:56:32] [GEAR] Nodar looted [wpn_aksu, arm_seva] via combat
[00:56:32] [TASK] Nikolai → ShareDrink (goal=Patrol)
[00:56:32] [TASK] Mikhail → ShareDrink (goal=Patrol)
[00:56:32] [TASK] Andrei → ShareDrink (goal=Patrol)
[00:56:32] [TASK] Bohdan → ShareDrink (goal=Patrol)
[00:56:32] [TASK] Sergei → ShareDrink (goal=Patrol)
[00:56:32] [TASK] Dmytro → ShareDrink (goal=Patrol)
[00:56:32] [TASK] Bohdan → ShareDrink (goal=Patrol)
[00:56:32] [INBOUND] Initial +2 stalkers, +1 mutants (remaining S=1308 M=876)
[00:56:33] [TASK] Andrei → TradeRun (goal=Patrol)
[00:56:33] [GOAL] Andrei achieved Patrol
[00:56:33] [INBOUND] Initial +2 stalkers, +2 mutants (remaining S=1306 M=874)
[00:56:34] [GEAR] Vasyl looted [arm_exo, helm_helm_metro] via combat
[00:56:35] [INBOUND] Initial +2 stalkers, +1 mutants (remaining S=1304 M=873)
[00:56:35] [TASK] Bohdan → PatrolWilds [limansk] (goal=Patrol)
[00:56:35] [GOAL] Bohdan achieved Patrol
[00:56:35] [GEAR] Vasyl looted [wpn_ak74, out_stalker_outfit] via combat
[00:56:36] [TASK] Yuriy → RestAtBase (goal=Patrol)
[00:56:36] [GOAL] Yuriy achieved Patrol
[00:56:36] [INBOUND] Initial +2 stalkers, +2 mutants (remaining S=1302 M=871)
[00:56:37] [TASK] Andriy → TradeRun (goal=Patrol)
[00:56:37] [GOAL] Andriy achieved Patrol
[00:56:37] [INBOUND] Initial +3 stalkers, +1 mutants (remaining S=1299 M=870)
[00:56:38] [INBOUND] Initial +2 stalkers, +1 mutants (remaining S=1297 M=869)
[00:56:38] [TASK] Armen → TradeRun (goal=Patrol)
[00:56:38] [GOAL] Armen achieved Patrol
[00:56:39] [INBOUND] Initial +2 stalkers, +2 mutants (remaining S=1295 M=867)
[00:56:39] [GEAR] Rustam looted [wpn_aksu] via combat
[00:56:40] [INBOUND] Initial +2 stalkers, +1 mutants (remaining S=1293 M=866)
[00:56:41] [TASK] Yuriy → ShareDrink (goal=Patrol)
[00:56:41] [TASK] Andriy → ShareDrink (goal=Patrol)
[00:56:41] [TASK] Armen → ShareDrink (goal=Patrol)
[00:56:41] [INBOUND] Initial +2 stalkers, +2 mutants (remaining S=1291 M=864)
[00:56:42] [TASK] Dmytro → PatrolWilds [red_forest] (goal=Patrol)
[00:56:42] [GOAL] Dmytro achieved Patrol
[00:56:42] [TASK] Andrei → PatrolWilds [dead_city] (goal=Patrol)
[00:56:42] [GOAL] Andrei achieved Patrol
[00:56:42] [TASK] Vasyl → TradeRun (goal=Patrol)
[00:56:42] [GOAL] Vasyl achieved Patrol
[00:56:43] [INBOUND] Initial +2 stalkers, +1 mutants (remaining S=1289 M=863)
[00:56:44] [INBOUND] Initial +2 stalkers, +1 mutants (remaining S=1287 M=862)
[00:56:44] [TASK] Andrei → PatrolWilds [dead_city] (goal=Patrol)
[00:56:44] [GOAL] Andrei achieved Patrol
[00:56:44] [TASK] Pierre → RestAtBase (goal=Patrol)
[00:56:44] [GOAL] Pierre achieved Patrol
[00:56:45] [INBOUND] Initial +2 stalkers, +2 mutants (remaining S=1285 M=860)
[00:56:46] [TASK] Yuriy → ShareDrink (goal=Patrol)
[00:56:46] [TASK] Vasyl → ShareDrink (goal=Patrol)
[00:56:46] [TASK] Pierre → ShareDrink (goal=Patrol)
[00:56:47] [INBOUND] Initial +2 stalkers, +1 mutants (remaining S=1283 M=859)
[00:56:48] [GEAR] Bohdan looted [wpn_fn2000, wpn_fort12, out_stalker_proto_exo_outfit, helm_helm_protective] via combat
[00:56:48] [INBOUND] Initial +2 stalkers, +2 mutants (remaining S=1281 M=857)
[00:56:49] [TASK] Yuriy → TradeRun (goal=Patrol)
[00:56:49] [GOAL] Yuriy achieved Patrol
[00:56:49] [INBOUND] Initial +2 stalkers, +1 mutants (remaining S=1279 M=856)
[00:56:49] [TASK] Bohdan → RestAtBase (goal=Patrol)
[00:56:49] [GOAL] Bohdan achieved Patrol
[00:56:50] [INBOUND] Initial +2 stalkers, +1 mutants (remaining S=1277 M=855)
[00:56:50] [SNAPSHOT] real=2.0min game=D0 00:05 alive S=147 M=114 corpses=188 lootable=70 gammaGear out=72 helm=124 avgRU=650 leaderGoals trade=1 mission=0 emission=Dormant nextIn=71gmin desperate=0 hungry=0 interval deaths=35 combats=49 tasks=43 gearLoot=9 gearBuy=0 corpseDespawn=0 trickleSpawns=0 ranks=[Rookie:147] goals=[Patrol::79] leaders: Vasyl[Rookie/Patrol:], Mykola[Rookie/Patrol:], Nikolai[Rookie/Patrol:], Dmytro[Rookie/Patrol:], Vasyl[Rookie/Patrol:]
[00:56:51] [TASK] Andrei → ShareDrink (goal=Patrol)
[00:56:51] [TASK] Yuriy → ShareDrink (goal=Patrol)
[00:56:51] [TASK] Yuriy → ShareDrink (goal=Patrol)
[00:56:51] [TASK] Bohdan → ShareDrink (goal=Patrol)
[00:56:52] [INBOUND] Initial +2 stalkers, +2 mutants (remaining S=1275 M=853)
[00:56:52] [TASK] Timur → RestAtBase (goal=Patrol)
[00:56:52] [GOAL] Timur achieved Patrol
[00:56:53] [INBOUND] Initial +3 stalkers, +1 mutants (remaining S=1272 M=852)
[00:56:54] [INBOUND] Initial +2 stalkers, +1 mutants (remaining S=1270 M=851)
[00:56:55] [GEAR] Andrei looted [helm_helm_ppm88] via combat
[00:56:55] [INBOUND] Initial +2 stalkers, +2 mutants (remaining S=1268 M=849)
[00:56:57] [INBOUND] Initial +2 stalkers, +1 mutants (remaining S=1266 M=848)
[00:56:58] [INBOUND] Initial +2 stalkers, +2 mutants (remaining S=1264 M=846)
[00:56:58] [TASK] Rustam → TradeRun (goal=Patrol)
[00:56:58] [GOAL] Rustam achieved Patrol
[00:56:59] [GEAR] Sergei looted [out_exo_outfit] via combat
[00:56:59] [TASK] Mikhail → TradeRun (goal=Patrol)
[00:56:59] [GOAL] Mikhail achieved Patrol
[00:56:59] [INBOUND] Initial +2 stalkers, +1 mutants (remaining S=1262 M=845)
[00:57:00] [INBOUND] Initial +2 stalkers, +1 mutants (remaining S=1260 M=844)
[00:57:01] [TASK] Viktor → ShareDrink (goal=Patrol)
[00:57:01] [TASK] Rustam → ShareDrink (goal=Patrol)
[00:57:01] [TASK] Mikhail → ShareDrink (goal=Patrol)
[00:57:01] [TASK] Oleksiy → ShareDrink (goal=Patrol)
[00:57:01] [TASK] Dmytro → ShareDrink (goal=Patrol)
[00:57:01] [TASK] Timur → ShareDrink (goal=Patrol)
[00:57:01] [TASK] Andrei → ShareDrink (goal=Patrol)
[00:57:02] [INBOUND] Initial +2 stalkers, +2 mutants (remaining S=1258 M=842)
[00:57:02] [GEAR] Timur looted [wpn_fort12, out_wastelander_outfit] via combat
[00:57:03] [TASK] Vasyl → RestAtBase (goal=Patrol)
[00:57:03] [GOAL] Vasyl achieved Patrol
[00:57:03] [INBOUND] Initial +2 stalkers, +1 mutants (remaining S=1256 M=841)
[00:57:04] [TASK] Dmytro → RestAtBase (goal=Patrol)
[00:57:04] [GOAL] Dmytro achieved Patrol
[00:57:04] [INBOUND] Initial +2 stalkers, +2 mutants (remaining S=1254 M=839)
[00:57:05] [TASK] Mikhail → TradeRun (goal=Patrol)
[00:57:05] [GOAL] Mikhail achieved Patrol
[00:57:06] [INBOUND] Initial +2 stalkers, +1 mutants (remaining S=1252 M=838)
[00:57:06] [TASK] Lasha → TradeRun (goal=Patrol)
[00:57:06] [GOAL] Lasha achieved Patrol
[00:57:07] [INBOUND] Initial +2 stalkers, +1 mutants (remaining S=1250 M=837)
[00:57:08] [GEAR] Yuriy looted [wpn_fort12, arm_freedom] via combat
[00:57:08] [TASK] Pierre → TradeRun (goal=Patrol)
[00:57:08] [GOAL] Pierre achieved Patrol
[00:57:08] [TASK] Mikhail → ShareDrink (goal=Patrol)
[00:57:08] [INBOUND] Initial +2 stalkers, +2 mutants (remaining S=1248 M=835)
[00:57:09] [TASK] Vasyl → ShareDrink (goal=Patrol)
[00:57:10] [TASK] Dmytro → ShareDrink (goal=Patrol)
[00:57:10] [TASK] Lasha → ShareDrink (goal=Patrol)
[00:57:10] [TASK] Pierre → ShareDrink (goal=Patrol)
[00:57:10] [INBOUND] Initial +3 stalkers, +1 mutants (remaining S=1245 M=834)
[00:57:11] [INBOUND] Initial +2 stalkers, +2 mutants (remaining S=1243 M=832)
[00:57:11] [TASK] Nodar → HarvestArtifact (goal=Patrol)
[00:57:11] [GOAL] Nodar achieved Patrol
[00:57:12] [INBOUND] Initial +2 stalkers, +1 mutants (remaining S=1241 M=831)
[00:57:13] [TASK] Pierre → ShareDrink (goal=Patrol)
[00:57:13] [TASK] Taras → ShareDrink (goal=Patrol)
[00:57:13] [TASK] Damir → TradeRun (goal=Patrol)
[00:57:13] [GOAL] Damir achieved Patrol
[00:57:13] [INBOUND] Initial +2 stalkers, +1 mutants (remaining S=1239 M=830)
[00:57:13] [GEAR] Andrei looted [wpn_mp5, arm_seva, helm_helm_protective] via combat
[00:57:14] [GEAR] Andrei looted [wpn_svd] via combat
[00:57:14] [INBOUND] Initial +2 stalkers, +2 mutants (remaining S=1237 M=828)
[00:57:15] [TASK] Damir → ShareDrink (goal=Patrol)
[00:57:15] [TASK] Taras → ShareDrink (goal=Patrol)
[00:57:15] [TASK] Damir → ShareDrink (goal=Patrol)
[00:57:16] [INBOUND] Initial +2 stalkers, +1 mutants (remaining S=1235 M=827)
[00:57:16] [TASK] Vasyl → HarvestArtifact (goal=Patrol)
[00:57:16] [GOAL] Vasyl achieved Patrol
[00:57:16] [TASK] Vasyl → HarvestArtifact (goal=Patrol)
[00:57:16] [GOAL] Vasyl achieved Patrol
[00:57:16] [TASK] Sergei → TradeRun (goal=Patrol)
[00:57:16] [GOAL] Sergei achieved Patrol
[00:57:17] [INBOUND] Initial +2 stalkers, +1 mutants (remaining S=1233 M=826)
[00:57:17] [GEAR] Mikhail looted [wpn_fn2000, wpn_fort12] via combat
[00:57:17] [TASK] Nodar → TradeRun (goal=Patrol)
[00:57:17] [GOAL] Nodar achieved Patrol
[00:57:17] [TASK] Vasyl → TradeRun (goal=Patrol)
[00:57:17] [GOAL] Vasyl achieved Patrol
[00:57:17] [GEAR] Timur looted [wpn_sg550, arm_duty] via combat
[00:57:17] [TASK] Andriy → RestAtBase (goal=Patrol)
[00:57:17] [GOAL] Andriy achieved Patrol
[00:57:18] [INBOUND] Initial +2 stalkers, +2 mutants (remaining S=1231 M=824)
[00:57:18] [TASK] Viktor → PatrolWilds [red_forest] (goal=Patrol)
[00:57:18] [GOAL] Viktor achieved Patrol
[00:57:19] [INBOUND] Initial +2 stalkers, +1 mutants (remaining S=1229 M=823)
[00:57:19] [TASK] Nodar → ShareDrink (goal=Patrol)
[00:57:19] [TASK] Vasyl → ShareDrink (goal=Patrol)
[00:57:19] [TASK] Sergei → ShareDrink (goal=Patrol)
[00:57:19] [TASK] Serhiy → HarvestArtifact (goal=Patrol)
[00:57:19] [GOAL] Serhiy achieved Patrol
[00:57:19] [TASK] Andriy → ShareDrink (goal=Patrol)
[00:57:20] [GEAR] Igor looted [wpn_fort12] via combat
[00:57:20] [TASK] Pierre → TradeRun (goal=Patrol)
[00:57:20] [GOAL] Pierre achieved Patrol
[00:57:20] [INBOUND] Initial +2 stalkers, +2 mutants (remaining S=1227 M=821)
[00:57:20] [SNAPSHOT] real=2.5min game=D0 00:06 alive S=152 M=134 corpses=247 lootable=114 gammaGear out=76 helm=131 avgRU=650 leaderGoals trade=3 mission=0 emission=Dormant nextIn=70gmin desperate=0 hungry=0 interval deaths=45 combats=59 tasks=44 gearLoot=9 gearBuy=0 corpseDespawn=0 trickleSpawns=0 ranks=[Rookie:152] goals=[Patrol::82] leaders: Dmytro[Rookie/Patrol:], Frank[Rookie/Patrol:], Mikhail[Rookie/Patrol:], Vasyl[Rookie/Patrol:], Mykola[Rookie/Patrol:]
[00:57:21] [INBOUND] Initial +2 stalkers, +1 mutants (remaining S=1225 M=820)
[00:57:22] [GEAR] Armen looted [wpn_pm, wpn_pm] via combat
[00:57:22] [INBOUND] Initial +2 stalkers, +1 mutants (remaining S=1223 M=819)
[00:57:22] [TASK] Oleksiy → TradeRun (goal=Patrol)
[00:57:22] [GOAL] Oleksiy achieved Patrol
[00:57:23] [INBOUND] Initial +2 stalkers, +2 mutants (remaining S=1221 M=817)
[00:57:24] [TASK] Serhiy → TradeRun (goal=Patrol)
[00:57:24] [GOAL] Serhiy achieved Patrol
[00:57:24] [INBOUND] Initial +2 stalkers, +1 mutants (remaining S=1219 M=816)
[00:57:25] [TASK] Viktor → ShareDrink (goal=Patrol)
[00:57:25] [TASK] Serhiy → ShareDrink (goal=Patrol)
[00:57:25] [TASK] Pierre → ShareDrink (goal=Patrol)
[00:57:25] [TASK] Oleksiy → ShareDrink (goal=Patrol)
[00:57:25] [TASK] Yuriy → ShareDrink (goal=Patrol)
[00:57:25] [TASK] Taras → ShareDrink (goal=Patrol)
[00:57:26] [INBOUND] Initial +3 stalkers, +2 mutants (remaining S=1216 M=814)
[00:57:27] [INBOUND] Initial +2 stalkers, +1 mutants (remaining S=1214 M=813)
[00:57:27] [TASK] Sidorovich → RestAtBase (goal=Patrol)
[00:57:27] [GOAL] Sidorovich achieved Patrol
[00:57:28] [INBOUND] Initial +2 stalkers, +1 mutants (remaining S=1212 M=812)
[00:57:29] [INBOUND] Initial +2 stalkers, +2 mutants (remaining S=1210 M=810)
[00:57:29] [TASK] Dmytro → ShareDrink (goal=Patrol)
[00:57:29] [TASK] Jake → ShareDrink (goal=Patrol)
[00:57:29] [TASK] Sidorovich → ShareDrink (goal=Patrol)
[00:57:30] [TASK] Andriy → TradeRun (goal=Patrol)
[00:57:30] [GOAL] Andriy achieved Patrol
[00:57:30] [INBOUND] Initial +2 stalkers, +1 mutants (remaining S=1208 M=809)
[00:57:31] [INBOUND] Initial +2 stalkers, +2 mutants (remaining S=1206 M=807)
[00:57:32] [INBOUND] Initial +2 stalkers, +1 mutants (remaining S=1204 M=806)
[00:57:32] [TASK] Sergei → HarvestArtifact (goal=Patrol)
[00:57:32] [GOAL] Sergei achieved Patrol
[00:57:33] [TASK] Andriy → ShareDrink (goal=Patrol)
[00:57:33] [TASK] Tobias → ShareDrink (goal=Patrol)
[00:57:33] [TASK] Zura → HarvestArtifact (goal=Patrol)
[00:57:33] [GOAL] Zura achieved Patrol
[00:57:33] [TASK] Damir → TradeRun (goal=Patrol)
[00:57:33] [GOAL] Damir achieved Patrol
[00:57:33] [TASK] Lars → HarvestArtifact (goal=Patrol)
[00:57:33] [GOAL] Lars achieved Patrol
[00:57:33] [TASK] Nikolai → RestAtBase (goal=Patrol)
[00:57:33] [GOAL] Nikolai achieved Patrol
[00:57:33] [INBOUND] Initial +2 stalkers, +1 mutants (remaining S=1202 M=805)
[00:57:35] [GEAR] Sergei looted [wpn_aksu] via combat
[00:57:35] [INBOUND] Initial +2 stalkers, +2 mutants (remaining S=1200 M=803)
[00:57:36] [GEAR] Mikhail looted [helm_exo] via combat
[00:57:36] [TASK] Serhiy → RestAtBase (goal=Patrol)
[00:57:36] [GOAL] Serhiy achieved Patrol
[00:57:36] [TASK] Sergei → TradeRun (goal=Patrol)
[00:57:36] [GOAL] Sergei achieved Patrol
[00:57:36] [INBOUND] Initial +2 stalkers, +1 mutants (remaining S=1198 M=802)
[00:57:37] [GEAR] Dmitri looted [arm_duty] via combat
[00:57:37] [TASK] Nikolai → TradeRun (goal=Patrol)
[00:57:37] [GOAL] Nikolai achieved Patrol
[00:57:37] [INBOUND] Initial +2 stalkers, +1 mutants (remaining S=1196 M=801)
[00:57:38] [TASK] Lars → TradeRun (goal=Patrol)
[00:57:38] [GOAL] Lars achieved Patrol
[00:57:39] [INBOUND] Initial +2 stalkers, +2 mutants (remaining S=1194 M=799)
[00:57:39] [TASK] Nikolai → ShareDrink (goal=Patrol)
[00:57:39] [TASK] Serhiy → ShareDrink (goal=Patrol)
[00:57:39] [TASK] Andrei → ShareDrink (goal=Patrol)
[00:57:39] [TASK] Sergei → ShareDrink (goal=Patrol)
[00:57:39] [TASK] Dmytro → ShareDrink (goal=Patrol)
[00:57:39] [TASK] Nikolai → ShareDrink (goal=Patrol)
[00:57:39] [TASK] Damir → ShareDrink (goal=Patrol)
[00:57:39] [TASK] Lars → ShareDrink (goal=Patrol)
[00:57:39] [TASK] Pavel → TradeRun (goal=Patrol)
[00:57:39] [GOAL] Pavel achieved Patrol
[00:57:39] [GEAR] Nikolai looted [wpn_fort12, out_stalker_proto_exo_outfit] via combat
[00:57:39] [GEAR] Pierre looted [wpn_aksu, out_stalker_tigerstripe_outfit, helm_hardhat] via combat
[00:57:40] [INBOUND] Initial +2 stalkers, +1 mutants (remaining S=1192 M=798)
[00:57:40] [TASK] Ivan → TradeRun (goal=Patrol)
[00:57:40] [GOAL] Ivan achieved Patrol
[00:57:41] [INBOUND] Initial +3 stalkers, +2 mutants (remaining S=1189 M=796)
[00:57:41] [TASK] Sergei → HarvestArtifact (goal=Patrol)
[00:57:41] [GOAL] Sergei achieved Patrol
[00:57:41] [TASK] Zura → TradeRun (goal=Patrol)
[00:57:41] [GOAL] Zura achieved Patrol
[00:57:42] [GEAR] Yuriy looted [out_exo_merc_grass_outfit] via combat
[00:57:42] [INBOUND] Initial +2 stalkers, +1 mutants (remaining S=1187 M=795)
[00:57:43] [TASK] Pavel → ShareDrink (goal=Patrol)
[00:57:43] [TASK] Ivan → ShareDrink (goal=Patrol)
[00:57:43] [TASK] Pavel → ShareDrink (goal=Patrol)
[00:57:43] [TASK] Zura → ShareDrink (goal=Patrol)
[00:57:43] [INBOUND] Initial +2 stalkers, +1 mutants (remaining S=1185 M=794)
[00:57:43] [TASK] Sergei → TradeRun (goal=Patrol)
[00:57:43] [GOAL] Sergei achieved Patrol
[00:57:43] [TASK] Andriy → TradeRun (goal=Patrol)
[00:57:43] [GOAL] Andriy achieved Patrol
[00:57:44] [INBOUND] Initial +2 stalkers, +2 mutants (remaining S=1183 M=792)
[00:57:45] [TASK] Andriy → ShareDrink (goal=Patrol)
[00:57:45] [TASK] Sergei → ShareDrink (goal=Patrol)
[00:57:45] [INBOUND] Initial +2 stalkers, +1 mutants (remaining S=1181 M=791)
[00:57:45] [TASK] Andriy → ShareDrink (goal=Patrol)
[00:57:46] [INBOUND] Initial +2 stalkers, +2 mutants (remaining S=1179 M=789)
[00:57:47] [GEAR] Oleg looted [helm_helm_respirator] via combat
[00:57:47] [TASK] Yuriy → TradeRun (goal=Patrol)
[00:57:47] [GOAL] Yuriy achieved Patrol
[00:57:47] [INBOUND] Initial +2 stalkers, +1 mutants (remaining S=1177 M=788)
[00:57:47] [TASK] Oleksiy → RestAtBase (goal=Patrol)
[00:57:47] [GOAL] Oleksiy achieved Patrol
[00:57:48] [TASK] Taras → TradeRun (goal=Patrol)
[00:57:48] [GOAL] Taras achieved Patrol
[00:57:48] [TASK] Vasyl → TradeRun (goal=Patrol)
[00:57:48] [GOAL] Vasyl achieved Patrol
[00:57:48] [INBOUND] Initial +2 stalkers, +1 mutants (remaining S=1175 M=787)
[00:57:48] [TASK] Andrei → RestAtBase (goal=Patrol)
[00:57:48] [GOAL] Andrei achieved Patrol
[00:57:49] [TASK] Dmitri → ShareDrink (goal=Patrol)
[00:57:49] [TASK] Yuriy → ShareDrink (goal=Patrol)
[00:57:49] [TASK] Oleksiy → ShareDrink (goal=Patrol)
[00:57:49] [INBOUND] Initial +2 stalkers, +2 mutants (remaining S=1173 M=785)
[00:57:49] [TASK] Vasyl → ShareDrink (goal=Patrol)
[00:57:49] [TASK] Frank → ShareDrink (goal=Patrol)
[00:57:49] [TASK] Andrei → ShareDrink (goal=Patrol)
[00:57:50] [INBOUND] Initial +2 stalkers, +1 mutants (remaining S=1171 M=784)
[00:57:50] [SNAPSHOT] real=3.0min game=D0 00:07 alive S=148 M=146 corpses=332 lootable=174 gammaGear out=85 helm=128 avgRU=817 leaderGoals trade=4 mission=0 emission=Dormant nextIn=69gmin desperate=0 hungry=0 interval deaths=60 combats=85 tasks=56 gearLoot=8 gearBuy=0 corpseDespawn=0 trickleSpawns=0 ranks=[Rookie:148] goals=[Patrol::80] leaders: Zura[Rookie/Patrol:], Viktor[Rookie/Patrol:], Vasyl[Rookie/Patrol:], Bohdan[Rookie/Patrol:], Frank[Rookie/Patrol:]
[00:57:52] [INBOUND] Initial +2 stalkers, +2 mutants (remaining S=1169 M=782)
[00:57:53] [INBOUND] Initial +2 stalkers, +1 mutants (remaining S=1167 M=781)
[00:57:53] [TASK] Yuriy → RestAtBase (goal=Patrol)
[00:57:53] [GOAL] Yuriy achieved Patrol
[00:57:54] [INBOUND] Initial +2 stalkers, +1 mutants (remaining S=1165 M=780)
[00:57:55] [INBOUND] Initial +3 stalkers, +2 mutants (remaining S=1162 M=778)
[00:57:56] [TASK] Lars → HarvestArtifact (goal=Patrol)
[00:57:56] [GOAL] Lars achieved Patrol
[00:57:56] [TASK] Connor → HarvestArtifact (goal=Patrol)
[00:57:56] [GOAL] Connor achieved Patrol
[00:57:56] [TASK] Dmytro → ShareDrink (goal=Patrol)
[00:57:56] [TASK] Zura → ShareDrink (goal=Patrol)
[00:57:56] [TASK] Viktor → TradeRun (goal=Patrol)
[00:57:56] [GOAL] Viktor achieved Patrol
[00:57:56] [TASK] Yuriy → ShareDrink (goal=Patrol)
[00:57:56] [TASK] Dmitri → TradeRun (goal=Patrol)
[00:57:56] [GOAL] Dmitri achieved Patrol
[00:57:57] [INBOUND] Initial +2 stalkers, +1 mutants (remaining S=1160 M=777)
[00:57:58] [INBOUND] Initial +2 stalkers, +1 mutants (remaining S=1158 M=776)
[00:57:58] [TASK] Mykola → TradeRun (goal=Patrol)
[00:57:58] [GOAL] Mykola achieved Patrol
[00:57:58] [GEAR] Bohdan looted [wpn_fn2000, arm_duty, helm_helm_tactic] via combat
[00:57:59] [GEAR] Yuriy looted [wpn_aksu, out_stalker_tigerstripe_outfit] via combat
[00:57:59] [INBOUND] Initial +2 stalkers, +2 mutants (remaining S=1156 M=774)
[00:58:00] [GEAR] Mikhail looted [wpn_fn2000, out_scientific_outfit, helm_gas] via combat
[00:58:00] [INBOUND] Initial +2 stalkers, +1 mutants (remaining S=1154 M=773)
[00:58:01] [TASK] Mykola → ShareDrink (goal=Patrol)
[00:58:01] [TASK] Viktor → ShareDrink (goal=Patrol)
[00:58:01] [TASK] Dmitri → ShareDrink (goal=Patrol)
[00:58:01] [TASK] Bohdan → ShareDrink (goal=Patrol)
[00:58:01] [GEAR] Heinrich looted [wpn_pm, out_wastelander_outfit, helm_helm_ppm88] via combat
[00:58:01] [INBOUND] Initial +2 stalkers, +2 mutants (remaining S=1152 M=771)
[00:58:02] [TASK] Bohdan → TradeRun (goal=Patrol)
[00:58:02] [GOAL] Bohdan achieved Patrol
[00:58:02] [GEAR] Bohdan looted [wpn_fn2000, wpn_sg550, helm_helm_exo] via combat
[00:58:02] [TASK] Taras → TradeRun (goal=Patrol)
[00:58:02] [GOAL] Taras achieved Patrol
[00:58:02] [TASK] Vasyl → RestAtBase (goal=Patrol)
[00:58:02] [GOAL] Vasyl achieved Patrol
[00:58:03] [INBOUND] Initial +2 stalkers, +1 mutants (remaining S=1150 M=770)
[00:58:04] [INBOUND] Initial +2 stalkers, +1 mutants (remaining S=1148 M=769)
[00:58:04] [TASK] Taras → ShareDrink (goal=Patrol)
[00:58:04] [TASK] Bohdan → ShareDrink (goal=Patrol)
[00:58:04] [TASK] Vasyl → ShareDrink (goal=Patrol)
[00:58:05] [TASK] Yuriy → TradeRun (goal=Patrol)
[00:58:05] [GOAL] Yuriy achieved Patrol
[00:58:05] [TASK] Dmytro → TradeRun (goal=Patrol)
[00:58:05] [GOAL] Dmytro achieved Patrol
[00:58:05] [TASK] Oleg → RestAtBase (goal=Patrol)
[00:58:05] [GOAL] Oleg achieved Patrol
[00:58:05] [INBOUND] Initial +2 stalkers, +2 mutants (remaining S=1146 M=767)
[00:58:05] [GEAR] Dmytro looted [helm_helm_battle] via combat
[00:58:06] [TASK] Bakhyt → HarvestArtifact (goal=Patrol)
[00:58:06] [GOAL] Bakhyt achieved Patrol
[00:58:06] [TASK] Timur → HarvestArtifact (goal=Patrol)
[00:58:06] [GOAL] Timur achieved Patrol
[00:58:06] [TASK] Igor → RestAtBase (goal=Patrol)
[00:58:06] [GOAL] Igor achieved Patrol
[00:58:06] [INBOUND] Initial +2 stalkers, +1 mutants (remaining S=1144 M=766)
[00:58:08] [INBOUND] Initial +2 stalkers, +2 mutants (remaining S=1142 M=764)
[00:58:08] [TASK] Vasyl → TradeRun (goal=Patrol)
[00:58:08] [GOAL] Vasyl achieved Patrol
[00:58:09] [INBOUND] Initial +2 stalkers, +1 mutants (remaining S=1140 M=763)
[00:58:09] [TASK] Dmytro → TradeRun (goal=Patrol)
[00:58:09] [GOAL] Dmytro achieved Patrol
[00:58:09] [TASK] Jake → TradeRun (goal=Patrol)
[00:58:09] [GOAL] Jake achieved Patrol
[00:58:09] [GEAR] Taras looted [wpn_aksu, wpn_pm, out_stalker_tigerstripe_outfit, helm_helm_hardhat] via combat
[00:58:10] [TASK] Bakhyt → TradeRun (goal=Patrol)
[00:58:10] [GOAL] Bakhyt achieved Patrol
[00:58:10] [INBOUND] Initial +2 stalkers, +1 mutants (remaining S=1138 M=762)
[00:58:10] [TASK] Mikhail → PatrolWilds [dead_city] (goal=Patrol)
[00:58:10] [GOAL] Mikhail achieved Patrol
[00:58:11] [TASK] Bakhyt → ShareDrink (goal=Patrol)
[00:58:11] [TASK] Oleg → ShareDrink (goal=Patrol)
[00:58:11] [TASK] Jake → ShareDrink (goal=Patrol)
[00:58:11] [TASK] Dmytro → ShareDrink (goal=Patrol)
[00:58:11] [TASK] Igor → ShareDrink (goal=Patrol)
[00:58:11] [TASK] Taras → TradeRun (goal=Patrol)
[00:58:11] [GOAL] Taras achieved Patrol
[00:58:11] [TASK] Vasyl → ShareDrink (goal=Patrol)
[00:58:11] [TASK] Yuriy → ShareDrink (goal=Patrol)
[00:58:11] [INBOUND] Initial +2 stalkers, +2 mutants (remaining S=1136 M=760)
[00:58:12] [TASK] Igor → HarvestArtifact (goal=Patrol)
[00:58:12] [GOAL] Igor achieved Patrol
[00:58:12] [TASK] Andriy → TradeRun (goal=Patrol)
[00:58:12] [GOAL] Andriy achieved Patrol
[00:58:12] [TASK] Oleg → RestAtBase (goal=Patrol)
[00:58:12] [GOAL] Oleg achieved Patrol
[00:58:12] [GEAR] Sergei looted [wpn_sg550, wpn_sg550] via combat
[00:58:13] [INBOUND] Initial +3 stalkers, +1 mutants (remaining S=1133 M=759)
[00:58:13] [TASK] Vasyl → RestAtBase (goal=Patrol)
[00:58:13] [GOAL] Vasyl achieved Patrol
[00:58:14] [INBOUND] Initial +2 stalkers, +2 mutants (remaining S=1131 M=757)
[00:58:14] [TASK] Timur → TradeRun (goal=Patrol)
[00:58:14] [GOAL] Timur achieved Patrol
[00:58:15] [TASK] Mikhail → RestAtBase (goal=Patrol)
[00:58:15] [GOAL] Mikhail achieved Patrol
[00:58:15] [INBOUND] Initial +2 stalkers, +1 mutants (remaining S=1129 M=756)
[00:58:16] [TASK] Mikhail → ShareDrink (goal=Patrol)
[00:58:16] [TASK] Timur → ShareDrink (goal=Patrol)
[00:58:16] [TASK] Vasyl → ShareDrink (goal=Patrol)
[00:58:16] [TASK] Oleg → ShareDrink (goal=Patrol)
[00:58:16] [TASK] Taras → ShareDrink (goal=Patrol)
[00:58:16] [TASK] Dmytro → ShareDrink (goal=Patrol)
[00:58:16] [TASK] Andriy → ShareDrink (goal=Patrol)
[00:58:16] [INBOUND] Initial +2 stalkers, +1 mutants (remaining S=1127 M=755)
[00:58:17] [GEAR] Andrei looted [out_monolith_exolight_outfit] via combat
[00:58:18] [INBOUND] Initial +2 stalkers, +2 mutants (remaining S=1125 M=753)
[00:58:18] [GEAR] Andrei looted [wpn_pm] via combat
[00:58:19] [INBOUND] Initial +2 stalkers, +1 mutants (remaining S=1123 M=752)
[00:58:20] [TASK] Damir → TradeRun (goal=Patrol)
[00:58:20] [GOAL] Damir achieved Patrol
[00:58:20] [GEAR] Tobias looted [wpn_fn2000, wpn_mp5, helm_helm_battle] via combat
[00:58:20] [INBOUND] Initial +2 stalkers, +1 mutants (remaining S=1121 M=751)
[00:58:21] [INBOUND] Initial +2 stalkers, +2 mutants (remaining S=1119 M=749)
[00:58:21] [SNAPSHOT] real=3.6min game=D0 00:09 alive S=146 M=156 corpses=411 lootable=225 gammaGear out=84 helm=125 avgRU=650 leaderGoals trade=3 mission=0 emission=Dormant nextIn=67gmin desperate=0 hungry=0 interval deaths=54 combats=79 tasks=52 gearLoot=11 gearBuy=0 corpseDespawn=0 trickleSpawns=0 ranks=[Rookie:146] goals=[Patrol::82] leaders: Alexei[Rookie/Patrol:], Dmytro[Rookie/Patrol:], Dmitri[Rookie/Patrol:], Damir[Rookie/Patrol:], Taras[Rookie/Patrol:]
[00:58:22] [TASK] Andriy → ShareDrink (goal=Patrol)
[00:58:22] [TASK] Dmytro → ShareDrink (goal=Patrol)
[00:58:22] [TASK] Damir → ShareDrink (goal=Patrol)
[00:58:22] [TASK] Heinrich → PatrolWilds [buriakivka] (goal=Patrol)
[00:58:22] [GOAL] Heinrich achieved Patrol
[00:58:22] [TASK] Alexei → TradeRun (goal=Patrol)
[00:58:22] [GOAL] Alexei achieved Patrol
[00:58:23] [TASK] Yuriy → RestAtBase (goal=Patrol)
[00:58:23] [GOAL] Yuriy achieved Patrol
[00:58:23] [INBOUND] Initial +2 stalkers, +1 mutants (remaining S=1117 M=748)
[00:58:24] [INBOUND] Initial +2 stalkers, +2 mutants (remaining S=1115 M=746)
[00:58:24] [GEAR] Mikhail looted [helm_tactic] via combat
[00:58:25] [TASK] Nodar → ShareDrink (goal=Patrol)
[00:58:25] [TASK] Alexei → ShareDrink (goal=Patrol)
[00:58:25] [TASK] Yuriy → ShareDrink (goal=Patrol)
[00:58:25] [INBOUND] Initial +2 stalkers, +1 mutants (remaining S=1113 M=745)
[00:58:26] [GEAR] Nikolai looted [wpn_ak74] via combat
[00:58:26] [INBOUND] Initial +2 stalkers, +1 mutants (remaining S=1111 M=744)
[00:58:27] [INBOUND] Initial +2 stalkers, +2 mutants (remaining S=1109 M=742)
[00:58:28] [TASK] Andrei → RestAtBase (goal=Patrol)
[00:58:28] [GOAL] Andrei achieved Patrol
[00:58:28] [INBOUND] Initial +3 stalkers, +1 mutants (remaining S=1106 M=741)
[00:58:30] [INBOUND] Initial +2 stalkers, +2 mutants (remaining S=1104 M=739)
[00:58:30] [TASK] Andriy → TradeRun (goal=Patrol)
[00:58:30] [GOAL] Andriy achieved Patrol
[00:58:31] [INBOUND] Initial +2 stalkers, +1 mutants (remaining S=1102 M=738)
[00:58:31] [TASK] Andriy → RestAtBase (goal=Patrol)
[00:58:31] [GOAL] Andriy achieved Patrol
[00:58:31] [TASK] Andriy → ShareDrink (goal=Patrol)
[00:58:31] [TASK] Andriy → ShareDrink (goal=Patrol)
[00:58:31] [TASK] Andrei → ShareDrink (goal=Patrol)
[00:58:31] [TASK] Taras → ShareDrink (goal=Patrol)
[00:58:31] [TASK] Armen → ShareDrink (goal=Patrol)
[00:58:31] [GEAR] Pierre looted [wpn_fn2000] via combat
[00:58:32] [INBOUND] Initial +2 stalkers, +1 mutants (remaining S=1100 M=737)
[00:58:32] [CORPSE] Despawned 1 bodies (lifetime=1)
[00:58:32] [GEAR] Igor looted [wpn_aksu, wpn_pm, out_stalker_predator_outfit] via combat
[00:58:33] [INBOUND] Initial +2 stalkers, +2 mutants (remaining S=1098 M=735)
[00:58:33] [TASK] Dmytro → RestAtBase (goal=Patrol)
[00:58:33] [GOAL] Dmytro achieved Patrol
[00:58:34] [INBOUND] Initial +2 stalkers, +1 mutants (remaining S=1096 M=734)
[00:58:35] [TASK] Giorgi → RestAtBase (goal=Patrol)
[00:58:35] [GOAL] Giorgi achieved Patrol
[00:58:35] [INBOUND] Initial +2 stalkers, +2 mutants (remaining S=1094 M=732)
[00:58:35] [TASK] Mikhail → TradeRun (goal=Patrol)
[00:58:35] [GOAL] Mikhail achieved Patrol
[00:58:35] [TASK] Andriy → RestAtBase (goal=Patrol)
[00:58:35] [GOAL] Andriy achieved Patrol
[00:58:35] [TASK] Yuriy → HarvestArtifact (goal=Patrol)
[00:58:35] [GOAL] Yuriy achieved Patrol
[00:58:35] [TASK] Andriy → TradeRun (goal=Patrol)
[00:58:35] [GOAL] Andriy achieved Patrol
[00:58:36] [INBOUND] Initial +2 stalkers, +1 mutants (remaining S=1092 M=731)
[00:58:36] [TASK] Viktor → TradeRun (goal=Patrol)
[00:58:36] [GOAL] Viktor achieved Patrol
[00:58:36] [TASK] Dmytro → ShareDrink (goal=Patrol)
[00:58:36] [TASK] Andriy → ShareDrink (goal=Patrol)
[00:58:36] [TASK] Armen → ShareDrink (goal=Patrol)
[00:58:37] [INBOUND] Initial +2 stalkers, +1 mutants (remaining S=1090 M=730)
[00:58:37] [TASK] Giorgi → ShareDrink (goal=Patrol)
[00:58:38] [TASK] Andriy → ShareDrink (goal=Patrol)
[00:58:38] [TASK] Armen → ShareDrink (goal=Patrol)
[00:58:38] [TASK] Mikhail → ShareDrink (goal=Patrol)
[00:58:38] [TASK] Andriy → ShareDrink (goal=Patrol)
[00:58:38] [TASK] Viktor → ShareDrink (goal=Patrol)
[00:58:38] [TASK] Oleksiy → ShareDrink (goal=Patrol)
[00:58:38] [INBOUND] Initial +2 stalkers, +2 mutants (remaining S=1088 M=728)
[00:58:38] [TASK] Dmytro → PatrolWilds [buriakivka] (goal=Patrol)
[00:58:38] [GOAL] Dmytro achieved Patrol
[00:58:39] [GEAR] Taras looted [wpn_aksu, out_nomad_outfit, helm_helm_hardhat] via combat
[00:58:39] [INBOUND] Initial +2 stalkers, +1 mutants (remaining S=1086 M=727)
[00:58:40] [INBOUND] Initial +2 stalkers, +1 mutants (remaining S=1084 M=726)
[00:58:41] [TASK] Jake → HarvestArtifact (goal=Patrol)
[00:58:41] [GOAL] Jake achieved Patrol
[00:58:42] [INBOUND] Initial +2 stalkers, +2 mutants (remaining S=1082 M=724)
[00:58:43] [INBOUND] Initial +3 stalkers, +1 mutants (remaining S=1079 M=723)
[00:58:43] [TASK] Jake → RestAtBase (goal=Patrol)
[00:58:43] [GOAL] Jake achieved Patrol
[00:58:44] [TASK] Bohdan → TradeRun (goal=Patrol)
[00:58:44] [GOAL] Bohdan achieved Patrol
[00:58:44] [TASK] Dmytro → RestAtBase (goal=Patrol)
[00:58:44] [GOAL] Dmytro achieved Patrol
[00:58:44] [INBOUND] Initial +2 stalkers, +2 mutants (remaining S=1077 M=721)
[00:58:44] [TASK] Dmytro → TradeRun (goal=Patrol)
[00:58:44] [GOAL] Dmytro achieved Patrol
[00:58:44] [TASK] Alexei → TradeRun (goal=Patrol)
[00:58:44] [GOAL] Alexei achieved Patrol
[00:58:44] [TASK] Yuriy → TradeRun (goal=Patrol)
[00:58:44] [GOAL] Yuriy achieved Patrol
[00:58:45] [INBOUND] Initial +2 stalkers, +1 mutants (remaining S=1075 M=720)
[00:58:45] [TASK] Mykola → ShareDrink (goal=Patrol)
[00:58:45] [TASK] Bohdan → ShareDrink (goal=Patrol)
[00:58:45] [TASK] Oleksiy → ShareDrink (goal=Patrol)
[00:58:45] [GEAR] Dmytro looted [wpn_fn2000, helm_helm_exo] via combat
[00:58:45] [TASK] Mykola → ShareDrink (goal=Patrol)
[00:58:45] [TASK] Dmytro → ShareDrink (goal=Patrol)
[00:58:45] [TASK] Yuriy → ShareDrink (goal=Patrol)
[00:58:45] [TASK] Alexei → ShareDrink (goal=Patrol)
[00:58:45] [TASK] Jake → ShareDrink (goal=Patrol)
[00:58:45] [TASK] Dmytro → ShareDrink (goal=Patrol)
[00:58:45] [TASK] Pavel → PatrolWilds [dead_city] (goal=Patrol)
[00:58:45] [GOAL] Pavel achieved Patrol
[00:58:45] [TASK] Sean → PatrolWilds [wild_territory] (goal=Patrol)
[00:58:45] [GOAL] Sean achieved Patrol
[00:58:46] [GEAR] Andrei looted [wpn_sg550, wpn_sg550] via combat
[00:58:46] [TASK] Dmytro → RestAtBase (goal=Patrol)
[00:58:46] [GOAL] Dmytro achieved Patrol
[00:58:46] [INBOUND] Initial +2 stalkers, +1 mutants (remaining S=1073 M=719)
[00:58:47] [TASK] Sean → PatrolWilds [wild_territory] (goal=Patrol)
[00:58:47] [GOAL] Sean achieved Patrol
[00:58:47] [TASK] Jake → TradeRun (goal=Patrol)
[00:58:47] [GOAL] Jake achieved Patrol
[00:58:47] [GEAR] Mykola looted [wpn_aksu, out_wastelander_outfit] via combat
[00:58:47] [INBOUND] Initial +2 stalkers, +2 mutants (remaining S=1071 M=717)
[00:58:49] [INBOUND] Initial +2 stalkers, +1 mutants (remaining S=1069 M=716)
[00:58:50] [TASK] Dmytro → ShareDrink (goal=Patrol)
[00:58:50] [TASK] Yuriy → TradeRun (goal=Patrol)
[00:58:50] [GOAL] Yuriy achieved Patrol
[00:58:50] [TASK] Jake → ShareDrink (goal=Patrol)
[00:58:50] [INBOUND] Initial +2 stalkers, +2 mutants (remaining S=1067 M=714)
[00:58:50] [GEAR] Vasyl looted [wpn_ak74, arm_exo, helm_exo] via combat
[00:58:51] [INBOUND] Initial +2 stalkers, +1 mutants (remaining S=1065 M=713)
[00:58:51] [TASK] Bohdan → TradeRun (goal=Patrol)
[00:58:51] [GOAL] Bohdan achieved Patrol
[00:58:51] [TASK] Mykola → TradeRun (goal=Patrol)
[00:58:51] [GOAL] Mykola achieved Patrol
[00:58:52] [TASK] Dmitri → TradeRun (goal=Patrol)
[00:58:52] [GOAL] Dmitri achieved Patrol
[00:58:52] [GEAR] Oleg looted [helm_helm_respirator_old] via combat
[00:58:52] [INBOUND] Initial +2 stalkers, +1 mutants (remaining S=1063 M=712)
[00:58:52] [SNAPSHOT] real=4.1min game=D0 00:10 alive S=154 M=166 corpses=485 lootable=271 gammaGear out=92 helm=131 avgRU=650 leaderGoals trade=1 mission=0 emission=Dormant nextIn=66gmin desperate=0 hungry=0 interval deaths=48 combats=75 tasks=62 gearLoot=10 gearBuy=0 corpseDespawn=1 trickleSpawns=0 ranks=[Rookie:154] goals=[Patrol::87] leaders: Dmytro[Rookie/Patrol:], Mykola[Rookie/Patrol:], Bohdan[Rookie/Patrol:], Armen[Rookie/Patrol:], Oleksiy[Rookie/Patrol:]
[00:58:52] [TASK] Lars → RestAtBase (goal=Patrol)
[00:58:52] [GOAL] Lars achieved Patrol
[00:58:53] [INBOUND] Initial +2 stalkers, +2 mutants (remaining S=1061 M=710)
[00:58:53] [GEAR] Taras looted [out_stalker_autumn_outfit] via combat
[00:58:54] [TASK] Mykola → ShareDrink (goal=Patrol)
[00:58:54] [TASK] Dmitri → ShareDrink (goal=Patrol)
[00:58:54] [TASK] Bohdan → ShareDrink (goal=Patrol)
[00:58:54] [TASK] Yuriy → ShareDrink (goal=Patrol)
[00:58:54] [TASK] Nodar → ShareDrink (goal=Patrol)
[00:58:54] [TASK] Lars → ShareDrink (goal=Patrol)
[00:58:54] [INBOUND] Initial +2 stalkers, +1 mutants (remaining S=1059 M=709)
[00:58:55] [INBOUND] Initial +2 stalkers, +2 mutants (remaining S=1057 M=707)
[00:58:56] [GEAR] Karl looted [wpn_pm] via combat
[00:58:56] [INBOUND] Initial +2 stalkers, +1 mutants (remaining S=1055 M=706)
[00:58:57] [TASK] Pierre → RestAtBase (goal=Patrol)
[00:58:57] [GOAL] Pierre achieved Patrol
[00:58:57] [TASK] Andriy → RestAtBase (goal=Patrol)
[00:58:57] [GOAL] Andriy achieved Patrol
[00:58:57] [TASK] Nikolai → RestAtBase (goal=Patrol)
[00:58:57] [GOAL] Nikolai achieved Patrol
[00:58:57] [INBOUND] Initial +2 stalkers, +1 mutants (remaining S=1053 M=705)
[00:58:58] [TASK] Ivan → TradeRun (goal=Patrol)
[00:58:58] [GOAL] Ivan achieved Patrol
[00:58:58] [TASK] Serhiy → HarvestArtifact (goal=Patrol)
[00:58:58] [GOAL] Serhiy achieved Patrol
[00:58:59] [INBOUND] Initial +3 stalkers, +2 mutants (remaining S=1050 M=703)
[00:58:59] [GEAR] Pierre looted [wpn_fn2000, helm_helm_spartan] via combat
[00:58:59] [TASK] Ivan → ShareDrink (goal=Patrol)
[00:58:59] [TASK] Andriy → ShareDrink (goal=Patrol)
[00:58:59] [TASK] Nikolai → ShareDrink (goal=Patrol)
[00:58:59] [TASK] Pierre → ShareDrink (goal=Patrol)
[00:58:59] [TASK] Marcus → ShareDrink (goal=Patrol)
[00:58:59] [TASK] Andriy → ShareDrink (goal=Patrol)
[00:58:59] [TASK] Andriy → ShareDrink (goal=Patrol)
[00:59:00] [INBOUND] Initial +2 stalkers, +1 mutants (remaining S=1048 M=702)
[00:59:01] [INBOUND] Initial +2 stalkers, +1 mutants (remaining S=1046 M=701)
[00:59:01] [GEAR] Andriy looted [wpn_ak74, helm_helm_battle] via combat
[00:59:02] [TASK] Viktor → TradeRun (goal=Patrol)
[00:59:02] [GOAL] Viktor achieved Patrol
[00:59:02] [INBOUND] Initial +2 stalkers, +2 mutants (remaining S=1044 M=699)
[00:59:03] [TASK] Sean → TradeRun (goal=Patrol)
[00:59:03] [GOAL] Sean achieved Patrol
[00:59:03] [INBOUND] Initial +2 stalkers, +1 mutants (remaining S=1042 M=698)
[00:59:05] [INBOUND] Initial +2 stalkers, +2 mutants (remaining S=1040 M=696)
[00:59:06] [TASK] Serhiy → TradeRun (goal=Patrol)
[00:59:06] [TRADE] Serhiy bought [arm_freedom] @ South
[00:59:06] [GOAL] Serhiy achieved Patrol
[00:59:06] [TASK] Oleg → RestAtBase (goal=Patrol)
[00:59:06] [GOAL] Oleg achieved Patrol
[00:59:06] [GEAR] Mikhail looted [helm_bandana] via combat
[00:59:06] [INBOUND] Initial +2 stalkers, +1 mutants (remaining S=1038 M=695)
[00:59:07] [TASK] Oleg → ShareDrink (goal=Patrol)
[00:59:07] [TASK] Bohdan → ShareDrink (goal=Patrol)
[00:59:07] [TASK] Viktor → ShareDrink (goal=Patrol)
[00:59:07] [TASK] Marcus → ShareDrink (goal=Patrol)
[00:59:07] [GOAL] Marcus achieved Patrol
[00:59:07] [TASK] Sean → ShareDrink (goal=Patrol)
[00:59:07] [TASK] Serhiy → ShareDrink (goal=Patrol)
[00:59:07] [TASK] Frank → ShareDrink (goal=Patrol)
[00:59:07] [INBOUND] Initial +2 stalkers, +1 mutants (remaining S=1036 M=694)
[00:59:08] [RANK] Tobias Sokolov 'Ghost' → Trainee
[00:59:08] [TASK] Pierre → RestAtBase (goal=Patrol)
[00:59:08] [GOAL] Pierre achieved Patrol
[00:59:09] [TASK] Oleksiy → RestAtBase (goal=Patrol)
[00:59:09] [GOAL] Oleksiy achieved Patrol
[00:59:09] [INBOUND] Initial +2 stalkers, +2 mutants (remaining S=1034 M=692)
[00:59:09] [TASK] Yuriy → RestAtBase (goal=Patrol)
[00:59:09] [GOAL] Yuriy achieved Patrol
[00:59:10] [INBOUND] Initial +2 stalkers, +1 mutants (remaining S=1032 M=691)
[00:59:11] [TASK] Vasyl → HarvestArtifact (goal=Patrol)
[00:59:11] [GOAL] Vasyl achieved Patrol
[00:59:11] [GEAR] Vasyl looted [arm_exo] via combat
[00:59:11] [TASK] Mykola → ShareDrink (goal=Patrol)
[00:59:11] [TASK] Pierre → ShareDrink (goal=Patrol)
[00:59:11] [TASK] Marcus → ShareDrink (goal=Patrol)
[00:59:11] [GOAL] Marcus achieved Patrol
[00:59:11] [TASK] Yuriy → ShareDrink (goal=Patrol)
[00:59:11] [TASK] Oleksiy → ShareDrink (goal=Patrol)
[00:59:11] [TASK] Dmytro → ShareDrink (goal=Patrol)
[00:59:11] [INBOUND] Initial +2 stalkers, +2 mutants (remaining S=1030 M=689)
[00:59:13] [INBOUND] Initial +2 stalkers, +1 mutants (remaining S=1028 M=688)
[00:59:14] [TASK] Zura → RestAtBase (goal=Patrol)
[00:59:14] [GOAL] Zura achieved Patrol
[00:59:14] [INBOUND] Initial +2 stalkers, +1 mutants (remaining S=1026 M=687)
[00:59:14] [TASK] Yuriy → RestAtBase (goal=Patrol)
[00:59:14] [GOAL] Yuriy achieved Patrol
[00:59:15] [TASK] Vasyl → TradeRun (goal=Patrol)
[00:59:15] [GOAL] Vasyl achieved Patrol
[00:59:15] [TASK] Andriy → RestAtBase (goal=Patrol)
[00:59:15] [GOAL] Andriy achieved Patrol
[00:59:15] [INBOUND] Initial +3 stalkers, +2 mutants (remaining S=1023 M=685)
[00:59:15] [TASK] Oleksiy → TradeRun (goal=Patrol)
[00:59:15] [GOAL] Oleksiy achieved Patrol
[00:59:16] [TASK] Jake → RestAtBase (goal=Patrol)
[00:59:16] [GOAL] Jake achieved Patrol
[00:59:16] [INBOUND] Initial +2 stalkers, +1 mutants (remaining S=1021 M=684)
[00:59:17] [TASK] Sean → PatrolWilds [military] (goal=Patrol)
[00:59:17] [GOAL] Sean achieved Patrol
[00:59:17] [TASK] Vasyl → TradeRun (goal=Patrol)
[00:59:17] [GOAL] Vasyl achieved Patrol
[00:59:17] [TASK] Andriy → ShareDrink (goal=Patrol)
[00:59:17] [TASK] Marcus → ShareDrink (goal=Patrol)
[00:59:17] [GOAL] Marcus achieved Patrol
[00:59:17] [TASK] Jake → ShareDrink (goal=Patrol)
[00:59:17] [TASK] Yuriy → ShareDrink (goal=Patrol)
[00:59:18] [TASK] Mykola → TradeRun (goal=Patrol)
[00:59:18] [GOAL] Mykola achieved Patrol
[00:59:18] [TASK] Taras → RestAtBase (goal=Patrol)
[00:59:18] [GOAL] Taras achieved Patrol
[00:59:18] [INBOUND] Initial +2 stalkers, +2 mutants (remaining S=1019 M=682)
[00:59:18] [TASK] Bohdan → HarvestArtifact (goal=Patrol)
[00:59:18] [GOAL] Bohdan achieved Patrol
[00:59:19] [TASK] Marcus → ShareDrink (goal=Patrol)
[00:59:19] [GOAL] Marcus achieved Patrol
[00:59:19] [TASK] Vasyl → ShareDrink (goal=Patrol)
[00:59:19] [TASK] Damir → ShareDrink (goal=Patrol)
[00:59:19] [TASK] Mykola → ShareDrink (goal=Patrol)
[00:59:19] [TASK] Oleksiy → ShareDrink (goal=Patrol)
[00:59:19] [TASK] Taras → ShareDrink (goal=Patrol)
[00:59:19] [GEAR] Connor looted [wpn_fort12] via combat
[00:59:19] [INBOUND] Initial +2 stalkers, +1 mutants (remaining S=1017 M=681)
[00:59:19] [CORPSE] Despawned 2 bodies (lifetime=3)
[00:59:19] [TASK] Andrei → TradeRun (goal=Patrol)
[00:59:19] [GOAL] Andrei achieved Patrol
[00:59:20] [INBOUND] Initial +2 stalkers, +1 mutants (remaining S=1015 M=680)
[00:59:20] [TASK] Dmitri → RestAtBase (goal=Patrol)
[00:59:20] [GOAL] Dmitri achieved Patrol
[00:59:21] [INBOUND] Initial +2 stalkers, +2 mutants (remaining S=1013 M=678)
[00:59:21] [TASK] Andrei → ShareDrink (goal=Patrol)
[00:59:21] [TASK] Dmitri → ShareDrink (goal=Patrol)
[00:59:21] [TASK] Marcus → ShareDrink (goal=Patrol)
[00:59:21] [GOAL] Marcus achieved Patrol
[00:59:21] [TASK] Dmitri → ShareDrink (goal=Patrol)
[00:59:21] [TASK] Ivan → ShareDrink (goal=Patrol)
[00:59:22] [INBOUND] Initial +2 stalkers, +1 mutants (remaining S=1011 M=677)
[00:59:22] [GEAR] Vasyl looted [wpn_pm, helm_helm_respirator] via combat
[00:59:23] [INBOUND] Initial +2 stalkers, +1 mutants (remaining S=1009 M=676)
[00:59:23] [SNAPSHOT] real=4.6min game=D0 00:11 alive S=164 M=180 corpses=549 lootable=315 gammaGear out=92 helm=139 avgRU=650 leaderGoals trade=3 mission=0 emission=Dormant nextIn=65gmin desperate=0 hungry=0 interval deaths=44 combats=66 tasks=68 gearLoot=8 gearBuy=1 corpseDespawn=2 trickleSpawns=0 ranks=[Rookie:163,Trainee:1] goals=[Patrol::90] leaders: Andriy[Rookie/Patrol:], Oleg[Rookie/Patrol:], Ivan[Rookie/Patrol:], Oleksiy[Rookie/Patrol:], Andrei[Rookie/Patrol:]
[00:59:23] [GEAR] Taras looted [wpn_sg550] via combat
[00:59:24] [INBOUND] Initial +2 stalkers, +2 mutants (remaining S=1007 M=674)
[00:59:25] [INBOUND] Initial +2 stalkers, +1 mutants (remaining S=1005 M=673)
[00:59:25] [TASK] Vasyl → TradeRun (goal=Patrol)
[00:59:25] [GOAL] Vasyl achieved Patrol
[00:59:26] [INBOUND] Initial +2 stalkers, +2 mutants (remaining S=1003 M=671)
[00:59:27] [TASK] Oleg → TradeRun (goal=Patrol)
[00:59:27] [GOAL] Oleg achieved Patrol
[00:59:27] [INBOUND] Initial +2 stalkers, +1 mutants (remaining S=1001 M=670)
[00:59:27] [TASK] Alexei → TradeRun (goal=Patrol)
[00:59:27] [GOAL] Alexei achieved Patrol
[00:59:28] [INBOUND] Initial +2 stalkers, +1 mutants (remaining S=999 M=669)
[00:59:29] [TASK] Vasyl → ShareDrink (goal=Patrol)
[00:59:29] [TASK] Alexei → ShareDrink (goal=Patrol)
[00:59:29] [TASK] Marcus → ShareDrink (goal=Patrol)
[00:59:29] [GOAL] Marcus achieved Patrol
[00:59:29] [TASK] Oleg → ShareDrink (goal=Patrol)
[00:59:29] [TASK] Oleksiy → ShareDrink (goal=Patrol)
[00:59:29] [INBOUND] Initial +3 stalkers, +2 mutants (remaining S=996 M=667)
[00:59:29] [CORPSE] Despawned 1 bodies (lifetime=4)
[00:59:30] [INBOUND] Initial +2 stalkers, +1 mutants (remaining S=994 M=666)
[00:59:31] [INBOUND] Initial +2 stalkers, +2 mutants (remaining S=992 M=664)
[00:59:31] [GEAR] Dmytro looted [wpn_fort12] via combat
[00:59:32] [TASK] Marcus → ShareDrink (goal=Patrol)
[00:59:32] [GOAL] Marcus achieved Patrol
[00:59:32] [TASK] Connor → ShareDrink (goal=Patrol)
[00:59:32] [INBOUND] Initial +2 stalkers, +1 mutants (remaining S=990 M=663)
[00:59:34] [INBOUND] Initial +2 stalkers, +1 mutants (remaining S=988 M=662)
[00:59:35] [INBOUND] Initial +2 stalkers, +2 mutants (remaining S=986 M=660)
[00:59:35] [TASK] Rustam → TradeRun (goal=Patrol)
[00:59:35] [GOAL] Rustam achieved Patrol
[00:59:35] [GEAR] Bohdan looted [wpn_pm, helm_helm_respirator] via combat
[00:59:35] [TASK] Dmytro → RestAtBase (goal=Patrol)
[00:59:35] [GOAL] Dmytro achieved Patrol
[00:59:36] [INBOUND] Initial +2 stalkers, +1 mutants (remaining S=984 M=659)
[00:59:36] [TASK] Sergei → HarvestArtifact (goal=Patrol)
[00:59:36] [GOAL] Sergei achieved Patrol
[00:59:36] [TASK] Andriy → RestAtBase (goal=Patrol)
[00:59:36] [GOAL] Andriy achieved Patrol
[00:59:36] [TASK] Andriy → RestAtBase (goal=Patrol)
[00:59:36] [GOAL] Andriy achieved Patrol
[00:59:37] [INBOUND] Initial +2 stalkers, +2 mutants (remaining S=982 M=657)
[00:59:38] [TASK] Rustam → ShareDrink (goal=Patrol)
[00:59:38] [TASK] Dmitri → ShareDrink (goal=Patrol)
[00:59:38] [TASK] Dmytro → ShareDrink (goal=Patrol)
[00:59:38] [TASK] Andriy → ShareDrink (goal=Patrol)
[00:59:38] [TASK] Sergei → ShareDrink (goal=Patrol)
[00:59:38] [TASK] Pavel → ShareDrink (goal=Patrol)
[00:59:38] [TASK] Marcus → ShareDrink (goal=Patrol)
[00:59:38] [GOAL] Marcus achieved Patrol
[00:59:38] [TASK] Andriy → ShareDrink (goal=Patrol)
[00:59:38] [INBOUND] Initial +2 stalkers, +1 mutants (remaining S=980 M=656)
[00:59:39] [GEAR] Armen looted [wpn_spas12] via combat
[00:59:39] [INBOUND] Initial +2 stalkers, +1 mutants (remaining S=978 M=655)
[00:59:40] [TASK] Tobias → TradeRun (goal=Patrol)
[00:59:40] [GOAL] Tobias achieved Patrol
[00:59:40] [INBOUND] Initial +2 stalkers, +2 mutants (remaining S=976 M=653)
[00:59:40] [CORPSE] Despawned 3 bodies (lifetime=7)
[00:59:41] [INBOUND] Initial +2 stalkers, +1 mutants (remaining S=974 M=652)
[00:59:42] [TASK] Zura → TradeRun (goal=Patrol)
[00:59:42] [GOAL] Zura achieved Patrol
[00:59:43] [INBOUND] Initial +2 stalkers, +1 mutants (remaining S=972 M=651)
[00:59:44] [TASK] Tobias → TradeRun (goal=Patrol)
[00:59:44] [GOAL] Tobias achieved Patrol
[00:59:44] [INBOUND] Initial +2 stalkers, +2 mutants (remaining S=970 M=649)
[00:59:44] [TASK] Taras → PatrolWilds [radar] (goal=Patrol)
[00:59:44] [GOAL] Taras achieved Patrol
[00:59:44] [TASK] Heinrich → HarvestArtifact (goal=Patrol)
[00:59:44] [GOAL] Heinrich achieved Patrol
[00:59:45] [TASK] Zura → ShareDrink (goal=Patrol)
[00:59:45] [TASK] Igor → ShareDrink (goal=Patrol)
[00:59:45] [TASK] Andrei → ShareDrink (goal=Patrol)
[00:59:45] [TASK] Pavel → ShareDrink (goal=Patrol)
[00:59:45] [TASK] Marcus → ShareDrink (goal=Patrol)
[00:59:45] [GOAL] Marcus achieved Patrol
[00:59:45] [TASK] Tobias → ShareDrink (goal=Patrol)
[00:59:45] [INBOUND] Initial +3 stalkers, +1 mutants (remaining S=967 M=648)
[00:59:46] [TASK] Heinrich → PatrolWilds [dead_city] (goal=Patrol)
[00:59:46] [GOAL] Heinrich achieved Patrol
[00:59:46] [GEAR] Connor looted [arm_exo, helm_helm_metro] via combat
[00:59:46] [TASK] Mykola → RestAtBase (goal=Patrol)
[00:59:46] [GOAL] Mykola achieved Patrol
[00:59:47] [INBOUND] Initial +2 stalkers, +2 mutants (remaining S=965 M=646)
[00:59:47] [TASK] Heinrich → PatrolWilds [dead_city] (goal=Patrol)
[00:59:47] [GOAL] Heinrich achieved Patrol
[00:59:47] [GEAR] Vasyl looted [wpn_aksu, wpn_pm, out_stalker_salamander_outfit, helm_helm_ppm88] via combat
[00:59:48] [GEAR] Mikhail looted [wpn_aksu] via combat
[00:59:48] [INBOUND] Initial +2 stalkers, +1 mutants (remaining S=963 M=645)
[00:59:49] [TASK] Marcus → ShareDrink (goal=Patrol)
[00:59:49] [GOAL] Marcus achieved Patrol
[00:59:49] [TASK] Mykola → ShareDrink (goal=Patrol)
[00:59:49] [TASK] Nikolai → TradeRun (goal=Patrol)
[00:59:49] [GOAL] Nikolai achieved Patrol
[00:59:49] [INBOUND] Initial +2 stalkers, +1 mutants (remaining S=961 M=644)
[00:59:50] [INBOUND] Initial +2 stalkers, +2 mutants (remaining S=959 M=642)
[00:59:51] [INBOUND] Initial +2 stalkers, +1 mutants (remaining S=957 M=641)
[00:59:51] [TASK] Dmytro → RestAtBase (goal=Patrol)
[00:59:51] [GOAL] Dmytro achieved Patrol
[00:59:52] [INBOUND] Initial +2 stalkers, +2 mutants (remaining S=955 M=639)
[00:59:52] [CORPSE] Despawned 3 bodies (lifetime=10)
[00:59:53] [RANK] Damir Volkov 'Scar' → Trainee
[00:59:53] [TASK] Alexei → ShareDrink (goal=Patrol)
[00:59:53] [TASK] Nikolai → ShareDrink (goal=Patrol)
[00:59:53] [TASK] Marcus → ShareDrink (goal=Patrol)
[00:59:53] [GOAL] Marcus achieved Patrol
[00:59:53] [TASK] Dmytro → ShareDrink (goal=Patrol)
[00:59:53] [TASK] Ivan → TradeRun (goal=Patrol)
[00:59:53] [GOAL] Ivan achieved Patrol
[00:59:54] [INBOUND] Initial +2 stalkers, +1 mutants (remaining S=953 M=638)
[00:59:54] [SNAPSHOT] real=5.1min game=D0 00:13 alive S=165 M=196 corpses=619 lootable=369 gammaGear out=96 helm=138 avgRU=650 leaderGoals trade=2 mission=0 emission=Dormant nextIn=63gmin desperate=0 hungry=0 interval deaths=55 combats=77 tasks=46 gearLoot=7 gearBuy=0 corpseDespawn=7 trickleSpawns=0 ranks=[Rookie:163,Trainee:2] goals=[Patrol::90] leaders: Alexei[Rookie/Patrol:], Frank[Rookie/Patrol:], Serhiy[Rookie/Patrol:], Tobias[Rookie/Patrol:], Zura[Rookie/Patrol:]
[00:59:54] [TASK] Taras → RestAtBase (goal=Patrol)
[00:59:54] [GOAL] Taras achieved Patrol
[00:59:55] [TASK] Nikolai → RestAtBase (goal=Patrol)
[00:59:55] [GOAL] Nikolai achieved Patrol
[00:59:55] [RANK] Nodar Bondarenko 'Wolf' → Trainee
[00:59:55] [INBOUND] Initial +2 stalkers, +1 mutants (remaining S=951 M=637)
[00:59:55] [TASK] Jake → RestAtBase (goal=Patrol)
[00:59:55] [GOAL] Jake achieved Patrol
[00:59:56] [INBOUND] Initial +2 stalkers, +2 mutants (remaining S=949 M=635)
[00:59:56] [TASK] Mykola → TradeRun (goal=Patrol)
[00:59:56] [GOAL] Mykola achieved Patrol
[00:59:57] [GEAR] Igor looted [helm_helm_spartan] via combat
[00:59:57] [TASK] Ivan → ShareDrink (goal=Patrol)
[00:59:57] [TASK] Marcus → ShareDrink (goal=Patrol)
[00:59:57] [GOAL] Marcus achieved Patrol
[00:59:57] [TASK] Taras → ShareDrink (goal=Patrol)
[00:59:57] [TASK] Jake → ShareDrink (goal=Patrol)
[00:59:57] [INBOUND] Initial +2 stalkers, +1 mutants (remaining S=947 M=634)
[00:59:57] [TASK] Nikolai → ShareDrink (goal=Patrol)
[00:59:57] [TASK] Mykola → ShareDrink (goal=Patrol)
[00:59:59] [INBOUND] Initial +2 stalkers, +2 mutants (remaining S=945 M=632)
[00:59:59] [TASK] Serhiy → RestAtBase (goal=Patrol)
[00:59:59] [GOAL] Serhiy achieved Patrol
[01:00:00] [TASK] Andriy → RestAtBase (goal=Patrol)
[01:00:00] [GOAL] Andriy achieved Patrol
[01:00:00] [GEAR] Andriy looted [wpn_fn2000, wpn_sg550, arm_exo, helm_helm_exo] via combat
[01:00:00] [INBOUND] Initial +2 stalkers, +1 mutants (remaining S=943 M=631)
[01:00:00] [GEAR] Lasha looted [out_monolith_proto_exo_outfit] via combat
[01:00:01] [TASK] Sidorovich → RestAtBase (goal=Patrol)
[01:00:01] [GOAL] Sidorovich achieved Patrol
[01:00:01] [GEAR] Vasyl looted [wpn_aksu, helm_helm_ppm88] via combat
[01:00:01] [INBOUND] Initial +3 stalkers, +1 mutants (remaining S=940 M=630)
[01:00:02] [TASK] Igor → PatrolWilds [yantar] (goal=Patrol)
[01:00:02] [GOAL] Igor achieved Patrol
[01:00:02] [TASK] Armen → RestAtBase (goal=Patrol)
[01:00:02] [GOAL] Armen achieved Patrol
[01:00:02] [GEAR] Vasyl looted [wpn_sg550, helm_helm_metro] via combat
[01:00:03] [INBOUND] Initial +2 stalkers, +2 mutants (remaining S=938 M=628)
[01:00:03] [TASK] Serhiy → ShareDrink (goal=Patrol)
[01:00:03] [TASK] Sidorovich → ShareDrink (goal=Patrol)
[01:00:03] [TASK] Yuriy → ShareDrink (goal=Patrol)
[01:00:03] [TASK] Andriy → ShareDrink (goal=Patrol)
[01:00:03] [TASK] Alibek → ShareDrink (goal=Patrol)
[01:00:03] [TASK] Armen → ShareDrink (goal=Patrol)
[01:00:04] [INBOUND] Initial +2 stalkers, +1 mutants (remaining S=936 M=627)
[01:00:05] [INBOUND] Initial +2 stalkers, +1 mutants (remaining S=934 M=626)
[01:00:05] [CORPSE] Despawned 8 bodies (lifetime=18)
[01:00:07] [TASK] Dmitri → TradeRun (goal=Patrol)
[01:00:07] [GOAL] Dmitri achieved Patrol
[01:00:07] [INBOUND] Initial +2 stalkers, +2 mutants (remaining S=932 M=624)
[01:00:08] [INBOUND] Initial +2 stalkers, +1 mutants (remaining S=930 M=623)
[01:00:09] [GEAR] Alibek looted [wpn_sg550, arm_exo, helm_helm_exo] via combat
[01:00:09] [GEAR] Oleksiy looted [helm_helm_respirator] via combat
[01:00:09] [TASK] Damir → RestAtBase (goal=Patrol)
[01:00:09] [GOAL] Damir achieved Patrol
[01:00:10] [TASK] Alexei → TradeRun (goal=Patrol)
[01:00:10] [GOAL] Alexei achieved Patrol
[01:00:10] [INBOUND] Initial +2 stalkers, +2 mutants (remaining S=928 M=621)
[01:00:11] [TASK] Alexei → ShareDrink (goal=Patrol)
[01:00:11] [TASK] Timur → ShareDrink (goal=Patrol)
[01:00:11] [TASK] Dmitri → ShareDrink (goal=Patrol)
[01:00:11] [TASK] Damir → ShareDrink (goal=Patrol)
[01:00:11] [TASK] Sergei → ShareDrink (goal=Patrol)
[01:00:11] [TASK] Alexei → ShareDrink (goal=Patrol)
[01:00:11] [TASK] Dmytro → ShareDrink (goal=Patrol)
[01:00:11] [INBOUND] Initial +2 stalkers, +1 mutants (remaining S=926 M=620)
[01:00:12] [TASK] Oleksiy → RestAtBase (goal=Patrol)
[01:00:12] [GOAL] Oleksiy achieved Patrol
[01:00:13] [INBOUND] Initial +2 stalkers, +1 mutants (remaining S=924 M=619)
[01:00:13] [GEAR] Frank looted [wpn_ak74, wpn_mp5, helm_tactic] via combat
[01:00:13] [TASK] Oleg → TradeRun (goal=Patrol)
[01:00:13] [GOAL] Oleg achieved Patrol
[01:00:14] [INBOUND] Initial +2 stalkers, +2 mutants (remaining S=922 M=617)
[01:00:15] [TASK] Frank → ShareDrink (goal=Patrol)
[01:00:15] [TASK] Oleksiy → ShareDrink (goal=Patrol)
[01:00:15] [TASK] Nodar → ShareDrink (goal=Patrol)
[01:00:15] [TASK] Oleg → ShareDrink (goal=Patrol)
[01:00:15] [INBOUND] Initial +2 stalkers, +1 mutants (remaining S=920 M=616)
[01:00:17] [INBOUND] Initial +2 stalkers, +2 mutants (remaining S=918 M=614)
[01:00:17] [TASK] Andriy → PatrolWilds [pripyat] (goal=Patrol)
[01:00:17] [GOAL] Andriy achieved Patrol
[01:00:17] [TASK] Jake → PatrolWilds [dead_city] (goal=Patrol)
[01:00:17] [GOAL] Jake achieved Patrol
[01:00:18] [INBOUND] Initial +2 stalkers, +1 mutants (remaining S=916 M=613)
[01:00:19] [TASK] Andriy → RestAtBase (goal=Patrol)
[01:00:19] [GOAL] Andriy achieved Patrol
[01:00:20] [INBOUND] Initial +3 stalkers, +1 mutants (remaining S=913 M=612)
[01:00:20] [CORPSE] Despawned 7 bodies (lifetime=25)
[01:00:20] [TASK] Dmytro → RestAtBase (goal=Patrol)
[01:00:20] [GOAL] Dmytro achieved Patrol
[01:00:21] [INBOUND] Initial +2 stalkers, +2 mutants (remaining S=911 M=610)
[01:00:21] [TASK] Mykola → RestAtBase (goal=Patrol)
[01:00:21] [GOAL] Mykola achieved Patrol
[01:00:22] [INBOUND] Initial +2 stalkers, +1 mutants (remaining S=909 M=609)
[01:00:23] [TASK] Mykola → ShareDrink (goal=Patrol)
[01:00:23] [TASK] Andrei → RestAtBase (goal=Patrol)
[01:00:23] [GOAL] Andrei achieved Patrol
[01:00:23] [TASK] Mykola → ShareDrink (goal=Patrol)
[01:00:23] [TASK] Andriy → ShareDrink (goal=Patrol)
[01:00:23] [TASK] Dmytro → ShareDrink (goal=Patrol)
[01:00:23] [TASK] Yuriy → ShareDrink (goal=Patrol)
[01:00:23] [TASK] Ivan → TradeRun (goal=Patrol)
[01:00:23] [GOAL] Ivan achieved Patrol
[01:00:23] [INBOUND] Initial +2 stalkers, +2 mutants (remaining S=907 M=607)
[01:00:24] [TASK] Zura → RestAtBase (goal=Patrol)
[01:00:24] [GOAL] Zura achieved Patrol
[01:00:25] [INBOUND] Initial +2 stalkers, +1 mutants (remaining S=905 M=606)
[01:00:25] [SNAPSHOT] real=5.6min game=D0 00:14 alive S=170 M=199 corpses=676 lootable=407 gammaGear out=96 helm=143 avgRU=650 leaderGoals trade=2 mission=0 emission=Dormant nextIn=62gmin desperate=0 hungry=0 interval deaths=43 combats=72 tasks=50 gearLoot=8 gearBuy=0 corpseDespawn=15 trickleSpawns=0 ranks=[Rookie:167,Trainee:3] goals=[Patrol::96] leaders: Alexei[Rookie/Patrol:], Pavel[Rookie/Patrol:], Yuriy[Rookie/Patrol:], Serhiy[Rookie/Patrol:], Armen[Rookie/Patrol:]
[01:00:26] [TASK] Oleksiy → ShareDrink (goal=Patrol)
[01:00:26] [TASK] Ivan → ShareDrink (goal=Patrol)
[01:00:26] [TASK] Dmitri → ShareDrink (goal=Patrol)
[01:00:26] [TASK] Andrei → ShareDrink (goal=Patrol)
[01:00:26] [TASK] Zura → ShareDrink (goal=Patrol)
[01:00:26] [TASK] Sergei → ShareDrink (goal=Patrol)
[01:00:26] [INBOUND] Initial +2 stalkers, +1 mutants (remaining S=903 M=605)
[01:00:27] [INBOUND] Initial +2 stalkers, +2 mutants (remaining S=901 M=603)
[01:00:28] [GEAR] Andriy looted [wpn_mp5, arm_freedom, helm_tactic] via combat
[01:00:28] [GEAR] Serhiy looted [out_stalker_salamander_outfit, helm_hardhat] via combat
[01:00:28] [TASK] Armen → TradeRun (goal=Patrol)
[01:00:28] [GOAL] Armen achieved Patrol
[01:00:29] [INBOUND] Initial +2 stalkers, +1 mutants (remaining S=899 M=602)
[01:00:29] [TASK] Bakhyt → TradeRun (goal=Patrol)
[01:00:29] [GOAL] Bakhyt achieved Patrol
[01:00:29] [TASK] Pavel → TradeRun (goal=Patrol)
[01:00:29] [GOAL] Pavel achieved Patrol
[01:00:30] [INBOUND] Initial +2 stalkers, +1 mutants (remaining S=897 M=601)
[01:00:31] [TASK] Taras → RestAtBase (goal=Patrol)
[01:00:31] [GOAL] Taras achieved Patrol
[01:00:31] [INBOUND] Initial +2 stalkers, +2 mutants (remaining S=895 M=599)
[01:00:32] [TASK] Bakhyt → ShareDrink (goal=Patrol)
[01:00:32] [INBOUND] Initial +2 stalkers, +1 mutants (remaining S=893 M=598)
[01:00:32] [CORPSE] Despawned 6 bodies (lifetime=31)
[01:00:33] [TASK] Pavel → ShareDrink (goal=Patrol)
[01:00:33] [TASK] Armen → ShareDrink (goal=Patrol)
[01:00:33] [TASK] Taras → ShareDrink (goal=Patrol)
[01:00:34] [INBOUND] Initial +2 stalkers, +2 mutants (remaining S=891 M=596)
[01:00:34] [TASK] Dmitri → HarvestArtifact (goal=Patrol)
[01:00:34] [GOAL] Dmitri achieved Patrol
[01:00:35] [INBOUND] Initial +2 stalkers, +1 mutants (remaining S=889 M=595)
[01:00:35] [TASK] Vasyl → RestAtBase (goal=Patrol)
[01:00:35] [GOAL] Vasyl achieved Patrol
[01:00:35] [TASK] Oleg → TradeRun (goal=Patrol)
[01:00:35] [GOAL] Oleg achieved Patrol
[01:00:36] [INBOUND] Initial +2 stalkers, +1 mutants (remaining S=887 M=594)
[01:00:36] [TASK] Bohdan → RestAtBase (goal=Patrol)
[01:00:36] [GOAL] Bohdan achieved Patrol
[01:00:36] [GEAR] Jake looted [wpn_pm] via combat
[01:00:37] [INBOUND] Initial +3 stalkers, +2 mutants (remaining S=884 M=592)
[01:00:38] [TASK] Connor → HarvestArtifact (goal=Patrol)
[01:00:38] [GOAL] Connor achieved Patrol
[01:00:38] [TASK] Oleg → ShareDrink (goal=Patrol)
[01:00:38] [TASK] Vasyl → ShareDrink (goal=Patrol)
[01:00:38] [TASK] Bohdan → ShareDrink (goal=Patrol)
[01:00:38] [INBOUND] Initial +2 stalkers, +1 mutants (remaining S=882 M=591)
[01:00:39] [TASK] Mikhail → TradeRun (goal=Patrol)
[01:00:39] [GOAL] Mikhail achieved Patrol
[01:00:39] [GEAR] Heinrich looted [wpn_mp5, out_stalker_autumn_outfit] via combat
[01:00:39] [TASK] Dmytro → TradeRun (goal=Patrol)
[01:00:39] [GOAL] Dmytro achieved Patrol
[01:00:39] [INBOUND] Initial +2 stalkers, +2 mutants (remaining S=880 M=589)
[01:00:41] [INBOUND] Initial +2 stalkers, +1 mutants (remaining S=878 M=588)
[01:00:41] [TASK] Oleksiy → ShareDrink (goal=Patrol)
[01:00:41] [TASK] Mikhail → ShareDrink (goal=Patrol)
[01:00:41] [TASK] Dmytro → ShareDrink (goal=Patrol)
[01:00:41] [GEAR] Yuriy looted [out_stalker_bear_outfit] via combat
[01:00:42] [INBOUND] Initial +2 stalkers, +1 mutants (remaining S=876 M=587)
[01:00:42] [RANK] Nodar Bondarenko 'Wolf' → Experienced
[01:00:42] [TASK] Igor → TradeRun (goal=Patrol)
[01:00:42] [GOAL] Igor achieved Patrol
[01:00:43] [INBOUND] Initial +2 stalkers, +2 mutants (remaining S=874 M=585)
[01:00:44] [INBOUND] Initial +2 stalkers, +1 mutants (remaining S=872 M=584)
[01:00:44] [CORPSE] Despawned 11 bodies (lifetime=42)
[01:00:45] [TASK] Connor → TradeRun (goal=Patrol)
[01:00:45] [GOAL] Connor achieved Patrol
[01:00:45] [INBOUND] Initial +2 stalkers, +2 mutants (remaining S=870 M=582)
[01:00:46] [INBOUND] Initial +2 stalkers, +1 mutants (remaining S=868 M=581)
[01:00:47] [TASK] Serhiy → HarvestArtifact (goal=Patrol)
[01:00:47] [GOAL] Serhiy achieved Patrol
[01:00:47] [TASK] Connor → ShareDrink (goal=Patrol)
[01:00:47] [TASK] Andrei → ShareDrink (goal=Patrol)
[01:00:47] [TASK] Andriy → ShareDrink (goal=Patrol)
[01:00:47] [TASK] Bakhyt → ShareDrink (goal=Patrol)
[01:00:47] [TASK] Igor → ShareDrink (goal=Patrol)
[01:00:47] [TASK] Nikolai → ShareDrink (goal=Patrol)
[01:00:47] [TASK] Alexei → RestAtBase (goal=Patrol)
[01:00:47] [GOAL] Alexei achieved Patrol
[01:00:48] [INBOUND] Initial +2 stalkers, +1 mutants (remaining S=866 M=580)
[01:00:48] [TASK] Dmitri → PatrolWilds [yantar] (goal=Patrol)
[01:00:48] [GOAL] Dmitri achieved Patrol
[01:00:49] [INBOUND] Initial +2 stalkers, +2 mutants (remaining S=864 M=578)
[01:00:50] [TASK] Alexei → ShareDrink (goal=Patrol)
[01:00:50] [TASK] Serhiy → ShareDrink (goal=Patrol)
[01:00:50] [TASK] Mykola → ShareDrink (goal=Patrol)
[01:00:50] [INBOUND] Initial +2 stalkers, +1 mutants (remaining S=862 M=577)
[01:00:50] [TASK] Oleg → TradeRun (goal=Patrol)
[01:00:50] [GOAL] Oleg achieved Patrol
[01:00:50] [TASK] Ivan → PatrolWilds [chistogalovka] (goal=Patrol)
[01:00:50] [GOAL] Ivan achieved Patrol
[01:00:51] [TASK] Frank → RestAtBase (goal=Patrol)
[01:00:51] [GOAL] Frank achieved Patrol
[01:00:51] [TASK] Andriy → RestAtBase (goal=Patrol)
[01:00:51] [GOAL] Andriy achieved Patrol
[01:00:51] [TASK] Bohdan → TradeRun (goal=Patrol)
[01:00:51] [GOAL] Bohdan achieved Patrol
[01:00:51] [TASK] Lars → RestAtBase (goal=Patrol)
[01:00:51] [GOAL] Lars achieved Patrol
[01:00:51] [INBOUND] Initial +2 stalkers, +1 mutants (remaining S=860 M=576)
[01:00:52] [INBOUND] Initial +3 stalkers, +2 mutants (remaining S=857 M=574)
[01:00:53] [TASK] Andriy → ShareDrink (goal=Patrol)
[01:00:53] [TASK] Oleg → ShareDrink (goal=Patrol)
[01:00:53] [TASK] Frank → ShareDrink (goal=Patrol)
[01:00:53] [TASK] Lars → ShareDrink (goal=Patrol)
[01:00:53] [TASK] Vasyl → RestAtBase (goal=Patrol)
[01:00:53] [GOAL] Vasyl achieved Patrol
[01:00:53] [TASK] Yuriy → RestAtBase (goal=Patrol)
[01:00:53] [GOAL] Yuriy achieved Patrol
[01:00:54] [INBOUND] Initial +2 stalkers, +1 mutants (remaining S=855 M=573)
[01:00:54] [GEAR] Andrei looted [wpn_ak74, wpn_pm, helm_helm_respirator_old] via combat
[01:00:54] [TASK] Bohdan → TradeRun (goal=Patrol)
[01:00:54] [GOAL] Bohdan achieved Patrol
[01:00:55] [INBOUND] Initial +2 stalkers, +2 mutants (remaining S=853 M=571)
[01:00:55] [SNAPSHOT] real=6.1min game=D0 00:15 alive S=184 M=209 corpses=722 lootable=437 gammaGear out=108 helm=155 avgRU=650 leaderGoals trade=3 mission=0 emission=Dormant nextIn=61gmin desperate=0 hungry=0 interval deaths=38 combats=63 tasks=54 gearLoot=6 gearBuy=0 corpseDespawn=17 trickleSpawns=0 ranks=[Rookie:183,Experienced:1] goals=[Patrol::98] leaders: Mykola[Rookie/Patrol:], Taras[Rookie/Patrol:], Andriy[Rookie/Patrol:], Dmitri[Rookie/Patrol:], Viktor[Rookie/Patrol:]
[01:00:55] [TASK] Bohdan → RestAtBase (goal=Patrol)
[01:00:55] [GOAL] Bohdan achieved Patrol
[01:00:55] [TASK] Mykola → RestAtBase (goal=Patrol)
[01:00:55] [GOAL] Mykola achieved Patrol
[01:00:56] [TASK] Pierre → RestAtBase (goal=Patrol)
[01:00:56] [GOAL] Pierre achieved Patrol
[01:00:56] [INBOUND] Initial +2 stalkers, +1 mutants (remaining S=851 M=570)
[01:00:56] [CORPSE] Despawned 12 bodies (lifetime=54)
[01:00:57] [TASK] Oleg → RestAtBase (goal=Patrol)
[01:00:57] [GOAL] Oleg achieved Patrol
[01:00:57] [TASK] Mykola → ShareDrink (goal=Patrol)
[01:00:57] [TASK] Andrei → ShareDrink (goal=Patrol)
[01:00:57] [TASK] Yuriy → ShareDrink (goal=Patrol)
[01:00:57] [TASK] Bohdan → ShareDrink (goal=Patrol)
[01:00:57] [TASK] Vasyl → ShareDrink (goal=Patrol)
[01:00:57] [TASK] Oleg → ShareDrink (goal=Patrol)
[01:00:57] [TASK] Pierre → ShareDrink (goal=Patrol)
[01:00:57] [TASK] Armen → ShareDrink (goal=Patrol)
[01:00:57] [TASK] Bohdan → ShareDrink (goal=Patrol)
[01:00:57] [INBOUND] Initial +2 stalkers, +1 mutants (remaining S=849 M=569)
[01:00:58] [TASK] Dmitri → RestAtBase (goal=Patrol)
[01:00:58] [GOAL] Dmitri achieved Patrol
[01:00:58] [INBOUND] Initial +2 stalkers, +2 mutants (remaining S=847 M=567)
[01:01:00] [INBOUND] Initial +2 stalkers, +1 mutants (remaining S=845 M=566)
[01:01:00] [TASK] Dmytro → TradeRun (goal=Patrol)
[01:01:00] [GOAL] Dmytro achieved Patrol
[01:01:01] [TASK] Oleg → TradeRun (goal=Patrol)
[01:01:01] [GOAL] Oleg achieved Patrol
[01:01:01] [INBOUND] Initial +2 stalkers, +2 mutants (remaining S=843 M=564)
[01:01:02] [RANK] Igor Shevchenko 'Scar' → Trainee
[01:01:02] [TASK] Oleksiy → TradeRun (goal=Patrol)
[01:01:02] [GOAL] Oleksiy achieved Patrol
[01:01:02] [INBOUND] Initial +2 stalkers, +1 mutants (remaining S=841 M=563)
[01:01:03] [TASK] Andriy → RestAtBase (goal=Patrol)
[01:01:03] [GOAL] Andriy achieved Patrol
[01:01:03] [TASK] Pavel → ShareDrink (goal=Patrol)
[01:01:03] [TASK] Oleksiy → ShareDrink (goal=Patrol)
[01:01:03] [TASK] Dmytro → ShareDrink (goal=Patrol)
[01:01:03] [TASK] Oleg → ShareDrink (goal=Patrol)
[01:01:04] [INBOUND] Initial +2 stalkers, +1 mutants (remaining S=839 M=562)
[01:01:05] [INBOUND] Initial +2 stalkers, +2 mutants (remaining S=837 M=560)
[01:01:06] [GEAR] Rustam looted [wpn_fn2000, wpn_pm, helm_exo] via combat
[01:01:06] [TASK] Andriy → RestAtBase (goal=Patrol)
[01:01:06] [GOAL] Andriy achieved Patrol
[01:01:06] [INBOUND] Initial +2 stalkers, +1 mutants (remaining S=835 M=559)
[01:01:07] [TASK] Dmitri → ShareDrink (goal=Patrol)
[01:01:07] [TASK] Andriy → ShareDrink (goal=Patrol)
[01:01:07] [TASK] Viktor → ShareDrink (goal=Patrol)
[01:01:07] [TASK] Ivan → ShareDrink (goal=Patrol)
[01:01:07] [TASK] Andriy → ShareDrink (goal=Patrol)
[01:01:07] [INBOUND] Initial +2 stalkers, +2 mutants (remaining S=833 M=557)
[01:01:08] [GEAR] Oleg looted [wpn_aksu] via combat
[01:01:08] [GEAR] Alexei looted [wpn_fort12] via combat
[01:01:09] [INBOUND] Initial +3 stalkers, +1 mutants (remaining S=830 M=556)
[01:01:09] [CORPSE] Despawned 22 bodies (lifetime=76)
[01:01:09] [TASK] Nikolai → ShareDrink (goal=Patrol)
[01:01:09] [TASK] Vasyl → ShareDrink (goal=Patrol)
[01:01:09] [TASK] Yuriy → ShareDrink (goal=Patrol)
[01:01:10] [INBOUND] Initial +2 stalkers, +1 mutants (remaining S=828 M=555)
[01:01:11] [INBOUND] Initial +2 stalkers, +2 mutants (remaining S=826 M=553)
[01:01:12] [INBOUND] Initial +2 stalkers, +1 mutants (remaining S=824 M=552)
[01:01:12] [TASK] Viktor → PatrolWilds [pripyat] (goal=Patrol)
[01:01:12] [GOAL] Viktor achieved Patrol
[01:01:12] [GEAR] Nikolai looted [arm_freedom] via combat
[01:01:13] [GEAR] Connor looted [helm_helm_exo] via combat
[01:01:13] [INBOUND] Initial +2 stalkers, +1 mutants (remaining S=822 M=551)
[01:01:14] [TASK] Damir → TradeRun (goal=Patrol)
[01:01:14] [GOAL] Damir achieved Patrol
[01:01:14] [INBOUND] Initial +2 stalkers, +2 mutants (remaining S=820 M=549)
[01:01:15] [TASK] Ivan → TradeRun (goal=Patrol)
[01:01:15] [GOAL] Ivan achieved Patrol
[01:01:15] [INBOUND] Initial +2 stalkers, +1 mutants (remaining S=818 M=548)
[01:01:17] [INBOUND] Initial +2 stalkers, +2 mutants (remaining S=816 M=546)
[01:01:17] [TASK] Damir → ShareDrink (goal=Patrol)
[01:01:17] [TASK] Yuriy → ShareDrink (goal=Patrol)
[01:01:17] [GOAL] Yuriy achieved Patrol
[01:01:17] [TASK] Ivan → ShareDrink (goal=Patrol)
[01:01:17] [TASK] Bohdan → ShareDrink (goal=Patrol)
[01:01:18] [INBOUND] Initial +2 stalkers, +1 mutants (remaining S=814 M=545)
[01:01:18] [TASK] Andriy → RestAtBase (goal=Patrol)
[01:01:18] [GOAL] Andriy achieved Patrol
[01:01:19] [TASK] Sergei → TradeRun (goal=Patrol)
[01:01:19] [GOAL] Sergei achieved Patrol
[01:01:19] [INBOUND] Initial +2 stalkers, +1 mutants (remaining S=812 M=544)
[01:01:19] [TASK] Bohdan → TradeRun (goal=Patrol)
[01:01:19] [GOAL] Bohdan achieved Patrol
[01:01:19] [GEAR] Vasyl looted [wpn_pm] via combat
[01:01:20] [TASK] Sergei → RestAtBase (goal=Patrol)
[01:01:20] [GOAL] Sergei achieved Patrol
[01:01:20] [INBOUND] Initial +2 stalkers, +2 mutants (remaining S=810 M=542)
[01:01:20] [CORPSE] Despawned 10 bodies (lifetime=86)
[01:01:21] [TASK] Sergei → ShareDrink (goal=Patrol)
[01:01:21] [TASK] Nikolai → ShareDrink (goal=Patrol)
[01:01:21] [TASK] Andriy → ShareDrink (goal=Patrol)
[01:01:21] [TASK] Bohdan → ShareDrink (goal=Patrol)
[01:01:21] [TASK] Bohdan → ShareDrink (goal=Patrol)
[01:01:21] [TASK] Sergei → ShareDrink (goal=Patrol)
[01:01:21] [TASK] Yuriy → ShareDrink (goal=Patrol)
[01:01:21] [GOAL] Yuriy achieved Patrol
[01:01:21] [INBOUND] Initial +2 stalkers, +1 mutants (remaining S=808 M=541)
[01:01:21] [TASK] Andriy → RestAtBase (goal=Patrol)
[01:01:21] [GOAL] Andriy achieved Patrol
[01:01:22] [TASK] Yuriy → RestAtBase (goal=Patrol)
[01:01:22] [GOAL] Yuriy achieved Patrol
[01:01:23] [INBOUND] Initial +2 stalkers, +2 mutants (remaining S=806 M=539)
[01:01:24] [TASK] Vasyl → ShareDrink (goal=Patrol)
[01:01:24] [TASK] Andriy → ShareDrink (goal=Patrol)
[01:01:24] [TASK] Yuriy → ShareDrink (goal=Patrol)
[01:01:24] [GOAL] Yuriy achieved Patrol
[01:01:24] [TASK] Yuriy → ShareDrink (goal=Patrol)
[01:01:24] [INBOUND] Initial +2 stalkers, +1 mutants (remaining S=804 M=538)
[01:01:25] [INBOUND] Initial +3 stalkers, +1 mutants (remaining S=801 M=537)
[01:01:25] [TASK] Mykola → TradeRun (goal=Patrol)
[01:01:25] [GOAL] Mykola achieved Patrol
[01:01:26] [INBOUND] Initial +2 stalkers, +2 mutants (remaining S=799 M=535)
[01:01:26] [SNAPSHOT] real=6.6min game=D0 00:16 alive S=197 M=215 corpses=749 lootable=453 gammaGear out=116 helm=163 avgRU=650 leaderGoals trade=2 mission=0 emission=Dormant nextIn=60gmin desperate=0 hungry=0 interval deaths=41 combats=71 tasks=56 gearLoot=6 gearBuy=0 corpseDespawn=44 trickleSpawns=0 ranks=[Rookie:195,Trainee:1,Experienced:1] goals=[Patrol::103] leaders: Bohdan[Rookie/Patrol:], Heinrich[Rookie/Patrol:], Bohdan[Rookie/Patrol:], Bohdan[Rookie/Patrol:], Bohdan[Rookie/Patrol:]
[01:01:27] [INBOUND] Initial +2 stalkers, +1 mutants (remaining S=797 M=534)
[01:01:28] [TASK] Mykola → ShareDrink (goal=Patrol)
[01:01:28] [TASK] Yuriy → ShareDrink (goal=Patrol)
[01:01:28] [GOAL] Yuriy achieved Patrol
[01:01:29] [TASK] Damir → ShareDrink (goal=Patrol)
[01:01:29] [INBOUND] Initial +2 stalkers, +2 mutants (remaining S=795 M=532)
[01:01:29] [TASK] Heinrich → HarvestArtifact (goal=Patrol)
[01:01:29] [GOAL] Heinrich achieved Patrol
[01:01:29] [TASK] Igor → PatrolWilds [military] (goal=Patrol)
[01:01:29] [GOAL] Igor achieved Patrol
[01:01:30] [TASK] Pavel → RestAtBase (goal=Patrol)
[01:01:30] [GOAL] Pavel achieved Patrol
[01:01:30] [INBOUND] Initial +2 stalkers, +1 mutants (remaining S=793 M=531)
[01:01:31] [INBOUND] Initial +2 stalkers, +1 mutants (remaining S=791 M=530)
[01:01:32] [TASK] Yuriy → RestAtBase (goal=Patrol)
[01:01:32] [GOAL] Yuriy achieved Patrol
[01:01:32] [INBOUND] Initial +2 stalkers, +2 mutants (remaining S=789 M=528)
[01:01:32] [CORPSE] Despawned 16 bodies (lifetime=102)
[01:01:33] [TASK] Bohdan → TradeRun (goal=Patrol)
[01:01:33] [GOAL] Bohdan achieved Patrol
[01:01:34] [INBOUND] Initial +2 stalkers, +1 mutants (remaining S=787 M=527)
[01:01:34] [TASK] Heinrich → ShareDrink (goal=Patrol)
[01:01:34] [TASK] Serhiy → ShareDrink (goal=Patrol)
[01:01:34] [TASK] Yuriy → ShareDrink (goal=Patrol)
[01:01:34] [GOAL] Yuriy achieved Patrol
[01:01:34] [TASK] Pavel → ShareDrink (goal=Patrol)
[01:01:34] [TASK] Yuriy → ShareDrink (goal=Patrol)
[01:01:34] [TASK] Bohdan → ShareDrink (goal=Patrol)
[01:01:35] [GEAR] Oleksiy looted [wpn_fn2000, out_stalker_bear_outfit, helm_helm_battle] via combat
[01:01:35] [INBOUND] Initial +2 stalkers, +1 mutants (remaining S=785 M=526)
[01:01:35] [TASK] Oleksiy → RestAtBase (goal=Patrol)
[01:01:35] [GOAL] Oleksiy achieved Patrol
[01:01:36] [INBOUND] Initial +2 stalkers, +2 mutants (remaining S=783 M=524)
[01:01:36] [TASK] Igor → PatrolWilds [military] (goal=Patrol)
[01:01:36] [GOAL] Igor achieved Patrol
[01:01:36] [TASK] Yuriy → TradeRun (goal=Patrol)
[01:01:36] [GOAL] Yuriy achieved Patrol
[01:01:36] [TASK] Sergei → TradeRun (goal=Patrol)
[01:01:36] [GOAL] Sergei achieved Patrol
[01:01:37] [INBOUND] Initial +2 stalkers, +1 mutants (remaining S=781 M=523)
[01:01:37] [TASK] Dmitri → HarvestArtifact (goal=Patrol)
[01:01:37] [GOAL] Dmitri achieved Patrol
[01:01:38] [TASK] Bohdan → RestAtBase (goal=Patrol)
[01:01:38] [GOAL] Bohdan achieved Patrol
[01:01:38] [TASK] Yuriy → ShareDrink (goal=Patrol)
[01:01:38] [TASK] Yuriy → ShareDrink (goal=Patrol)
[01:01:38] [GOAL] Yuriy achieved Patrol
[01:01:38] [TASK] Igor → TradeRun (goal=Patrol)
[01:01:38] [GOAL] Igor achieved Patrol
[01:01:38] [INBOUND] Initial +2 stalkers, +2 mutants (remaining S=779 M=521)
[01:01:39] [TASK] Nodar → RestAtBase (goal=Patrol)
[01:01:39] [GOAL] Nodar achieved Patrol
[01:01:39] [INBOUND] Initial +2 stalkers, +1 mutants (remaining S=777 M=520)
[01:01:40] [TASK] Igor → ShareDrink (goal=Patrol)
[01:01:40] [TASK] Sergei → ShareDrink (goal=Patrol)
[01:01:40] [TASK] Yuriy → ShareDrink (goal=Patrol)
[01:01:40] [GOAL] Yuriy achieved Patrol
[01:01:40] [TASK] Bohdan → ShareDrink (goal=Patrol)
[01:01:40] [TASK] Oleksiy → ShareDrink (goal=Patrol)
[01:01:40] [TASK] Nodar → ShareDrink (goal=Patrol)
[01:01:40] [TASK] Yuriy → TradeRun (goal=Patrol)
[01:01:40] [GOAL] Yuriy achieved Patrol
[01:01:41] [INBOUND] Initial +3 stalkers, +1 mutants (remaining S=774 M=519)
[01:01:41] [TASK] Dmitri → TradeRun (goal=Patrol)
[01:01:41] [GOAL] Dmitri achieved Patrol
[01:01:42] [TASK] Alexei → RestAtBase (goal=Patrol)
[01:01:42] [GOAL] Alexei achieved Patrol
[01:01:42] [INBOUND] Initial +2 stalkers, +2 mutants (remaining S=772 M=517)
[01:01:42] [TASK] Ivan → PatrolWilds [yantar] (goal=Patrol)
[01:01:42] [GOAL] Ivan achieved Patrol
[01:01:43] [TASK] Yuriy → ShareDrink (goal=Patrol)
[01:01:43] [TASK] Dmitri → ShareDrink (goal=Patrol)
[01:01:43] [TASK] Yuriy → ShareDrink (goal=Patrol)
[01:01:43] [GOAL] Yuriy achieved Patrol
[01:01:43] [TASK] Bohdan → ShareDrink (goal=Patrol)
[01:01:43] [TASK] Alexei → ShareDrink (goal=Patrol)
[01:01:43] [TASK] Dmitri → ShareDrink (goal=Patrol)
[01:01:43] [INBOUND] Initial +2 stalkers, +1 mutants (remaining S=770 M=516)
[01:01:44] [TASK] Dmytro → RestAtBase (goal=Patrol)
[01:01:44] [GOAL] Dmytro achieved Patrol
[01:01:44] [RANK] Igor Melnyk 'Phantom' → Trainee
[01:01:44] [INBOUND] Initial +2 stalkers, +2 mutants (remaining S=768 M=514)
[01:01:44] [CORPSE] Despawned 17 bodies (lifetime=119)
[01:01:46] [INBOUND] Initial +2 stalkers, +1 mutants (remaining S=766 M=513)
[01:01:47] [INBOUND] Initial +2 stalkers, +1 mutants (remaining S=764 M=512)
[01:01:47] [GEAR] Igor looted [wpn_ak74] via combat
[01:01:47] [TASK] Alexei → RestAtBase (goal=Patrol)
[01:01:47] [GOAL] Alexei achieved Patrol
[01:01:48] [TASK] Andriy → RestAtBase (goal=Patrol)
[01:01:48] [GOAL] Andriy achieved Patrol
[01:01:48] [INBOUND] Initial +2 stalkers, +2 mutants (remaining S=762 M=510)
[01:01:49] [TASK] Giorgi → ShareDrink (goal=Patrol)
[01:01:49] [TASK] Taras → ShareDrink (goal=Patrol)
[01:01:49] [TASK] Serhiy → ShareDrink (goal=Patrol)
[01:01:49] [TASK] Oleg → ShareDrink (goal=Patrol)
[01:01:49] [TASK] Bakhyt → ShareDrink (goal=Patrol)
[01:01:49] [TASK] Alexei → ShareDrink (goal=Patrol)
[01:01:49] [TASK] Dmytro → ShareDrink (goal=Patrol)
[01:01:49] [TASK] Andriy → ShareDrink (goal=Patrol)
[01:01:49] [GEAR] Andrei looted [wpn_fn2000, wpn_fort12, out_military_monolit_outfit] via combat
[01:01:49] [INBOUND] Initial +2 stalkers, +1 mutants (remaining S=760 M=509)
[01:01:50] [INBOUND] Initial +2 stalkers, +2 mutants (remaining S=758 M=507)
[01:01:51] [TASK] Andriy → HarvestArtifact (goal=Patrol)
[01:01:51] [GOAL] Andriy achieved Patrol
[01:01:51] [INBOUND] Initial +2 stalkers, +1 mutants (remaining S=756 M=506)
[01:01:52] [GEAR] Nikolai looted [wpn_mp5] via combat
[01:01:53] [INBOUND] Initial +2 stalkers, +1 mutants (remaining S=754 M=505)
[01:01:53] [TASK] Viktor → ShareDrink (goal=Patrol)
[01:01:53] [TASK] Oleg → ShareDrink (goal=Patrol)
[01:01:53] [TASK] Nikolai → ShareDrink (goal=Patrol)
[01:01:53] [TASK] Taras → ShareDrink (goal=Patrol)
[01:01:54] [INBOUND] Initial +2 stalkers, +2 mutants (remaining S=752 M=503)
[01:01:55] [INBOUND] Initial +2 stalkers, +1 mutants (remaining S=750 M=502)
[01:01:55] [TASK] Giorgi → TradeRun (goal=Patrol)
[01:01:55] [GOAL] Giorgi achieved Patrol
[01:01:56] [INBOUND] Initial +3 stalkers, +1 mutants (remaining S=747 M=501)
[01:01:56] [SNAPSHOT] real=7.1min game=D0 00:18 alive S=204 M=228 corpses=782 lootable=474 gammaGear out=118 helm=173 avgRU=650 leaderGoals trade=2 mission=0 emission=Dormant nextIn=59gmin desperate=0 hungry=0 interval deaths=45 combats=66 tasks=57 gearLoot=4 gearBuy=0 corpseDespawn=33 trickleSpawns=0 ranks=[Rookie:202,Trainee:1,Experienced:1] goals=[Patrol::108] leaders: Taras[Rookie/Patrol:], Viktor[Rookie/Patrol:], Oleg[Rookie/Patrol:], Giorgi[Rookie/Patrol:], Taras[Rookie/Patrol:]
[01:01:56] [CORPSE] Despawned 22 bodies (lifetime=141)
[01:01:57] [TASK] Mykola → ShareDrink (goal=Patrol)
[01:01:57] [TASK] Ivan → ShareDrink (goal=Patrol)
[01:01:57] [TASK] Giorgi → ShareDrink (goal=Patrol)
[01:01:57] [INBOUND] Initial +2 stalkers, +2 mutants (remaining S=745 M=499)
[01:01:58] [TASK] Andriy → RestAtBase (goal=Patrol)
[01:01:58] [GOAL] Andriy achieved Patrol
[01:01:59] [INBOUND] Initial +2 stalkers, +1 mutants (remaining S=743 M=498)
[01:02:00] [TASK] Alexei → RestAtBase (goal=Patrol)
[01:02:00] [GOAL] Alexei achieved Patrol
[01:02:00] [TASK] Oleksiy → RestAtBase (goal=Patrol)
[01:02:00] [GOAL] Oleksiy achieved Patrol
[01:02:00] [INBOUND] Initial +2 stalkers, +2 mutants (remaining S=741 M=496)
[01:02:01] [INBOUND] Initial +2 stalkers, +1 mutants (remaining S=739 M=495)
[01:02:02] [TASK] Mykola → RestAtBase (goal=Patrol)
[01:02:02] [GOAL] Mykola achieved Patrol
[01:02:03] [INBOUND] Initial +2 stalkers, +1 mutants (remaining S=737 M=494)
[01:02:03] [TASK] Igor → HarvestArtifact (goal=Patrol)
[01:02:03] [GOAL] Igor achieved Patrol
[01:02:03] [TASK] Viktor → PatrolWilds [kopachi] (goal=Patrol)
[01:02:03] [GOAL] Viktor achieved Patrol
[01:02:04] [TASK] Oleksiy → ShareDrink (goal=Patrol)
[01:02:04] [TASK] Andriy → ShareDrink (goal=Patrol)
[01:02:04] [TASK] Alexei → ShareDrink (goal=Patrol)
[01:02:04] [TASK] Mykola → ShareDrink (goal=Patrol)
[01:02:04] [TASK] Dmytro → TradeRun (goal=Patrol)
[01:02:04] [GOAL] Dmytro achieved Patrol
[01:02:04] [INBOUND] Initial +2 stalkers, +2 mutants (remaining S=735 M=492)
[01:02:05] [TASK] Igor → TradeRun (goal=Patrol)
[01:02:05] [GOAL] Igor achieved Patrol
[01:02:05] [TASK] Mykola → RestAtBase (goal=Patrol)
[01:02:05] [GOAL] Mykola achieved Patrol
[01:02:05] [INBOUND] Initial +2 stalkers, +1 mutants (remaining S=733 M=491)
[01:02:06] [TASK] Igor → TradeRun (goal=Patrol)
[01:02:06] [GOAL] Igor achieved Patrol
[01:02:06] [TASK] Oleksiy → RestAtBase (goal=Patrol)
[01:02:06] [GOAL] Oleksiy achieved Patrol
[01:02:06] [TASK] Dmitri → TradeRun (goal=Patrol)
[01:02:06] [GOAL] Dmitri achieved Patrol
[01:02:07] [INBOUND] Initial +2 stalkers, +2 mutants (remaining S=731 M=489)
[01:02:07] [TASK] Bohdan → RestAtBase (goal=Patrol)
[01:02:07] [GOAL] Bohdan achieved Patrol
[01:02:07] [TASK] Yuriy → TradeRun (goal=Patrol)
[01:02:07] [GOAL] Yuriy achieved Patrol
[01:02:08] [INBOUND] Initial +2 stalkers, +1 mutants (remaining S=729 M=488)
[01:02:08] [TASK] Igor → ShareDrink (goal=Patrol)
[01:02:08] [TASK] Dmitri → ShareDrink (goal=Patrol)
[01:02:08] [TASK] Dmytro → ShareDrink (goal=Patrol)
[01:02:08] [TASK] Mykola → ShareDrink (goal=Patrol)
[01:02:08] [TASK] Oleksiy → ShareDrink (goal=Patrol)
[01:02:08] [TASK] Igor → ShareDrink (goal=Patrol)
[01:02:08] [TASK] Bohdan → ShareDrink (goal=Patrol)
[01:02:08] [TASK] Yuriy → ShareDrink (goal=Patrol)
[01:02:09] [TASK] Taras → RestAtBase (goal=Patrol)
[01:02:09] [GOAL] Taras achieved Patrol
[01:02:09] [TASK] Oleksiy → RestAtBase (goal=Patrol)
[01:02:09] [GOAL] Oleksiy achieved Patrol
[01:02:09] [INBOUND] Initial +2 stalkers, +1 mutants (remaining S=727 M=487)
[01:02:09] [CORPSE] Despawned 26 bodies (lifetime=167)
[01:02:10] [INBOUND] Initial +2 stalkers, +2 mutants (remaining S=725 M=485)
[01:02:12] [TASK] Igor → RestAtBase (goal=Patrol)
[01:02:12] [GOAL] Igor achieved Patrol
[01:02:12] [INBOUND] Initial +2 stalkers, +1 mutants (remaining S=723 M=484)
[01:02:12] [TASK] Dmitri → RestAtBase (goal=Patrol)
[01:02:12] [GOAL] Dmitri achieved Patrol
[01:02:13] [INBOUND] Initial +2 stalkers, +2 mutants (remaining S=721 M=482)
[01:02:13] [TASK] Damir → RestAtBase (goal=Patrol)
[01:02:13] [GOAL] Damir achieved Patrol
[01:02:14] [TASK] Igor → ShareDrink (goal=Patrol)
[01:02:14] [TASK] Oleksiy → ShareDrink (goal=Patrol)
[01:02:14] [TASK] Taras → ShareDrink (goal=Patrol)
[01:02:15] [INBOUND] Initial +3 stalkers, +1 mutants (remaining S=718 M=481)
[01:02:15] [TASK] Oleg → PatrolWilds [hospital] (goal=Patrol)
[01:02:15] [GOAL] Oleg achieved Patrol
[01:02:15] [TASK] Yuriy → RestAtBase (goal=Patrol)
[01:02:15] [GOAL] Yuriy achieved Patrol
[01:02:16] [TASK] Alexei → RestAtBase (goal=Patrol)
[01:02:16] [GOAL] Alexei achieved Patrol
[01:02:16] [INBOUND] Initial +2 stalkers, +1 mutants (remaining S=716 M=480)
[01:02:17] [TASK] Oleg → HarvestArtifact (goal=Patrol)
[01:02:17] [GOAL] Oleg achieved Patrol
[01:02:17] [TASK] Heinrich → HarvestArtifact (goal=Patrol)
[01:02:17] [GOAL] Heinrich achieved Patrol
[01:02:17] [TASK] Igor → ShareDrink (goal=Patrol)
[01:02:17] [TASK] Dmitri → ShareDrink (goal=Patrol)
[01:02:17] [TASK] Taras → ShareDrink (goal=Patrol)
[01:02:17] [TASK] Viktor → ShareDrink (goal=Patrol)
[01:02:17] [TASK] Dmitri → ShareDrink (goal=Patrol)
[01:02:17] [TASK] Alexei → ShareDrink (goal=Patrol)
[01:02:17] [TASK] Damir → ShareDrink (goal=Patrol)
[01:02:17] [TASK] Giorgi → ShareDrink (goal=Patrol)
[01:02:17] [TASK] Yuriy → ShareDrink (goal=Patrol)
[01:02:18] [TASK] Alexei → TradeRun (goal=Patrol)
[01:02:18] [GOAL] Alexei achieved Patrol
[01:02:18] [INBOUND] Initial +2 stalkers, +2 mutants (remaining S=714 M=478)
[01:02:18] [GEAR] Nikolai looted [wpn_fort12] via combat
[01:02:19] [INBOUND] Initial +2 stalkers, +1 mutants (remaining S=712 M=477)
[01:02:20] [TASK] Yuriy → RestAtBase (goal=Patrol)
[01:02:20] [GOAL] Yuriy achieved Patrol
[01:02:20] [TASK] Dmytro → TradeRun (goal=Patrol)
[01:02:20] [GOAL] Dmytro achieved Patrol
[01:02:20] [TASK] Bohdan → TradeRun (goal=Patrol)
[01:02:20] [GOAL] Bohdan achieved Patrol
[01:02:21] [INBOUND] Initial +2 stalkers, +1 mutants (remaining S=710 M=476)
[01:02:21] [TASK] Oleg → HarvestArtifact (goal=Patrol)
[01:02:21] [GOAL] Oleg achieved Patrol
[01:02:21] [TASK] Mykola → PatrolWilds [truck_cemetery] (goal=Patrol)
[01:02:21] [GOAL] Mykola achieved Patrol
[01:02:21] [TASK] Heinrich → TradeRun (goal=Patrol)
[01:02:21] [GOAL] Heinrich achieved Patrol
[01:02:22] [INBOUND] Initial +2 stalkers, +2 mutants (remaining S=708 M=474)
[01:02:22] [TASK] Taras → ShareDrink (goal=Patrol)
[01:02:22] [TASK] Mikhail → ShareDrink (goal=Patrol)
[01:02:22] [TASK] Yuriy → ShareDrink (goal=Patrol)
[01:02:22] [TASK] Bohdan → ShareDrink (goal=Patrol)
[01:02:22] [TASK] Dmytro → ShareDrink (goal=Patrol)
[01:02:22] [TASK] Alexei → ShareDrink (goal=Patrol)
[01:02:22] [TASK] Yuriy → ShareDrink (goal=Patrol)
[01:02:22] [TASK] Heinrich → ShareDrink (goal=Patrol)
[01:02:23] [TASK] Sidorovich → RestAtBase (goal=Patrol)
[01:02:23] [GOAL] Sidorovich achieved Patrol
[01:02:23] [TASK] Vasyl → TradeRun (goal=Patrol)
[01:02:23] [GOAL] Vasyl achieved Patrol
[01:02:23] [INBOUND] Initial +2 stalkers, +1 mutants (remaining S=706 M=473)
[01:02:23] [CORPSE] Despawned 24 bodies (lifetime=191)
[01:02:23] [GEAR] Igor looted [wpn_mp5, wpn_fort12, arm_seva] via combat
[01:02:24] [TASK] Dmytro → RestAtBase (goal=Patrol)
[01:02:24] [GOAL] Dmytro achieved Patrol
[01:02:24] [INBOUND] Initial +2 stalkers, +2 mutants (remaining S=704 M=471)
[01:02:26] [TASK] Mykola → ShareDrink (goal=Patrol)
[01:02:26] [TASK] Vasyl → ShareDrink (goal=Patrol)
[01:02:26] [TASK] Sidorovich → ShareDrink (goal=Patrol)
[01:02:26] [TASK] Dmytro → ShareDrink (goal=Patrol)
[01:02:26] [TASK] Mykola → ShareDrink (goal=Patrol)
[01:02:26] [TASK] Mykola → ShareDrink (goal=Patrol)
[01:02:26] [INBOUND] Initial +2 stalkers, +1 mutants (remaining S=702 M=470)
[01:02:27] [INBOUND] Initial +2 stalkers, +1 mutants (remaining S=700 M=469)
[01:02:27] [SNAPSHOT] real=7.7min game=D0 00:19 alive S=210 M=236 corpses=775 lootable=462 gammaGear out=125 helm=173 avgRU=650 leaderGoals trade=1 mission=0 emission=Dormant nextIn=57gmin desperate=0 hungry=0 interval deaths=41 combats=65 tasks=75 gearLoot=2 gearBuy=0 corpseDespawn=72 trickleSpawns=0 ranks=[Rookie:208,Trainee:1,Experienced:1] goals=[Patrol::110] leaders: Oleg[Rookie/Patrol:], Taras[Rookie/Patrol:], Serhiy[Rookie/Patrol:], Ivan[Rookie/Patrol:], Bakhyt[Rookie/Patrol:]
[01:02:27] [TASK] Zura → RestAtBase (goal=Patrol)
[01:02:27] [GOAL] Zura achieved Patrol
[01:02:28] [INBOUND] Initial +2 stalkers, +2 mutants (remaining S=698 M=467)
[01:02:29] [TASK] Andriy → RestAtBase (goal=Patrol)
[01:02:29] [GOAL] Andriy achieved Patrol
[01:02:29] [INBOUND] Initial +2 stalkers, +1 mutants (remaining S=696 M=466)
[01:02:30] [INBOUND] Initial +2 stalkers, +2 mutants (remaining S=694 M=464)
[01:02:31] [TASK] Zura → ShareDrink (goal=Patrol)
[01:02:31] [TASK] Mikhail → ShareDrink (goal=Patrol)
[01:02:31] [TASK] Mykola → ShareDrink (goal=Patrol)
[01:02:31] [TASK] Andriy → ShareDrink (goal=Patrol)
[01:02:32] [INBOUND] Initial +3 stalkers, +1 mutants (remaining S=691 M=463)
[01:02:33] [GEAR] Oleg looted [wpn_fn2000, wpn_fort12, out_stalker_proto_exo_outfit] via combat
[01:02:33] [INBOUND] Initial +2 stalkers, +1 mutants (remaining S=689 M=462)
[01:02:33] [TASK] Serhiy → RestAtBase (goal=Patrol)
[01:02:33] [GOAL] Serhiy achieved Patrol
[01:02:33] [TASK] Bakhyt → HarvestArtifact (goal=Patrol)
[01:02:33] [GOAL] Bakhyt achieved Patrol
[01:02:34] [TASK] Connor → RestAtBase (goal=Patrol)
[01:02:34] [GOAL] Connor achieved Patrol
[01:02:34] [INBOUND] Initial +2 stalkers, +2 mutants (remaining S=687 M=460)
[01:02:35] [TASK] Nikolai → TradeRun (goal=Patrol)
[01:02:35] [GOAL] Nikolai achieved Patrol
[01:02:35] [INBOUND] Initial +2 stalkers, +1 mutants (remaining S=685 M=459)
[01:02:35] [CORPSE] Despawned 26 bodies (lifetime=217)
[01:02:36] [TASK] Mykola → RestAtBase (goal=Patrol)
[01:02:36] [GOAL] Mykola achieved Patrol
[01:02:36] [INBOUND] Initial +2 stalkers, +2 mutants (remaining S=683 M=457)
[01:02:37] [TASK] Timur → TradeRun (goal=Patrol)
[01:02:37] [GOAL] Timur achieved Patrol
[01:02:38] [INBOUND] Initial +2 stalkers, +1 mutants (remaining S=681 M=456)
[01:02:39] [TASK] Pierre → RestAtBase (goal=Patrol)
[01:02:39] [GOAL] Pierre achieved Patrol
[01:02:39] [TASK] Yuriy → RestAtBase (goal=Patrol)
[01:02:39] [GOAL] Yuriy achieved Patrol
[01:02:39] [INBOUND] Initial +2 stalkers, +1 mutants (remaining S=679 M=455)
[01:02:39] [TASK] Oleksiy → RestAtBase (goal=Patrol)
[01:02:39] [GOAL] Oleksiy achieved Patrol
[01:02:40] [TASK] Sergei → RestAtBase (goal=Patrol)
[01:02:40] [GOAL] Sergei achieved Patrol
[01:02:40] [TASK] Nikolai → TradeRun (goal=Patrol)
[01:02:40] [GOAL] Nikolai achieved Patrol
[01:02:40] [TASK] Connor → ShareDrink (goal=Patrol)
[01:02:40] [TASK] Pavel → ShareDrink (goal=Patrol)
[01:02:40] [TASK] Mykola → ShareDrink (goal=Patrol)
[01:02:40] [TASK] Nikolai → ShareDrink (goal=Patrol)
[01:02:40] [TASK] Sean → ShareDrink (goal=Patrol)
[01:02:40] [TASK] Nikolai → ShareDrink (goal=Patrol)
[01:02:40] [TASK] Pierre → ShareDrink (goal=Patrol)
[01:02:40] [TASK] Timur → ShareDrink (goal=Patrol)
[01:02:40] [TASK] Mykola → ShareDrink (goal=Patrol)
[01:02:40] [TASK] Oleksiy → ShareDrink (goal=Patrol)
[01:02:40] [TASK] Serhiy → ShareDrink (goal=Patrol)
[01:02:40] [TASK] Yuriy → ShareDrink (goal=Patrol)
[01:02:40] [TASK] Sergei → ShareDrink (goal=Patrol)
[01:02:40] [INBOUND] Initial +2 stalkers, +2 mutants (remaining S=677 M=453)
[01:02:41] [TASK] Ivan → HarvestArtifact (goal=Patrol)
[01:02:41] [GOAL] Ivan achieved Patrol
[01:02:41] [TASK] Sergei → RestAtBase (goal=Patrol)
[01:02:41] [GOAL] Sergei achieved Patrol
[01:02:42] [INBOUND] Initial +2 stalkers, +1 mutants (remaining S=675 M=452)
[01:02:42] [TASK] Ivan → PatrolWilds [yantar] (goal=Patrol)
[01:02:42] [GOAL] Ivan achieved Patrol
[01:02:43] [INBOUND] Initial +2 stalkers, +1 mutants (remaining S=673 M=451)
[01:02:43] [TASK] Andriy → RestAtBase (goal=Patrol)
[01:02:43] [GOAL] Andriy achieved Patrol
[01:02:44] [TASK] Andriy → RestAtBase (goal=Patrol)
[01:02:44] [GOAL] Andriy achieved Patrol
[01:02:44] [INBOUND] Initial +2 stalkers, +2 mutants (remaining S=671 M=449)
[01:02:44] [TASK] Karl → PatrolWilds [military] (goal=Patrol)
[01:02:44] [GOAL] Karl achieved Patrol
[01:02:45] [INBOUND] Initial +2 stalkers, +1 mutants (remaining S=669 M=448)
[01:02:46] [TASK] Karl → PatrolWilds [military] (goal=Patrol)
[01:02:46] [GOAL] Karl achieved Patrol
[01:02:46] [TASK] Yuriy → RestAtBase (goal=Patrol)
[01:02:46] [GOAL] Yuriy achieved Patrol
[01:02:46] [RANK] Oleg Petrenko 'Shadow' → Trainee
[01:02:47] [TASK] Ivan → TradeRun (goal=Patrol)
[01:02:47] [GOAL] Ivan achieved Patrol
[01:02:47] [INBOUND] Initial +2 stalkers, +2 mutants (remaining S=667 M=446)
[01:02:47] [TASK] Yuriy → ShareDrink (goal=Patrol)
[01:02:47] [TASK] Yuriy → ShareDrink (goal=Patrol)
[01:02:47] [TASK] Pavel → ShareDrink (goal=Patrol)
[01:02:47] [TASK] Andriy → ShareDrink (goal=Patrol)
[01:02:47] [TASK] Sergei → ShareDrink (goal=Patrol)
[01:02:47] [TASK] Andriy → ShareDrink (goal=Patrol)
[01:02:47] [TASK] Andriy → ShareDrink (goal=Patrol)
[01:02:48] [TASK] Ivan → ShareDrink (goal=Patrol)
[01:02:48] [INBOUND] Initial +3 stalkers, +1 mutants (remaining S=664 M=445)
[01:02:48] [CORPSE] Despawned 21 bodies (lifetime=238)
[01:02:49] [INBOUND] Initial +2 stalkers, +1 mutants (remaining S=662 M=444)
[01:02:50] [INBOUND] Initial +2 stalkers, +2 mutants (remaining S=660 M=442)
[01:02:51] [TASK] Ivan → HarvestArtifact (goal=Patrol)
[01:02:51] [GOAL] Ivan achieved Patrol
[01:02:51] [TASK] Armen → RestAtBase (goal=Patrol)
[01:02:51] [GOAL] Armen achieved Patrol
[01:02:52] [INBOUND] Initial +2 stalkers, +1 mutants (remaining S=658 M=441)
[01:02:52] [TASK] Dmytro → ShareDrink (goal=Patrol)
[01:02:52] [TASK] Ivan → ShareDrink (goal=Patrol)
[01:02:52] [TASK] Karl → ShareDrink (goal=Patrol)
[01:02:52] [TASK] Sergei → ShareDrink (goal=Patrol)
[01:02:52] [TASK] Alexei → ShareDrink (goal=Patrol)
[01:02:52] [TASK] Armen → ShareDrink (goal=Patrol)
[01:02:53] [INBOUND] Initial +2 stalkers, +2 mutants (remaining S=656 M=439)
[01:02:53] [TASK] Oleg → RestAtBase (goal=Patrol)
[01:02:53] [GOAL] Oleg achieved Patrol
[01:02:54] [TASK] Alibek → HarvestArtifact (goal=Patrol)
[01:02:54] [GOAL] Alibek achieved Patrol
[01:02:54] [INBOUND] Initial +2 stalkers, +1 mutants (remaining S=654 M=438)
[01:02:54] [GEAR] Jake looted [wpn_fn2000] via combat
[01:02:54] [TASK] Vasyl → PatrolWilds [buriakivka] (goal=Patrol)
[01:02:54] [GOAL] Vasyl achieved Patrol
[01:02:55] [TASK] Oleksiy → RestAtBase (goal=Patrol)
[01:02:55] [GOAL] Oleksiy achieved Patrol
[01:02:55] [INBOUND] Initial +2 stalkers, +1 mutants (remaining S=652 M=437)
[01:02:56] [TASK] Nikolai → RestAtBase (goal=Patrol)
[01:02:56] [GOAL] Nikolai achieved Patrol
[01:02:56] [TASK] Andriy → RestAtBase (goal=Patrol)
[01:02:56] [GOAL] Andriy achieved Patrol
[01:02:56] [INBOUND] Initial +2 stalkers, +2 mutants (remaining S=650 M=435)
[01:02:57] [TASK] Oleksiy → RestAtBase (goal=Patrol)
[01:02:57] [GOAL] Oleksiy achieved Patrol
[01:02:58] [TASK] Mykola → RestAtBase (goal=Patrol)
[01:02:58] [GOAL] Mykola achieved Patrol
[01:02:58] [INBOUND] Initial +2 stalkers, +1 mutants (remaining S=648 M=434)
[01:02:58] [SNAPSHOT] real=8.2min game=D0 00:20 alive S=223 M=243 corpses=795 lootable=460 gammaGear out=137 helm=192 avgRU=650 leaderGoals trade=8 mission=0 emission=Dormant nextIn=56gmin desperate=0 hungry=0 interval deaths=39 combats=67 tasks=63 gearLoot=2 gearBuy=0 corpseDespawn=47 trickleSpawns=0 ranks=[Rookie:220,Trainee:2,Experienced:1] goals=[Patrol::116] leaders: Oleg[Rookie/Patrol:], Taras[Rookie/Patrol:], Ivan[Rookie/Patrol:], Oleg[Rookie/Patrol:], Yuriy[Rookie/Patrol:]
[01:02:58] [GEAR] Marcus looted [wpn_fn2000, wpn_pm, arm_exo, helm_helm_exo] via combat
[01:02:58] [TASK] Alibek → TradeRun (goal=Patrol)
[01:02:58] [GOAL] Alibek achieved Patrol
[01:02:58] [TASK] Karl → TradeRun (goal=Patrol)
[01:02:58] [GOAL] Karl achieved Patrol
[01:02:58] [TASK] Vasyl → TradeRun (goal=Patrol)
[01:02:58] [GOAL] Vasyl achieved Patrol
[01:02:59] [TASK] Karl → TradeRun (goal=Patrol)
[01:02:59] [GOAL] Karl achieved Patrol
[01:02:59] [INBOUND] Initial +2 stalkers, +2 mutants (remaining S=646 M=432)
[01:02:59] [TASK] Nikolai → ShareDrink (goal=Patrol)
[01:02:59] [TASK] Mykola → ShareDrink (goal=Patrol)
[01:02:59] [TASK] Andriy → ShareDrink (goal=Patrol)
[01:02:59] [TASK] Karl → ShareDrink (goal=Patrol)
[01:02:59] [TASK] Karl → ShareDrink (goal=Patrol)
[01:02:59] [TASK] Vasyl → ShareDrink (goal=Patrol)
[01:02:59] [TASK] Damir → ShareDrink (goal=Patrol)
[01:02:59] [TASK] Andriy → ShareDrink (goal=Patrol)
[01:02:59] [TASK] Alibek → ShareDrink (goal=Patrol)
[01:02:59] [TASK] Oleksiy → ShareDrink (goal=Patrol)
[01:02:59] [TASK] Oleksiy → ShareDrink (goal=Patrol)
[01:03:00] [INBOUND] Initial +2 stalkers, +1 mutants (remaining S=644 M=431)
[01:03:00] [CORPSE] Despawned 24 bodies (lifetime=262)
[01:03:01] [INBOUND] Initial +2 stalkers, +1 mutants (remaining S=642 M=430)
[01:03:02] [GEAR] Andrei looted [helm_helm_ach7ex] via combat
[01:03:02] [TASK] Oleg → RestAtBase (goal=Patrol)
[01:03:02] [GOAL] Oleg achieved Patrol
[01:03:02] [INBOUND] Initial +2 stalkers, +2 mutants (remaining S=640 M=428)
[01:03:03] [TASK] Connor → HarvestArtifact (goal=Patrol)
[01:03:03] [GOAL] Connor achieved Patrol
[01:03:03] [GEAR] Karl looted [wpn_ak74, wpn_sg550, helm_exo] via combat
[01:03:04] [INBOUND] Initial +2 stalkers, +1 mutants (remaining S=638 M=427)
[01:03:05] [TASK] Bakhyt → TradeRun (goal=Patrol)
[01:03:05] [GOAL] Bakhyt achieved Patrol
[01:03:05] [INBOUND] Initial +3 stalkers, +1 mutants (remaining S=635 M=426)
[01:03:06] [TASK] Connor → ShareDrink (goal=Patrol)
[01:03:06] [TASK] Bakhyt → ShareDrink (goal=Patrol)
[01:03:06] [TASK] Andriy → ShareDrink (goal=Patrol)
[01:03:06] [GOAL] Andriy achieved Patrol
[01:03:06] [TASK] Pierre → ShareDrink (goal=Patrol)
[01:03:06] [TASK] Oleg → ShareDrink (goal=Patrol)
[01:03:06] [TASK] Bakhyt → TradeRun (goal=Patrol)
[01:03:06] [GOAL] Bakhyt achieved Patrol
[01:03:06] [GEAR] Mikhail looted [helm_hardhat] via combat
[01:03:06] [INBOUND] Initial +2 stalkers, +2 mutants (remaining S=633 M=424)
[01:03:07] [INBOUND] Initial +2 stalkers, +1 mutants (remaining S=631 M=423)
[01:03:08] [GEAR] Igor looted [wpn_sg550, helm_helm_metro] via combat
[01:03:08] [TASK] Armen → HarvestArtifact (goal=Patrol)
[01:03:08] [GOAL] Armen achieved Patrol
[01:03:09] [TASK] Nikolai → ShareDrink (goal=Patrol)
[01:03:09] [INBOUND] Initial +2 stalkers, +2 mutants (remaining S=629 M=421)
[01:03:09] [TASK] Zura → ShareDrink (goal=Patrol)
[01:03:09] [TASK] Viktor → ShareDrink (goal=Patrol)
[01:03:09] [TASK] Bakhyt → ShareDrink (goal=Patrol)
[01:03:09] [TASK] Andriy → ShareDrink (goal=Patrol)
[01:03:09] [GOAL] Andriy achieved Patrol
[01:03:09] [TASK] Dmytro → RestAtBase (goal=Patrol)
[01:03:09] [GOAL] Dmytro achieved Patrol
[01:03:09] [GEAR] Andrei looted [helm_helm_resp] via combat
[01:03:09] [RANK] Pavel Bondarenko 'Bullet' → Trainee
[01:03:10] [TASK] Vasyl → RestAtBase (goal=Patrol)
[01:03:10] [GOAL] Vasyl achieved Patrol
[01:03:10] [TASK] Dmitri → RestAtBase (goal=Patrol)
[01:03:10] [GOAL] Dmitri achieved Patrol
[01:03:10] [INBOUND] Initial +2 stalkers, +1 mutants (remaining S=627 M=420)
[01:03:10] [TASK] Tobias → TradeRun (goal=Patrol)
[01:03:10] [GOAL] Tobias achieved Patrol
[01:03:11] [INBOUND] Initial +2 stalkers, +1 mutants (remaining S=625 M=419)
[01:03:11] [TASK] Dmitri → ShareDrink (goal=Patrol)
[01:03:11] [TASK] Jake → ShareDrink (goal=Patrol)
[01:03:11] [TASK] Andriy → ShareDrink (goal=Patrol)
[01:03:11] [GOAL] Andriy achieved Patrol
[01:03:11] [TASK] Dmytro → ShareDrink (goal=Patrol)
[01:03:11] [TASK] Vasyl → ShareDrink (goal=Patrol)
[01:03:11] [TASK] Tobias → ShareDrink (goal=Patrol)
[01:03:12] [GEAR] Dmytro looted [wpn_ak74, arm_duty, helm_helm_battle] via combat
[01:03:12] [GEAR] Nikolai looted [wpn_ak74, wpn_pm, helm_helm_respirator_old] via combat
[01:03:12] [TASK] Viktor → TradeRun (goal=Patrol)
[01:03:12] [GOAL] Viktor achieved Patrol
[01:03:12] [INBOUND] Initial +2 stalkers, +2 mutants (remaining S=623 M=417)
[01:03:12] [CORPSE] Despawned 27 bodies (lifetime=289)
[01:03:13] [TASK] Armen → TradeRun (goal=Patrol)
[01:03:13] [GOAL] Armen achieved Patrol
[01:03:13] [GEAR] Sean looted [wpn_fn2000, helm_exo] via combat
[01:03:13] [TASK] Mikhail → RestAtBase (goal=Patrol)
[01:03:13] [GOAL] Mikhail achieved Patrol
[01:03:13] [TASK] Alexei → RestAtBase (goal=Patrol)
[01:03:13] [GOAL] Alexei achieved Patrol
[01:03:13] [INBOUND] Initial +2 stalkers, +1 mutants (remaining S=621 M=416)
[01:03:14] [TASK] Bohdan → RestAtBase (goal=Patrol)
[01:03:14] [GOAL] Bohdan achieved Patrol
[01:03:14] [INBOUND] Initial +2 stalkers, +2 mutants (remaining S=619 M=414)
[01:03:15] [TASK] Oleg → ShareDrink (goal=Patrol)
[01:03:15] [TASK] Andriy → ShareDrink (goal=Patrol)
[01:03:15] [GOAL] Andriy achieved Patrol
[01:03:15] [TASK] Viktor → ShareDrink (goal=Patrol)
[01:03:15] [TASK] Mikhail → ShareDrink (goal=Patrol)
[01:03:15] [TASK] Alexei → ShareDrink (goal=Patrol)
[01:03:16] [TASK] Armen → ShareDrink (goal=Patrol)
[01:03:16] [INBOUND] Initial +2 stalkers, +1 mutants (remaining S=617 M=413)
[01:03:17] [INBOUND] Initial +2 stalkers, +1 mutants (remaining S=615 M=412)
[01:03:17] [TASK] Armen → RestAtBase (goal=Patrol)
[01:03:17] [GOAL] Armen achieved Patrol
[01:03:17] [TASK] Dmytro → RestAtBase (goal=Patrol)
[01:03:17] [GOAL] Dmytro achieved Patrol
[01:03:17] [TASK] Oleg → TradeRun (goal=Patrol)
[01:03:17] [GOAL] Oleg achieved Patrol
[01:03:18] [GEAR] Mikhail looted [arm_freedom, helm_tactic] via combat
[01:03:18] [INBOUND] Initial +2 stalkers, +2 mutants (remaining S=613 M=410)
[01:03:18] [TASK] Andriy → ShareDrink (goal=Patrol)
[01:03:18] [GOAL] Andriy achieved Patrol
[01:03:19] [TASK] Armen → ShareDrink (goal=Patrol)
[01:03:19] [TASK] Dmytro → ShareDrink (goal=Patrol)
[01:03:19] [TASK] Bohdan → ShareDrink (goal=Patrol)
[01:03:19] [TASK] Taras → ShareDrink (goal=Patrol)
[01:03:19] [TASK] Oleg → ShareDrink (goal=Patrol)
[01:03:19] [TASK] Andriy → RestAtBase (goal=Patrol)
[01:03:19] [GOAL] Andriy achieved Patrol
[01:03:19] [INBOUND] Initial +2 stalkers, +1 mutants (remaining S=611 M=409)
[01:03:20] [RANK] Andrei Melnyk 'Ash' → Trainee
[01:03:21] [GEAR] Serhiy looted [arm_freedom] via combat
[01:03:21] [INBOUND] Initial +3 stalkers, +2 mutants (remaining S=608 M=407)
[01:03:22] [TASK] Andriy → ShareDrink (goal=Patrol)
[01:03:22] [GOAL] Andriy achieved Patrol
[01:03:22] [INBOUND] Initial +2 stalkers, +1 mutants (remaining S=606 M=406)
[01:03:22] [TASK] Andriy → ShareDrink (goal=Patrol)
[01:03:23] [TASK] Oleksiy → HarvestArtifact (goal=Patrol)
[01:03:23] [GOAL] Oleksiy achieved Patrol
[01:03:23] [TASK] Bakhyt → RestAtBase (goal=Patrol)
[01:03:23] [GOAL] Bakhyt achieved Patrol
[01:03:23] [TASK] Dmytro → TradeRun (goal=Patrol)
[01:03:23] [GOAL] Dmytro achieved Patrol
[01:03:23] [INBOUND] Initial +2 stalkers, +1 mutants (remaining S=604 M=405)
[01:03:24] [TASK] Sidorovich → RestAtBase (goal=Patrol)
[01:03:24] [GOAL] Sidorovich achieved Patrol
[01:03:24] [TASK] Damir → RestAtBase (goal=Patrol)
[01:03:24] [GOAL] Damir achieved Patrol
[01:03:25] [TASK] Igor → RestAtBase (goal=Patrol)
[01:03:25] [GOAL] Igor achieved Patrol
[01:03:25] [INBOUND] Initial +2 stalkers, +2 mutants (remaining S=602 M=403)
[01:03:25] [CORPSE] Despawned 18 bodies (lifetime=307)
[01:03:25] [TASK] Serhiy → PatrolWilds [hospital] (goal=Patrol)
[01:03:25] [GOAL] Serhiy achieved Patrol
[01:03:25] [TASK] Vasyl → RestAtBase (goal=Patrol)
[01:03:25] [GOAL] Vasyl achieved Patrol
[01:03:26] [TASK] Damir → ShareDrink (goal=Patrol)
[01:03:26] [TASK] Oleksiy → ShareDrink (goal=Patrol)
[01:03:26] [TASK] Bakhyt → ShareDrink (goal=Patrol)
[01:03:26] [TASK] Sidorovich → ShareDrink (goal=Patrol)
[01:03:26] [INBOUND] Initial +2 stalkers, +1 mutants (remaining S=600 M=402)
[01:03:27] [TASK] Dmytro → HarvestArtifact (goal=Patrol)
[01:03:27] [GOAL] Dmytro achieved Patrol
[01:03:27] [TASK] Alexei → RestAtBase (goal=Patrol)
[01:03:27] [GOAL] Alexei achieved Patrol
[01:03:28] [INBOUND] Initial +2 stalkers, +1 mutants (remaining S=598 M=401)
[01:03:29] [TASK] Nikolai → ShareDrink (goal=Patrol)
[01:03:29] [TASK] Dmytro → ShareDrink (goal=Patrol)
[01:03:29] [TASK] Andriy → ShareDrink (goal=Patrol)
[01:03:29] [GOAL] Andriy achieved Patrol
[01:03:29] [TASK] Alexei → ShareDrink (goal=Patrol)
[01:03:29] [TASK] Lars → ShareDrink (goal=Patrol)
[01:03:29] [TASK] Igor → ShareDrink (goal=Patrol)
[01:03:29] [TASK] Vasyl → ShareDrink (goal=Patrol)
[01:03:29] [TASK] Mikhail → ShareDrink (goal=Patrol)
[01:03:29] [INBOUND] Initial +2 stalkers, +2 mutants (remaining S=596 M=399)
[01:03:29] [SNAPSHOT] real=8.7min game=D0 00:21 alive S=221 M=252 corpses=806 lootable=465 gammaGear out=135 helm=199 avgRU=650 leaderGoals trade=3 mission=0 emission=Dormant nextIn=55gmin desperate=0 hungry=0 interval deaths=54 combats=80 tasks=85 gearLoot=11 gearBuy=0 corpseDespawn=69 trickleSpawns=0 ranks=[Rookie:216,Trainee:4,Experienced:1] goals=[Patrol::118] leaders: Oleg[Rookie/Patrol:], Taras[Rookie/Patrol:], Ivan[Rookie/Patrol:], Oleg[Rookie/Patrol:], Igor[Rookie/Patrol:]
[01:03:29] [TASK] Andriy → RestAtBase (goal=Patrol)
[01:03:29] [GOAL] Andriy achieved Patrol
[01:03:30] [INBOUND] Initial +2 stalkers, +1 mutants (remaining S=594 M=398)
[01:03:30] [TASK] Giorgi → RestAtBase (goal=Patrol)
[01:03:30] [GOAL] Giorgi achieved Patrol
[01:03:31] [GEAR] Taras looted [wpn_fn2000, wpn_sg550, arm_exo, helm_helm_exo] via combat
[01:03:31] [INBOUND] Initial +2 stalkers, +2 mutants (remaining S=592 M=396)
[01:03:32] [GEAR] Andrei looted [wpn_fn2000, wpn_sg550] via combat
[01:03:32] [TASK] Ivan → TradeRun (goal=Patrol)
[01:03:32] [GOAL] Ivan achieved Patrol
[01:03:33] [TASK] Taras → TradeRun (goal=Patrol)
[01:03:33] [GOAL] Taras achieved Patrol
[01:03:33] [TASK] Dmitri → RestAtBase (goal=Patrol)
[01:03:33] [GOAL] Dmitri achieved Patrol
[01:03:33] [TASK] Ivan → ShareDrink (goal=Patrol)
[01:03:33] [TASK] Andriy → ShareDrink (goal=Patrol)
[01:03:33] [TASK] Andriy → ShareDrink (goal=Patrol)
[01:03:33] [TASK] Bohdan → ShareDrink (goal=Patrol)
[01:03:33] [TASK] Mikhail → ShareDrink (goal=Patrol)
[01:03:33] [TASK] Andriy → ShareDrink (goal=Patrol)
[01:03:33] [GOAL] Andriy achieved Patrol
[01:03:33] [INBOUND] Initial +2 stalkers, +1 mutants (remaining S=590 M=395)
[01:03:33] [TASK] Mykola → RestAtBase (goal=Patrol)
[01:03:33] [GOAL] Mykola achieved Patrol
[01:03:33] [TASK] Sergei → RestAtBase (goal=Patrol)
[01:03:33] [GOAL] Sergei achieved Patrol
[01:03:33] [GEAR] Ivan looted [wpn_ak74, wpn_pm, helm_helm_respirator_old] via combat
[01:03:34] [TASK] Sergei → ShareDrink (goal=Patrol)
[01:03:34] [TASK] Vasyl → ShareDrink (goal=Patrol)
[01:03:34] [TASK] Andriy → ShareDrink (goal=Patrol)
[01:03:34] [GOAL] Andriy achieved Patrol
[01:03:34] [TASK] Taras → ShareDrink (goal=Patrol)
[01:03:34] [TASK] Giorgi → ShareDrink (goal=Patrol)
[01:03:34] [TASK] Mykola → ShareDrink (goal=Patrol)
[01:03:34] [INBOUND] Initial +2 stalkers, +1 mutants (remaining S=588 M=394)
[01:03:34] [TASK] Dmitri → ShareDrink (goal=Patrol)
[01:03:34] [GEAR] Sergei looted [wpn_ak74, wpn_fort12, helm_helm_hardhat] via combat
[01:03:35] [TASK] Dmitri → RestAtBase (goal=Patrol)
[01:03:35] [GOAL] Dmitri achieved Patrol
[01:03:35] [INBOUND] Initial +2 stalkers, +2 mutants (remaining S=586 M=392)
[01:03:36] [INBOUND] Initial +2 stalkers, +1 mutants (remaining S=584 M=391)
[01:03:37] [GEAR] Serhiy looted [wpn_fn2000, wpn_pm, helm_helm_exo] via combat
[01:03:37] [INBOUND] Initial +3 stalkers, +2 mutants (remaining S=581 M=389)
[01:03:37] [CORPSE] Despawned 17 bodies (lifetime=324)
[01:03:37] [TASK] Igor → RestAtBase (goal=Patrol)
[01:03:37] [GOAL] Igor achieved Patrol
[01:03:38] [TASK] Andrei → TradeRun (goal=Patrol)
[01:03:38] [GOAL] Andrei achieved Patrol
[01:03:38] [INBOUND] Initial +2 stalkers, +1 mutants (remaining S=579 M=388)
[01:03:39] [TASK] Andriy → ShareDrink (goal=Patrol)
[01:03:39] [GOAL] Andriy achieved Patrol
[01:03:40] [INBOUND] Initial +2 stalkers, +1 mutants (remaining S=577 M=387)
[01:03:40] [TASK] Dmitri → ShareDrink (goal=Patrol)
[01:03:40] [TASK] Oleg → RestAtBase (goal=Patrol)
[01:03:40] [GOAL] Oleg achieved Patrol
[01:03:40] [TASK] Marcus → ShareDrink (goal=Patrol)
[01:03:40] [TASK] Bohdan → ShareDrink (goal=Patrol)
[01:03:40] [TASK] Andrei → ShareDrink (goal=Patrol)
[01:03:40] [GEAR] Giorgi looted [wpn_pm] via combat
[01:03:40] [TASK] Yuriy → RestAtBase (goal=Patrol)
[01:03:40] [GOAL] Yuriy achieved Patrol
[01:03:40] [GEAR] Viktor looted [wpn_pm] via combat
[01:03:41] [INBOUND] Initial +2 stalkers, +2 mutants (remaining S=575 M=385)
[01:03:41] [TASK] Dmitri → TradeRun (goal=Patrol)
[01:03:41] [GOAL] Dmitri achieved Patrol
[01:03:41] [GEAR] Oleg looted [wpn_aksu] via combat
[01:03:41] [TASK] Vasyl → PatrolWilds [wild_territory] (goal=Patrol)
[01:03:41] [GOAL] Vasyl achieved Patrol
[01:03:42] [INBOUND] Initial +2 stalkers, +1 mutants (remaining S=573 M=384)
[01:03:43] [TASK] Dmitri → TradeRun (goal=Patrol)
[01:03:43] [GOAL] Dmitri achieved Patrol
[01:03:43] [TASK] Andriy → ShareDrink (goal=Patrol)
[01:03:43] [GOAL] Andriy achieved Patrol
[01:03:43] [TASK] Yuriy → ShareDrink (goal=Patrol)
[01:03:43] [INBOUND] Initial +2 stalkers, +2 mutants (remaining S=571 M=382)
[01:03:44] [TASK] Oleg → RestAtBase (goal=Patrol)
[01:03:44] [GOAL] Oleg achieved Patrol
[01:03:44] [GEAR] Taras looted [wpn_fn2000, wpn_fort12, arm_exo, helm_helm_battle] via combat
[01:03:44] [GEAR] Connor looted [wpn_fn2000] via combat
[01:03:45] [TASK] Dmitri → ShareDrink (goal=Patrol)
[01:03:45] [TASK] Oleg → ShareDrink (goal=Patrol)
[01:03:45] [TASK] Andriy → ShareDrink (goal=Patrol)
[01:03:45] [TASK] Dmitri → ShareDrink (goal=Patrol)
[01:03:45] [TASK] Andriy → ShareDrink (goal=Patrol)
[01:03:45] [GOAL] Andriy achieved Patrol
[01:03:45] [INBOUND] Initial +2 stalkers, +1 mutants (remaining S=569 M=381)
[01:03:45] [TASK] Oleg → ShareDrink (goal=Patrol)
[01:03:45] [TASK] Pavel → RestAtBase (goal=Patrol)
[01:03:45] [GOAL] Pavel achieved Patrol
[01:03:45] [TASK] Tobias → TradeRun (goal=Patrol)
[01:03:45] [GOAL] Tobias achieved Patrol
[01:03:46] [INBOUND] Initial +2 stalkers, +1 mutants (remaining S=567 M=380)
[01:03:46] [TASK] Dmytro → RestAtBase (goal=Patrol)
[01:03:46] [GOAL] Dmytro achieved Patrol
[01:03:47] [INBOUND] Initial +2 stalkers, +2 mutants (remaining S=565 M=378)
[01:03:48] [TASK] Tobias → ShareDrink (goal=Patrol)
[01:03:48] [TASK] Pavel → ShareDrink (goal=Patrol)
[01:03:48] [TASK] Andriy → ShareDrink (goal=Patrol)
[01:03:48] [GOAL] Andriy achieved Patrol
[01:03:48] [INBOUND] Initial +2 stalkers, +1 mutants (remaining S=563 M=377)
[01:03:48] [TASK] Dmytro → ShareDrink (goal=Patrol)
[01:03:48] [TASK] Alexei → RestAtBase (goal=Patrol)
[01:03:48] [GOAL] Alexei achieved Patrol
[01:03:49] [RANK] Oleg Kovalenko 'Bullet' → Trainee
[01:03:49] [INBOUND] Initial +2 stalkers, +1 mutants (remaining S=561 M=376)
[01:03:49] [CORPSE] Despawned 20 bodies (lifetime=344)
[01:03:50] [TASK] Andrei → ShareDrink (goal=Patrol)
[01:03:50] [TASK] Andriy → ShareDrink (goal=Patrol)
[01:03:50] [GOAL] Andriy achieved Patrol
[01:03:50] [INBOUND] Initial +2 stalkers, +2 mutants (remaining S=559 M=374)
[01:03:50] [TASK] Alexei → ShareDrink (goal=Patrol)
[01:03:51] [TASK] Yuriy → RestAtBase (goal=Patrol)
[01:03:51] [GOAL] Yuriy achieved Patrol
[01:03:51] [TASK] Oleksiy → RestAtBase (goal=Patrol)
[01:03:51] [GOAL] Oleksiy achieved Patrol
[01:03:51] [INBOUND] Initial +2 stalkers, +1 mutants (remaining S=557 M=373)
[01:03:52] [TASK] Yuriy → RestAtBase (goal=Patrol)
[01:03:52] [GOAL] Yuriy achieved Patrol
[01:03:52] [TASK] Igor → HarvestArtifact (goal=Patrol)
[01:03:52] [GOAL] Igor achieved Patrol
[01:03:52] [TASK] Igor → TradeRun (goal=Patrol)
[01:03:52] [GOAL] Igor achieved Patrol
[01:03:52] [INBOUND] Initial +2 stalkers, +2 mutants (remaining S=555 M=371)
[01:03:53] [TASK] Andriy → RestAtBase (goal=Patrol)
[01:03:53] [GOAL] Andriy achieved Patrol
[01:03:53] [GEAR] Ivan looted [wpn_fn2000, wpn_pm, arm_freedom, helm_helm_exo] via combat
[01:03:53] [TASK] Andriy → ShareDrink (goal=Patrol)
[01:03:53] [TASK] Oleksiy → ShareDrink (goal=Patrol)
[01:03:53] [TASK] Yuriy → ShareDrink (goal=Patrol)
[01:03:54] [TASK] Igor → ShareDrink (goal=Patrol)
[01:03:54] [TASK] Yuriy → ShareDrink (goal=Patrol)
[01:03:54] [TASK] Serhiy → ShareDrink (goal=Patrol)
[01:03:54] [TASK] Andriy → ShareDrink (goal=Patrol)
[01:03:54] [GOAL] Andriy achieved Patrol
[01:03:54] [INBOUND] Initial +3 stalkers, +1 mutants (remaining S=552 M=370)
[01:03:54] [TASK] Igor → TradeRun (goal=Patrol)
[01:03:54] [GOAL] Igor achieved Patrol
[01:03:54] [GEAR] Alexei looted [wpn_pm] via combat
[01:03:55] [TASK] Serhiy → TradeRun (goal=Patrol)
[01:03:55] [GOAL] Serhiy achieved Patrol
[01:03:55] [INBOUND] Initial +2 stalkers, +1 mutants (remaining S=550 M=369)
[01:03:55] [GEAR] Yuriy looted [wpn_ak74] via combat
[01:03:55] [TASK] Bohdan → RestAtBase (goal=Patrol)
[01:03:55] [GOAL] Bohdan achieved Patrol
[01:03:56] [INBOUND] Initial +2 stalkers, +2 mutants (remaining S=548 M=367)
[01:03:57] [TASK] Viktor → ShareDrink (goal=Patrol)
[01:03:57] [TASK] Serhiy → ShareDrink (goal=Patrol)
[01:03:57] [TASK] Andriy → ShareDrink (goal=Patrol)
[01:03:57] [GOAL] Andriy achieved Patrol
[01:03:57] [TASK] Mykola → RestAtBase (goal=Patrol)
[01:03:57] [GOAL] Mykola achieved Patrol
[01:03:57] [TASK] Bohdan → ShareDrink (goal=Patrol)
[01:03:57] [TASK] Igor → ShareDrink (goal=Patrol)
[01:03:57] [TASK] Viktor → ShareDrink (goal=Patrol)
[01:03:57] [INBOUND] Initial +2 stalkers, +1 mutants (remaining S=546 M=366)
[01:03:58] [TASK] Timur → RestAtBase (goal=Patrol)
[01:03:58] [GOAL] Timur achieved Patrol
[01:03:58] [INBOUND] Initial +2 stalkers, +2 mutants (remaining S=544 M=364)
[01:04:00] [INBOUND] Initial +2 stalkers, +1 mutants (remaining S=542 M=363)
[01:04:00] [SNAPSHOT] real=9.2min game=D0 00:22 alive S=226 M=263 corpses=843 lootable=482 gammaGear out=135 helm=195 avgRU=650 leaderGoals trade=2 mission=0 emission=Dormant nextIn=54gmin desperate=0 hungry=0 interval deaths=49 combats=74 tasks=77 gearLoot=13 gearBuy=0 corpseDespawn=37 trickleSpawns=0 ranks=[Rookie:220,Trainee:5,Experienced:1] goals=[Patrol::120] leaders: Oleg[Rookie/Patrol:], Taras[Rookie/Patrol:], Ivan[Rookie/Patrol:], Oleg[Rookie/Patrol:], Bohdan[Rookie/Patrol:]
[01:04:00] [TASK] Sergei → RestAtBase (goal=Patrol)
[01:04:00] [GOAL] Sergei achieved Patrol
[01:04:01] [INBOUND] Initial +2 stalkers, +1 mutants (remaining S=540 M=362)
[01:04:01] [CORPSE] Despawned 21 bodies (lifetime=365)
[01:04:01] [TASK] Frank → ShareDrink (goal=Patrol)
[01:04:01] [TASK] Mikhail → ShareDrink (goal=Patrol)
[01:04:01] [TASK] Nikolai → TradeRun (goal=Patrol)
[01:04:01] [GOAL] Nikolai achieved Patrol
[01:04:01] [TASK] Andriy → ShareDrink (goal=Patrol)
[01:04:01] [GOAL] Andriy achieved Patrol
[01:04:01] [TASK] Mykola → ShareDrink (goal=Patrol)
[01:04:01] [TASK] Timur → ShareDrink (goal=Patrol)
[01:04:01] [TASK] Sergei → ShareDrink (goal=Patrol)
[01:04:02] [TASK] Dmitri → RestAtBase (goal=Patrol)
[01:04:02] [GOAL] Dmitri achieved Patrol
[01:04:02] [TASK] Andriy → RestAtBase (goal=Patrol)
[01:04:02] [GOAL] Andriy achieved Patrol
[01:04:02] [TASK] Serhiy → RestAtBase (goal=Patrol)
[01:04:02] [GOAL] Serhiy achieved Patrol
[01:04:02] [INBOUND] Initial +2 stalkers, +2 mutants (remaining S=538 M=360)
[01:04:03] [GEAR] Serhiy looted [wpn_fn2000, out_military_monolit_outfit] via combat
[01:04:03] [TASK] Dmitri → ShareDrink (goal=Patrol)
[01:04:03] [TASK] Andriy → ShareDrink (goal=Patrol)
[01:04:03] [TASK] Nikolai → ShareDrink (goal=Patrol)
[01:04:03] [TASK] Andriy → ShareDrink (goal=Patrol)
[01:04:03] [GOAL] Andriy achieved Patrol
[01:04:03] [TASK] Serhiy → ShareDrink (goal=Patrol)
[01:04:03] [RANK] Igor Melnyk 'Phantom' → Experienced
[01:04:04] [INBOUND] Initial +2 stalkers, +1 mutants (remaining S=536 M=359)
[01:04:05] [INBOUND] Initial +2 stalkers, +2 mutants (remaining S=534 M=357)
[01:04:06] [INBOUND] Initial +2 stalkers, +1 mutants (remaining S=532 M=356)
[01:04:07] [GEAR] Andriy looted [wpn_pm] via combat
[01:04:07] [TASK] Mikhail → RestAtBase (goal=Patrol)
[01:04:07] [GOAL] Mikhail achieved Patrol
[01:04:08] [INBOUND] Initial +2 stalkers, +1 mutants (remaining S=530 M=355)
[01:04:09] [INBOUND] Initial +2 stalkers, +2 mutants (remaining S=528 M=353)
[01:04:10] [TASK] Frank → ShareDrink (goal=Patrol)
[01:04:10] [TASK] Oleg → ShareDrink (goal=Patrol)
[01:04:10] [TASK] Andriy → ShareDrink (goal=Patrol)
[01:04:10] [GOAL] Andriy achieved Patrol
[01:04:10] [TASK] Mikhail → ShareDrink (goal=Patrol)
[01:04:10] [TASK] Vasyl → ShareDrink (goal=Patrol)
[01:04:10] [TASK] Alibek → RestAtBase (goal=Patrol)
[01:04:10] [GOAL] Alibek achieved Patrol
[01:04:10] [INBOUND] Initial +3 stalkers, +1 mutants (remaining S=525 M=352)
[01:04:10] [TASK] Tobias → TradeRun (goal=Patrol)
[01:04:10] [GOAL] Tobias achieved Patrol
[01:04:11] [TASK] Andrei → TradeRun (goal=Patrol)
[01:04:11] [GOAL] Andrei achieved Patrol
[01:04:11] [INBOUND] Initial +2 stalkers, +1 mutants (remaining S=523 M=351)
[01:04:12] [RANK] Nikolai Shevchenko 'Razor' → Trainee
[01:04:12] [TASK] Igor → ShareDrink (goal=Patrol)
[01:04:12] [TASK] Andriy → ShareDrink (goal=Patrol)
[01:04:12] [GOAL] Andriy achieved Patrol
[01:04:12] [TASK] Alibek → ShareDrink (goal=Patrol)
[01:04:12] [TASK] Oleg → ShareDrink (goal=Patrol)
[01:04:12] [TASK] Tobias → ShareDrink (goal=Patrol)
[01:04:12] [TASK] Andrei → ShareDrink (goal=Patrol)
[01:04:12] [TASK] Jake → ShareDrink (goal=Patrol)
[01:04:13] [INBOUND] Initial +2 stalkers, +2 mutants (remaining S=521 M=349)
[01:04:13] [GEAR] Andrei looted [helm_helm_ach7ex] via combat
[01:04:13] [TASK] Oleksiy → RestAtBase (goal=Patrol)
[01:04:13] [GOAL] Oleksiy achieved Patrol
[01:04:14] [INBOUND] Initial +2 stalkers, +1 mutants (remaining S=519 M=348)
[01:04:14] [CORPSE] Despawned 20 bodies (lifetime=385)
[01:04:15] [INBOUND] Initial +2 stalkers, +2 mutants (remaining S=517 M=346)
[01:04:16] [TASK] Sidorovich → RestAtBase (goal=Patrol)
[01:04:16] [GOAL] Sidorovich achieved Patrol
[01:04:16] [INBOUND] Initial +2 stalkers, +1 mutants (remaining S=515 M=345)
[01:04:17] [TASK] Zura → RestAtBase (goal=Patrol)
[01:04:17] [GOAL] Zura achieved Patrol
[01:04:17] [GEAR] Bakhyt looted [wpn_svd, wpn_sg550, helm_helm_metro] via combat
[01:04:18] [INBOUND] Initial +2 stalkers, +1 mutants (remaining S=513 M=344)
[01:04:18] [TASK] Taras → TradeRun (goal=Patrol)
[01:04:18] [GOAL] Taras achieved Patrol
[01:04:19] [INBOUND] Initial +2 stalkers, +2 mutants (remaining S=511 M=342)
[01:04:20] [TASK] Tobias → RestAtBase (goal=Patrol)
[01:04:20] [GOAL] Tobias achieved Patrol
[01:04:20] [TASK] Vasyl → ShareDrink (goal=Patrol)
[01:04:20] [TASK] Taras → ShareDrink (goal=Patrol)
[01:04:20] [INBOUND] Initial +2 stalkers, +1 mutants (remaining S=509 M=341)
[01:04:20] [TASK] Mykola → RestAtBase (goal=Patrol)
[01:04:20] [GOAL] Mykola achieved Patrol
[01:04:21] [TASK] Mykola → RestAtBase (goal=Patrol)
[01:04:21] [GOAL] Mykola achieved Patrol
[01:04:21] [TASK] Zura → ShareDrink (goal=Patrol)
[01:04:21] [TASK] Andriy → ShareDrink (goal=Patrol)
[01:04:21] [GOAL] Andriy achieved Patrol
[01:04:21] [TASK] Mykola → ShareDrink (goal=Patrol)
[01:04:21] [TASK] Oleksiy → ShareDrink (goal=Patrol)
[01:04:21] [TASK] Sidorovich → ShareDrink (goal=Patrol)
[01:04:21] [INBOUND] Initial +2 stalkers, +2 mutants (remaining S=507 M=339)
[01:04:21] [TASK] Mykola → ShareDrink (goal=Patrol)
[01:04:21] [GEAR] Serhiy looted [wpn_sg550, helm_helm_battle] via combat
[01:04:22] [RANK] Bakhyt Volkov 'Bone' → Trainee
[01:04:22] [INBOUND] Initial +2 stalkers, +1 mutants (remaining S=505 M=338)
[01:04:22] [TASK] Nikolai → ShareDrink (goal=Patrol)
[01:04:22] [TASK] Andriy → ShareDrink (goal=Patrol)
[01:04:22] [GOAL] Andriy achieved Patrol
[01:04:23] [TASK] Karl → ShareDrink (goal=Patrol)
[01:04:23] [TASK] Tobias → ShareDrink (goal=Patrol)
[01:04:23] [TASK] Dmytro → ShareDrink (goal=Patrol)
[01:04:23] [GEAR] Yuriy looted [wpn_ak74, out_monolith_exolight_outfit] via combat
[01:04:23] [TASK] Igor → RestAtBase (goal=Patrol)
[01:04:23] [GOAL] Igor achieved Patrol
[01:04:23] [INBOUND] Initial +2 stalkers, +1 mutants (remaining S=503 M=337)
[01:04:24] [TASK] Mykola → RestAtBase (goal=Patrol)
[01:04:24] [GOAL] Mykola achieved Patrol
[01:04:25] [INBOUND] Initial +2 stalkers, +2 mutants (remaining S=501 M=335)
[01:04:25] [TASK] Mykola → TradeRun (goal=Patrol)
[01:04:25] [GOAL] Mykola achieved Patrol
[01:04:26] [INBOUND] Initial +3 stalkers, +1 mutants (remaining S=498 M=334)
[01:04:26] [CORPSE] Despawned 27 bodies (lifetime=412)
[01:04:26] [TASK] Andriy → ShareDrink (goal=Patrol)
[01:04:26] [GOAL] Andriy achieved Patrol
[01:04:26] [TASK] Mykola → ShareDrink (goal=Patrol)
[01:04:27] [TASK] Igor → ShareDrink (goal=Patrol)
[01:04:27] [TASK] Mykola → ShareDrink (goal=Patrol)
[01:04:27] [INBOUND] Initial +2 stalkers, +2 mutants (remaining S=496 M=332)
[01:04:28] [TASK] Andriy → RestAtBase (goal=Patrol)
[01:04:28] [GOAL] Andriy achieved Patrol
[01:04:28] [INBOUND] Initial +2 stalkers, +1 mutants (remaining S=494 M=331)
[01:04:29] [TASK] Sean → TradeRun (goal=Patrol)
[01:04:29] [GOAL] Sean achieved Patrol
[01:04:29] [TASK] Sean → RestAtBase (goal=Patrol)
[01:04:29] [GOAL] Sean achieved Patrol
[01:04:29] [INBOUND] Initial +2 stalkers, +1 mutants (remaining S=492 M=330)
[01:04:30] [TASK] Sean → ShareDrink (goal=Patrol)
[01:04:30] [TASK] Nikolai → ShareDrink (goal=Patrol)
[01:04:30] [TASK] Andriy → ShareDrink (goal=Patrol)
[01:04:30] [GOAL] Andriy achieved Patrol
[01:04:30] [TASK] Giorgi → ShareDrink (goal=Patrol)
[01:04:30] [TASK] Taras → ShareDrink (goal=Patrol)
[01:04:30] [TASK] Sean → ShareDrink (goal=Patrol)
[01:04:30] [TASK] Andriy → ShareDrink (goal=Patrol)
[01:04:30] [GEAR] Damir looted [wpn_sg550, helm_helm_exo] via combat
[01:04:30] [TASK] Yuriy → RestAtBase (goal=Patrol)
[01:04:30] [GOAL] Yuriy achieved Patrol
[01:04:30] [TASK] Dmitri → RestAtBase (goal=Patrol)
[01:04:30] [GOAL] Dmitri achieved Patrol
[01:04:30] [INBOUND] Initial +2 stalkers, +2 mutants (remaining S=490 M=328)
[01:04:30] [SNAPSHOT] real=9.7min game=D0 00:24 alive S=238 M=267 corpses=846 lootable=467 gammaGear out=143 helm=206 avgRU=650 leaderGoals trade=1 mission=0 emission=Dormant nextIn=52gmin desperate=0 hungry=0 interval deaths=40 combats=71 tasks=71 gearLoot=7 gearBuy=0 corpseDespawn=68 trickleSpawns=0 ranks=[Rookie:230,Trainee:6,Experienced:2] goals=[Patrol::128] leaders: Taras[Rookie/Patrol:], Ivan[Rookie/Patrol:], Oleg[Rookie/Patrol:], Bohdan[Rookie/Patrol:], Sergei[Rookie/Patrol:]
[01:04:32] [INBOUND] Initial +2 stalkers, +1 mutants (remaining S=488 M=327)
[01:04:32] [TASK] Andriy → ShareDrink (goal=Patrol)
[01:04:32] [GOAL] Andriy achieved Patrol
[01:04:32] [TASK] Yuriy → ShareDrink (goal=Patrol)
[01:04:32] [TASK] Dmitri → ShareDrink (goal=Patrol)
[01:04:32] [TASK] Pierre → ShareDrink (goal=Patrol)
[01:04:32] [TASK] Taras → RestAtBase (goal=Patrol)
[01:04:32] [GOAL] Taras achieved Patrol
[01:04:33] [INBOUND] Initial +2 stalkers, +1 mutants (remaining S=486 M=326)
[01:04:33] [TASK] Pavel → TradeRun (goal=Patrol)
[01:04:33] [GOAL] Pavel achieved Patrol
[01:04:33] [TASK] Ivan → PatrolWilds [kopachi] (goal=Patrol)
[01:04:33] [GOAL] Ivan achieved Patrol
[01:04:34] [GEAR] Dmytro looted [wpn_ak74, arm_exo] via combat
[01:04:34] [INBOUND] Initial +2 stalkers, +2 mutants (remaining S=484 M=324)
[01:04:34] [GEAR] Oleksiy looted [wpn_mp5, arm_freedom, helm_helm_ach7ex] via combat
[01:04:35] [INBOUND] Initial +2 stalkers, +1 mutants (remaining S=482 M=323)
[01:04:36] [TASK] Andriy → ShareDrink (goal=Patrol)
[01:04:36] [GOAL] Andriy achieved Patrol
[01:04:36] [TASK] Taras → ShareDrink (goal=Patrol)
[01:04:36] [TASK] Pavel → ShareDrink (goal=Patrol)
[01:04:36] [TASK] Oleg → ShareDrink (goal=Patrol)
[01:04:36] [TASK] Bohdan → RestAtBase (goal=Patrol)
[01:04:36] [GOAL] Bohdan achieved Patrol
[01:04:36] [GEAR] Dmitri looted [wpn_sg550, out_exolight_outfit] via combat
[01:04:36] [TASK] Vasyl → RestAtBase (goal=Patrol)
[01:04:36] [GOAL] Vasyl achieved Patrol
[01:04:36] [INBOUND] Initial +2 stalkers, +2 mutants (remaining S=480 M=321)
[01:04:38] [INBOUND] Initial +2 stalkers, +1 mutants (remaining S=478 M=320)
[01:04:38] [CORPSE] Despawned 24 bodies (lifetime=436)
[01:04:38] [TASK] Andriy → ShareDrink (goal=Patrol)
[01:04:38] [GOAL] Andriy achieved Patrol
[01:04:38] [TASK] Bohdan → ShareDrink (goal=Patrol)
[01:04:38] [TASK] Vasyl → ShareDrink (goal=Patrol)
[01:04:38] [TASK] Ivan → ShareDrink (goal=Patrol)
[01:04:39] [TASK] Taras → RestAtBase (goal=Patrol)
[01:04:39] [GOAL] Taras achieved Patrol
[01:04:39] [INBOUND] Initial +2 stalkers, +1 mutants (remaining S=476 M=319)
[01:04:39] [TASK] Yuriy → PatrolWilds [buriakivka] (goal=Patrol)
[01:04:39] [GOAL] Yuriy achieved Patrol
[01:04:40] [TASK] Serhiy → TradeRun (goal=Patrol)
[01:04:40] [GOAL] Serhiy achieved Patrol
[01:04:40] [INBOUND] Initial +2 stalkers, +2 mutants (remaining S=474 M=317)
[01:04:41] [TASK] Nikolai → RestAtBase (goal=Patrol)
[01:04:41] [GOAL] Nikolai achieved Patrol
[01:04:41] [RANK] Andriy Shevchenko 'Phantom' → Trainee
[01:04:42] [INBOUND] Initial +2 stalkers, +1 mutants (remaining S=472 M=316)
[01:04:42] [TASK] Vasyl → PatrolWilds [zaton] (goal=Patrol)
[01:04:42] [GOAL] Vasyl achieved Patrol
[01:04:42] [TASK] Taras → ShareDrink (goal=Patrol)
[01:04:42] [TASK] Nikolai → ShareDrink (goal=Patrol)
[01:04:42] [TASK] Serhiy → ShareDrink (goal=Patrol)
[01:04:42] [TASK] Taras → ShareDrink (goal=Patrol)
[01:04:42] [TASK] Andriy → ShareDrink (goal=Patrol)
[01:04:42] [GOAL] Andriy achieved Patrol
[01:04:43] [INBOUND] Initial +3 stalkers, +2 mutants (remaining S=469 M=314)
[01:04:43] [TASK] Karl → RestAtBase (goal=Patrol)
[01:04:43] [GOAL] Karl achieved Patrol
[01:04:44] [TASK] Andriy → RestAtBase (goal=Patrol)
[01:04:44] [GOAL] Andriy achieved Patrol
[01:04:44] [GEAR] Vasyl looted [wpn_pm, out_stalker_tigerstripe_outfit, helm_helm_respirator_gp5] via combat
[01:04:44] [INBOUND] Initial +2 stalkers, +1 mutants (remaining S=467 M=313)
[01:04:45] [RANK] Vasyl Ivanov 'Badger' → Trainee
[01:04:45] [GEAR] Alibek looted [wpn_fn2000, wpn_pm, out_military_monolit_outfit, helm_helm_protective] via combat
[01:04:46] [INBOUND] Initial +2 stalkers, +1 mutants (remaining S=465 M=312)
[01:04:46] [TASK] Karl → ShareDrink (goal=Patrol)
[01:04:46] [TASK] Andriy → ShareDrink (goal=Patrol)
[01:04:46] [GOAL] Andriy achieved Patrol
[01:04:46] [TASK] Ivan → ShareDrink (goal=Patrol)
[01:04:46] [TASK] Andriy → ShareDrink (goal=Patrol)
[01:04:47] [INBOUND] Initial +2 stalkers, +2 mutants (remaining S=463 M=310)
[01:04:48] [INBOUND] Initial +2 stalkers, +1 mutants (remaining S=461 M=309)
[01:04:49] [TASK] Dmytro → RestAtBase (goal=Patrol)
[01:04:49] [GOAL] Dmytro achieved Patrol
[01:04:49] [INBOUND] Initial +2 stalkers, +2 mutants (remaining S=459 M=307)
[01:04:50] [TASK] Yuriy → RestAtBase (goal=Patrol)
[01:04:50] [GOAL] Yuriy achieved Patrol
[01:04:50] [TASK] Ivan → RestAtBase (goal=Patrol)
[01:04:50] [GOAL] Ivan achieved Patrol
[01:04:50] [TASK] Andriy → RestAtBase (goal=Patrol)
[01:04:50] [GOAL] Andriy achieved Patrol
[01:04:51] [INBOUND] Initial +2 stalkers, +1 mutants (remaining S=457 M=306)
[01:04:51] [CORPSE] Despawned 24 bodies (lifetime=460)
[01:04:51] [GEAR] Serhiy looted [arm_duty] via combat
[01:04:52] [TASK] Andriy → ShareDrink (goal=Patrol)
[01:04:52] [TASK] Taras → ShareDrink (goal=Patrol)
[01:04:52] [TASK] Andriy → ShareDrink (goal=Patrol)
[01:04:52] [GOAL] Andriy achieved Patrol
[01:04:52] [TASK] Dmytro → ShareDrink (goal=Patrol)
[01:04:52] [TASK] Yuriy → ShareDrink (goal=Patrol)
[01:04:52] [TASK] Serhiy → ShareDrink (goal=Patrol)
[01:04:52] [TASK] Ivan → ShareDrink (goal=Patrol)
[01:04:52] [INBOUND] Initial +2 stalkers, +1 mutants (remaining S=455 M=305)
[01:04:52] [TASK] Frank → RestAtBase (goal=Patrol)
[01:04:52] [GOAL] Frank achieved Patrol
[01:04:53] [TASK] Ivan → PatrolWilds [jupiter] (goal=Patrol)
[01:04:53] [GOAL] Ivan achieved Patrol
[01:04:54] [INBOUND] Initial +2 stalkers, +2 mutants (remaining S=453 M=303)
[01:04:54] [TASK] Connor → RestAtBase (goal=Patrol)
[01:04:54] [GOAL] Connor achieved Patrol
[01:04:54] [TASK] Bakhyt → RestAtBase (goal=Patrol)
[01:04:54] [GOAL] Bakhyt achieved Patrol
[01:04:55] [INBOUND] Initial +2 stalkers, +1 mutants (remaining S=451 M=302)
[01:04:56] [TASK] Andriy → ShareDrink (goal=Patrol)
[01:04:56] [GOAL] Andriy achieved Patrol
[01:04:56] [TASK] Dmytro → ShareDrink (goal=Patrol)
[01:04:56] [TASK] Frank → ShareDrink (goal=Patrol)
[01:04:56] [TASK] Connor → ShareDrink (goal=Patrol)
[01:04:56] [TASK] Vasyl → ShareDrink (goal=Patrol)
[01:04:56] [TASK] Bakhyt → ShareDrink (goal=Patrol)
[01:04:56] [TASK] Damir → TradeRun (goal=Patrol)
[01:04:56] [GOAL] Damir achieved Patrol
[01:04:56] [TASK] Oleg → RestAtBase (goal=Patrol)
[01:04:56] [GOAL] Oleg achieved Patrol
[01:04:57] [INBOUND] Initial +2 stalkers, +1 mutants (remaining S=449 M=301)
[01:04:58] [GEAR] Serhiy looted [wpn_ak74, out_monolith_exolight_outfit] via combat
[01:04:58] [INBOUND] Initial +2 stalkers, +2 mutants (remaining S=447 M=299)
[01:05:00] [INBOUND] Initial +2 stalkers, +1 mutants (remaining S=445 M=298)
[01:05:00] [TASK] Mykola → RestAtBase (goal=Patrol)
[01:05:00] [GOAL] Mykola achieved Patrol
[01:05:00] [TASK] Vasyl → ShareDrink (goal=Patrol)
[01:05:00] [TASK] Serhiy → ShareDrink (goal=Patrol)
[01:05:00] [TASK] Oleg → ShareDrink (goal=Patrol)
[01:05:00] [TASK] Andriy → ShareDrink (goal=Patrol)
[01:05:00] [GOAL] Andriy achieved Patrol
[01:05:01] [INBOUND] Initial +3 stalkers, +2 mutants (remaining S=442 M=296)
[01:05:01] [SNAPSHOT] real=10.2min game=D0 00:25 alive S=223 M=265 corpses=895 lootable=491 gammaGear out=134 helm=193 avgRU=650 leaderGoals trade=4 mission=0 emission=Dormant nextIn=51gmin desperate=0 hungry=0 interval deaths=63 combats=97 tasks=61 gearLoot=7 gearBuy=0 corpseDespawn=48 trickleSpawns=0 ranks=[Rookie:214,Trainee:7,Experienced:2] goals=[Patrol::125] leaders: Serhiy[Rookie/Patrol:], Taras[Rookie/Patrol:], Ivan[Rookie/Patrol:], Oleg[Rookie/Patrol:], Bohdan[Rookie/Patrol:]
[01:05:02] [INBOUND] Initial +2 stalkers, +1 mutants (remaining S=440 M=295)
[01:05:02] [TASK] Lasha → TradeRun (goal=Patrol)
[01:05:02] [GOAL] Lasha achieved Patrol
[01:05:03] [TASK] Dmytro → RestAtBase (goal=Patrol)
[01:05:03] [GOAL] Dmytro achieved Patrol
[01:05:04] [INBOUND] Initial +2 stalkers, +1 mutants (remaining S=438 M=294)
[01:05:04] [TASK] Ivan → TradeRun (goal=Patrol)
[01:05:04] [GOAL] Ivan achieved Patrol
[01:05:04] [TASK] Dmitri → PatrolWilds [hospital] (goal=Patrol)
[01:05:04] [GOAL] Dmitri achieved Patrol
[01:05:05] [TASK] Zura → RestAtBase (goal=Patrol)
[01:05:05] [GOAL] Zura achieved Patrol
[01:05:05] [TASK] Timur → TradeRun (goal=Patrol)
[01:05:05] [GOAL] Timur achieved Patrol
[01:05:05] [TASK] Ivan → ShareDrink (goal=Patrol)
[01:05:05] [INBOUND] Initial +2 stalkers, +2 mutants (remaining S=436 M=292)
[01:05:05] [CORPSE] Despawned 20 bodies (lifetime=480)
[01:05:05] [TASK] Vasyl → RestAtBase (goal=Patrol)
[01:05:05] [GOAL] Vasyl achieved Patrol
[01:05:06] [TASK] Nikolai → ShareDrink (goal=Patrol)
[01:05:06] [TASK] Timur → ShareDrink (goal=Patrol)
[01:05:06] [TASK] Andriy → ShareDrink (goal=Patrol)
[01:05:06] [GOAL] Andriy achieved Patrol
[01:05:06] [TASK] Mykola → ShareDrink (goal=Patrol)
[01:05:06] [TASK] Dmytro → ShareDrink (goal=Patrol)
[01:05:06] [TASK] Vasyl → ShareDrink (goal=Patrol)
[01:05:06] [TASK] Lasha → ShareDrink (goal=Patrol)
[01:05:06] [TASK] Damir → ShareDrink (goal=Patrol)
[01:05:06] [TASK] Zura → ShareDrink (goal=Patrol)
[01:05:06] [INBOUND] Initial +2 stalkers, +1 mutants (remaining S=434 M=291)
[01:05:08] [INBOUND] Initial +2 stalkers, +2 mutants (remaining S=432 M=289)
[01:05:09] [INBOUND] Initial +2 stalkers, +1 mutants (remaining S=430 M=288)
[01:05:10] [TASK] Tobias → TradeRun (goal=Patrol)
[01:05:10] [GOAL] Tobias achieved Patrol
[01:05:10] [TASK] Taras → TradeRun (goal=Patrol)
[01:05:10] [GOAL] Taras achieved Patrol
[01:05:11] [TASK] Dmytro → RestAtBase (goal=Patrol)
[01:05:11] [GOAL] Dmytro achieved Patrol
[01:05:11] [INBOUND] Initial +2 stalkers, +1 mutants (remaining S=428 M=287)
[01:05:12] [TASK] Tobias → ShareDrink (goal=Patrol)
[01:05:12] [TASK] Dmytro → ShareDrink (goal=Patrol)
[01:05:12] [TASK] Yuriy → ShareDrink (goal=Patrol)
[01:05:12] [TASK] Taras → ShareDrink (goal=Patrol)
[01:05:12] [TASK] Andriy → ShareDrink (goal=Patrol)
[01:05:12] [GOAL] Andriy achieved Patrol
[01:05:12] [INBOUND] Initial +2 stalkers, +2 mutants (remaining S=426 M=285)
[01:05:13] [INBOUND] Initial +2 stalkers, +1 mutants (remaining S=424 M=284)
[01:05:14] [TASK] Serhiy → TradeRun (goal=Patrol)
[01:05:14] [GOAL] Serhiy achieved Patrol
[01:05:15] [INBOUND] Initial +2 stalkers, +2 mutants (remaining S=422 M=282)
[01:05:16] [TASK] Sergei → ShareDrink (goal=Patrol)
[01:05:16] [TASK] Andriy → ShareDrink (goal=Patrol)
[01:05:16] [GOAL] Andriy achieved Patrol
[01:05:16] [TASK] Marcus → ShareDrink (goal=Patrol)
[01:05:16] [TASK] Serhiy → ShareDrink (goal=Patrol)
[01:05:16] [TASK] Andrei → RestAtBase (goal=Patrol)
[01:05:16] [GOAL] Andrei achieved Patrol
[01:05:18] [INBOUND] Initial +2 stalkers, +1 mutants (remaining S=420 M=281)
[01:05:20] [RANK] Connor Petrenko 'Two-Fingers' → Trainee
[01:05:20] [GEAR] Alexei looted [arm_duty] via combat
[01:05:20] [INBOUND] Initial +2 stalkers, +1 mutants (remaining S=418 M=280)
[01:05:21] [TASK] Alexei → RestAtBase (goal=Patrol)
[01:05:21] [GOAL] Alexei achieved Patrol
[01:05:22] [TASK] Mykola → RestAtBase (goal=Patrol)
[01:05:22] [GOAL] Mykola achieved Patrol
[01:05:22] [TASK] Viktor → RestAtBase (goal=Patrol)
[01:05:22] [GOAL] Viktor achieved Patrol
[01:05:23] [RANK] Dmytro Popov 'Scar' → Trainee
[01:05:24] [INBOUND] Initial +3 stalkers, +2 mutants (remaining S=415 M=278)
[01:05:24] [CORPSE] Despawned 14 bodies (lifetime=494)
[01:05:25] [GEAR] Dmytro looted [wpn_spas12, wpn_pm, out_travel_outfit, helm_helm_respirator_old] via combat
[01:05:25] [TASK] Mikhail → RestAtBase (goal=Patrol)
[01:05:25] [GOAL] Mikhail achieved Patrol
[01:05:26] [INBOUND] Initial +2 stalkers, +1 mutants (remaining S=413 M=277)
[01:05:26] [TASK] Armen → RestAtBase (goal=Patrol)
[01:05:26] [GOAL] Armen achieved Patrol
[01:05:26] [TASK] Andriy → RestAtBase (goal=Patrol)
[01:05:26] [GOAL] Andriy achieved Patrol
[01:05:26] [TASK] Zura → TradeRun (goal=Patrol)
[01:05:26] [GOAL] Zura achieved Patrol
[01:05:27] [TASK] Tobias → RestAtBase (goal=Patrol)
[01:05:27] [GOAL] Tobias achieved Patrol
[01:05:27] [INBOUND] Initial +2 stalkers, +1 mutants (remaining S=411 M=276)
[01:05:27] [TASK] Andrei → ShareDrink (goal=Patrol)
[01:05:27] [TASK] Armen → ShareDrink (goal=Patrol)
[01:05:27] [TASK] Zura → ShareDrink (goal=Patrol)
[01:05:27] [TASK] Viktor → ShareDrink (goal=Patrol)
[01:05:27] [TASK] Mikhail → ShareDrink (goal=Patrol)
[01:05:27] [TASK] Andriy → ShareDrink (goal=Patrol)
[01:05:27] [GOAL] Andriy achieved Patrol
[01:05:27] [TASK] Alexei → ShareDrink (goal=Patrol)
[01:05:27] [TASK] Andriy → ShareDrink (goal=Patrol)
[01:05:27] [TASK] Mykola → ShareDrink (goal=Patrol)
[01:05:27] [TASK] Mykola → ShareDrink (goal=Patrol)
[01:05:27] [TASK] Andrei → ShareDrink (goal=Patrol)
[01:05:27] [TASK] Tobias → ShareDrink (goal=Patrol)
[01:05:28] [TASK] Dmitri → RestAtBase (goal=Patrol)
[01:05:28] [GOAL] Dmitri achieved Patrol
[01:05:28] [GEAR] Alexei looted [wpn_aksu, wpn_pm, out_stalker_tigerstripe_outfit, helm_helm_ppm88] via combat
[01:05:28] [TASK] Oleksiy → RestAtBase (goal=Patrol)
[01:05:28] [GOAL] Oleksiy achieved Patrol
[01:05:28] [INBOUND] Initial +2 stalkers, +2 mutants (remaining S=409 M=274)
[01:05:29] [TASK] Yuriy → PatrolWilds [wild_territory] (goal=Patrol)
[01:05:29] [GOAL] Yuriy achieved Patrol
[01:05:29] [TASK] Pavel → TradeRun (goal=Patrol)
[01:05:29] [GOAL] Pavel achieved Patrol
[01:05:29] [TASK] Lasha → TradeRun (goal=Patrol)
[01:05:29] [GOAL] Lasha achieved Patrol
[01:05:29] [GEAR] Giorgi looted [wpn_fort12, wpn_pm, out_stalker_salamander_outfit, helm_helm_hardhat] via combat
[01:05:30] [INBOUND] Initial +2 stalkers, +1 mutants (remaining S=407 M=273)
[01:05:30] [TASK] Mykola → HarvestArtifact (goal=Patrol)
[01:05:30] [GOAL] Mykola achieved Patrol
[01:05:30] [TASK] Yuriy → PatrolWilds [wild_territory] (goal=Patrol)
[01:05:30] [GOAL] Yuriy achieved Patrol
[01:05:30] [TASK] Dmitri → ShareDrink (goal=Patrol)
[01:05:30] [TASK] Pavel → ShareDrink (goal=Patrol)
[01:05:30] [TASK] Viktor → ShareDrink (goal=Patrol)
[01:05:30] [TASK] Andriy → ShareDrink (goal=Patrol)
[01:05:30] [GOAL] Andriy achieved Patrol
[01:05:30] [TASK] Oleksiy → ShareDrink (goal=Patrol)
[01:05:31] [INBOUND] Initial +2 stalkers, +2 mutants (remaining S=405 M=271)
[01:05:31] [SNAPSHOT] real=10.7min game=D0 00:26 alive S=219 M=266 corpses=926 lootable=500 gammaGear out=134 helm=190 avgRU=650 leaderGoals trade=3 mission=0 emission=Dormant nextIn=50gmin desperate=0 hungry=0 interval deaths=41 combats=65 tasks=63 gearLoot=4 gearBuy=0 corpseDespawn=34 trickleSpawns=0 ranks=[Rookie:208,Trainee:9,Experienced:2] goals=[Patrol::120] leaders: Serhiy[Rookie/Patrol:], Taras[Rookie/Patrol:], Ivan[Rookie/Patrol:], Bohdan[Rookie/Patrol:], Sergei[Rookie/Patrol:]
[01:05:32] [INBOUND] Initial +2 stalkers, +1 mutants (remaining S=403 M=270)
[01:05:33] [TASK] Oleksiy → RestAtBase (goal=Patrol)
[01:05:33] [GOAL] Oleksiy achieved Patrol
[01:05:34] [INBOUND] Initial +2 stalkers, +1 mutants (remaining S=401 M=269)
[01:05:34] [TASK] Yuriy → PatrolWilds [wild_territory] (goal=Patrol)
[01:05:34] [GOAL] Yuriy achieved Patrol
[01:05:34] [TASK] Serhiy → TradeRun (goal=Patrol)
[01:05:34] [GOAL] Serhiy achieved Patrol
[01:05:34] [TASK] Mykola → TradeRun (goal=Patrol)
[01:05:34] [GOAL] Mykola achieved Patrol
[01:05:34] [TASK] Bakhyt → RestAtBase (goal=Patrol)
[01:05:34] [GOAL] Bakhyt achieved Patrol
[01:05:35] [TASK] Pierre → RestAtBase (goal=Patrol)
[01:05:35] [GOAL] Pierre achieved Patrol
[01:05:35] [INBOUND] Initial +2 stalkers, +2 mutants (remaining S=399 M=267)
[01:05:36] [TASK] Mykola → ShareDrink (goal=Patrol)
[01:05:36] [TASK] Andriy → ShareDrink (goal=Patrol)
[01:05:36] [GOAL] Andriy achieved Patrol
[01:05:36] [TASK] Bakhyt → ShareDrink (goal=Patrol)
[01:05:36] [TASK] Oleksiy → ShareDrink (goal=Patrol)
[01:05:36] [TASK] Giorgi → ShareDrink (goal=Patrol)
[01:05:36] [TASK] Serhiy → ShareDrink (goal=Patrol)
[01:05:36] [TASK] Serhiy → ShareDrink (goal=Patrol)
[01:05:36] [TASK] Pierre → ShareDrink (goal=Patrol)
[01:05:36] [INBOUND] Initial +2 stalkers, +1 mutants (remaining S=397 M=266)
[01:05:37] [RANK] Andrei Melnyk 'Ash' → Experienced
[01:05:37] [TASK] Dmitri → RestAtBase (goal=Patrol)
[01:05:37] [GOAL] Dmitri achieved Patrol
[01:05:37] [TASK] Bakhyt → RestAtBase (goal=Patrol)
[01:05:37] [GOAL] Bakhyt achieved Patrol
[01:05:37] [INBOUND] Initial +2 stalkers, +2 mutants (remaining S=395 M=264)
[01:05:37] [CORPSE] Despawned 31 bodies (lifetime=525)
[01:05:38] [TASK] Andriy → RestAtBase (goal=Patrol)
[01:05:38] [GOAL] Andriy achieved Patrol
[01:05:38] [GEAR] Alibek looted [wpn_sg550, helm_helm_exo] via combat
[01:05:39] [INBOUND] Initial +2 stalkers, +1 mutants (remaining S=393 M=263)
[01:05:39] [TASK] Andriy → ShareDrink (goal=Patrol)
[01:05:39] [GOAL] Andriy achieved Patrol
[01:05:39] [TASK] Andriy → ShareDrink (goal=Patrol)
[01:05:39] [TASK] Mykola → ShareDrink (goal=Patrol)
[01:05:39] [TASK] Dmitri → ShareDrink (goal=Patrol)
[01:05:39] [TASK] Bakhyt → ShareDrink (goal=Patrol)
[01:05:40] [GEAR] Bohdan looted [wpn_fn2000, wpn_sg550, arm_duty, helm_gas] via combat
[01:05:40] [INBOUND] Initial +2 stalkers, +1 mutants (remaining S=391 M=262)
[01:05:40] [TASK] Damir → RestAtBase (goal=Patrol)
[01:05:40] [GOAL] Damir achieved Patrol
[01:05:40] [TASK] Oleg → RestAtBase (goal=Patrol)
[01:05:40] [GOAL] Oleg achieved Patrol
[01:05:40] [TASK] Bohdan → RestAtBase (goal=Patrol)
[01:05:40] [GOAL] Bohdan achieved Patrol
[01:05:41] [INBOUND] Initial +2 stalkers, +2 mutants (remaining S=389 M=260)
[01:05:42] [TASK] Taras → ShareDrink (goal=Patrol)
[01:05:42] [TASK] Sergei → ShareDrink (goal=Patrol)
[01:05:42] [TASK] Oleg → ShareDrink (goal=Patrol)
[01:05:42] [TASK] Bohdan → ShareDrink (goal=Patrol)
[01:05:42] [TASK] Andriy → ShareDrink (goal=Patrol)
[01:05:42] [GOAL] Andriy achieved Patrol
[01:05:42] [TASK] Damir → ShareDrink (goal=Patrol)
[01:05:42] [TASK] Ivan → ShareDrink (goal=Patrol)
[01:05:42] [INBOUND] Initial +3 stalkers, +1 mutants (remaining S=386 M=259)
[01:05:42] [TASK] Dmitri → RestAtBase (goal=Patrol)
[01:05:42] [GOAL] Dmitri achieved Patrol
[01:05:43] [INBOUND] Initial +2 stalkers, +2 mutants (remaining S=384 M=257)
[01:05:45] [INBOUND] Initial +2 stalkers, +1 mutants (remaining S=382 M=256)
[01:05:46] [TASK] Dmitri → ShareDrink (goal=Patrol)
[01:05:46] [TASK] Andriy → ShareDrink (goal=Patrol)
[01:05:46] [GOAL] Andriy achieved Patrol
[01:05:46] [TASK] Alibek → ShareDrink (goal=Patrol)
[01:05:46] [INBOUND] Initial +2 stalkers, +1 mutants (remaining S=380 M=255)
[01:05:47] [INBOUND] Initial +2 stalkers, +2 mutants (remaining S=378 M=253)
[01:05:48] [TASK] Alibek → RestAtBase (goal=Patrol)
[01:05:48] [GOAL] Alibek achieved Patrol
[01:05:48] [GEAR] Mykola looted [wpn_aksu, out_stalker_tigerstripe_outfit, helm_helm_hardhat] via combat
[01:05:48] [TASK] Connor → HarvestArtifact (goal=Patrol)
[01:05:48] [GOAL] Connor achieved Patrol
[01:05:49] [INBOUND] Initial +2 stalkers, +1 mutants (remaining S=376 M=252)
[01:05:49] [TASK] Lasha → ShareDrink (goal=Patrol)
[01:05:49] [TASK] Dmitri → ShareDrink (goal=Patrol)
[01:05:49] [TASK] Andriy → ShareDrink (goal=Patrol)
[01:05:49] [GOAL] Andriy achieved Patrol
[01:05:49] [TASK] Alibek → ShareDrink (goal=Patrol)
[01:05:50] [INBOUND] Initial +2 stalkers, +1 mutants (remaining S=374 M=251)
[01:05:50] [CORPSE] Despawned 21 bodies (lifetime=546)
[01:05:50] [GEAR] Serhiy looted [wpn_ak74, arm_freedom, helm_helm_m40] via combat
[01:05:51] [TASK] Armen → TradeRun (goal=Patrol)
[01:05:51] [GOAL] Armen achieved Patrol
[01:05:51] [INBOUND] Initial +2 stalkers, +2 mutants (remaining S=372 M=249)
[01:05:52] [GEAR] Alexei looted [wpn_aksu, wpn_pm] via combat
[01:05:52] [TASK] Taras → TradeRun (goal=Patrol)
[01:05:52] [GOAL] Taras achieved Patrol
[01:05:52] [INBOUND] Initial +2 stalkers, +1 mutants (remaining S=370 M=248)
[01:05:53] [TASK] Andriy → ShareDrink (goal=Patrol)
[01:05:53] [GOAL] Andriy achieved Patrol
[01:05:53] [TASK] Mikhail → ShareDrink (goal=Patrol)
[01:05:53] [TASK] Ivan → ShareDrink (goal=Patrol)
[01:05:53] [TASK] Taras → ShareDrink (goal=Patrol)
[01:05:53] [TASK] Armen → ShareDrink (goal=Patrol)
[01:05:53] [TASK] Vasyl → ShareDrink (goal=Patrol)
[01:05:54] [INBOUND] Initial +2 stalkers, +2 mutants (remaining S=368 M=246)
[01:05:54] [TASK] Dmitri → HarvestArtifact (goal=Patrol)
[01:05:54] [GOAL] Dmitri achieved Patrol
[01:05:55] [INBOUND] Initial +2 stalkers, +1 mutants (remaining S=366 M=245)
[01:05:55] [TASK] Dmytro → RestAtBase (goal=Patrol)
[01:05:55] [GOAL] Dmytro achieved Patrol
[01:05:55] [TASK] Connor → TradeRun (goal=Patrol)
[01:05:55] [GOAL] Connor achieved Patrol
[01:05:56] [TASK] Serhiy → RestAtBase (goal=Patrol)
[01:05:56] [GOAL] Serhiy achieved Patrol
[01:05:56] [INBOUND] Initial +2 stalkers, +1 mutants (remaining S=364 M=244)
[01:05:57] [TASK] Connor → ShareDrink (goal=Patrol)
[01:05:57] [TASK] Andriy → ShareDrink (goal=Patrol)
[01:05:57] [GOAL] Andriy achieved Patrol
[01:05:57] [TASK] Dmytro → ShareDrink (goal=Patrol)
[01:05:57] [TASK] Zura → ShareDrink (goal=Patrol)
[01:05:57] [TASK] Oleksiy → ShareDrink (goal=Patrol)
[01:05:57] [TASK] Serhiy → ShareDrink (goal=Patrol)
[01:05:57] [INBOUND] Initial +2 stalkers, +2 mutants (remaining S=362 M=242)
[01:05:59] [INBOUND] Initial +3 stalkers, +1 mutants (remaining S=359 M=241)
[01:06:00] [INBOUND] Initial +2 stalkers, +2 mutants (remaining S=357 M=239)
[01:06:01] [TASK] Rustam → ShareDrink (goal=Patrol)
[01:06:01] [TASK] Andriy → ShareDrink (goal=Patrol)
[01:06:01] [GOAL] Andriy achieved Patrol
[01:06:01] [INBOUND] Initial +2 stalkers, +1 mutants (remaining S=355 M=238)
[01:06:01] [SNAPSHOT] real=11.2min game=D0 00:27 alive S=229 M=278 corpses=935 lootable=501 gammaGear out=135 helm=201 avgRU=650 leaderGoals trade=3 mission=0 emission=Dormant nextIn=49gmin desperate=0 hungry=0 interval deaths=40 combats=61 tasks=62 gearLoot=5 gearBuy=0 corpseDespawn=52 trickleSpawns=0 ranks=[Rookie:218,Trainee:8,Experienced:3] goals=[Patrol::124] leaders: Serhiy[Rookie/Patrol:], Taras[Rookie/Patrol:], Ivan[Rookie/Patrol:], Bohdan[Rookie/Patrol:], Sergei[Rookie/Patrol:]
[01:06:01] [TASK] Oleg → ShareDrink (goal=Patrol)
[01:06:02] [TASK] Yuriy → RestAtBase (goal=Patrol)
[01:06:02] [GOAL] Yuriy achieved Patrol
[01:06:02] [TASK] Andriy → RestAtBase (goal=Patrol)
[01:06:02] [GOAL] Andriy achieved Patrol
[01:06:02] [INBOUND] Initial +2 stalkers, +1 mutants (remaining S=353 M=237)
[01:06:02] [CORPSE] Despawned 21 bodies (lifetime=567)
[01:06:02] [GEAR] Vasyl looted [wpn_ak74, arm_duty, helm_helm_protective] via combat
[01:06:02] [TASK] Sergei → HarvestArtifact (goal=Patrol)
[01:06:02] [GOAL] Sergei achieved Patrol
[01:06:03] [TASK] Oleksiy → RestAtBase (goal=Patrol)
[01:06:03] [GOAL] Oleksiy achieved Patrol
[01:06:03] [INBOUND] Initial +2 stalkers, +2 mutants (remaining S=351 M=235)
[01:06:04] [TASK] Yuriy → ShareDrink (goal=Patrol)
[01:06:04] [TASK] Andriy → ShareDrink (goal=Patrol)
[01:06:04] [TASK] Andriy → ShareDrink (goal=Patrol)
[01:06:04] [GOAL] Andriy achieved Patrol
[01:06:04] [TASK] Oleksiy → ShareDrink (goal=Patrol)
[01:06:04] [TASK] Mykola → TradeRun (goal=Patrol)
[01:06:04] [GOAL] Mykola achieved Patrol
[01:06:04] [INBOUND] Initial +2 stalkers, +1 mutants (remaining S=349 M=234)
[01:06:05] [TASK] Yuriy → RestAtBase (goal=Patrol)
[01:06:05] [GOAL] Yuriy achieved Patrol
[01:06:05] [INBOUND] Initial +2 stalkers, +2 mutants (remaining S=347 M=232)
[01:06:06] [TASK] Andrei → TradeRun (goal=Patrol)
[01:06:06] [GOAL] Andrei achieved Patrol
[01:06:06] [GEAR] Bakhyt looted [wpn_ak74] via combat
[01:06:07] [INBOUND] Initial +2 stalkers, +1 mutants (remaining S=345 M=231)
[01:06:07] [TASK] Serhiy → RestAtBase (goal=Patrol)
[01:06:07] [GOAL] Serhiy achieved Patrol
[01:06:08] [INBOUND] Initial +2 stalkers, +1 mutants (remaining S=343 M=230)
[01:06:08] [GEAR] Oleg looted [wpn_sg550, wpn_fort12, out_merc_scientific_armored_outfit, helm_helm_battle] via combat
[01:06:09] [TASK] Sergei → ShareDrink (goal=Patrol)
[01:06:09] [TASK] Andrei → ShareDrink (goal=Patrol)
[01:06:09] [TASK] Mykola → ShareDrink (goal=Patrol)
[01:06:09] [TASK] Serhiy → ShareDrink (goal=Patrol)
[01:06:09] [TASK] Andriy → ShareDrink (goal=Patrol)
[01:06:09] [GOAL] Andriy achieved Patrol
[01:06:09] [TASK] Yuriy → ShareDrink (goal=Patrol)
[01:06:09] [TASK] Dmytro → ShareDrink (goal=Patrol)
[01:06:09] [INBOUND] Initial +2 stalkers, +2 mutants (remaining S=341 M=228)
[01:06:10] [INBOUND] Initial +2 stalkers, +1 mutants (remaining S=339 M=227)
[01:06:10] [GEAR] Oleg looted [wpn_fn2000, arm_exo, helm_helm_protective] via combat
[01:06:10] [TASK] Dmytro → RestAtBase (goal=Patrol)
[01:06:10] [GOAL] Dmytro achieved Patrol
[01:06:11] [INBOUND] Initial +2 stalkers, +1 mutants (remaining S=337 M=226)
[01:06:12] [TASK] Mikhail → RestAtBase (goal=Patrol)
[01:06:12] [GOAL] Mikhail achieved Patrol
[01:06:12] [INBOUND] Initial +2 stalkers, +2 mutants (remaining S=335 M=224)
[01:06:13] [TASK] Dmytro → ShareDrink (goal=Patrol)
[01:06:13] [TASK] Mikhail → ShareDrink (goal=Patrol)
[01:06:13] [TASK] Andriy → ShareDrink (goal=Patrol)
[01:06:13] [GOAL] Andriy achieved Patrol
[01:06:13] [TASK] Mikhail → ShareDrink (goal=Patrol)
[01:06:14] [INBOUND] Initial +3 stalkers, +1 mutants (remaining S=332 M=223)
[01:06:14] [CORPSE] Despawned 22 bodies (lifetime=589)
[01:06:14] [TASK] Connor → RestAtBase (goal=Patrol)
[01:06:14] [GOAL] Connor achieved Patrol
[01:06:15] [GEAR] Yuriy looted [wpn_fn2000] via combat
[01:06:15] [INBOUND] Initial +2 stalkers, +2 mutants (remaining S=330 M=221)
[01:06:16] [TASK] Bohdan → RestAtBase (goal=Patrol)
[01:06:16] [GOAL] Bohdan achieved Patrol
[01:06:16] [INBOUND] Initial +2 stalkers, +1 mutants (remaining S=328 M=220)
[01:06:17] [TASK] Mikhail → RestAtBase (goal=Patrol)
[01:06:17] [GOAL] Mikhail achieved Patrol
[01:06:17] [TASK] Ivan → TradeRun (goal=Patrol)
[01:06:17] [GOAL] Ivan achieved Patrol
[01:06:17] [TASK] Oleg → TradeRun (goal=Patrol)
[01:06:17] [GOAL] Oleg achieved Patrol
[01:06:17] [INBOUND] Initial +2 stalkers, +1 mutants (remaining S=326 M=219)
[01:06:18] [TASK] Oleg → ShareDrink (goal=Patrol)
[01:06:18] [TASK] Mikhail → ShareDrink (goal=Patrol)
[01:06:18] [TASK] Giorgi → ShareDrink (goal=Patrol)
[01:06:18] [TASK] Ivan → ShareDrink (goal=Patrol)
[01:06:18] [TASK] Andriy → ShareDrink (goal=Patrol)
[01:06:18] [GOAL] Andriy achieved Patrol
[01:06:18] [TASK] Bohdan → ShareDrink (goal=Patrol)
[01:06:18] [TASK] Connor → ShareDrink (goal=Patrol)
[01:06:18] [INBOUND] Initial +2 stalkers, +2 mutants (remaining S=324 M=217)
[01:06:19] [TASK] Marcus → RestAtBase (goal=Patrol)
[01:06:19] [GOAL] Marcus achieved Patrol
[01:06:19] [GEAR] Zura looted [helm_tactic] via combat
[01:06:20] [INBOUND] Initial +2 stalkers, +1 mutants (remaining S=322 M=216)
[01:06:20] [RANK] Lars Ivanov 'Lucky' → Trainee
[01:06:21] [INBOUND] Initial +2 stalkers, +2 mutants (remaining S=320 M=214)
[01:06:21] [TASK] Karl → PatrolWilds [buriakivka] (goal=Patrol)
[01:06:21] [GOAL] Karl achieved Patrol
[01:06:21] [TASK] Bakhyt → RestAtBase (goal=Patrol)
[01:06:21] [GOAL] Bakhyt achieved Patrol
[01:06:22] [INBOUND] Initial +2 stalkers, +1 mutants (remaining S=318 M=213)
[01:06:22] [TASK] Karl → PatrolWilds [buriakivka] (goal=Patrol)
[01:06:22] [GOAL] Karl achieved Patrol
[01:06:23] [INBOUND] Initial +2 stalkers, +1 mutants (remaining S=316 M=212)
[01:06:24] [TASK] Marcus → ShareDrink (goal=Patrol)
[01:06:24] [TASK] Bakhyt → ShareDrink (goal=Patrol)
[01:06:24] [TASK] Andriy → ShareDrink (goal=Patrol)
[01:06:24] [GOAL] Andriy achieved Patrol
[01:06:24] [TASK] Dmytro → ShareDrink (goal=Patrol)
[01:06:24] [TASK] Serhiy → TradeRun (goal=Patrol)
[01:06:24] [GOAL] Serhiy achieved Patrol
[01:06:25] [INBOUND] Initial +2 stalkers, +2 mutants (remaining S=314 M=210)
[01:06:25] [TASK] Andriy → RestAtBase (goal=Patrol)
[01:06:25] [GOAL] Andriy achieved Patrol
[01:06:26] [INBOUND] Initial +2 stalkers, +1 mutants (remaining S=312 M=209)
[01:06:26] [CORPSE] Despawned 21 bodies (lifetime=610)
[01:06:26] [TASK] Mikhail → TradeRun (goal=Patrol)
[01:06:26] [GOAL] Mikhail achieved Patrol
[01:06:26] [TASK] Serhiy → TradeRun (goal=Patrol)
[01:06:26] [GOAL] Serhiy achieved Patrol
[01:06:27] [TASK] Andrei → RestAtBase (goal=Patrol)
[01:06:27] [GOAL] Andrei achieved Patrol
[01:06:27] [TASK] Ivan → TradeRun (goal=Patrol)
[01:06:27] [GOAL] Ivan achieved Patrol
[01:06:27] [GEAR] Ivan looted [wpn_ak74, out_stalker_autumn_outfit] via combat
[01:06:27] [GEAR] Serhiy looted [wpn_fort12, helm_bandana] via combat
[01:06:27] [INBOUND] Initial +2 stalkers, +2 mutants (remaining S=310 M=207)
[01:06:27] [GEAR] Pavel looted [arm_freedom] via combat
[01:06:27] [TASK] Andrei → ShareDrink (goal=Patrol)
[01:06:27] [TASK] Andriy → ShareDrink (goal=Patrol)
[01:06:27] [TASK] Ivan → ShareDrink (goal=Patrol)
[01:06:27] [TASK] Serhiy → ShareDrink (goal=Patrol)
[01:06:27] [TASK] Mikhail → ShareDrink (goal=Patrol)
[01:06:27] [TASK] Serhiy → ShareDrink (goal=Patrol)
[01:06:27] [TASK] Andriy → ShareDrink (goal=Patrol)
[01:06:27] [GOAL] Andriy achieved Patrol
[01:06:28] [TASK] Heinrich → TradeRun (goal=Patrol)
[01:06:28] [GOAL] Heinrich achieved Patrol
[01:06:28] [INBOUND] Initial +2 stalkers, +1 mutants (remaining S=308 M=206)
[01:06:28] [TASK] Sergei → RestAtBase (goal=Patrol)
[01:06:28] [GOAL] Sergei achieved Patrol
[01:06:29] [TASK] Mykola → RestAtBase (goal=Patrol)
[01:06:29] [GOAL] Mykola achieved Patrol
[01:06:29] [INBOUND] Initial +2 stalkers, +1 mutants (remaining S=306 M=205)
[01:06:30] [TASK] Serhiy → RestAtBase (goal=Patrol)
[01:06:30] [GOAL] Serhiy achieved Patrol
[01:06:31] [INBOUND] Initial +3 stalkers, +2 mutants (remaining S=303 M=203)
[01:06:31] [TASK] Ivan → RestAtBase (goal=Patrol)
[01:06:31] [GOAL] Ivan achieved Patrol
[01:06:31] [TASK] Dmytro → TradeRun (goal=Patrol)
[01:06:31] [GOAL] Dmytro achieved Patrol
[01:06:31] [TASK] Mykola → TradeRun (goal=Patrol)
[01:06:31] [GOAL] Mykola achieved Patrol
[01:06:32] [INBOUND] Initial +2 stalkers, +1 mutants (remaining S=301 M=202)
[01:06:32] [SNAPSHOT] real=11.7min game=D0 00:28 alive S=227 M=285 corpses=956 lootable=515 gammaGear out=130 helm=201 avgRU=650 leaderGoals trade=2 mission=0 emission=Dormant nextIn=48gmin desperate=0 hungry=0 interval deaths=56 combats=85 tasks=66 gearLoot=9 gearBuy=0 corpseDespawn=64 trickleSpawns=0 ranks=[Rookie:218,Trainee:7,Experienced:2] goals=[Patrol::121] leaders: Taras[Rookie/Patrol:], Ivan[Rookie/Patrol:], Bohdan[Rookie/Patrol:], Sergei[Rookie/Patrol:], Mykola[Rookie/Patrol:]
[01:06:32] [TASK] Mykola → ShareDrink (goal=Patrol)
[01:06:32] [TASK] Serhiy → ShareDrink (goal=Patrol)
[01:06:32] [TASK] Sergei → ShareDrink (goal=Patrol)
[01:06:32] [TASK] Mykola → ShareDrink (goal=Patrol)
[01:06:32] [TASK] Dmytro → ShareDrink (goal=Patrol)
[01:06:32] [TASK] Mykola → ShareDrink (goal=Patrol)
[01:06:32] [TASK] Heinrich → ShareDrink (goal=Patrol)
[01:06:32] [TASK] Ivan → ShareDrink (goal=Patrol)
[01:06:32] [TASK] Andriy → ShareDrink (goal=Patrol)
[01:06:32] [GOAL] Andriy achieved Patrol
[01:06:33] [TASK] Oleg → TradeRun (goal=Patrol)
[01:06:33] [GOAL] Oleg achieved Patrol
[01:06:33] [INBOUND] Initial +2 stalkers, +1 mutants (remaining S=299 M=201)
[01:06:34] [INBOUND] Initial +2 stalkers, +2 mutants (remaining S=297 M=199)
[01:06:35] [GEAR] Timur looted [wpn_aksu, arm_freedom, helm_tactic] via combat
[01:06:35] [TASK] Yuriy → TradeRun (goal=Patrol)
[01:06:35] [GOAL] Yuriy achieved Patrol
[01:06:35] [INBOUND] Initial +2 stalkers, +1 mutants (remaining S=295 M=198)
[01:06:36] [TASK] Pierre → RestAtBase (goal=Patrol)
[01:06:36] [GOAL] Pierre achieved Patrol
[01:06:36] [TASK] Dmytro → RestAtBase (goal=Patrol)
[01:06:36] [GOAL] Dmytro achieved Patrol
[01:06:36] [TASK] Andriy → RestAtBase (goal=Patrol)
[01:06:36] [GOAL] Andriy achieved Patrol
[01:06:36] [GEAR] Taras looted [wpn_fn2000, out_military_monolit_outfit] via combat
[01:06:37] [TASK] Mykola → RestAtBase (goal=Patrol)
[01:06:37] [GOAL] Mykola achieved Patrol
[01:06:37] [INBOUND] Initial +2 stalkers, +2 mutants (remaining S=293 M=196)
[01:06:37] [TASK] Oleksiy → PatrolWilds [military] (goal=Patrol)
[01:06:37] [GOAL] Oleksiy achieved Patrol
[01:06:38] [TASK] Yuriy → ShareDrink (goal=Patrol)
[01:06:38] [TASK] Pavel → ShareDrink (goal=Patrol)
[01:06:38] [TASK] Dmytro → ShareDrink (goal=Patrol)
[01:06:38] [TASK] Oleg → ShareDrink (goal=Patrol)
[01:06:38] [TASK] Ivan → ShareDrink (goal=Patrol)
[01:06:38] [TASK] Pierre → ShareDrink (goal=Patrol)
[01:06:38] [TASK] Andriy → ShareDrink (goal=Patrol)
[01:06:38] [TASK] Mykola → ShareDrink (goal=Patrol)
[01:06:38] [TASK] Dmytro → RestAtBase (goal=Patrol)
[01:06:38] [GOAL] Dmytro achieved Patrol
[01:06:38] [INBOUND] Initial +2 stalkers, +1 mutants (remaining S=291 M=195)
[01:06:38] [CORPSE] Despawned 27 bodies (lifetime=637)
[01:06:39] [GEAR] Sergei looted [wpn_aksu, wpn_fort12, arm_freedom] via combat
[01:06:39] [INBOUND] Initial +2 stalkers, +1 mutants (remaining S=289 M=194)
[01:06:40] [TASK] Sergei → RestAtBase (goal=Patrol)
[01:06:40] [GOAL] Sergei achieved Patrol
[01:06:40] [INBOUND] Initial +2 stalkers, +2 mutants (remaining S=287 M=192)
[01:06:42] [INBOUND] Initial +2 stalkers, +1 mutants (remaining S=285 M=191)
[01:06:42] [TASK] Yuriy → RestAtBase (goal=Patrol)
[01:06:42] [GOAL] Yuriy achieved Patrol
[01:06:42] [TASK] Oleg → RestAtBase (goal=Patrol)
[01:06:42] [GOAL] Oleg achieved Patrol
[01:06:43] [INBOUND] Initial +2 stalkers, +2 mutants (remaining S=283 M=189)
[01:06:44] [TASK] Viktor → ShareDrink (goal=Patrol)
[01:06:44] [TASK] Sergei → ShareDrink (goal=Patrol)
[01:06:44] [TASK] Yuriy → ShareDrink (goal=Patrol)
[01:06:44] [TASK] Dmytro → ShareDrink (goal=Patrol)
[01:06:44] [TASK] Andriy → RestAtBase (goal=Patrol)
[01:06:44] [GOAL] Andriy achieved Patrol
[01:06:44] [TASK] Oleg → ShareDrink (goal=Patrol)
[01:06:44] [TASK] Dmytro → ShareDrink (goal=Patrol)
[01:06:44] [TASK] Sergei → ShareDrink (goal=Patrol)
[01:06:44] [GEAR] Nikolai looted [wpn_fn2000, wpn_mp5, arm_exo, helm_tactic] via combat
[01:06:44] [INBOUND] Initial +2 stalkers, +1 mutants (remaining S=281 M=188)
[01:06:45] [TASK] Mykola → RestAtBase (goal=Patrol)
[01:06:45] [GOAL] Mykola achieved Patrol
[01:06:45] [INBOUND] Initial +2 stalkers, +1 mutants (remaining S=279 M=187)
[01:06:45] [TASK] Alexei → TradeRun (goal=Patrol)
[01:06:45] [GOAL] Alexei achieved Patrol
[01:06:46] [INBOUND] Initial +3 stalkers, +2 mutants (remaining S=276 M=185)
[01:06:47] [TASK] Viktor → TradeRun (goal=Patrol)
[01:06:47] [GOAL] Viktor achieved Patrol
[01:06:47] [TASK] Frank → RestAtBase (goal=Patrol)
[01:06:47] [GOAL] Frank achieved Patrol
[01:06:48] [INBOUND] Initial +276 stalkers, +185 mutants (remaining S=276 M=185)
[01:06:51] [TASK] Igor → PatrolWilds [hospital] (goal=Patrol)
[01:06:51] [GOAL] Igor achieved Patrol
[01:06:51] [TASK] Nikolai → PatrolWilds [wild_territory] (goal=Patrol)
[01:06:51] [GOAL] Nikolai achieved Patrol
[01:06:51] [TASK] Yuriy → PatrolWilds [chistogalovka] (goal=Patrol)
[01:06:51] [GOAL] Yuriy achieved Patrol
[01:06:51] [TASK] Dmitri → PatrolWilds [dark_valley] (goal=Patrol)
[01:06:51] [GOAL] Dmitri achieved Patrol
[01:06:51] [TASK] Mikhail → PatrolWilds [buriakivka] (goal=Patrol)
[01:06:51] [GOAL] Mikhail achieved Patrol
[01:06:51] [TASK] Pavel → PatrolWilds [red_forest] (goal=Patrol)
[01:06:51] [GOAL] Pavel achieved Patrol
[01:06:51] [TASK] Nikolai → PatrolWilds [pripyat] (goal=Patrol)
[01:06:51] [GOAL] Nikolai achieved Patrol
[01:06:51] [TASK] Andriy → PatrolWilds [duga] (goal=Patrol)
[01:06:51] [GOAL] Andriy achieved Patrol
[01:06:51] [TASK] Vasyl → PatrolWilds [dead_city] (goal=Patrol)
[01:06:51] [GOAL] Vasyl achieved Patrol
[01:06:51] [TASK] Alexei → HarvestArtifact (goal=Patrol)
[01:06:51] [GOAL] Alexei achieved Patrol
[01:06:51] [TASK] Oleksiy → PatrolWilds [chistogalovka] (goal=Patrol)
[01:06:51] [GOAL] Oleksiy achieved Patrol
[01:06:51] [TASK] Bakhyt → PatrolWilds [truck_cemetery] (goal=Patrol)
[01:06:51] [GOAL] Bakhyt achieved Patrol
[01:06:51] [TASK] Serhiy → PatrolWilds [red_forest] (goal=Patrol)
[01:06:51] [GOAL] Serhiy achieved Patrol
[01:06:51] [TASK] Vasyl → PatrolWilds [radar] (goal=Patrol)
[01:06:51] [GOAL] Vasyl achieved Patrol
[01:06:51] [TASK] Nikolai → PatrolWilds [cnpp] (goal=Patrol)
[01:06:51] [GOAL] Nikolai achieved Patrol
[01:06:51] [TASK] Mykola → PatrolWilds [truck_cemetery] (goal=Patrol)
[01:06:51] [GOAL] Mykola achieved Patrol
[01:06:52] [TASK] Nikolai → RestAtBase (goal=Patrol)
[01:06:52] [GOAL] Nikolai achieved Patrol
[01:06:52] [TASK] Sergei → ShareDrink (goal=Patrol)
[01:06:52] [TASK] Taras → ShareDrink (goal=Patrol)
[01:06:52] [TASK] Oleg → ShareDrink (goal=Patrol)
[01:06:52] [TASK] Bohdan → ShareDrink (goal=Patrol)
[01:06:52] [TASK] Ivan → ShareDrink (goal=Patrol)
[01:06:52] [TASK] Andriy → ShareDrink (goal=Patrol)
[01:06:52] [TASK] Serhiy → ShareDrink (goal=Patrol)
[01:06:52] [TASK] Heinrich → ShareDrink (goal=Patrol)
[01:06:52] [TASK] Taras → ShareDrink (goal=Patrol)
[01:06:52] [TASK] Andriy → ShareDrink (goal=Patrol)
[01:06:52] [TASK] Mykola → ShareDrink (goal=Patrol)
[01:06:52] [TASK] Alexei → ShareDrink (goal=Patrol)
[01:06:52] [TASK] Viktor → ShareDrink (goal=Patrol)
[01:06:52] [TASK] Frank → ShareDrink (goal=Patrol)
[01:06:52] [TASK] Igor → PatrolWilds [hospital] (goal=Patrol)
[01:06:52] [GOAL] Igor achieved Patrol
[01:06:52] [TASK] Andriy → ShareDrink (goal=Patrol)
[01:06:52] [TASK] Alexei → PatrolWilds [chistogalovka] (goal=Patrol)
[01:06:52] [GOAL] Alexei achieved Patrol
[01:06:52] [TASK] Oleksiy → PatrolWilds [chistogalovka] (goal=Patrol)
[01:06:52] [GOAL] Oleksiy achieved Patrol
[01:06:53] [TASK] Andriy → ShareDrink (goal=Patrol)
[01:06:53] [TASK] Vasyl → ShareDrink (goal=Patrol)
[01:06:53] [TASK] Sergei → ShareDrink (goal=Patrol)
[01:06:53] [TASK] Connor → ShareDrink (goal=Patrol)
[01:06:53] [TASK] Lasha → ShareDrink (goal=Patrol)
[01:06:53] [TASK] Lasha → ShareDrink (goal=Patrol)
[01:06:53] [TASK] Damir → ShareDrink (goal=Patrol)
[01:06:53] [TASK] Mykola → ShareDrink (goal=Patrol)
[01:06:53] [TASK] Sergei → ShareDrink (goal=Patrol)
[01:06:53] [TASK] Andriy → ShareDrink (goal=Patrol)
[01:06:53] [TASK] Nikolai → ShareDrink (goal=Patrol)
[01:06:53] [TASK] Nikolai → ShareDrink (goal=Patrol)
[01:06:53] [TASK] Oleksiy → ShareDrink (goal=Patrol)
[01:06:53] [TASK] Dmytro → ShareDrink (goal=Patrol)
[01:06:53] [TASK] Pavel → ShareDrink (goal=Patrol)
[01:06:55] [RANK] Mikhail Shevchenko 'Raven' → Trainee
[01:06:55] [TASK] Alexei → PatrolWilds [chistogalovka] (goal=Patrol)
[01:06:55] [GOAL] Alexei achieved Patrol
[01:06:55] [TASK] Bakhyt → PatrolWilds [truck_cemetery] (goal=Patrol)
[01:06:55] [GOAL] Bakhyt achieved Patrol
[01:06:55] [TASK] Oleksiy → PatrolWilds [zaton] (goal=Patrol)
[01:06:55] [GOAL] Oleksiy achieved Patrol
[01:06:55] [GEAR] Pavel looted [wpn_fn2000, out_exo_merc_grass_outfit, helm_helm_ranger] via combat
[01:06:56] [TASK] Nikolai → HarvestArtifact (goal=Patrol)
[01:06:56] [GOAL] Nikolai achieved Patrol
[01:06:56] [GEAR] Mykola looted [wpn_fn2000, arm_duty, helm_tactic] via combat
[01:06:56] [CORPSE] Despawned 25 bodies (lifetime=662)
[01:06:58] [TASK] Vasyl → TradeRun (goal=Patrol)
[01:06:58] [GOAL] Vasyl achieved Patrol
[01:06:58] [TASK] Oleg → TradeRun (goal=Patrol)
[01:06:58] [GOAL] Oleg achieved Patrol
[01:06:58] [TASK] Andriy → TradeRun (goal=Patrol)
[01:06:58] [GOAL] Andriy achieved Patrol
[01:06:58] [GEAR] Dmitri looted [helm_helm_metro] via combat
[01:06:59] [TASK] Giorgi → RestAtBase (goal=Patrol)
[01:06:59] [GOAL] Giorgi achieved Patrol
[01:06:59] [TASK] Viktor → TradeRun (goal=Patrol)
[01:06:59] [GOAL] Viktor achieved Patrol
[01:07:00] [TASK] Oleg → TradeRun (goal=Patrol)
[01:07:00] [GOAL] Oleg achieved Patrol
[01:07:00] [TASK] Nikolai → TradeRun (goal=Patrol)
[01:07:00] [GOAL] Nikolai achieved Patrol
[01:07:00] [TASK] Alibek → RestAtBase (goal=Patrol)
[01:07:00] [GOAL] Alibek achieved Patrol
[01:07:01] [TASK] Alibek → RestAtBase (goal=Patrol)
[01:07:01] [GOAL] Alibek achieved Patrol
[01:07:01] [TASK] Bohdan → TradeRun (goal=Patrol)
[01:07:01] [GOAL] Bohdan achieved Patrol
[01:07:01] [TASK] Bakhyt → TradeRun (goal=Patrol)
[01:07:01] [GOAL] Bakhyt achieved Patrol
[01:07:02] [TASK] Sergei → TradeRun (goal=Patrol)
[01:07:02] [GOAL] Sergei achieved Patrol
[01:07:02] [GEAR] Alibek looted [out_military_monolit_outfit] via combat
[01:07:02] [TASK] Pavel → TradeRun (goal=Patrol)
[01:07:02] [GOAL] Pavel achieved Patrol
[01:07:02] [GEAR] Mikhail looted [wpn_fn2000, out_exo_outfit, helm_helm_battle] via combat
[01:07:02] [TASK] Yuriy → TradeRun (goal=Patrol)
[01:07:02] [GOAL] Yuriy achieved Patrol
[01:07:02] [SNAPSHOT] real=12.2min game=D0 00:29 alive S=476 M=453 corpses=990 lootable=525 gammaGear out=285 helm=407 avgRU=650 leaderGoals trade=20 mission=0 emission=Dormant nextIn=47gmin desperate=0 hungry=0 interval deaths=52 combats=86 tasks=108 gearLoot=9 gearBuy=0 corpseDespawn=52 trickleSpawns=0 ranks=[Rookie:468,Trainee:6,Experienced:2] goals=[Patrol::221] leaders: Taras[Rookie/Patrol:], Ivan[Rookie/Patrol:], Sergei[Rookie/Patrol:], Mykola[Rookie/Patrol:], Sergei[Rookie/Patrol:]
[01:07:03] [TASK] Yuriy → TradeRun (goal=Patrol)
[01:07:03] [GOAL] Yuriy achieved Patrol
[01:07:03] [TASK] Serhiy → TradeRun (goal=Patrol)
[01:07:03] [GOAL] Serhiy achieved Patrol
[01:07:03] [TASK] Serhiy → TradeRun (goal=Patrol)
[01:07:03] [GOAL] Serhiy achieved Patrol
[01:07:04] [TASK] Dmytro → TradeRun (goal=Patrol)
[01:07:04] [GOAL] Dmytro achieved Patrol
[01:07:04] [TASK] Bohdan → TradeRun (goal=Patrol)
[01:07:04] [GOAL] Bohdan achieved Patrol
[01:07:04] [TASK] Oleksiy → TradeRun (goal=Patrol)
[01:07:04] [GOAL] Oleksiy achieved Patrol
[01:07:04] [RANK] Viktor Petrenko 'Ghost' → Trainee
[01:07:04] [TASK] Oleg → ShareDrink (goal=Patrol)
[01:07:04] [TASK] Oleksiy → ShareDrink (goal=Patrol)
[01:07:04] [TASK] Dmytro → ShareDrink (goal=Patrol)
[01:07:04] [TASK] Oleg → ShareDrink (goal=Patrol)
[01:07:04] [TASK] Viktor → ShareDrink (goal=Patrol)
[01:07:04] [TASK] Serhiy → ShareDrink (goal=Patrol)
[01:07:04] [TASK] Bohdan → ShareDrink (goal=Patrol)
[01:07:04] [TASK] Andriy → ShareDrink (goal=Patrol)
[01:07:04] [TASK] Taras → ShareDrink (goal=Patrol)
[01:07:04] [TASK] Oleksiy → ShareDrink (goal=Patrol)
[01:07:04] [TASK] Bakhyt → ShareDrink (goal=Patrol)
[01:07:04] [TASK] Serhiy → ShareDrink (goal=Patrol)
[01:07:04] [TASK] Pavel → ShareDrink (goal=Patrol)
[01:07:04] [TASK] Nikolai → ShareDrink (goal=Patrol)
[01:07:04] [TASK] Alibek → ShareDrink (goal=Patrol)
[01:07:04] [TASK] Giorgi → ShareDrink (goal=Patrol)
[01:07:04] [SPAWN] Trickle +1 stalkers, +0 mutants
[01:07:04] [TASK] Sergei → ShareDrink (goal=Patrol)
[01:07:04] [TASK] Alibek → ShareDrink (goal=Patrol)
[01:07:04] [TASK] Sergei → ShareDrink (goal=Patrol)
[01:07:04] [TASK] Yuriy → ShareDrink (goal=Patrol)
[01:07:04] [TASK] Ivan → ShareDrink (goal=Patrol)
[01:07:05] [TASK] Bohdan → ShareDrink (goal=Patrol)
[01:07:05] [TASK] Yuriy → ShareDrink (goal=Patrol)
[01:07:05] [TASK] Vasyl → ShareDrink (goal=Patrol)
[01:07:05] [TASK] Alibek → ShareDrink (goal=Patrol)
[01:07:05] [TASK] Tobias → TradeRun (goal=Patrol)
[01:07:05] [GOAL] Tobias achieved Patrol
[01:07:05] [TASK] Igor → TradeRun (goal=Patrol)
[01:07:05] [GOAL] Igor achieved Patrol
[01:07:06] [GEAR] Yuriy looted [wpn_pm] via combat
[01:07:06] [TASK] Vasyl → TradeRun (goal=Patrol)
[01:07:06] [GOAL] Vasyl achieved Patrol
[01:07:07] [TASK] Mikhail → TradeRun (goal=Patrol)
[01:07:07] [GOAL] Mikhail achieved Patrol
[01:07:08] [TASK] Taras → TradeRun (goal=Patrol)
[01:07:08] [GOAL] Taras achieved Patrol
[01:07:09] [TASK] Zura → TradeRun (goal=Patrol)
[01:07:09] [GOAL] Zura achieved Patrol
[01:07:10] [TASK] Sidorovich → RestAtBase (goal=Patrol)
[01:07:10] [GOAL] Sidorovich achieved Patrol
[01:07:11] [TASK] Taras → ShareDrink (goal=Patrol)
[01:07:11] [TASK] Damir → ShareDrink (goal=Patrol)
[01:07:11] [TASK] Taras → ShareDrink (goal=Patrol)
[01:07:11] [GOAL] Taras achieved Patrol
[01:07:11] [TASK] Igor → ShareDrink (goal=Patrol)
[01:07:11] [TASK] Sidorovich → ShareDrink (goal=Patrol)
[01:07:11] [TASK] Mikhail → ShareDrink (goal=Patrol)
[01:07:11] [TASK] Vasyl → ShareDrink (goal=Patrol)
[01:07:11] [TASK] Mikhail → ShareDrink (goal=Patrol)
[01:07:11] [TASK] Zura → ShareDrink (goal=Patrol)
[01:07:11] [TASK] Tobias → ShareDrink (goal=Patrol)
[01:07:12] [RANK] Dmytro Bondarenko 'Bullet' → Trainee
[01:07:13] [TASK] Ivan → RestAtBase (goal=Patrol)
[01:07:13] [GOAL] Ivan achieved Patrol
[01:07:13] [GEAR] Oleg looted [out_stalker_tigerstripe_outfit] via combat
[01:07:13] [TASK] Oleksiy → RestAtBase (goal=Patrol)
[01:07:13] [GOAL] Oleksiy achieved Patrol
[01:07:13] [GEAR] Vasyl looted [wpn_ak74, out_monolith_outfit, helm_helm_ranger] via combat
[01:07:15] [CORPSE] Despawned 26 bodies (lifetime=688)
[01:07:15] [TASK] Ivan → ShareDrink (goal=Patrol)
[01:07:16] [TASK] Damir → ShareDrink (goal=Patrol)
[01:07:16] [GOAL] Damir achieved Patrol
[01:07:16] [TASK] Taras → ShareDrink (goal=Patrol)
[01:07:16] [GOAL] Taras achieved Patrol
[01:07:16] [TASK] Oleksiy → ShareDrink (goal=Patrol)
[01:07:16] [TASK] Taras → TradeRun (goal=Patrol)
[01:07:16] [GOAL] Taras achieved Patrol
[01:07:16] [TASK] Nikolai → RestAtBase (goal=Patrol)
[01:07:16] [GOAL] Nikolai achieved Patrol
[01:07:18] [GEAR] Oleg looted [wpn_fn2000] via combat
[01:07:18] [TASK] Vasyl → TradeRun (goal=Patrol)
[01:07:18] [GOAL] Vasyl achieved Patrol
[01:07:18] [TASK] Damir → ShareDrink (goal=Patrol)
[01:07:18] [GOAL] Damir achieved Patrol
[01:07:18] [TASK] Taras → ShareDrink (goal=Patrol)
[01:07:18] [GOAL] Taras achieved Patrol
[01:07:18] [TASK] Dmytro → RestAtBase (goal=Patrol)
[01:07:18] [GOAL] Dmytro achieved Patrol
[01:07:20] [TASK] Taras → RestAtBase (goal=Patrol)
[01:07:20] [GOAL] Taras achieved Patrol
[01:07:20] [SPAWN] Trickle +4 stalkers, +0 mutants
[01:07:21] [TASK] Taras → TradeRun (goal=Patrol)
[01:07:21] [GOAL] Taras achieved Patrol
[01:07:21] [TASK] Yuriy → RestAtBase (goal=Patrol)
[01:07:21] [GOAL] Yuriy achieved Patrol
[01:07:21] [TASK] Bakhyt → RestAtBase (goal=Patrol)
[01:07:21] [GOAL] Bakhyt achieved Patrol
[01:07:21] [GEAR] Oleksiy looted [wpn_ak74, wpn_sg550, arm_exo, helm_helm_metro] via combat
[01:07:22] [TASK] Damir → ShareDrink (goal=Patrol)
[01:07:22] [GOAL] Damir achieved Patrol
[01:07:22] [TASK] Taras → ShareDrink (goal=Patrol)
[01:07:22] [GOAL] Taras achieved Patrol
[01:07:22] [TASK] Vasyl → ShareDrink (goal=Patrol)
[01:07:22] [TASK] Dmytro → ShareDrink (goal=Patrol)
[01:07:22] [TASK] Nikolai → ShareDrink (goal=Patrol)
[01:07:22] [TASK] Bakhyt → ShareDrink (goal=Patrol)
[01:07:22] [TASK] Yuriy → ShareDrink (goal=Patrol)
[01:07:23] [TASK] Taras → ShareDrink (goal=Patrol)
[01:07:23] [TASK] Taras → ShareDrink (goal=Patrol)
[01:07:24] [GEAR] Tobias looted [wpn_fn2000, wpn_sg550, helm_gas] via combat
[01:07:24] [TASK] Viktor → TradeRun (goal=Patrol)
[01:07:24] [GOAL] Viktor achieved Patrol
[01:07:24] [TASK] Mykola → RestAtBase (goal=Patrol)
[01:07:24] [GOAL] Mykola achieved Patrol
[01:07:24] [GEAR] Sergei looted [wpn_ak74, wpn_fort12] via combat
[01:07:25] [TASK] Giorgi → TradeRun (goal=Patrol)
[01:07:25] [GOAL] Giorgi achieved Patrol
[01:07:25] [TASK] Yuriy → RestAtBase (goal=Patrol)
[01:07:25] [GOAL] Yuriy achieved Patrol
[01:07:25] [TASK] Dmitri → RestAtBase (goal=Patrol)
[01:07:25] [GOAL] Dmitri achieved Patrol
[01:07:25] [GEAR] Lasha looted [wpn_fn2000, out_exolight_outfit, helm_gas] via combat
[01:07:26] [GEAR] Alexei looted [wpn_ak74, wpn_mp5, out_monolith_outfit, helm_gas] via combat
[01:07:26] [TASK] Tobias → RestAtBase (goal=Patrol)
[01:07:26] [GOAL] Tobias achieved Patrol
[01:07:26] [RANK] Frank Sokolov 'Shadow' → Trainee
[01:07:26] [TASK] Viktor → TradeRun (goal=Patrol)
[01:07:26] [GOAL] Viktor achieved Patrol
[01:07:26] [TASK] Yuriy → RestAtBase (goal=Patrol)
[01:07:26] [GOAL] Yuriy achieved Patrol
[01:07:27] [TASK] Mykola → ShareDrink (goal=Patrol)
[01:07:27] [TASK] Yuriy → ShareDrink (goal=Patrol)
[01:07:27] [TASK] Yuriy → ShareDrink (goal=Patrol)
[01:07:27] [TASK] Dmitri → ShareDrink (goal=Patrol)
[01:07:27] [TASK] Tobias → ShareDrink (goal=Patrol)
[01:07:27] [GEAR] Taras looted [wpn_pm] via combat
[01:07:27] [TASK] Giorgi → ShareDrink (goal=Patrol)
[01:07:27] [TASK] Andrei → ShareDrink (goal=Patrol)
[01:07:27] [TASK] Damir → ShareDrink (goal=Patrol)
[01:07:27] [GOAL] Damir achieved Patrol
[01:07:27] [TASK] Taras → ShareDrink (goal=Patrol)
[01:07:27] [GOAL] Taras achieved Patrol
[01:07:28] [TASK] Nodar → TradeRun (goal=Patrol)
[01:07:28] [GOAL] Nodar achieved Patrol
[01:07:28] [RANK] Taras Bondarenko 'Scar' → Trainee
[01:07:28] [TASK] Igor → TradeRun (goal=Patrol)
[01:07:28] [GOAL] Igor achieved Patrol
[01:07:29] [TASK] Oleksiy → RestAtBase (goal=Patrol)
[01:07:29] [GOAL] Oleksiy achieved Patrol
[01:07:29] [GEAR] Dmytro looted [wpn_fn2000, arm_exo, helm_tactic] via combat
[01:07:29] [TASK] Viktor → TradeRun (goal=Patrol)
[01:07:29] [GOAL] Viktor achieved Patrol
[01:07:30] [CORPSE] Despawned 25 bodies (lifetime=713)
[01:07:30] [TASK] Sergei → HarvestArtifact (goal=Patrol)
[01:07:30] [GOAL] Sergei achieved Patrol
[01:07:30] [TASK] Igor → RestAtBase (goal=Patrol)
[01:07:30] [GOAL] Igor achieved Patrol
[01:07:30] [GEAR] Igor looted [helm_bandana] via combat
[01:07:30] [GEAR] Sergei looted [wpn_ak74, wpn_mp5] via combat
[01:07:31] [TASK] Vasyl → RestAtBase (goal=Patrol)
[01:07:31] [GOAL] Vasyl achieved Patrol
[01:07:31] [TASK] Igor → ShareDrink (goal=Patrol)
[01:07:31] [GEAR] Frank looted [wpn_fort12, helm_helm_battle] via combat
[01:07:32] [RANK] Alibek Kovalenko 'Bone' → Trainee
[01:07:32] [GEAR] Alibek looted [arm_freedom] via combat
[01:07:32] [SNAPSHOT] real=12.7min game=D0 00:30 alive S=371 M=403 corpses=1099 lootable=591 gammaGear out=227 helm=319 avgRU=650 leaderGoals trade=1 mission=0 emission=Dormant nextIn=46gmin desperate=0 hungry=0 interval deaths=110 combats=160 tasks=98 gearLoot=15 gearBuy=0 corpseDespawn=51 trickleSpawns=5 ranks=[Rookie:359,Trainee:10,Experienced:2] goals=[Patrol::173] leaders: Taras[Rookie/Patrol:], Ivan[Rookie/Patrol:], Sergei[Rookie/Patrol:], Mykola[Rookie/Patrol:], Sergei[Rookie/Patrol:]
[01:07:32] [TASK] Taras → ShareDrink (goal=Patrol)
[01:07:32] [GOAL] Taras achieved Patrol
[01:07:32] [TASK] Nodar → ShareDrink (goal=Patrol)
[01:07:32] [TASK] Igor → ShareDrink (goal=Patrol)
[01:07:33] [TASK] Viktor → ShareDrink (goal=Patrol)
[01:07:33] [TASK] Oleksiy → ShareDrink (goal=Patrol)
[01:07:33] [TASK] Vasyl → ShareDrink (goal=Patrol)
[01:07:33] [TASK] Damir → ShareDrink (goal=Patrol)
[01:07:33] [GOAL] Damir achieved Patrol
[01:07:33] [TASK] Pierre → ShareDrink (goal=Patrol)
[01:07:34] [GEAR] Rustam looted [out_scientific_outfit] via combat
[01:07:35] [TASK] Yuriy → TradeRun (goal=Patrol)
[01:07:35] [GOAL] Yuriy achieved Patrol
[01:07:35] [TASK] Rustam → RestAtBase (goal=Patrol)
[01:07:35] [GOAL] Rustam achieved Patrol
[01:07:36] [GEAR] Dmitri looted [wpn_mp5] via combat
[01:07:37] [TASK] Yuriy → ShareDrink (goal=Patrol)
[01:07:37] [TASK] Damir → ShareDrink (goal=Patrol)
[01:07:37] [GOAL] Damir achieved Patrol
[01:07:37] [TASK] Igor → ShareDrink (goal=Patrol)
[01:07:37] [TASK] Rustam → ShareDrink (goal=Patrol)
[01:07:37] [SPAWN] Trickle +0 stalkers, +1 mutants
[01:07:38] [GEAR] Zura looted [wpn_mp5, arm_duty, helm_tactic] via combat
[01:07:38] [TASK] Andriy → RestAtBase (goal=Patrol)
[01:07:38] [GOAL] Andriy achieved Patrol
[01:07:38] [GEAR] Oleg looted [wpn_pm] via combat
[01:07:38] [GEAR] Taras looted [wpn_pm] via combat
[01:07:40] [GEAR] Yuriy looted [wpn_sg550, wpn_sg550] via combat
[01:07:40] [GEAR] Vasyl looted [wpn_fn2000, arm_exo, helm_helm_battle] via combat
[01:07:40] [TASK] Damir → ShareDrink (goal=Patrol)
[01:07:40] [GOAL] Damir achieved Patrol
[01:07:40] [TASK] Sergei → ShareDrink (goal=Patrol)
[01:07:40] [TASK] Andriy → ShareDrink (goal=Patrol)
[01:07:41] [TASK] Mikhail → RestAtBase (goal=Patrol)
[01:07:41] [GOAL] Mikhail achieved Patrol
[01:07:41] [RANK] Dmitri Petrenko 'Raven' → Trainee
[01:07:42] [RANK] Bohdan Bondarenko 'Scar' → Trainee
[01:07:42] [GEAR] Mykola looted [wpn_sg550] via combat
[01:07:42] [CORPSE] Despawned 24 bodies (lifetime=737)
[01:07:43] [TASK] Dmytro → RestAtBase (goal=Patrol)
[01:07:43] [GOAL] Dmytro achieved Patrol
[01:07:43] [TASK] Sean → HarvestArtifact (goal=Patrol)
[01:07:43] [GOAL] Sean achieved Patrol
[01:07:44] [TASK] Andriy → RestAtBase (goal=Patrol)
[01:07:44] [GOAL] Andriy achieved Patrol
[01:07:45] [GEAR] Alibek looted [wpn_svd, wpn_mp5, out_exo_merc_wood_outfit, helm_helm_ranger] via combat
[01:07:45] [GEAR] Dmytro looted [arm_freedom] via combat
[01:07:46] [TASK] Dmytro → ShareDrink (goal=Patrol)
[01:07:46] [TASK] Mikhail → ShareDrink (goal=Patrol)
[01:07:46] [TASK] Damir → ShareDrink (goal=Patrol)
[01:07:46] [GOAL] Damir achieved Patrol
[01:07:46] [TASK] Andriy → ShareDrink (goal=Patrol)
[01:07:47] [TASK] Dmytro → HarvestArtifact (goal=Patrol)
[01:07:47] [GOAL] Dmytro achieved Patrol
[01:07:48] [GEAR] Rustam looted [wpn_mp5] via combat
[01:07:48] [TASK] Sean → TradeRun (goal=Patrol)
[01:07:48] [GOAL] Sean achieved Patrol
[01:07:49] [GEAR] Mykola looted [wpn_fn2000, wpn_mp5, out_exolight_outfit, helm_helm_tactic] via combat
[01:07:50] [TASK] Yuriy → RestAtBase (goal=Patrol)
[01:07:50] [GOAL] Yuriy achieved Patrol
[01:07:50] [TASK] Serhiy → HarvestArtifact (goal=Patrol)
[01:07:50] [GOAL] Serhiy achieved Patrol
[01:07:51] [TASK] Igor → ShareDrink (goal=Patrol)
[01:07:51] [TASK] Serhiy → ShareDrink (goal=Patrol)
[01:07:51] [TASK] Yuriy → ShareDrink (goal=Patrol)
[01:07:51] [GEAR] Karl looted [wpn_fort12, helm_tactic] via combat
[01:07:51] [TASK] Damir → ShareDrink (goal=Patrol)
[01:07:51] [GOAL] Damir achieved Patrol
[01:07:51] [TASK] Sean → ShareDrink (goal=Patrol)
[01:07:52] [TASK] Mykola → RestAtBase (goal=Patrol)
[01:07:52] [GOAL] Mykola achieved Patrol
[01:07:52] [SPAWN] Trickle +1 stalkers, +0 mutants
[01:07:54] [TASK] Dmitri → RestAtBase (goal=Patrol)
[01:07:54] [GOAL] Dmitri achieved Patrol
[01:07:55] [CORPSE] Despawned 36 bodies (lifetime=773)
[01:07:55] [TASK] Ivan → RestAtBase (goal=Patrol)
[01:07:55] [GOAL] Ivan achieved Patrol
[01:07:55] [TASK] Bakhyt → RestAtBase (goal=Patrol)
[01:07:55] [GOAL] Bakhyt achieved Patrol
[01:07:56] [SPAWN] Trickle +5 stalkers, +0 mutants
[01:07:56] [GEAR] Tobias looted [wpn_fn2000, wpn_sg550, arm_exo, helm_helm_spartan] via combat
[01:07:56] [TASK] Timur → RestAtBase (goal=Patrol)
[01:07:56] [GOAL] Timur achieved Patrol
[01:07:57] [TASK] Dmytro → RestAtBase (goal=Patrol)
[01:07:57] [GOAL] Dmytro achieved Patrol
[01:07:57] [TASK] Oleksiy → RestAtBase (goal=Patrol)
[01:07:57] [GOAL] Oleksiy achieved Patrol
[01:07:57] [TASK] Dmytro → RestAtBase (goal=Patrol)
[01:07:57] [GOAL] Dmytro achieved Patrol
[01:07:57] [TASK] Frank → PatrolWilds [yantar] (goal=Patrol)
[01:07:57] [GOAL] Frank achieved Patrol
[01:07:58] [GEAR] Oleg looted [wpn_aksu, wpn_pm] via combat
[01:07:58] [GEAR] Mykola looted [wpn_ak74, arm_exo, helm_helm_spartan] via combat
[01:07:58] [TASK] Dmytro → ShareDrink (goal=Patrol)
[01:07:58] [TASK] Dmytro → ShareDrink (goal=Patrol)
[01:07:58] [TASK] Ivan → ShareDrink (goal=Patrol)
[01:07:58] [TASK] Dmitri → ShareDrink (goal=Patrol)
[01:07:58] [TASK] Andriy → ShareDrink (goal=Patrol)
[01:07:58] [TASK] Taras → ShareDrink (goal=Patrol)
[01:07:58] [TASK] Timur → ShareDrink (goal=Patrol)
[01:07:58] [TASK] Bakhyt → ShareDrink (goal=Patrol)
[01:07:58] [TASK] Oleksiy → ShareDrink (goal=Patrol)
[01:07:58] [TASK] Mykola → ShareDrink (goal=Patrol)
[01:07:59] [TASK] Karl → RestAtBase (goal=Patrol)
[01:07:59] [GOAL] Karl achieved Patrol
[01:08:02] [GEAR] Pavel looted [out_exo_outfit, helm_helm_ranger] via combat
[01:08:02] [TASK] Mykola → RestAtBase (goal=Patrol)
[01:08:02] [GOAL] Mykola achieved Patrol
[01:08:03] [SNAPSHOT] real=13.3min game=D0 00:31 alive S=282 M=340 corpses=1198 lootable=642 gammaGear out=176 helm=243 avgRU=650 leaderGoals trade=2 mission=0 emission=Dormant nextIn=45gmin desperate=0 hungry=0 interval deaths=95 combats=159 tasks=56 gearLoot=17 gearBuy=0 corpseDespawn=60 trickleSpawns=7 ranks=[Rookie:270,Trainee:10,Experienced:2] goals=[Patrol::139] leaders: Ivan[Rookie/Patrol:], Sergei[Rookie/Patrol:], Mykola[Rookie/Patrol:], Sergei[Rookie/Patrol:], Nikolai[Rookie/Patrol:]
[01:08:04] [TASK] Mykola → RestAtBase (goal=Patrol)
[01:08:04] [GOAL] Mykola achieved Patrol
[01:08:04] [GEAR] Vasyl looted [wpn_fort12, out_exo_outfit] via combat
[01:08:05] [TASK] Sergei → ShareDrink (goal=Patrol)
[01:08:05] [TASK] Mykola → ShareDrink (goal=Patrol)
[01:08:05] [TASK] Mykola → ShareDrink (goal=Patrol)
[01:08:05] [TASK] Mykola → ShareDrink (goal=Patrol)
[01:08:05] [TASK] Karl → ShareDrink (goal=Patrol)
[01:08:06] [GEAR] Dmytro looted [wpn_pm] via combat
[01:08:06] [GEAR] Timur looted [wpn_fn2000, wpn_fort12, arm_exo, helm_helm_battle] via combat
[01:08:07] [CORPSE] Despawned 24 bodies (lifetime=797)
[01:08:07] [TASK] Bakhyt → RestAtBase (goal=Patrol)
[01:08:07] [GOAL] Bakhyt achieved Patrol
[01:08:08] [SPAWN] Trickle +0 stalkers, +1 mutants
[01:08:08] [GEAR] Oleksiy looted [wpn_ak74, wpn_fort12, out_stalker_proto_exo_outfit, helm_tactic] via combat
[01:08:08] [TASK] Serhiy → RestAtBase (goal=Patrol)
[01:08:08] [GOAL] Serhiy achieved Patrol
[01:08:09] [TASK] Sergei → RestAtBase (goal=Patrol)
[01:08:09] [GOAL] Sergei achieved Patrol
[01:08:09] [TASK] Oleg → RestAtBase (goal=Patrol)
[01:08:09] [GOAL] Oleg achieved Patrol
[01:08:09] [GEAR] Heinrich looted [wpn_fn2000, out_monolith_outfit, helm_helm_protective] via combat
[01:08:10] [TASK] Bohdan → ShareDrink (goal=Patrol)
[01:08:10] [TASK] Serhiy → ShareDrink (goal=Patrol)
[01:08:10] [TASK] Bakhyt → ShareDrink (goal=Patrol)
[01:08:10] [TASK] Igor → ShareDrink (goal=Patrol)
[01:08:10] [TASK] Sergei → ShareDrink (goal=Patrol)
[01:08:10] [TASK] Oleg → ShareDrink (goal=Patrol)
[01:08:10] [TASK] Ivan → PatrolWilds [red_forest] (goal=Patrol)
[01:08:10] [GOAL] Ivan achieved Patrol
[01:08:11] [TASK] Ivan → RestAtBase (goal=Patrol)
[01:08:11] [GOAL] Ivan achieved Patrol
[01:08:11] [TASK] Serhiy → RestAtBase (goal=Patrol)
[01:08:11] [GOAL] Serhiy achieved Patrol
[01:08:12] [TASK] Oleg → RestAtBase (goal=Patrol)
[01:08:12] [GOAL] Oleg achieved Patrol
[01:08:12] [GEAR] Timur looted [wpn_fn2000, wpn_sg550] via combat
[01:08:12] [TASK] Alibek → RestAtBase (goal=Patrol)
[01:08:12] [GOAL] Alibek achieved Patrol
[01:08:13] [TASK] Oleksiy → HarvestArtifact (goal=Patrol)
[01:08:13] [GOAL] Oleksiy achieved Patrol
[01:08:13] [TASK] Ivan → ShareDrink (goal=Patrol)
[01:08:13] [TASK] Alibek → ShareDrink (goal=Patrol)
[01:08:13] [TASK] Serhiy → ShareDrink (goal=Patrol)
[01:08:13] [TASK] Oleg → ShareDrink (goal=Patrol)
[01:08:13] [TASK] Alexei → ShareDrink (goal=Patrol)
[01:08:14] [SPAWN] Trickle +1 stalkers, +0 mutants
[01:08:15] [TASK] Andriy → RestAtBase (goal=Patrol)
[01:08:15] [GOAL] Andriy achieved Patrol
[01:08:15] [TASK] Taras → RestAtBase (goal=Patrol)
[01:08:15] [GOAL] Taras achieved Patrol
[01:08:15] [GEAR] Taras looted [wpn_fn2000, out_exolight_outfit] via combat
[01:08:15] [GEAR] Alexei looted [wpn_fort12, out_merc_exolight_outfit] via combat
[01:08:16] [GEAR] Taras looted [helm_helm_spartan] via combat
[01:08:16] [TASK] Oleg → RestAtBase (goal=Patrol)
[01:08:16] [GOAL] Oleg achieved Patrol
[01:08:18] [TASK] Andriy → ShareDrink (goal=Patrol)
[01:08:18] [TASK] Oleg → ShareDrink (goal=Patrol)
[01:08:18] [TASK] Taras → ShareDrink (goal=Patrol)
[01:08:18] [CORPSE] Despawned 22 bodies (lifetime=819)
[01:08:18] [TASK] Nodar → ShareDrink (goal=Patrol)
[01:08:18] [TASK] Taras → ShareDrink (goal=Patrol)
[01:08:18] [TASK] Bohdan → RestAtBase (goal=Patrol)
[01:08:18] [GOAL] Bohdan achieved Patrol
[01:08:19] [TASK] Yuriy → RestAtBase (goal=Patrol)
[01:08:19] [GOAL] Yuriy achieved Patrol
[01:08:19] [TASK] Oleksiy → TradeRun (goal=Patrol)
[01:08:19] [GOAL] Oleksiy achieved Patrol
[01:08:20] [TASK] Igor → RestAtBase (goal=Patrol)
[01:08:20] [GOAL] Igor achieved Patrol
[01:08:22] [TASK] Bohdan → ShareDrink (goal=Patrol)
[01:08:22] [TASK] Yuriy → ShareDrink (goal=Patrol)
[01:08:22] [TASK] Igor → ShareDrink (goal=Patrol)
[01:08:22] [TASK] Giorgi → TradeRun (goal=Patrol)
[01:08:22] [GOAL] Giorgi achieved Patrol
[01:08:22] [TASK] Oleksiy → TradeRun (goal=Patrol)
[01:08:22] [GOAL] Oleksiy achieved Patrol
[01:08:22] [TASK] Pavel → RestAtBase (goal=Patrol)
[01:08:22] [GOAL] Pavel achieved Patrol
[01:08:22] [TASK] Ivan → RestAtBase (goal=Patrol)
[01:08:22] [GOAL] Ivan achieved Patrol
[01:08:22] [TASK] Pavel → RestAtBase (goal=Patrol)
[01:08:22] [GOAL] Pavel achieved Patrol
[01:08:23] [GEAR] Nikolai looted [out_merc_exolight_outfit, helm_tactic] via combat
[01:08:23] [TASK] Mykola → RestAtBase (goal=Patrol)
[01:08:23] [GOAL] Mykola achieved Patrol
[01:08:24] [TASK] Pavel → ShareDrink (goal=Patrol)
[01:08:24] [TASK] Giorgi → ShareDrink (goal=Patrol)
[01:08:24] [TASK] Pavel → ShareDrink (goal=Patrol)
[01:08:24] [TASK] Oleksiy → ShareDrink (goal=Patrol)
[01:08:24] [TASK] Ivan → ShareDrink (goal=Patrol)
[01:08:24] [TASK] Mykola → ShareDrink (goal=Patrol)
[01:08:24] [TASK] Yuriy → RestAtBase (goal=Patrol)
[01:08:24] [GOAL] Yuriy achieved Patrol
[01:08:24] [TASK] Mykola → RestAtBase (goal=Patrol)
[01:08:24] [GOAL] Mykola achieved Patrol
[01:08:25] [TASK] Serhiy → RestAtBase (goal=Patrol)
[01:08:25] [GOAL] Serhiy achieved Patrol
[01:08:26] [GEAR] Oleg looted [arm_freedom] via combat
[01:08:27] [TASK] Mykola → ShareDrink (goal=Patrol)
[01:08:27] [TASK] Yuriy → ShareDrink (goal=Patrol)
[01:08:27] [TASK] Serhiy → ShareDrink (goal=Patrol)
[01:08:28] [TASK] Taras → TradeRun (goal=Patrol)
[01:08:28] [GOAL] Taras achieved Patrol
[01:08:29] [RANK] Andrei Popov 'Ghost' → Trainee
[01:08:29] [TASK] Oleg → RestAtBase (goal=Patrol)
[01:08:29] [GOAL] Oleg achieved Patrol
[01:08:29] [CORPSE] Despawned 28 bodies (lifetime=847)
[01:08:29] [GEAR] Taras looted [wpn_fn2000, out_exolight_outfit] via combat
[01:08:30] [TASK] Oleksiy → RestAtBase (goal=Patrol)
[01:08:30] [GOAL] Oleksiy achieved Patrol
[01:08:30] [GEAR] Pierre looted [out_stalker_autumn_outfit, helm_helm_respirator_old] via combat
[01:08:31] [GEAR] Connor looted [wpn_fn2000, wpn_sg550, arm_exo, helm_helm_battle] via combat
[01:08:31] [GEAR] Mikhail looted [wpn_fn2000, wpn_sg550, helm_helm_metro] via combat
[01:08:31] [RANK] Serhiy Ivanov 'Fox' → Trainee
[01:08:32] [TASK] Sergei → RestAtBase (goal=Patrol)
[01:08:32] [GOAL] Sergei achieved Patrol
[01:08:32] [GEAR] Oleksiy looted [wpn_fn2000, wpn_sg550, arm_exo, helm_exo] via combat
[01:08:33] [GEAR] Mykola looted [wpn_pm] via combat
[01:08:33] [TASK] Tobias → RestAtBase (goal=Patrol)
[01:08:33] [GOAL] Tobias achieved Patrol
[01:08:33] [TASK] Mikhail → TradeRun (goal=Patrol)
[01:08:33] [GOAL] Mikhail achieved Patrol
[01:08:34] [SNAPSHOT] real=13.8min game=D0 00:33 alive S=223 M=315 corpses=1210 lootable=651 gammaGear out=145 helm=197 avgRU=650 leaderGoals trade=0 mission=0 emission=Dormant nextIn=43gmin desperate=0 hungry=0 interval deaths=60 combats=86 tasks=66 gearLoot=17 gearBuy=0 corpseDespawn=74 trickleSpawns=2 ranks=[Rookie:212,Trainee:9,Experienced:2] goals=[Patrol::112] leaders: Ivan[Rookie/Patrol:], Sergei[Rookie/Patrol:], Mykola[Rookie/Patrol:], Nikolai[Rookie/Patrol:], Frank[Rookie/Patrol:]
[01:08:34] [TASK] Serhiy → RestAtBase (goal=Patrol)
[01:08:34] [GOAL] Serhiy achieved Patrol
[01:08:34] [TASK] Zura → RestAtBase (goal=Patrol)
[01:08:34] [GOAL] Zura achieved Patrol
[01:08:34] [TASK] Taras → RestAtBase (goal=Patrol)
[01:08:34] [GOAL] Taras achieved Patrol
[01:08:34] [TASK] Tobias → RestAtBase (goal=Patrol)
[01:08:34] [GOAL] Tobias achieved Patrol
[01:08:35] [TASK] Oleg → ShareDrink (goal=Patrol)
[01:08:35] [TASK] Tobias → ShareDrink (goal=Patrol)
[01:08:35] [TASK] Mikhail → ShareDrink (goal=Patrol)
[01:08:35] [TASK] Oleksiy → ShareDrink (goal=Patrol)
[01:08:35] [TASK] Tobias → ShareDrink (goal=Patrol)
[01:08:35] [TASK] Taras → ShareDrink (goal=Patrol)
[01:08:35] [TASK] Serhiy → ShareDrink (goal=Patrol)
[01:08:35] [TASK] Zura → ShareDrink (goal=Patrol)
[01:08:35] [TASK] Vasyl → ShareDrink (goal=Patrol)
[01:08:35] [TASK] Sergei → ShareDrink (goal=Patrol)
[01:08:36] [TASK] Giorgi → RestAtBase (goal=Patrol)
[01:08:36] [GOAL] Giorgi achieved Patrol
[01:08:36] [TASK] Damir → RestAtBase (goal=Patrol)
[01:08:36] [GOAL] Damir achieved Patrol
[01:08:37] [SPAWN] Trickle +1 stalkers, +0 mutants
[01:08:38] [TASK] Mikhail → RestAtBase (goal=Patrol)
[01:08:38] [GOAL] Mikhail achieved Patrol
[01:08:40] [TASK] Giorgi → ShareDrink (goal=Patrol)
[01:08:40] [TASK] Damir → ShareDrink (goal=Patrol)
[01:08:40] [TASK] Mikhail → ShareDrink (goal=Patrol)
[01:08:40] [CORPSE] Despawned 32 bodies (lifetime=879)
[01:08:40] [TASK] Mykola → RestAtBase (goal=Patrol)
[01:08:40] [GOAL] Mykola achieved Patrol
[01:08:42] [TASK] Oleg → RestAtBase (goal=Patrol)
[01:08:42] [GOAL] Oleg achieved Patrol
[01:08:42] [RANK] Alexei Ivanov 'Jackal' → Trainee
[01:08:44] [TASK] Mykola → ShareDrink (goal=Patrol)
[01:08:44] [TASK] Sergei → ShareDrink (goal=Patrol)
[01:08:44] [TASK] Oleg → ShareDrink (goal=Patrol)
[01:08:44] [GEAR] Dmytro looted [wpn_pm] via combat
[01:08:45] [TASK] Oleksiy → RestAtBase (goal=Patrol)
[01:08:45] [GOAL] Oleksiy achieved Patrol
[01:08:46] [TASK] Andriy → RestAtBase (goal=Patrol)
[01:08:46] [GOAL] Andriy achieved Patrol
[01:08:47] [TASK] Oleksiy → RestAtBase (goal=Patrol)
[01:08:47] [GOAL] Oleksiy achieved Patrol
[01:08:47] [TASK] Damir → RestAtBase (goal=Patrol)
[01:08:47] [GOAL] Damir achieved Patrol
[01:08:48] [TASK] Oleksiy → ShareDrink (goal=Patrol)
[01:08:48] [TASK] Oleksiy → ShareDrink (goal=Patrol)
[01:08:48] [TASK] Andriy → ShareDrink (goal=Patrol)
[01:08:48] [TASK] Damir → ShareDrink (goal=Patrol)
[01:08:50] [TASK] Frank → HarvestArtifact (goal=Patrol)
[01:08:50] [GOAL] Frank achieved Patrol
[01:08:50] [TASK] Sidorovich → RestAtBase (goal=Patrol)
[01:08:50] [GOAL] Sidorovich achieved Patrol
[01:08:51] [SPAWN] Trickle +0 stalkers, +1 mutants
[01:08:51] [CORPSE] Despawned 22 bodies (lifetime=901)
[01:08:51] [TASK] Frank → TradeRun (goal=Patrol)
[01:08:51] [GOAL] Frank achieved Patrol
[01:08:51] [TASK] Dmytro → RestAtBase (goal=Patrol)
[01:08:51] [GOAL] Dmytro achieved Patrol
[01:08:52] [TASK] Mikhail → RestAtBase (goal=Patrol)
[01:08:52] [GOAL] Mikhail achieved Patrol
[01:08:53] [TASK] Sidorovich → ShareDrink (goal=Patrol)
[01:08:53] [TASK] Mikhail → ShareDrink (goal=Patrol)
[01:08:53] [TASK] Dmytro → ShareDrink (goal=Patrol)
[01:08:53] [TASK] Bohdan → ShareDrink (goal=Patrol)
[01:08:53] [TASK] Frank → ShareDrink (goal=Patrol)
[01:08:56] [TASK] Oleksiy → RestAtBase (goal=Patrol)
[01:08:56] [GOAL] Oleksiy achieved Patrol
[01:08:56] [TASK] Dmytro → RestAtBase (goal=Patrol)
[01:08:56] [GOAL] Dmytro achieved Patrol
[01:08:56] [TASK] Yuriy → RestAtBase (goal=Patrol)
[01:08:56] [GOAL] Yuriy achieved Patrol
[01:08:58] [TASK] Andriy → RestAtBase (goal=Patrol)
[01:08:58] [GOAL] Andriy achieved Patrol
[01:08:58] [SPAWN] Trickle +1 stalkers, +0 mutants
[01:08:58] [TASK] Vasyl → RestAtBase (goal=Patrol)
[01:08:58] [GOAL] Vasyl achieved Patrol
[01:08:59] [TASK] Bohdan → RestAtBase (goal=Patrol)
[01:08:59] [GOAL] Bohdan achieved Patrol
[01:08:59] [TASK] Andriy → RestAtBase (goal=Patrol)
[01:08:59] [GOAL] Andriy achieved Patrol
[01:09:00] [TASK] Lasha → RestAtBase (goal=Patrol)
[01:09:00] [GOAL] Lasha achieved Patrol
[01:09:00] [TASK] Vasyl → ShareDrink (goal=Patrol)
[01:09:00] [TASK] Andriy → ShareDrink (goal=Patrol)
[01:09:00] [TASK] Yuriy → ShareDrink (goal=Patrol)
[01:09:00] [TASK] Oleksiy → ShareDrink (goal=Patrol)
[01:09:00] [TASK] Dmytro → ShareDrink (goal=Patrol)
[01:09:00] [TASK] Bohdan → ShareDrink (goal=Patrol)
[01:09:00] [TASK] Andriy → ShareDrink (goal=Patrol)
[01:09:00] [TASK] Lasha → ShareDrink (goal=Patrol)
[01:09:02] [CORPSE] Despawned 28 bodies (lifetime=929)
[01:09:04] [SNAPSHOT] real=14.3min game=D0 00:34 alive S=196 M=299 corpses=1174 lootable=629 gammaGear out=130 helm=174 avgRU=650 leaderGoals trade=1 mission=0 emission=Dormant nextIn=42gmin desperate=0 hungry=0 interval deaths=29 combats=46 tasks=59 gearLoot=1 gearBuy=0 corpseDespawn=82 trickleSpawns=3 ranks=[Rookie:184,Trainee:10,Experienced:2] goals=[Patrol::99] leaders: Ivan[Rookie/Patrol:], Sergei[Rookie/Patrol:], Mykola[Rookie/Patrol:], Vasyl[Rookie/Patrol:], Nikolai[Rookie/Patrol:]
[01:09:05] [TASK] Giorgi → RestAtBase (goal=Patrol)
[01:09:05] [GOAL] Giorgi achieved Patrol
[01:09:08] [TASK] Sergei → RestAtBase (goal=Patrol)
[01:09:08] [GOAL] Sergei achieved Patrol
[01:09:08] [TASK] Dmytro → RestAtBase (goal=Patrol)
[01:09:08] [GOAL] Dmytro achieved Patrol
[01:09:09] [GEAR] Sergei looted [wpn_sg550, arm_exo, helm_helm_battle] via combat
[01:09:10] [TASK] Dmytro → RestAtBase (goal=Patrol)
[01:09:10] [GOAL] Dmytro achieved Patrol
[01:09:10] [TASK] Alexei → RestAtBase (goal=Patrol)
[01:09:10] [GOAL] Alexei achieved Patrol
[01:09:10] [SPAWN] Trickle +1 stalkers, +0 mutants
[01:09:10] [TASK] Andriy → RestAtBase (goal=Patrol)
[01:09:10] [GOAL] Andriy achieved Patrol
[01:09:11] [TASK] Serhiy → RestAtBase (goal=Patrol)
[01:09:11] [GOAL] Serhiy achieved Patrol
[01:09:11] [TASK] Andrei → TradeRun (goal=Patrol)
[01:09:11] [GOAL] Andrei achieved Patrol
[01:09:11] [TASK] Serhiy → ShareDrink (goal=Patrol)
[01:09:11] [TASK] Dmytro → ShareDrink (goal=Patrol)
[01:09:12] [TASK] Sergei → ShareDrink (goal=Patrol)
[01:09:12] [TASK] Dmytro → ShareDrink (goal=Patrol)
[01:09:12] [TASK] Damir → ShareDrink (goal=Patrol)
[01:09:12] [TASK] Alexei → ShareDrink (goal=Patrol)
[01:09:12] [TASK] Andriy → ShareDrink (goal=Patrol)
[01:09:12] [TASK] Giorgi → ShareDrink (goal=Patrol)
[01:09:12] [CORPSE] Despawned 35 bodies (lifetime=964)
[01:09:13] [TASK] Andriy → RestAtBase (goal=Patrol)
[01:09:13] [GOAL] Andriy achieved Patrol
[01:09:13] [TASK] Oleksiy → RestAtBase (goal=Patrol)
[01:09:13] [GOAL] Oleksiy achieved Patrol
[01:09:14] [TASK] Sergei → TradeRun (goal=Patrol)
[01:09:14] [GOAL] Sergei achieved Patrol
[01:09:14] [TASK] Mykola → RestAtBase (goal=Patrol)
[01:09:14] [GOAL] Mykola achieved Patrol
[01:09:14] [TASK] Dmytro → RestAtBase (goal=Patrol)
[01:09:14] [GOAL] Dmytro achieved Patrol
[01:09:15] [TASK] Mykola → ShareDrink (goal=Patrol)
[01:09:16] [TASK] Dmytro → ShareDrink (goal=Patrol)
[01:09:16] [TASK] Andriy → ShareDrink (goal=Patrol)
[01:09:16] [TASK] Sergei → ShareDrink (goal=Patrol)
[01:09:16] [TASK] Oleksiy → ShareDrink (goal=Patrol)
[01:09:16] [TASK] Connor → RestAtBase (goal=Patrol)
[01:09:16] [GOAL] Connor achieved Patrol
[01:09:16] [TASK] Vasyl → RestAtBase (goal=Patrol)
[01:09:16] [GOAL] Vasyl achieved Patrol
[01:09:17] [TASK] Oleksiy → TradeRun (goal=Patrol)
[01:09:17] [GOAL] Oleksiy achieved Patrol
[01:09:18] [TASK] Bakhyt → RestAtBase (goal=Patrol)
[01:09:18] [GOAL] Bakhyt achieved Patrol
[01:09:18] [TASK] Igor → RestAtBase (goal=Patrol)
[01:09:18] [GOAL] Igor achieved Patrol
[01:09:19] [TASK] Zura → RestAtBase (goal=Patrol)
[01:09:19] [GOAL] Zura achieved Patrol
[01:09:20] [TASK] Bakhyt → ShareDrink (goal=Patrol)
[01:09:20] [TASK] Connor → ShareDrink (goal=Patrol)
[01:09:20] [TASK] Oleksiy → ShareDrink (goal=Patrol)
[01:09:20] [TASK] Mikhail → RestAtBase (goal=Patrol)
[01:09:20] [GOAL] Mikhail achieved Patrol
[01:09:20] [TASK] Vasyl → ShareDrink (goal=Patrol)
[01:09:20] [TASK] Zura → RestAtBase (goal=Patrol)
[01:09:20] [GOAL] Zura achieved Patrol
[01:09:20] [TASK] Igor → ShareDrink (goal=Patrol)
[01:09:20] [TASK] Zura → ShareDrink (goal=Patrol)
[01:09:21] [TASK] Sergei → RestAtBase (goal=Patrol)
[01:09:21] [GOAL] Sergei achieved Patrol
[01:09:22] [TASK] Vasyl → RestAtBase (goal=Patrol)
[01:09:22] [GOAL] Vasyl achieved Patrol
[01:09:22] [TASK] Oleksiy → RestAtBase (goal=Patrol)
[01:09:22] [GOAL] Oleksiy achieved Patrol
[01:09:22] [CORPSE] Despawned 27 bodies (lifetime=991)
[01:09:23] [TASK] Zura → ShareDrink (goal=Patrol)
[01:09:23] [TASK] Oleksiy → ShareDrink (goal=Patrol)
[01:09:23] [TASK] Sergei → ShareDrink (goal=Patrol)
[01:09:23] [TASK] Vasyl → ShareDrink (goal=Patrol)
[01:09:23] [TASK] Mikhail → ShareDrink (goal=Patrol)
[01:09:24] [TASK] Nikolai → RestAtBase (goal=Patrol)
[01:09:24] [GOAL] Nikolai achieved Patrol
[01:09:24] [TASK] Ivan → RestAtBase (goal=Patrol)
[01:09:24] [GOAL] Ivan achieved Patrol
[01:09:25] [GEAR] Oleksiy looted [wpn_fn2000] via combat
[01:09:26] [GEAR] Giorgi looted [wpn_fn2000, wpn_sg550, out_merc_exolight_outfit, helm_tactic] via combat
[01:09:26] [TASK] Viktor → RestAtBase (goal=Patrol)
[01:09:26] [GOAL] Viktor achieved Patrol
[01:09:27] [TASK] Taras → RestAtBase (goal=Patrol)
[01:09:27] [GOAL] Taras achieved Patrol
[01:09:28] [TASK] Yuriy → RestAtBase (goal=Patrol)
[01:09:28] [GOAL] Yuriy achieved Patrol
[01:09:29] [TASK] Viktor → ShareDrink (goal=Patrol)
[01:09:29] [TASK] Yuriy → ShareDrink (goal=Patrol)
[01:09:29] [TASK] Taras → ShareDrink (goal=Patrol)
[01:09:29] [TASK] Ivan → ShareDrink (goal=Patrol)
[01:09:29] [TASK] Nikolai → ShareDrink (goal=Patrol)
[01:09:29] [TASK] Tobias → RestAtBase (goal=Patrol)
[01:09:29] [GOAL] Tobias achieved Patrol
[01:09:30] [TASK] Mykola → RestAtBase (goal=Patrol)
[01:09:30] [GOAL] Mykola achieved Patrol
[01:09:31] [TASK] Yuriy → RestAtBase (goal=Patrol)
[01:09:31] [GOAL] Yuriy achieved Patrol
[01:09:32] [CORPSE] Despawned 26 bodies (lifetime=1017)
[01:09:32] [TASK] Igor → RestAtBase (goal=Patrol)
[01:09:32] [GOAL] Igor achieved Patrol
[01:09:33] [GEAR] Pierre looted [wpn_ak74, wpn_mp5, out_scientific_outfit] via combat
[01:09:33] [TASK] Pierre → RestAtBase (goal=Patrol)
[01:09:33] [GOAL] Pierre achieved Patrol
[01:09:33] [TASK] Tobias → ShareDrink (goal=Patrol)
[01:09:34] [SPAWN] Trickle +1 stalkers, +0 mutants
[01:09:34] [SNAPSHOT] real=14.8min game=D0 00:36 alive S=183 M=285 corpses=1115 lootable=593 gammaGear out=121 helm=163 avgRU=650 leaderGoals trade=0 mission=0 emission=Dormant nextIn=40gmin desperate=0 hungry=0 interval deaths=15 combats=29 tasks=64 gearLoot=4 gearBuy=0 corpseDespawn=88 trickleSpawns=2 ranks=[Rookie:174,Trainee:7,Experienced:2] goals=[Patrol::95] leaders: Ivan[Rookie/Patrol:], Sergei[Rookie/Patrol:], Mykola[Rookie/Patrol:], Vasyl[Rookie/Patrol:], Nikolai[Rookie/Patrol:]
[01:09:35] [TASK] Yuriy → RestAtBase (goal=Patrol)
[01:09:35] [GOAL] Yuriy achieved Patrol
[01:09:35] [TASK] Mikhail → RestAtBase (goal=Patrol)
[01:09:35] [GOAL] Mikhail achieved Patrol
[01:09:36] [TASK] Mikhail → ShareDrink (goal=Patrol)
[01:09:36] [TASK] Mykola → ShareDrink (goal=Patrol)
[01:09:36] [TASK] Yuriy → ShareDrink (goal=Patrol)
[01:09:36] [TASK] Yuriy → ShareDrink (goal=Patrol)
[01:09:36] [TASK] Igor → ShareDrink (goal=Patrol)
[01:09:36] [TASK] Viktor → ShareDrink (goal=Patrol)
[01:09:36] [TASK] Pierre → ShareDrink (goal=Patrol)
[01:09:37] [TASK] Bakhyt → RestAtBase (goal=Patrol)
[01:09:37] [GOAL] Bakhyt achieved Patrol
[01:09:37] [TASK] Mikhail → RestAtBase (goal=Patrol)
[01:09:37] [GOAL] Mikhail achieved Patrol
[01:09:37] [TASK] Pavel → RestAtBase (goal=Patrol)
[01:09:37] [GOAL] Pavel achieved Patrol
[01:09:38] [TASK] Viktor → RestAtBase (goal=Patrol)
[01:09:38] [GOAL] Viktor achieved Patrol
[01:09:39] [RANK] Oleksiy Popov 'Badger' → Trainee
[01:09:39] [TASK] Pavel → ShareDrink (goal=Patrol)
[01:09:39] [TASK] Bakhyt → ShareDrink (goal=Patrol)
[01:09:39] [TASK] Mikhail → ShareDrink (goal=Patrol)
[01:09:39] [TASK] Viktor → ShareDrink (goal=Patrol)
[01:09:40] [TASK] Dmitri → RestAtBase (goal=Patrol)
[01:09:40] [GOAL] Dmitri achieved Patrol
[01:09:41] [TASK] Giorgi → RestAtBase (goal=Patrol)
[01:09:41] [GOAL] Giorgi achieved Patrol
[01:09:42] [SPAWN] Trickle +0 stalkers, +1 mutants
[01:09:42] [CORPSE] Despawned 33 bodies (lifetime=1050)
[01:09:43] [TASK] Dmitri → ShareDrink (goal=Patrol)
[01:09:43] [TASK] Giorgi → ShareDrink (goal=Patrol)
[01:09:43] [TASK] Mikhail → RestAtBase (goal=Patrol)
[01:09:43] [GOAL] Mikhail achieved Patrol
[01:09:45] [TASK] Andriy → RestAtBase (goal=Patrol)
[01:09:45] [GOAL] Andriy achieved Patrol
[01:09:46] [TASK] Timur → HarvestArtifact (goal=Patrol)
[01:09:46] [GOAL] Timur achieved Patrol
[01:09:47] [TASK] Andriy → ShareDrink (goal=Patrol)
[01:09:47] [TASK] Mikhail → ShareDrink (goal=Patrol)
[01:09:47] [TASK] Bohdan → RestAtBase (goal=Patrol)
[01:09:47] [GOAL] Bohdan achieved Patrol
[01:09:47] [TASK] Timur → ShareDrink (goal=Patrol)
[01:09:48] [TASK] Mykola → TradeRun (goal=Patrol)
[01:09:48] [GOAL] Mykola achieved Patrol
[01:09:49] [TASK] Serhiy → RestAtBase (goal=Patrol)
[01:09:49] [GOAL] Serhiy achieved Patrol
[01:09:50] [TASK] Nodar → RestAtBase (goal=Patrol)
[01:09:50] [GOAL] Nodar achieved Patrol
[01:09:50] [TASK] Mykola → TradeRun (goal=Patrol)
[01:09:50] [GOAL] Mykola achieved Patrol
[01:09:51] [TASK] Mykola → TradeRun (goal=Patrol)
[01:09:51] [GOAL] Mykola achieved Patrol
[01:09:52] [TASK] Serhiy → ShareDrink (goal=Patrol)
[01:09:52] [TASK] Nodar → ShareDrink (goal=Patrol)
[01:09:52] [TASK] Bohdan → ShareDrink (goal=Patrol)
[01:09:52] [TASK] Mykola → ShareDrink (goal=Patrol)
[01:09:52] [CORPSE] Despawned 34 bodies (lifetime=1084)
[01:09:53] [TASK] Yuriy → RestAtBase (goal=Patrol)
[01:09:53] [GOAL] Yuriy achieved Patrol
[01:09:54] [GEAR] Serhiy looted [helm_exo] via combat
[01:09:55] [TASK] Oleksiy → RestAtBase (goal=Patrol)
[01:09:55] [GOAL] Oleksiy achieved Patrol
[01:09:55] [TASK] Bohdan → RestAtBase (goal=Patrol)
[01:09:55] [GOAL] Bohdan achieved Patrol
[01:09:56] [TASK] Bakhyt → RestAtBase (goal=Patrol)
[01:09:56] [GOAL] Bakhyt achieved Patrol
[01:09:57] [TASK] Yuriy → RestAtBase (goal=Patrol)
[01:09:57] [GOAL] Yuriy achieved Patrol
[01:09:57] [TASK] Oleksiy → ShareDrink (goal=Patrol)
[01:09:57] [TASK] Yuriy → ShareDrink (goal=Patrol)
[01:09:58] [TASK] Frank → RestAtBase (goal=Patrol)
[01:09:58] [GOAL] Frank achieved Patrol
[01:09:58] [SPAWN] Trickle +1 stalkers, +0 mutants
[01:09:58] [TASK] Pavel → RestAtBase (goal=Patrol)
[01:09:58] [GOAL] Pavel achieved Patrol
[01:09:58] [TASK] Oleg → RestAtBase (goal=Patrol)
[01:09:58] [GOAL] Oleg achieved Patrol
[01:09:58] [TASK] Oleg → RestAtBase (goal=Patrol)
[01:09:58] [GOAL] Oleg achieved Patrol
[01:09:59] [TASK] Andriy → RestAtBase (goal=Patrol)
[01:09:59] [GOAL] Andriy achieved Patrol
[01:09:59] [TASK] Ivan → RestAtBase (goal=Patrol)
[01:09:59] [GOAL] Ivan achieved Patrol
[01:09:59] [TASK] Bakhyt → ShareDrink (goal=Patrol)
[01:09:59] [TASK] Ivan → ShareDrink (goal=Patrol)
[01:09:59] [TASK] Oleg → ShareDrink (goal=Patrol)
[01:09:59] [TASK] Yuriy → ShareDrink (goal=Patrol)
[01:09:59] [TASK] Pavel → ShareDrink (goal=Patrol)
[01:09:59] [TASK] Andriy → ShareDrink (goal=Patrol)
[01:09:59] [TASK] Oleg → ShareDrink (goal=Patrol)
[01:09:59] [TASK] Oleg → ShareDrink (goal=Patrol)
[01:09:59] [TASK] Bohdan → ShareDrink (goal=Patrol)
[01:09:59] [TASK] Frank → ShareDrink (goal=Patrol)
[01:10:00] [TASK] Andriy → RestAtBase (goal=Patrol)
[01:10:00] [GOAL] Andriy achieved Patrol
[01:10:02] [CORPSE] Despawned 51 bodies (lifetime=1135)
[01:10:03] [TASK] Sidorovich → RestAtBase (goal=Patrol)
[01:10:03] [GOAL] Sidorovich achieved Patrol
[01:10:05] [SNAPSHOT] real=15.3min game=D0 00:37 alive S=173 M=278 corpses=1016 lootable=533 gammaGear out=119 helm=152 avgRU=650 leaderGoals trade=0 mission=0 emission=Dormant nextIn=39gmin desperate=0 hungry=0 interval deaths=11 combats=19 tasks=62 gearLoot=1 gearBuy=0 corpseDespawn=118 trickleSpawns=2 ranks=[Rookie:164,Trainee:7,Experienced:2] goals=[Patrol::87] leaders: Ivan[Rookie/Patrol:], Sergei[Rookie/Patrol:], Mykola[Rookie/Patrol:], Nikolai[Rookie/Patrol:], Frank[Rookie/Patrol:]
[01:10:05] [TASK] Andriy → ShareDrink (goal=Patrol)
[01:10:05] [TASK] Sidorovich → ShareDrink (goal=Patrol)
[01:10:08] [TASK] Yuriy → RestAtBase (goal=Patrol)
[01:10:08] [GOAL] Yuriy achieved Patrol
[01:10:09] [TASK] Vasyl → RestAtBase (goal=Patrol)
[01:10:09] [GOAL] Vasyl achieved Patrol
[01:10:11] [TASK] Oleksiy → RestAtBase (goal=Patrol)
[01:10:11] [GOAL] Oleksiy achieved Patrol
[01:10:11] [TASK] Viktor → RestAtBase (goal=Patrol)
[01:10:11] [GOAL] Viktor achieved Patrol
[01:10:11] [TASK] Sergei → RestAtBase (goal=Patrol)
[01:10:11] [GOAL] Sergei achieved Patrol
[01:10:11] [TASK] Serhiy → RestAtBase (goal=Patrol)
[01:10:11] [GOAL] Serhiy achieved Patrol
[01:10:12] [TASK] Yuriy → RestAtBase (goal=Patrol)
[01:10:12] [GOAL] Yuriy achieved Patrol
[01:10:12] [CORPSE] Despawned 32 bodies (lifetime=1167)
[01:10:13] [TASK] Yuriy → ShareDrink (goal=Patrol)
[01:10:13] [TASK] Sergei → ShareDrink (goal=Patrol)
[01:10:13] [TASK] Vasyl → ShareDrink (goal=Patrol)
[01:10:13] [TASK] Serhiy → ShareDrink (goal=Patrol)
[01:10:13] [TASK] Yuriy → ShareDrink (goal=Patrol)
[01:10:13] [TASK] Oleksiy → ShareDrink (goal=Patrol)
[01:10:13] [TASK] Viktor → ShareDrink (goal=Patrol)
[01:10:14] [TASK] Sergei → RestAtBase (goal=Patrol)
[01:10:14] [GOAL] Sergei achieved Patrol
[01:10:15] [RANK] Alexei Kovalenko 'Bone' → Trainee
[01:10:16] [TASK] Igor → RestAtBase (goal=Patrol)
[01:10:16] [GOAL] Igor achieved Patrol
[01:10:17] [TASK] Taras → RestAtBase (goal=Patrol)
[01:10:17] [GOAL] Taras achieved Patrol
[01:10:18] [TASK] Ivan → ShareDrink (goal=Patrol)
[01:10:18] [TASK] Sergei → ShareDrink (goal=Patrol)
[01:10:18] [TASK] Igor → ShareDrink (goal=Patrol)
[01:10:18] [TASK] Taras → ShareDrink (goal=Patrol)
[01:10:19] [TASK] Alexei → RestAtBase (goal=Patrol)
[01:10:19] [GOAL] Alexei achieved Patrol
[01:10:19] [TASK] Ivan → RestAtBase (goal=Patrol)
[01:10:19] [GOAL] Ivan achieved Patrol
[01:10:19] [TASK] Sergei → RestAtBase (goal=Patrol)
[01:10:19] [GOAL] Sergei achieved Patrol
[01:10:20] [TASK] Giorgi → RestAtBase (goal=Patrol)
[01:10:20] [GOAL] Giorgi achieved Patrol
[01:10:22] [TASK] Sergei → ShareDrink (goal=Patrol)
[01:10:22] [TASK] Ivan → ShareDrink (goal=Patrol)
[01:10:22] [TASK] Alexei → ShareDrink (goal=Patrol)
[01:10:22] [TASK] Giorgi → ShareDrink (goal=Patrol)
[01:10:22] [CORPSE] Despawned 26 bodies (lifetime=1193)
[01:10:23] [TASK] Andriy → RestAtBase (goal=Patrol)
[01:10:23] [GOAL] Andriy achieved Patrol
[01:10:23] [SPAWN] Trickle +0 stalkers, +1 mutants
[01:10:23] [TASK] Pavel → RestAtBase (goal=Patrol)
[01:10:23] [GOAL] Pavel achieved Patrol
[01:10:24] [TASK] Yuriy → RestAtBase (goal=Patrol)
[01:10:24] [GOAL] Yuriy achieved Patrol
[01:10:24] [TASK] Dmytro → RestAtBase (goal=Patrol)
[01:10:24] [GOAL] Dmytro achieved Patrol
[01:10:25] [TASK] Mykola → RestAtBase (goal=Patrol)
[01:10:25] [GOAL] Mykola achieved Patrol
[01:10:25] [TASK] Andriy → RestAtBase (goal=Patrol)
[01:10:25] [GOAL] Andriy achieved Patrol
[01:10:26] [TASK] Yuriy → ShareDrink (goal=Patrol)
[01:10:26] [TASK] Dmytro → ShareDrink (goal=Patrol)
[01:10:26] [TASK] Mykola → ShareDrink (goal=Patrol)
[01:10:26] [TASK] Pavel → ShareDrink (goal=Patrol)
[01:10:26] [TASK] Andriy → ShareDrink (goal=Patrol)
[01:10:26] [TASK] Oleksiy → RestAtBase (goal=Patrol)
[01:10:26] [GOAL] Oleksiy achieved Patrol
[01:10:26] [TASK] Andriy → ShareDrink (goal=Patrol)
[01:10:27] [TASK] Dmytro → RestAtBase (goal=Patrol)
[01:10:27] [GOAL] Dmytro achieved Patrol
[01:10:27] [TASK] Alibek → RestAtBase (goal=Patrol)
[01:10:27] [GOAL] Alibek achieved Patrol
[01:10:28] [TASK] Andriy → RestAtBase (goal=Patrol)
[01:10:28] [GOAL] Andriy achieved Patrol
[01:10:30] [TASK] Dmytro → ShareDrink (goal=Patrol)
[01:10:30] [TASK] Alibek → ShareDrink (goal=Patrol)
[01:10:30] [TASK] Oleksiy → ShareDrink (goal=Patrol)
[01:10:30] [TASK] Andriy → ShareDrink (goal=Patrol)
[01:10:31] [TASK] Sergei → RestAtBase (goal=Patrol)
[01:10:31] [GOAL] Sergei achieved Patrol
[01:10:31] [TASK] Mikhail → RestAtBase (goal=Patrol)
[01:10:31] [GOAL] Mikhail achieved Patrol
[01:10:31] [SPAWN] Trickle +1 stalkers, +0 mutants
[01:10:32] [TASK] Connor → RestAtBase (goal=Patrol)
[01:10:32] [GOAL] Connor achieved Patrol
[01:10:32] [CORPSE] Despawned 36 bodies (lifetime=1229)
[01:10:33] [TASK] Mikhail → ShareDrink (goal=Patrol)
[01:10:34] [TASK] Sergei → ShareDrink (goal=Patrol)
[01:10:34] [TASK] Connor → ShareDrink (goal=Patrol)
[01:10:34] [TASK] Mikhail → RestAtBase (goal=Patrol)
[01:10:34] [GOAL] Mikhail achieved Patrol
[01:10:35] [SNAPSHOT] real=15.8min game=D0 00:39 alive S=167 M=271 corpses=937 lootable=494 gammaGear out=117 helm=147 avgRU=650 leaderGoals trade=0 mission=0 emission=Dormant nextIn=37gmin desperate=0 hungry=0 interval deaths=7 combats=15 tasks=58 gearLoot=0 gearBuy=0 corpseDespawn=94 trickleSpawns=2 ranks=[Rookie:158,Trainee:7,Experienced:2] goals=[Patrol::84] leaders: Ivan[Rookie/Patrol:], Sergei[Rookie/Patrol:], Mykola[Rookie/Patrol:], Nikolai[Rookie/Patrol:], Frank[Rookie/Patrol:]
[01:10:36] [TASK] Oleksiy → RestAtBase (goal=Patrol)
[01:10:36] [GOAL] Oleksiy achieved Patrol
[01:10:37] [TASK] Mykola → RestAtBase (goal=Patrol)
[01:10:37] [GOAL] Mykola achieved Patrol
[01:10:39] [TASK] Oleksiy → ShareDrink (goal=Patrol)
[01:10:39] [TASK] Mikhail → ShareDrink (goal=Patrol)
[01:10:39] [TASK] Mykola → ShareDrink (goal=Patrol)
[01:10:40] [TASK] Nikolai → RestAtBase (goal=Patrol)
[01:10:40] [GOAL] Nikolai achieved Patrol
[01:10:42] [TASK] Andriy → RestAtBase (goal=Patrol)
[01:10:42] [GOAL] Andriy achieved Patrol
[01:10:42] [TASK] Mykola → RestAtBase (goal=Patrol)
[01:10:42] [GOAL] Mykola achieved Patrol
[01:10:42] [TASK] Vasyl → RestAtBase (goal=Patrol)
[01:10:42] [GOAL] Vasyl achieved Patrol
[01:10:43] [CORPSE] Despawned 36 bodies (lifetime=1265)
[01:10:44] [TASK] Nikolai → ShareDrink (goal=Patrol)
[01:10:44] [TASK] Mykola → ShareDrink (goal=Patrol)
[01:10:44] [TASK] Andriy → ShareDrink (goal=Patrol)
[01:10:44] [TASK] Vasyl → ShareDrink (goal=Patrol)
[01:10:45] [TASK] Mykola → RestAtBase (goal=Patrol)
[01:10:45] [GOAL] Mykola achieved Patrol
[01:10:46] [TASK] Dmytro → RestAtBase (goal=Patrol)
[01:10:46] [GOAL] Dmytro achieved Patrol
[01:10:47] [TASK] Oleksiy → RestAtBase (goal=Patrol)
[01:10:47] [GOAL] Oleksiy achieved Patrol
[01:10:47] [TASK] Dmytro → RestAtBase (goal=Patrol)
[01:10:47] [GOAL] Dmytro achieved Patrol
[01:10:48] [TASK] Mykola → ShareDrink (goal=Patrol)
[01:10:48] [TASK] Dmytro → ShareDrink (goal=Patrol)
[01:10:48] [TASK] Oleksiy → ShareDrink (goal=Patrol)
[01:10:48] [TASK] Dmitri → ShareDrink (goal=Patrol)
[01:10:48] [TASK] Dmytro → ShareDrink (goal=Patrol)
[01:10:49] [TASK] Timur → RestAtBase (goal=Patrol)
[01:10:49] [GOAL] Timur achieved Patrol
[01:10:50] [SPAWN] Trickle +0 stalkers, +1 mutants
[01:10:53] [TASK] Tobias → RestAtBase (goal=Patrol)
[01:10:53] [GOAL] Tobias achieved Patrol
[01:10:53] [CORPSE] Despawned 39 bodies (lifetime=1304)
[01:10:54] [TASK] Ivan → RestAtBase (goal=Patrol)
[01:10:54] [GOAL] Ivan achieved Patrol
[01:10:56] [TASK] Damir → RestAtBase (goal=Patrol)
[01:10:56] [GOAL] Damir achieved Patrol
[01:10:57] [TASK] Tobias → ShareDrink (goal=Patrol)
[01:10:57] [TASK] Ivan → ShareDrink (goal=Patrol)
[01:10:57] [TASK] Timur → ShareDrink (goal=Patrol)
[01:10:57] [TASK] Damir → ShareDrink (goal=Patrol)
[01:11:00] [TASK] Pavel → RestAtBase (goal=Patrol)
[01:11:00] [GOAL] Pavel achieved Patrol
[01:11:01] [TASK] Viktor → RestAtBase (goal=Patrol)
[01:11:01] [GOAL] Viktor achieved Patrol
[01:11:01] [TASK] Dmitri → RestAtBase (goal=Patrol)
[01:11:01] [GOAL] Dmitri achieved Patrol
[01:11:03] [TASK] Viktor → ShareDrink (goal=Patrol)
[01:11:03] [TASK] Pavel → ShareDrink (goal=Patrol)
[01:11:03] [TASK] Dmitri → ShareDrink (goal=Patrol)
[01:11:03] [CORPSE] Despawned 26 bodies (lifetime=1330)
[01:11:06] [SNAPSHOT] real=16.3min game=D0 00:40 alive S=161 M=265 corpses=849 lootable=443 gammaGear out=112 helm=142 avgRU=650 leaderGoals trade=0 mission=0 emission=Dormant nextIn=36gmin desperate=0 hungry=0 interval deaths=6 combats=13 tasks=36 gearLoot=0 gearBuy=0 corpseDespawn=101 trickleSpawns=1 ranks=[Rookie:152,Trainee:7,Experienced:2] goals=[Patrol::82] leaders: Ivan[Rookie/Patrol:], Sergei[Rookie/Patrol:], Mykola[Rookie/Patrol:], Nikolai[Rookie/Patrol:], Frank[Rookie/Patrol:]
[01:11:07] [TASK] Yuriy → RestAtBase (goal=Patrol)
[01:11:07] [GOAL] Yuriy achieved Patrol
[01:11:07] [TASK] Igor → RestAtBase (goal=Patrol)
[01:11:07] [GOAL] Igor achieved Patrol
[01:11:08] [TASK] Bakhyt → RestAtBase (goal=Patrol)
[01:11:08] [GOAL] Bakhyt achieved Patrol
[01:11:10] [TASK] Yuriy → ShareDrink (goal=Patrol)
[01:11:10] [TASK] Igor → ShareDrink (goal=Patrol)
[01:11:10] [TASK] Bakhyt → ShareDrink (goal=Patrol)
[01:11:10] [TASK] Giorgi → RestAtBase (goal=Patrol)
[01:11:10] [GOAL] Giorgi achieved Patrol
[01:11:13] [TASK] Ivan → RestAtBase (goal=Patrol)
[01:11:13] [GOAL] Ivan achieved Patrol
[01:11:13] [TASK] Serhiy → RestAtBase (goal=Patrol)
[01:11:13] [GOAL] Serhiy achieved Patrol
[01:11:13] [TASK] Lasha → RestAtBase (goal=Patrol)
[01:11:13] [GOAL] Lasha achieved Patrol
[01:11:14] [CORPSE] Despawned 24 bodies (lifetime=1354)
[01:11:14] [TASK] Taras → RestAtBase (goal=Patrol)
[01:11:14] [GOAL] Taras achieved Patrol
[01:11:15] [TASK] Lasha → ShareDrink (goal=Patrol)
[01:11:15] [TASK] Taras → ShareDrink (goal=Patrol)
[01:11:15] [TASK] Serhiy → ShareDrink (goal=Patrol)
[01:11:15] [TASK] Giorgi → ShareDrink (goal=Patrol)
[01:11:15] [TASK] Ivan → ShareDrink (goal=Patrol)
[01:11:17] [TASK] Dmytro → RestAtBase (goal=Patrol)
[01:11:17] [GOAL] Dmytro achieved Patrol
[01:11:18] [TASK] Andriy → RestAtBase (goal=Patrol)
[01:11:18] [GOAL] Andriy achieved Patrol
[01:11:19] [TASK] Vasyl → RestAtBase (goal=Patrol)
[01:11:19] [GOAL] Vasyl achieved Patrol
[01:11:20] [TASK] Oleg → RestAtBase (goal=Patrol)
[01:11:20] [GOAL] Oleg achieved Patrol
[01:11:21] [TASK] Bakhyt → RestAtBase (goal=Patrol)
[01:11:21] [GOAL] Bakhyt achieved Patrol
[01:11:21] [TASK] Andriy → RestAtBase (goal=Patrol)
[01:11:21] [GOAL] Andriy achieved Patrol
[01:11:22] [TASK] Sidorovich → RestAtBase (goal=Patrol)
[01:11:22] [GOAL] Sidorovich achieved Patrol
[01:11:23] [TASK] Sidorovich → ShareDrink (goal=Patrol)
[01:11:23] [TASK] Oleg → ShareDrink (goal=Patrol)
[01:11:23] [TASK] Dmytro → ShareDrink (goal=Patrol)
[01:11:23] [TASK] Andriy → ShareDrink (goal=Patrol)
[01:11:23] [TASK] Vasyl → ShareDrink (goal=Patrol)
[01:11:23] [TASK] Andriy → ShareDrink (goal=Patrol)
[01:11:23] [TASK] Bakhyt → ShareDrink (goal=Patrol)
[01:11:23] [SPAWN] Trickle +1 stalkers, +0 mutants
[01:11:23] [TASK] Tobias → RestAtBase (goal=Patrol)
[01:11:23] [GOAL] Tobias achieved Patrol
[01:11:24] [CORPSE] Despawned 40 bodies (lifetime=1394)
[01:11:25] [TASK] Yuriy → RestAtBase (goal=Patrol)
[01:11:25] [GOAL] Yuriy achieved Patrol
[01:11:27] [TASK] Tobias → ShareDrink (goal=Patrol)
[01:11:27] [TASK] Yuriy → ShareDrink (goal=Patrol)
[01:11:27] [TASK] Sergei → RestAtBase (goal=Patrol)
[01:11:27] [GOAL] Sergei achieved Patrol
[01:11:28] [TASK] Bakhyt → RestAtBase (goal=Patrol)
[01:11:28] [GOAL] Bakhyt achieved Patrol
[01:11:29] [TASK] Giorgi → RestAtBase (goal=Patrol)
[01:11:29] [GOAL] Giorgi achieved Patrol
[01:11:30] [TASK] Mikhail → RestAtBase (goal=Patrol)
[01:11:30] [GOAL] Mikhail achieved Patrol
[01:11:30] [TASK] Yuriy → RestAtBase (goal=Patrol)
[01:11:30] [GOAL] Yuriy achieved Patrol
[01:11:31] [TASK] Bakhyt → ShareDrink (goal=Patrol)
[01:11:31] [TASK] Yuriy → ShareDrink (goal=Patrol)
[01:11:31] [TASK] Mikhail → ShareDrink (goal=Patrol)
[01:11:31] [TASK] Sergei → ShareDrink (goal=Patrol)
[01:11:31] [TASK] Giorgi → ShareDrink (goal=Patrol)
[01:11:34] [TASK] Zura → RestAtBase (goal=Patrol)
[01:11:34] [GOAL] Zura achieved Patrol
[01:11:34] [CORPSE] Despawned 39 bodies (lifetime=1433)
[01:11:35] [TASK] Pierre → RestAtBase (goal=Patrol)
[01:11:35] [GOAL] Pierre achieved Patrol
[01:11:35] [TASK] Yuriy → RestAtBase (goal=Patrol)
[01:11:35] [GOAL] Yuriy achieved Patrol
[01:11:36] [TASK] Igor → RestAtBase (goal=Patrol)
[01:11:36] [GOAL] Igor achieved Patrol
[01:11:37] [SNAPSHOT] real=16.8min game=D0 00:42 alive S=157 M=261 corpses=755 lootable=367 gammaGear out=109 helm=138 avgRU=650 leaderGoals trade=0 mission=0 emission=Dormant nextIn=34gmin desperate=0 hungry=0 interval deaths=5 combats=9 tasks=48 gearLoot=0 gearBuy=0 corpseDespawn=103 trickleSpawns=1 ranks=[Rookie:148,Trainee:7,Experienced:2] goals=[Patrol::80] leaders: Dmytro[Rookie/Patrol:], Ivan[Rookie/Patrol:], Sergei[Rookie/Patrol:], Mykola[Rookie/Patrol:], Nikolai[Rookie/Patrol:]
[01:11:37] [TASK] Yuriy → ShareDrink (goal=Patrol)
[01:11:37] [TASK] Zura → ShareDrink (goal=Patrol)
[01:11:37] [TASK] Pierre → ShareDrink (goal=Patrol)
[01:11:37] [TASK] Igor → ShareDrink (goal=Patrol)
[01:11:39] [TASK] Sergei → RestAtBase (goal=Patrol)
[01:11:39] [GOAL] Sergei achieved Patrol
[01:11:39] [TASK] Pavel → RestAtBase (goal=Patrol)
[01:11:39] [GOAL] Pavel achieved Patrol
[01:11:40] [TASK] Andriy → RestAtBase (goal=Patrol)
[01:11:40] [GOAL] Andriy achieved Patrol
[01:11:41] [TASK] Giorgi → RestAtBase (goal=Patrol)
[01:11:41] [GOAL] Giorgi achieved Patrol
[01:11:41] [TASK] Mykola → RestAtBase (goal=Patrol)
[01:11:41] [GOAL] Mykola achieved Patrol
[01:11:41] [SPAWN] Trickle +1 stalkers, +0 mutants
[01:11:42] [TASK] Serhiy → RestAtBase (goal=Patrol)
[01:11:42] [GOAL] Serhiy achieved Patrol
[01:11:42] [TASK] Oleksiy → RestAtBase (goal=Patrol)
[01:11:42] [GOAL] Oleksiy achieved Patrol
[01:11:43] [TASK] Oleksiy → ShareDrink (goal=Patrol)
[01:11:43] [TASK] Serhiy → ShareDrink (goal=Patrol)
[01:11:43] [TASK] Pavel → ShareDrink (goal=Patrol)
[01:11:43] [TASK] Andriy → ShareDrink (goal=Patrol)
[01:11:43] [TASK] Sergei → ShareDrink (goal=Patrol)
[01:11:43] [TASK] Mykola → ShareDrink (goal=Patrol)
[01:11:43] [TASK] Giorgi → ShareDrink (goal=Patrol)
[01:11:44] [CORPSE] Despawned 71 bodies (lifetime=1504)
[01:11:44] [TASK] Mikhail → RestAtBase (goal=Patrol)
[01:11:44] [GOAL] Mikhail achieved Patrol
[01:11:44] [TASK] Oleksiy → RestAtBase (goal=Patrol)
[01:11:44] [GOAL] Oleksiy achieved Patrol
[01:11:45] [TASK] Yuriy → RestAtBase (goal=Patrol)
[01:11:45] [GOAL] Yuriy achieved Patrol
[01:11:45] [TASK] Timur → RestAtBase (goal=Patrol)
[01:11:45] [GOAL] Timur achieved Patrol
[01:11:46] [TASK] Oleksiy → RestAtBase (goal=Patrol)
[01:11:46] [GOAL] Oleksiy achieved Patrol
[01:11:47] [TASK] Timur → ShareDrink (goal=Patrol)
[01:11:47] [TASK] Oleksiy → ShareDrink (goal=Patrol)
[01:11:47] [TASK] Mikhail → ShareDrink (goal=Patrol)
[01:11:47] [TASK] Yuriy → ShareDrink (goal=Patrol)
[01:11:47] [TASK] Oleksiy → ShareDrink (goal=Patrol)
[01:11:47] [TASK] Mykola → RestAtBase (goal=Patrol)
[01:11:47] [GOAL] Mykola achieved Patrol
[01:11:48] [SPAWN] Trickle +0 stalkers, +1 mutants
[01:11:51] [TASK] Pavel → RestAtBase (goal=Patrol)
[01:11:51] [GOAL] Pavel achieved Patrol
[01:11:53] [TASK] Andriy → RestAtBase (goal=Patrol)
[01:11:53] [GOAL] Andriy achieved Patrol
[01:11:54] [CORPSE] Despawned 51 bodies (lifetime=1555)
[01:11:55] [TASK] Pavel → ShareDrink (goal=Patrol)
[01:11:55] [TASK] Mykola → ShareDrink (goal=Patrol)
[01:11:55] [TASK] Andriy → ShareDrink (goal=Patrol)
[01:11:55] [TASK] Mikhail → RestAtBase (goal=Patrol)
[01:11:55] [GOAL] Mikhail achieved Patrol
[01:11:56] [TASK] Oleksiy → RestAtBase (goal=Patrol)
[01:11:56] [GOAL] Oleksiy achieved Patrol
[01:11:57] [TASK] Bakhyt → RestAtBase (goal=Patrol)
[01:11:57] [GOAL] Bakhyt achieved Patrol
[01:11:57] [TASK] Serhiy → RestAtBase (goal=Patrol)
[01:11:57] [GOAL] Serhiy achieved Patrol
[01:11:59] [TASK] Bakhyt → ShareDrink (goal=Patrol)
[01:11:59] [TASK] Oleksiy → ShareDrink (goal=Patrol)
[01:11:59] [TASK] Mikhail → ShareDrink (goal=Patrol)
[01:11:59] [TASK] Serhiy → ShareDrink (goal=Patrol)
[01:11:59] [TASK] Viktor → RestAtBase (goal=Patrol)
[01:11:59] [GOAL] Viktor achieved Patrol
[01:11:59] [TASK] Ivan → RestAtBase (goal=Patrol)
[01:11:59] [GOAL] Ivan achieved Patrol
[01:12:00] [TASK] Oleksiy → RestAtBase (goal=Patrol)
[01:12:00] [GOAL] Oleksiy achieved Patrol
[01:12:00] [TASK] Pavel → RestAtBase (goal=Patrol)
[01:12:00] [GOAL] Pavel achieved Patrol
[01:12:01] [TASK] Ivan → ShareDrink (goal=Patrol)
[01:12:01] [TASK] Oleksiy → ShareDrink (goal=Patrol)
[01:12:01] [TASK] Viktor → ShareDrink (goal=Patrol)
[01:12:01] [TASK] Pavel → ShareDrink (goal=Patrol)
[01:12:03] [TASK] Dmytro → RestAtBase (goal=Patrol)
[01:12:03] [GOAL] Dmytro achieved Patrol
[01:12:03] [TASK] Mykola → RestAtBase (goal=Patrol)
[01:12:03] [GOAL] Mykola achieved Patrol
[01:12:04] [TASK] Taras → RestAtBase (goal=Patrol)
[01:12:04] [GOAL] Taras achieved Patrol
[01:12:04] [SPAWN] Trickle +2 stalkers, +0 mutants
[01:12:04] [CORPSE] Despawned 39 bodies (lifetime=1594)
[01:12:05] [TASK] Tobias → RestAtBase (goal=Patrol)
[01:12:05] [GOAL] Tobias achieved Patrol
[01:12:05] [SPAWN] Trickle +1 stalkers, +0 mutants
[01:12:06] [TASK] Tobias → ShareDrink (goal=Patrol)
[01:12:06] [TASK] Mykola → ShareDrink (goal=Patrol)
[01:12:06] [TASK] Taras → ShareDrink (goal=Patrol)
[01:12:06] [TASK] Dmytro → ShareDrink (goal=Patrol)
[01:12:07] [TASK] Mykola → ShareDrink (goal=Patrol)
[01:12:07] [SNAPSHOT] real=17.3min game=D0 00:43 alive S=157 M=260 corpses=600 lootable=236 gammaGear out=108 helm=138 avgRU=650 leaderGoals trade=0 mission=0 emission=Dormant nextIn=33gmin desperate=0 hungry=0 interval deaths=4 combats=6 tasks=59 gearLoot=0 gearBuy=0 corpseDespawn=161 trickleSpawns=5 ranks=[Rookie:148,Trainee:7,Experienced:2] goals=[Patrol::81] leaders: Pavel[Rookie/Patrol:], Oleksiy[Rookie/Patrol:], Dmytro[Rookie/Patrol:], Ivan[Rookie/Patrol:], Sergei[Rookie/Patrol:]
[01:12:08] [TASK] Bohdan → RestAtBase (goal=Patrol)
[01:12:08] [GOAL] Bohdan achieved Patrol
[01:12:08] [TASK] Vasyl → RestAtBase (goal=Patrol)
[01:12:08] [GOAL] Vasyl achieved Patrol
[01:12:08] [SPAWN] Trickle +1 stalkers, +0 mutants
[01:12:09] [TASK] Vasyl → RestAtBase (goal=Patrol)
[01:12:09] [GOAL] Vasyl achieved Patrol
[01:12:09] [TASK] Ivan → RestAtBase (goal=Patrol)
[01:12:09] [GOAL] Ivan achieved Patrol
[01:12:09] [TASK] Pavel → HarvestArtifact (goal=Patrol)
[01:12:09] [GOAL] Pavel achieved Patrol
[01:12:10] [TASK] Nikolai → RestAtBase (goal=Patrol)
[01:12:10] [GOAL] Nikolai achieved Patrol
[01:12:11] [TASK] Vasyl → ShareDrink (goal=Patrol)
[01:12:11] [TASK] Nikolai → ShareDrink (goal=Patrol)
[01:12:11] [TASK] Vasyl → ShareDrink (goal=Patrol)
[01:12:11] [TASK] Ivan → ShareDrink (goal=Patrol)
[01:12:11] [TASK] Bohdan → ShareDrink (goal=Patrol)
[01:12:12] [TASK] Connor → RestAtBase (goal=Patrol)
[01:12:12] [GOAL] Connor achieved Patrol
[01:12:12] [TASK] Oleg → RestAtBase (goal=Patrol)
[01:12:12] [GOAL] Oleg achieved Patrol
[01:12:13] [TASK] Oleg → RestAtBase (goal=Patrol)
[01:12:13] [GOAL] Oleg achieved Patrol
[01:12:13] [TASK] Mykola → RestAtBase (goal=Patrol)
[01:12:13] [GOAL] Mykola achieved Patrol
[01:12:14] [TASK] Oleg → ShareDrink (goal=Patrol)
[01:12:14] [TASK] Mykola → ShareDrink (goal=Patrol)
[01:12:14] [TASK] Nikolai → ShareDrink (goal=Patrol)
[01:12:14] [TASK] Connor → ShareDrink (goal=Patrol)
[01:12:14] [TASK] Oleg → ShareDrink (goal=Patrol)
[01:12:15] [CORPSE] Despawned 37 bodies (lifetime=1631)
[01:12:16] [TASK] Yuriy → RestAtBase (goal=Patrol)
[01:12:16] [GOAL] Yuriy achieved Patrol
[01:12:18] [SPAWN] Trickle +1 stalkers, +0 mutants
[01:12:18] [TASK] Dmytro → RestAtBase (goal=Patrol)
[01:12:18] [GOAL] Dmytro achieved Patrol
[01:12:18] [TASK] Yuriy → RestAtBase (goal=Patrol)
[01:12:18] [GOAL] Yuriy achieved Patrol
[01:12:19] [TASK] Dmytro → RestAtBase (goal=Patrol)
[01:12:19] [GOAL] Dmytro achieved Patrol
[01:12:19] [TASK] Mikhail → RestAtBase (goal=Patrol)
[01:12:19] [GOAL] Mikhail achieved Patrol
[01:12:20] [TASK] Mikhail → ShareDrink (goal=Patrol)
[01:12:20] [TASK] Yuriy → ShareDrink (goal=Patrol)
[01:12:20] [TASK] Yuriy → ShareDrink (goal=Patrol)
[01:12:20] [TASK] Nikolai → ShareDrink (goal=Patrol)
[01:12:20] [GOAL] Nikolai achieved Patrol
[01:12:20] [TASK] Dmytro → ShareDrink (goal=Patrol)
[01:12:20] [TASK] Dmytro → ShareDrink (goal=Patrol)
[01:12:20] [TASK] Nodar → ShareDrink (goal=Patrol)
[01:12:20] [TASK] Ivan → TradeRun (goal=Patrol)
[01:12:20] [GOAL] Ivan achieved Patrol
[01:12:21] [TASK] Ivan → RestAtBase (goal=Patrol)
[01:12:21] [GOAL] Ivan achieved Patrol
[01:12:23] [TASK] Ivan → ShareDrink (goal=Patrol)
[01:12:23] [TASK] Nikolai → ShareDrink (goal=Patrol)
[01:12:23] [GOAL] Nikolai achieved Patrol
[01:12:23] [TASK] Ivan → ShareDrink (goal=Patrol)
[01:12:25] [CORPSE] Despawned 25 bodies (lifetime=1656)
[01:12:25] [TASK] Oleg → RestAtBase (goal=Patrol)
[01:12:25] [GOAL] Oleg achieved Patrol
[01:12:25] [TASK] Serhiy → RestAtBase (goal=Patrol)
[01:12:25] [GOAL] Serhiy achieved Patrol
[01:12:26] [TASK] Alexei → RestAtBase (goal=Patrol)
[01:12:26] [GOAL] Alexei achieved Patrol
[01:12:26] [TASK] Andriy → RestAtBase (goal=Patrol)
[01:12:26] [GOAL] Andriy achieved Patrol
[01:12:27] [SPAWN] Trickle +5 stalkers, +0 mutants
[01:12:27] [TASK] Sergei → RestAtBase (goal=Patrol)
[01:12:27] [GOAL] Sergei achieved Patrol
[01:12:27] [TASK] Lasha → RestAtBase (goal=Patrol)
[01:12:27] [GOAL] Lasha achieved Patrol
[01:12:28] [TASK] Alexei → ShareDrink (goal=Patrol)
[01:12:28] [TASK] Serhiy → ShareDrink (goal=Patrol)
[01:12:28] [TASK] Nikolai → ShareDrink (goal=Patrol)
[01:12:28] [GOAL] Nikolai achieved Patrol
[01:12:28] [TASK] Alibek → ShareDrink (goal=Patrol)
[01:12:28] [TASK] Oleg → ShareDrink (goal=Patrol)
[01:12:28] [TASK] Andriy → ShareDrink (goal=Patrol)
[01:12:28] [TASK] Sergei → ShareDrink (goal=Patrol)
[01:12:28] [TASK] Lasha → ShareDrink (goal=Patrol)
[01:12:29] [TASK] Sergei → RestAtBase (goal=Patrol)
[01:12:29] [GOAL] Sergei achieved Patrol
[01:12:31] [SPAWN] Trickle +0 stalkers, +1 mutants
[01:12:31] [TASK] Andriy → ShareDrink (goal=Patrol)
[01:12:31] [TASK] Nikolai → ShareDrink (goal=Patrol)
[01:12:31] [GOAL] Nikolai achieved Patrol
[01:12:31] [TASK] Sergei → ShareDrink (goal=Patrol)
[01:12:34] [TASK] Serhiy → RestAtBase (goal=Patrol)
[01:12:34] [GOAL] Serhiy achieved Patrol
[01:12:34] [TASK] Andriy → RestAtBase (goal=Patrol)
[01:12:34] [GOAL] Andriy achieved Patrol
[01:12:35] [CORPSE] Despawned 62 bodies (lifetime=1718)
[01:12:36] [TASK] Serhiy → ShareDrink (goal=Patrol)
[01:12:36] [TASK] Nikolai → ShareDrink (goal=Patrol)
[01:12:36] [GOAL] Nikolai achieved Patrol
[01:12:36] [TASK] Dmytro → RestAtBase (goal=Patrol)
[01:12:36] [GOAL] Dmytro achieved Patrol
[01:12:36] [TASK] Andriy → ShareDrink (goal=Patrol)
[01:12:38] [SNAPSHOT] real=17.8min game=D0 00:45 alive S=163 M=257 corpses=481 lootable=180 gammaGear out=112 helm=143 avgRU=650 leaderGoals trade=0 mission=0 emission=Dormant nextIn=31gmin desperate=0 hungry=0 interval deaths=1 combats=5 tasks=61 gearLoot=0 gearBuy=0 corpseDespawn=124 trickleSpawns=8 ranks=[Rookie:154,Trainee:7,Experienced:2] goals=[Patrol::84] leaders: Nikolai[Rookie/Patrol:], Pavel[Rookie/Patrol:], Oleksiy[Rookie/Patrol:], Dmytro[Rookie/Patrol:], Ivan[Rookie/Patrol:]
[01:12:38] [TASK] Bakhyt → RestAtBase (goal=Patrol)
[01:12:38] [GOAL] Bakhyt achieved Patrol
[01:12:38] [TASK] Dmitri → RestAtBase (goal=Patrol)
[01:12:38] [GOAL] Dmitri achieved Patrol
[01:12:38] [TASK] Dmytro → RestAtBase (goal=Patrol)
[01:12:38] [GOAL] Dmytro achieved Patrol
[01:12:39] [TASK] Tobias → RestAtBase (goal=Patrol)
[01:12:39] [GOAL] Tobias achieved Patrol
[01:12:39] [TASK] Zura → RestAtBase (goal=Patrol)
[01:12:39] [GOAL] Zura achieved Patrol
[01:12:40] [TASK] Mykola → RestAtBase (goal=Patrol)
[01:12:40] [GOAL] Mykola achieved Patrol
[01:12:40] [TASK] Zura → ShareDrink (goal=Patrol)
[01:12:40] [TASK] Tobias → ShareDrink (goal=Patrol)
[01:12:40] [TASK] Bakhyt → ShareDrink (goal=Patrol)
[01:12:40] [TASK] Nikolai → ShareDrink (goal=Patrol)
[01:12:40] [GOAL] Nikolai achieved Patrol
[01:12:40] [TASK] Dmytro → ShareDrink (goal=Patrol)
[01:12:41] [SPAWN] Trickle +1 stalkers, +0 mutants
[01:12:41] [TASK] Mykola → ShareDrink (goal=Patrol)
[01:12:41] [TASK] Dmitri → ShareDrink (goal=Patrol)
[01:12:41] [TASK] Dmytro → ShareDrink (goal=Patrol)
[01:12:41] [TASK] Nikolai → ShareDrink (goal=Patrol)
[01:12:41] [GOAL] Nikolai achieved Patrol
[01:12:42] [TASK] Oleksiy → RestAtBase (goal=Patrol)
[01:12:42] [GOAL] Oleksiy achieved Patrol
[01:12:43] [TASK] Viktor → RestAtBase (goal=Patrol)
[01:12:43] [GOAL] Viktor achieved Patrol
[01:12:45] [CORPSE] Despawned 24 bodies (lifetime=1742)
[01:12:45] [TASK] Nikolai → ShareDrink (goal=Patrol)
[01:12:45] [GOAL] Nikolai achieved Patrol
[01:12:45] [TASK] Oleksiy → ShareDrink (goal=Patrol)
[01:12:45] [TASK] Viktor → ShareDrink (goal=Patrol)
[01:12:47] [TASK] Pavel → RestAtBase (goal=Patrol)
[01:12:47] [GOAL] Pavel achieved Patrol
[01:12:49] [TASK] Mykola → RestAtBase (goal=Patrol)
[01:12:49] [GOAL] Mykola achieved Patrol
[01:12:51] [TASK] Nikolai → ShareDrink (goal=Patrol)
[01:12:51] [GOAL] Nikolai achieved Patrol
[01:12:51] [TASK] Andriy → RestAtBase (goal=Patrol)
[01:12:51] [GOAL] Andriy achieved Patrol
[01:12:51] [TASK] Pavel → ShareDrink (goal=Patrol)
[01:12:51] [TASK] Mykola → ShareDrink (goal=Patrol)
[01:12:53] [SPAWN] Trickle +0 stalkers, +1 mutants
[01:12:53] [TASK] Viktor → RestAtBase (goal=Patrol)
[01:12:53] [GOAL] Viktor achieved Patrol
[01:12:55] [CORPSE] Despawned 10 bodies (lifetime=1752)
[01:12:55] [TASK] Andriy → ShareDrink (goal=Patrol)
[01:12:55] [TASK] Nikolai → ShareDrink (goal=Patrol)
[01:12:55] [GOAL] Nikolai achieved Patrol
[01:12:55] [TASK] Viktor → ShareDrink (goal=Patrol)
[01:12:56] [TASK] Mykola → RestAtBase (goal=Patrol)
[01:12:56] [GOAL] Mykola achieved Patrol
[01:12:58] [TASK] Oleksiy → RestAtBase (goal=Patrol)
[01:12:58] [GOAL] Oleksiy achieved Patrol
[01:12:58] [GEAR] Nikolai looted [wpn_aksu, arm_freedom, helm_helm_m50] via combat
[01:12:59] [TASK] Oleksiy → RestAtBase (goal=Patrol)
[01:12:59] [GOAL] Oleksiy achieved Patrol
[01:13:01] [TASK] Nikolai → ShareDrink (goal=Patrol)
[01:13:01] [GOAL] Nikolai achieved Patrol
[01:13:01] [TASK] Mykola → ShareDrink (goal=Patrol)
[01:13:01] [TASK] Oleksiy → ShareDrink (goal=Patrol)
[01:13:01] [TASK] Oleksiy → ShareDrink (goal=Patrol)
[01:13:02] [TASK] Dmytro → RestAtBase (goal=Patrol)
[01:13:02] [GOAL] Dmytro achieved Patrol
[01:13:04] [TASK] Nikolai → ShareDrink (goal=Patrol)
[01:13:04] [GOAL] Nikolai achieved Patrol
[01:13:04] [TASK] Dmytro → ShareDrink (goal=Patrol)
[01:13:05] [CORPSE] Despawned 19 bodies (lifetime=1771)
[01:13:06] [TASK] Pavel → GoToShelter (goal=FleeEmission)
[01:13:06] [GOAL] Pavel achieved FleeEmission
[01:13:06] [TASK] Pavel → GoToShelter (goal=FleeEmission)
[01:13:06] [GOAL] Pavel achieved FleeEmission
[01:13:07] [TASK] Ivan → RestAtBase (goal=Patrol)
[01:13:07] [GOAL] Ivan achieved Patrol
[01:13:07] [TASK] Mykola → RestAtBase (goal=Patrol)
[01:13:07] [GOAL] Mykola achieved Patrol
[01:13:07] [TASK] Nikolai → GoToShelter (goal=FleeEmission)
[01:13:07] [GOAL] Nikolai achieved FleeEmission
[01:13:07] [TASK] Frank → GoToShelter (goal=FleeEmission)
[01:13:07] [GOAL] Frank achieved FleeEmission
[01:13:08] [TASK] Mikhail → RestAtBase (goal=Patrol)
[01:13:08] [GOAL] Mikhail achieved Patrol
[01:13:08] [TASK] Yuriy → GoToShelter (goal=FleeEmission)
[01:13:08] [GOAL] Yuriy achieved FleeEmission
[01:13:08] [SNAPSHOT] real=18.3min game=D0 00:46 alive S=160 M=254 corpses=436 lootable=148 gammaGear out=109 helm=141 avgRU=650 leaderGoals trade=0 mission=5 emission=Dormant nextIn=30gmin desperate=0 hungry=0 interval deaths=4 combats=8 tasks=48 gearLoot=1 gearBuy=0 corpseDespawn=53 trickleSpawns=2 ranks=[Rookie:152,Trainee:6,Experienced:2] goals=[Patrol::70,Idle:7,FleeEmission::5] leaders: Nikolai[Rookie/Patrol:], Pavel[Rookie/Idle], Oleksiy[Rookie/FleeEmission:], Dmytro[Rookie/FleeEmission:], Ivan[Rookie/Patrol:]
[01:13:08] [TASK] Ivan → GoToShelter (goal=FleeEmission)
[01:13:08] [GOAL] Ivan achieved FleeEmission
[01:13:08] [TASK] Dmytro → GoToShelter (goal=FleeEmission)
[01:13:08] [GOAL] Dmytro achieved FleeEmission
[01:13:08] [TASK] Dmytro → GoToShelter (goal=FleeEmission)
[01:13:08] [GOAL] Dmytro achieved FleeEmission
[01:13:09] [GEAR] Alibek looted [wpn_ak74, wpn_sg550, helm_helm_battle] via combat
[01:13:09] [TASK] Nikolai → ShareDrink (goal=Patrol)
[01:13:09] [GOAL] Nikolai achieved Patrol
[01:13:09] [TASK] Oleksiy → GoToShelter (goal=FleeEmission)
[01:13:09] [GOAL] Oleksiy achieved FleeEmission
[01:13:09] [TASK] Mikhail → GoToShelter (goal=FleeEmission)
[01:13:09] [GOAL] Mikhail achieved FleeEmission
[01:13:09] [TASK] Andriy → RestAtBase (goal=Patrol)
[01:13:09] [GOAL] Andriy achieved Patrol
[01:13:10] [SPAWN] Trickle +1 stalkers, +0 mutants
[01:13:10] [TASK] Serhiy → RestAtBase (goal=Patrol)
[01:13:10] [GOAL] Serhiy achieved Patrol
[01:13:10] [TASK] Giorgi → RestAtBase (goal=Patrol)
[01:13:10] [GOAL] Giorgi achieved Patrol
[01:13:11] [TASK] Oleg → GoToShelter (goal=FleeEmission)
[01:13:11] [GOAL] Oleg achieved FleeEmission
[01:13:11] [TASK] Vasyl → RestAtBase (goal=Patrol)
[01:13:11] [GOAL] Vasyl achieved Patrol
[01:13:11] [TASK] Giorgi → RestAtBase (goal=Patrol)
[01:13:11] [GOAL] Giorgi achieved Patrol
[01:13:12] [TASK] Sidorovich → RestAtBase (goal=Patrol)
[01:13:12] [GOAL] Sidorovich achieved Patrol
[01:13:12] [TASK] Vasyl → RestAtBase (goal=Patrol)
[01:13:12] [GOAL] Vasyl achieved Patrol
[01:13:12] [TASK] Oleg → GoToShelter (goal=FleeEmission)
[01:13:12] [GOAL] Oleg achieved FleeEmission
[01:13:12] [TASK] Giorgi → GoToShelter (goal=FleeEmission)
[01:13:12] [GOAL] Giorgi achieved FleeEmission
[01:13:12] [TASK] Nikolai → GoToShelter (goal=FleeEmission)
[01:13:12] [GOAL] Nikolai achieved FleeEmission
[01:13:13] [SPAWN] Trickle +1 stalkers, +1 mutants
[01:13:13] [TASK] Oleg → GoToShelter (goal=FleeEmission)
[01:13:13] [GOAL] Oleg achieved FleeEmission
[01:13:15] [TASK] Yuriy → RestAtBase (goal=Patrol)
[01:13:15] [GOAL] Yuriy achieved Patrol
[01:13:15] [TASK] Igor → RestAtBase (goal=Patrol)
[01:13:15] [GOAL] Igor achieved Patrol
[01:13:15] [CORPSE] Despawned 11 bodies (lifetime=1782)
[01:13:16] [TASK] Mykola → RestAtBase (goal=Patrol)
[01:13:16] [GOAL] Mykola achieved Patrol
[01:13:16] [TASK] Alexei → RestAtBase (goal=Patrol)
[01:13:16] [GOAL] Alexei achieved Patrol
[01:13:16] [TASK] Damir → RestAtBase (goal=Patrol)
[01:13:16] [GOAL] Damir achieved Patrol
[01:13:16] [RANK] Oleksiy Melnyk 'Spark' → Trainee
[01:13:22] [TASK] Sergei → RestAtBase (goal=Patrol)
[01:13:22] [GOAL] Sergei achieved Patrol
[01:13:22] [TASK] Vasyl → GoToShelter (goal=FleeEmission)
[01:13:22] [GOAL] Vasyl achieved FleeEmission
[01:13:22] [TASK] Oleg → GoToShelter (goal=FleeEmission)
[01:13:22] [GOAL] Oleg achieved FleeEmission
[01:13:22] [TASK] Andriy → GoToShelter (goal=FleeEmission)
[01:13:22] [GOAL] Andriy achieved FleeEmission
[01:13:23] [TASK] Giorgi → RestAtBase (goal=Patrol)
[01:13:23] [GOAL] Giorgi achieved Patrol
[01:13:23] [SPAWN] Trickle +0 stalkers, +1 mutants
[01:13:25] [CORPSE] Despawned 4 bodies (lifetime=1786)
[01:13:25] [TASK] Zura → RestAtBase (goal=Patrol)
[01:13:25] [GOAL] Zura achieved Patrol
[01:13:26] [TASK] Yuriy → RestAtBase (goal=Patrol)
[01:13:26] [GOAL] Yuriy achieved Patrol
[01:13:27] [TASK] Yuriy → RestAtBase (goal=Patrol)
[01:13:27] [GOAL] Yuriy achieved Patrol
[01:13:27] [TASK] Mikhail → RestAtBase (goal=Patrol)
[01:13:27] [GOAL] Mikhail achieved Patrol
[01:13:28] [TASK] Mikhail → RestAtBase (goal=Patrol)
[01:13:28] [GOAL] Mikhail achieved Patrol
[01:13:28] [TASK] Bakhyt → RestAtBase (goal=Patrol)
[01:13:28] [GOAL] Bakhyt achieved Patrol
[01:13:28] [TASK] Sergei → GoToShelter (goal=FleeEmission)
[01:13:28] [GOAL] Sergei achieved FleeEmission
[01:13:28] [TASK] Oleg → GoToShelter (goal=FleeEmission)
[01:13:28] [GOAL] Oleg achieved FleeEmission
[01:13:28] [TASK] Igor → RestAtBase (goal=Patrol)
[01:13:28] [GOAL] Igor achieved Patrol
[01:13:28] [SPAWN] Trickle +1 stalkers, +0 mutants
[01:13:28] [TASK] Oleg → GoToShelter (goal=FleeEmission)
[01:13:28] [GOAL] Oleg achieved FleeEmission
[01:13:30] [TASK] Mykola → RestAtBase (goal=Patrol)
[01:13:30] [GOAL] Mykola achieved Patrol
[01:13:30] [TASK] Serhiy → RestAtBase (goal=Patrol)
[01:13:30] [GOAL] Serhiy achieved Patrol
[01:13:30] [TASK] Bakhyt → GoToShelter (goal=FleeEmission)
[01:13:30] [GOAL] Bakhyt achieved FleeEmission
[01:13:30] [TASK] Oleg → GoToShelter (goal=FleeEmission)
[01:13:30] [GOAL] Oleg achieved FleeEmission
[01:13:31] [TASK] Pavel → RestAtBase (goal=Patrol)
[01:13:31] [GOAL] Pavel achieved Patrol
[01:13:32] [TASK] Oleg → RestAtBase (goal=Patrol)
[01:13:32] [GOAL] Oleg achieved Patrol
[01:13:32] [TASK] Serhiy → GoToShelter (goal=FleeEmission)
[01:13:32] [GOAL] Serhiy achieved FleeEmission
[01:13:33] [TASK] Dmytro → GoToShelter (goal=FleeEmission)
[01:13:33] [GOAL] Dmytro achieved FleeEmission
[01:13:33] [TASK] Oleg → GoToShelter (goal=FleeEmission)
[01:13:33] [GOAL] Oleg achieved FleeEmission
[01:13:33] [TASK] Sergei → RestAtBase (goal=Patrol)
[01:13:33] [GOAL] Sergei achieved Patrol
[01:13:34] [TASK] Pavel → RestAtBase (goal=Patrol)
[01:13:34] [GOAL] Pavel achieved Patrol
[01:13:36] [CORPSE] Despawned 16 bodies (lifetime=1802)
[01:13:36] [TASK] Dmytro → RestAtBase (goal=Patrol)
[01:13:36] [GOAL] Dmytro achieved Patrol
[01:13:39] [SNAPSHOT] real=18.9min game=D0 00:48 alive S=158 M=253 corpses=413 lootable=139 gammaGear out=110 helm=139 avgRU=650 leaderGoals trade=0 mission=2 emission=Dormant nextIn=28gmin desperate=0 hungry=0 interval deaths=5 combats=8 tasks=50 gearLoot=1 gearBuy=0 corpseDespawn=31 trickleSpawns=5 ranks=[Rookie:149,Trainee:7,Experienced:2] goals=[Patrol::43,Idle:37,FleeEmission::2] leaders: Nikolai[Rookie/Idle], Oleksiy[Trainee/Idle], Dmytro[Rookie/Idle], Ivan[Rookie/Patrol:], Sergei[Rookie/Patrol:]
[01:13:41] [TASK] Nodar → RestAtBase (goal=Patrol)
[01:13:41] [GOAL] Nodar achieved Patrol
[01:13:42] [TASK] Oleksiy → RestAtBase (goal=Patrol)
[01:13:42] [GOAL] Oleksiy achieved Patrol
[01:13:43] [TASK] Vasyl → RestAtBase (goal=Patrol)
[01:13:43] [GOAL] Vasyl achieved Patrol
[01:13:44] [TASK] Ivan → RestAtBase (goal=Patrol)
[01:13:44] [GOAL] Ivan achieved Patrol
[01:13:44] [TASK] Oleg → GoToShelter (goal=FleeEmission)
[01:13:44] [GOAL] Oleg achieved FleeEmission
[01:13:44] [TASK] Oleg → GoToShelter (goal=FleeEmission)
[01:13:44] [GOAL] Oleg achieved FleeEmission
[01:13:44] [TASK] Tobias → RestAtBase (goal=Patrol)
[01:13:44] [GOAL] Tobias achieved Patrol
[01:13:44] [TASK] Tobias → RestAtBase (goal=Patrol)
[01:13:44] [GOAL] Tobias achieved Patrol
[01:13:44] [TASK] Yuriy → RestAtBase (goal=Patrol)
[01:13:44] [GOAL] Yuriy achieved Patrol
[01:13:46] [CORPSE] Despawned 10 bodies (lifetime=1812)
[01:13:46] [TASK] Oleksiy → RestAtBase (goal=Patrol)
[01:13:46] [GOAL] Oleksiy achieved Patrol
[01:13:46] [TASK] Taras → RestAtBase (goal=Patrol)
[01:13:46] [GOAL] Taras achieved Patrol
[01:13:47] [TASK] Dmitri → RestAtBase (goal=Patrol)
[01:13:47] [GOAL] Dmitri achieved Patrol
[01:13:47] [TASK] Bakhyt → RestAtBase (goal=Patrol)
[01:13:47] [GOAL] Bakhyt achieved Patrol
[01:13:48] [TASK] Andriy → RestAtBase (goal=Patrol)
[01:13:48] [GOAL] Andriy achieved Patrol
[01:13:52] [TASK] Pavel → RestAtBase (goal=Patrol)
[01:13:52] [GOAL] Pavel achieved Patrol
[01:13:54] [TASK] Andriy → RestAtBase (goal=Patrol)
[01:13:54] [GOAL] Andriy achieved Patrol
[01:13:55] [TASK] Viktor → RestAtBase (goal=Patrol)
[01:13:55] [GOAL] Viktor achieved Patrol
[01:13:56] [TASK] Mykola → RestAtBase (goal=Patrol)
[01:13:56] [GOAL] Mykola achieved Patrol
[01:13:56] [CORPSE] Despawned 5 bodies (lifetime=1817)
[01:13:58] [TASK] Andriy → RestAtBase (goal=Patrol)
[01:13:58] [GOAL] Andriy achieved Patrol
[01:13:58] [TASK] Ivan → GoToShelter (goal=FleeEmission)
[01:13:58] [GOAL] Ivan achieved FleeEmission
[01:13:58] [TASK] Oleg → GoToShelter (goal=FleeEmission)
[01:13:58] [GOAL] Oleg achieved FleeEmission
[01:13:59] [TASK] Dmytro → RestAtBase (goal=Patrol)
[01:13:59] [GOAL] Dmytro achieved Patrol
[01:14:02] [TASK] Oleksiy → RestAtBase (goal=Patrol)
[01:14:02] [GOAL] Oleksiy achieved Patrol
[01:14:02] [TASK] Alibek → RestAtBase (goal=Patrol)
[01:14:02] [GOAL] Alibek achieved Patrol
[01:14:02] [TASK] Andriy → GoToShelter (goal=FleeEmission)
[01:14:02] [GOAL] Andriy achieved FleeEmission
[01:14:02] [TASK] Oleg → GoToShelter (goal=FleeEmission)
[01:14:02] [GOAL] Oleg achieved FleeEmission
[01:14:06] [TASK] Lasha → RestAtBase (goal=Patrol)
[01:14:06] [GOAL] Lasha achieved Patrol
[01:14:06] [CORPSE] Despawned 11 bodies (lifetime=1828)
[01:14:08] [TASK] Timur → RestAtBase (goal=Patrol)
[01:14:08] [GOAL] Timur achieved Patrol
[01:14:09] [SPAWN] Trickle +2 stalkers, +0 mutants
[01:14:09] [SNAPSHOT] real=19.4min game=D0 00:49 alive S=157 M=248 corpses=395 lootable=133 gammaGear out=107 helm=139 avgRU=650 leaderGoals trade=0 mission=3 emission=Dormant nextIn=27gmin desperate=0 hungry=0 interval deaths=3 combats=8 tasks=28 gearLoot=0 gearBuy=0 corpseDespawn=26 trickleSpawns=2 ranks=[Rookie:148,Trainee:7,Experienced:2] goals=[Idle:57,Patrol::22,FleeEmission::3] leaders: Nikolai[Rookie/Idle], Oleksiy[Trainee/Idle], Dmytro[Rookie/Idle], Ivan[Rookie/Patrol:], Sergei[Rookie/Patrol:]
[01:14:09] [TASK] Oleg → GoToShelter (goal=FleeEmission)
[01:14:09] [GOAL] Oleg achieved FleeEmission
[01:14:09] [TASK] Oleksiy → GoToShelter (goal=FleeEmission)
[01:14:09] [GOAL] Oleksiy achieved FleeEmission
[01:14:11] [TASK] Andriy → RestAtBase (goal=Patrol)
[01:14:11] [GOAL] Andriy achieved Patrol
[01:14:11] [TASK] Bakhyt → RestAtBase (goal=Patrol)
[01:14:11] [GOAL] Bakhyt achieved Patrol
[01:14:12] [TASK] Mykola → RestAtBase (goal=Patrol)
[01:14:12] [GOAL] Mykola achieved Patrol
[01:14:13] [TASK] Serhiy → RestAtBase (goal=Patrol)
[01:14:13] [GOAL] Serhiy achieved Patrol
[01:14:13] [SPAWN] Trickle +1 stalkers, +0 mutants
[01:14:13] [TASK] Viktor → GoToShelter (goal=FleeEmission)
[01:14:13] [GOAL] Viktor achieved FleeEmission
[01:14:13] [TASK] Oleg → GoToShelter (goal=FleeEmission)
[01:14:13] [GOAL] Oleg achieved FleeEmission
[01:14:15] [TASK] Yuriy → RestAtBase (goal=Patrol)
[01:14:15] [GOAL] Yuriy achieved Patrol
[01:14:15] [TASK] Oleksiy → RestAtBase (goal=Patrol)
[01:14:15] [GOAL] Oleksiy achieved Patrol
[01:14:16] [TASK] Damir → GoToShelter (goal=FleeEmission)
[01:14:16] [GOAL] Damir achieved FleeEmission
[01:14:16] [TASK] Oleg → GoToShelter (goal=FleeEmission)
[01:14:16] [GOAL] Oleg achieved FleeEmission
[01:14:16] [CORPSE] Despawned 12 bodies (lifetime=1840)
[01:14:18] [TASK] Viktor → RestAtBase (goal=Patrol)
[01:14:18] [GOAL] Viktor achieved Patrol
[01:14:19] [TASK] Connor → RestAtBase (goal=Patrol)
[01:14:19] [GOAL] Connor achieved Patrol
[01:14:21] [TASK] Oleg → RestAtBase (goal=Patrol)
[01:14:21] [GOAL] Oleg achieved Patrol
[01:14:21] [TASK] Sergei → RestAtBase (goal=Patrol)
[01:14:21] [GOAL] Sergei achieved Patrol
[01:14:26] [TASK] Nikolai → RestAtBase (goal=Patrol)
[01:14:26] [GOAL] Nikolai achieved Patrol
[01:14:26] [TASK] Bohdan → RestAtBase (goal=Patrol)
[01:14:26] [GOAL] Bohdan achieved Patrol
[01:14:26] [CORPSE] Despawned 10 bodies (lifetime=1850)
[01:14:26] [TASK] Oleg → RestAtBase (goal=Patrol)
[01:14:26] [GOAL] Oleg achieved Patrol
[01:14:28] [TASK] Dmytro → RestAtBase (goal=Patrol)
[01:14:28] [GOAL] Dmytro achieved Patrol
[01:14:29] [TASK] Oleksiy → GoToShelter (goal=FleeEmission)
[01:14:29] [GOAL] Oleksiy achieved FleeEmission
[01:14:29] [TASK] Oleg → GoToShelter (goal=FleeEmission)
[01:14:29] [GOAL] Oleg achieved FleeEmission
[01:14:29] [SPAWN] Trickle +0 stalkers, +1 mutants
[01:14:32] [TASK] Ivan → RestAtBase (goal=Patrol)
[01:14:32] [GOAL] Ivan achieved Patrol
[01:14:34] [TASK] Sergei → RestAtBase (goal=Patrol)
[01:14:34] [GOAL] Sergei achieved Patrol
[01:14:34] [TASK] Dmytro → GoToShelter (goal=FleeEmission)
[01:14:34] [GOAL] Dmytro achieved FleeEmission
[01:14:34] [TASK] Oleg → GoToShelter (goal=FleeEmission)
[01:14:34] [GOAL] Oleg achieved FleeEmission
[01:14:36] [SPAWN] Trickle +1 stalkers, +0 mutants
[01:14:36] [TASK] Oleg → GoToShelter (goal=FleeEmission)
[01:14:36] [GOAL] Oleg achieved FleeEmission
[01:14:36] [TASK] Dmytro → RestAtBase (goal=Patrol)
[01:14:36] [GOAL] Dmytro achieved Patrol
[01:14:36] [TASK] Mikhail → RestAtBase (goal=Patrol)
[01:14:36] [GOAL] Mikhail achieved Patrol
[01:14:37] [TASK] Oleg → GoToShelter (goal=FleeEmission)
[01:14:37] [GOAL] Oleg achieved FleeEmission
[01:14:37] [TASK] Sergei → GoToShelter (goal=FleeEmission)
[01:14:37] [GOAL] Sergei achieved FleeEmission
[01:14:37] [CORPSE] Despawned 10 bodies (lifetime=1860)
[01:14:40] [SNAPSHOT] real=19.9min game=D0 00:51 alive S=151 M=242 corpses=378 lootable=136 gammaGear out=100 helm=133 avgRU=650 leaderGoals trade=0 mission=3 emission=Dormant nextIn=25gmin desperate=0 hungry=0 interval deaths=8 combats=15 tasks=31 gearLoot=0 gearBuy=0 corpseDespawn=32 trickleSpawns=3 ranks=[Rookie:143,Trainee:6,Experienced:2] goals=[Idle:75,Patrol::4,FleeEmission::3] leaders: Nikolai[Rookie/Idle], Dmytro[Rookie/Idle], Ivan[Rookie/Idle], Sergei[Rookie/Idle], Mykola[Rookie/Idle]
[01:14:43] [SPAWN] Trickle +1 stalkers, +0 mutants
[01:14:43] [TASK] Andriy → RestAtBase (goal=Patrol)
[01:14:43] [GOAL] Andriy achieved Patrol
[01:14:47] [CORPSE] Despawned 10 bodies (lifetime=1870)
[01:14:54] [TASK] Oleksiy → RestAtBase (goal=Patrol)
[01:14:54] [GOAL] Oleksiy achieved Patrol
[01:14:57] [CORPSE] Despawned 5 bodies (lifetime=1875)
[01:15:04] [SPAWN] Trickle +4 stalkers, +0 mutants
[01:15:04] [TASK] Ivan → GoToShelter (goal=FleeEmission)
[01:15:04] [GOAL] Ivan achieved FleeEmission
[01:15:04] [TASK] Oleg → GoToShelter (goal=FleeEmission)
[01:15:04] [GOAL] Oleg achieved FleeEmission
[01:15:04] [TASK] Mikhail → GoToShelter (goal=FleeEmission)
[01:15:04] [GOAL] Mikhail achieved FleeEmission
[01:15:07] [CORPSE] Despawned 5 bodies (lifetime=1880)
[01:15:08] [RANK] Dmitri Kovalenko 'Stitch' → Trainee
[01:15:10] [SNAPSHOT] real=20.4min game=D0 00:52 alive S=150 M=239 corpses=367 lootable=136 gammaGear out=98 helm=131 avgRU=650 leaderGoals trade=0 mission=2 emission=Dormant nextIn=24gmin desperate=0 hungry=0 interval deaths=6 combats=9 tasks=5 gearLoot=0 gearBuy=0 corpseDespawn=20 trickleSpawns=5 ranks=[Rookie:141,Trainee:7,Experienced:2] goals=[Idle:78,Patrol::2,FleeEmission::2] leaders: Nikolai[Rookie/Idle], Dmytro[Rookie/Idle], Sergei[Rookie/Idle], Mykola[Rookie/Idle], Dmytro[Rookie/Idle]
[01:15:13] [TASK] Mykola → RestAtBase (goal=Patrol)
[01:15:13] [GOAL] Mykola achieved Patrol
[01:15:13] [TASK] Dmytro → RestAtBase (goal=Patrol)
[01:15:13] [GOAL] Dmytro achieved Patrol
[01:15:17] [CORPSE] Despawned 9 bodies (lifetime=1889)
[01:15:20] [SPAWN] Trickle +1 stalkers, +0 mutants
[01:15:20] [TASK] Dmytro → GoToShelter (goal=FleeEmission)
[01:15:20] [GOAL] Dmytro achieved FleeEmission
[01:15:23] [TASK] Sergei → GoToShelter (goal=FleeEmission)
[01:15:23] [GOAL] Sergei achieved FleeEmission
[01:15:27] [CORPSE] Despawned 8 bodies (lifetime=1897)
[01:15:37] [CORPSE] Despawned 8 bodies (lifetime=1905)
[01:15:41] [SNAPSHOT] real=20.9min game=D0 00:54 alive S=147 M=236 corpses=349 lootable=136 gammaGear out=96 helm=128 avgRU=650 leaderGoals trade=0 mission=0 emission=Dormant nextIn=22gmin desperate=0 hungry=0 interval deaths=4 combats=7 tasks=4 gearLoot=0 gearBuy=0 corpseDespawn=25 trickleSpawns=1 ranks=[Rookie:138,Trainee:7,Experienced:2] goals=[Idle:79] leaders: Nikolai[Rookie/Idle], Dmytro[Rookie/Idle], Sergei[Rookie/Idle], Mykola[Rookie/Idle], Andriy[Rookie/Idle]
[01:15:47] [CORPSE] Despawned 16 bodies (lifetime=1921)
[01:15:49] [SPAWN] Trickle +1 stalkers, +0 mutants
[01:15:52] [TASK] Nikolai → GoToShelter (goal=FleeEmission)
[01:15:52] [GOAL] Nikolai achieved FleeEmission
[01:15:57] [SPAWN] Trickle +0 stalkers, +1 mutants
[01:15:57] [CORPSE] Despawned 12 bodies (lifetime=1933)
[01:15:58] [SPAWN] Trickle +0 stalkers, +1 mutants
[01:16:02] [SPAWN] Trickle +1 stalkers, +0 mutants
[01:16:03] [TASK] Timur → GoToShelter (goal=FleeEmission)
[01:16:03] [GOAL] Timur achieved FleeEmission
[01:16:07] [CORPSE] Despawned 23 bodies (lifetime=1956)
[01:16:10] [SPAWN] Trickle +5 stalkers, +0 mutants
[01:16:11] [SNAPSHOT] real=21.4min game=D0 00:55 alive S=154 M=237 corpses=299 lootable=133 gammaGear out=98 helm=134 avgRU=650 leaderGoals trade=0 mission=2 emission=Dormant nextIn=21gmin desperate=0 hungry=0 interval deaths=0 combats=1 tasks=2 gearLoot=0 gearBuy=0 corpseDespawn=51 trickleSpawns=9 ranks=[Rookie:145,Trainee:7,Experienced:2] goals=[Idle:81,FleeEmission::2] leaders: Igor[Rookie/FleeEmission:], Andriy[Rookie/FleeEmission:], Nikolai[Rookie/Idle], Dmytro[Rookie/Idle], Sergei[Rookie/Idle]
[01:16:12] [TASK] Andriy → GoToShelter (goal=FleeEmission)
[01:16:12] [GOAL] Andriy achieved FleeEmission
[01:16:12] [TASK] Igor → GoToShelter (goal=FleeEmission)
[01:16:12] [GOAL] Igor achieved FleeEmission
[01:16:17] [CORPSE] Despawned 38 bodies (lifetime=1994)
[01:16:27] [CORPSE] Despawned 19 bodies (lifetime=2013)
[01:16:37] [CORPSE] Despawned 13 bodies (lifetime=2026)
[01:16:41] [SNAPSHOT] real=21.9min game=D0 00:57 alive S=154 M=235 corpses=231 lootable=127 gammaGear out=98 helm=134 avgRU=650 leaderGoals trade=0 mission=0 emission=Dormant nextIn=19gmin desperate=0 hungry=0 interval deaths=0 combats=2 tasks=2 gearLoot=0 gearBuy=0 corpseDespawn=70 trickleSpawns=0 ranks=[Rookie:145,Trainee:7,Experienced:2] goals=[Idle:83] leaders: Igor[Rookie/Idle], Andriy[Rookie/Idle], Nikolai[Rookie/Idle], Dmytro[Rookie/Idle], Sergei[Rookie/Idle]
[01:16:47] [CORPSE] Despawned 10 bodies (lifetime=2036)
[01:16:57] [CORPSE] Despawned 8 bodies (lifetime=2044)
[01:17:01] [SPAWN] Trickle +1 stalkers, +0 mutants
[01:17:06] [TASK] Alibek → GoToShelter (goal=FleeEmission)
[01:17:06] [GOAL] Alibek achieved FleeEmission
[01:17:07] [CORPSE] Despawned 7 bodies (lifetime=2051)
[01:17:12] [SNAPSHOT] real=22.4min game=D0 00:58 alive S=154 M=234 corpses=208 lootable=123 gammaGear out=98 helm=134 avgRU=650 leaderGoals trade=0 mission=0 emission=Dormant nextIn=18gmin desperate=0 hungry=0 interval deaths=1 combats=2 tasks=1 gearLoot=0 gearBuy=0 corpseDespawn=25 trickleSpawns=1 ranks=[Rookie:145,Trainee:7,Experienced:2] goals=[Idle:83] leaders: Alibek[Rookie/Idle], Igor[Rookie/Idle], Andriy[Rookie/Idle], Nikolai[Rookie/Idle], Dmytro[Rookie/Idle]
[01:17:17] [CORPSE] Despawned 10 bodies (lifetime=2061)
[01:17:24] [SPAWN] Trickle +5 stalkers, +0 mutants
[01:17:25] [TASK] Giorgi → GoToShelter (goal=FleeEmission)
[01:17:25] [GOAL] Giorgi achieved FleeEmission
[01:17:26] [TASK] Ivan → GoToShelter (goal=FleeEmission)
[01:17:26] [GOAL] Ivan achieved FleeEmission
[01:17:27] [SPAWN] Trickle +0 stalkers, +1 mutants
[01:17:27] [CORPSE] Despawned 8 bodies (lifetime=2069)
[01:17:31] [SPAWN] Trickle +1 stalkers, +0 mutants
[01:17:35] [TASK] Marcus → GoToShelter (goal=FleeEmission)
[01:17:35] [GOAL] Marcus achieved FleeEmission
[01:17:37] [SPAWN] Trickle +2 stalkers, +0 mutants
[01:17:37] [CORPSE] Despawned 6 bodies (lifetime=2075)
[01:17:42] [SNAPSHOT] real=22.9min game=D0 01:00 alive S=162 M=235 corpses=184 lootable=118 gammaGear out=102 helm=142 avgRU=650 leaderGoals trade=0 mission=1 emission=Dormant nextIn=16gmin desperate=0 hungry=0 interval deaths=0 combats=0 tasks=3 gearLoot=0 gearBuy=0 corpseDespawn=24 trickleSpawns=9 ranks=[Rookie:153,Trainee:7,Experienced:2] goals=[Idle:86,FleeEmission::1] leaders: Ivan[Rookie/Idle], Giorgi[Rookie/Idle], Alibek[Rookie/Idle], Igor[Rookie/Idle], Andriy[Rookie/Idle]
[01:17:43] [SPAWN] Trickle +3 stalkers, +0 mutants
[01:17:47] [CORPSE] Despawned 6 bodies (lifetime=2081)
[01:17:48] [TASK] Vasyl → GoToShelter (goal=FleeEmission)
[01:17:48] [GOAL] Vasyl achieved FleeEmission
[01:17:48] [TASK] Alexei → GoToShelter (goal=FleeEmission)
[01:17:48] [GOAL] Alexei achieved FleeEmission
[01:17:48] [TASK] Nikolai → GoToShelter (goal=FleeEmission)
[01:17:48] [GOAL] Nikolai achieved FleeEmission
[01:17:57] [CORPSE] Despawned 4 bodies (lifetime=2085)
[01:18:06] [SPAWN] Trickle +0 stalkers, +1 mutants
[01:18:07] [SPAWN] Trickle +1 stalkers, +1 mutants
[01:18:07] [CORPSE] Despawned 3 bodies (lifetime=2088)
[01:18:07] [TASK] Nikolai → GoToShelter (goal=FleeEmission)
[01:18:07] [GOAL] Nikolai achieved FleeEmission
[01:18:07] [TASK] Pavel → GoToShelter (goal=FleeEmission)
[01:18:07] [GOAL] Pavel achieved FleeEmission
[01:18:07] [TASK] Alexei → GoToShelter (goal=FleeEmission)
[01:18:07] [GOAL] Alexei achieved FleeEmission
[01:18:10] [SPAWN] Trickle +1 stalkers, +0 mutants
[01:18:10] [TASK] Ivan → GoToShelter (goal=FleeEmission)
[01:18:10] [GOAL] Ivan achieved FleeEmission
[01:18:10] [TASK] Nikolai → GoToShelter (goal=FleeEmission)
[01:18:10] [GOAL] Nikolai achieved FleeEmission
[01:18:10] [TASK] Alexei → GoToShelter (goal=FleeEmission)
[01:18:10] [GOAL] Alexei achieved FleeEmission
[01:18:13] [SNAPSHOT] real=23.4min game=D0 01:01 alive S=164 M=233 corpses=178 lootable=118 gammaGear out=102 helm=142 avgRU=650 leaderGoals trade=0 mission=3 emission=Dormant nextIn=15gmin desperate=0 hungry=0 interval deaths=3 combats=7 tasks=9 gearLoot=0 gearBuy=0 corpseDespawn=13 trickleSpawns=7 ranks=[Rookie:155,Trainee:7,Experienced:2] goals=[Idle:87,FleeEmission::3] leaders: Ivan[Rookie/FleeEmission:], Ivan[Rookie/Idle], Ivan[Rookie/Idle], Giorgi[Rookie/Idle], Alibek[Rookie/Idle]
[01:18:16] [SPAWN] Trickle +1 stalkers, +0 mutants
[01:18:16] [TASK] Ivan → GoToShelter (goal=FleeEmission)
[01:18:16] [GOAL] Ivan achieved FleeEmission
[01:18:16] [TASK] Nikolai → GoToShelter (goal=FleeEmission)
[01:18:16] [GOAL] Nikolai achieved FleeEmission
[01:18:16] [TASK] Alexei → GoToShelter (goal=FleeEmission)
[01:18:16] [GOAL] Alexei achieved FleeEmission
[01:18:22] [SPAWN] Trickle +1 stalkers, +0 mutants
[01:18:22] [TASK] Dmytro → GoToShelter (goal=FleeEmission)
[01:18:22] [GOAL] Dmytro achieved FleeEmission
[01:18:22] [TASK] Alexei → GoToShelter (goal=FleeEmission)
[01:18:22] [GOAL] Alexei achieved FleeEmission
[01:18:24] [SPAWN] Trickle +0 stalkers, +1 mutants
[01:18:28] [CORPSE] Despawned 4 bodies (lifetime=2092)
[01:18:38] [CORPSE] Despawned 10 bodies (lifetime=2102)
[01:18:39] [SPAWN] Trickle +1 stalkers, +0 mutants
[01:18:39] [TASK] Alexei → GoToShelter (goal=FleeEmission)
[01:18:39] [GOAL] Alexei achieved FleeEmission
[01:18:39] [TASK] Igor → GoToShelter (goal=FleeEmission)
[01:18:39] [GOAL] Igor achieved FleeEmission
[01:18:42] [SPAWN] Trickle +0 stalkers, +1 mutants
[01:18:43] [SNAPSHOT] real=23.9min game=D0 01:03 alive S=165 M=234 corpses=167 lootable=110 gammaGear out=103 helm=142 avgRU=650 leaderGoals trade=0 mission=2 emission=Dormant nextIn=13gmin desperate=0 hungry=0 interval deaths=2 combats=3 tasks=7 gearLoot=0 gearBuy=0 corpseDespawn=14 trickleSpawns=5 ranks=[Rookie:156,Trainee:7,Experienced:2] goals=[Idle:89,FleeEmission::2] leaders: Igor[Rookie/Idle], Ivan[Rookie/Idle], Ivan[Rookie/Idle], Ivan[Rookie/Idle], Giorgi[Rookie/Idle]
[01:18:48] [GEAR] Yuriy looted [out_stalker_tigerstripe_outfit] via combat
[01:18:48] [CORPSE] Despawned 9 bodies (lifetime=2111)
[01:18:51] [SPAWN] Trickle +1 stalkers, +0 mutants
[01:18:58] [CORPSE] Despawned 3 bodies (lifetime=2114)
[01:18:59] [SPAWN] Trickle +0 stalkers, +1 mutants
[01:19:03] [SPAWN] Trickle +1 stalkers, +0 mutants
[01:19:03] [TASK] Alexei → GoToShelter (goal=FleeEmission)
[01:19:03] [GOAL] Alexei achieved FleeEmission
[01:19:03] [TASK] Alexei → GoToShelter (goal=FleeEmission)
[01:19:03] [GOAL] Alexei achieved FleeEmission
[01:19:08] [CORPSE] Despawned 7 bodies (lifetime=2121)
[01:19:13] [SNAPSHOT] real=24.4min game=D0 01:04 alive S=165 M=234 corpses=151 lootable=102 gammaGear out=103 helm=143 avgRU=650 leaderGoals trade=0 mission=2 emission=Dormant nextIn=12gmin desperate=0 hungry=0 interval deaths=2 combats=3 tasks=2 gearLoot=1 gearBuy=0 corpseDespawn=19 trickleSpawns=3 ranks=[Rookie:156,Trainee:7,Experienced:2] goals=[Idle:89,FleeEmission::2] leaders: Igor[Rookie/Idle], Ivan[Rookie/Idle], Ivan[Rookie/Idle], Ivan[Rookie/Idle], Giorgi[Rookie/Idle]
[01:19:16] [SPAWN] Trickle +0 stalkers, +1 mutants
[01:19:16] [RANK] Ivan Volkov 'Wolf' → Trainee
[01:19:18] [CORPSE] Despawned 4 bodies (lifetime=2125)
[01:19:28] [CORPSE] Despawned 4 bodies (lifetime=2129)
[01:19:38] [CORPSE] Despawned 2 bodies (lifetime=2131)
[01:19:44] [SNAPSHOT] real=24.9min game=D0 01:06 alive S=165 M=234 corpses=142 lootable=98 gammaGear out=103 helm=143 avgRU=650 leaderGoals trade=0 mission=2 emission=Dormant nextIn=10gmin desperate=0 hungry=0 interval deaths=0 combats=1 tasks=0 gearLoot=0 gearBuy=0 corpseDespawn=10 trickleSpawns=1 ranks=[Rookie:155,Trainee:8,Experienced:2] goals=[Idle:89,FleeEmission::2] leaders: Igor[Rookie/Idle], Ivan[Rookie/Idle], Ivan[Rookie/Idle], Ivan[Rookie/Idle], Giorgi[Rookie/Idle]
[01:19:48] [CORPSE] Despawned 3 bodies (lifetime=2134)
[01:19:58] [CORPSE] Despawned 2 bodies (lifetime=2136)
[01:20:04] [SPAWN] Trickle +1 stalkers, +0 mutants
[01:20:04] [TASK] Alexei → GoToShelter (goal=FleeEmission)
[01:20:04] [GOAL] Alexei achieved FleeEmission
[01:20:05] [TASK] Igor → GoToShelter (goal=FleeEmission)
[01:20:05] [GOAL] Igor achieved FleeEmission
[01:20:15] [SNAPSHOT] real=25.4min game=D0 01:07 alive S=160 M=233 corpses=144 lootable=101 gammaGear out=100 helm=139 avgRU=650 leaderGoals trade=0 mission=1 emission=Dormant nextIn=9gmin desperate=0 hungry=0 interval deaths=6 combats=7 tasks=2 gearLoot=0 gearBuy=0 corpseDespawn=5 trickleSpawns=1 ranks=[Rookie:151,Trainee:8,Experienced:1] goals=[Idle:89,FleeEmission::1] leaders: Igor[Rookie/Idle], Ivan[Rookie/Idle], Ivan[Rookie/Idle], Giorgi[Rookie/Idle], Alibek[Rookie/Idle]
[01:20:19] [CORPSE] Despawned 5 bodies (lifetime=2141)
[01:20:29] [CORPSE] Despawned 2 bodies (lifetime=2143)
[01:20:37] [SPAWN] Trickle +0 stalkers, +1 mutants
[01:20:39] [SPAWN] Trickle +1 stalkers, +0 mutants
[01:20:39] [CORPSE] Despawned 3 bodies (lifetime=2146)
[01:20:40] [SPAWN] Trickle +0 stalkers, +1 mutants
[01:20:45] [SNAPSHOT] real=26.0min game=D0 01:09 alive S=161 M=233 corpses=136 lootable=94 gammaGear out=100 helm=140 avgRU=650 leaderGoals trade=0 mission=2 emission=Dormant nextIn=7gmin desperate=0 hungry=0 interval deaths=0 combats=2 tasks=0 gearLoot=0 gearBuy=0 corpseDespawn=10 trickleSpawns=3 ranks=[Rookie:152,Trainee:8,Experienced:1] goals=[Idle:89,FleeEmission::2] leaders: Igor[Rookie/Idle], Ivan[Rookie/Idle], Ivan[Rookie/Idle], Giorgi[Rookie/Idle], Alibek[Rookie/Idle]
[01:20:47] [SPAWN] Trickle +1 stalkers, +0 mutants
[01:20:49] [CORPSE] Despawned 2 bodies (lifetime=2148)
[01:20:59] [CORPSE] Despawned 3 bodies (lifetime=2151)
[01:21:01] [SPAWN] Trickle +1 stalkers, +0 mutants
[01:21:01] [TASK] Timur → GoToShelter (goal=FleeEmission)
[01:21:01] [GOAL] Timur achieved FleeEmission
[01:21:01] [TASK] Alexei → GoToShelter (goal=FleeEmission)
[01:21:01] [GOAL] Alexei achieved FleeEmission
[01:21:05] [SPAWN] Trickle +1 stalkers, +0 mutants
[01:21:05] [TASK] Pavel → GoToShelter (goal=FleeEmission)
[01:21:05] [GOAL] Pavel achieved FleeEmission
[01:21:05] [TASK] Timur → GoToShelter (goal=FleeEmission)
[01:21:05] [GOAL] Timur achieved FleeEmission
[01:21:05] [TASK] Alexei → GoToShelter (goal=FleeEmission)
[01:21:05] [GOAL] Alexei achieved FleeEmission
[01:21:06] [SPAWN] Trickle +0 stalkers, +1 mutants
[01:21:09] [CORPSE] Despawned 1 bodies (lifetime=2152)
[01:21:15] [SNAPSHOT] real=26.5min game=D0 01:10 alive S=164 M=233 corpses=131 lootable=91 gammaGear out=100 helm=143 avgRU=650 leaderGoals trade=0 mission=3 emission=Dormant nextIn=6gmin desperate=0 hungry=0 interval deaths=0 combats=1 tasks=5 gearLoot=0 gearBuy=0 corpseDespawn=6 trickleSpawns=4 ranks=[Rookie:155,Trainee:8,Experienced:1] goals=[Idle:91,FleeEmission::3] leaders: Igor[Rookie/Idle], Ivan[Rookie/Idle], Ivan[Rookie/Idle], Giorgi[Rookie/Idle], Alibek[Rookie/Idle]
[01:21:19] [CORPSE] Despawned 3 bodies (lifetime=2155)
[01:21:21] [SPAWN] Trickle +0 stalkers, +1 mutants
[01:21:29] [CORPSE] Despawned 5 bodies (lifetime=2160)
[01:21:32] [SPAWN] Trickle +1 stalkers, +0 mutants
[01:21:32] [TASK] Mykola → GoToShelter (goal=FleeEmission)
[01:21:32] [GOAL] Mykola achieved FleeEmission
[01:21:32] [TASK] Timur → GoToShelter (goal=FleeEmission)
[01:21:32] [GOAL] Timur achieved FleeEmission
[01:21:32] [TASK] Alexei → GoToShelter (goal=FleeEmission)
[01:21:32] [GOAL] Alexei achieved FleeEmission
[01:21:39] [CORPSE] Despawned 3 bodies (lifetime=2163)
[01:21:45] [SNAPSHOT] real=27.0min game=D0 01:12 alive S=165 M=234 corpses=120 lootable=85 gammaGear out=100 helm=144 avgRU=650 leaderGoals trade=0 mission=3 emission=Dormant nextIn=4gmin desperate=0 hungry=0 interval deaths=0 combats=0 tasks=3 gearLoot=0 gearBuy=0 corpseDespawn=11 trickleSpawns=2 ranks=[Rookie:156,Trainee:8,Experienced:1] goals=[Idle:92,FleeEmission::3] leaders: Ivan[Rookie/FleeEmission:], Igor[Rookie/Idle], Ivan[Rookie/Idle], Ivan[Rookie/Idle], Giorgi[Rookie/Idle]
[01:21:50] [CORPSE] Despawned 3 bodies (lifetime=2166)
[01:21:57] [SPAWN] Trickle +0 stalkers, +1 mutants
[01:21:59] [SPAWN] Trickle +1 stalkers, +0 mutants
[01:21:59] [TASK] Ivan → GoToShelter (goal=FleeEmission)
[01:21:59] [GOAL] Ivan achieved FleeEmission
[01:21:59] [TASK] Timur → GoToShelter (goal=FleeEmission)
[01:21:59] [GOAL] Timur achieved FleeEmission
[01:21:59] [TASK] Alexei → GoToShelter (goal=FleeEmission)
[01:21:59] [GOAL] Alexei achieved FleeEmission
[01:22:00] [CORPSE] Despawned 4 bodies (lifetime=2170)
[01:22:04] [SPAWN] Trickle +0 stalkers, +1 mutants
[01:22:10] [CORPSE] Despawned 3 bodies (lifetime=2173)
[01:22:16] [SNAPSHOT] real=27.5min game=D0 01:13 alive S=161 M=234 corpses=117 lootable=83 gammaGear out=99 helm=140 avgRU=650 leaderGoals trade=0 mission=2 emission=Dormant nextIn=3gmin desperate=0 hungry=0 interval deaths=5 combats=7 tasks=3 gearLoot=0 gearBuy=0 corpseDespawn=10 trickleSpawns=3 ranks=[Rookie:152,Trainee:8,Experienced:1] goals=[Idle:89,FleeEmission::2] leaders: Ivan[Rookie/Idle], Igor[Rookie/Idle], Ivan[Rookie/Idle], Ivan[Rookie/Idle], Giorgi[Rookie/Idle]
[01:22:20] [CORPSE] Despawned 5 bodies (lifetime=2178)
[01:22:30] [CORPSE] Despawned 5 bodies (lifetime=2183)
[01:22:40] [EMISSION] Phase → Warning intensity=0.00 game=D0 01:15
[01:22:40] [CORPSE] Despawned 3 bodies (lifetime=2186)
[01:22:42] [SPAWN] Trickle +0 stalkers, +1 mutants
[01:22:45] [SPAWN] Trickle +1 stalkers, +0 mutants
[01:22:45] [TASK] Timur → GoToShelter (goal=FleeEmission)
[01:22:45] [GOAL] Timur achieved FleeEmission
[01:22:45] [TASK] Alexei → GoToShelter (goal=FleeEmission)
[01:22:45] [GOAL] Alexei achieved FleeEmission
[01:22:46] [SNAPSHOT] real=28.0min game=D0 01:15 alive S=156 M=234 corpses=111 lootable=81 gammaGear out=96 helm=135 avgRU=650 leaderGoals trade=0 mission=3 emission=Warning nextIn=1gmin desperate=0 hungry=0 interval deaths=6 combats=7 tasks=2 gearLoot=0 gearBuy=0 corpseDespawn=13 trickleSpawns=2 ranks=[Rookie:147,Trainee:8,Experienced:1] goals=[Idle:87,FleeEmission::3] leaders: Ivan[Rookie/Idle], Igor[Rookie/Idle], Ivan[Rookie/Idle], Ivan[Rookie/Idle], Giorgi[Rookie/Idle]
[01:22:50] [CORPSE] Despawned 6 bodies (lifetime=2192)
[01:22:56] [SPAWN] Trickle +0 stalkers, +1 mutants
[01:22:59] [SPAWN] Trickle +1 stalkers, +0 mutants
[01:22:59] [TASK] Bakhyt → GoToShelter (goal=FleeEmission)
[01:22:59] [GOAL] Bakhyt achieved FleeEmission
[01:22:59] [TASK] Timur → GoToShelter (goal=FleeEmission)
[01:22:59] [GOAL] Timur achieved FleeEmission
[01:22:59] [TASK] Alexei → GoToShelter (goal=FleeEmission)
[01:22:59] [GOAL] Alexei achieved FleeEmission
[01:23:00] [CORPSE] Despawned 7 bodies (lifetime=2199)
[01:23:10] [CORPSE] Despawned 9 bodies (lifetime=2208)
[01:23:16] [SNAPSHOT] real=28.5min game=D0 01:16 alive S=156 M=235 corpses=90 lootable=66 gammaGear out=95 helm=135 avgRU=650 leaderGoals trade=0 mission=3 emission=Warning nextIn=0gmin desperate=0 hungry=0 interval deaths=1 combats=1 tasks=3 gearLoot=0 gearBuy=0 corpseDespawn=22 trickleSpawns=2 ranks=[Rookie:147,Trainee:8,Experienced:1] goals=[Idle:88,FleeEmission::3] leaders: Ivan[Rookie/Idle], Igor[Rookie/Idle], Ivan[Rookie/Idle], Ivan[Rookie/Idle], Giorgi[Rookie/Idle]
[01:23:16] [GEAR] Bakhyt looted [wpn_pm, out_stalker_tigerstripe_outfit, helm_helm_resp] via combat
[01:23:20] [SPAWN] Trickle +1 stalkers, +0 mutants
[01:23:20] [EMISSION] Storm #1 BEGIN — phase=Panic intensity=0.00 game=D0 01:17
[01:23:20] [CORPSE] Despawned 8 bodies (lifetime=2216)
[01:23:20] [TASK] Andriy → GoToShelter (goal=FleeEmission)
[01:23:20] [GOAL] Andriy achieved FleeEmission
[01:23:20] [TASK] Timur → GoToShelter (goal=FleeEmission)
[01:23:20] [GOAL] Timur achieved FleeEmission
[01:23:20] [TASK] Alexei → GoToShelter (goal=FleeEmission)
[01:23:20] [GOAL] Alexei achieved FleeEmission
[01:23:21] [SPAWN] Trickle +0 stalkers, +1 mutants
[01:23:30] [EMISSION] Storm #1 PEAK — intensity=0.98 game=D0 01:17
[01:23:30] [CORPSE] Despawned 3 bodies (lifetime=2219)
[01:23:41] [EMISSION] Phase → Aftermath intensity=0.98 game=D0 01:18
[01:23:41] [CORPSE] Despawned 4 bodies (lifetime=2223)
[01:23:47] [SNAPSHOT] real=29.0min game=D0 01:18 alive S=151 M=115 corpses=83 lootable=61 gammaGear out=91 helm=132 avgRU=650 leaderGoals trade=0 mission=2 emission=Aftermath nextIn=0gmin desperate=0 hungry=0 interval deaths=6 combats=5 tasks=3 gearLoot=1 gearBuy=0 corpseDespawn=15 trickleSpawns=2 ranks=[Rookie:142,Trainee:8,Experienced:1] goals=[Idle:87,FleeEmission::2] leaders: Ivan[Rookie/Idle], Igor[Rookie/Idle], Ivan[Rookie/Idle], Ivan[Rookie/Idle], Giorgi[Rookie/Idle]
[01:23:51] [EMISSION] Phase → Dormant intensity=0.00 game=D0 01:18
[01:23:51] [EMISSION] Storm #1 END — killed=4 zombified=0 total=4
[01:23:51] [CORPSE] Despawned 3 bodies (lifetime=2226)
[01:23:52] [TASK] Yuriy → ShareDrink (goal=Patrol)
[01:23:52] [TASK] Oleksiy → ShareDrink (goal=Patrol)
[01:23:52] [TASK] Sergei → ShareDrink (goal=Patrol)
[01:23:52] [TASK] Dmytro → ShareDrink (goal=Patrol)
[01:23:52] [TASK] Pavel → ShareDrink (goal=Patrol)
[01:23:52] [TASK] Alibek → ShareDrink (goal=Patrol)
[01:23:52] [TASK] Mikhail → ShareDrink (goal=Patrol)
[01:23:52] [TASK] Pavel → ShareDrink (goal=Patrol)
[01:23:52] [TASK] Zura → ShareDrink (goal=Patrol)
[01:23:52] [TASK] Tobias → ShareDrink (goal=Patrol)
[01:23:52] [TASK] Andriy → ShareDrink (goal=Patrol)
[01:23:52] [TASK] Oleg → ShareDrink (goal=Patrol)
[01:23:52] [TASK] Lasha → ShareDrink (goal=Patrol)
[01:23:52] [TASK] Viktor → ShareDrink (goal=Patrol)
[01:23:52] [TASK] Serhiy → ShareDrink (goal=Patrol)
[01:23:52] [TASK] Bohdan → ShareDrink (goal=Patrol)
[01:23:52] [TASK] Andriy → ShareDrink (goal=Patrol)
[01:23:52] [TASK] Vasyl → ShareDrink (goal=Patrol)
[01:23:52] [TASK] Ivan → ShareDrink (goal=Patrol)
[01:23:52] [TASK] Pavel → ShareDrink (goal=Patrol)
[01:23:52] [TASK] Timur → ShareDrink (goal=Patrol)
[01:23:52] [TASK] Igor → ShareDrink (goal=Patrol)
[01:23:52] [TASK] Nikolai → ShareDrink (goal=Patrol)
[01:23:52] [TASK] Giorgi → ShareDrink (goal=Patrol)
[01:23:52] [TASK] Mykola → ShareDrink (goal=Patrol)
[01:23:52] [TASK] Taras → ShareDrink (goal=Patrol)
[01:23:52] [TASK] Serhiy → ShareDrink (goal=Patrol)
[01:23:52] [TASK] Dmytro → ShareDrink (goal=Patrol)
[01:23:52] [TASK] Mykola → ShareDrink (goal=Patrol)
[01:23:52] [TASK] Bakhyt → ShareDrink (goal=Patrol)
[01:23:52] [TASK] Mikhail → ShareDrink (goal=Patrol)
[01:23:52] [TASK] Giorgi → ShareDrink (goal=Patrol)
[01:23:52] [TASK] Damir → ShareDrink (goal=Patrol)
[01:23:52] [TASK] Oleksiy → ShareDrink (goal=Patrol)
[01:23:52] [TASK] Bakhyt → ShareDrink (goal=Patrol)
[01:23:52] [TASK] Pavel → ShareDrink (goal=Patrol)
[01:23:52] [TASK] Oleksiy → ShareDrink (goal=Patrol)
[01:23:52] [TASK] Yuriy → ShareDrink (goal=Patrol)
[01:23:52] [TASK] Yuriy → ShareDrink (goal=Patrol)
[01:23:52] [TASK] Yuriy → ShareDrink (goal=Patrol)
[01:23:52] [TASK] Andriy → ShareDrink (goal=Patrol)
[01:23:52] [TASK] Sidorovich → ShareDrink (goal=Patrol)
[01:23:53] [TASK] Ivan → ShareDrink (goal=Patrol)
[01:23:53] [TASK] Igor → ShareDrink (goal=Patrol)
[01:23:53] [TASK] Ivan → ShareDrink (goal=Patrol)
[01:23:53] [TASK] Ivan → ShareDrink (goal=Patrol)
[01:23:53] [TASK] Giorgi → ShareDrink (goal=Patrol)
[01:23:53] [TASK] Alibek → ShareDrink (goal=Patrol)
[01:23:53] [TASK] Oleksiy → ShareDrink (goal=Patrol)
[01:23:53] [TASK] Andriy → ShareDrink (goal=Patrol)
[01:23:53] [TASK] Nikolai → ShareDrink (goal=Patrol)
[01:23:53] [TASK] Dmytro → ShareDrink (goal=Patrol)
[01:23:53] [TASK] Sergei → ShareDrink (goal=Patrol)
[01:23:53] [TASK] Mykola → ShareDrink (goal=Patrol)
[01:23:53] [TASK] Vasyl → ShareDrink (goal=Patrol)
[01:23:53] [TASK] Andriy → ShareDrink (goal=Patrol)
[01:23:53] [TASK] Igor → ShareDrink (goal=Patrol)
[01:23:53] [TASK] Marcus → ShareDrink (goal=Patrol)
[01:23:53] [TASK] Timur → ShareDrink (goal=Patrol)
[01:23:53] [TASK] Nikolai → ShareDrink (goal=Patrol)
[01:23:53] [TASK] Andriy → ShareDrink (goal=Patrol)
[01:23:53] [TASK] Nikolai → ShareDrink (goal=Patrol)
[01:23:53] [TASK] Frank → ShareDrink (goal=Patrol)
[01:23:53] [TASK] Viktor → ShareDrink (goal=Patrol)
[01:23:53] [TASK] Yuriy → ShareDrink (goal=Patrol)
[01:23:53] [TASK] Pavel → ShareDrink (goal=Patrol)
[01:23:53] [TASK] Dmytro → ShareDrink (goal=Patrol)
[01:23:53] [TASK] Sergei → ShareDrink (goal=Patrol)
[01:23:53] [TASK] Oleg → ShareDrink (goal=Patrol)
[01:23:53] [TASK] Connor → ShareDrink (goal=Patrol)
[01:23:53] [TASK] Andriy → ShareDrink (goal=Patrol)
[01:23:53] [TASK] Igor → ShareDrink (goal=Patrol)
[01:23:53] [TASK] Vasyl → ShareDrink (goal=Patrol)
[01:23:53] [TASK] Dmytro → ShareDrink (goal=Patrol)
[01:23:53] [TASK] Oleksiy → ShareDrink (goal=Patrol)
[01:23:53] [TASK] Yuriy → ShareDrink (goal=Patrol)
[01:23:53] [TASK] Mykola → ShareDrink (goal=Patrol)
[01:23:53] [TASK] Ivan → ShareDrink (goal=Patrol)
[01:23:53] [TASK] Mikhail → ShareDrink (goal=Patrol)
[01:23:53] [TASK] Dmitri → ShareDrink (goal=Patrol)
[01:23:53] [TASK] Andriy → ShareDrink (goal=Patrol)
[01:23:53] [TASK] Rustam → ShareDrink (goal=Patrol)
[01:23:53] [TASK] Vasyl → ShareDrink (goal=Patrol)
[01:23:53] [TASK] Sergei → ShareDrink (goal=Patrol)
[01:23:53] [TASK] Dmytro → ShareDrink (goal=Patrol)
[01:23:53] [TASK] Nikolai → ShareDrink (goal=Patrol)
[01:23:53] [TASK] Damir → ShareDrink (goal=Patrol)
[01:23:53] [TASK] Mykola → ShareDrink (goal=Patrol)
[01:23:53] [TASK] Oleg → ShareDrink (goal=Patrol)
[01:23:53] [TASK] Giorgi → ShareDrink (goal=Patrol)
[01:24:01] [CORPSE] Despawned 6 bodies (lifetime=2232)
[01:24:11] [CORPSE] Despawned 5 bodies (lifetime=2237)
[01:24:15] [SPAWN] Trickle +1 stalkers, +0 mutants
[01:24:17] [SNAPSHOT] real=29.5min game=D0 01:19 alive S=151 M=111 corpses=70 lootable=51 gammaGear out=90 helm=132 avgRU=650 leaderGoals trade=0 mission=1 emission=Dormant nextIn=97gmin desperate=0 hungry=0 interval deaths=1 combats=0 tasks=90 gearLoot=0 gearBuy=0 corpseDespawn=14 trickleSpawns=1 ranks=[Rookie:142,Trainee:8,Experienced:1] goals=[Patrol::89,FleeEmission::1] leaders: Ivan[Rookie/Patrol:], Igor[Rookie/Patrol:], Ivan[Rookie/Patrol:], Ivan[Rookie/Patrol:], Giorgi[Rookie/Patrol:]
[01:24:22] [CORPSE] Despawned 5 bodies (lifetime=2242)
[01:24:23] [SPAWN] Trickle +1 stalkers, +0 mutants
[01:24:32] [CORPSE] Despawned 1 bodies (lifetime=2243)
[01:24:35] [TASK] Oleg → RestAtBase (goal=Patrol)
[01:24:35] [GOAL] Oleg achieved Patrol
[01:24:40] [TASK] Andriy → RestAtBase (goal=Patrol)
[01:24:40] [GOAL] Andriy achieved Patrol
[01:24:40] [TASK] Ivan → RestAtBase (goal=Patrol)
[01:24:40] [GOAL] Ivan achieved Patrol
[01:24:42] [CORPSE] Despawned 2 bodies (lifetime=2245)
[01:24:42] [TASK] Oleg → ShareDrink (goal=Patrol)
[01:24:42] [TASK] Andriy → ShareDrink (goal=Patrol)
[01:24:42] [TASK] Ivan → ShareDrink (goal=Patrol)
[01:24:42] [TASK] Mikhail → RestAtBase (goal=Patrol)
[01:24:42] [GOAL] Mikhail achieved Patrol
[01:24:43] [TASK] Mykola → RestAtBase (goal=Patrol)
[01:24:43] [GOAL] Mykola achieved Patrol
[01:24:44] [TASK] Bakhyt → RestAtBase (goal=Patrol)
[01:24:44] [GOAL] Bakhyt achieved Patrol
[01:24:44] [SPAWN] Trickle +1 stalkers, +0 mutants
[01:24:44] [TASK] Andriy → RestAtBase (goal=Patrol)
[01:24:44] [GOAL] Andriy achieved Patrol
[01:24:44] [TASK] Sidorovich → RestAtBase (goal=Patrol)
[01:24:44] [GOAL] Sidorovich achieved Patrol
[01:24:44] [TASK] Damir → RestAtBase (goal=Patrol)
[01:24:44] [GOAL] Damir achieved Patrol
[01:24:44] [GEAR] Vasyl looted [wpn_ak74, wpn_fort12] via combat
[01:24:44] [TASK] Lasha → RestAtBase (goal=Patrol)
[01:24:44] [GOAL] Lasha achieved Patrol
[01:24:44] [TASK] Bohdan → RestAtBase (goal=Patrol)
[01:24:44] [GOAL] Bohdan achieved Patrol
[01:24:44] [TASK] Alibek → RestAtBase (goal=Patrol)
[01:24:44] [GOAL] Alibek achieved Patrol
[01:24:45] [TASK] Nikolai → RestAtBase (goal=Patrol)
[01:24:45] [GOAL] Nikolai achieved Patrol
[01:24:45] [TASK] Connor → RestAtBase (goal=Patrol)
[01:24:45] [GOAL] Connor achieved Patrol
[01:24:45] [TASK] Mikhail → ShareDrink (goal=Patrol)
[01:24:45] [TASK] Nodar → ShareDrink (goal=Patrol)
[01:24:45] [TASK] Damir → ShareDrink (goal=Patrol)
[01:24:45] [TASK] Alibek → ShareDrink (goal=Patrol)
[01:24:45] [TASK] Lasha → ShareDrink (goal=Patrol)
[01:24:45] [TASK] Bohdan → ShareDrink (goal=Patrol)
[01:24:45] [TASK] Andriy → ShareDrink (goal=Patrol)
[01:24:45] [TASK] Mykola → ShareDrink (goal=Patrol)
[01:24:45] [TASK] Bakhyt → ShareDrink (goal=Patrol)
[01:24:45] [TASK] Sidorovich → ShareDrink (goal=Patrol)
[01:24:45] [TASK] Nikolai → ShareDrink (goal=Patrol)
[01:24:45] [TASK] Connor → ShareDrink (goal=Patrol)
[01:24:46] [TASK] Ivan → RestAtBase (goal=Patrol)
[01:24:46] [GOAL] Ivan achieved Patrol
[01:24:48] [REPORT] ========== SIMULATION DEBUG FINAL REPORT ==========
Real runtime: 30.0 min | Game time: D0 01:21 | TimeFactor=3.0
Population: stalkers 152 alive (peak 476, min 62) | mutants 111 alive
Initial spawn: 6 stalkers, 0 mutants
Trickle respawn: +83 stalkers, +30 mutants (84 batches)
Combat encounters: 2223 total
  vs mutant: W=796 L=854 | mutants killed=796
  vs stalker: W=301 L=272
Stalker casualties: 1431 total
  gunfire=573 mutant=854 emission=4 betrayal=0 zombified=0
Mutant emission deaths: 123
Rank promotions: 35 | Corpses reported: 1704 | Despawned: 2245
Gear loot events: 223 (470 items) | Trader gear buys: 1 (1 items)
GAMMA gear (alive): outfits=90 helmets=133 avgGold=650 RU
GOAP tasks completed: 2395 | Goals achieved: 1209
GOAP replans (1Hz): 282307
Emission storms: 1 | Last phase: Dormant
KillTracker total: 2227
Deaths per real minute (overall): 47.7
Combats per real minute (overall): 74.1
Startup window (0-2 min): 73 deaths, 102 combats (36 deaths/min)
Steady state (after 2 min): 1358 deaths, 2121 combats (48.5 deaths/min, 75.7 combats/min)
Emission storm history:
  Storm #1 END — killed=4 zombified=0 total=4
Rank distribution (alive):
  Rookie: 143
  Trainee: 8
  Experienced: 1
Top survivors by kills:
  Igor Melnyk 'Phantom' (Experienced) K=9 XP=370
  Mikhail Shevchenko 'Raven' (Trainee) K=7 XP=270
  Giorgi Melnyk 'Raven' (Rookie) K=5 XP=130
  Connor Petrenko 'Two-Fingers' (Trainee) K=5 XP=210
  Serhiy Ivanov 'Fox' (Trainee) K=5 XP=210
===================================================

========== SIMULATION DEBUG FINAL REPORT ==========
Real runtime: 30.0 min | Game time: D0 01:21 | TimeFactor=3.0
Population: stalkers 152 alive (peak 476, min 62) | mutants 111 alive
Initial spawn: 6 stalkers, 0 mutants
Trickle respawn: +83 stalkers, +30 mutants (84 batches)
Combat encounters: 2223 total
  vs mutant: W=796 L=854 | mutants killed=796
  vs stalker: W=301 L=272
Stalker casualties: 1431 total
  gunfire=573 mutant=854 emission=4 betrayal=0 zombified=0
Mutant emission deaths: 123
Rank promotions: 35 | Corpses reported: 1704 | Despawned: 2245
Gear loot events: 223 (470 items) | Trader gear buys: 1 (1 items)
GAMMA gear (alive): outfits=90 helmets=133 avgGold=650 RU
GOAP tasks completed: 2395 | Goals achieved: 1209
GOAP replans (1Hz): 282307
Emission storms: 1 | Last phase: Dormant
KillTracker total: 2227
Deaths per real minute (overall): 47.7
Combats per real minute (overall): 74.1
Startup window (0-2 min): 73 deaths, 102 combats (36 deaths/min)
Steady state (after 2 min): 1358 deaths, 2121 combats (48.5 deaths/min, 75.7 combats/min)
Emission storm history:
  Storm #1 END — killed=4 zombified=0 total=4
Rank distribution (alive):
  Rookie: 143
  Trainee: 8
  Experienced: 1
Top survivors by kills:
  Igor Melnyk 'Phantom' (Experienced) K=9 XP=370
  Mikhail Shevchenko 'Raven' (Trainee) K=7 XP=270
  Giorgi Melnyk 'Raven' (Rookie) K=5 XP=130
  Connor Petrenko 'Two-Fingers' (Trainee) K=5 XP=210
  Serhiy Ivanov 'Fox' (Trainee) K=5 XP=210
===================================================

