[13:28:16] [INIT] Debug logging enabled → logs/sim_20260813_132816.log
[13:28:16] [INIT] Snapshot interval=30s
[13:28:16] [INIT] Initial population: 6 stalkers, 0 mutants (not counted as trickle spawns)
[13:28:16] [MISSION] Beard accepted ScoutPoi @ Zaton (160 RU)
[13:28:16] [TASK] Beard → AcceptMission [ScoutPoi] (goal=AcceptMission)
[13:28:16] [GOAL] Beard achieved AcceptMission
[13:28:16] [MISSION] Lukash accepted ScoutPoi @ Army Warehouses (184 RU)
[13:28:16] [TASK] Lukash → AcceptMission [ScoutPoi] (goal=AcceptMission)
[13:28:16] [GOAL] Lukash achieved AcceptMission
[13:28:16] [MISSION] Professor accepted ScoutPoi @ Yantar (160 RU)
[13:28:16] [TASK] Professor → AcceptMission [ScoutPoi] (goal=AcceptMission)
[13:28:16] [GOAL] Professor achieved AcceptMission
[13:28:16] [MISSION] Barkeep accepted ScoutPoi @ Rostok (176 RU)
[13:28:16] [TASK] Barkeep → AcceptMission [ScoutPoi] (goal=AcceptMission)
[13:28:16] [GOAL] Barkeep achieved AcceptMission
[13:28:16] [MISSION] Cold accepted ScoutPoi @ Great Swamps (160 RU)
[13:28:16] [TASK] Cold → AcceptMission [ScoutPoi] (goal=AcceptMission)
[13:28:16] [GOAL] Cold achieved AcceptMission
[13:28:16] [MISSION] Sidorovich accepted ScoutPoi @ Cordon (160 RU)
[13:28:16] [TASK] Sidorovich → AcceptMission [ScoutPoi] (goal=AcceptMission)
[13:28:16] [GOAL] Sidorovich achieved AcceptMission
[13:28:19] [INBOUND] Initial +12 stalkers, +8 mutants (remaining S=1482 M=992)
[13:28:19] [MISSION] Serhiy accepted ScoutPoi @ Chernobyl Town (160 RU)
[13:28:19] [TASK] Serhiy → AcceptMission [ScoutPoi] (goal=AcceptMission)
[13:28:19] [GOAL] Serhiy achieved AcceptMission
[13:28:19] [MISSION] Igor accepted ScoutPoi @ Truck Cemetery (176 RU)
[13:28:19] [TASK] Igor → AcceptMission [ScoutPoi] (goal=AcceptMission)
[13:28:19] [GOAL] Igor achieved AcceptMission
[13:28:19] [MISSION] Bakhyt accepted ScoutPoi @ Garbage (160 RU)
[13:28:19] [TASK] Bakhyt → AcceptMission [ScoutPoi] (goal=AcceptMission)
[13:28:19] [GOAL] Bakhyt achieved AcceptMission
[13:28:19] [MISSION] Dmitri accepted ScoutPoi @ Red Forest (160 RU)
[13:28:19] [TASK] Dmitri → AcceptMission [ScoutPoi] (goal=AcceptMission)
[13:28:19] [GOAL] Dmitri achieved AcceptMission
[13:28:19] [MISSION] Viktor accepted ScoutPoi @ Red Forest (160 RU)
[13:28:19] [TASK] Viktor → AcceptMission [ScoutPoi] (goal=AcceptMission)
[13:28:19] [GOAL] Viktor achieved AcceptMission
[13:28:20] [INBOUND] Initial +12 stalkers, +8 mutants (remaining S=1470 M=984)
[13:28:20] [MISSION] Oleksiy accepted ScoutPoi @ Deserted Hospital (160 RU)
[13:28:20] [TASK] Oleksiy → AcceptMission [ScoutPoi] (goal=AcceptMission)
[13:28:20] [GOAL] Oleksiy achieved AcceptMission
[13:28:20] [MISSION] Nikolai accepted ScoutPoi @ Generators (160 RU)
[13:28:20] [TASK] Nikolai → AcceptMission [ScoutPoi] (goal=AcceptMission)
[13:28:20] [GOAL] Nikolai achieved AcceptMission
[13:28:20] [MISSION] Oleg accepted ScoutPoi @ Dead City (Chernobyl-2 Settlement) (160 RU)
[13:28:20] [TASK] Oleg → AcceptMission [ScoutPoi] (goal=AcceptMission)
[13:28:20] [GOAL] Oleg achieved AcceptMission
[13:28:20] [MISSION] Bohdan accepted ScoutPoi @ Zaton (160 RU)
[13:28:20] [TASK] Bohdan → AcceptMission [ScoutPoi] (goal=AcceptMission)
[13:28:20] [GOAL] Bohdan achieved AcceptMission
[13:28:21] [INBOUND] Initial +13 stalkers, +8 mutants (remaining S=1457 M=976)
[13:28:22] [MISSION] Oleg accepted ScoutPoi @ Deserted Hospital (160 RU)
[13:28:22] [TASK] Oleg → AcceptMission [ScoutPoi] (goal=AcceptMission)
[13:28:22] [GOAL] Oleg achieved AcceptMission
[13:28:22] [MISSION] Karl accepted ScoutPoi @ Duga Radar (160 RU)
[13:28:22] [TASK] Karl → AcceptMission [ScoutPoi] (goal=AcceptMission)
[13:28:22] [GOAL] Karl achieved AcceptMission
[13:28:22] [MISSION] Nodar accepted ScoutPoi @ Chernobyl Town (160 RU)
[13:28:22] [TASK] Nodar → AcceptMission [ScoutPoi] (goal=AcceptMission)
[13:28:22] [GOAL] Nodar achieved AcceptMission
[13:28:22] [MISSION] Oleksiy accepted ScoutPoi @ Dark Valley (160 RU)
[13:28:22] [TASK] Oleksiy → AcceptMission [ScoutPoi] (goal=AcceptMission)
[13:28:22] [GOAL] Oleksiy achieved AcceptMission
[13:28:22] [MISSION] Dmitri accepted ScoutPoi @ Agroprom (160 RU)
[13:28:22] [TASK] Dmitri → AcceptMission [ScoutPoi] (goal=AcceptMission)
[13:28:22] [GOAL] Dmitri achieved AcceptMission
[13:28:24] [INBOUND] Initial +12 stalkers, +9 mutants (remaining S=1445 M=967)
[13:28:24] [MISSION] Damir accepted ScoutPoi @ Buriakivka Waste Site (160 RU)
[13:28:24] [TASK] Damir → AcceptMission [ScoutPoi] (goal=AcceptMission)
[13:28:24] [GOAL] Damir achieved AcceptMission
[13:28:24] [MISSION] Dmytro accepted ScoutPoi @ Garbage (160 RU)
[13:28:24] [TASK] Dmytro → AcceptMission [ScoutPoi] (goal=AcceptMission)
[13:28:24] [GOAL] Dmytro achieved AcceptMission
[13:28:24] [MISSION] Oleg accepted ScoutPoi @ Meadow (160 RU)
[13:28:24] [TASK] Oleg → AcceptMission [ScoutPoi] (goal=AcceptMission)
[13:28:24] [GOAL] Oleg achieved AcceptMission
[13:28:24] [MISSION] Alibek accepted ScoutPoi @ Jupiter (Pripyat Industrial) (160 RU)
[13:28:24] [TASK] Alibek → AcceptMission [ScoutPoi] (goal=AcceptMission)
[13:28:24] [GOAL] Alibek achieved AcceptMission
[13:28:24] [MISSION] Oleg accepted ScoutPoi @ Kopachi (160 RU)
[13:28:24] [TASK] Oleg → AcceptMission [ScoutPoi] (goal=AcceptMission)
[13:28:24] [GOAL] Oleg achieved AcceptMission
[13:28:25] [INBOUND] Initial +13 stalkers, +8 mutants (remaining S=1432 M=959)
[13:28:26] [MISSION] Viktor accepted ScoutPoi @ Zaton (160 RU)
[13:28:26] [TASK] Viktor → AcceptMission [ScoutPoi] (goal=AcceptMission)
[13:28:26] [GOAL] Viktor achieved AcceptMission
[13:28:26] [MISSION] Oleksiy accepted ScoutPoi @ Rostok (176 RU)
[13:28:26] [TASK] Oleksiy → AcceptMission [ScoutPoi] (goal=AcceptMission)
[13:28:26] [GOAL] Oleksiy achieved AcceptMission
[13:28:26] [MISSION] Timur accepted ScoutPoi @ Limansk (160 RU)
[13:28:26] [TASK] Timur → AcceptMission [ScoutPoi] (goal=AcceptMission)
[13:28:26] [GOAL] Timur achieved AcceptMission
[13:28:26] [MISSION] Mykola accepted ScoutPoi @ Zaton (160 RU)
[13:28:26] [TASK] Mykola → AcceptMission [ScoutPoi] (goal=AcceptMission)
[13:28:26] [GOAL] Mykola achieved AcceptMission
[13:28:27] [INBOUND] Initial +12 stalkers, +8 mutants (remaining S=1420 M=951)
[13:28:27] [MISSION] Ivan accepted ScoutPoi @ Kopachi (160 RU)
[13:28:27] [TASK] Ivan → AcceptMission [ScoutPoi] (goal=AcceptMission)
[13:28:27] [GOAL] Ivan achieved AcceptMission
[13:28:27] [MISSION] Rustam accepted ScoutPoi @ Chernobyl Town (160 RU)
[13:28:27] [TASK] Rustam → AcceptMission [ScoutPoi] (goal=AcceptMission)
[13:28:27] [GOAL] Rustam achieved AcceptMission
[13:28:27] [MISSION] Dmytro accepted ScoutPoi @ Great Swamps (160 RU)
[13:28:27] [TASK] Dmytro → AcceptMission [ScoutPoi] (goal=AcceptMission)
[13:28:27] [GOAL] Dmytro achieved AcceptMission
[13:28:27] [MISSION] Mikhail accepted ScoutPoi @ Chistogalovka (160 RU)
[13:28:27] [TASK] Mikhail → AcceptMission [ScoutPoi] (goal=AcceptMission)
[13:28:27] [GOAL] Mikhail achieved AcceptMission
[13:28:28] [TASK] Dmytro → FulfillMission [ScoutPoi] (goal=CompleteMission)
[13:28:28] [MISSION] Dmytro completed ScoutPoi → Abandoned Bus (+160 RU)
[13:28:28] [GOAL] Dmytro achieved CompleteMission
[13:28:28] [TASK] Oleg → FulfillMission [ScoutPoi] (goal=CompleteMission)
[13:28:28] [MISSION] Oleg completed ScoutPoi → Abandoned Outpost (+160 RU)
[13:28:28] [GOAL] Oleg achieved CompleteMission
[13:28:28] [TASK] Karl → FulfillMission [ScoutPoi] (goal=CompleteMission)
[13:28:28] [MISSION] Karl completed ScoutPoi → Abandoned Camp (+160 RU)
[13:28:28] [GOAL] Karl achieved CompleteMission
[13:28:28] [TASK] Nodar → FulfillMission [ScoutPoi] (goal=CompleteMission)
[13:28:28] [MISSION] Nodar completed ScoutPoi → Abandoned Bus (+160 RU)
[13:28:28] [GOAL] Nodar achieved CompleteMission
[13:28:28] [TASK] Oleksiy → FulfillMission [ScoutPoi] (goal=CompleteMission)
[13:28:28] [MISSION] Oleksiy completed ScoutPoi → Abandoned Bus (+160 RU)
[13:28:28] [GOAL] Oleksiy achieved CompleteMission
[13:28:28] [TASK] Dmitri → FulfillMission [ScoutPoi] (goal=CompleteMission)
[13:28:28] [MISSION] Dmitri completed ScoutPoi → Abandoned Camp (+160 RU)
[13:28:28] [GOAL] Dmitri achieved CompleteMission
[13:28:28] [TASK] Serhiy → FulfillMission [ScoutPoi] (goal=CompleteMission)
[13:28:28] [MISSION] Serhiy completed ScoutPoi → Abandoned Bus (+160 RU)
[13:28:28] [GOAL] Serhiy achieved CompleteMission
[13:28:28] [TASK] Igor → FulfillMission [ScoutPoi] (goal=CompleteMission)
[13:28:28] [MISSION] Igor completed ScoutPoi → Makeshift Watchtower (+176 RU)
[13:28:28] [GOAL] Igor achieved CompleteMission
[13:28:28] [TASK] Bakhyt → FulfillMission [ScoutPoi] (goal=CompleteMission)
[13:28:28] [MISSION] Bakhyt completed ScoutPoi → Abandoned Bus (+160 RU)
[13:28:28] [GOAL] Bakhyt achieved CompleteMission
[13:28:28] [TASK] Lukash → FulfillMission [ScoutPoi] (goal=CompleteMission)
[13:28:28] [MISSION] Lukash completed ScoutPoi → Checkpoint South (+184 RU)
[13:28:28] [GOAL] Lukash achieved CompleteMission
[13:28:28] [TASK] Professor → FulfillMission [ScoutPoi] (goal=CompleteMission)
[13:28:28] [MISSION] Professor completed ScoutPoi → Abandoned Camp (+160 RU)
[13:28:28] [GOAL] Professor achieved CompleteMission
[13:28:28] [TASK] Barkeep → FulfillMission [ScoutPoi] (goal=CompleteMission)
[13:28:28] [MISSION] Barkeep completed ScoutPoi → Forgotten Outpost (+176 RU)
[13:28:28] [GOAL] Barkeep achieved CompleteMission
[13:28:28] [TASK] Cold → FulfillMission [ScoutPoi] (goal=CompleteMission)
[13:28:28] [MISSION] Cold completed ScoutPoi → Forgotten Outpost (+160 RU)
[13:28:28] [GOAL] Cold achieved CompleteMission
[13:28:28] [TASK] Sidorovich → FulfillMission [ScoutPoi] (goal=CompleteMission)
[13:28:28] [MISSION] Sidorovich completed ScoutPoi → Abandoned Outpost (+160 RU)
[13:28:28] [GOAL] Sidorovich achieved CompleteMission
[13:28:28] [TASK] Rustam → FulfillMission [ScoutPoi] (goal=CompleteMission)
[13:28:28] [MISSION] Rustam completed ScoutPoi → Abandoned Bus (+160 RU)
[13:28:28] [GOAL] Rustam achieved CompleteMission
[13:28:28] [TASK] Dmytro → FulfillMission [ScoutPoi] (goal=CompleteMission)
[13:28:28] [MISSION] Dmytro completed ScoutPoi → Forgotten Outpost (+160 RU)
[13:28:28] [GOAL] Dmytro achieved CompleteMission
[13:28:28] [TASK] Oleksiy → FulfillMission [ScoutPoi] (goal=CompleteMission)
[13:28:28] [MISSION] Oleksiy completed ScoutPoi → Forgotten Outpost (+176 RU)
[13:28:28] [GOAL] Oleksiy achieved CompleteMission
[13:28:28] [MISSION] Dmytro accepted ScoutPoi @ Garbage (160 RU)
[13:28:28] [TASK] Dmytro → AcceptMission [ScoutPoi] (goal=AcceptMission)
[13:28:28] [GOAL] Dmytro achieved AcceptMission
[13:28:28] [MISSION] Oleg accepted ScoutPoi @ Meadow (160 RU)
[13:28:28] [TASK] Oleg → AcceptMission [ScoutPoi] (goal=AcceptMission)
[13:28:28] [GOAL] Oleg achieved AcceptMission
[13:28:28] [MISSION] Karl accepted ScoutPoi @ Duga Radar (160 RU)
[13:28:28] [TASK] Karl → AcceptMission [ScoutPoi] (goal=AcceptMission)
[13:28:28] [GOAL] Karl achieved AcceptMission
[13:28:28] [MISSION] Nodar accepted ScoutPoi @ Chernobyl Town (160 RU)
[13:28:28] [TASK] Nodar → AcceptMission [ScoutPoi] (goal=AcceptMission)
[13:28:28] [GOAL] Nodar achieved AcceptMission
[13:28:28] [MISSION] Oleksiy accepted ScoutPoi @ Dark Valley (160 RU)
[13:28:28] [TASK] Oleksiy → AcceptMission [ScoutPoi] (goal=AcceptMission)
[13:28:28] [GOAL] Oleksiy achieved AcceptMission
[13:28:28] [MISSION] Dmitri accepted ScoutPoi @ Agroprom (160 RU)
[13:28:28] [TASK] Dmitri → AcceptMission [ScoutPoi] (goal=AcceptMission)
[13:28:28] [GOAL] Dmitri achieved AcceptMission
[13:28:28] [MISSION] Serhiy accepted ScoutPoi @ Chernobyl Town (160 RU)
[13:28:28] [TASK] Serhiy → AcceptMission [ScoutPoi] (goal=AcceptMission)
[13:28:28] [GOAL] Serhiy achieved AcceptMission
[13:28:28] [MISSION] Igor accepted ScoutPoi @ Truck Cemetery (176 RU)
[13:28:28] [TASK] Igor → AcceptMission [ScoutPoi] (goal=AcceptMission)
[13:28:28] [GOAL] Igor achieved AcceptMission
[13:28:28] [MISSION] Bakhyt accepted ScoutPoi @ Garbage (160 RU)
[13:28:28] [TASK] Bakhyt → AcceptMission [ScoutPoi] (goal=AcceptMission)
[13:28:28] [GOAL] Bakhyt achieved AcceptMission
[13:28:28] [MISSION] Lukash accepted ScoutPoi @ Army Warehouses (184 RU)
[13:28:28] [TASK] Lukash → AcceptMission [ScoutPoi] (goal=AcceptMission)
[13:28:28] [GOAL] Lukash achieved AcceptMission
[13:28:28] [MISSION] Professor accepted ScoutPoi @ Yantar (160 RU)
[13:28:28] [TASK] Professor → AcceptMission [ScoutPoi] (goal=AcceptMission)
[13:28:28] [GOAL] Professor achieved AcceptMission
[13:28:28] [MISSION] Barkeep accepted ScoutPoi @ Rostok (176 RU)
[13:28:28] [TASK] Barkeep → AcceptMission [ScoutPoi] (goal=AcceptMission)
[13:28:28] [GOAL] Barkeep achieved AcceptMission
[13:28:28] [MISSION] Cold accepted ScoutPoi @ Great Swamps (160 RU)
[13:28:28] [TASK] Cold → AcceptMission [ScoutPoi] (goal=AcceptMission)
[13:28:28] [GOAL] Cold achieved AcceptMission
[13:28:28] [MISSION] Sidorovich accepted ScoutPoi @ Cordon (160 RU)
[13:28:28] [TASK] Sidorovich → AcceptMission [ScoutPoi] (goal=AcceptMission)
[13:28:28] [GOAL] Sidorovich achieved AcceptMission
[13:28:29] [INBOUND] Initial +13 stalkers, +9 mutants (remaining S=1407 M=942)
[13:28:29] [MISSION] Bakhyt accepted ScoutPoi @ Meadow (160 RU)
[13:28:29] [TASK] Bakhyt → AcceptMission [ScoutPoi] (goal=AcceptMission)
[13:28:29] [GOAL] Bakhyt achieved AcceptMission
[13:28:29] [MISSION] Vasyl accepted ScoutPoi @ Pripyat (160 RU)
[13:28:29] [TASK] Vasyl → AcceptMission [ScoutPoi] (goal=AcceptMission)
[13:28:29] [GOAL] Vasyl achieved AcceptMission
[13:28:29] [MISSION] Marcus accepted ScoutPoi @ Yantar (160 RU)
[13:28:29] [TASK] Marcus → AcceptMission [ScoutPoi] (goal=AcceptMission)
[13:28:29] [GOAL] Marcus achieved AcceptMission
[13:28:29] [MISSION] Mykola accepted ScoutPoi @ Zaton (160 RU)
[13:28:29] [TASK] Mykola → AcceptMission [ScoutPoi] (goal=AcceptMission)
[13:28:29] [GOAL] Mykola achieved AcceptMission
[13:28:29] [MISSION] Rustam accepted ScoutPoi @ Chernobyl Town (160 RU)
[13:28:29] [TASK] Rustam → AcceptMission [ScoutPoi] (goal=AcceptMission)
[13:28:29] [GOAL] Rustam achieved AcceptMission
[13:28:29] [MISSION] Dmytro accepted ScoutPoi @ Great Swamps (160 RU)
[13:28:29] [TASK] Dmytro → AcceptMission [ScoutPoi] (goal=AcceptMission)
[13:28:29] [GOAL] Dmytro achieved AcceptMission
[13:28:29] [MISSION] Oleksiy accepted ScoutPoi @ Rostok (176 RU)
[13:28:29] [TASK] Oleksiy → AcceptMission [ScoutPoi] (goal=AcceptMission)
[13:28:29] [GOAL] Oleksiy achieved AcceptMission
[13:28:35] [INBOUND] Initial +12 stalkers, +8 mutants (remaining S=1395 M=934)
[13:28:35] [MISSION] Zura accepted ScoutPoi @ Zalissya (160 RU)
[13:28:35] [TASK] Zura → AcceptMission [ScoutPoi] (goal=AcceptMission)
[13:28:35] [GOAL] Zura achieved AcceptMission
[13:28:35] [MISSION] Dmytro accepted ScoutPoi @ Meadow (160 RU)
[13:28:35] [TASK] Dmytro → AcceptMission [ScoutPoi] (goal=AcceptMission)
[13:28:35] [GOAL] Dmytro achieved AcceptMission
[13:28:35] [MISSION] Nikolai accepted ScoutPoi @ Rostok (176 RU)
[13:28:35] [TASK] Nikolai → AcceptMission [ScoutPoi] (goal=AcceptMission)
[13:28:35] [GOAL] Nikolai achieved AcceptMission
[13:28:35] [MISSION] Bakhyt accepted ScoutPoi @ Duga Radar (160 RU)
[13:28:35] [TASK] Bakhyt → AcceptMission [ScoutPoi] (goal=AcceptMission)
[13:28:35] [GOAL] Bakhyt achieved AcceptMission
[13:28:35] [MISSION] Vasyl accepted ScoutPoi @ Dark Valley (160 RU)
[13:28:35] [TASK] Vasyl → AcceptMission [ScoutPoi] (goal=AcceptMission)
[13:28:35] [GOAL] Vasyl achieved AcceptMission
[13:28:37] [INBOUND] Initial +13 stalkers, +8 mutants (remaining S=1382 M=926)
[13:28:38] [MISSION] Karl accepted ScoutPoi @ Buriakivka Waste Site (160 RU)
[13:28:38] [TASK] Karl → AcceptMission [ScoutPoi] (goal=AcceptMission)
[13:28:38] [GOAL] Karl achieved AcceptMission
[13:28:38] [MISSION] Heinrich accepted ScoutPoi @ Yantar (160 RU)
[13:28:38] [TASK] Heinrich → AcceptMission [ScoutPoi] (goal=AcceptMission)
[13:28:38] [GOAL] Heinrich achieved AcceptMission
[13:28:38] [MISSION] Frank accepted ScoutPoi @ Dead City (Chernobyl-2 Settlement) (160 RU)
[13:28:38] [TASK] Frank → AcceptMission [ScoutPoi] (goal=AcceptMission)
[13:28:38] [GOAL] Frank achieved AcceptMission
[13:28:38] [MISSION] Taras accepted ScoutPoi @ Yantar (160 RU)
[13:28:38] [TASK] Taras → AcceptMission [ScoutPoi] (goal=AcceptMission)
[13:28:38] [GOAL] Taras achieved AcceptMission
[13:28:38] [MISSION] Marcus accepted ScoutPoi @ Duga Radar (160 RU)
[13:28:38] [TASK] Marcus → AcceptMission [ScoutPoi] (goal=AcceptMission)
[13:28:38] [GOAL] Marcus achieved AcceptMission
[13:28:38] [MISSION] Andrei accepted ScoutPoi @ Zaton (160 RU)
[13:28:38] [TASK] Andrei → AcceptMission [ScoutPoi] (goal=AcceptMission)
[13:28:38] [GOAL] Andrei achieved AcceptMission
[13:28:40] [INBOUND] Initial +12 stalkers, +9 mutants (remaining S=1370 M=917)
[13:28:40] [MISSION] Lars accepted ScoutPoi @ Dead City (Chernobyl-2 Settlement) (160 RU)
[13:28:40] [TASK] Lars → AcceptMission [ScoutPoi] (goal=AcceptMission)
[13:28:40] [GOAL] Lars achieved AcceptMission
[13:28:40] [MISSION] Zura accepted ScoutPoi @ Buriakivka Waste Site (160 RU)
[13:28:40] [TASK] Zura → AcceptMission [ScoutPoi] (goal=AcceptMission)
[13:28:40] [GOAL] Zura achieved AcceptMission
[13:28:40] [MISSION] Vasyl accepted ScoutPoi @ Rostok (176 RU)
[13:28:40] [TASK] Vasyl → AcceptMission [ScoutPoi] (goal=AcceptMission)
[13:28:40] [GOAL] Vasyl achieved AcceptMission
[13:28:41] [INBOUND] Initial +12 stalkers, +8 mutants (remaining S=1358 M=909)
[13:28:41] [MISSION] Mykola accepted ScoutPoi @ Truck Cemetery (176 RU)
[13:28:41] [TASK] Mykola → AcceptMission [ScoutPoi] (goal=AcceptMission)
[13:28:41] [GOAL] Mykola achieved AcceptMission
[13:28:41] [MISSION] Igor accepted ScoutPoi @ Truck Cemetery (176 RU)
[13:28:41] [TASK] Igor → AcceptMission [ScoutPoi] (goal=AcceptMission)
[13:28:41] [GOAL] Igor achieved AcceptMission
[13:28:41] [MISSION] Oleksiy accepted ScoutPoi @ Yantar (160 RU)
[13:28:41] [TASK] Oleksiy → AcceptMission [ScoutPoi] (goal=AcceptMission)
[13:28:41] [GOAL] Oleksiy achieved AcceptMission
[13:28:41] [MISSION] Vasyl accepted ScoutPoi @ Cordon (160 RU)
[13:28:41] [TASK] Vasyl → AcceptMission [ScoutPoi] (goal=AcceptMission)
[13:28:41] [GOAL] Vasyl achieved AcceptMission
[13:28:41] [MISSION] Mykola accepted ScoutPoi @ Kopachi (160 RU)
[13:28:41] [TASK] Mykola → AcceptMission [ScoutPoi] (goal=AcceptMission)
[13:28:41] [GOAL] Mykola achieved AcceptMission
[13:28:42] [GEAR] Dmytro looted [wpn_pm] via combat
[13:28:43] [INBOUND] Initial +13 stalkers, +8 mutants (remaining S=1345 M=901)
[13:28:43] [MISSION] Sergei accepted ScoutPoi @ Chernobyl Town (160 RU)
[13:28:43] [TASK] Sergei → AcceptMission [ScoutPoi] (goal=AcceptMission)
[13:28:43] [GOAL] Sergei achieved AcceptMission
[13:28:43] [MISSION] Lasha accepted ScoutPoi @ Army Warehouses (184 RU)
[13:28:43] [TASK] Lasha → AcceptMission [ScoutPoi] (goal=AcceptMission)
[13:28:43] [GOAL] Lasha achieved AcceptMission
[13:28:43] [MISSION] Dmitri accepted ScoutPoi @ Chistogalovka (160 RU)
[13:28:43] [TASK] Dmitri → AcceptMission [ScoutPoi] (goal=AcceptMission)
[13:28:43] [GOAL] Dmitri achieved AcceptMission
[13:28:43] [MISSION] Bakhyt accepted ScoutPoi @ Agroprom (160 RU)
[13:28:43] [TASK] Bakhyt → AcceptMission [ScoutPoi] (goal=AcceptMission)
[13:28:43] [GOAL] Bakhyt achieved AcceptMission
[13:28:43] [MISSION] Nikolai accepted ScoutPoi @ Great Swamps (160 RU)
[13:28:43] [TASK] Nikolai → AcceptMission [ScoutPoi] (goal=AcceptMission)
[13:28:43] [GOAL] Nikolai achieved AcceptMission
[13:28:43] [MISSION] Andrei accepted ScoutPoi @ Garbage (160 RU)
[13:28:43] [TASK] Andrei → AcceptMission [ScoutPoi] (goal=AcceptMission)
[13:28:43] [GOAL] Andrei achieved AcceptMission
[13:28:45] [INBOUND] Initial +12 stalkers, +9 mutants (remaining S=1333 M=892)
[13:28:46] [MISSION] Zura accepted ScoutPoi @ Generators (160 RU)
[13:28:46] [TASK] Zura → AcceptMission [ScoutPoi] (goal=AcceptMission)
[13:28:46] [GOAL] Zura achieved AcceptMission
[13:28:46] [MISSION] Marcus accepted ScoutPoi @ Yantar (160 RU)
[13:28:46] [TASK] Marcus → AcceptMission [ScoutPoi] (goal=AcceptMission)
[13:28:46] [GOAL] Marcus achieved AcceptMission
[13:28:46] [MISSION] Dmitri accepted ScoutPoi @ Chernobyl Town (160 RU)
[13:28:46] [TASK] Dmitri → AcceptMission [ScoutPoi] (goal=AcceptMission)
[13:28:46] [GOAL] Dmitri achieved AcceptMission
[13:28:46] [MISSION] Taras accepted ScoutPoi @ Army Warehouses (184 RU)
[13:28:46] [TASK] Taras → AcceptMission [ScoutPoi] (goal=AcceptMission)
[13:28:46] [GOAL] Taras achieved AcceptMission
[13:28:46] [MISSION] Dmitri accepted ScoutPoi @ Great Swamps (160 RU)
[13:28:46] [TASK] Dmitri → AcceptMission [ScoutPoi] (goal=AcceptMission)
[13:28:46] [GOAL] Dmitri achieved AcceptMission
[13:28:46] [MISSION] Andrei accepted ScoutPoi @ Garbage (160 RU)
[13:28:46] [TASK] Andrei → AcceptMission [ScoutPoi] (goal=AcceptMission)
[13:28:46] [GOAL] Andrei achieved AcceptMission
[13:28:47] [MISSION] Sergei accepted ScoutPoi @ Garbage (160 RU)
[13:28:47] [TASK] Sergei → AcceptMission [ScoutPoi] (goal=AcceptMission)
[13:28:47] [GOAL] Sergei achieved AcceptMission
[13:28:48] [INBOUND] Initial +13 stalkers, +8 mutants (remaining S=1320 M=884)
[13:28:48] [SNAPSHOT] real=0.5min game=D0 00:01 alive S=175 M=113 corpses=101 lootable=5 gammaGear out=105 helm=152 avgRU=864 leaderGoals trade=0 mission=41 emission=Dormant nextIn=101gmin desperate=0 hungry=0 interval deaths=5 combats=8 tasks=103 gearLoot=1 gearBuy=0 missions=103 corpseDespawn=0 trickleSpawns=0 ranks=[Rookie:175] goals=[CompleteMission::35,Idle:28,AcceptMission::6] leaders: Mykola[Rookie/AcceptMission:], Damir[Rookie/AcceptMission:], Mikhail[Rookie/AcceptMission:], Bakhyt[Rookie/AcceptMission:], Viktor[Rookie/AcceptMission:]
[13:28:48] [MISSION] Mykola accepted ScoutPoi @ Red Forest (160 RU)
[13:28:48] [TASK] Mykola → AcceptMission [ScoutPoi] (goal=AcceptMission)
[13:28:48] [GOAL] Mykola achieved AcceptMission
[13:28:48] [MISSION] Damir accepted ScoutPoi @ Generators (160 RU)
[13:28:48] [TASK] Damir → AcceptMission [ScoutPoi] (goal=AcceptMission)
[13:28:48] [GOAL] Damir achieved AcceptMission
[13:28:48] [MISSION] Mikhail accepted ScoutPoi @ Buriakivka Waste Site (160 RU)
[13:28:48] [TASK] Mikhail → AcceptMission [ScoutPoi] (goal=AcceptMission)
[13:28:48] [GOAL] Mikhail achieved AcceptMission
[13:28:48] [MISSION] Bakhyt accepted ScoutPoi @ Chernobyl NPP (160 RU)
[13:28:48] [TASK] Bakhyt → AcceptMission [ScoutPoi] (goal=AcceptMission)
[13:28:48] [GOAL] Bakhyt achieved AcceptMission
[13:28:48] [MISSION] Viktor accepted ScoutPoi @ Rostok (176 RU)
[13:28:48] [TASK] Viktor → AcceptMission [ScoutPoi] (goal=AcceptMission)
[13:28:48] [GOAL] Viktor achieved AcceptMission
[13:28:48] [MISSION] Andriy accepted ScoutPoi @ Great Swamps (160 RU)
[13:28:48] [TASK] Andriy → AcceptMission [ScoutPoi] (goal=AcceptMission)
[13:28:48] [GOAL] Andriy achieved AcceptMission
[13:28:49] [TASK] Igor → FulfillMission [ScoutPoi] (goal=CompleteMission)
[13:28:49] [MISSION] Igor completed ScoutPoi → Makeshift Watchtower (+176 RU)
[13:28:49] [GOAL] Igor achieved CompleteMission
[13:28:49] [TASK] Sergei → FulfillMission [ScoutPoi] (goal=CompleteMission)
[13:28:49] [MISSION] Sergei completed ScoutPoi → Abandoned Bus (+160 RU)
[13:28:49] [GOAL] Sergei achieved CompleteMission
[13:28:49] [TASK] Lukash → FulfillMission [ScoutPoi] (goal=CompleteMission)
[13:28:49] [MISSION] Lukash completed ScoutPoi → Checkpoint South (+184 RU)
[13:28:49] [GOAL] Lukash achieved CompleteMission
[13:28:49] [TASK] Professor → FulfillMission [ScoutPoi] (goal=CompleteMission)
[13:28:49] [MISSION] Professor completed ScoutPoi → Abandoned Camp (+160 RU)
[13:28:49] [GOAL] Professor achieved CompleteMission
[13:28:49] [TASK] Barkeep → FulfillMission [ScoutPoi] (goal=CompleteMission)
[13:28:49] [MISSION] Barkeep completed ScoutPoi → Forgotten Outpost (+176 RU)
[13:28:49] [GOAL] Barkeep achieved CompleteMission
[13:28:49] [TASK] Cold → FulfillMission [ScoutPoi] (goal=CompleteMission)
[13:28:49] [MISSION] Cold completed ScoutPoi → Forgotten Outpost (+160 RU)
[13:28:49] [GOAL] Cold achieved CompleteMission
[13:28:49] [TASK] Sidorovich → FulfillMission [ScoutPoi] (goal=CompleteMission)
[13:28:49] [MISSION] Sidorovich completed ScoutPoi → Abandoned Outpost (+160 RU)
[13:28:49] [GOAL] Sidorovich achieved CompleteMission
[13:28:49] [TASK] Viktor → FulfillMission [ScoutPoi] (goal=CompleteMission)
[13:28:49] [MISSION] Viktor completed ScoutPoi → Forgotten Outpost (+176 RU)
[13:28:49] [GOAL] Viktor achieved CompleteMission
[13:28:49] [TASK] Andriy → FulfillMission [ScoutPoi] (goal=CompleteMission)
[13:28:49] [MISSION] Andriy completed ScoutPoi → Forgotten Outpost (+160 RU)
[13:28:49] [GOAL] Andriy achieved CompleteMission
[13:28:49] [TASK] Marcus → FulfillMission [ScoutPoi] (goal=CompleteMission)
[13:28:49] [MISSION] Marcus completed ScoutPoi → Abandoned Camp (+160 RU)
[13:28:49] [GOAL] Marcus achieved CompleteMission
[13:28:49] [TASK] Dmitri → FulfillMission [ScoutPoi] (goal=CompleteMission)
[13:28:49] [MISSION] Dmitri completed ScoutPoi → Abandoned Bus (+160 RU)
[13:28:49] [GOAL] Dmitri achieved CompleteMission
[13:28:49] [TASK] Taras → FulfillMission [ScoutPoi] (goal=CompleteMission)
[13:28:49] [MISSION] Taras completed ScoutPoi → Checkpoint South (+184 RU)
[13:28:49] [GOAL] Taras achieved CompleteMission
[13:28:49] [TASK] Dmitri → FulfillMission [ScoutPoi] (goal=CompleteMission)
[13:28:49] [MISSION] Dmitri completed ScoutPoi → Forgotten Outpost (+160 RU)
[13:28:49] [GOAL] Dmitri achieved CompleteMission
[13:28:49] [TASK] Andrei → FulfillMission [ScoutPoi] (goal=CompleteMission)
[13:28:49] [MISSION] Andrei completed ScoutPoi → Abandoned Bus (+160 RU)
[13:28:49] [GOAL] Andrei achieved CompleteMission
[13:28:49] [TASK] Sergei → FulfillMission [ScoutPoi] (goal=CompleteMission)
[13:28:49] [MISSION] Sergei completed ScoutPoi → Abandoned Bus (+160 RU)
[13:28:49] [GOAL] Sergei achieved CompleteMission
[13:28:49] [TASK] Lasha → FulfillMission [ScoutPoi] (goal=CompleteMission)
[13:28:49] [MISSION] Lasha completed ScoutPoi → Checkpoint South (+184 RU)
[13:28:49] [GOAL] Lasha achieved CompleteMission
[13:28:49] [TASK] Bakhyt → FulfillMission [ScoutPoi] (goal=CompleteMission)
[13:28:49] [MISSION] Bakhyt completed ScoutPoi → Abandoned Camp (+160 RU)
[13:28:49] [GOAL] Bakhyt achieved CompleteMission
[13:28:49] [TASK] Nikolai → FulfillMission [ScoutPoi] (goal=CompleteMission)
[13:28:49] [MISSION] Nikolai completed ScoutPoi → Forgotten Outpost (+160 RU)
[13:28:49] [GOAL] Nikolai achieved CompleteMission
[13:28:49] [TASK] Andrei → FulfillMission [ScoutPoi] (goal=CompleteMission)
[13:28:49] [MISSION] Andrei completed ScoutPoi → Abandoned Bus (+160 RU)
[13:28:49] [GOAL] Andrei achieved CompleteMission
[13:28:49] [TASK] Vasyl → FulfillMission [ScoutPoi] (goal=CompleteMission)
[13:28:49] [MISSION] Vasyl completed ScoutPoi → Forgotten Outpost (+176 RU)
[13:28:49] [GOAL] Vasyl achieved CompleteMission
[13:28:49] [TASK] Heinrich → FulfillMission [ScoutPoi] (goal=CompleteMission)
[13:28:49] [MISSION] Heinrich completed ScoutPoi → Abandoned Camp (+160 RU)
[13:28:49] [GOAL] Heinrich achieved CompleteMission
[13:28:49] [TASK] Taras → FulfillMission [ScoutPoi] (goal=CompleteMission)
[13:28:49] [MISSION] Taras completed ScoutPoi → Abandoned Camp (+160 RU)
[13:28:49] [GOAL] Taras achieved CompleteMission
[13:28:49] [TASK] Marcus → FulfillMission [ScoutPoi] (goal=CompleteMission)
[13:28:49] [MISSION] Marcus completed ScoutPoi → Abandoned Camp (+160 RU)
[13:28:49] [GOAL] Marcus achieved CompleteMission
[13:28:49] [TASK] Zura → FulfillMission [ScoutPoi] (goal=CompleteMission)
[13:28:49] [MISSION] Zura completed ScoutPoi → Abandoned Bus (+160 RU)
[13:28:49] [GOAL] Zura achieved CompleteMission
[13:28:49] [TASK] Dmytro → FulfillMission [ScoutPoi] (goal=CompleteMission)
[13:28:49] [MISSION] Dmytro completed ScoutPoi → Abandoned Outpost (+160 RU)
[13:28:49] [GOAL] Dmytro achieved CompleteMission
[13:28:49] [TASK] Nikolai → FulfillMission [ScoutPoi] (goal=CompleteMission)
[13:28:49] [MISSION] Nikolai completed ScoutPoi → Forgotten Outpost (+176 RU)
[13:28:49] [GOAL] Nikolai achieved CompleteMission
[13:28:49] [TASK] Bakhyt → FulfillMission [ScoutPoi] (goal=CompleteMission)
[13:28:49] [MISSION] Bakhyt completed ScoutPoi → Abandoned Camp (+160 RU)
[13:28:49] [GOAL] Bakhyt achieved CompleteMission
[13:28:49] [TASK] Vasyl → FulfillMission [ScoutPoi] (goal=CompleteMission)
[13:28:49] [MISSION] Vasyl completed ScoutPoi → Abandoned Bus (+160 RU)
[13:28:49] [GOAL] Vasyl achieved CompleteMission
[13:28:49] [TASK] Bakhyt → FulfillMission [ScoutPoi] (goal=CompleteMission)
[13:28:49] [MISSION] Bakhyt completed ScoutPoi → Abandoned Outpost (+160 RU)
[13:28:49] [GOAL] Bakhyt achieved CompleteMission
[13:28:49] [TASK] Marcus → FulfillMission [ScoutPoi] (goal=CompleteMission)
[13:28:49] [MISSION] Marcus completed ScoutPoi → Abandoned Camp (+160 RU)
[13:28:49] [GOAL] Marcus achieved CompleteMission
[13:28:49] [TASK] Rustam → FulfillMission [ScoutPoi] (goal=CompleteMission)
[13:28:49] [MISSION] Rustam completed ScoutPoi → Abandoned Bus (+160 RU)
[13:28:49] [GOAL] Rustam achieved CompleteMission
[13:28:49] [TASK] Dmytro → FulfillMission [ScoutPoi] (goal=CompleteMission)
[13:28:49] [MISSION] Dmytro completed ScoutPoi → Forgotten Outpost (+160 RU)
[13:28:49] [GOAL] Dmytro achieved CompleteMission
[13:28:49] [TASK] Oleksiy → FulfillMission [ScoutPoi] (goal=CompleteMission)
[13:28:49] [MISSION] Oleksiy completed ScoutPoi → Forgotten Outpost (+176 RU)
[13:28:49] [GOAL] Oleksiy achieved CompleteMission
[13:28:49] [TASK] Dmytro → FulfillMission [ScoutPoi] (goal=CompleteMission)
[13:28:49] [MISSION] Dmytro completed ScoutPoi → Abandoned Bus (+160 RU)
[13:28:49] [GOAL] Dmytro achieved CompleteMission
[13:28:49] [TASK] Oleg → FulfillMission [ScoutPoi] (goal=CompleteMission)
[13:28:49] [MISSION] Oleg completed ScoutPoi → Abandoned Outpost (+160 RU)
[13:28:49] [GOAL] Oleg achieved CompleteMission
[13:28:49] [TASK] Karl → FulfillMission [ScoutPoi] (goal=CompleteMission)
[13:28:49] [MISSION] Karl completed ScoutPoi → Abandoned Camp (+160 RU)
[13:28:49] [GOAL] Karl achieved CompleteMission
[13:28:49] [TASK] Oleksiy → FulfillMission [ScoutPoi] (goal=CompleteMission)
[13:28:49] [MISSION] Oleksiy completed ScoutPoi → Abandoned Bus (+160 RU)
[13:28:49] [GOAL] Oleksiy achieved CompleteMission
[13:28:49] [TASK] Dmitri → FulfillMission [ScoutPoi] (goal=CompleteMission)
[13:28:49] [MISSION] Dmitri completed ScoutPoi → Abandoned Camp (+160 RU)
[13:28:49] [GOAL] Dmitri achieved CompleteMission
[13:28:49] [TASK] Mykola → FulfillMission [ScoutPoi] (goal=CompleteMission)
[13:28:49] [MISSION] Mykola completed ScoutPoi → Makeshift Watchtower (+176 RU)
[13:28:49] [GOAL] Mykola achieved CompleteMission
[13:28:49] [TASK] Igor → FulfillMission [ScoutPoi] (goal=CompleteMission)
[13:28:49] [MISSION] Igor completed ScoutPoi → Makeshift Watchtower (+176 RU)
[13:28:49] [GOAL] Igor achieved CompleteMission
[13:28:49] [TASK] Oleksiy → FulfillMission [ScoutPoi] (goal=CompleteMission)
[13:28:49] [MISSION] Oleksiy completed ScoutPoi → Abandoned Camp (+160 RU)
[13:28:49] [GOAL] Oleksiy achieved CompleteMission
[13:28:49] [TASK] Vasyl → FulfillMission [ScoutPoi] (goal=CompleteMission)
[13:28:49] [MISSION] Vasyl completed ScoutPoi → Abandoned Outpost (+160 RU)
[13:28:49] [GOAL] Vasyl achieved CompleteMission
[13:28:49] [TASK] Serhiy → FulfillMission [ScoutPoi] (goal=CompleteMission)
[13:28:49] [MISSION] Serhiy completed ScoutPoi → Abandoned Bus (+160 RU)
[13:28:49] [GOAL] Serhiy achieved CompleteMission
[13:28:49] [MISSION] Sergei accepted ScoutPoi @ Garbage (160 RU)
[13:28:49] [TASK] Sergei → AcceptMission [ScoutPoi] (goal=AcceptMission)
[13:28:49] [GOAL] Sergei achieved AcceptMission
[13:28:49] [MISSION] Lukash accepted ScoutPoi @ Army Warehouses (184 RU)
[13:28:49] [TASK] Lukash → AcceptMission [ScoutPoi] (goal=AcceptMission)
[13:28:49] [GOAL] Lukash achieved AcceptMission
[13:28:50] [MISSION] Professor accepted ScoutPoi @ Yantar (160 RU)
[13:28:50] [TASK] Professor → AcceptMission [ScoutPoi] (goal=AcceptMission)
[13:28:50] [GOAL] Professor achieved AcceptMission
[13:28:50] [MISSION] Barkeep accepted ScoutPoi @ Rostok (176 RU)
[13:28:50] [TASK] Barkeep → AcceptMission [ScoutPoi] (goal=AcceptMission)
[13:28:50] [GOAL] Barkeep achieved AcceptMission
[13:28:50] [MISSION] Sidorovich accepted ScoutPoi @ Cordon (160 RU)
[13:28:50] [TASK] Sidorovich → AcceptMission [ScoutPoi] (goal=AcceptMission)
[13:28:50] [GOAL] Sidorovich achieved AcceptMission
[13:28:50] [MISSION] Viktor accepted ScoutPoi @ Rostok (176 RU)
[13:28:50] [TASK] Viktor → AcceptMission [ScoutPoi] (goal=AcceptMission)
[13:28:50] [GOAL] Viktor achieved AcceptMission
[13:28:50] [MISSION] Andriy accepted ScoutPoi @ Great Swamps (160 RU)
[13:28:50] [TASK] Andriy → AcceptMission [ScoutPoi] (goal=AcceptMission)
[13:28:50] [GOAL] Andriy achieved AcceptMission
[13:28:50] [MISSION] Marcus accepted ScoutPoi @ Yantar (160 RU)
[13:28:50] [TASK] Marcus → AcceptMission [ScoutPoi] (goal=AcceptMission)
[13:28:50] [GOAL] Marcus achieved AcceptMission
[13:28:50] [MISSION] Dmitri accepted ScoutPoi @ Chernobyl Town (160 RU)
[13:28:50] [TASK] Dmitri → AcceptMission [ScoutPoi] (goal=AcceptMission)
[13:28:50] [GOAL] Dmitri achieved AcceptMission
[13:28:50] [MISSION] Taras accepted ScoutPoi @ Army Warehouses (184 RU)
[13:28:50] [TASK] Taras → AcceptMission [ScoutPoi] (goal=AcceptMission)
[13:28:50] [GOAL] Taras achieved AcceptMission
[13:28:50] [MISSION] Dmitri accepted ScoutPoi @ Great Swamps (160 RU)
[13:28:50] [TASK] Dmitri → AcceptMission [ScoutPoi] (goal=AcceptMission)
[13:28:50] [GOAL] Dmitri achieved AcceptMission
[13:28:50] [MISSION] Andrei accepted ScoutPoi @ Garbage (160 RU)
[13:28:50] [TASK] Andrei → AcceptMission [ScoutPoi] (goal=AcceptMission)
[13:28:50] [GOAL] Andrei achieved AcceptMission
[13:28:50] [MISSION] Sergei accepted ScoutPoi @ Chernobyl Town (160 RU)
[13:28:50] [TASK] Sergei → AcceptMission [ScoutPoi] (goal=AcceptMission)
[13:28:50] [GOAL] Sergei achieved AcceptMission
[13:28:50] [MISSION] Lasha accepted ScoutPoi @ Army Warehouses (184 RU)
[13:28:50] [TASK] Lasha → AcceptMission [ScoutPoi] (goal=AcceptMission)
[13:28:50] [GOAL] Lasha achieved AcceptMission
[13:28:50] [MISSION] Bakhyt accepted ScoutPoi @ Agroprom (160 RU)
[13:28:50] [TASK] Bakhyt → AcceptMission [ScoutPoi] (goal=AcceptMission)
[13:28:50] [GOAL] Bakhyt achieved AcceptMission
[13:28:50] [MISSION] Nikolai accepted ScoutPoi @ Great Swamps (160 RU)
[13:28:50] [TASK] Nikolai → AcceptMission [ScoutPoi] (goal=AcceptMission)
[13:28:50] [GOAL] Nikolai achieved AcceptMission
[13:28:50] [MISSION] Andrei accepted ScoutPoi @ Garbage (160 RU)
[13:28:50] [TASK] Andrei → AcceptMission [ScoutPoi] (goal=AcceptMission)
[13:28:50] [GOAL] Andrei achieved AcceptMission
[13:28:50] [MISSION] Vasyl accepted ScoutPoi @ Rostok (176 RU)
[13:28:50] [TASK] Vasyl → AcceptMission [ScoutPoi] (goal=AcceptMission)
[13:28:50] [GOAL] Vasyl achieved AcceptMission
[13:28:50] [MISSION] Heinrich accepted ScoutPoi @ Yantar (160 RU)
[13:28:50] [TASK] Heinrich → AcceptMission [ScoutPoi] (goal=AcceptMission)
[13:28:50] [GOAL] Heinrich achieved AcceptMission
[13:28:50] [MISSION] Taras accepted ScoutPoi @ Yantar (160 RU)
[13:28:50] [TASK] Taras → AcceptMission [ScoutPoi] (goal=AcceptMission)
[13:28:50] [GOAL] Taras achieved AcceptMission
[13:28:50] [MISSION] Marcus accepted ScoutPoi @ Duga Radar (160 RU)
[13:28:50] [TASK] Marcus → AcceptMission [ScoutPoi] (goal=AcceptMission)
[13:28:50] [GOAL] Marcus achieved AcceptMission
[13:28:50] [MISSION] Zura accepted ScoutPoi @ Zalissya (160 RU)
[13:28:50] [TASK] Zura → AcceptMission [ScoutPoi] (goal=AcceptMission)
[13:28:50] [GOAL] Zura achieved AcceptMission
[13:28:50] [MISSION] Dmytro accepted ScoutPoi @ Meadow (160 RU)
[13:28:50] [TASK] Dmytro → AcceptMission [ScoutPoi] (goal=AcceptMission)
[13:28:50] [GOAL] Dmytro achieved AcceptMission
[13:28:50] [MISSION] Nikolai accepted ScoutPoi @ Rostok (176 RU)
[13:28:50] [TASK] Nikolai → AcceptMission [ScoutPoi] (goal=AcceptMission)
[13:28:50] [GOAL] Nikolai achieved AcceptMission
[13:28:50] [MISSION] Bakhyt accepted ScoutPoi @ Duga Radar (160 RU)
[13:28:50] [TASK] Bakhyt → AcceptMission [ScoutPoi] (goal=AcceptMission)
[13:28:50] [GOAL] Bakhyt achieved AcceptMission
[13:28:50] [MISSION] Vasyl accepted ScoutPoi @ Dark Valley (160 RU)
[13:28:50] [TASK] Vasyl → AcceptMission [ScoutPoi] (goal=AcceptMission)
[13:28:50] [GOAL] Vasyl achieved AcceptMission
[13:28:50] [MISSION] Bakhyt accepted ScoutPoi @ Meadow (160 RU)
[13:28:50] [TASK] Bakhyt → AcceptMission [ScoutPoi] (goal=AcceptMission)
[13:28:50] [GOAL] Bakhyt achieved AcceptMission
[13:28:50] [MISSION] Marcus accepted ScoutPoi @ Yantar (160 RU)
[13:28:50] [TASK] Marcus → AcceptMission [ScoutPoi] (goal=AcceptMission)
[13:28:50] [GOAL] Marcus achieved AcceptMission
[13:28:50] [MISSION] Rustam accepted ScoutPoi @ Chernobyl Town (160 RU)
[13:28:50] [TASK] Rustam → AcceptMission [ScoutPoi] (goal=AcceptMission)
[13:28:50] [GOAL] Rustam achieved AcceptMission
[13:28:50] [MISSION] Oleksiy accepted ScoutPoi @ Rostok (176 RU)
[13:28:50] [TASK] Oleksiy → AcceptMission [ScoutPoi] (goal=AcceptMission)
[13:28:50] [GOAL] Oleksiy achieved AcceptMission
[13:28:50] [MISSION] Dmytro accepted ScoutPoi @ Garbage (160 RU)
[13:28:50] [TASK] Dmytro → AcceptMission [ScoutPoi] (goal=AcceptMission)
[13:28:50] [GOAL] Dmytro achieved AcceptMission
[13:28:50] [MISSION] Oleg accepted ScoutPoi @ Meadow (160 RU)
[13:28:50] [TASK] Oleg → AcceptMission [ScoutPoi] (goal=AcceptMission)
[13:28:50] [GOAL] Oleg achieved AcceptMission
[13:28:50] [MISSION] Karl accepted ScoutPoi @ Duga Radar (160 RU)
[13:28:50] [TASK] Karl → AcceptMission [ScoutPoi] (goal=AcceptMission)
[13:28:50] [GOAL] Karl achieved AcceptMission
[13:28:50] [MISSION] Oleksiy accepted ScoutPoi @ Dark Valley (160 RU)
[13:28:50] [TASK] Oleksiy → AcceptMission [ScoutPoi] (goal=AcceptMission)
[13:28:50] [GOAL] Oleksiy achieved AcceptMission
[13:28:50] [MISSION] Dmitri accepted ScoutPoi @ Agroprom (160 RU)
[13:28:50] [TASK] Dmitri → AcceptMission [ScoutPoi] (goal=AcceptMission)
[13:28:50] [GOAL] Dmitri achieved AcceptMission
[13:28:50] [MISSION] Mykola accepted ScoutPoi @ Truck Cemetery (176 RU)
[13:28:50] [TASK] Mykola → AcceptMission [ScoutPoi] (goal=AcceptMission)
[13:28:50] [GOAL] Mykola achieved AcceptMission
[13:28:50] [MISSION] Igor accepted ScoutPoi @ Truck Cemetery (176 RU)
[13:28:50] [TASK] Igor → AcceptMission [ScoutPoi] (goal=AcceptMission)
[13:28:50] [GOAL] Igor achieved AcceptMission
[13:28:50] [MISSION] Oleksiy accepted ScoutPoi @ Yantar (160 RU)
[13:28:50] [TASK] Oleksiy → AcceptMission [ScoutPoi] (goal=AcceptMission)
[13:28:50] [GOAL] Oleksiy achieved AcceptMission
[13:28:50] [MISSION] Vasyl accepted ScoutPoi @ Cordon (160 RU)
[13:28:50] [TASK] Vasyl → AcceptMission [ScoutPoi] (goal=AcceptMission)
[13:28:50] [GOAL] Vasyl achieved AcceptMission
[13:28:50] [MISSION] Serhiy accepted ScoutPoi @ Chernobyl Town (160 RU)
[13:28:50] [TASK] Serhiy → AcceptMission [ScoutPoi] (goal=AcceptMission)
[13:28:50] [GOAL] Serhiy achieved AcceptMission
[13:28:57] [MISSION] Andriy accepted ScoutPoi @ Red Forest (160 RU)
[13:28:57] [TASK] Andriy → AcceptMission [ScoutPoi] (goal=AcceptMission)
[13:28:57] [GOAL] Andriy achieved AcceptMission
[13:28:57] [INBOUND] Initial +12 stalkers, +8 mutants (remaining S=1308 M=876)
[13:28:57] [MISSION] Oleksiy accepted ScoutPoi @ Buriakivka Waste Site (160 RU)
[13:28:57] [TASK] Oleksiy → AcceptMission [ScoutPoi] (goal=AcceptMission)
[13:28:57] [GOAL] Oleksiy achieved AcceptMission
[13:28:57] [MISSION] Pavel accepted ScoutPoi @ Generators (160 RU)
[13:28:57] [TASK] Pavel → AcceptMission [ScoutPoi] (goal=AcceptMission)
[13:28:57] [GOAL] Pavel achieved AcceptMission
[13:28:57] [MISSION] Bakhyt accepted ScoutPoi @ Rostok (176 RU)
[13:28:57] [TASK] Bakhyt → AcceptMission [ScoutPoi] (goal=AcceptMission)
[13:28:57] [GOAL] Bakhyt achieved AcceptMission
[13:28:57] [MISSION] Taras accepted ScoutPoi @ Duga Radar (160 RU)
[13:28:57] [TASK] Taras → AcceptMission [ScoutPoi] (goal=AcceptMission)
[13:28:57] [GOAL] Taras achieved AcceptMission
[13:28:57] [MISSION] Andrei accepted ScoutPoi @ Red Forest (160 RU)
[13:28:57] [TASK] Andrei → AcceptMission [ScoutPoi] (goal=AcceptMission)
[13:28:57] [GOAL] Andrei achieved AcceptMission
[13:28:59] [INBOUND] Initial +13 stalkers, +9 mutants (remaining S=1295 M=867)
[13:28:59] [MISSION] Oleksiy accepted ScoutPoi @ Radar (Brain Scorcher) (160 RU)
[13:28:59] [TASK] Oleksiy → AcceptMission [ScoutPoi] (goal=AcceptMission)
[13:28:59] [GOAL] Oleksiy achieved AcceptMission
[13:28:59] [MISSION] Oleg accepted ScoutPoi @ Jupiter (Pripyat Industrial) (160 RU)
[13:28:59] [TASK] Oleg → AcceptMission [ScoutPoi] (goal=AcceptMission)
[13:28:59] [GOAL] Oleg achieved AcceptMission
[13:28:59] [MISSION] Nodar accepted ScoutPoi @ Jupiter (Pripyat Industrial) (160 RU)
[13:28:59] [TASK] Nodar → AcceptMission [ScoutPoi] (goal=AcceptMission)
[13:28:59] [GOAL] Nodar achieved AcceptMission
[13:29:00] [INBOUND] Initial +12 stalkers, +8 mutants (remaining S=1283 M=859)
[13:29:00] [MISSION] Bohdan accepted ScoutPoi @ Red Forest (160 RU)
[13:29:00] [TASK] Bohdan → AcceptMission [ScoutPoi] (goal=AcceptMission)
[13:29:00] [GOAL] Bohdan achieved AcceptMission
[13:29:00] [MISSION] Pavel accepted ScoutPoi @ Generators (160 RU)
[13:29:00] [TASK] Pavel → AcceptMission [ScoutPoi] (goal=AcceptMission)
[13:29:00] [GOAL] Pavel achieved AcceptMission
[13:29:00] [MISSION] Serhiy accepted ScoutPoi @ Army Warehouses (184 RU)
[13:29:00] [TASK] Serhiy → AcceptMission [ScoutPoi] (goal=AcceptMission)
[13:29:00] [GOAL] Serhiy achieved AcceptMission
[13:29:02] [INBOUND] Initial +13 stalkers, +8 mutants (remaining S=1270 M=851)
[13:29:02] [MISSION] Taras accepted ScoutPoi @ Radar (Brain Scorcher) (160 RU)
[13:29:02] [TASK] Taras → AcceptMission [ScoutPoi] (goal=AcceptMission)
[13:29:02] [GOAL] Taras achieved AcceptMission
[13:29:02] [MISSION] Sergei accepted ScoutPoi @ Kopachi (160 RU)
[13:29:02] [TASK] Sergei → AcceptMission [ScoutPoi] (goal=AcceptMission)
[13:29:02] [GOAL] Sergei achieved AcceptMission
[13:29:02] [MISSION] Dmitri accepted ScoutPoi @ Chernobyl NPP (160 RU)
[13:29:02] [TASK] Dmitri → AcceptMission [ScoutPoi] (goal=AcceptMission)
[13:29:02] [GOAL] Dmitri achieved AcceptMission
[13:29:02] [MISSION] Serhiy accepted ScoutPoi @ Truck Cemetery (176 RU)
[13:29:02] [TASK] Serhiy → AcceptMission [ScoutPoi] (goal=AcceptMission)
[13:29:02] [GOAL] Serhiy achieved AcceptMission
[13:29:02] [MISSION] Dmytro accepted ScoutPoi @ Chistogalovka (160 RU)
[13:29:02] [TASK] Dmytro → AcceptMission [ScoutPoi] (goal=AcceptMission)
[13:29:02] [GOAL] Dmytro achieved AcceptMission
[13:29:02] [TASK] Oleksiy → FulfillMission [ScoutPoi] (goal=CompleteMission)
[13:29:02] [MISSION] Oleksiy completed ScoutPoi → Abandoned Camp (+160 RU)
[13:29:02] [GOAL] Oleksiy achieved CompleteMission
[13:29:02] [TASK] Vasyl → FulfillMission [ScoutPoi] (goal=CompleteMission)
[13:29:02] [MISSION] Vasyl completed ScoutPoi → Abandoned Outpost (+160 RU)
[13:29:02] [GOAL] Vasyl achieved CompleteMission
[13:29:02] [TASK] Sergei → FulfillMission [ScoutPoi] (goal=CompleteMission)
[13:29:02] [MISSION] Sergei completed ScoutPoi → Abandoned Bus (+160 RU)
[13:29:02] [GOAL] Sergei achieved CompleteMission
[13:29:02] [TASK] Professor → FulfillMission [ScoutPoi] (goal=CompleteMission)
[13:29:02] [MISSION] Professor completed ScoutPoi → Abandoned Camp (+160 RU)
[13:29:02] [GOAL] Professor achieved CompleteMission
[13:29:02] [TASK] Barkeep → FulfillMission [ScoutPoi] (goal=CompleteMission)
[13:29:02] [MISSION] Barkeep completed ScoutPoi → Forgotten Outpost (+176 RU)
[13:29:02] [GOAL] Barkeep achieved CompleteMission
[13:29:02] [TASK] Sidorovich → FulfillMission [ScoutPoi] (goal=CompleteMission)
[13:29:02] [MISSION] Sidorovich completed ScoutPoi → Abandoned Outpost (+160 RU)
[13:29:02] [GOAL] Sidorovich achieved CompleteMission
[13:29:03] [TASK] Serhiy → FulfillMission [ScoutPoi] (goal=CompleteMission)
[13:29:03] [MISSION] Serhiy completed ScoutPoi → Makeshift Watchtower (+176 RU)
[13:29:03] [GOAL] Serhiy achieved CompleteMission
[13:29:03] [TASK] Serhiy → FulfillMission [ScoutPoi] (goal=CompleteMission)
[13:29:03] [MISSION] Serhiy completed ScoutPoi → Checkpoint South (+184 RU)
[13:29:03] [GOAL] Serhiy achieved CompleteMission
[13:29:03] [TASK] Bakhyt → FulfillMission [ScoutPoi] (goal=CompleteMission)
[13:29:03] [MISSION] Bakhyt completed ScoutPoi → Forgotten Outpost (+176 RU)
[13:29:03] [GOAL] Bakhyt achieved CompleteMission
[13:29:03] [TASK] Taras → FulfillMission [ScoutPoi] (goal=CompleteMission)
[13:29:03] [MISSION] Taras completed ScoutPoi → Abandoned Camp (+160 RU)
[13:29:03] [GOAL] Taras achieved CompleteMission
[13:29:03] [TASK] Viktor → FulfillMission [ScoutPoi] (goal=CompleteMission)
[13:29:03] [MISSION] Viktor completed ScoutPoi → Forgotten Outpost (+176 RU)
[13:29:03] [GOAL] Viktor achieved CompleteMission
[13:29:03] [TASK] Andriy → FulfillMission [ScoutPoi] (goal=CompleteMission)
[13:29:03] [MISSION] Andriy completed ScoutPoi → Forgotten Outpost (+160 RU)
[13:29:03] [GOAL] Andriy achieved CompleteMission
[13:29:03] [TASK] Marcus → FulfillMission [ScoutPoi] (goal=CompleteMission)
[13:29:03] [MISSION] Marcus completed ScoutPoi → Abandoned Camp (+160 RU)
[13:29:03] [GOAL] Marcus achieved CompleteMission
[13:29:03] [TASK] Dmitri → FulfillMission [ScoutPoi] (goal=CompleteMission)
[13:29:03] [MISSION] Dmitri completed ScoutPoi → Abandoned Bus (+160 RU)
[13:29:03] [GOAL] Dmitri achieved CompleteMission
[13:29:03] [TASK] Taras → FulfillMission [ScoutPoi] (goal=CompleteMission)
[13:29:03] [MISSION] Taras completed ScoutPoi → Checkpoint South (+184 RU)
[13:29:03] [GOAL] Taras achieved CompleteMission
[13:29:03] [TASK] Dmitri → FulfillMission [ScoutPoi] (goal=CompleteMission)
[13:29:03] [MISSION] Dmitri completed ScoutPoi → Forgotten Outpost (+160 RU)
[13:29:03] [GOAL] Dmitri achieved CompleteMission
[13:29:03] [TASK] Andrei → FulfillMission [ScoutPoi] (goal=CompleteMission)
[13:29:03] [MISSION] Andrei completed ScoutPoi → Abandoned Bus (+160 RU)
[13:29:03] [GOAL] Andrei achieved CompleteMission
[13:29:03] [TASK] Sergei → FulfillMission [ScoutPoi] (goal=CompleteMission)
[13:29:03] [MISSION] Sergei completed ScoutPoi → Abandoned Bus (+160 RU)
[13:29:03] [GOAL] Sergei achieved CompleteMission
[13:29:03] [TASK] Lasha → FulfillMission [ScoutPoi] (goal=CompleteMission)
[13:29:03] [MISSION] Lasha completed ScoutPoi → Checkpoint South (+184 RU)
[13:29:03] [GOAL] Lasha achieved CompleteMission
[13:29:03] [TASK] Bakhyt → FulfillMission [ScoutPoi] (goal=CompleteMission)
[13:29:03] [MISSION] Bakhyt completed ScoutPoi → Abandoned Camp (+160 RU)
[13:29:03] [GOAL] Bakhyt achieved CompleteMission
[13:29:03] [TASK] Nikolai → FulfillMission [ScoutPoi] (goal=CompleteMission)
[13:29:03] [MISSION] Nikolai completed ScoutPoi → Forgotten Outpost (+160 RU)
[13:29:03] [GOAL] Nikolai achieved CompleteMission
[13:29:03] [TASK] Andrei → FulfillMission [ScoutPoi] (goal=CompleteMission)
[13:29:03] [MISSION] Andrei completed ScoutPoi → Abandoned Bus (+160 RU)
[13:29:03] [GOAL] Andrei achieved CompleteMission
[13:29:03] [TASK] Vasyl → FulfillMission [ScoutPoi] (goal=CompleteMission)
[13:29:03] [MISSION] Vasyl completed ScoutPoi → Forgotten Outpost (+176 RU)
[13:29:03] [GOAL] Vasyl achieved CompleteMission
[13:29:03] [TASK] Heinrich → FulfillMission [ScoutPoi] (goal=CompleteMission)
[13:29:03] [MISSION] Heinrich completed ScoutPoi → Abandoned Camp (+160 RU)
[13:29:03] [GOAL] Heinrich achieved CompleteMission
[13:29:03] [TASK] Taras → FulfillMission [ScoutPoi] (goal=CompleteMission)
[13:29:03] [MISSION] Taras completed ScoutPoi → Abandoned Camp (+160 RU)
[13:29:03] [GOAL] Taras achieved CompleteMission
[13:29:03] [TASK] Marcus → FulfillMission [ScoutPoi] (goal=CompleteMission)
[13:29:03] [MISSION] Marcus completed ScoutPoi → Abandoned Camp (+160 RU)
[13:29:03] [GOAL] Marcus achieved CompleteMission
[13:29:03] [TASK] Zura → FulfillMission [ScoutPoi] (goal=CompleteMission)
[13:29:03] [MISSION] Zura completed ScoutPoi → Abandoned Bus (+160 RU)
[13:29:03] [GOAL] Zura achieved CompleteMission
[13:29:03] [TASK] Dmytro → FulfillMission [ScoutPoi] (goal=CompleteMission)
[13:29:03] [MISSION] Dmytro completed ScoutPoi → Abandoned Outpost (+160 RU)
[13:29:03] [GOAL] Dmytro achieved CompleteMission
[13:29:03] [TASK] Nikolai → FulfillMission [ScoutPoi] (goal=CompleteMission)
[13:29:03] [MISSION] Nikolai completed ScoutPoi → Forgotten Outpost (+176 RU)
[13:29:03] [GOAL] Nikolai achieved CompleteMission
[13:29:03] [TASK] Bakhyt → FulfillMission [ScoutPoi] (goal=CompleteMission)
[13:29:03] [MISSION] Bakhyt completed ScoutPoi → Abandoned Camp (+160 RU)
[13:29:03] [GOAL] Bakhyt achieved CompleteMission
[13:29:03] [TASK] Vasyl → FulfillMission [ScoutPoi] (goal=CompleteMission)
[13:29:03] [MISSION] Vasyl completed ScoutPoi → Abandoned Bus (+160 RU)
[13:29:03] [GOAL] Vasyl achieved CompleteMission
[13:29:03] [TASK] Bakhyt → FulfillMission [ScoutPoi] (goal=CompleteMission)
[13:29:03] [MISSION] Bakhyt completed ScoutPoi → Abandoned Outpost (+160 RU)
[13:29:03] [GOAL] Bakhyt achieved CompleteMission
[13:29:03] [TASK] Marcus → FulfillMission [ScoutPoi] (goal=CompleteMission)
[13:29:03] [MISSION] Marcus completed ScoutPoi → Abandoned Camp (+160 RU)
[13:29:03] [GOAL] Marcus achieved CompleteMission
[13:29:03] [TASK] Rustam → FulfillMission [ScoutPoi] (goal=CompleteMission)
[13:29:03] [MISSION] Rustam completed ScoutPoi → Abandoned Bus (+160 RU)
[13:29:03] [GOAL] Rustam achieved CompleteMission
[13:29:03] [TASK] Oleksiy → FulfillMission [ScoutPoi] (goal=CompleteMission)
[13:29:03] [MISSION] Oleksiy completed ScoutPoi → Forgotten Outpost (+176 RU)
[13:29:03] [GOAL] Oleksiy achieved CompleteMission
[13:29:03] [TASK] Dmytro → FulfillMission [ScoutPoi] (goal=CompleteMission)
[13:29:03] [MISSION] Dmytro completed ScoutPoi → Abandoned Bus (+160 RU)
[13:29:03] [GOAL] Dmytro achieved CompleteMission
[13:29:03] [TASK] Oleg → FulfillMission [ScoutPoi] (goal=CompleteMission)
[13:29:03] [MISSION] Oleg completed ScoutPoi → Abandoned Outpost (+160 RU)
[13:29:03] [GOAL] Oleg achieved CompleteMission
[13:29:03] [TASK] Karl → FulfillMission [ScoutPoi] (goal=CompleteMission)
[13:29:03] [MISSION] Karl completed ScoutPoi → Abandoned Camp (+160 RU)
[13:29:03] [GOAL] Karl achieved CompleteMission
[13:29:03] [TASK] Oleksiy → FulfillMission [ScoutPoi] (goal=CompleteMission)
[13:29:03] [MISSION] Oleksiy completed ScoutPoi → Abandoned Bus (+160 RU)
[13:29:03] [GOAL] Oleksiy achieved CompleteMission
[13:29:03] [TASK] Dmitri → FulfillMission [ScoutPoi] (goal=CompleteMission)
[13:29:03] [MISSION] Dmitri completed ScoutPoi → Abandoned Camp (+160 RU)
[13:29:03] [GOAL] Dmitri achieved CompleteMission
[13:29:03] [TASK] Mykola → FulfillMission [ScoutPoi] (goal=CompleteMission)
[13:29:03] [MISSION] Mykola completed ScoutPoi → Makeshift Watchtower (+176 RU)
[13:29:03] [GOAL] Mykola achieved CompleteMission
[13:29:03] [TASK] Igor → FulfillMission [ScoutPoi] (goal=CompleteMission)
[13:29:03] [MISSION] Igor completed ScoutPoi → Makeshift Watchtower (+176 RU)
[13:29:03] [GOAL] Igor achieved CompleteMission
[13:29:03] [MISSION] Oleksiy accepted ScoutPoi @ Yantar (160 RU)
[13:29:03] [TASK] Oleksiy → AcceptMission [ScoutPoi] (goal=AcceptMission)
[13:29:03] [GOAL] Oleksiy achieved AcceptMission
[13:29:03] [MISSION] Vasyl accepted ScoutPoi @ Cordon (160 RU)
[13:29:03] [TASK] Vasyl → AcceptMission [ScoutPoi] (goal=AcceptMission)
[13:29:03] [GOAL] Vasyl achieved AcceptMission
[13:29:03] [MISSION] Sergei accepted ScoutPoi @ Garbage (160 RU)
[13:29:03] [TASK] Sergei → AcceptMission [ScoutPoi] (goal=AcceptMission)
[13:29:03] [GOAL] Sergei achieved AcceptMission
[13:29:03] [MISSION] Professor accepted ScoutPoi @ Yantar (160 RU)
[13:29:03] [TASK] Professor → AcceptMission [ScoutPoi] (goal=AcceptMission)
[13:29:03] [GOAL] Professor achieved AcceptMission
[13:29:03] [MISSION] Barkeep accepted ScoutPoi @ Rostok (176 RU)
[13:29:03] [TASK] Barkeep → AcceptMission [ScoutPoi] (goal=AcceptMission)
[13:29:03] [GOAL] Barkeep achieved AcceptMission
[13:29:03] [MISSION] Sidorovich accepted ScoutPoi @ Cordon (160 RU)
[13:29:03] [TASK] Sidorovich → AcceptMission [ScoutPoi] (goal=AcceptMission)
[13:29:03] [GOAL] Sidorovich achieved AcceptMission
[13:29:03] [MISSION] Serhiy accepted ScoutPoi @ Truck Cemetery (176 RU)
[13:29:03] [TASK] Serhiy → AcceptMission [ScoutPoi] (goal=AcceptMission)
[13:29:03] [GOAL] Serhiy achieved AcceptMission
[13:29:03] [MISSION] Serhiy accepted ScoutPoi @ Army Warehouses (184 RU)
[13:29:03] [TASK] Serhiy → AcceptMission [ScoutPoi] (goal=AcceptMission)
[13:29:03] [GOAL] Serhiy achieved AcceptMission
[13:29:03] [MISSION] Bakhyt accepted ScoutPoi @ Rostok (176 RU)
[13:29:03] [TASK] Bakhyt → AcceptMission [ScoutPoi] (goal=AcceptMission)
[13:29:03] [GOAL] Bakhyt achieved AcceptMission
[13:29:03] [MISSION] Taras accepted ScoutPoi @ Duga Radar (160 RU)
[13:29:03] [TASK] Taras → AcceptMission [ScoutPoi] (goal=AcceptMission)
[13:29:03] [GOAL] Taras achieved AcceptMission
[13:29:03] [MISSION] Viktor accepted ScoutPoi @ Rostok (176 RU)
[13:29:03] [TASK] Viktor → AcceptMission [ScoutPoi] (goal=AcceptMission)
[13:29:03] [GOAL] Viktor achieved AcceptMission
[13:29:03] [MISSION] Andriy accepted ScoutPoi @ Great Swamps (160 RU)
[13:29:03] [TASK] Andriy → AcceptMission [ScoutPoi] (goal=AcceptMission)
[13:29:03] [GOAL] Andriy achieved AcceptMission
[13:29:03] [MISSION] Marcus accepted ScoutPoi @ Yantar (160 RU)
[13:29:03] [TASK] Marcus → AcceptMission [ScoutPoi] (goal=AcceptMission)
[13:29:03] [GOAL] Marcus achieved AcceptMission
[13:29:03] [MISSION] Dmitri accepted ScoutPoi @ Chernobyl Town (160 RU)
[13:29:03] [TASK] Dmitri → AcceptMission [ScoutPoi] (goal=AcceptMission)
[13:29:03] [GOAL] Dmitri achieved AcceptMission
[13:29:03] [MISSION] Taras accepted ScoutPoi @ Army Warehouses (184 RU)
[13:29:03] [TASK] Taras → AcceptMission [ScoutPoi] (goal=AcceptMission)
[13:29:03] [GOAL] Taras achieved AcceptMission
[13:29:03] [MISSION] Dmitri accepted ScoutPoi @ Great Swamps (160 RU)
[13:29:03] [TASK] Dmitri → AcceptMission [ScoutPoi] (goal=AcceptMission)
[13:29:03] [GOAL] Dmitri achieved AcceptMission
[13:29:03] [MISSION] Andrei accepted ScoutPoi @ Garbage (160 RU)
[13:29:03] [TASK] Andrei → AcceptMission [ScoutPoi] (goal=AcceptMission)
[13:29:03] [GOAL] Andrei achieved AcceptMission
[13:29:03] [MISSION] Sergei accepted ScoutPoi @ Chernobyl Town (160 RU)
[13:29:03] [TASK] Sergei → AcceptMission [ScoutPoi] (goal=AcceptMission)
[13:29:03] [GOAL] Sergei achieved AcceptMission
[13:29:03] [MISSION] Lasha accepted ScoutPoi @ Army Warehouses (184 RU)
[13:29:03] [TASK] Lasha → AcceptMission [ScoutPoi] (goal=AcceptMission)
[13:29:03] [GOAL] Lasha achieved AcceptMission
[13:29:03] [MISSION] Bakhyt accepted ScoutPoi @ Agroprom (160 RU)
[13:29:03] [TASK] Bakhyt → AcceptMission [ScoutPoi] (goal=AcceptMission)
[13:29:03] [GOAL] Bakhyt achieved AcceptMission
[13:29:03] [MISSION] Andrei accepted ScoutPoi @ Garbage (160 RU)
[13:29:03] [TASK] Andrei → AcceptMission [ScoutPoi] (goal=AcceptMission)
[13:29:03] [GOAL] Andrei achieved AcceptMission
[13:29:03] [MISSION] Vasyl accepted ScoutPoi @ Rostok (176 RU)
[13:29:03] [TASK] Vasyl → AcceptMission [ScoutPoi] (goal=AcceptMission)
[13:29:03] [GOAL] Vasyl achieved AcceptMission
[13:29:03] [MISSION] Heinrich accepted ScoutPoi @ Yantar (160 RU)
[13:29:03] [TASK] Heinrich → AcceptMission [ScoutPoi] (goal=AcceptMission)
[13:29:03] [GOAL] Heinrich achieved AcceptMission
[13:29:03] [MISSION] Taras accepted ScoutPoi @ Yantar (160 RU)
[13:29:03] [TASK] Taras → AcceptMission [ScoutPoi] (goal=AcceptMission)
[13:29:03] [GOAL] Taras achieved AcceptMission
[13:29:03] [MISSION] Marcus accepted ScoutPoi @ Duga Radar (160 RU)
[13:29:03] [TASK] Marcus → AcceptMission [ScoutPoi] (goal=AcceptMission)
[13:29:03] [GOAL] Marcus achieved AcceptMission
[13:29:03] [MISSION] Zura accepted ScoutPoi @ Zalissya (160 RU)
[13:29:03] [TASK] Zura → AcceptMission [ScoutPoi] (goal=AcceptMission)
[13:29:03] [GOAL] Zura achieved AcceptMission
[13:29:03] [MISSION] Dmytro accepted ScoutPoi @ Meadow (160 RU)
[13:29:03] [TASK] Dmytro → AcceptMission [ScoutPoi] (goal=AcceptMission)
[13:29:03] [GOAL] Dmytro achieved AcceptMission
[13:29:03] [MISSION] Nikolai accepted ScoutPoi @ Rostok (176 RU)
[13:29:03] [TASK] Nikolai → AcceptMission [ScoutPoi] (goal=AcceptMission)
[13:29:03] [GOAL] Nikolai achieved AcceptMission
[13:29:03] [MISSION] Bakhyt accepted ScoutPoi @ Duga Radar (160 RU)
[13:29:03] [TASK] Bakhyt → AcceptMission [ScoutPoi] (goal=AcceptMission)
[13:29:03] [GOAL] Bakhyt achieved AcceptMission
[13:29:03] [MISSION] Vasyl accepted ScoutPoi @ Dark Valley (160 RU)
[13:29:03] [TASK] Vasyl → AcceptMission [ScoutPoi] (goal=AcceptMission)
[13:29:03] [GOAL] Vasyl achieved AcceptMission
[13:29:03] [MISSION] Bakhyt accepted ScoutPoi @ Meadow (160 RU)
[13:29:03] [TASK] Bakhyt → AcceptMission [ScoutPoi] (goal=AcceptMission)
[13:29:03] [GOAL] Bakhyt achieved AcceptMission
[13:29:03] [MISSION] Marcus accepted ScoutPoi @ Yantar (160 RU)
[13:29:03] [TASK] Marcus → AcceptMission [ScoutPoi] (goal=AcceptMission)
[13:29:03] [GOAL] Marcus achieved AcceptMission
[13:29:03] [MISSION] Rustam accepted ScoutPoi @ Chernobyl Town (160 RU)
[13:29:03] [TASK] Rustam → AcceptMission [ScoutPoi] (goal=AcceptMission)
[13:29:03] [GOAL] Rustam achieved AcceptMission
[13:29:03] [MISSION] Oleksiy accepted ScoutPoi @ Rostok (176 RU)
[13:29:03] [TASK] Oleksiy → AcceptMission [ScoutPoi] (goal=AcceptMission)
[13:29:03] [GOAL] Oleksiy achieved AcceptMission
[13:29:03] [MISSION] Dmytro accepted ScoutPoi @ Garbage (160 RU)
[13:29:03] [TASK] Dmytro → AcceptMission [ScoutPoi] (goal=AcceptMission)
[13:29:03] [GOAL] Dmytro achieved AcceptMission
[13:29:03] [MISSION] Oleg accepted ScoutPoi @ Meadow (160 RU)
[13:29:03] [TASK] Oleg → AcceptMission [ScoutPoi] (goal=AcceptMission)
[13:29:03] [GOAL] Oleg achieved AcceptMission
[13:29:03] [MISSION] Karl accepted ScoutPoi @ Duga Radar (160 RU)
[13:29:03] [TASK] Karl → AcceptMission [ScoutPoi] (goal=AcceptMission)
[13:29:03] [GOAL] Karl achieved AcceptMission
[13:29:03] [MISSION] Oleksiy accepted ScoutPoi @ Dark Valley (160 RU)
[13:29:03] [TASK] Oleksiy → AcceptMission [ScoutPoi] (goal=AcceptMission)
[13:29:03] [GOAL] Oleksiy achieved AcceptMission
[13:29:03] [MISSION] Dmitri accepted ScoutPoi @ Agroprom (160 RU)
[13:29:03] [TASK] Dmitri → AcceptMission [ScoutPoi] (goal=AcceptMission)
[13:29:03] [GOAL] Dmitri achieved AcceptMission
[13:29:03] [MISSION] Mykola accepted ScoutPoi @ Truck Cemetery (176 RU)
[13:29:03] [TASK] Mykola → AcceptMission [ScoutPoi] (goal=AcceptMission)
[13:29:03] [GOAL] Mykola achieved AcceptMission
[13:29:11] [TASK] Oleksiy → FulfillMission [ScoutPoi] (goal=CompleteMission)
[13:29:11] [MISSION] Oleksiy completed ScoutPoi → Abandoned Camp (+160 RU)
[13:29:11] [GOAL] Oleksiy achieved CompleteMission
[13:29:11] [TASK] Vasyl → FulfillMission [ScoutPoi] (goal=CompleteMission)
[13:29:11] [MISSION] Vasyl completed ScoutPoi → Abandoned Outpost (+160 RU)
[13:29:11] [GOAL] Vasyl achieved CompleteMission
[13:29:11] [TASK] Sergei → FulfillMission [ScoutPoi] (goal=CompleteMission)
[13:29:11] [MISSION] Sergei completed ScoutPoi → Abandoned Bus (+160 RU)
[13:29:11] [GOAL] Sergei achieved CompleteMission
[13:29:11] [TASK] Professor → FulfillMission [ScoutPoi] (goal=CompleteMission)
[13:29:11] [MISSION] Professor completed ScoutPoi → Abandoned Camp (+160 RU)
[13:29:11] [GOAL] Professor achieved CompleteMission
[13:29:11] [TASK] Barkeep → FulfillMission [ScoutPoi] (goal=CompleteMission)
[13:29:11] [MISSION] Barkeep completed ScoutPoi → Forgotten Outpost (+176 RU)
[13:29:11] [GOAL] Barkeep achieved CompleteMission
[13:29:11] [TASK] Sidorovich → FulfillMission [ScoutPoi] (goal=CompleteMission)
[13:29:11] [MISSION] Sidorovich completed ScoutPoi → Abandoned Outpost (+160 RU)
[13:29:11] [GOAL] Sidorovich achieved CompleteMission
[13:29:11] [INBOUND] Initial +12 stalkers, +9 mutants (remaining S=1258 M=842)
[13:29:11] [MISSION] Lasha accepted ScoutPoi @ Pripyat (160 RU)
[13:29:11] [TASK] Lasha → AcceptMission [ScoutPoi] (goal=AcceptMission)
[13:29:11] [GOAL] Lasha achieved AcceptMission
[13:29:11] [MISSION] Bohdan accepted ScoutPoi @ Deserted Hospital (160 RU)
[13:29:11] [TASK] Bohdan → AcceptMission [ScoutPoi] (goal=AcceptMission)
[13:29:11] [GOAL] Bohdan achieved AcceptMission
[13:29:11] [MISSION] Damir accepted ScoutPoi @ Chernobyl NPP (160 RU)
[13:29:11] [TASK] Damir → AcceptMission [ScoutPoi] (goal=AcceptMission)
[13:29:11] [GOAL] Damir achieved AcceptMission
[13:29:11] [MISSION] Timur accepted ScoutPoi @ Chernobyl NPP (160 RU)
[13:29:11] [TASK] Timur → AcceptMission [ScoutPoi] (goal=AcceptMission)
[13:29:11] [GOAL] Timur achieved AcceptMission
[13:29:11] [MISSION] Mikhail accepted ScoutPoi @ Jupiter (Pripyat Industrial) (160 RU)
[13:29:11] [TASK] Mikhail → AcceptMission [ScoutPoi] (goal=AcceptMission)
[13:29:11] [GOAL] Mikhail achieved AcceptMission
[13:29:11] [TASK] Serhiy → FulfillMission [ScoutPoi] (goal=CompleteMission)
[13:29:11] [MISSION] Serhiy completed ScoutPoi → Makeshift Watchtower (+176 RU)
[13:29:11] [GOAL] Serhiy achieved CompleteMission
[13:29:11] [TASK] Serhiy → FulfillMission [ScoutPoi] (goal=CompleteMission)
[13:29:11] [MISSION] Serhiy completed ScoutPoi → Checkpoint South (+184 RU)
[13:29:11] [GOAL] Serhiy achieved CompleteMission
[13:29:11] [TASK] Bakhyt → FulfillMission [ScoutPoi] (goal=CompleteMission)
[13:29:11] [MISSION] Bakhyt completed ScoutPoi → Forgotten Outpost (+176 RU)
[13:29:11] [GOAL] Bakhyt achieved CompleteMission
[13:29:11] [TASK] Taras → FulfillMission [ScoutPoi] (goal=CompleteMission)
[13:29:11] [MISSION] Taras completed ScoutPoi → Abandoned Camp (+160 RU)
[13:29:11] [GOAL] Taras achieved CompleteMission
[13:29:11] [TASK] Viktor → FulfillMission [ScoutPoi] (goal=CompleteMission)
[13:29:11] [MISSION] Viktor completed ScoutPoi → Forgotten Outpost (+176 RU)
[13:29:11] [GOAL] Viktor achieved CompleteMission
[13:29:11] [TASK] Andriy → FulfillMission [ScoutPoi] (goal=CompleteMission)
[13:29:11] [MISSION] Andriy completed ScoutPoi → Forgotten Outpost (+160 RU)
[13:29:11] [GOAL] Andriy achieved CompleteMission
[13:29:11] [TASK] Marcus → FulfillMission [ScoutPoi] (goal=CompleteMission)
[13:29:11] [MISSION] Marcus completed ScoutPoi → Abandoned Camp (+160 RU)
[13:29:11] [GOAL] Marcus achieved CompleteMission
[13:29:11] [TASK] Dmitri → FulfillMission [ScoutPoi] (goal=CompleteMission)
[13:29:11] [MISSION] Dmitri completed ScoutPoi → Abandoned Bus (+160 RU)
[13:29:11] [GOAL] Dmitri achieved CompleteMission
[13:29:11] [TASK] Taras → FulfillMission [ScoutPoi] (goal=CompleteMission)
[13:29:11] [MISSION] Taras completed ScoutPoi → Checkpoint South (+184 RU)
[13:29:11] [GOAL] Taras achieved CompleteMission
[13:29:11] [TASK] Dmitri → FulfillMission [ScoutPoi] (goal=CompleteMission)
[13:29:11] [MISSION] Dmitri completed ScoutPoi → Forgotten Outpost (+160 RU)
[13:29:11] [GOAL] Dmitri achieved CompleteMission
[13:29:11] [TASK] Andrei → FulfillMission [ScoutPoi] (goal=CompleteMission)
[13:29:11] [MISSION] Andrei completed ScoutPoi → Abandoned Bus (+160 RU)
[13:29:11] [GOAL] Andrei achieved CompleteMission
[13:29:11] [TASK] Sergei → FulfillMission [ScoutPoi] (goal=CompleteMission)
[13:29:11] [MISSION] Sergei completed ScoutPoi → Abandoned Bus (+160 RU)
[13:29:11] [GOAL] Sergei achieved CompleteMission
[13:29:11] [TASK] Lasha → FulfillMission [ScoutPoi] (goal=CompleteMission)
[13:29:11] [MISSION] Lasha completed ScoutPoi → Checkpoint South (+184 RU)
[13:29:11] [GOAL] Lasha achieved CompleteMission
[13:29:11] [TASK] Bakhyt → FulfillMission [ScoutPoi] (goal=CompleteMission)
[13:29:11] [MISSION] Bakhyt completed ScoutPoi → Abandoned Camp (+160 RU)
[13:29:11] [GOAL] Bakhyt achieved CompleteMission
[13:29:11] [TASK] Andrei → FulfillMission [ScoutPoi] (goal=CompleteMission)
[13:29:11] [MISSION] Andrei completed ScoutPoi → Abandoned Bus (+160 RU)
[13:29:11] [GOAL] Andrei achieved CompleteMission
[13:29:11] [TASK] Vasyl → FulfillMission [ScoutPoi] (goal=CompleteMission)
[13:29:11] [MISSION] Vasyl completed ScoutPoi → Forgotten Outpost (+176 RU)
[13:29:11] [GOAL] Vasyl achieved CompleteMission
[13:29:11] [TASK] Heinrich → FulfillMission [ScoutPoi] (goal=CompleteMission)
[13:29:11] [MISSION] Heinrich completed ScoutPoi → Abandoned Camp (+160 RU)
[13:29:11] [GOAL] Heinrich achieved CompleteMission
[13:29:11] [TASK] Taras → FulfillMission [ScoutPoi] (goal=CompleteMission)
[13:29:11] [MISSION] Taras completed ScoutPoi → Abandoned Camp (+160 RU)
[13:29:11] [GOAL] Taras achieved CompleteMission
[13:29:11] [TASK] Marcus → FulfillMission [ScoutPoi] (goal=CompleteMission)
[13:29:11] [MISSION] Marcus completed ScoutPoi → Abandoned Camp (+160 RU)
[13:29:11] [GOAL] Marcus achieved CompleteMission
[13:29:11] [TASK] Zura → FulfillMission [ScoutPoi] (goal=CompleteMission)
[13:29:11] [MISSION] Zura completed ScoutPoi → Abandoned Bus (+160 RU)
[13:29:11] [GOAL] Zura achieved CompleteMission
[13:29:11] [TASK] Dmytro → FulfillMission [ScoutPoi] (goal=CompleteMission)
[13:29:11] [MISSION] Dmytro completed ScoutPoi → Abandoned Outpost (+160 RU)
[13:29:11] [GOAL] Dmytro achieved CompleteMission
[13:29:11] [TASK] Nikolai → FulfillMission [ScoutPoi] (goal=CompleteMission)
[13:29:11] [MISSION] Nikolai completed ScoutPoi → Forgotten Outpost (+176 RU)
[13:29:11] [GOAL] Nikolai achieved CompleteMission
[13:29:11] [TASK] Bakhyt → FulfillMission [ScoutPoi] (goal=CompleteMission)
[13:29:11] [MISSION] Bakhyt completed ScoutPoi → Abandoned Camp (+160 RU)
[13:29:11] [GOAL] Bakhyt achieved CompleteMission
[13:29:11] [TASK] Vasyl → FulfillMission [ScoutPoi] (goal=CompleteMission)
[13:29:11] [MISSION] Vasyl completed ScoutPoi → Abandoned Bus (+160 RU)
[13:29:11] [GOAL] Vasyl achieved CompleteMission
[13:29:11] [TASK] Bakhyt → FulfillMission [ScoutPoi] (goal=CompleteMission)
[13:29:11] [MISSION] Bakhyt completed ScoutPoi → Abandoned Outpost (+160 RU)
[13:29:11] [GOAL] Bakhyt achieved CompleteMission
[13:29:11] [TASK] Marcus → FulfillMission [ScoutPoi] (goal=CompleteMission)
[13:29:11] [MISSION] Marcus completed ScoutPoi → Abandoned Camp (+160 RU)
[13:29:11] [GOAL] Marcus achieved CompleteMission
[13:29:11] [TASK] Rustam → FulfillMission [ScoutPoi] (goal=CompleteMission)
[13:29:11] [MISSION] Rustam completed ScoutPoi → Abandoned Bus (+160 RU)
[13:29:11] [GOAL] Rustam achieved CompleteMission
[13:29:11] [TASK] Oleksiy → FulfillMission [ScoutPoi] (goal=CompleteMission)
[13:29:11] [MISSION] Oleksiy completed ScoutPoi → Forgotten Outpost (+176 RU)
[13:29:11] [GOAL] Oleksiy achieved CompleteMission
[13:29:11] [TASK] Dmytro → FulfillMission [ScoutPoi] (goal=CompleteMission)
[13:29:11] [MISSION] Dmytro completed ScoutPoi → Abandoned Bus (+160 RU)
[13:29:11] [GOAL] Dmytro achieved CompleteMission
[13:29:11] [TASK] Oleg → FulfillMission [ScoutPoi] (goal=CompleteMission)
[13:29:11] [MISSION] Oleg completed ScoutPoi → Abandoned Outpost (+160 RU)
[13:29:11] [GOAL] Oleg achieved CompleteMission
[13:29:11] [TASK] Karl → FulfillMission [ScoutPoi] (goal=CompleteMission)
[13:29:11] [MISSION] Karl completed ScoutPoi → Abandoned Camp (+160 RU)
[13:29:11] [GOAL] Karl achieved CompleteMission
[13:29:11] [TASK] Oleksiy → FulfillMission [ScoutPoi] (goal=CompleteMission)
[13:29:11] [MISSION] Oleksiy completed ScoutPoi → Abandoned Bus (+160 RU)
[13:29:11] [GOAL] Oleksiy achieved CompleteMission
[13:29:11] [TASK] Dmitri → FulfillMission [ScoutPoi] (goal=CompleteMission)
[13:29:11] [MISSION] Dmitri completed ScoutPoi → Abandoned Camp (+160 RU)
[13:29:11] [GOAL] Dmitri achieved CompleteMission
[13:29:11] [TASK] Mykola → FulfillMission [ScoutPoi] (goal=CompleteMission)
[13:29:11] [MISSION] Mykola completed ScoutPoi → Makeshift Watchtower (+176 RU)
[13:29:11] [GOAL] Mykola achieved CompleteMission
[13:29:11] [MISSION] Oleksiy accepted ScoutPoi @ Yantar (160 RU)
[13:29:11] [TASK] Oleksiy → AcceptMission [ScoutPoi] (goal=AcceptMission)
[13:29:11] [GOAL] Oleksiy achieved AcceptMission
[13:29:11] [MISSION] Vasyl accepted ScoutPoi @ Cordon (160 RU)
[13:29:11] [TASK] Vasyl → AcceptMission [ScoutPoi] (goal=AcceptMission)
[13:29:11] [GOAL] Vasyl achieved AcceptMission
[13:29:11] [MISSION] Sergei accepted ScoutPoi @ Garbage (160 RU)
[13:29:11] [TASK] Sergei → AcceptMission [ScoutPoi] (goal=AcceptMission)
[13:29:11] [GOAL] Sergei achieved AcceptMission
[13:29:11] [MISSION] Professor accepted ScoutPoi @ Yantar (160 RU)
[13:29:11] [TASK] Professor → AcceptMission [ScoutPoi] (goal=AcceptMission)
[13:29:11] [GOAL] Professor achieved AcceptMission
[13:29:11] [MISSION] Barkeep accepted ScoutPoi @ Rostok (176 RU)
[13:29:11] [TASK] Barkeep → AcceptMission [ScoutPoi] (goal=AcceptMission)
[13:29:11] [GOAL] Barkeep achieved AcceptMission
[13:29:11] [MISSION] Sidorovich accepted ScoutPoi @ Cordon (160 RU)
[13:29:11] [TASK] Sidorovich → AcceptMission [ScoutPoi] (goal=AcceptMission)
[13:29:11] [GOAL] Sidorovich achieved AcceptMission
[13:29:11] [MISSION] Serhiy accepted ScoutPoi @ Truck Cemetery (176 RU)
[13:29:11] [TASK] Serhiy → AcceptMission [ScoutPoi] (goal=AcceptMission)
[13:29:11] [GOAL] Serhiy achieved AcceptMission
[13:29:11] [MISSION] Serhiy accepted ScoutPoi @ Army Warehouses (184 RU)
[13:29:11] [TASK] Serhiy → AcceptMission [ScoutPoi] (goal=AcceptMission)
[13:29:11] [GOAL] Serhiy achieved AcceptMission
[13:29:11] [MISSION] Bakhyt accepted ScoutPoi @ Rostok (176 RU)
[13:29:11] [TASK] Bakhyt → AcceptMission [ScoutPoi] (goal=AcceptMission)
[13:29:11] [GOAL] Bakhyt achieved AcceptMission
[13:29:11] [MISSION] Taras accepted ScoutPoi @ Duga Radar (160 RU)
[13:29:11] [TASK] Taras → AcceptMission [ScoutPoi] (goal=AcceptMission)
[13:29:11] [GOAL] Taras achieved AcceptMission
[13:29:11] [MISSION] Viktor accepted ScoutPoi @ Rostok (176 RU)
[13:29:11] [TASK] Viktor → AcceptMission [ScoutPoi] (goal=AcceptMission)
[13:29:11] [GOAL] Viktor achieved AcceptMission
[13:29:11] [MISSION] Marcus accepted ScoutPoi @ Yantar (160 RU)
[13:29:11] [TASK] Marcus → AcceptMission [ScoutPoi] (goal=AcceptMission)
[13:29:11] [GOAL] Marcus achieved AcceptMission
[13:29:11] [MISSION] Dmitri accepted ScoutPoi @ Chernobyl Town (160 RU)
[13:29:11] [TASK] Dmitri → AcceptMission [ScoutPoi] (goal=AcceptMission)
[13:29:11] [GOAL] Dmitri achieved AcceptMission
[13:29:11] [MISSION] Taras accepted ScoutPoi @ Army Warehouses (184 RU)
[13:29:11] [TASK] Taras → AcceptMission [ScoutPoi] (goal=AcceptMission)
[13:29:11] [GOAL] Taras achieved AcceptMission
[13:29:11] [MISSION] Andrei accepted ScoutPoi @ Garbage (160 RU)
[13:29:11] [TASK] Andrei → AcceptMission [ScoutPoi] (goal=AcceptMission)
[13:29:11] [GOAL] Andrei achieved AcceptMission
[13:29:11] [MISSION] Sergei accepted ScoutPoi @ Chernobyl Town (160 RU)
[13:29:11] [TASK] Sergei → AcceptMission [ScoutPoi] (goal=AcceptMission)
[13:29:11] [GOAL] Sergei achieved AcceptMission
[13:29:11] [MISSION] Lasha accepted ScoutPoi @ Army Warehouses (184 RU)
[13:29:11] [TASK] Lasha → AcceptMission [ScoutPoi] (goal=AcceptMission)
[13:29:11] [GOAL] Lasha achieved AcceptMission
[13:29:11] [MISSION] Bakhyt accepted ScoutPoi @ Agroprom (160 RU)
[13:29:11] [TASK] Bakhyt → AcceptMission [ScoutPoi] (goal=AcceptMission)
[13:29:11] [GOAL] Bakhyt achieved AcceptMission
[13:29:11] [MISSION] Andrei accepted ScoutPoi @ Garbage (160 RU)
[13:29:11] [TASK] Andrei → AcceptMission [ScoutPoi] (goal=AcceptMission)
[13:29:11] [GOAL] Andrei achieved AcceptMission
[13:29:11] [MISSION] Vasyl accepted ScoutPoi @ Rostok (176 RU)
[13:29:11] [TASK] Vasyl → AcceptMission [ScoutPoi] (goal=AcceptMission)
[13:29:11] [GOAL] Vasyl achieved AcceptMission
[13:29:11] [MISSION] Heinrich accepted ScoutPoi @ Yantar (160 RU)
[13:29:11] [TASK] Heinrich → AcceptMission [ScoutPoi] (goal=AcceptMission)
[13:29:11] [GOAL] Heinrich achieved AcceptMission
[13:29:11] [MISSION] Taras accepted ScoutPoi @ Yantar (160 RU)
[13:29:11] [TASK] Taras → AcceptMission [ScoutPoi] (goal=AcceptMission)
[13:29:11] [GOAL] Taras achieved AcceptMission
[13:29:11] [MISSION] Marcus accepted ScoutPoi @ Duga Radar (160 RU)
[13:29:11] [TASK] Marcus → AcceptMission [ScoutPoi] (goal=AcceptMission)
[13:29:11] [GOAL] Marcus achieved AcceptMission
[13:29:11] [MISSION] Zura accepted ScoutPoi @ Zalissya (160 RU)
[13:29:11] [TASK] Zura → AcceptMission [ScoutPoi] (goal=AcceptMission)
[13:29:11] [GOAL] Zura achieved AcceptMission
[13:29:11] [MISSION] Dmytro accepted ScoutPoi @ Meadow (160 RU)
[13:29:11] [TASK] Dmytro → AcceptMission [ScoutPoi] (goal=AcceptMission)
[13:29:11] [GOAL] Dmytro achieved AcceptMission
[13:29:11] [MISSION] Nikolai accepted ScoutPoi @ Rostok (176 RU)
[13:29:11] [TASK] Nikolai → AcceptMission [ScoutPoi] (goal=AcceptMission)
[13:29:11] [GOAL] Nikolai achieved AcceptMission
[13:29:11] [MISSION] Bakhyt accepted ScoutPoi @ Duga Radar (160 RU)
[13:29:11] [TASK] Bakhyt → AcceptMission [ScoutPoi] (goal=AcceptMission)
[13:29:11] [GOAL] Bakhyt achieved AcceptMission
[13:29:11] [MISSION] Vasyl accepted ScoutPoi @ Dark Valley (160 RU)
[13:29:11] [TASK] Vasyl → AcceptMission [ScoutPoi] (goal=AcceptMission)
[13:29:11] [GOAL] Vasyl achieved AcceptMission
[13:29:11] [MISSION] Bakhyt accepted ScoutPoi @ Meadow (160 RU)
[13:29:11] [TASK] Bakhyt → AcceptMission [ScoutPoi] (goal=AcceptMission)
[13:29:11] [GOAL] Bakhyt achieved AcceptMission
[13:29:11] [MISSION] Marcus accepted ScoutPoi @ Yantar (160 RU)
[13:29:11] [TASK] Marcus → AcceptMission [ScoutPoi] (goal=AcceptMission)
[13:29:11] [GOAL] Marcus achieved AcceptMission
[13:29:11] [GEAR] Oleksiy looted [wpn_fort12, out_scientific_outfit] via combat
[13:29:11] [MISSION] Rustam accepted ScoutPoi @ Chernobyl Town (160 RU)
[13:29:11] [TASK] Rustam → AcceptMission [ScoutPoi] (goal=AcceptMission)
[13:29:11] [GOAL] Rustam achieved AcceptMission
[13:29:11] [MISSION] Oleksiy accepted ScoutPoi @ Rostok (176 RU)
[13:29:11] [TASK] Oleksiy → AcceptMission [ScoutPoi] (goal=AcceptMission)
[13:29:11] [GOAL] Oleksiy achieved AcceptMission
[13:29:11] [MISSION] Dmytro accepted ScoutPoi @ Garbage (160 RU)
[13:29:11] [TASK] Dmytro → AcceptMission [ScoutPoi] (goal=AcceptMission)
[13:29:11] [GOAL] Dmytro achieved AcceptMission
[13:29:11] [MISSION] Oleg accepted ScoutPoi @ Meadow (160 RU)
[13:29:11] [TASK] Oleg → AcceptMission [ScoutPoi] (goal=AcceptMission)
[13:29:11] [GOAL] Oleg achieved AcceptMission
[13:29:11] [MISSION] Karl accepted ScoutPoi @ Duga Radar (160 RU)
[13:29:11] [TASK] Karl → AcceptMission [ScoutPoi] (goal=AcceptMission)
[13:29:11] [GOAL] Karl achieved AcceptMission
[13:29:11] [MISSION] Oleksiy accepted ScoutPoi @ Dark Valley (160 RU)
[13:29:11] [TASK] Oleksiy → AcceptMission [ScoutPoi] (goal=AcceptMission)
[13:29:11] [GOAL] Oleksiy achieved AcceptMission
[13:29:11] [MISSION] Dmitri accepted ScoutPoi @ Agroprom (160 RU)
[13:29:11] [TASK] Dmitri → AcceptMission [ScoutPoi] (goal=AcceptMission)
[13:29:11] [GOAL] Dmitri achieved AcceptMission
[13:29:11] [MISSION] Mykola accepted ScoutPoi @ Truck Cemetery (176 RU)
[13:29:11] [TASK] Mykola → AcceptMission [ScoutPoi] (goal=AcceptMission)
[13:29:11] [GOAL] Mykola achieved AcceptMission
[13:29:17] [TASK] Serhiy → FulfillMission [ScoutPoi] (goal=CompleteMission)
[13:29:17] [MISSION] Serhiy completed ScoutPoi → Makeshift Watchtower (+176 RU)
[13:29:17] [GOAL] Serhiy achieved CompleteMission
[13:29:17] [TASK] Serhiy → FulfillMission [ScoutPoi] (goal=CompleteMission)
[13:29:17] [MISSION] Serhiy completed ScoutPoi → Checkpoint South (+184 RU)
[13:29:17] [GOAL] Serhiy achieved CompleteMission
[13:29:17] [TASK] Bakhyt → FulfillMission [ScoutPoi] (goal=CompleteMission)
[13:29:17] [MISSION] Bakhyt completed ScoutPoi → Forgotten Outpost (+176 RU)
[13:29:17] [GOAL] Bakhyt achieved CompleteMission
[13:29:17] [TASK] Taras → FulfillMission [ScoutPoi] (goal=CompleteMission)
[13:29:17] [MISSION] Taras completed ScoutPoi → Abandoned Camp (+160 RU)
[13:29:17] [GOAL] Taras achieved CompleteMission
[13:29:17] [TASK] Viktor → FulfillMission [ScoutPoi] (goal=CompleteMission)
[13:29:17] [MISSION] Viktor completed ScoutPoi → Forgotten Outpost (+176 RU)
[13:29:17] [GOAL] Viktor achieved CompleteMission
[13:29:17] [TASK] Marcus → FulfillMission [ScoutPoi] (goal=CompleteMission)
[13:29:17] [MISSION] Marcus completed ScoutPoi → Abandoned Camp (+160 RU)
[13:29:17] [GOAL] Marcus achieved CompleteMission
[13:29:17] [TASK] Dmitri → FulfillMission [ScoutPoi] (goal=CompleteMission)
[13:29:17] [MISSION] Dmitri completed ScoutPoi → Abandoned Bus (+160 RU)
[13:29:17] [GOAL] Dmitri achieved CompleteMission
[13:29:17] [TASK] Taras → FulfillMission [ScoutPoi] (goal=CompleteMission)
[13:29:17] [MISSION] Taras completed ScoutPoi → Checkpoint South (+184 RU)
[13:29:17] [GOAL] Taras achieved CompleteMission
[13:29:17] [TASK] Andrei → FulfillMission [ScoutPoi] (goal=CompleteMission)
[13:29:17] [MISSION] Andrei completed ScoutPoi → Abandoned Bus (+160 RU)
[13:29:17] [GOAL] Andrei achieved CompleteMission
[13:29:17] [TASK] Sergei → FulfillMission [ScoutPoi] (goal=CompleteMission)
[13:29:17] [MISSION] Sergei completed ScoutPoi → Abandoned Bus (+160 RU)
[13:29:17] [GOAL] Sergei achieved CompleteMission
[13:29:17] [TASK] Lasha → FulfillMission [ScoutPoi] (goal=CompleteMission)
[13:29:17] [MISSION] Lasha completed ScoutPoi → Checkpoint South (+184 RU)
[13:29:17] [GOAL] Lasha achieved CompleteMission
[13:29:17] [TASK] Bakhyt → FulfillMission [ScoutPoi] (goal=CompleteMission)
[13:29:17] [MISSION] Bakhyt completed ScoutPoi → Abandoned Camp (+160 RU)
[13:29:17] [GOAL] Bakhyt achieved CompleteMission
[13:29:17] [TASK] Andrei → FulfillMission [ScoutPoi] (goal=CompleteMission)
[13:29:17] [MISSION] Andrei completed ScoutPoi → Abandoned Bus (+160 RU)
[13:29:17] [GOAL] Andrei achieved CompleteMission
[13:29:17] [GEAR] Alexei looted [wpn_sg550, helm_helm_battle] via combat
[13:29:17] [TASK] Vasyl → FulfillMission [ScoutPoi] (goal=CompleteMission)
[13:29:17] [MISSION] Vasyl completed ScoutPoi → Forgotten Outpost (+176 RU)
[13:29:17] [GOAL] Vasyl achieved CompleteMission
[13:29:17] [TASK] Heinrich → FulfillMission [ScoutPoi] (goal=CompleteMission)
[13:29:17] [MISSION] Heinrich completed ScoutPoi → Abandoned Camp (+160 RU)
[13:29:17] [GOAL] Heinrich achieved CompleteMission
[13:29:17] [TASK] Taras → FulfillMission [ScoutPoi] (goal=CompleteMission)
[13:29:17] [MISSION] Taras completed ScoutPoi → Abandoned Camp (+160 RU)
[13:29:17] [GOAL] Taras achieved CompleteMission
[13:29:17] [TASK] Marcus → FulfillMission [ScoutPoi] (goal=CompleteMission)
[13:29:17] [MISSION] Marcus completed ScoutPoi → Abandoned Camp (+160 RU)
[13:29:17] [GOAL] Marcus achieved CompleteMission
[13:29:17] [TASK] Zura → FulfillMission [ScoutPoi] (goal=CompleteMission)
[13:29:17] [MISSION] Zura completed ScoutPoi → Abandoned Bus (+160 RU)
[13:29:17] [GOAL] Zura achieved CompleteMission
[13:29:17] [TASK] Dmytro → FulfillMission [ScoutPoi] (goal=CompleteMission)
[13:29:17] [MISSION] Dmytro completed ScoutPoi → Abandoned Outpost (+160 RU)
[13:29:17] [GOAL] Dmytro achieved CompleteMission
[13:29:17] [TASK] Nikolai → FulfillMission [ScoutPoi] (goal=CompleteMission)
[13:29:17] [MISSION] Nikolai completed ScoutPoi → Forgotten Outpost (+176 RU)
[13:29:17] [GOAL] Nikolai achieved CompleteMission
[13:29:17] [TASK] Bakhyt → FulfillMission [ScoutPoi] (goal=CompleteMission)
[13:29:17] [MISSION] Bakhyt completed ScoutPoi → Abandoned Camp (+160 RU)
[13:29:17] [GOAL] Bakhyt achieved CompleteMission
[13:29:17] [TASK] Vasyl → FulfillMission [ScoutPoi] (goal=CompleteMission)
[13:29:17] [MISSION] Vasyl completed ScoutPoi → Abandoned Bus (+160 RU)
[13:29:17] [GOAL] Vasyl achieved CompleteMission
[13:29:17] [TASK] Bakhyt → FulfillMission [ScoutPoi] (goal=CompleteMission)
[13:29:17] [MISSION] Bakhyt completed ScoutPoi → Abandoned Outpost (+160 RU)
[13:29:17] [GOAL] Bakhyt achieved CompleteMission
[13:29:17] [TASK] Marcus → FulfillMission [ScoutPoi] (goal=CompleteMission)
[13:29:17] [MISSION] Marcus completed ScoutPoi → Abandoned Camp (+160 RU)
[13:29:17] [GOAL] Marcus achieved CompleteMission
[13:29:17] [TASK] Rustam → FulfillMission [ScoutPoi] (goal=CompleteMission)
[13:29:17] [MISSION] Rustam completed ScoutPoi → Abandoned Bus (+160 RU)
[13:29:17] [GOAL] Rustam achieved CompleteMission
[13:29:17] [TASK] Oleksiy → FulfillMission [ScoutPoi] (goal=CompleteMission)
[13:29:17] [MISSION] Oleksiy completed ScoutPoi → Forgotten Outpost (+176 RU)
[13:29:17] [GOAL] Oleksiy achieved CompleteMission
[13:29:17] [TASK] Dmytro → FulfillMission [ScoutPoi] (goal=CompleteMission)
[13:29:17] [MISSION] Dmytro completed ScoutPoi → Abandoned Bus (+160 RU)
[13:29:17] [GOAL] Dmytro achieved CompleteMission
[13:29:17] [TASK] Oleg → FulfillMission [ScoutPoi] (goal=CompleteMission)
[13:29:17] [MISSION] Oleg completed ScoutPoi → Abandoned Outpost (+160 RU)
[13:29:17] [GOAL] Oleg achieved CompleteMission
[13:29:17] [TASK] Karl → FulfillMission [ScoutPoi] (goal=CompleteMission)
[13:29:17] [MISSION] Karl completed ScoutPoi → Abandoned Camp (+160 RU)
[13:29:17] [GOAL] Karl achieved CompleteMission
[13:29:17] [TASK] Oleksiy → FulfillMission [ScoutPoi] (goal=CompleteMission)
[13:29:17] [MISSION] Oleksiy completed ScoutPoi → Abandoned Bus (+160 RU)
[13:29:17] [GOAL] Oleksiy achieved CompleteMission
[13:29:17] [TASK] Dmitri → FulfillMission [ScoutPoi] (goal=CompleteMission)
[13:29:17] [MISSION] Dmitri completed ScoutPoi → Abandoned Camp (+160 RU)
[13:29:17] [GOAL] Dmitri achieved CompleteMission
[13:29:17] [TASK] Mykola → FulfillMission [ScoutPoi] (goal=CompleteMission)
[13:29:17] [MISSION] Mykola completed ScoutPoi → Makeshift Watchtower (+176 RU)
[13:29:17] [GOAL] Mykola achieved CompleteMission
[13:29:17] [TASK] Oleksiy → FulfillMission [ScoutPoi] (goal=CompleteMission)
[13:29:17] [MISSION] Oleksiy completed ScoutPoi → Abandoned Camp (+160 RU)
[13:29:17] [GOAL] Oleksiy achieved CompleteMission
[13:29:17] [TASK] Vasyl → FulfillMission [ScoutPoi] (goal=CompleteMission)
[13:29:17] [MISSION] Vasyl completed ScoutPoi → Abandoned Outpost (+160 RU)
[13:29:17] [GOAL] Vasyl achieved CompleteMission
[13:29:17] [TASK] Sergei → FulfillMission [ScoutPoi] (goal=CompleteMission)
[13:29:17] [MISSION] Sergei completed ScoutPoi → Abandoned Bus (+160 RU)
[13:29:17] [GOAL] Sergei achieved CompleteMission
[13:29:17] [TASK] Professor → FulfillMission [ScoutPoi] (goal=CompleteMission)
[13:29:17] [MISSION] Professor completed ScoutPoi → Abandoned Camp (+160 RU)
[13:29:17] [GOAL] Professor achieved CompleteMission
[13:29:17] [TASK] Barkeep → FulfillMission [ScoutPoi] (goal=CompleteMission)
[13:29:17] [MISSION] Barkeep completed ScoutPoi → Forgotten Outpost (+176 RU)
[13:29:17] [GOAL] Barkeep achieved CompleteMission
[13:29:17] [TASK] Sidorovich → FulfillMission [ScoutPoi] (goal=CompleteMission)
[13:29:17] [MISSION] Sidorovich completed ScoutPoi → Abandoned Outpost (+160 RU)
[13:29:17] [GOAL] Sidorovich achieved CompleteMission
[13:29:17] [MISSION] Serhiy accepted ScoutPoi @ Truck Cemetery (176 RU)
[13:29:17] [TASK] Serhiy → AcceptMission [ScoutPoi] (goal=AcceptMission)
[13:29:17] [GOAL] Serhiy achieved AcceptMission
[13:29:17] [MISSION] Serhiy accepted ScoutPoi @ Army Warehouses (184 RU)
[13:29:17] [TASK] Serhiy → AcceptMission [ScoutPoi] (goal=AcceptMission)
[13:29:17] [GOAL] Serhiy achieved AcceptMission
[13:29:17] [MISSION] Bakhyt accepted ScoutPoi @ Rostok (176 RU)
[13:29:17] [TASK] Bakhyt → AcceptMission [ScoutPoi] (goal=AcceptMission)
[13:29:17] [GOAL] Bakhyt achieved AcceptMission
[13:29:17] [MISSION] Taras accepted ScoutPoi @ Duga Radar (160 RU)
[13:29:17] [TASK] Taras → AcceptMission [ScoutPoi] (goal=AcceptMission)
[13:29:17] [GOAL] Taras achieved AcceptMission
[13:29:17] [MISSION] Viktor accepted ScoutPoi @ Rostok (176 RU)
[13:29:17] [TASK] Viktor → AcceptMission [ScoutPoi] (goal=AcceptMission)
[13:29:17] [GOAL] Viktor achieved AcceptMission
[13:29:17] [MISSION] Marcus accepted ScoutPoi @ Yantar (160 RU)
[13:29:17] [TASK] Marcus → AcceptMission [ScoutPoi] (goal=AcceptMission)
[13:29:17] [GOAL] Marcus achieved AcceptMission
[13:29:17] [MISSION] Dmitri accepted ScoutPoi @ Chernobyl Town (160 RU)
[13:29:17] [TASK] Dmitri → AcceptMission [ScoutPoi] (goal=AcceptMission)
[13:29:17] [GOAL] Dmitri achieved AcceptMission
[13:29:17] [MISSION] Taras accepted ScoutPoi @ Army Warehouses (184 RU)
[13:29:17] [TASK] Taras → AcceptMission [ScoutPoi] (goal=AcceptMission)
[13:29:17] [GOAL] Taras achieved AcceptMission
[13:29:17] [MISSION] Andrei accepted ScoutPoi @ Garbage (160 RU)
[13:29:17] [TASK] Andrei → AcceptMission [ScoutPoi] (goal=AcceptMission)
[13:29:17] [GOAL] Andrei achieved AcceptMission
[13:29:17] [MISSION] Sergei accepted ScoutPoi @ Chernobyl Town (160 RU)
[13:29:17] [TASK] Sergei → AcceptMission [ScoutPoi] (goal=AcceptMission)
[13:29:17] [GOAL] Sergei achieved AcceptMission
[13:29:17] [MISSION] Lasha accepted ScoutPoi @ Army Warehouses (184 RU)
[13:29:17] [TASK] Lasha → AcceptMission [ScoutPoi] (goal=AcceptMission)
[13:29:17] [GOAL] Lasha achieved AcceptMission
[13:29:17] [MISSION] Bakhyt accepted ScoutPoi @ Agroprom (160 RU)
[13:29:17] [TASK] Bakhyt → AcceptMission [ScoutPoi] (goal=AcceptMission)
[13:29:17] [GOAL] Bakhyt achieved AcceptMission
[13:29:17] [MISSION] Andrei accepted ScoutPoi @ Garbage (160 RU)
[13:29:17] [TASK] Andrei → AcceptMission [ScoutPoi] (goal=AcceptMission)
[13:29:17] [GOAL] Andrei achieved AcceptMission
[13:29:17] [MISSION] Vasyl accepted ScoutPoi @ Rostok (176 RU)
[13:29:17] [TASK] Vasyl → AcceptMission [ScoutPoi] (goal=AcceptMission)
[13:29:17] [GOAL] Vasyl achieved AcceptMission
[13:29:17] [MISSION] Heinrich accepted ScoutPoi @ Yantar (160 RU)
[13:29:17] [TASK] Heinrich → AcceptMission [ScoutPoi] (goal=AcceptMission)
[13:29:17] [GOAL] Heinrich achieved AcceptMission
[13:29:17] [MISSION] Taras accepted ScoutPoi @ Yantar (160 RU)
[13:29:17] [TASK] Taras → AcceptMission [ScoutPoi] (goal=AcceptMission)
[13:29:17] [GOAL] Taras achieved AcceptMission
[13:29:17] [MISSION] Marcus accepted ScoutPoi @ Duga Radar (160 RU)
[13:29:17] [TASK] Marcus → AcceptMission [ScoutPoi] (goal=AcceptMission)
[13:29:17] [GOAL] Marcus achieved AcceptMission
[13:29:17] [MISSION] Zura accepted ScoutPoi @ Zalissya (160 RU)
[13:29:17] [TASK] Zura → AcceptMission [ScoutPoi] (goal=AcceptMission)
[13:29:17] [GOAL] Zura achieved AcceptMission
[13:29:17] [MISSION] Dmytro accepted ScoutPoi @ Meadow (160 RU)
[13:29:17] [TASK] Dmytro → AcceptMission [ScoutPoi] (goal=AcceptMission)
[13:29:17] [GOAL] Dmytro achieved AcceptMission
[13:29:17] [MISSION] Nikolai accepted ScoutPoi @ Rostok (176 RU)
[13:29:17] [TASK] Nikolai → AcceptMission [ScoutPoi] (goal=AcceptMission)
[13:29:17] [GOAL] Nikolai achieved AcceptMission
[13:29:17] [MISSION] Bakhyt accepted ScoutPoi @ Duga Radar (160 RU)
[13:29:17] [TASK] Bakhyt → AcceptMission [ScoutPoi] (goal=AcceptMission)
[13:29:17] [GOAL] Bakhyt achieved AcceptMission
[13:29:17] [MISSION] Vasyl accepted ScoutPoi @ Dark Valley (160 RU)
[13:29:17] [TASK] Vasyl → AcceptMission [ScoutPoi] (goal=AcceptMission)
[13:29:17] [GOAL] Vasyl achieved AcceptMission
[13:29:17] [MISSION] Bakhyt accepted ScoutPoi @ Meadow (160 RU)
[13:29:17] [TASK] Bakhyt → AcceptMission [ScoutPoi] (goal=AcceptMission)
[13:29:17] [GOAL] Bakhyt achieved AcceptMission
[13:29:17] [MISSION] Marcus accepted ScoutPoi @ Yantar (160 RU)
[13:29:17] [TASK] Marcus → AcceptMission [ScoutPoi] (goal=AcceptMission)
[13:29:17] [GOAL] Marcus achieved AcceptMission
[13:29:17] [MISSION] Rustam accepted ScoutPoi @ Chernobyl Town (160 RU)
[13:29:17] [TASK] Rustam → AcceptMission [ScoutPoi] (goal=AcceptMission)
[13:29:17] [GOAL] Rustam achieved AcceptMission
[13:29:17] [MISSION] Oleksiy accepted ScoutPoi @ Rostok (176 RU)
[13:29:17] [TASK] Oleksiy → AcceptMission [ScoutPoi] (goal=AcceptMission)
[13:29:17] [GOAL] Oleksiy achieved AcceptMission
[13:29:17] [MISSION] Dmytro accepted ScoutPoi @ Garbage (160 RU)
[13:29:17] [TASK] Dmytro → AcceptMission [ScoutPoi] (goal=AcceptMission)
[13:29:17] [GOAL] Dmytro achieved AcceptMission
[13:29:17] [MISSION] Oleg accepted ScoutPoi @ Meadow (160 RU)
[13:29:17] [TASK] Oleg → AcceptMission [ScoutPoi] (goal=AcceptMission)
[13:29:17] [GOAL] Oleg achieved AcceptMission
[13:29:17] [MISSION] Karl accepted ScoutPoi @ Duga Radar (160 RU)
[13:29:17] [TASK] Karl → AcceptMission [ScoutPoi] (goal=AcceptMission)
[13:29:17] [GOAL] Karl achieved AcceptMission
[13:29:17] [MISSION] Oleksiy accepted ScoutPoi @ Dark Valley (160 RU)
[13:29:17] [TASK] Oleksiy → AcceptMission [ScoutPoi] (goal=AcceptMission)
[13:29:17] [GOAL] Oleksiy achieved AcceptMission
[13:29:17] [MISSION] Dmitri accepted ScoutPoi @ Agroprom (160 RU)
[13:29:17] [TASK] Dmitri → AcceptMission [ScoutPoi] (goal=AcceptMission)
[13:29:17] [GOAL] Dmitri achieved AcceptMission
[13:29:17] [MISSION] Mykola accepted ScoutPoi @ Truck Cemetery (176 RU)
[13:29:17] [TASK] Mykola → AcceptMission [ScoutPoi] (goal=AcceptMission)
[13:29:17] [GOAL] Mykola achieved AcceptMission
[13:29:17] [MISSION] Oleksiy accepted ScoutPoi @ Yantar (160 RU)
[13:29:17] [TASK] Oleksiy → AcceptMission [ScoutPoi] (goal=AcceptMission)
[13:29:17] [GOAL] Oleksiy achieved AcceptMission
[13:29:17] [MISSION] Vasyl accepted ScoutPoi @ Cordon (160 RU)
[13:29:17] [TASK] Vasyl → AcceptMission [ScoutPoi] (goal=AcceptMission)
[13:29:17] [GOAL] Vasyl achieved AcceptMission
[13:29:17] [MISSION] Sergei accepted ScoutPoi @ Garbage (160 RU)
[13:29:17] [TASK] Sergei → AcceptMission [ScoutPoi] (goal=AcceptMission)
[13:29:17] [GOAL] Sergei achieved AcceptMission
[13:29:17] [MISSION] Professor accepted ScoutPoi @ Yantar (160 RU)
[13:29:17] [TASK] Professor → AcceptMission [ScoutPoi] (goal=AcceptMission)
[13:29:17] [GOAL] Professor achieved AcceptMission
[13:29:17] [MISSION] Barkeep accepted ScoutPoi @ Rostok (176 RU)
[13:29:17] [TASK] Barkeep → AcceptMission [ScoutPoi] (goal=AcceptMission)
[13:29:17] [GOAL] Barkeep achieved AcceptMission
[13:29:17] [MISSION] Sidorovich accepted ScoutPoi @ Cordon (160 RU)
[13:29:17] [TASK] Sidorovich → AcceptMission [ScoutPoi] (goal=AcceptMission)
[13:29:17] [GOAL] Sidorovich achieved AcceptMission
[13:29:24] [INBOUND] Initial +12 stalkers, +8 mutants (remaining S=1246 M=834)
[13:29:24] [SNAPSHOT] real=1.1min game=D0 00:01 alive S=236 M=154 corpses=123 lootable=18 gammaGear out=145 helm=207 avgRU=972 leaderGoals trade=0 mission=39 emission=Dormant nextIn=101gmin desperate=0 hungry=0 interval deaths=13 combats=22 tasks=347 gearLoot=2 gearBuy=0 missions=347 corpseDespawn=0 trickleSpawns=0 ranks=[Rookie:191,Trainee:5,Experienced:30,Professional:10] goals=[Idle:53,CompleteMission::34,AcceptMission::5,Traveling:2] leaders: Serhiy[Rookie/AcceptMission:], Dmytro[Rookie/AcceptMission:], Sergei[Rookie/AcceptMission:], Dmitri[Rookie/AcceptMission:], Vasyl[Rookie/AcceptMission:]
[13:29:24] [MISSION] Serhiy accepted ScoutPoi @ Deserted Hospital (160 RU)
[13:29:24] [TASK] Serhiy → AcceptMission [ScoutPoi] (goal=AcceptMission)
[13:29:24] [GOAL] Serhiy achieved AcceptMission
[13:29:24] [MISSION] Dmytro accepted ScoutPoi @ Great Swamps (160 RU)
[13:29:24] [TASK] Dmytro → AcceptMission [ScoutPoi] (goal=AcceptMission)
[13:29:24] [GOAL] Dmytro achieved AcceptMission
[13:29:24] [MISSION] Sergei accepted ScoutPoi @ Buriakivka Waste Site (160 RU)
[13:29:24] [TASK] Sergei → AcceptMission [ScoutPoi] (goal=AcceptMission)
[13:29:24] [GOAL] Sergei achieved AcceptMission
[13:29:24] [MISSION] Dmitri accepted ScoutPoi @ Red Forest (160 RU)
[13:29:24] [TASK] Dmitri → AcceptMission [ScoutPoi] (goal=AcceptMission)
[13:29:24] [GOAL] Dmitri achieved AcceptMission
[13:29:24] [MISSION] Vasyl accepted ScoutPoi @ Buriakivka Waste Site (160 RU)
[13:29:24] [TASK] Vasyl → AcceptMission [ScoutPoi] (goal=AcceptMission)
[13:29:24] [GOAL] Vasyl achieved AcceptMission
[13:29:24] [TASK] Viktor → FulfillMission [ScoutPoi] (goal=CompleteMission)
[13:29:24] [MISSION] Viktor completed ScoutPoi → Forgotten Outpost (+176 RU)
[13:29:24] [GOAL] Viktor achieved CompleteMission
[13:29:24] [TASK] Marcus → FulfillMission [ScoutPoi] (goal=CompleteMission)
[13:29:24] [MISSION] Marcus completed ScoutPoi → Abandoned Camp (+160 RU)
[13:29:24] [GOAL] Marcus achieved CompleteMission
[13:29:24] [TASK] Dmitri → FulfillMission [ScoutPoi] (goal=CompleteMission)
[13:29:24] [MISSION] Dmitri completed ScoutPoi → Abandoned Bus (+160 RU)
[13:29:24] [GOAL] Dmitri achieved CompleteMission
[13:29:24] [TASK] Taras → FulfillMission [ScoutPoi] (goal=CompleteMission)
[13:29:24] [MISSION] Taras completed ScoutPoi → Checkpoint South (+184 RU)
[13:29:24] [GOAL] Taras achieved CompleteMission
[13:29:24] [TASK] Andrei → FulfillMission [ScoutPoi] (goal=CompleteMission)
[13:29:24] [MISSION] Andrei completed ScoutPoi → Abandoned Bus (+160 RU)
[13:29:24] [GOAL] Andrei achieved CompleteMission
[13:29:24] [TASK] Sergei → FulfillMission [ScoutPoi] (goal=CompleteMission)
[13:29:24] [MISSION] Sergei completed ScoutPoi → Abandoned Bus (+160 RU)
[13:29:24] [GOAL] Sergei achieved CompleteMission
[13:29:24] [TASK] Lasha → FulfillMission [ScoutPoi] (goal=CompleteMission)
[13:29:24] [MISSION] Lasha completed ScoutPoi → Checkpoint South (+184 RU)
[13:29:24] [GOAL] Lasha achieved CompleteMission
[13:29:24] [TASK] Bakhyt → FulfillMission [ScoutPoi] (goal=CompleteMission)
[13:29:24] [MISSION] Bakhyt completed ScoutPoi → Abandoned Camp (+160 RU)
[13:29:24] [GOAL] Bakhyt achieved CompleteMission
[13:29:24] [TASK] Andrei → FulfillMission [ScoutPoi] (goal=CompleteMission)
[13:29:24] [MISSION] Andrei completed ScoutPoi → Abandoned Bus (+160 RU)
[13:29:24] [GOAL] Andrei achieved CompleteMission
[13:29:24] [TASK] Vasyl → FulfillMission [ScoutPoi] (goal=CompleteMission)
[13:29:24] [MISSION] Vasyl completed ScoutPoi → Forgotten Outpost (+176 RU)
[13:29:24] [GOAL] Vasyl achieved CompleteMission
[13:29:24] [TASK] Heinrich → FulfillMission [ScoutPoi] (goal=CompleteMission)
[13:29:24] [MISSION] Heinrich completed ScoutPoi → Abandoned Camp (+160 RU)
[13:29:24] [GOAL] Heinrich achieved CompleteMission
[13:29:24] [TASK] Taras → FulfillMission [ScoutPoi] (goal=CompleteMission)
[13:29:24] [MISSION] Taras completed ScoutPoi → Abandoned Camp (+160 RU)
[13:29:24] [GOAL] Taras achieved CompleteMission
[13:29:24] [TASK] Marcus → FulfillMission [ScoutPoi] (goal=CompleteMission)
[13:29:24] [MISSION] Marcus completed ScoutPoi → Abandoned Camp (+160 RU)
[13:29:24] [GOAL] Marcus achieved CompleteMission
[13:29:24] [TASK] Zura → FulfillMission [ScoutPoi] (goal=CompleteMission)
[13:29:24] [MISSION] Zura completed ScoutPoi → Abandoned Bus (+160 RU)
[13:29:24] [GOAL] Zura achieved CompleteMission
[13:29:24] [TASK] Dmytro → FulfillMission [ScoutPoi] (goal=CompleteMission)
[13:29:24] [MISSION] Dmytro completed ScoutPoi → Abandoned Outpost (+160 RU)
[13:29:24] [GOAL] Dmytro achieved CompleteMission
[13:29:24] [TASK] Nikolai → FulfillMission [ScoutPoi] (goal=CompleteMission)
[13:29:24] [MISSION] Nikolai completed ScoutPoi → Forgotten Outpost (+176 RU)
[13:29:24] [GOAL] Nikolai achieved CompleteMission
[13:29:24] [TASK] Bakhyt → FulfillMission [ScoutPoi] (goal=CompleteMission)
[13:29:24] [MISSION] Bakhyt completed ScoutPoi → Abandoned Camp (+160 RU)
[13:29:24] [GOAL] Bakhyt achieved CompleteMission
[13:29:24] [TASK] Vasyl → FulfillMission [ScoutPoi] (goal=CompleteMission)
[13:29:24] [MISSION] Vasyl completed ScoutPoi → Abandoned Bus (+160 RU)
[13:29:24] [GOAL] Vasyl achieved CompleteMission
[13:29:24] [TASK] Bakhyt → FulfillMission [ScoutPoi] (goal=CompleteMission)
[13:29:24] [MISSION] Bakhyt completed ScoutPoi → Abandoned Outpost (+160 RU)
[13:29:24] [GOAL] Bakhyt achieved CompleteMission
[13:29:24] [TASK] Marcus → FulfillMission [ScoutPoi] (goal=CompleteMission)
[13:29:24] [MISSION] Marcus completed ScoutPoi → Abandoned Camp (+160 RU)
[13:29:24] [GOAL] Marcus achieved CompleteMission
[13:29:24] [TASK] Rustam → FulfillMission [ScoutPoi] (goal=CompleteMission)
[13:29:24] [MISSION] Rustam completed ScoutPoi → Abandoned Bus (+160 RU)
[13:29:24] [GOAL] Rustam achieved CompleteMission
[13:29:24] [TASK] Oleksiy → FulfillMission [ScoutPoi] (goal=CompleteMission)
[13:29:24] [MISSION] Oleksiy completed ScoutPoi → Forgotten Outpost (+176 RU)
[13:29:24] [GOAL] Oleksiy achieved CompleteMission
[13:29:24] [TASK] Dmytro → FulfillMission [ScoutPoi] (goal=CompleteMission)
[13:29:24] [MISSION] Dmytro completed ScoutPoi → Abandoned Bus (+160 RU)
[13:29:24] [GOAL] Dmytro achieved CompleteMission
[13:29:24] [TASK] Oleg → FulfillMission [ScoutPoi] (goal=CompleteMission)
[13:29:24] [MISSION] Oleg completed ScoutPoi → Abandoned Outpost (+160 RU)
[13:29:24] [GOAL] Oleg achieved CompleteMission
[13:29:24] [TASK] Karl → FulfillMission [ScoutPoi] (goal=CompleteMission)
[13:29:24] [MISSION] Karl completed ScoutPoi → Abandoned Camp (+160 RU)
[13:29:24] [GOAL] Karl achieved CompleteMission
[13:29:24] [TASK] Oleksiy → FulfillMission [ScoutPoi] (goal=CompleteMission)
[13:29:24] [MISSION] Oleksiy completed ScoutPoi → Abandoned Bus (+160 RU)
[13:29:24] [GOAL] Oleksiy achieved CompleteMission
[13:29:24] [TASK] Dmitri → FulfillMission [ScoutPoi] (goal=CompleteMission)
[13:29:24] [MISSION] Dmitri completed ScoutPoi → Abandoned Camp (+160 RU)
[13:29:24] [GOAL] Dmitri achieved CompleteMission
[13:29:24] [TASK] Mykola → FulfillMission [ScoutPoi] (goal=CompleteMission)
[13:29:24] [MISSION] Mykola completed ScoutPoi → Makeshift Watchtower (+176 RU)
[13:29:24] [GOAL] Mykola achieved CompleteMission
[13:29:24] [TASK] Oleksiy → FulfillMission [ScoutPoi] (goal=CompleteMission)
[13:29:24] [MISSION] Oleksiy completed ScoutPoi → Abandoned Camp (+160 RU)
[13:29:24] [GOAL] Oleksiy achieved CompleteMission
[13:29:24] [TASK] Vasyl → FulfillMission [ScoutPoi] (goal=CompleteMission)
[13:29:24] [MISSION] Vasyl completed ScoutPoi → Abandoned Outpost (+160 RU)
[13:29:24] [GOAL] Vasyl achieved CompleteMission
[13:29:24] [TASK] Sergei → FulfillMission [ScoutPoi] (goal=CompleteMission)
[13:29:24] [MISSION] Sergei completed ScoutPoi → Abandoned Bus (+160 RU)
[13:29:24] [GOAL] Sergei achieved CompleteMission
[13:29:24] [TASK] Professor → FulfillMission [ScoutPoi] (goal=CompleteMission)
[13:29:24] [MISSION] Professor completed ScoutPoi → Abandoned Camp (+160 RU)
[13:29:24] [GOAL] Professor achieved CompleteMission
[13:29:24] [TASK] Barkeep → FulfillMission [ScoutPoi] (goal=CompleteMission)
[13:29:24] [MISSION] Barkeep completed ScoutPoi → Forgotten Outpost (+176 RU)
[13:29:24] [GOAL] Barkeep achieved CompleteMission
[13:29:24] [TASK] Sidorovich → FulfillMission [ScoutPoi] (goal=CompleteMission)
[13:29:24] [MISSION] Sidorovich completed ScoutPoi → Abandoned Outpost (+160 RU)
[13:29:24] [GOAL] Sidorovich achieved CompleteMission
[13:29:24] [TASK] Dmytro → FulfillMission [ScoutPoi] (goal=CompleteMission)
[13:29:24] [MISSION] Dmytro completed ScoutPoi → Forgotten Outpost (+160 RU)
[13:29:24] [GOAL] Dmytro achieved CompleteMission
[13:29:24] [TASK] Serhiy → FulfillMission [ScoutPoi] (goal=CompleteMission)
[13:29:24] [MISSION] Serhiy completed ScoutPoi → Makeshift Watchtower (+176 RU)
[13:29:24] [GOAL] Serhiy achieved CompleteMission
[13:29:24] [TASK] Serhiy → FulfillMission [ScoutPoi] (goal=CompleteMission)
[13:29:24] [MISSION] Serhiy completed ScoutPoi → Checkpoint South (+184 RU)
[13:29:24] [GOAL] Serhiy achieved CompleteMission
[13:29:24] [TASK] Bakhyt → FulfillMission [ScoutPoi] (goal=CompleteMission)
[13:29:24] [MISSION] Bakhyt completed ScoutPoi → Forgotten Outpost (+176 RU)
[13:29:24] [GOAL] Bakhyt achieved CompleteMission
[13:29:24] [TASK] Taras → FulfillMission [ScoutPoi] (goal=CompleteMission)
[13:29:24] [MISSION] Taras completed ScoutPoi → Abandoned Camp (+160 RU)
[13:29:24] [GOAL] Taras achieved CompleteMission
[13:29:24] [MISSION] Viktor accepted ScoutPoi @ Rostok (176 RU)
[13:29:24] [TASK] Viktor → AcceptMission [ScoutPoi] (goal=AcceptMission)
[13:29:24] [GOAL] Viktor achieved AcceptMission
[13:29:24] [MISSION] Marcus accepted ScoutPoi @ Yantar (160 RU)
[13:29:24] [TASK] Marcus → AcceptMission [ScoutPoi] (goal=AcceptMission)
[13:29:24] [GOAL] Marcus achieved AcceptMission
[13:29:24] [MISSION] Dmitri accepted ScoutPoi @ Chernobyl Town (160 RU)
[13:29:24] [TASK] Dmitri → AcceptMission [ScoutPoi] (goal=AcceptMission)
[13:29:24] [GOAL] Dmitri achieved AcceptMission
[13:29:24] [MISSION] Taras accepted ScoutPoi @ Army Warehouses (184 RU)
[13:29:24] [TASK] Taras → AcceptMission [ScoutPoi] (goal=AcceptMission)
[13:29:24] [GOAL] Taras achieved AcceptMission
[13:29:24] [MISSION] Andrei accepted ScoutPoi @ Garbage (160 RU)
[13:29:24] [TASK] Andrei → AcceptMission [ScoutPoi] (goal=AcceptMission)
[13:29:24] [GOAL] Andrei achieved AcceptMission
[13:29:24] [MISSION] Sergei accepted ScoutPoi @ Chernobyl Town (160 RU)
[13:29:24] [TASK] Sergei → AcceptMission [ScoutPoi] (goal=AcceptMission)
[13:29:24] [GOAL] Sergei achieved AcceptMission
[13:29:24] [MISSION] Lasha accepted ScoutPoi @ Army Warehouses (184 RU)
[13:29:24] [TASK] Lasha → AcceptMission [ScoutPoi] (goal=AcceptMission)
[13:29:24] [GOAL] Lasha achieved AcceptMission
[13:29:24] [MISSION] Bakhyt accepted ScoutPoi @ Agroprom (160 RU)
[13:29:24] [TASK] Bakhyt → AcceptMission [ScoutPoi] (goal=AcceptMission)
[13:29:24] [GOAL] Bakhyt achieved AcceptMission
[13:29:24] [MISSION] Andrei accepted ScoutPoi @ Garbage (160 RU)
[13:29:24] [TASK] Andrei → AcceptMission [ScoutPoi] (goal=AcceptMission)
[13:29:24] [GOAL] Andrei achieved AcceptMission
[13:29:24] [MISSION] Vasyl accepted ScoutPoi @ Rostok (176 RU)
[13:29:24] [TASK] Vasyl → AcceptMission [ScoutPoi] (goal=AcceptMission)
[13:29:24] [GOAL] Vasyl achieved AcceptMission
[13:29:24] [MISSION] Heinrich accepted ScoutPoi @ Yantar (160 RU)
[13:29:24] [TASK] Heinrich → AcceptMission [ScoutPoi] (goal=AcceptMission)
[13:29:24] [GOAL] Heinrich achieved AcceptMission
[13:29:24] [MISSION] Taras accepted ScoutPoi @ Yantar (160 RU)
[13:29:24] [TASK] Taras → AcceptMission [ScoutPoi] (goal=AcceptMission)
[13:29:24] [GOAL] Taras achieved AcceptMission
[13:29:24] [MISSION] Marcus accepted ScoutPoi @ Duga Radar (160 RU)
[13:29:24] [TASK] Marcus → AcceptMission [ScoutPoi] (goal=AcceptMission)
[13:29:24] [GOAL] Marcus achieved AcceptMission
[13:29:24] [MISSION] Zura accepted ScoutPoi @ Zalissya (160 RU)
[13:29:24] [TASK] Zura → AcceptMission [ScoutPoi] (goal=AcceptMission)
[13:29:24] [GOAL] Zura achieved AcceptMission
[13:29:24] [MISSION] Dmytro accepted ScoutPoi @ Meadow (160 RU)
[13:29:24] [TASK] Dmytro → AcceptMission [ScoutPoi] (goal=AcceptMission)
[13:29:24] [GOAL] Dmytro achieved AcceptMission
[13:29:24] [MISSION] Nikolai accepted ScoutPoi @ Rostok (176 RU)
[13:29:24] [TASK] Nikolai → AcceptMission [ScoutPoi] (goal=AcceptMission)
[13:29:24] [GOAL] Nikolai achieved AcceptMission
[13:29:24] [MISSION] Bakhyt accepted ScoutPoi @ Duga Radar (160 RU)
[13:29:24] [TASK] Bakhyt → AcceptMission [ScoutPoi] (goal=AcceptMission)
[13:29:24] [GOAL] Bakhyt achieved AcceptMission
[13:29:24] [MISSION] Vasyl accepted ScoutPoi @ Dark Valley (160 RU)
[13:29:24] [TASK] Vasyl → AcceptMission [ScoutPoi] (goal=AcceptMission)
[13:29:24] [GOAL] Vasyl achieved AcceptMission
[13:29:24] [MISSION] Bakhyt accepted ScoutPoi @ Meadow (160 RU)
[13:29:24] [TASK] Bakhyt → AcceptMission [ScoutPoi] (goal=AcceptMission)
[13:29:24] [GOAL] Bakhyt achieved AcceptMission
[13:29:24] [MISSION] Marcus accepted ScoutPoi @ Yantar (160 RU)
[13:29:24] [TASK] Marcus → AcceptMission [ScoutPoi] (goal=AcceptMission)
[13:29:24] [GOAL] Marcus achieved AcceptMission
[13:29:24] [MISSION] Rustam accepted ScoutPoi @ Chernobyl Town (160 RU)
[13:29:24] [TASK] Rustam → AcceptMission [ScoutPoi] (goal=AcceptMission)
[13:29:24] [GOAL] Rustam achieved AcceptMission
[13:29:24] [MISSION] Oleksiy accepted ScoutPoi @ Rostok (176 RU)
[13:29:24] [TASK] Oleksiy → AcceptMission [ScoutPoi] (goal=AcceptMission)
[13:29:24] [GOAL] Oleksiy achieved AcceptMission
[13:29:24] [MISSION] Dmytro accepted ScoutPoi @ Garbage (160 RU)
[13:29:24] [TASK] Dmytro → AcceptMission [ScoutPoi] (goal=AcceptMission)
[13:29:24] [GOAL] Dmytro achieved AcceptMission
[13:29:24] [MISSION] Oleg accepted ScoutPoi @ Meadow (160 RU)
[13:29:24] [TASK] Oleg → AcceptMission [ScoutPoi] (goal=AcceptMission)
[13:29:24] [GOAL] Oleg achieved AcceptMission
[13:29:24] [MISSION] Karl accepted ScoutPoi @ Duga Radar (160 RU)
[13:29:24] [TASK] Karl → AcceptMission [ScoutPoi] (goal=AcceptMission)
[13:29:24] [GOAL] Karl achieved AcceptMission
[13:29:24] [MISSION] Oleksiy accepted ScoutPoi @ Dark Valley (160 RU)
[13:29:24] [TASK] Oleksiy → AcceptMission [ScoutPoi] (goal=AcceptMission)
[13:29:24] [GOAL] Oleksiy achieved AcceptMission
[13:29:24] [MISSION] Dmitri accepted ScoutPoi @ Agroprom (160 RU)
[13:29:24] [TASK] Dmitri → AcceptMission [ScoutPoi] (goal=AcceptMission)
[13:29:24] [GOAL] Dmitri achieved AcceptMission
[13:29:24] [MISSION] Oleksiy accepted ScoutPoi @ Yantar (160 RU)
[13:29:24] [TASK] Oleksiy → AcceptMission [ScoutPoi] (goal=AcceptMission)
[13:29:24] [GOAL] Oleksiy achieved AcceptMission
[13:29:24] [MISSION] Vasyl accepted ScoutPoi @ Cordon (160 RU)
[13:29:24] [TASK] Vasyl → AcceptMission [ScoutPoi] (goal=AcceptMission)
[13:29:24] [GOAL] Vasyl achieved AcceptMission
[13:29:24] [MISSION] Sergei accepted ScoutPoi @ Garbage (160 RU)
[13:29:24] [TASK] Sergei → AcceptMission [ScoutPoi] (goal=AcceptMission)
[13:29:24] [GOAL] Sergei achieved AcceptMission
[13:29:24] [MISSION] Professor accepted ScoutPoi @ Yantar (160 RU)
[13:29:24] [TASK] Professor → AcceptMission [ScoutPoi] (goal=AcceptMission)
[13:29:24] [GOAL] Professor achieved AcceptMission
[13:29:24] [MISSION] Barkeep accepted ScoutPoi @ Rostok (176 RU)
[13:29:24] [TASK] Barkeep → AcceptMission [ScoutPoi] (goal=AcceptMission)
[13:29:24] [GOAL] Barkeep achieved AcceptMission
[13:29:24] [MISSION] Sidorovich accepted ScoutPoi @ Cordon (160 RU)
[13:29:24] [TASK] Sidorovich → AcceptMission [ScoutPoi] (goal=AcceptMission)
[13:29:24] [GOAL] Sidorovich achieved AcceptMission
[13:29:24] [MISSION] Dmytro accepted ScoutPoi @ Great Swamps (160 RU)
[13:29:24] [TASK] Dmytro → AcceptMission [ScoutPoi] (goal=AcceptMission)
[13:29:24] [GOAL] Dmytro achieved AcceptMission
[13:29:24] [MISSION] Serhiy accepted ScoutPoi @ Truck Cemetery (176 RU)
[13:29:24] [TASK] Serhiy → AcceptMission [ScoutPoi] (goal=AcceptMission)
[13:29:24] [GOAL] Serhiy achieved AcceptMission
[13:29:24] [MISSION] Serhiy accepted ScoutPoi @ Army Warehouses (184 RU)
[13:29:24] [TASK] Serhiy → AcceptMission [ScoutPoi] (goal=AcceptMission)
[13:29:24] [GOAL] Serhiy achieved AcceptMission
[13:29:24] [MISSION] Bakhyt accepted ScoutPoi @ Rostok (176 RU)
[13:29:24] [TASK] Bakhyt → AcceptMission [ScoutPoi] (goal=AcceptMission)
[13:29:24] [GOAL] Bakhyt achieved AcceptMission
[13:29:24] [MISSION] Taras accepted ScoutPoi @ Duga Radar (160 RU)
[13:29:24] [TASK] Taras → AcceptMission [ScoutPoi] (goal=AcceptMission)
[13:29:24] [GOAL] Taras achieved AcceptMission
[13:29:31] [GEAR] Andriy looted [wpn_aksu, wpn_pm] via combat
[13:29:31] [INBOUND] Initial +13 stalkers, +8 mutants (remaining S=1233 M=826)
[13:29:32] [MISSION] Heinrich accepted ScoutPoi @ Duga Radar (160 RU)
[13:29:32] [TASK] Heinrich → AcceptMission [ScoutPoi] (goal=AcceptMission)
[13:29:32] [GOAL] Heinrich achieved AcceptMission
[13:29:32] [MISSION] Rustam accepted ScoutPoi @ Yantar (160 RU)
[13:29:32] [TASK] Rustam → AcceptMission [ScoutPoi] (goal=AcceptMission)
[13:29:32] [GOAL] Rustam achieved AcceptMission
[13:29:32] [MISSION] Bohdan accepted ScoutPoi @ Red Forest (160 RU)
[13:29:32] [TASK] Bohdan → AcceptMission [ScoutPoi] (goal=AcceptMission)
[13:29:32] [GOAL] Bohdan achieved AcceptMission
[13:29:32] [MISSION] Yuriy accepted ScoutPoi @ Limansk (160 RU)
[13:29:32] [TASK] Yuriy → AcceptMission [ScoutPoi] (goal=AcceptMission)
[13:29:32] [GOAL] Yuriy achieved AcceptMission
[13:29:32] [MISSION] Pierre accepted ScoutPoi @ Duga Radar (160 RU)
[13:29:32] [TASK] Pierre → AcceptMission [ScoutPoi] (goal=AcceptMission)
[13:29:32] [GOAL] Pierre achieved AcceptMission
[13:29:32] [GEAR] Andrei looted [wpn_fn2000, wpn_mp5, out_monolith_outfit, helm_tactic] via combat
[13:29:33] [INBOUND] Initial +12 stalkers, +9 mutants (remaining S=1221 M=817)
[13:29:33] [MISSION] Alexei accepted ScoutPoi @ Chistogalovka (160 RU)
[13:29:33] [TASK] Alexei → AcceptMission [ScoutPoi] (goal=AcceptMission)
[13:29:33] [GOAL] Alexei achieved AcceptMission
[13:29:33] [MISSION] Dmytro accepted ScoutPoi @ Chernobyl NPP (160 RU)
[13:29:33] [TASK] Dmytro → AcceptMission [ScoutPoi] (goal=AcceptMission)
[13:29:33] [GOAL] Dmytro achieved AcceptMission
[13:29:35] [INBOUND] Initial +13 stalkers, +8 mutants (remaining S=1208 M=809)
[13:29:35] [MISSION] Dmitri accepted ScoutPoi @ Zalissya (160 RU)
[13:29:35] [TASK] Dmitri → AcceptMission [ScoutPoi] (goal=AcceptMission)
[13:29:35] [GOAL] Dmitri achieved AcceptMission
[13:29:35] [MISSION] Yuriy accepted ScoutPoi @ Zaton (160 RU)
[13:29:35] [TASK] Yuriy → AcceptMission [ScoutPoi] (goal=AcceptMission)
[13:29:35] [GOAL] Yuriy achieved AcceptMission
[13:29:35] [MISSION] Andriy accepted ScoutPoi @ Deserted Hospital (160 RU)
[13:29:35] [TASK] Andriy → AcceptMission [ScoutPoi] (goal=AcceptMission)
[13:29:35] [GOAL] Andriy achieved AcceptMission
[13:29:35] [MISSION] Taras accepted ScoutPoi @ Generators (160 RU)
[13:29:35] [TASK] Taras → AcceptMission [ScoutPoi] (goal=AcceptMission)
[13:29:35] [GOAL] Taras achieved AcceptMission
[13:29:35] [MISSION] Serhiy accepted ScoutPoi @ Truck Cemetery (176 RU)
[13:29:35] [TASK] Serhiy → AcceptMission [ScoutPoi] (goal=AcceptMission)
[13:29:35] [GOAL] Serhiy achieved AcceptMission
[13:29:35] [MISSION] Andriy accepted ScoutPoi @ Deserted Hospital (160 RU)
[13:29:35] [TASK] Andriy → AcceptMission [ScoutPoi] (goal=AcceptMission)
[13:29:35] [GOAL] Andriy achieved AcceptMission
[13:29:36] [TASK] Sergei → FulfillMission [ScoutPoi] (goal=CompleteMission)
[13:29:36] [MISSION] Sergei completed ScoutPoi → Abandoned Bus (+160 RU)
[13:29:36] [GOAL] Sergei achieved CompleteMission
[13:29:36] [TASK] Professor → FulfillMission [ScoutPoi] (goal=CompleteMission)
[13:29:36] [MISSION] Professor completed ScoutPoi → Abandoned Camp (+160 RU)
[13:29:36] [GOAL] Professor achieved CompleteMission
[13:29:36] [TASK] Barkeep → FulfillMission [ScoutPoi] (goal=CompleteMission)
[13:29:36] [MISSION] Barkeep completed ScoutPoi → Forgotten Outpost (+176 RU)
[13:29:36] [GOAL] Barkeep achieved CompleteMission
[13:29:36] [TASK] Sidorovich → FulfillMission [ScoutPoi] (goal=CompleteMission)
[13:29:36] [MISSION] Sidorovich completed ScoutPoi → Abandoned Outpost (+160 RU)
[13:29:36] [GOAL] Sidorovich achieved CompleteMission
[13:29:36] [TASK] Dmitri → FulfillMission [ScoutPoi] (goal=CompleteMission)
[13:29:36] [MISSION] Dmitri completed ScoutPoi → Abandoned Bus (+160 RU)
[13:29:36] [GOAL] Dmitri achieved CompleteMission
[13:29:36] [TASK] Serhiy → FulfillMission [ScoutPoi] (goal=CompleteMission)
[13:29:36] [MISSION] Serhiy completed ScoutPoi → Makeshift Watchtower (+176 RU)
[13:29:36] [GOAL] Serhiy achieved CompleteMission
[13:29:36] [TASK] Heinrich → FulfillMission [ScoutPoi] (goal=CompleteMission)
[13:29:36] [MISSION] Heinrich completed ScoutPoi → Abandoned Camp (+160 RU)
[13:29:36] [GOAL] Heinrich achieved CompleteMission
[13:29:36] [TASK] Rustam → FulfillMission [ScoutPoi] (goal=CompleteMission)
[13:29:36] [MISSION] Rustam completed ScoutPoi → Abandoned Camp (+160 RU)
[13:29:36] [GOAL] Rustam achieved CompleteMission
[13:29:36] [TASK] Pierre → FulfillMission [ScoutPoi] (goal=CompleteMission)
[13:29:36] [MISSION] Pierre completed ScoutPoi → Abandoned Camp (+160 RU)
[13:29:36] [GOAL] Pierre achieved CompleteMission
[13:29:36] [TASK] Dmytro → FulfillMission [ScoutPoi] (goal=CompleteMission)
[13:29:36] [MISSION] Dmytro completed ScoutPoi → Forgotten Outpost (+160 RU)
[13:29:36] [GOAL] Dmytro achieved CompleteMission
[13:29:36] [TASK] Serhiy → FulfillMission [ScoutPoi] (goal=CompleteMission)
[13:29:36] [MISSION] Serhiy completed ScoutPoi → Makeshift Watchtower (+176 RU)
[13:29:36] [GOAL] Serhiy achieved CompleteMission
[13:29:36] [TASK] Serhiy → FulfillMission [ScoutPoi] (goal=CompleteMission)
[13:29:36] [MISSION] Serhiy completed ScoutPoi → Checkpoint South (+184 RU)
[13:29:36] [GOAL] Serhiy achieved CompleteMission
[13:29:36] [TASK] Bakhyt → FulfillMission [ScoutPoi] (goal=CompleteMission)
[13:29:36] [MISSION] Bakhyt completed ScoutPoi → Forgotten Outpost (+176 RU)
[13:29:36] [GOAL] Bakhyt achieved CompleteMission
[13:29:36] [TASK] Taras → FulfillMission [ScoutPoi] (goal=CompleteMission)
[13:29:36] [MISSION] Taras completed ScoutPoi → Abandoned Camp (+160 RU)
[13:29:36] [GOAL] Taras achieved CompleteMission
[13:29:36] [TASK] Viktor → FulfillMission [ScoutPoi] (goal=CompleteMission)
[13:29:36] [MISSION] Viktor completed ScoutPoi → Forgotten Outpost (+176 RU)
[13:29:36] [GOAL] Viktor achieved CompleteMission
[13:29:36] [TASK] Marcus → FulfillMission [ScoutPoi] (goal=CompleteMission)
[13:29:36] [MISSION] Marcus completed ScoutPoi → Abandoned Camp (+160 RU)
[13:29:36] [GOAL] Marcus achieved CompleteMission
[13:29:36] [TASK] Dmitri → FulfillMission [ScoutPoi] (goal=CompleteMission)
[13:29:36] [MISSION] Dmitri completed ScoutPoi → Abandoned Bus (+160 RU)
[13:29:36] [GOAL] Dmitri achieved CompleteMission
[13:29:36] [TASK] Taras → FulfillMission [ScoutPoi] (goal=CompleteMission)
[13:29:36] [MISSION] Taras completed ScoutPoi → Checkpoint South (+184 RU)
[13:29:36] [GOAL] Taras achieved CompleteMission
[13:29:36] [TASK] Andrei → FulfillMission [ScoutPoi] (goal=CompleteMission)
[13:29:36] [MISSION] Andrei completed ScoutPoi → Abandoned Bus (+160 RU)
[13:29:36] [GOAL] Andrei achieved CompleteMission
[13:29:36] [TASK] Sergei → FulfillMission [ScoutPoi] (goal=CompleteMission)
[13:29:36] [MISSION] Sergei completed ScoutPoi → Abandoned Bus (+160 RU)
[13:29:36] [GOAL] Sergei achieved CompleteMission
[13:29:36] [TASK] Bakhyt → FulfillMission [ScoutPoi] (goal=CompleteMission)
[13:29:36] [MISSION] Bakhyt completed ScoutPoi → Abandoned Camp (+160 RU)
[13:29:36] [GOAL] Bakhyt achieved CompleteMission
[13:29:36] [TASK] Andrei → FulfillMission [ScoutPoi] (goal=CompleteMission)
[13:29:36] [MISSION] Andrei completed ScoutPoi → Abandoned Bus (+160 RU)
[13:29:36] [GOAL] Andrei achieved CompleteMission
[13:29:36] [TASK] Vasyl → FulfillMission [ScoutPoi] (goal=CompleteMission)
[13:29:36] [MISSION] Vasyl completed ScoutPoi → Forgotten Outpost (+176 RU)
[13:29:36] [GOAL] Vasyl achieved CompleteMission
[13:29:36] [TASK] Heinrich → FulfillMission [ScoutPoi] (goal=CompleteMission)
[13:29:36] [MISSION] Heinrich completed ScoutPoi → Abandoned Camp (+160 RU)
[13:29:36] [GOAL] Heinrich achieved CompleteMission
[13:29:36] [TASK] Taras → FulfillMission [ScoutPoi] (goal=CompleteMission)
[13:29:36] [MISSION] Taras completed ScoutPoi → Abandoned Camp (+160 RU)
[13:29:36] [GOAL] Taras achieved CompleteMission
[13:29:36] [TASK] Marcus → FulfillMission [ScoutPoi] (goal=CompleteMission)
[13:29:36] [MISSION] Marcus completed ScoutPoi → Abandoned Camp (+160 RU)
[13:29:36] [GOAL] Marcus achieved CompleteMission
[13:29:36] [TASK] Zura → FulfillMission [ScoutPoi] (goal=CompleteMission)
[13:29:36] [MISSION] Zura completed ScoutPoi → Abandoned Bus (+160 RU)
[13:29:36] [GOAL] Zura achieved CompleteMission
[13:29:36] [TASK] Dmytro → FulfillMission [ScoutPoi] (goal=CompleteMission)
[13:29:36] [MISSION] Dmytro completed ScoutPoi → Abandoned Outpost (+160 RU)
[13:29:36] [GOAL] Dmytro achieved CompleteMission
[13:29:36] [TASK] Nikolai → FulfillMission [ScoutPoi] (goal=CompleteMission)
[13:29:36] [MISSION] Nikolai completed ScoutPoi → Forgotten Outpost (+176 RU)
[13:29:36] [GOAL] Nikolai achieved CompleteMission
[13:29:36] [TASK] Bakhyt → FulfillMission [ScoutPoi] (goal=CompleteMission)
[13:29:36] [MISSION] Bakhyt completed ScoutPoi → Abandoned Camp (+160 RU)
[13:29:36] [GOAL] Bakhyt achieved CompleteMission
[13:29:36] [TASK] Vasyl → FulfillMission [ScoutPoi] (goal=CompleteMission)
[13:29:36] [MISSION] Vasyl completed ScoutPoi → Abandoned Bus (+160 RU)
[13:29:36] [GOAL] Vasyl achieved CompleteMission
[13:29:36] [TASK] Bakhyt → FulfillMission [ScoutPoi] (goal=CompleteMission)
[13:29:36] [MISSION] Bakhyt completed ScoutPoi → Abandoned Outpost (+160 RU)
[13:29:36] [GOAL] Bakhyt achieved CompleteMission
[13:29:36] [TASK] Marcus → FulfillMission [ScoutPoi] (goal=CompleteMission)
[13:29:36] [MISSION] Marcus completed ScoutPoi → Abandoned Camp (+160 RU)
[13:29:36] [GOAL] Marcus achieved CompleteMission
[13:29:36] [TASK] Rustam → FulfillMission [ScoutPoi] (goal=CompleteMission)
[13:29:36] [MISSION] Rustam completed ScoutPoi → Abandoned Bus (+160 RU)
[13:29:36] [GOAL] Rustam achieved CompleteMission
[13:29:36] [TASK] Oleksiy → FulfillMission [ScoutPoi] (goal=CompleteMission)
[13:29:36] [MISSION] Oleksiy completed ScoutPoi → Forgotten Outpost (+176 RU)
[13:29:36] [GOAL] Oleksiy achieved CompleteMission
[13:29:36] [TASK] Dmytro → FulfillMission [ScoutPoi] (goal=CompleteMission)
[13:29:36] [MISSION] Dmytro completed ScoutPoi → Abandoned Bus (+160 RU)
[13:29:36] [GOAL] Dmytro achieved CompleteMission
[13:29:36] [TASK] Oleg → FulfillMission [ScoutPoi] (goal=CompleteMission)
[13:29:36] [MISSION] Oleg completed ScoutPoi → Abandoned Outpost (+160 RU)
[13:29:36] [GOAL] Oleg achieved CompleteMission
[13:29:36] [TASK] Karl → FulfillMission [ScoutPoi] (goal=CompleteMission)
[13:29:36] [MISSION] Karl completed ScoutPoi → Abandoned Camp (+160 RU)
[13:29:36] [GOAL] Karl achieved CompleteMission
[13:29:36] [TASK] Oleksiy → FulfillMission [ScoutPoi] (goal=CompleteMission)
[13:29:36] [MISSION] Oleksiy completed ScoutPoi → Abandoned Bus (+160 RU)
[13:29:36] [GOAL] Oleksiy achieved CompleteMission
[13:29:36] [TASK] Dmitri → FulfillMission [ScoutPoi] (goal=CompleteMission)
[13:29:36] [MISSION] Dmitri completed ScoutPoi → Abandoned Camp (+160 RU)
[13:29:36] [GOAL] Dmitri achieved CompleteMission
[13:29:36] [TASK] Oleksiy → FulfillMission [ScoutPoi] (goal=CompleteMission)
[13:29:36] [MISSION] Oleksiy completed ScoutPoi → Abandoned Camp (+160 RU)
[13:29:36] [GOAL] Oleksiy achieved CompleteMission
[13:29:36] [TASK] Vasyl → FulfillMission [ScoutPoi] (goal=CompleteMission)
[13:29:36] [MISSION] Vasyl completed ScoutPoi → Abandoned Outpost (+160 RU)
[13:29:36] [GOAL] Vasyl achieved CompleteMission
[13:29:36] [MISSION] Sergei accepted ScoutPoi @ Garbage (160 RU)
[13:29:36] [TASK] Sergei → AcceptMission [ScoutPoi] (goal=AcceptMission)
[13:29:36] [GOAL] Sergei achieved AcceptMission
[13:29:36] [MISSION] Professor accepted ScoutPoi @ Yantar (160 RU)
[13:29:36] [TASK] Professor → AcceptMission [ScoutPoi] (goal=AcceptMission)
[13:29:36] [GOAL] Professor achieved AcceptMission
[13:29:36] [MISSION] Barkeep accepted ScoutPoi @ Rostok (176 RU)
[13:29:36] [TASK] Barkeep → AcceptMission [ScoutPoi] (goal=AcceptMission)
[13:29:36] [GOAL] Barkeep achieved AcceptMission
[13:29:36] [MISSION] Sidorovich accepted ScoutPoi @ Cordon (160 RU)
[13:29:36] [TASK] Sidorovich → AcceptMission [ScoutPoi] (goal=AcceptMission)
[13:29:36] [GOAL] Sidorovich achieved AcceptMission
[13:29:36] [MISSION] Dmitri accepted ScoutPoi @ Zalissya (160 RU)
[13:29:36] [TASK] Dmitri → AcceptMission [ScoutPoi] (goal=AcceptMission)
[13:29:36] [GOAL] Dmitri achieved AcceptMission
[13:29:36] [MISSION] Serhiy accepted ScoutPoi @ Truck Cemetery (176 RU)
[13:29:36] [TASK] Serhiy → AcceptMission [ScoutPoi] (goal=AcceptMission)
[13:29:36] [GOAL] Serhiy achieved AcceptMission
[13:29:36] [MISSION] Heinrich accepted ScoutPoi @ Duga Radar (160 RU)
[13:29:36] [TASK] Heinrich → AcceptMission [ScoutPoi] (goal=AcceptMission)
[13:29:36] [GOAL] Heinrich achieved AcceptMission
[13:29:36] [MISSION] Rustam accepted ScoutPoi @ Yantar (160 RU)
[13:29:36] [TASK] Rustam → AcceptMission [ScoutPoi] (goal=AcceptMission)
[13:29:36] [GOAL] Rustam achieved AcceptMission
[13:29:36] [MISSION] Pierre accepted ScoutPoi @ Duga Radar (160 RU)
[13:29:36] [TASK] Pierre → AcceptMission [ScoutPoi] (goal=AcceptMission)
[13:29:36] [GOAL] Pierre achieved AcceptMission
[13:29:36] [MISSION] Dmytro accepted ScoutPoi @ Great Swamps (160 RU)
[13:29:36] [TASK] Dmytro → AcceptMission [ScoutPoi] (goal=AcceptMission)
[13:29:36] [GOAL] Dmytro achieved AcceptMission
[13:29:36] [MISSION] Serhiy accepted ScoutPoi @ Truck Cemetery (176 RU)
[13:29:36] [TASK] Serhiy → AcceptMission [ScoutPoi] (goal=AcceptMission)
[13:29:36] [GOAL] Serhiy achieved AcceptMission
[13:29:36] [MISSION] Serhiy accepted ScoutPoi @ Army Warehouses (184 RU)
[13:29:36] [TASK] Serhiy → AcceptMission [ScoutPoi] (goal=AcceptMission)
[13:29:36] [GOAL] Serhiy achieved AcceptMission
[13:29:36] [MISSION] Bakhyt accepted ScoutPoi @ Rostok (176 RU)
[13:29:36] [TASK] Bakhyt → AcceptMission [ScoutPoi] (goal=AcceptMission)
[13:29:36] [GOAL] Bakhyt achieved AcceptMission
[13:29:36] [MISSION] Taras accepted ScoutPoi @ Duga Radar (160 RU)
[13:29:36] [TASK] Taras → AcceptMission [ScoutPoi] (goal=AcceptMission)
[13:29:36] [GOAL] Taras achieved AcceptMission
[13:29:36] [MISSION] Viktor accepted ScoutPoi @ Rostok (176 RU)
[13:29:36] [TASK] Viktor → AcceptMission [ScoutPoi] (goal=AcceptMission)
[13:29:36] [GOAL] Viktor achieved AcceptMission
[13:29:36] [MISSION] Marcus accepted ScoutPoi @ Yantar (160 RU)
[13:29:36] [TASK] Marcus → AcceptMission [ScoutPoi] (goal=AcceptMission)
[13:29:36] [GOAL] Marcus achieved AcceptMission
[13:29:36] [MISSION] Dmitri accepted ScoutPoi @ Chernobyl Town (160 RU)
[13:29:36] [TASK] Dmitri → AcceptMission [ScoutPoi] (goal=AcceptMission)
[13:29:36] [GOAL] Dmitri achieved AcceptMission
[13:29:36] [MISSION] Taras accepted ScoutPoi @ Army Warehouses (184 RU)
[13:29:36] [TASK] Taras → AcceptMission [ScoutPoi] (goal=AcceptMission)
[13:29:36] [GOAL] Taras achieved AcceptMission
[13:29:36] [MISSION] Andrei accepted ScoutPoi @ Garbage (160 RU)
[13:29:36] [TASK] Andrei → AcceptMission [ScoutPoi] (goal=AcceptMission)
[13:29:36] [GOAL] Andrei achieved AcceptMission
[13:29:36] [MISSION] Sergei accepted ScoutPoi @ Chernobyl Town (160 RU)
[13:29:36] [TASK] Sergei → AcceptMission [ScoutPoi] (goal=AcceptMission)
[13:29:36] [GOAL] Sergei achieved AcceptMission
[13:29:36] [MISSION] Bakhyt accepted ScoutPoi @ Agroprom (160 RU)
[13:29:36] [TASK] Bakhyt → AcceptMission [ScoutPoi] (goal=AcceptMission)
[13:29:36] [GOAL] Bakhyt achieved AcceptMission
[13:29:36] [MISSION] Andrei accepted ScoutPoi @ Garbage (160 RU)
[13:29:36] [TASK] Andrei → AcceptMission [ScoutPoi] (goal=AcceptMission)
[13:29:36] [GOAL] Andrei achieved AcceptMission
[13:29:36] [MISSION] Vasyl accepted ScoutPoi @ Rostok (176 RU)
[13:29:36] [TASK] Vasyl → AcceptMission [ScoutPoi] (goal=AcceptMission)
[13:29:36] [GOAL] Vasyl achieved AcceptMission
[13:29:36] [MISSION] Heinrich accepted ScoutPoi @ Yantar (160 RU)
[13:29:36] [TASK] Heinrich → AcceptMission [ScoutPoi] (goal=AcceptMission)
[13:29:36] [GOAL] Heinrich achieved AcceptMission
[13:29:36] [MISSION] Taras accepted ScoutPoi @ Yantar (160 RU)
[13:29:36] [TASK] Taras → AcceptMission [ScoutPoi] (goal=AcceptMission)
[13:29:36] [GOAL] Taras achieved AcceptMission
[13:29:36] [MISSION] Marcus accepted ScoutPoi @ Duga Radar (160 RU)
[13:29:36] [TASK] Marcus → AcceptMission [ScoutPoi] (goal=AcceptMission)
[13:29:36] [GOAL] Marcus achieved AcceptMission
[13:29:36] [MISSION] Zura accepted ScoutPoi @ Zalissya (160 RU)
[13:29:36] [TASK] Zura → AcceptMission [ScoutPoi] (goal=AcceptMission)
[13:29:36] [GOAL] Zura achieved AcceptMission
[13:29:36] [MISSION] Dmytro accepted ScoutPoi @ Meadow (160 RU)
[13:29:36] [TASK] Dmytro → AcceptMission [ScoutPoi] (goal=AcceptMission)
[13:29:36] [GOAL] Dmytro achieved AcceptMission
[13:29:36] [MISSION] Nikolai accepted ScoutPoi @ Rostok (176 RU)
[13:29:36] [TASK] Nikolai → AcceptMission [ScoutPoi] (goal=AcceptMission)
[13:29:36] [GOAL] Nikolai achieved AcceptMission
[13:29:36] [MISSION] Bakhyt accepted ScoutPoi @ Duga Radar (160 RU)
[13:29:36] [TASK] Bakhyt → AcceptMission [ScoutPoi] (goal=AcceptMission)
[13:29:36] [GOAL] Bakhyt achieved AcceptMission
[13:29:36] [MISSION] Vasyl accepted ScoutPoi @ Dark Valley (160 RU)
[13:29:36] [TASK] Vasyl → AcceptMission [ScoutPoi] (goal=AcceptMission)
[13:29:36] [GOAL] Vasyl achieved AcceptMission
[13:29:36] [MISSION] Bakhyt accepted ScoutPoi @ Meadow (160 RU)
[13:29:36] [TASK] Bakhyt → AcceptMission [ScoutPoi] (goal=AcceptMission)
[13:29:36] [GOAL] Bakhyt achieved AcceptMission
[13:29:36] [MISSION] Marcus accepted ScoutPoi @ Yantar (160 RU)
[13:29:36] [TASK] Marcus → AcceptMission [ScoutPoi] (goal=AcceptMission)
[13:29:36] [GOAL] Marcus achieved AcceptMission
[13:29:36] [MISSION] Rustam accepted ScoutPoi @ Chernobyl Town (160 RU)
[13:29:36] [TASK] Rustam → AcceptMission [ScoutPoi] (goal=AcceptMission)
[13:29:36] [GOAL] Rustam achieved AcceptMission
[13:29:36] [MISSION] Oleksiy accepted ScoutPoi @ Rostok (176 RU)
[13:29:36] [TASK] Oleksiy → AcceptMission [ScoutPoi] (goal=AcceptMission)
[13:29:36] [GOAL] Oleksiy achieved AcceptMission
[13:29:36] [MISSION] Dmytro accepted ScoutPoi @ Garbage (160 RU)
[13:29:36] [TASK] Dmytro → AcceptMission [ScoutPoi] (goal=AcceptMission)
[13:29:36] [GOAL] Dmytro achieved AcceptMission
[13:29:36] [MISSION] Oleg accepted ScoutPoi @ Meadow (160 RU)
[13:29:36] [TASK] Oleg → AcceptMission [ScoutPoi] (goal=AcceptMission)
[13:29:36] [GOAL] Oleg achieved AcceptMission
[13:29:36] [MISSION] Karl accepted ScoutPoi @ Duga Radar (160 RU)
[13:29:36] [TASK] Karl → AcceptMission [ScoutPoi] (goal=AcceptMission)
[13:29:36] [GOAL] Karl achieved AcceptMission
[13:29:36] [MISSION] Oleksiy accepted ScoutPoi @ Dark Valley (160 RU)
[13:29:36] [TASK] Oleksiy → AcceptMission [ScoutPoi] (goal=AcceptMission)
[13:29:36] [GOAL] Oleksiy achieved AcceptMission
[13:29:36] [MISSION] Dmitri accepted ScoutPoi @ Agroprom (160 RU)
[13:29:36] [TASK] Dmitri → AcceptMission [ScoutPoi] (goal=AcceptMission)
[13:29:36] [GOAL] Dmitri achieved AcceptMission
[13:29:36] [MISSION] Oleksiy accepted ScoutPoi @ Yantar (160 RU)
[13:29:36] [TASK] Oleksiy → AcceptMission [ScoutPoi] (goal=AcceptMission)
[13:29:36] [GOAL] Oleksiy achieved AcceptMission
[13:29:36] [MISSION] Vasyl accepted ScoutPoi @ Cordon (160 RU)
[13:29:36] [TASK] Vasyl → AcceptMission [ScoutPoi] (goal=AcceptMission)
[13:29:36] [GOAL] Vasyl achieved AcceptMission
[13:29:44] [INBOUND] Initial +12 stalkers, +8 mutants (remaining S=1196 M=801)
[13:29:45] [MISSION] Taras accepted ScoutPoi @ Generators (160 RU)
[13:29:45] [TASK] Taras → AcceptMission [ScoutPoi] (goal=AcceptMission)
[13:29:45] [GOAL] Taras achieved AcceptMission
[13:29:45] [MISSION] Andriy accepted ScoutPoi @ Chistogalovka (160 RU)
[13:29:45] [TASK] Andriy → AcceptMission [ScoutPoi] (goal=AcceptMission)
[13:29:45] [GOAL] Andriy achieved AcceptMission
[13:29:45] [MISSION] Viktor accepted ScoutPoi @ Limansk (160 RU)
[13:29:45] [TASK] Viktor → AcceptMission [ScoutPoi] (goal=AcceptMission)
[13:29:45] [GOAL] Viktor achieved AcceptMission
[13:29:45] [MISSION] Alexei accepted ScoutPoi @ Yantar (160 RU)
[13:29:45] [TASK] Alexei → AcceptMission [ScoutPoi] (goal=AcceptMission)
[13:29:45] [GOAL] Alexei achieved AcceptMission
[13:29:45] [GEAR] Pavel looted [wpn_aksu, wpn_pm] via combat
[13:29:46] [INBOUND] Initial +13 stalkers, +9 mutants (remaining S=1183 M=792)
[13:29:46] [MISSION] Oleg accepted ScoutPoi @ Chistogalovka (160 RU)
[13:29:46] [TASK] Oleg → AcceptMission [ScoutPoi] (goal=AcceptMission)
[13:29:46] [GOAL] Oleg achieved AcceptMission
[13:29:46] [MISSION] Armen accepted ScoutPoi @ Zaton (160 RU)
[13:29:46] [TASK] Armen → AcceptMission [ScoutPoi] (goal=AcceptMission)
[13:29:46] [GOAL] Armen achieved AcceptMission
[13:29:46] [MISSION] Alexei accepted ScoutPoi @ Zalissya (160 RU)
[13:29:46] [TASK] Alexei → AcceptMission [ScoutPoi] (goal=AcceptMission)
[13:29:46] [GOAL] Alexei achieved AcceptMission
[13:29:46] [MISSION] Ivan accepted ScoutPoi @ Limansk (160 RU)
[13:29:46] [TASK] Ivan → AcceptMission [ScoutPoi] (goal=AcceptMission)
[13:29:46] [GOAL] Ivan achieved AcceptMission
[13:29:46] [MISSION] Alexei accepted ScoutPoi @ Pripyat (160 RU)
[13:29:46] [TASK] Alexei → AcceptMission [ScoutPoi] (goal=AcceptMission)
[13:29:46] [GOAL] Alexei achieved AcceptMission
[13:29:46] [RANK] Professor Sakharov → Veteran
[13:29:47] [GEAR] Giorgi looted [wpn_fn2000] via combat
[13:29:48] [INBOUND] Initial +12 stalkers, +8 mutants (remaining S=1171 M=784)
[13:29:48] [MISSION] Yuriy accepted ScoutPoi @ Generators (160 RU)
[13:29:48] [TASK] Yuriy → AcceptMission [ScoutPoi] (goal=AcceptMission)
[13:29:48] [GOAL] Yuriy achieved AcceptMission
[13:29:48] [MISSION] Bohdan accepted ScoutPoi @ Army Warehouses (184 RU)
[13:29:48] [TASK] Bohdan → AcceptMission [ScoutPoi] (goal=AcceptMission)
[13:29:48] [GOAL] Bohdan achieved AcceptMission
[13:29:48] [MISSION] Alexei accepted ScoutPoi @ Chernobyl Town (160 RU)
[13:29:48] [TASK] Alexei → AcceptMission [ScoutPoi] (goal=AcceptMission)
[13:29:48] [GOAL] Alexei achieved AcceptMission
[13:29:48] [MISSION] Serhiy accepted ScoutPoi @ Generators (160 RU)
[13:29:48] [TASK] Serhiy → AcceptMission [ScoutPoi] (goal=AcceptMission)
[13:29:48] [GOAL] Serhiy achieved AcceptMission
[13:29:50] [INBOUND] Initial +13 stalkers, +8 mutants (remaining S=1158 M=776)
[13:29:51] [MISSION] Nikolai accepted ScoutPoi @ Agroprom (160 RU)
[13:29:51] [TASK] Nikolai → AcceptMission [ScoutPoi] (goal=AcceptMission)
[13:29:51] [GOAL] Nikolai achieved AcceptMission
[13:29:51] [MISSION] Frank accepted ScoutPoi @ Truck Cemetery (176 RU)
[13:29:51] [TASK] Frank → AcceptMission [ScoutPoi] (goal=AcceptMission)
[13:29:51] [GOAL] Frank achieved AcceptMission
[13:29:51] [MISSION] Dmytro accepted ScoutPoi @ Buriakivka Waste Site (160 RU)
[13:29:51] [TASK] Dmytro → AcceptMission [ScoutPoi] (goal=AcceptMission)
[13:29:51] [GOAL] Dmytro achieved AcceptMission
[13:29:51] [MISSION] Lars accepted ScoutPoi @ Dead City (Chernobyl-2 Settlement) (160 RU)
[13:29:51] [TASK] Lars → AcceptMission [ScoutPoi] (goal=AcceptMission)
[13:29:51] [GOAL] Lars achieved AcceptMission
[13:29:51] [GEAR] Pavel looted [wpn_pm, out_wastelander_outfit, helm_helm_respirator_gp5] via combat
[13:29:51] [TASK] Bakhyt → FulfillMission [ScoutPoi] (goal=CompleteMission)
[13:29:51] [MISSION] Bakhyt completed ScoutPoi → Abandoned Camp (+160 RU)
[13:29:51] [GOAL] Bakhyt achieved CompleteMission
[13:29:51] [TASK] Vasyl → FulfillMission [ScoutPoi] (goal=CompleteMission)
[13:29:51] [MISSION] Vasyl completed ScoutPoi → Abandoned Bus (+160 RU)
[13:29:51] [GOAL] Vasyl achieved CompleteMission
[13:29:51] [TASK] Bakhyt → FulfillMission [ScoutPoi] (goal=CompleteMission)
[13:29:51] [MISSION] Bakhyt completed ScoutPoi → Abandoned Outpost (+160 RU)
[13:29:51] [GOAL] Bakhyt achieved CompleteMission
[13:29:51] [TASK] Marcus → FulfillMission [ScoutPoi] (goal=CompleteMission)
[13:29:51] [MISSION] Marcus completed ScoutPoi → Abandoned Camp (+160 RU)
[13:29:51] [GOAL] Marcus achieved CompleteMission
[13:29:51] [TASK] Rustam → FulfillMission [ScoutPoi] (goal=CompleteMission)
[13:29:51] [MISSION] Rustam completed ScoutPoi → Abandoned Bus (+160 RU)
[13:29:51] [GOAL] Rustam achieved CompleteMission
[13:29:51] [TASK] Oleksiy → FulfillMission [ScoutPoi] (goal=CompleteMission)
[13:29:51] [MISSION] Oleksiy completed ScoutPoi → Forgotten Outpost (+176 RU)
[13:29:51] [GOAL] Oleksiy achieved CompleteMission
[13:29:51] [TASK] Dmytro → FulfillMission [ScoutPoi] (goal=CompleteMission)
[13:29:51] [MISSION] Dmytro completed ScoutPoi → Abandoned Bus (+160 RU)
[13:29:51] [GOAL] Dmytro achieved CompleteMission
[13:29:51] [TASK] Oleg → FulfillMission [ScoutPoi] (goal=CompleteMission)
[13:29:51] [MISSION] Oleg completed ScoutPoi → Abandoned Outpost (+160 RU)
[13:29:51] [GOAL] Oleg achieved CompleteMission
[13:29:51] [TASK] Karl → FulfillMission [ScoutPoi] (goal=CompleteMission)
[13:29:51] [MISSION] Karl completed ScoutPoi → Abandoned Camp (+160 RU)
[13:29:51] [GOAL] Karl achieved CompleteMission
[13:29:51] [TASK] Oleksiy → FulfillMission [ScoutPoi] (goal=CompleteMission)
[13:29:51] [MISSION] Oleksiy completed ScoutPoi → Abandoned Bus (+160 RU)
[13:29:51] [GOAL] Oleksiy achieved CompleteMission
[13:29:51] [TASK] Dmitri → FulfillMission [ScoutPoi] (goal=CompleteMission)
[13:29:51] [MISSION] Dmitri completed ScoutPoi → Abandoned Camp (+160 RU)
[13:29:51] [GOAL] Dmitri achieved CompleteMission
[13:29:51] [TASK] Oleksiy → FulfillMission [ScoutPoi] (goal=CompleteMission)
[13:29:51] [MISSION] Oleksiy completed ScoutPoi → Abandoned Camp (+160 RU)
[13:29:51] [GOAL] Oleksiy achieved CompleteMission
[13:29:51] [TASK] Sergei → FulfillMission [ScoutPoi] (goal=CompleteMission)
[13:29:51] [MISSION] Sergei completed ScoutPoi → Abandoned Bus (+160 RU)
[13:29:51] [GOAL] Sergei achieved CompleteMission
[13:29:51] [TASK] Professor → FulfillMission [ScoutPoi] (goal=CompleteMission)
[13:29:51] [MISSION] Professor completed ScoutPoi → Abandoned Camp (+160 RU)
[13:29:51] [GOAL] Professor achieved CompleteMission
[13:29:51] [TASK] Barkeep → FulfillMission [ScoutPoi] (goal=CompleteMission)
[13:29:51] [MISSION] Barkeep completed ScoutPoi → Forgotten Outpost (+176 RU)
[13:29:51] [GOAL] Barkeep achieved CompleteMission
[13:29:51] [TASK] Sidorovich → FulfillMission [ScoutPoi] (goal=CompleteMission)
[13:29:51] [MISSION] Sidorovich completed ScoutPoi → Abandoned Outpost (+160 RU)
[13:29:51] [GOAL] Sidorovich achieved CompleteMission
[13:29:51] [TASK] Nikolai → FulfillMission [ScoutPoi] (goal=CompleteMission)
[13:29:51] [MISSION] Nikolai completed ScoutPoi → Abandoned Camp (+160 RU)
[13:29:51] [GOAL] Nikolai achieved CompleteMission
[13:29:51] [TASK] Frank → FulfillMission [ScoutPoi] (goal=CompleteMission)
[13:29:51] [MISSION] Frank completed ScoutPoi → Makeshift Watchtower (+176 RU)
[13:29:51] [GOAL] Frank achieved CompleteMission
[13:29:51] [TASK] Bohdan → FulfillMission [ScoutPoi] (goal=CompleteMission)
[13:29:51] [MISSION] Bohdan completed ScoutPoi → Checkpoint South (+184 RU)
[13:29:51] [GOAL] Bohdan achieved CompleteMission
[13:29:51] [TASK] Alexei → FulfillMission [ScoutPoi] (goal=CompleteMission)
[13:29:51] [MISSION] Alexei completed ScoutPoi → Abandoned Bus (+160 RU)
[13:29:51] [GOAL] Alexei achieved CompleteMission
[13:29:51] [TASK] Alexei → FulfillMission [ScoutPoi] (goal=CompleteMission)
[13:29:51] [MISSION] Alexei completed ScoutPoi → Abandoned Bus (+160 RU)
[13:29:51] [GOAL] Alexei achieved CompleteMission
[13:29:51] [TASK] Alexei → FulfillMission [ScoutPoi] (goal=CompleteMission)
[13:29:51] [MISSION] Alexei completed ScoutPoi → Abandoned Camp (+160 RU)
[13:29:51] [GOAL] Alexei achieved CompleteMission
[13:29:51] [TASK] Dmitri → FulfillMission [ScoutPoi] (goal=CompleteMission)
[13:29:51] [MISSION] Dmitri completed ScoutPoi → Abandoned Bus (+160 RU)
[13:29:51] [GOAL] Dmitri achieved CompleteMission
[13:29:51] [TASK] Serhiy → FulfillMission [ScoutPoi] (goal=CompleteMission)
[13:29:51] [MISSION] Serhiy completed ScoutPoi → Makeshift Watchtower (+176 RU)
[13:29:51] [GOAL] Serhiy achieved CompleteMission
[13:29:51] [TASK] Heinrich → FulfillMission [ScoutPoi] (goal=CompleteMission)
[13:29:51] [MISSION] Heinrich completed ScoutPoi → Abandoned Camp (+160 RU)
[13:29:51] [GOAL] Heinrich achieved CompleteMission
[13:29:51] [TASK] Rustam → FulfillMission [ScoutPoi] (goal=CompleteMission)
[13:29:51] [MISSION] Rustam completed ScoutPoi → Abandoned Camp (+160 RU)
[13:29:51] [GOAL] Rustam achieved CompleteMission
[13:29:51] [TASK] Pierre → FulfillMission [ScoutPoi] (goal=CompleteMission)
[13:29:51] [MISSION] Pierre completed ScoutPoi → Abandoned Camp (+160 RU)
[13:29:51] [GOAL] Pierre achieved CompleteMission
[13:29:51] [TASK] Dmytro → FulfillMission [ScoutPoi] (goal=CompleteMission)
[13:29:51] [MISSION] Dmytro completed ScoutPoi → Forgotten Outpost (+160 RU)
[13:29:51] [GOAL] Dmytro achieved CompleteMission
[13:29:51] [TASK] Serhiy → FulfillMission [ScoutPoi] (goal=CompleteMission)
[13:29:51] [MISSION] Serhiy completed ScoutPoi → Makeshift Watchtower (+176 RU)
[13:29:51] [GOAL] Serhiy achieved CompleteMission
[13:29:51] [TASK] Serhiy → FulfillMission [ScoutPoi] (goal=CompleteMission)
[13:29:51] [MISSION] Serhiy completed ScoutPoi → Checkpoint South (+184 RU)
[13:29:51] [GOAL] Serhiy achieved CompleteMission
[13:29:51] [TASK] Bakhyt → FulfillMission [ScoutPoi] (goal=CompleteMission)
[13:29:51] [MISSION] Bakhyt completed ScoutPoi → Forgotten Outpost (+176 RU)
[13:29:51] [GOAL] Bakhyt achieved CompleteMission
[13:29:51] [TASK] Taras → FulfillMission [ScoutPoi] (goal=CompleteMission)
[13:29:51] [MISSION] Taras completed ScoutPoi → Abandoned Camp (+160 RU)
[13:29:51] [GOAL] Taras achieved CompleteMission
[13:29:52] [TASK] Viktor → FulfillMission [ScoutPoi] (goal=CompleteMission)
[13:29:52] [MISSION] Viktor completed ScoutPoi → Forgotten Outpost (+176 RU)
[13:29:52] [GOAL] Viktor achieved CompleteMission
[13:29:52] [TASK] Marcus → FulfillMission [ScoutPoi] (goal=CompleteMission)
[13:29:52] [MISSION] Marcus completed ScoutPoi → Abandoned Camp (+160 RU)
[13:29:52] [GOAL] Marcus achieved CompleteMission
[13:29:52] [TASK] Dmitri → FulfillMission [ScoutPoi] (goal=CompleteMission)
[13:29:52] [MISSION] Dmitri completed ScoutPoi → Abandoned Bus (+160 RU)
[13:29:52] [GOAL] Dmitri achieved CompleteMission
[13:29:52] [TASK] Taras → FulfillMission [ScoutPoi] (goal=CompleteMission)
[13:29:52] [MISSION] Taras completed ScoutPoi → Checkpoint South (+184 RU)
[13:29:52] [GOAL] Taras achieved CompleteMission
[13:29:52] [TASK] Andrei → FulfillMission [ScoutPoi] (goal=CompleteMission)
[13:29:52] [MISSION] Andrei completed ScoutPoi → Abandoned Bus (+160 RU)
[13:29:52] [GOAL] Andrei achieved CompleteMission
[13:29:52] [TASK] Sergei → FulfillMission [ScoutPoi] (goal=CompleteMission)
[13:29:52] [MISSION] Sergei completed ScoutPoi → Abandoned Bus (+160 RU)
[13:29:52] [GOAL] Sergei achieved CompleteMission
[13:29:52] [TASK] Bakhyt → FulfillMission [ScoutPoi] (goal=CompleteMission)
[13:29:52] [MISSION] Bakhyt completed ScoutPoi → Abandoned Camp (+160 RU)
[13:29:52] [GOAL] Bakhyt achieved CompleteMission
[13:29:52] [TASK] Andrei → FulfillMission [ScoutPoi] (goal=CompleteMission)
[13:29:52] [MISSION] Andrei completed ScoutPoi → Abandoned Bus (+160 RU)
[13:29:52] [GOAL] Andrei achieved CompleteMission
[13:29:52] [TASK] Vasyl → FulfillMission [ScoutPoi] (goal=CompleteMission)
[13:29:52] [MISSION] Vasyl completed ScoutPoi → Forgotten Outpost (+176 RU)
[13:29:52] [GOAL] Vasyl achieved CompleteMission
[13:29:52] [TASK] Heinrich → FulfillMission [ScoutPoi] (goal=CompleteMission)
[13:29:52] [MISSION] Heinrich completed ScoutPoi → Abandoned Camp (+160 RU)
[13:29:52] [GOAL] Heinrich achieved CompleteMission
[13:29:52] [TASK] Taras → FulfillMission [ScoutPoi] (goal=CompleteMission)
[13:29:52] [MISSION] Taras completed ScoutPoi → Abandoned Camp (+160 RU)
[13:29:52] [GOAL] Taras achieved CompleteMission
[13:29:52] [TASK] Zura → FulfillMission [ScoutPoi] (goal=CompleteMission)
[13:29:52] [MISSION] Zura completed ScoutPoi → Abandoned Bus (+160 RU)
[13:29:52] [GOAL] Zura achieved CompleteMission
[13:29:52] [TASK] Dmytro → FulfillMission [ScoutPoi] (goal=CompleteMission)
[13:29:52] [MISSION] Dmytro completed ScoutPoi → Abandoned Outpost (+160 RU)
[13:29:52] [GOAL] Dmytro achieved CompleteMission
[13:29:52] [TASK] Nikolai → FulfillMission [ScoutPoi] (goal=CompleteMission)
[13:29:52] [MISSION] Nikolai completed ScoutPoi → Forgotten Outpost (+176 RU)
[13:29:52] [GOAL] Nikolai achieved CompleteMission
[13:29:52] [MISSION] Bakhyt accepted ScoutPoi @ Duga Radar (160 RU)
[13:29:52] [TASK] Bakhyt → AcceptMission [ScoutPoi] (goal=AcceptMission)
[13:29:52] [GOAL] Bakhyt achieved AcceptMission
[13:29:52] [MISSION] Vasyl accepted ScoutPoi @ Dark Valley (160 RU)
[13:29:52] [TASK] Vasyl → AcceptMission [ScoutPoi] (goal=AcceptMission)
[13:29:52] [GOAL] Vasyl achieved AcceptMission
[13:29:52] [MISSION] Bakhyt accepted ScoutPoi @ Meadow (160 RU)
[13:29:52] [TASK] Bakhyt → AcceptMission [ScoutPoi] (goal=AcceptMission)
[13:29:52] [GOAL] Bakhyt achieved AcceptMission
[13:29:52] [MISSION] Marcus accepted ScoutPoi @ Yantar (160 RU)
[13:29:52] [TASK] Marcus → AcceptMission [ScoutPoi] (goal=AcceptMission)
[13:29:52] [GOAL] Marcus achieved AcceptMission
[13:29:52] [MISSION] Rustam accepted ScoutPoi @ Chernobyl Town (160 RU)
[13:29:52] [TASK] Rustam → AcceptMission [ScoutPoi] (goal=AcceptMission)
[13:29:52] [GOAL] Rustam achieved AcceptMission
[13:29:52] [MISSION] Oleksiy accepted ScoutPoi @ Rostok (176 RU)
[13:29:52] [TASK] Oleksiy → AcceptMission [ScoutPoi] (goal=AcceptMission)
[13:29:52] [GOAL] Oleksiy achieved AcceptMission
[13:29:52] [MISSION] Dmytro accepted ScoutPoi @ Garbage (160 RU)
[13:29:52] [TASK] Dmytro → AcceptMission [ScoutPoi] (goal=AcceptMission)
[13:29:52] [GOAL] Dmytro achieved AcceptMission
[13:29:52] [MISSION] Oleg accepted ScoutPoi @ Meadow (160 RU)
[13:29:52] [TASK] Oleg → AcceptMission [ScoutPoi] (goal=AcceptMission)
[13:29:52] [GOAL] Oleg achieved AcceptMission
[13:29:52] [MISSION] Karl accepted ScoutPoi @ Duga Radar (160 RU)
[13:29:52] [TASK] Karl → AcceptMission [ScoutPoi] (goal=AcceptMission)
[13:29:52] [GOAL] Karl achieved AcceptMission
[13:29:52] [MISSION] Oleksiy accepted ScoutPoi @ Dark Valley (160 RU)
[13:29:52] [TASK] Oleksiy → AcceptMission [ScoutPoi] (goal=AcceptMission)
[13:29:52] [GOAL] Oleksiy achieved AcceptMission
[13:29:52] [MISSION] Dmitri accepted ScoutPoi @ Agroprom (160 RU)
[13:29:52] [TASK] Dmitri → AcceptMission [ScoutPoi] (goal=AcceptMission)
[13:29:52] [GOAL] Dmitri achieved AcceptMission
[13:29:52] [MISSION] Oleksiy accepted ScoutPoi @ Yantar (160 RU)
[13:29:52] [TASK] Oleksiy → AcceptMission [ScoutPoi] (goal=AcceptMission)
[13:29:52] [GOAL] Oleksiy achieved AcceptMission
[13:29:52] [MISSION] Sergei accepted ScoutPoi @ Garbage (160 RU)
[13:29:52] [TASK] Sergei → AcceptMission [ScoutPoi] (goal=AcceptMission)
[13:29:52] [GOAL] Sergei achieved AcceptMission
[13:29:52] [MISSION] Professor accepted ScoutPoi @ Yantar (160 RU)
[13:29:52] [TASK] Professor → AcceptMission [ScoutPoi] (goal=AcceptMission)
[13:29:52] [GOAL] Professor achieved AcceptMission
[13:29:52] [MISSION] Barkeep accepted ScoutPoi @ Rostok (176 RU)
[13:29:52] [TASK] Barkeep → AcceptMission [ScoutPoi] (goal=AcceptMission)
[13:29:52] [GOAL] Barkeep achieved AcceptMission
[13:29:52] [MISSION] Sidorovich accepted ScoutPoi @ Cordon (160 RU)
[13:29:52] [TASK] Sidorovich → AcceptMission [ScoutPoi] (goal=AcceptMission)
[13:29:52] [GOAL] Sidorovich achieved AcceptMission
[13:29:52] [MISSION] Nikolai accepted ScoutPoi @ Agroprom (160 RU)
[13:29:52] [TASK] Nikolai → AcceptMission [ScoutPoi] (goal=AcceptMission)
[13:29:52] [GOAL] Nikolai achieved AcceptMission
[13:29:52] [MISSION] Frank accepted ScoutPoi @ Truck Cemetery (176 RU)
[13:29:52] [TASK] Frank → AcceptMission [ScoutPoi] (goal=AcceptMission)
[13:29:52] [GOAL] Frank achieved AcceptMission
[13:29:52] [MISSION] Bohdan accepted ScoutPoi @ Army Warehouses (184 RU)
[13:29:52] [TASK] Bohdan → AcceptMission [ScoutPoi] (goal=AcceptMission)
[13:29:52] [GOAL] Bohdan achieved AcceptMission
[13:29:52] [MISSION] Alexei accepted ScoutPoi @ Chernobyl Town (160 RU)
[13:29:52] [TASK] Alexei → AcceptMission [ScoutPoi] (goal=AcceptMission)
[13:29:52] [GOAL] Alexei achieved AcceptMission
[13:29:52] [MISSION] Alexei accepted ScoutPoi @ Zalissya (160 RU)
[13:29:52] [TASK] Alexei → AcceptMission [ScoutPoi] (goal=AcceptMission)
[13:29:52] [GOAL] Alexei achieved AcceptMission
[13:29:52] [MISSION] Alexei accepted ScoutPoi @ Yantar (160 RU)
[13:29:52] [TASK] Alexei → AcceptMission [ScoutPoi] (goal=AcceptMission)
[13:29:52] [GOAL] Alexei achieved AcceptMission
[13:29:52] [MISSION] Dmitri accepted ScoutPoi @ Zalissya (160 RU)
[13:29:52] [TASK] Dmitri → AcceptMission [ScoutPoi] (goal=AcceptMission)
[13:29:52] [GOAL] Dmitri achieved AcceptMission
[13:29:52] [MISSION] Heinrich accepted ScoutPoi @ Duga Radar (160 RU)
[13:29:52] [TASK] Heinrich → AcceptMission [ScoutPoi] (goal=AcceptMission)
[13:29:52] [GOAL] Heinrich achieved AcceptMission
[13:29:52] [MISSION] Rustam accepted ScoutPoi @ Yantar (160 RU)
[13:29:52] [TASK] Rustam → AcceptMission [ScoutPoi] (goal=AcceptMission)
[13:29:52] [GOAL] Rustam achieved AcceptMission
[13:29:52] [MISSION] Pierre accepted ScoutPoi @ Duga Radar (160 RU)
[13:29:52] [TASK] Pierre → AcceptMission [ScoutPoi] (goal=AcceptMission)
[13:29:52] [GOAL] Pierre achieved AcceptMission
[13:29:52] [MISSION] Serhiy accepted ScoutPoi @ Truck Cemetery (176 RU)
[13:29:52] [TASK] Serhiy → AcceptMission [ScoutPoi] (goal=AcceptMission)
[13:29:52] [GOAL] Serhiy achieved AcceptMission
[13:29:52] [MISSION] Serhiy accepted ScoutPoi @ Army Warehouses (184 RU)
[13:29:52] [TASK] Serhiy → AcceptMission [ScoutPoi] (goal=AcceptMission)
[13:29:52] [GOAL] Serhiy achieved AcceptMission
[13:29:52] [MISSION] Bakhyt accepted ScoutPoi @ Rostok (176 RU)
[13:29:52] [TASK] Bakhyt → AcceptMission [ScoutPoi] (goal=AcceptMission)
[13:29:52] [GOAL] Bakhyt achieved AcceptMission
[13:29:52] [MISSION] Taras accepted ScoutPoi @ Duga Radar (160 RU)
[13:29:52] [TASK] Taras → AcceptMission [ScoutPoi] (goal=AcceptMission)
[13:29:52] [GOAL] Taras achieved AcceptMission
[13:29:52] [MISSION] Viktor accepted ScoutPoi @ Rostok (176 RU)
[13:29:52] [TASK] Viktor → AcceptMission [ScoutPoi] (goal=AcceptMission)
[13:29:52] [GOAL] Viktor achieved AcceptMission
[13:29:52] [MISSION] Marcus accepted ScoutPoi @ Yantar (160 RU)
[13:29:52] [TASK] Marcus → AcceptMission [ScoutPoi] (goal=AcceptMission)
[13:29:52] [GOAL] Marcus achieved AcceptMission
[13:29:52] [MISSION] Dmitri accepted ScoutPoi @ Chernobyl Town (160 RU)
[13:29:52] [TASK] Dmitri → AcceptMission [ScoutPoi] (goal=AcceptMission)
[13:29:52] [GOAL] Dmitri achieved AcceptMission
[13:29:52] [MISSION] Taras accepted ScoutPoi @ Army Warehouses (184 RU)
[13:29:52] [TASK] Taras → AcceptMission [ScoutPoi] (goal=AcceptMission)
[13:29:52] [GOAL] Taras achieved AcceptMission
[13:29:52] [MISSION] Andrei accepted ScoutPoi @ Garbage (160 RU)
[13:29:52] [TASK] Andrei → AcceptMission [ScoutPoi] (goal=AcceptMission)
[13:29:52] [GOAL] Andrei achieved AcceptMission
[13:29:52] [MISSION] Sergei accepted ScoutPoi @ Chernobyl Town (160 RU)
[13:29:52] [TASK] Sergei → AcceptMission [ScoutPoi] (goal=AcceptMission)
[13:29:52] [GOAL] Sergei achieved AcceptMission
[13:29:52] [MISSION] Bakhyt accepted ScoutPoi @ Agroprom (160 RU)
[13:29:52] [TASK] Bakhyt → AcceptMission [ScoutPoi] (goal=AcceptMission)
[13:29:52] [GOAL] Bakhyt achieved AcceptMission
[13:29:52] [MISSION] Andrei accepted ScoutPoi @ Garbage (160 RU)
[13:29:52] [TASK] Andrei → AcceptMission [ScoutPoi] (goal=AcceptMission)
[13:29:52] [GOAL] Andrei achieved AcceptMission
[13:29:52] [MISSION] Vasyl accepted ScoutPoi @ Rostok (176 RU)
[13:29:52] [TASK] Vasyl → AcceptMission [ScoutPoi] (goal=AcceptMission)
[13:29:52] [GOAL] Vasyl achieved AcceptMission
[13:29:52] [MISSION] Heinrich accepted ScoutPoi @ Yantar (160 RU)
[13:29:52] [TASK] Heinrich → AcceptMission [ScoutPoi] (goal=AcceptMission)
[13:29:52] [GOAL] Heinrich achieved AcceptMission
[13:29:52] [MISSION] Taras accepted ScoutPoi @ Yantar (160 RU)
[13:29:52] [TASK] Taras → AcceptMission [ScoutPoi] (goal=AcceptMission)
[13:29:52] [GOAL] Taras achieved AcceptMission
[13:29:52] [MISSION] Zura accepted ScoutPoi @ Zalissya (160 RU)
[13:29:52] [TASK] Zura → AcceptMission [ScoutPoi] (goal=AcceptMission)
[13:29:52] [GOAL] Zura achieved AcceptMission
[13:29:52] [MISSION] Dmytro accepted ScoutPoi @ Meadow (160 RU)
[13:29:52] [TASK] Dmytro → AcceptMission [ScoutPoi] (goal=AcceptMission)
[13:29:52] [GOAL] Dmytro achieved AcceptMission
[13:29:52] [MISSION] Nikolai accepted ScoutPoi @ Rostok (176 RU)
[13:29:52] [TASK] Nikolai → AcceptMission [ScoutPoi] (goal=AcceptMission)
[13:29:52] [GOAL] Nikolai achieved AcceptMission
[13:30:00] [INBOUND] Initial +12 stalkers, +9 mutants (remaining S=1146 M=767)
[13:30:00] [SNAPSHOT] real=1.7min game=D0 00:02 alive S=309 M=204 corpses=167 lootable=44 gammaGear out=178 helm=266 avgRU=999 leaderGoals trade=0 mission=43 emission=Dormant nextIn=100gmin desperate=0 hungry=0 interval deaths=27 combats=44 tasks=286 gearLoot=5 gearBuy=0 missions=286 corpseDespawn=0 trickleSpawns=0 ranks=[Rookie:263,Trainee:8,Experienced:3,Professional:25,Veteran:10] goals=[Idle:75,CompleteMission::40,AcceptMission::3,Traveling:2] leaders: Nikolai[Rookie/CompleteMission:], Frank[Rookie/CompleteMission:], Dmytro[Rookie/Idle], Lars[Rookie/Idle], Yuriy[Rookie/Idle]
[13:30:00] [MISSION] Igor accepted ScoutPoi @ Limansk (160 RU)
[13:30:00] [TASK] Igor → AcceptMission [ScoutPoi] (goal=AcceptMission)
[13:30:00] [GOAL] Igor achieved AcceptMission
[13:30:00] [MISSION] Serhiy accepted ScoutPoi @ Great Swamps (160 RU)
[13:30:00] [TASK] Serhiy → AcceptMission [ScoutPoi] (goal=AcceptMission)
[13:30:00] [GOAL] Serhiy achieved AcceptMission
[13:30:00] [MISSION] Nodar accepted ScoutPoi @ Agroprom (160 RU)
[13:30:00] [TASK] Nodar → AcceptMission [ScoutPoi] (goal=AcceptMission)
[13:30:00] [GOAL] Nodar achieved AcceptMission
[13:30:00] [RANK] Andrei Ivanov 'Bone' → Experienced
[13:30:00] [GEAR] Andrei looted [helm_helm_respirator_old] via combat
[13:30:02] [INBOUND] Initial +13 stalkers, +8 mutants (remaining S=1133 M=759)
[13:30:02] [MISSION] Mikhail accepted ScoutPoi @ Generators (160 RU)
[13:30:02] [TASK] Mikhail → AcceptMission [ScoutPoi] (goal=AcceptMission)
[13:30:02] [GOAL] Mikhail achieved AcceptMission
[13:30:02] [MISSION] Andrei accepted ScoutPoi @ Deserted Hospital (160 RU)
[13:30:02] [TASK] Andrei → AcceptMission [ScoutPoi] (goal=AcceptMission)
[13:30:02] [GOAL] Andrei achieved AcceptMission
[13:30:02] [MISSION] Oleg accepted ScoutPoi @ Garbage (160 RU)
[13:30:02] [TASK] Oleg → AcceptMission [ScoutPoi] (goal=AcceptMission)
[13:30:02] [GOAL] Oleg achieved AcceptMission
[13:30:02] [MISSION] Andriy accepted ScoutPoi @ Cordon (160 RU)
[13:30:02] [TASK] Andriy → AcceptMission [ScoutPoi] (goal=AcceptMission)
[13:30:02] [GOAL] Andriy achieved AcceptMission
[13:30:02] [MISSION] Nikolai accepted ScoutPoi @ Rostok (176 RU)
[13:30:02] [TASK] Nikolai → AcceptMission [ScoutPoi] (goal=AcceptMission)
[13:30:02] [GOAL] Nikolai achieved AcceptMission
[13:30:04] [INBOUND] Initial +12 stalkers, +8 mutants (remaining S=1121 M=751)
[13:30:04] [MISSION] Nikolai accepted ScoutPoi @ Radar (Brain Scorcher) (160 RU)
[13:30:04] [TASK] Nikolai → AcceptMission [ScoutPoi] (goal=AcceptMission)
[13:30:04] [GOAL] Nikolai achieved AcceptMission
[13:30:04] [MISSION] Bohdan accepted ScoutPoi @ Truck Cemetery (176 RU)
[13:30:04] [TASK] Bohdan → AcceptMission [ScoutPoi] (goal=AcceptMission)
[13:30:04] [GOAL] Bohdan achieved AcceptMission
[13:30:04] [MISSION] Taras accepted ScoutPoi @ Meadow (160 RU)
[13:30:04] [TASK] Taras → AcceptMission [ScoutPoi] (goal=AcceptMission)
[13:30:04] [GOAL] Taras achieved AcceptMission
[13:30:04] [MISSION] Serhiy accepted ScoutPoi @ Chernobyl NPP (160 RU)
[13:30:04] [TASK] Serhiy → AcceptMission [ScoutPoi] (goal=AcceptMission)
[13:30:04] [GOAL] Serhiy achieved AcceptMission
[13:30:04] [MISSION] Pavel accepted ScoutPoi @ Great Swamps (160 RU)
[13:30:04] [TASK] Pavel → AcceptMission [ScoutPoi] (goal=AcceptMission)
[13:30:04] [GOAL] Pavel achieved AcceptMission
[13:30:05] [TASK] Serhiy → FulfillMission [ScoutPoi] (goal=CompleteMission)
[13:30:05] [MISSION] Serhiy completed ScoutPoi → Makeshift Watchtower (+176 RU)
[13:30:05] [GOAL] Serhiy achieved CompleteMission
[13:30:05] [TASK] Serhiy → FulfillMission [ScoutPoi] (goal=CompleteMission)
[13:30:05] [MISSION] Serhiy completed ScoutPoi → Checkpoint South (+184 RU)
[13:30:05] [GOAL] Serhiy achieved CompleteMission
[13:30:05] [TASK] Bakhyt → FulfillMission [ScoutPoi] (goal=CompleteMission)
[13:30:05] [MISSION] Bakhyt completed ScoutPoi → Forgotten Outpost (+176 RU)
[13:30:05] [GOAL] Bakhyt achieved CompleteMission
[13:30:05] [TASK] Taras → FulfillMission [ScoutPoi] (goal=CompleteMission)
[13:30:05] [MISSION] Taras completed ScoutPoi → Abandoned Camp (+160 RU)
[13:30:05] [GOAL] Taras achieved CompleteMission
[13:30:05] [TASK] Viktor → FulfillMission [ScoutPoi] (goal=CompleteMission)
[13:30:05] [MISSION] Viktor completed ScoutPoi → Forgotten Outpost (+176 RU)
[13:30:05] [GOAL] Viktor achieved CompleteMission
[13:30:05] [TASK] Marcus → FulfillMission [ScoutPoi] (goal=CompleteMission)
[13:30:05] [MISSION] Marcus completed ScoutPoi → Abandoned Camp (+160 RU)
[13:30:05] [GOAL] Marcus achieved CompleteMission
[13:30:05] [TASK] Dmitri → FulfillMission [ScoutPoi] (goal=CompleteMission)
[13:30:05] [MISSION] Dmitri completed ScoutPoi → Abandoned Bus (+160 RU)
[13:30:05] [GOAL] Dmitri achieved CompleteMission
[13:30:05] [TASK] Taras → FulfillMission [ScoutPoi] (goal=CompleteMission)
[13:30:05] [MISSION] Taras completed ScoutPoi → Checkpoint South (+184 RU)
[13:30:05] [GOAL] Taras achieved CompleteMission
[13:30:05] [TASK] Andrei → FulfillMission [ScoutPoi] (goal=CompleteMission)
[13:30:05] [MISSION] Andrei completed ScoutPoi → Abandoned Bus (+160 RU)
[13:30:05] [GOAL] Andrei achieved CompleteMission
[13:30:05] [TASK] Sergei → FulfillMission [ScoutPoi] (goal=CompleteMission)
[13:30:05] [MISSION] Sergei completed ScoutPoi → Abandoned Bus (+160 RU)
[13:30:05] [GOAL] Sergei achieved CompleteMission
[13:30:05] [TASK] Bakhyt → FulfillMission [ScoutPoi] (goal=CompleteMission)
[13:30:05] [MISSION] Bakhyt completed ScoutPoi → Abandoned Camp (+160 RU)
[13:30:05] [GOAL] Bakhyt achieved CompleteMission
[13:30:05] [TASK] Andrei → FulfillMission [ScoutPoi] (goal=CompleteMission)
[13:30:05] [MISSION] Andrei completed ScoutPoi → Abandoned Bus (+160 RU)
[13:30:05] [GOAL] Andrei achieved CompleteMission
[13:30:05] [TASK] Vasyl → FulfillMission [ScoutPoi] (goal=CompleteMission)
[13:30:05] [MISSION] Vasyl completed ScoutPoi → Forgotten Outpost (+176 RU)
[13:30:05] [GOAL] Vasyl achieved CompleteMission
[13:30:05] [TASK] Heinrich → FulfillMission [ScoutPoi] (goal=CompleteMission)
[13:30:05] [MISSION] Heinrich completed ScoutPoi → Abandoned Camp (+160 RU)
[13:30:05] [GOAL] Heinrich achieved CompleteMission
[13:30:05] [TASK] Taras → FulfillMission [ScoutPoi] (goal=CompleteMission)
[13:30:05] [MISSION] Taras completed ScoutPoi → Abandoned Camp (+160 RU)
[13:30:05] [GOAL] Taras achieved CompleteMission
[13:30:05] [TASK] Zura → FulfillMission [ScoutPoi] (goal=CompleteMission)
[13:30:05] [MISSION] Zura completed ScoutPoi → Abandoned Bus (+160 RU)
[13:30:05] [GOAL] Zura achieved CompleteMission
[13:30:05] [TASK] Dmytro → FulfillMission [ScoutPoi] (goal=CompleteMission)
[13:30:05] [MISSION] Dmytro completed ScoutPoi → Abandoned Outpost (+160 RU)
[13:30:05] [GOAL] Dmytro achieved CompleteMission
[13:30:05] [TASK] Nikolai → FulfillMission [ScoutPoi] (goal=CompleteMission)
[13:30:05] [MISSION] Nikolai completed ScoutPoi → Forgotten Outpost (+176 RU)
[13:30:05] [GOAL] Nikolai achieved CompleteMission
[13:30:05] [TASK] Bakhyt → FulfillMission [ScoutPoi] (goal=CompleteMission)
[13:30:05] [MISSION] Bakhyt completed ScoutPoi → Abandoned Camp (+160 RU)
[13:30:05] [GOAL] Bakhyt achieved CompleteMission
[13:30:05] [TASK] Vasyl → FulfillMission [ScoutPoi] (goal=CompleteMission)
[13:30:05] [MISSION] Vasyl completed ScoutPoi → Abandoned Bus (+160 RU)
[13:30:05] [GOAL] Vasyl achieved CompleteMission
[13:30:05] [TASK] Bakhyt → FulfillMission [ScoutPoi] (goal=CompleteMission)
[13:30:05] [MISSION] Bakhyt completed ScoutPoi → Abandoned Outpost (+160 RU)
[13:30:05] [GOAL] Bakhyt achieved CompleteMission
[13:30:05] [TASK] Marcus → FulfillMission [ScoutPoi] (goal=CompleteMission)
[13:30:05] [MISSION] Marcus completed ScoutPoi → Abandoned Camp (+160 RU)
[13:30:05] [GOAL] Marcus achieved CompleteMission
[13:30:05] [TASK] Rustam → FulfillMission [ScoutPoi] (goal=CompleteMission)
[13:30:05] [MISSION] Rustam completed ScoutPoi → Abandoned Bus (+160 RU)
[13:30:05] [GOAL] Rustam achieved CompleteMission
[13:30:05] [TASK] Oleksiy → FulfillMission [ScoutPoi] (goal=CompleteMission)
[13:30:05] [MISSION] Oleksiy completed ScoutPoi → Forgotten Outpost (+176 RU)
[13:30:05] [GOAL] Oleksiy achieved CompleteMission
[13:30:05] [TASK] Dmytro → FulfillMission [ScoutPoi] (goal=CompleteMission)
[13:30:05] [MISSION] Dmytro completed ScoutPoi → Abandoned Bus (+160 RU)
[13:30:05] [GOAL] Dmytro achieved CompleteMission
[13:30:05] [TASK] Oleg → FulfillMission [ScoutPoi] (goal=CompleteMission)
[13:30:05] [MISSION] Oleg completed ScoutPoi → Abandoned Outpost (+160 RU)
[13:30:05] [GOAL] Oleg achieved CompleteMission
[13:30:05] [TASK] Karl → FulfillMission [ScoutPoi] (goal=CompleteMission)
[13:30:05] [MISSION] Karl completed ScoutPoi → Abandoned Camp (+160 RU)
[13:30:05] [GOAL] Karl achieved CompleteMission
[13:30:05] [TASK] Oleksiy → FulfillMission [ScoutPoi] (goal=CompleteMission)
[13:30:05] [MISSION] Oleksiy completed ScoutPoi → Abandoned Bus (+160 RU)
[13:30:05] [GOAL] Oleksiy achieved CompleteMission
[13:30:05] [TASK] Dmitri → FulfillMission [ScoutPoi] (goal=CompleteMission)
[13:30:05] [MISSION] Dmitri completed ScoutPoi → Abandoned Camp (+160 RU)
[13:30:05] [GOAL] Dmitri achieved CompleteMission
[13:30:05] [TASK] Oleksiy → FulfillMission [ScoutPoi] (goal=CompleteMission)
[13:30:05] [MISSION] Oleksiy completed ScoutPoi → Abandoned Camp (+160 RU)
[13:30:05] [GOAL] Oleksiy achieved CompleteMission
[13:30:05] [TASK] Bohdan → FulfillMission [ScoutPoi] (goal=CompleteMission)
[13:30:05] [MISSION] Bohdan completed ScoutPoi → Makeshift Watchtower (+176 RU)
[13:30:05] [GOAL] Bohdan achieved CompleteMission
[13:30:05] [TASK] Taras → FulfillMission [ScoutPoi] (goal=CompleteMission)
[13:30:05] [MISSION] Taras completed ScoutPoi → Abandoned Outpost (+160 RU)
[13:30:05] [GOAL] Taras achieved CompleteMission
[13:30:05] [TASK] Pavel → FulfillMission [ScoutPoi] (goal=CompleteMission)
[13:30:05] [MISSION] Pavel completed ScoutPoi → Forgotten Outpost (+160 RU)
[13:30:05] [GOAL] Pavel achieved CompleteMission
[13:30:05] [TASK] Oleg → FulfillMission [ScoutPoi] (goal=CompleteMission)
[13:30:05] [MISSION] Oleg completed ScoutPoi → Abandoned Bus (+160 RU)
[13:30:05] [GOAL] Oleg achieved CompleteMission
[13:30:05] [TASK] Andriy → FulfillMission [ScoutPoi] (goal=CompleteMission)
[13:30:05] [MISSION] Andriy completed ScoutPoi → Abandoned Outpost (+160 RU)
[13:30:05] [GOAL] Andriy achieved CompleteMission
[13:30:05] [TASK] Nikolai → FulfillMission [ScoutPoi] (goal=CompleteMission)
[13:30:05] [MISSION] Nikolai completed ScoutPoi → Forgotten Outpost (+176 RU)
[13:30:05] [GOAL] Nikolai achieved CompleteMission
[13:30:05] [TASK] Serhiy → FulfillMission [ScoutPoi] (goal=CompleteMission)
[13:30:05] [MISSION] Serhiy completed ScoutPoi → Forgotten Outpost (+160 RU)
[13:30:05] [GOAL] Serhiy achieved CompleteMission
[13:30:05] [TASK] Nodar → FulfillMission [ScoutPoi] (goal=CompleteMission)
[13:30:05] [MISSION] Nodar completed ScoutPoi → Abandoned Camp (+160 RU)
[13:30:05] [GOAL] Nodar achieved CompleteMission
[13:30:05] [TASK] Professor → FulfillMission [ScoutPoi] (goal=CompleteMission)
[13:30:05] [MISSION] Professor completed ScoutPoi → Abandoned Camp (+160 RU)
[13:30:05] [GOAL] Professor achieved CompleteMission
[13:30:05] [TASK] Barkeep → FulfillMission [ScoutPoi] (goal=CompleteMission)
[13:30:05] [MISSION] Barkeep completed ScoutPoi → Forgotten Outpost (+176 RU)
[13:30:05] [GOAL] Barkeep achieved CompleteMission
[13:30:05] [TASK] Sidorovich → FulfillMission [ScoutPoi] (goal=CompleteMission)
[13:30:05] [MISSION] Sidorovich completed ScoutPoi → Abandoned Outpost (+160 RU)
[13:30:05] [GOAL] Sidorovich achieved CompleteMission
[13:30:05] [TASK] Nikolai → FulfillMission [ScoutPoi] (goal=CompleteMission)
[13:30:05] [MISSION] Nikolai completed ScoutPoi → Abandoned Camp (+160 RU)
[13:30:05] [GOAL] Nikolai achieved CompleteMission
[13:30:05] [TASK] Frank → FulfillMission [ScoutPoi] (goal=CompleteMission)
[13:30:05] [MISSION] Frank completed ScoutPoi → Makeshift Watchtower (+176 RU)
[13:30:05] [GOAL] Frank achieved CompleteMission
[13:30:05] [TASK] Bohdan → FulfillMission [ScoutPoi] (goal=CompleteMission)
[13:30:05] [MISSION] Bohdan completed ScoutPoi → Checkpoint South (+184 RU)
[13:30:05] [GOAL] Bohdan achieved CompleteMission
[13:30:05] [TASK] Alexei → FulfillMission [ScoutPoi] (goal=CompleteMission)
[13:30:05] [MISSION] Alexei completed ScoutPoi → Abandoned Bus (+160 RU)
[13:30:05] [GOAL] Alexei achieved CompleteMission
[13:30:05] [TASK] Alexei → FulfillMission [ScoutPoi] (goal=CompleteMission)
[13:30:05] [MISSION] Alexei completed ScoutPoi → Abandoned Bus (+160 RU)
[13:30:05] [GOAL] Alexei achieved CompleteMission
[13:30:05] [TASK] Alexei → FulfillMission [ScoutPoi] (goal=CompleteMission)
[13:30:05] [MISSION] Alexei completed ScoutPoi → Abandoned Camp (+160 RU)
[13:30:05] [GOAL] Alexei achieved CompleteMission
[13:30:05] [TASK] Dmitri → FulfillMission [ScoutPoi] (goal=CompleteMission)
[13:30:05] [MISSION] Dmitri completed ScoutPoi → Abandoned Bus (+160 RU)
[13:30:05] [GOAL] Dmitri achieved CompleteMission
[13:30:06] [TASK] Heinrich → FulfillMission [ScoutPoi] (goal=CompleteMission)
[13:30:06] [MISSION] Heinrich completed ScoutPoi → Abandoned Camp (+160 RU)
[13:30:06] [GOAL] Heinrich achieved CompleteMission
[13:30:06] [TASK] Rustam → FulfillMission [ScoutPoi] (goal=CompleteMission)
[13:30:06] [MISSION] Rustam completed ScoutPoi → Abandoned Camp (+160 RU)
[13:30:06] [GOAL] Rustam achieved CompleteMission
[13:30:06] [TASK] Pierre → FulfillMission [ScoutPoi] (goal=CompleteMission)
[13:30:06] [MISSION] Pierre completed ScoutPoi → Abandoned Camp (+160 RU)
[13:30:06] [GOAL] Pierre achieved CompleteMission
[13:30:06] [MISSION] Serhiy accepted ScoutPoi @ Truck Cemetery (176 RU)
[13:30:06] [TASK] Serhiy → AcceptMission [ScoutPoi] (goal=AcceptMission)
[13:30:06] [GOAL] Serhiy achieved AcceptMission
[13:30:06] [MISSION] Serhiy accepted ScoutPoi @ Army Warehouses (184 RU)
[13:30:06] [TASK] Serhiy → AcceptMission [ScoutPoi] (goal=AcceptMission)
[13:30:06] [GOAL] Serhiy achieved AcceptMission
[13:30:06] [MISSION] Bakhyt accepted ScoutPoi @ Rostok (176 RU)
[13:30:06] [TASK] Bakhyt → AcceptMission [ScoutPoi] (goal=AcceptMission)
[13:30:06] [GOAL] Bakhyt achieved AcceptMission
[13:30:06] [MISSION] Taras accepted ScoutPoi @ Duga Radar (160 RU)
[13:30:06] [TASK] Taras → AcceptMission [ScoutPoi] (goal=AcceptMission)
[13:30:06] [GOAL] Taras achieved AcceptMission
[13:30:06] [MISSION] Viktor accepted ScoutPoi @ Rostok (176 RU)
[13:30:06] [TASK] Viktor → AcceptMission [ScoutPoi] (goal=AcceptMission)
[13:30:06] [GOAL] Viktor achieved AcceptMission
[13:30:06] [MISSION] Marcus accepted ScoutPoi @ Yantar (160 RU)
[13:30:06] [TASK] Marcus → AcceptMission [ScoutPoi] (goal=AcceptMission)
[13:30:06] [GOAL] Marcus achieved AcceptMission
[13:30:06] [MISSION] Dmitri accepted ScoutPoi @ Chernobyl Town (160 RU)
[13:30:06] [TASK] Dmitri → AcceptMission [ScoutPoi] (goal=AcceptMission)
[13:30:06] [GOAL] Dmitri achieved AcceptMission
[13:30:06] [MISSION] Taras accepted ScoutPoi @ Army Warehouses (184 RU)
[13:30:06] [TASK] Taras → AcceptMission [ScoutPoi] (goal=AcceptMission)
[13:30:06] [GOAL] Taras achieved AcceptMission
[13:30:06] [MISSION] Andrei accepted ScoutPoi @ Garbage (160 RU)
[13:30:06] [TASK] Andrei → AcceptMission [ScoutPoi] (goal=AcceptMission)
[13:30:06] [GOAL] Andrei achieved AcceptMission
[13:30:06] [MISSION] Sergei accepted ScoutPoi @ Chernobyl Town (160 RU)
[13:30:06] [TASK] Sergei → AcceptMission [ScoutPoi] (goal=AcceptMission)
[13:30:06] [GOAL] Sergei achieved AcceptMission
[13:30:06] [MISSION] Bakhyt accepted ScoutPoi @ Agroprom (160 RU)
[13:30:06] [TASK] Bakhyt → AcceptMission [ScoutPoi] (goal=AcceptMission)
[13:30:06] [GOAL] Bakhyt achieved AcceptMission
[13:30:06] [MISSION] Andrei accepted ScoutPoi @ Garbage (160 RU)
[13:30:06] [TASK] Andrei → AcceptMission [ScoutPoi] (goal=AcceptMission)
[13:30:06] [GOAL] Andrei achieved AcceptMission
[13:30:06] [MISSION] Vasyl accepted ScoutPoi @ Rostok (176 RU)
[13:30:06] [TASK] Vasyl → AcceptMission [ScoutPoi] (goal=AcceptMission)
[13:30:06] [GOAL] Vasyl achieved AcceptMission
[13:30:06] [MISSION] Heinrich accepted ScoutPoi @ Yantar (160 RU)
[13:30:06] [TASK] Heinrich → AcceptMission [ScoutPoi] (goal=AcceptMission)
[13:30:06] [GOAL] Heinrich achieved AcceptMission
[13:30:06] [MISSION] Taras accepted ScoutPoi @ Yantar (160 RU)
[13:30:06] [TASK] Taras → AcceptMission [ScoutPoi] (goal=AcceptMission)
[13:30:06] [GOAL] Taras achieved AcceptMission
[13:30:06] [MISSION] Zura accepted ScoutPoi @ Zalissya (160 RU)
[13:30:06] [TASK] Zura → AcceptMission [ScoutPoi] (goal=AcceptMission)
[13:30:06] [GOAL] Zura achieved AcceptMission
[13:30:06] [MISSION] Dmytro accepted ScoutPoi @ Meadow (160 RU)
[13:30:06] [TASK] Dmytro → AcceptMission [ScoutPoi] (goal=AcceptMission)
[13:30:06] [GOAL] Dmytro achieved AcceptMission
[13:30:06] [MISSION] Nikolai accepted ScoutPoi @ Rostok (176 RU)
[13:30:06] [TASK] Nikolai → AcceptMission [ScoutPoi] (goal=AcceptMission)
[13:30:06] [GOAL] Nikolai achieved AcceptMission
[13:30:06] [MISSION] Bakhyt accepted ScoutPoi @ Duga Radar (160 RU)
[13:30:06] [TASK] Bakhyt → AcceptMission [ScoutPoi] (goal=AcceptMission)
[13:30:06] [GOAL] Bakhyt achieved AcceptMission
[13:30:06] [MISSION] Vasyl accepted ScoutPoi @ Dark Valley (160 RU)
[13:30:06] [TASK] Vasyl → AcceptMission [ScoutPoi] (goal=AcceptMission)
[13:30:06] [GOAL] Vasyl achieved AcceptMission
[13:30:06] [MISSION] Bakhyt accepted ScoutPoi @ Meadow (160 RU)
[13:30:06] [TASK] Bakhyt → AcceptMission [ScoutPoi] (goal=AcceptMission)
[13:30:06] [GOAL] Bakhyt achieved AcceptMission
[13:30:06] [MISSION] Marcus accepted ScoutPoi @ Yantar (160 RU)
[13:30:06] [TASK] Marcus → AcceptMission [ScoutPoi] (goal=AcceptMission)
[13:30:06] [GOAL] Marcus achieved AcceptMission
[13:30:06] [MISSION] Rustam accepted ScoutPoi @ Chernobyl Town (160 RU)
[13:30:06] [TASK] Rustam → AcceptMission [ScoutPoi] (goal=AcceptMission)
[13:30:06] [GOAL] Rustam achieved AcceptMission
[13:30:06] [MISSION] Oleksiy accepted ScoutPoi @ Rostok (176 RU)
[13:30:06] [TASK] Oleksiy → AcceptMission [ScoutPoi] (goal=AcceptMission)
[13:30:06] [GOAL] Oleksiy achieved AcceptMission
[13:30:06] [MISSION] Dmytro accepted ScoutPoi @ Garbage (160 RU)
[13:30:06] [TASK] Dmytro → AcceptMission [ScoutPoi] (goal=AcceptMission)
[13:30:06] [GOAL] Dmytro achieved AcceptMission
[13:30:06] [MISSION] Oleg accepted ScoutPoi @ Meadow (160 RU)
[13:30:06] [TASK] Oleg → AcceptMission [ScoutPoi] (goal=AcceptMission)
[13:30:06] [GOAL] Oleg achieved AcceptMission
[13:30:06] [MISSION] Karl accepted ScoutPoi @ Duga Radar (160 RU)
[13:30:06] [TASK] Karl → AcceptMission [ScoutPoi] (goal=AcceptMission)
[13:30:06] [GOAL] Karl achieved AcceptMission
[13:30:06] [MISSION] Oleksiy accepted ScoutPoi @ Dark Valley (160 RU)
[13:30:06] [TASK] Oleksiy → AcceptMission [ScoutPoi] (goal=AcceptMission)
[13:30:06] [GOAL] Oleksiy achieved AcceptMission
[13:30:06] [MISSION] Dmitri accepted ScoutPoi @ Agroprom (160 RU)
[13:30:06] [TASK] Dmitri → AcceptMission [ScoutPoi] (goal=AcceptMission)
[13:30:06] [GOAL] Dmitri achieved AcceptMission
[13:30:06] [MISSION] Oleksiy accepted ScoutPoi @ Yantar (160 RU)
[13:30:06] [TASK] Oleksiy → AcceptMission [ScoutPoi] (goal=AcceptMission)
[13:30:06] [GOAL] Oleksiy achieved AcceptMission
[13:30:06] [MISSION] Bohdan accepted ScoutPoi @ Truck Cemetery (176 RU)
[13:30:06] [TASK] Bohdan → AcceptMission [ScoutPoi] (goal=AcceptMission)
[13:30:06] [GOAL] Bohdan achieved AcceptMission
[13:30:06] [MISSION] Taras accepted ScoutPoi @ Meadow (160 RU)
[13:30:06] [TASK] Taras → AcceptMission [ScoutPoi] (goal=AcceptMission)
[13:30:06] [GOAL] Taras achieved AcceptMission
[13:30:06] [MISSION] Pavel accepted ScoutPoi @ Great Swamps (160 RU)
[13:30:06] [TASK] Pavel → AcceptMission [ScoutPoi] (goal=AcceptMission)
[13:30:06] [GOAL] Pavel achieved AcceptMission
[13:30:06] [MISSION] Oleg accepted ScoutPoi @ Garbage (160 RU)
[13:30:06] [TASK] Oleg → AcceptMission [ScoutPoi] (goal=AcceptMission)
[13:30:06] [GOAL] Oleg achieved AcceptMission
[13:30:06] [MISSION] Andriy accepted ScoutPoi @ Cordon (160 RU)
[13:30:06] [TASK] Andriy → AcceptMission [ScoutPoi] (goal=AcceptMission)
[13:30:06] [GOAL] Andriy achieved AcceptMission
[13:30:06] [MISSION] Nikolai accepted ScoutPoi @ Rostok (176 RU)
[13:30:06] [TASK] Nikolai → AcceptMission [ScoutPoi] (goal=AcceptMission)
[13:30:06] [GOAL] Nikolai achieved AcceptMission
[13:30:06] [MISSION] Serhiy accepted ScoutPoi @ Great Swamps (160 RU)
[13:30:06] [TASK] Serhiy → AcceptMission [ScoutPoi] (goal=AcceptMission)
[13:30:06] [GOAL] Serhiy achieved AcceptMission
[13:30:06] [MISSION] Nodar accepted ScoutPoi @ Agroprom (160 RU)
[13:30:06] [TASK] Nodar → AcceptMission [ScoutPoi] (goal=AcceptMission)
[13:30:06] [GOAL] Nodar achieved AcceptMission
[13:30:06] [MISSION] Professor accepted ScoutPoi @ Yantar (160 RU)
[13:30:06] [TASK] Professor → AcceptMission [ScoutPoi] (goal=AcceptMission)
[13:30:06] [GOAL] Professor achieved AcceptMission
[13:30:06] [MISSION] Barkeep accepted ScoutPoi @ Rostok (176 RU)
[13:30:06] [TASK] Barkeep → AcceptMission [ScoutPoi] (goal=AcceptMission)
[13:30:06] [GOAL] Barkeep achieved AcceptMission
[13:30:06] [MISSION] Sidorovich accepted ScoutPoi @ Cordon (160 RU)
[13:30:06] [TASK] Sidorovich → AcceptMission [ScoutPoi] (goal=AcceptMission)
[13:30:06] [GOAL] Sidorovich achieved AcceptMission
[13:30:06] [MISSION] Nikolai accepted ScoutPoi @ Agroprom (160 RU)
[13:30:06] [TASK] Nikolai → AcceptMission [ScoutPoi] (goal=AcceptMission)
[13:30:06] [GOAL] Nikolai achieved AcceptMission
[13:30:06] [MISSION] Frank accepted ScoutPoi @ Truck Cemetery (176 RU)
[13:30:06] [TASK] Frank → AcceptMission [ScoutPoi] (goal=AcceptMission)
[13:30:06] [GOAL] Frank achieved AcceptMission
[13:30:06] [MISSION] Bohdan accepted ScoutPoi @ Army Warehouses (184 RU)
[13:30:06] [TASK] Bohdan → AcceptMission [ScoutPoi] (goal=AcceptMission)
[13:30:06] [GOAL] Bohdan achieved AcceptMission
[13:30:06] [MISSION] Alexei accepted ScoutPoi @ Chernobyl Town (160 RU)
[13:30:06] [TASK] Alexei → AcceptMission [ScoutPoi] (goal=AcceptMission)
[13:30:06] [GOAL] Alexei achieved AcceptMission
[13:30:06] [MISSION] Alexei accepted ScoutPoi @ Zalissya (160 RU)
[13:30:06] [TASK] Alexei → AcceptMission [ScoutPoi] (goal=AcceptMission)
[13:30:06] [GOAL] Alexei achieved AcceptMission
[13:30:06] [MISSION] Alexei accepted ScoutPoi @ Yantar (160 RU)
[13:30:06] [TASK] Alexei → AcceptMission [ScoutPoi] (goal=AcceptMission)
[13:30:06] [GOAL] Alexei achieved AcceptMission
[13:30:06] [MISSION] Dmitri accepted ScoutPoi @ Zalissya (160 RU)
[13:30:06] [TASK] Dmitri → AcceptMission [ScoutPoi] (goal=AcceptMission)
[13:30:06] [GOAL] Dmitri achieved AcceptMission
[13:30:06] [MISSION] Heinrich accepted ScoutPoi @ Duga Radar (160 RU)
[13:30:06] [TASK] Heinrich → AcceptMission [ScoutPoi] (goal=AcceptMission)
[13:30:06] [GOAL] Heinrich achieved AcceptMission
[13:30:06] [MISSION] Rustam accepted ScoutPoi @ Yantar (160 RU)
[13:30:06] [TASK] Rustam → AcceptMission [ScoutPoi] (goal=AcceptMission)
[13:30:06] [GOAL] Rustam achieved AcceptMission
[13:30:06] [MISSION] Pierre accepted ScoutPoi @ Duga Radar (160 RU)
[13:30:06] [TASK] Pierre → AcceptMission [ScoutPoi] (goal=AcceptMission)
[13:30:06] [GOAL] Pierre achieved AcceptMission
[13:30:13] [GEAR] Karl looted [wpn_fn2000, arm_duty] via combat
[13:30:13] [INBOUND] Initial +12 stalkers, +9 mutants (remaining S=1109 M=742)
[13:30:13] [MISSION] Pavel accepted ScoutPoi @ Kopachi (160 RU)
[13:30:13] [TASK] Pavel → AcceptMission [ScoutPoi] (goal=AcceptMission)
[13:30:13] [GOAL] Pavel achieved AcceptMission
[13:30:13] [MISSION] Pavel accepted ScoutPoi @ Zaton (160 RU)
[13:30:13] [TASK] Pavel → AcceptMission [ScoutPoi] (goal=AcceptMission)
[13:30:13] [GOAL] Pavel achieved AcceptMission
[13:30:13] [MISSION] Pierre accepted ScoutPoi @ Zalissya (160 RU)
[13:30:13] [TASK] Pierre → AcceptMission [ScoutPoi] (goal=AcceptMission)
[13:30:13] [GOAL] Pierre achieved AcceptMission
[13:30:13] [MISSION] Oleg accepted ScoutPoi @ Great Swamps (160 RU)
[13:30:13] [TASK] Oleg → AcceptMission [ScoutPoi] (goal=AcceptMission)
[13:30:13] [GOAL] Oleg achieved AcceptMission
[13:30:14] [TASK] Alexei → FulfillMission [ScoutPoi] (goal=CompleteMission)
[13:30:14] [MISSION] Alexei completed ScoutPoi → Abandoned Bus (+160 RU)
[13:30:14] [GOAL] Alexei achieved CompleteMission
[13:30:14] [TASK] Alexei → FulfillMission [ScoutPoi] (goal=CompleteMission)
[13:30:14] [MISSION] Alexei completed ScoutPoi → Abandoned Camp (+160 RU)
[13:30:14] [GOAL] Alexei achieved CompleteMission
[13:30:14] [TASK] Dmitri → FulfillMission [ScoutPoi] (goal=CompleteMission)
[13:30:14] [MISSION] Dmitri completed ScoutPoi → Abandoned Bus (+160 RU)
[13:30:14] [GOAL] Dmitri achieved CompleteMission
[13:30:14] [TASK] Heinrich → FulfillMission [ScoutPoi] (goal=CompleteMission)
[13:30:14] [MISSION] Heinrich completed ScoutPoi → Abandoned Camp (+160 RU)
[13:30:14] [GOAL] Heinrich achieved CompleteMission
[13:30:14] [TASK] Rustam → FulfillMission [ScoutPoi] (goal=CompleteMission)
[13:30:14] [MISSION] Rustam completed ScoutPoi → Abandoned Camp (+160 RU)
[13:30:14] [GOAL] Rustam achieved CompleteMission
[13:30:14] [TASK] Pierre → FulfillMission [ScoutPoi] (goal=CompleteMission)
[13:30:14] [MISSION] Pierre completed ScoutPoi → Abandoned Camp (+160 RU)
[13:30:14] [GOAL] Pierre achieved CompleteMission
[13:30:14] [TASK] Serhiy → FulfillMission [ScoutPoi] (goal=CompleteMission)
[13:30:14] [MISSION] Serhiy completed ScoutPoi → Makeshift Watchtower (+176 RU)
[13:30:14] [GOAL] Serhiy achieved CompleteMission
[13:30:14] [TASK] Serhiy → FulfillMission [ScoutPoi] (goal=CompleteMission)
[13:30:14] [MISSION] Serhiy completed ScoutPoi → Checkpoint South (+184 RU)
[13:30:14] [GOAL] Serhiy achieved CompleteMission
[13:30:14] [TASK] Bakhyt → FulfillMission [ScoutPoi] (goal=CompleteMission)
[13:30:14] [MISSION] Bakhyt completed ScoutPoi → Forgotten Outpost (+176 RU)
[13:30:14] [GOAL] Bakhyt achieved CompleteMission
[13:30:14] [TASK] Taras → FulfillMission [ScoutPoi] (goal=CompleteMission)
[13:30:14] [MISSION] Taras completed ScoutPoi → Abandoned Camp (+160 RU)
[13:30:14] [GOAL] Taras achieved CompleteMission
[13:30:14] [TASK] Viktor → FulfillMission [ScoutPoi] (goal=CompleteMission)
[13:30:14] [MISSION] Viktor completed ScoutPoi → Forgotten Outpost (+176 RU)
[13:30:14] [GOAL] Viktor achieved CompleteMission
[13:30:14] [TASK] Marcus → FulfillMission [ScoutPoi] (goal=CompleteMission)
[13:30:14] [MISSION] Marcus completed ScoutPoi → Abandoned Camp (+160 RU)
[13:30:14] [GOAL] Marcus achieved CompleteMission
[13:30:14] [TASK] Dmitri → FulfillMission [ScoutPoi] (goal=CompleteMission)
[13:30:14] [MISSION] Dmitri completed ScoutPoi → Abandoned Bus (+160 RU)
[13:30:14] [GOAL] Dmitri achieved CompleteMission
[13:30:14] [TASK] Taras → FulfillMission [ScoutPoi] (goal=CompleteMission)
[13:30:14] [MISSION] Taras completed ScoutPoi → Checkpoint South (+184 RU)
[13:30:14] [GOAL] Taras achieved CompleteMission
[13:30:14] [TASK] Andrei → FulfillMission [ScoutPoi] (goal=CompleteMission)
[13:30:14] [MISSION] Andrei completed ScoutPoi → Abandoned Bus (+160 RU)
[13:30:14] [GOAL] Andrei achieved CompleteMission
[13:30:14] [TASK] Sergei → FulfillMission [ScoutPoi] (goal=CompleteMission)
[13:30:14] [MISSION] Sergei completed ScoutPoi → Abandoned Bus (+160 RU)
[13:30:14] [GOAL] Sergei achieved CompleteMission
[13:30:14] [TASK] Bakhyt → FulfillMission [ScoutPoi] (goal=CompleteMission)
[13:30:14] [MISSION] Bakhyt completed ScoutPoi → Abandoned Camp (+160 RU)
[13:30:14] [GOAL] Bakhyt achieved CompleteMission
[13:30:14] [TASK] Andrei → FulfillMission [ScoutPoi] (goal=CompleteMission)
[13:30:14] [MISSION] Andrei completed ScoutPoi → Abandoned Bus (+160 RU)
[13:30:14] [GOAL] Andrei achieved CompleteMission
[13:30:14] [TASK] Vasyl → FulfillMission [ScoutPoi] (goal=CompleteMission)
[13:30:14] [MISSION] Vasyl completed ScoutPoi → Forgotten Outpost (+176 RU)
[13:30:14] [GOAL] Vasyl achieved CompleteMission
[13:30:14] [TASK] Heinrich → FulfillMission [ScoutPoi] (goal=CompleteMission)
[13:30:14] [MISSION] Heinrich completed ScoutPoi → Abandoned Camp (+160 RU)
[13:30:14] [GOAL] Heinrich achieved CompleteMission
[13:30:14] [TASK] Taras → FulfillMission [ScoutPoi] (goal=CompleteMission)
[13:30:14] [MISSION] Taras completed ScoutPoi → Abandoned Camp (+160 RU)
[13:30:14] [GOAL] Taras achieved CompleteMission
[13:30:14] [TASK] Zura → FulfillMission [ScoutPoi] (goal=CompleteMission)
[13:30:14] [MISSION] Zura completed ScoutPoi → Abandoned Bus (+160 RU)
[13:30:14] [GOAL] Zura achieved CompleteMission
[13:30:14] [TASK] Dmytro → FulfillMission [ScoutPoi] (goal=CompleteMission)
[13:30:14] [MISSION] Dmytro completed ScoutPoi → Abandoned Outpost (+160 RU)
[13:30:14] [GOAL] Dmytro achieved CompleteMission
[13:30:14] [TASK] Nikolai → FulfillMission [ScoutPoi] (goal=CompleteMission)
[13:30:14] [MISSION] Nikolai completed ScoutPoi → Forgotten Outpost (+176 RU)
[13:30:14] [GOAL] Nikolai achieved CompleteMission
[13:30:14] [TASK] Bakhyt → FulfillMission [ScoutPoi] (goal=CompleteMission)
[13:30:14] [MISSION] Bakhyt completed ScoutPoi → Abandoned Camp (+160 RU)
[13:30:14] [GOAL] Bakhyt achieved CompleteMission
[13:30:14] [TASK] Vasyl → FulfillMission [ScoutPoi] (goal=CompleteMission)
[13:30:14] [MISSION] Vasyl completed ScoutPoi → Abandoned Bus (+160 RU)
[13:30:14] [GOAL] Vasyl achieved CompleteMission
[13:30:14] [TASK] Bakhyt → FulfillMission [ScoutPoi] (goal=CompleteMission)
[13:30:14] [MISSION] Bakhyt completed ScoutPoi → Abandoned Outpost (+160 RU)
[13:30:14] [GOAL] Bakhyt achieved CompleteMission
[13:30:14] [TASK] Marcus → FulfillMission [ScoutPoi] (goal=CompleteMission)
[13:30:14] [MISSION] Marcus completed ScoutPoi → Abandoned Camp (+160 RU)
[13:30:14] [GOAL] Marcus achieved CompleteMission
[13:30:14] [TASK] Rustam → FulfillMission [ScoutPoi] (goal=CompleteMission)
[13:30:14] [MISSION] Rustam completed ScoutPoi → Abandoned Bus (+160 RU)
[13:30:14] [GOAL] Rustam achieved CompleteMission
[13:30:14] [TASK] Oleksiy → FulfillMission [ScoutPoi] (goal=CompleteMission)
[13:30:14] [MISSION] Oleksiy completed ScoutPoi → Forgotten Outpost (+176 RU)
[13:30:14] [GOAL] Oleksiy achieved CompleteMission
[13:30:14] [TASK] Dmytro → FulfillMission [ScoutPoi] (goal=CompleteMission)
[13:30:14] [MISSION] Dmytro completed ScoutPoi → Abandoned Bus (+160 RU)
[13:30:14] [GOAL] Dmytro achieved CompleteMission
[13:30:14] [TASK] Oleg → FulfillMission [ScoutPoi] (goal=CompleteMission)
[13:30:14] [MISSION] Oleg completed ScoutPoi → Abandoned Outpost (+160 RU)
[13:30:14] [GOAL] Oleg achieved CompleteMission
[13:30:14] [TASK] Karl → FulfillMission [ScoutPoi] (goal=CompleteMission)
[13:30:14] [MISSION] Karl completed ScoutPoi → Abandoned Camp (+160 RU)
[13:30:14] [GOAL] Karl achieved CompleteMission
[13:30:14] [TASK] Oleksiy → FulfillMission [ScoutPoi] (goal=CompleteMission)
[13:30:14] [MISSION] Oleksiy completed ScoutPoi → Abandoned Bus (+160 RU)
[13:30:14] [GOAL] Oleksiy achieved CompleteMission
[13:30:14] [TASK] Dmitri → FulfillMission [ScoutPoi] (goal=CompleteMission)
[13:30:14] [MISSION] Dmitri completed ScoutPoi → Abandoned Camp (+160 RU)
[13:30:14] [GOAL] Dmitri achieved CompleteMission
[13:30:14] [TASK] Oleksiy → FulfillMission [ScoutPoi] (goal=CompleteMission)
[13:30:14] [MISSION] Oleksiy completed ScoutPoi → Abandoned Camp (+160 RU)
[13:30:14] [GOAL] Oleksiy achieved CompleteMission
[13:30:14] [TASK] Pierre → FulfillMission [ScoutPoi] (goal=CompleteMission)
[13:30:14] [MISSION] Pierre completed ScoutPoi → Abandoned Bus (+160 RU)
[13:30:14] [GOAL] Pierre achieved CompleteMission
[13:30:14] [TASK] Oleg → FulfillMission [ScoutPoi] (goal=CompleteMission)
[13:30:14] [MISSION] Oleg completed ScoutPoi → Forgotten Outpost (+160 RU)
[13:30:14] [GOAL] Oleg achieved CompleteMission
[13:30:14] [TASK] Bohdan → FulfillMission [ScoutPoi] (goal=CompleteMission)
[13:30:14] [MISSION] Bohdan completed ScoutPoi → Makeshift Watchtower (+176 RU)
[13:30:14] [GOAL] Bohdan achieved CompleteMission
[13:30:14] [TASK] Taras → FulfillMission [ScoutPoi] (goal=CompleteMission)
[13:30:14] [MISSION] Taras completed ScoutPoi → Abandoned Outpost (+160 RU)
[13:30:14] [GOAL] Taras achieved CompleteMission
[13:30:14] [TASK] Pavel → FulfillMission [ScoutPoi] (goal=CompleteMission)
[13:30:14] [MISSION] Pavel completed ScoutPoi → Forgotten Outpost (+160 RU)
[13:30:14] [GOAL] Pavel achieved CompleteMission
[13:30:14] [TASK] Oleg → FulfillMission [ScoutPoi] (goal=CompleteMission)
[13:30:14] [MISSION] Oleg completed ScoutPoi → Abandoned Bus (+160 RU)
[13:30:14] [GOAL] Oleg achieved CompleteMission
[13:30:14] [TASK] Andriy → FulfillMission [ScoutPoi] (goal=CompleteMission)
[13:30:14] [MISSION] Andriy completed ScoutPoi → Abandoned Outpost (+160 RU)
[13:30:14] [GOAL] Andriy achieved CompleteMission
[13:30:14] [TASK] Nikolai → FulfillMission [ScoutPoi] (goal=CompleteMission)
[13:30:14] [MISSION] Nikolai completed ScoutPoi → Forgotten Outpost (+176 RU)
[13:30:14] [GOAL] Nikolai achieved CompleteMission
[13:30:14] [TASK] Serhiy → FulfillMission [ScoutPoi] (goal=CompleteMission)
[13:30:14] [MISSION] Serhiy completed ScoutPoi → Forgotten Outpost (+160 RU)
[13:30:14] [GOAL] Serhiy achieved CompleteMission
[13:30:14] [TASK] Nodar → FulfillMission [ScoutPoi] (goal=CompleteMission)
[13:30:14] [MISSION] Nodar completed ScoutPoi → Abandoned Camp (+160 RU)
[13:30:14] [GOAL] Nodar achieved CompleteMission
[13:30:14] [TASK] Professor → FulfillMission [ScoutPoi] (goal=CompleteMission)
[13:30:14] [MISSION] Professor completed ScoutPoi → Abandoned Camp (+160 RU)
[13:30:14] [GOAL] Professor achieved CompleteMission
[13:30:14] [TASK] Barkeep → FulfillMission [ScoutPoi] (goal=CompleteMission)
[13:30:14] [MISSION] Barkeep completed ScoutPoi → Forgotten Outpost (+176 RU)
[13:30:14] [GOAL] Barkeep achieved CompleteMission
[13:30:14] [TASK] Sidorovich → FulfillMission [ScoutPoi] (goal=CompleteMission)
[13:30:14] [MISSION] Sidorovich completed ScoutPoi → Abandoned Outpost (+160 RU)
[13:30:14] [GOAL] Sidorovich achieved CompleteMission
[13:30:14] [TASK] Nikolai → FulfillMission [ScoutPoi] (goal=CompleteMission)
[13:30:14] [MISSION] Nikolai completed ScoutPoi → Abandoned Camp (+160 RU)
[13:30:14] [GOAL] Nikolai achieved CompleteMission
[13:30:14] [TASK] Frank → FulfillMission [ScoutPoi] (goal=CompleteMission)
[13:30:14] [MISSION] Frank completed ScoutPoi → Makeshift Watchtower (+176 RU)
[13:30:14] [GOAL] Frank achieved CompleteMission
[13:30:14] [TASK] Bohdan → FulfillMission [ScoutPoi] (goal=CompleteMission)
[13:30:14] [MISSION] Bohdan completed ScoutPoi → Checkpoint South (+184 RU)
[13:30:14] [GOAL] Bohdan achieved CompleteMission
[13:30:14] [TASK] Alexei → FulfillMission [ScoutPoi] (goal=CompleteMission)
[13:30:14] [MISSION] Alexei completed ScoutPoi → Abandoned Bus (+160 RU)
[13:30:14] [GOAL] Alexei achieved CompleteMission
[13:30:14] [MISSION] Alexei accepted ScoutPoi @ Zalissya (160 RU)
[13:30:14] [TASK] Alexei → AcceptMission [ScoutPoi] (goal=AcceptMission)
[13:30:14] [GOAL] Alexei achieved AcceptMission
[13:30:14] [MISSION] Alexei accepted ScoutPoi @ Yantar (160 RU)
[13:30:14] [TASK] Alexei → AcceptMission [ScoutPoi] (goal=AcceptMission)
[13:30:14] [GOAL] Alexei achieved AcceptMission
[13:30:14] [MISSION] Dmitri accepted ScoutPoi @ Zalissya (160 RU)
[13:30:14] [TASK] Dmitri → AcceptMission [ScoutPoi] (goal=AcceptMission)
[13:30:14] [GOAL] Dmitri achieved AcceptMission
[13:30:14] [MISSION] Heinrich accepted ScoutPoi @ Duga Radar (160 RU)
[13:30:14] [TASK] Heinrich → AcceptMission [ScoutPoi] (goal=AcceptMission)
[13:30:14] [GOAL] Heinrich achieved AcceptMission
[13:30:14] [MISSION] Rustam accepted ScoutPoi @ Yantar (160 RU)
[13:30:14] [TASK] Rustam → AcceptMission [ScoutPoi] (goal=AcceptMission)
[13:30:14] [GOAL] Rustam achieved AcceptMission
[13:30:14] [MISSION] Pierre accepted ScoutPoi @ Duga Radar (160 RU)
[13:30:14] [TASK] Pierre → AcceptMission [ScoutPoi] (goal=AcceptMission)
[13:30:14] [GOAL] Pierre achieved AcceptMission
[13:30:14] [MISSION] Serhiy accepted ScoutPoi @ Truck Cemetery (176 RU)
[13:30:14] [TASK] Serhiy → AcceptMission [ScoutPoi] (goal=AcceptMission)
[13:30:14] [GOAL] Serhiy achieved AcceptMission
[13:30:14] [MISSION] Serhiy accepted ScoutPoi @ Army Warehouses (184 RU)
[13:30:14] [TASK] Serhiy → AcceptMission [ScoutPoi] (goal=AcceptMission)
[13:30:14] [GOAL] Serhiy achieved AcceptMission
[13:30:14] [MISSION] Bakhyt accepted ScoutPoi @ Rostok (176 RU)
[13:30:14] [TASK] Bakhyt → AcceptMission [ScoutPoi] (goal=AcceptMission)
[13:30:14] [GOAL] Bakhyt achieved AcceptMission
[13:30:14] [MISSION] Taras accepted ScoutPoi @ Duga Radar (160 RU)
[13:30:14] [TASK] Taras → AcceptMission [ScoutPoi] (goal=AcceptMission)
[13:30:14] [GOAL] Taras achieved AcceptMission
[13:30:14] [MISSION] Viktor accepted ScoutPoi @ Rostok (176 RU)
[13:30:14] [TASK] Viktor → AcceptMission [ScoutPoi] (goal=AcceptMission)
[13:30:14] [GOAL] Viktor achieved AcceptMission
[13:30:14] [MISSION] Marcus accepted ScoutPoi @ Yantar (160 RU)
[13:30:14] [TASK] Marcus → AcceptMission [ScoutPoi] (goal=AcceptMission)
[13:30:14] [GOAL] Marcus achieved AcceptMission
[13:30:14] [MISSION] Dmitri accepted ScoutPoi @ Chernobyl Town (160 RU)
[13:30:14] [TASK] Dmitri → AcceptMission [ScoutPoi] (goal=AcceptMission)
[13:30:14] [GOAL] Dmitri achieved AcceptMission
[13:30:14] [MISSION] Taras accepted ScoutPoi @ Army Warehouses (184 RU)
[13:30:14] [TASK] Taras → AcceptMission [ScoutPoi] (goal=AcceptMission)
[13:30:14] [GOAL] Taras achieved AcceptMission
[13:30:14] [MISSION] Andrei accepted ScoutPoi @ Garbage (160 RU)
[13:30:14] [TASK] Andrei → AcceptMission [ScoutPoi] (goal=AcceptMission)
[13:30:14] [GOAL] Andrei achieved AcceptMission
[13:30:14] [MISSION] Sergei accepted ScoutPoi @ Chernobyl Town (160 RU)
[13:30:14] [TASK] Sergei → AcceptMission [ScoutPoi] (goal=AcceptMission)
[13:30:14] [GOAL] Sergei achieved AcceptMission
[13:30:14] [MISSION] Bakhyt accepted ScoutPoi @ Agroprom (160 RU)
[13:30:14] [TASK] Bakhyt → AcceptMission [ScoutPoi] (goal=AcceptMission)
[13:30:14] [GOAL] Bakhyt achieved AcceptMission
[13:30:14] [MISSION] Andrei accepted ScoutPoi @ Garbage (160 RU)
[13:30:14] [TASK] Andrei → AcceptMission [ScoutPoi] (goal=AcceptMission)
[13:30:14] [GOAL] Andrei achieved AcceptMission
[13:30:14] [MISSION] Vasyl accepted ScoutPoi @ Rostok (176 RU)
[13:30:14] [TASK] Vasyl → AcceptMission [ScoutPoi] (goal=AcceptMission)
[13:30:14] [GOAL] Vasyl achieved AcceptMission
[13:30:14] [MISSION] Heinrich accepted ScoutPoi @ Yantar (160 RU)
[13:30:14] [TASK] Heinrich → AcceptMission [ScoutPoi] (goal=AcceptMission)
[13:30:14] [GOAL] Heinrich achieved AcceptMission
[13:30:14] [MISSION] Taras accepted ScoutPoi @ Yantar (160 RU)
[13:30:14] [TASK] Taras → AcceptMission [ScoutPoi] (goal=AcceptMission)
[13:30:14] [GOAL] Taras achieved AcceptMission
[13:30:14] [MISSION] Zura accepted ScoutPoi @ Zalissya (160 RU)
[13:30:14] [TASK] Zura → AcceptMission [ScoutPoi] (goal=AcceptMission)
[13:30:14] [GOAL] Zura achieved AcceptMission
[13:30:14] [MISSION] Dmytro accepted ScoutPoi @ Meadow (160 RU)
[13:30:14] [TASK] Dmytro → AcceptMission [ScoutPoi] (goal=AcceptMission)
[13:30:14] [GOAL] Dmytro achieved AcceptMission
[13:30:14] [MISSION] Nikolai accepted ScoutPoi @ Rostok (176 RU)
[13:30:14] [TASK] Nikolai → AcceptMission [ScoutPoi] (goal=AcceptMission)
[13:30:14] [GOAL] Nikolai achieved AcceptMission
[13:30:14] [MISSION] Bakhyt accepted ScoutPoi @ Duga Radar (160 RU)
[13:30:14] [TASK] Bakhyt → AcceptMission [ScoutPoi] (goal=AcceptMission)
[13:30:14] [GOAL] Bakhyt achieved AcceptMission
[13:30:14] [MISSION] Vasyl accepted ScoutPoi @ Dark Valley (160 RU)
[13:30:14] [TASK] Vasyl → AcceptMission [ScoutPoi] (goal=AcceptMission)
[13:30:14] [GOAL] Vasyl achieved AcceptMission
[13:30:14] [MISSION] Bakhyt accepted ScoutPoi @ Meadow (160 RU)
[13:30:14] [TASK] Bakhyt → AcceptMission [ScoutPoi] (goal=AcceptMission)
[13:30:14] [GOAL] Bakhyt achieved AcceptMission
[13:30:14] [MISSION] Marcus accepted ScoutPoi @ Yantar (160 RU)
[13:30:14] [TASK] Marcus → AcceptMission [ScoutPoi] (goal=AcceptMission)
[13:30:14] [GOAL] Marcus achieved AcceptMission
[13:30:14] [MISSION] Rustam accepted ScoutPoi @ Chernobyl Town (160 RU)
[13:30:14] [TASK] Rustam → AcceptMission [ScoutPoi] (goal=AcceptMission)
[13:30:14] [GOAL] Rustam achieved AcceptMission
[13:30:14] [MISSION] Oleksiy accepted ScoutPoi @ Rostok (176 RU)
[13:30:14] [TASK] Oleksiy → AcceptMission [ScoutPoi] (goal=AcceptMission)
[13:30:14] [GOAL] Oleksiy achieved AcceptMission
[13:30:14] [MISSION] Dmytro accepted ScoutPoi @ Garbage (160 RU)
[13:30:14] [TASK] Dmytro → AcceptMission [ScoutPoi] (goal=AcceptMission)
[13:30:14] [GOAL] Dmytro achieved AcceptMission
[13:30:14] [MISSION] Oleg accepted ScoutPoi @ Meadow (160 RU)
[13:30:14] [TASK] Oleg → AcceptMission [ScoutPoi] (goal=AcceptMission)
[13:30:14] [GOAL] Oleg achieved AcceptMission
[13:30:14] [MISSION] Karl accepted ScoutPoi @ Duga Radar (160 RU)
[13:30:14] [TASK] Karl → AcceptMission [ScoutPoi] (goal=AcceptMission)
[13:30:14] [GOAL] Karl achieved AcceptMission
[13:30:14] [MISSION] Oleksiy accepted ScoutPoi @ Dark Valley (160 RU)
[13:30:14] [TASK] Oleksiy → AcceptMission [ScoutPoi] (goal=AcceptMission)
[13:30:14] [GOAL] Oleksiy achieved AcceptMission
[13:30:14] [MISSION] Dmitri accepted ScoutPoi @ Agroprom (160 RU)
[13:30:14] [TASK] Dmitri → AcceptMission [ScoutPoi] (goal=AcceptMission)
[13:30:14] [GOAL] Dmitri achieved AcceptMission
[13:30:14] [MISSION] Oleksiy accepted ScoutPoi @ Yantar (160 RU)
[13:30:14] [TASK] Oleksiy → AcceptMission [ScoutPoi] (goal=AcceptMission)
[13:30:14] [GOAL] Oleksiy achieved AcceptMission
[13:30:14] [MISSION] Pierre accepted ScoutPoi @ Zalissya (160 RU)
[13:30:14] [TASK] Pierre → AcceptMission [ScoutPoi] (goal=AcceptMission)
[13:30:14] [GOAL] Pierre achieved AcceptMission
[13:30:14] [MISSION] Oleg accepted ScoutPoi @ Great Swamps (160 RU)
[13:30:14] [TASK] Oleg → AcceptMission [ScoutPoi] (goal=AcceptMission)
[13:30:14] [GOAL] Oleg achieved AcceptMission
[13:30:14] [MISSION] Bohdan accepted ScoutPoi @ Truck Cemetery (176 RU)
[13:30:14] [TASK] Bohdan → AcceptMission [ScoutPoi] (goal=AcceptMission)
[13:30:14] [GOAL] Bohdan achieved AcceptMission
[13:30:14] [MISSION] Taras accepted ScoutPoi @ Meadow (160 RU)
[13:30:14] [TASK] Taras → AcceptMission [ScoutPoi] (goal=AcceptMission)
[13:30:14] [GOAL] Taras achieved AcceptMission
[13:30:14] [MISSION] Pavel accepted ScoutPoi @ Great Swamps (160 RU)
[13:30:14] [TASK] Pavel → AcceptMission [ScoutPoi] (goal=AcceptMission)
[13:30:14] [GOAL] Pavel achieved AcceptMission
[13:30:14] [MISSION] Oleg accepted ScoutPoi @ Garbage (160 RU)
[13:30:14] [TASK] Oleg → AcceptMission [ScoutPoi] (goal=AcceptMission)
[13:30:14] [GOAL] Oleg achieved AcceptMission
[13:30:14] [MISSION] Andriy accepted ScoutPoi @ Cordon (160 RU)
[13:30:14] [TASK] Andriy → AcceptMission [ScoutPoi] (goal=AcceptMission)
[13:30:14] [GOAL] Andriy achieved AcceptMission
[13:30:14] [MISSION] Nikolai accepted ScoutPoi @ Rostok (176 RU)
[13:30:14] [TASK] Nikolai → AcceptMission [ScoutPoi] (goal=AcceptMission)
[13:30:14] [GOAL] Nikolai achieved AcceptMission
[13:30:14] [MISSION] Serhiy accepted ScoutPoi @ Great Swamps (160 RU)
[13:30:14] [TASK] Serhiy → AcceptMission [ScoutPoi] (goal=AcceptMission)
[13:30:14] [GOAL] Serhiy achieved AcceptMission
[13:30:14] [MISSION] Nodar accepted ScoutPoi @ Agroprom (160 RU)
[13:30:14] [TASK] Nodar → AcceptMission [ScoutPoi] (goal=AcceptMission)
[13:30:14] [GOAL] Nodar achieved AcceptMission
[13:30:14] [MISSION] Professor accepted ScoutPoi @ Yantar (160 RU)
[13:30:14] [TASK] Professor → AcceptMission [ScoutPoi] (goal=AcceptMission)
[13:30:14] [GOAL] Professor achieved AcceptMission
[13:30:14] [MISSION] Barkeep accepted ScoutPoi @ Rostok (176 RU)
[13:30:14] [TASK] Barkeep → AcceptMission [ScoutPoi] (goal=AcceptMission)
[13:30:14] [GOAL] Barkeep achieved AcceptMission
[13:30:14] [MISSION] Sidorovich accepted ScoutPoi @ Cordon (160 RU)
[13:30:14] [TASK] Sidorovich → AcceptMission [ScoutPoi] (goal=AcceptMission)
[13:30:14] [GOAL] Sidorovich achieved AcceptMission
[13:30:14] [MISSION] Nikolai accepted ScoutPoi @ Agroprom (160 RU)
[13:30:14] [TASK] Nikolai → AcceptMission [ScoutPoi] (goal=AcceptMission)
[13:30:14] [GOAL] Nikolai achieved AcceptMission
[13:30:14] [MISSION] Frank accepted ScoutPoi @ Truck Cemetery (176 RU)
[13:30:14] [TASK] Frank → AcceptMission [ScoutPoi] (goal=AcceptMission)
[13:30:14] [GOAL] Frank achieved AcceptMission
[13:30:14] [MISSION] Bohdan accepted ScoutPoi @ Army Warehouses (184 RU)
[13:30:14] [TASK] Bohdan → AcceptMission [ScoutPoi] (goal=AcceptMission)
[13:30:14] [GOAL] Bohdan achieved AcceptMission
[13:30:14] [MISSION] Alexei accepted ScoutPoi @ Chernobyl Town (160 RU)
[13:30:14] [TASK] Alexei → AcceptMission [ScoutPoi] (goal=AcceptMission)
[13:30:14] [GOAL] Alexei achieved AcceptMission
[13:30:22] [INBOUND] Initial +1109 stalkers, +742 mutants (remaining S=1109 M=742)
[13:30:24] [MISSION] Marcus accepted ScoutPoi @ Wild Territory (160 RU)
[13:30:24] [TASK] Marcus → AcceptMission [ScoutPoi] (goal=AcceptMission)
[13:30:24] [GOAL] Marcus achieved AcceptMission
[13:30:24] [MISSION] Yuriy accepted ScoutPoi @ Army Warehouses (184 RU)
[13:30:24] [TASK] Yuriy → AcceptMission [ScoutPoi] (goal=AcceptMission)
[13:30:24] [GOAL] Yuriy achieved AcceptMission
[13:30:24] [MISSION] Viktor accepted ScoutPoi @ Pripyat (160 RU)
[13:30:24] [TASK] Viktor → AcceptMission [ScoutPoi] (goal=AcceptMission)
[13:30:24] [GOAL] Viktor achieved AcceptMission
[13:30:24] [MISSION] Andrei accepted ScoutPoi @ Red Forest (160 RU)
[13:30:24] [TASK] Andrei → AcceptMission [ScoutPoi] (goal=AcceptMission)
[13:30:24] [GOAL] Andrei achieved AcceptMission
[13:30:24] [MISSION] Sergei accepted ScoutPoi @ Duga Radar (160 RU)
[13:30:24] [TASK] Sergei → AcceptMission [ScoutPoi] (goal=AcceptMission)
[13:30:24] [GOAL] Sergei achieved AcceptMission
[13:30:24] [MISSION] Viktor accepted ScoutPoi @ Chernobyl NPP (160 RU)
[13:30:24] [TASK] Viktor → AcceptMission [ScoutPoi] (goal=AcceptMission)
[13:30:24] [GOAL] Viktor achieved AcceptMission
[13:30:24] [MISSION] Andriy accepted ScoutPoi @ Wild Territory (160 RU)
[13:30:24] [TASK] Andriy → AcceptMission [ScoutPoi] (goal=AcceptMission)
[13:30:24] [GOAL] Andriy achieved AcceptMission
[13:30:24] [MISSION] Andrei accepted ScoutPoi @ Zaton (160 RU)
[13:30:24] [TASK] Andrei → AcceptMission [ScoutPoi] (goal=AcceptMission)
[13:30:24] [GOAL] Andrei achieved AcceptMission
[13:30:24] [MISSION] Viktor accepted ScoutPoi @ Kopachi (160 RU)
[13:30:24] [TASK] Viktor → AcceptMission [ScoutPoi] (goal=AcceptMission)
[13:30:24] [GOAL] Viktor achieved AcceptMission
[13:30:24] [MISSION] Jake accepted ScoutPoi @ Buriakivka Waste Site (160 RU)
[13:30:24] [TASK] Jake → AcceptMission [ScoutPoi] (goal=AcceptMission)
[13:30:24] [GOAL] Jake achieved AcceptMission
[13:30:24] [MISSION] Andrei accepted ScoutPoi @ Pripyat (160 RU)
[13:30:24] [TASK] Andrei → AcceptMission [ScoutPoi] (goal=AcceptMission)
[13:30:24] [GOAL] Andrei achieved AcceptMission
[13:30:24] [MISSION] Timur accepted ScoutPoi @ Zaton (160 RU)
[13:30:24] [TASK] Timur → AcceptMission [ScoutPoi] (goal=AcceptMission)
[13:30:24] [GOAL] Timur achieved AcceptMission
[13:30:24] [MISSION] Mikhail accepted ScoutPoi @ Chernobyl NPP (160 RU)
[13:30:24] [TASK] Mikhail → AcceptMission [ScoutPoi] (goal=AcceptMission)
[13:30:24] [GOAL] Mikhail achieved AcceptMission
[13:30:24] [MISSION] Tobias accepted ScoutPoi @ Buriakivka Waste Site (160 RU)
[13:30:24] [TASK] Tobias → AcceptMission [ScoutPoi] (goal=AcceptMission)
[13:30:24] [GOAL] Tobias achieved AcceptMission
[13:30:24] [MISSION] Armen accepted ScoutPoi @ Army Warehouses (184 RU)
[13:30:24] [TASK] Armen → AcceptMission [ScoutPoi] (goal=AcceptMission)
[13:30:24] [GOAL] Armen achieved AcceptMission
[13:30:24] [MISSION] Mikhail accepted ScoutPoi @ Great Swamps (160 RU)
[13:30:24] [TASK] Mikhail → AcceptMission [ScoutPoi] (goal=AcceptMission)
[13:30:24] [GOAL] Mikhail achieved AcceptMission
[13:30:24] [MISSION] Pavel accepted ScoutPoi @ Deserted Hospital (160 RU)
[13:30:24] [TASK] Pavel → AcceptMission [ScoutPoi] (goal=AcceptMission)
[13:30:24] [GOAL] Pavel achieved AcceptMission
[13:30:24] [MISSION] Connor accepted ScoutPoi @ Dead City (Chernobyl-2 Settlement) (160 RU)
[13:30:24] [TASK] Connor → AcceptMission [ScoutPoi] (goal=AcceptMission)
[13:30:24] [GOAL] Connor achieved AcceptMission
[13:30:24] [MISSION] Mykola accepted ScoutPoi @ Deserted Hospital (160 RU)
[13:30:24] [TASK] Mykola → AcceptMission [ScoutPoi] (goal=AcceptMission)
[13:30:24] [GOAL] Mykola achieved AcceptMission
[13:30:24] [MISSION] Bakhyt accepted ScoutPoi @ Dark Valley (160 RU)
[13:30:24] [TASK] Bakhyt → AcceptMission [ScoutPoi] (goal=AcceptMission)
[13:30:24] [GOAL] Bakhyt achieved AcceptMission
[13:30:24] [MISSION] Andrei accepted ScoutPoi @ Cordon (160 RU)
[13:30:24] [TASK] Andrei → AcceptMission [ScoutPoi] (goal=AcceptMission)
[13:30:24] [GOAL] Andrei achieved AcceptMission
[13:30:24] [MISSION] Alexei accepted ScoutPoi @ Chernobyl NPP (160 RU)
[13:30:24] [TASK] Alexei → AcceptMission [ScoutPoi] (goal=AcceptMission)
[13:30:24] [GOAL] Alexei achieved AcceptMission
[13:30:24] [MISSION] Dmytro accepted ScoutPoi @ Garbage (160 RU)
[13:30:24] [TASK] Dmytro → AcceptMission [ScoutPoi] (goal=AcceptMission)
[13:30:24] [GOAL] Dmytro achieved AcceptMission
[13:30:24] [MISSION] Karl accepted ScoutPoi @ Zalissya (160 RU)
[13:30:24] [TASK] Karl → AcceptMission [ScoutPoi] (goal=AcceptMission)
[13:30:24] [GOAL] Karl achieved AcceptMission
[13:30:24] [MISSION] Vasyl accepted ScoutPoi @ Generators (160 RU)
[13:30:24] [TASK] Vasyl → AcceptMission [ScoutPoi] (goal=AcceptMission)
[13:30:24] [GOAL] Vasyl achieved AcceptMission
[13:30:24] [MISSION] Mikhail accepted ScoutPoi @ Chernobyl Town (160 RU)
[13:30:24] [TASK] Mikhail → AcceptMission [ScoutPoi] (goal=AcceptMission)
[13:30:24] [GOAL] Mikhail achieved AcceptMission
[13:30:24] [MISSION] Nikolai accepted ScoutPoi @ Cordon (160 RU)
[13:30:24] [TASK] Nikolai → AcceptMission [ScoutPoi] (goal=AcceptMission)
[13:30:24] [GOAL] Nikolai achieved AcceptMission
[13:30:24] [MISSION] Lars accepted ScoutPoi @ Yantar (160 RU)
[13:30:24] [TASK] Lars → AcceptMission [ScoutPoi] (goal=AcceptMission)
[13:30:24] [GOAL] Lars achieved AcceptMission
[13:30:24] [MISSION] Serhiy accepted ScoutPoi @ Zaton (160 RU)
[13:30:24] [TASK] Serhiy → AcceptMission [ScoutPoi] (goal=AcceptMission)
[13:30:24] [GOAL] Serhiy achieved AcceptMission
[13:30:24] [MISSION] Dmytro accepted ScoutPoi @ Rostok (176 RU)
[13:30:24] [TASK] Dmytro → AcceptMission [ScoutPoi] (goal=AcceptMission)
[13:30:24] [GOAL] Dmytro achieved AcceptMission
[13:30:24] [MISSION] Pavel accepted ScoutPoi @ Chernobyl Town (160 RU)
[13:30:24] [TASK] Pavel → AcceptMission [ScoutPoi] (goal=AcceptMission)
[13:30:24] [GOAL] Pavel achieved AcceptMission
[13:30:24] [MISSION] Serhiy accepted ScoutPoi @ Pripyat (160 RU)
[13:30:24] [TASK] Serhiy → AcceptMission [ScoutPoi] (goal=AcceptMission)
[13:30:24] [GOAL] Serhiy achieved AcceptMission
[13:30:24] [MISSION] Dmytro accepted ScoutPoi @ Garbage (160 RU)
[13:30:24] [TASK] Dmytro → AcceptMission [ScoutPoi] (goal=AcceptMission)
[13:30:24] [GOAL] Dmytro achieved AcceptMission
[13:30:24] [MISSION] Ivan accepted ScoutPoi @ Chistogalovka (160 RU)
[13:30:24] [TASK] Ivan → AcceptMission [ScoutPoi] (goal=AcceptMission)
[13:30:24] [GOAL] Ivan achieved AcceptMission
[13:30:24] [MISSION] Dmitri accepted ScoutPoi @ Zalissya (160 RU)
[13:30:24] [TASK] Dmitri → AcceptMission [ScoutPoi] (goal=AcceptMission)
[13:30:24] [GOAL] Dmitri achieved AcceptMission
[13:30:24] [MISSION] Yuriy accepted ScoutPoi @ Chernobyl Town (160 RU)
[13:30:24] [TASK] Yuriy → AcceptMission [ScoutPoi] (goal=AcceptMission)
[13:30:24] [GOAL] Yuriy achieved AcceptMission
[13:30:24] [MISSION] Armen accepted ScoutPoi @ Wild Territory (160 RU)
[13:30:24] [TASK] Armen → AcceptMission [ScoutPoi] (goal=AcceptMission)
[13:30:24] [GOAL] Armen achieved AcceptMission
[13:30:24] [MISSION] Ivan accepted ScoutPoi @ Army Warehouses (184 RU)
[13:30:24] [TASK] Ivan → AcceptMission [ScoutPoi] (goal=AcceptMission)
[13:30:24] [GOAL] Ivan achieved AcceptMission
[13:30:24] [MISSION] Yuriy accepted ScoutPoi @ Red Forest (160 RU)
[13:30:24] [TASK] Yuriy → AcceptMission [ScoutPoi] (goal=AcceptMission)
[13:30:24] [GOAL] Yuriy achieved AcceptMission
[13:30:24] [MISSION] Alibek accepted ScoutPoi @ Army Warehouses (184 RU)
[13:30:24] [TASK] Alibek → AcceptMission [ScoutPoi] (goal=AcceptMission)
[13:30:24] [GOAL] Alibek achieved AcceptMission
[13:30:24] [MISSION] Andrei accepted ScoutPoi @ Garbage (160 RU)
[13:30:24] [TASK] Andrei → AcceptMission [ScoutPoi] (goal=AcceptMission)
[13:30:24] [GOAL] Andrei achieved AcceptMission
[13:30:24] [MISSION] Vasyl accepted ScoutPoi @ Jupiter (Pripyat Industrial) (160 RU)
[13:30:24] [TASK] Vasyl → AcceptMission [ScoutPoi] (goal=AcceptMission)
[13:30:24] [GOAL] Vasyl achieved AcceptMission
[13:30:24] [MISSION] Timur accepted ScoutPoi @ Red Forest (160 RU)
[13:30:24] [TASK] Timur → AcceptMission [ScoutPoi] (goal=AcceptMission)
[13:30:24] [GOAL] Timur achieved AcceptMission
[13:30:24] [MISSION] Yuriy accepted ScoutPoi @ Pripyat (160 RU)
[13:30:24] [TASK] Yuriy → AcceptMission [ScoutPoi] (goal=AcceptMission)
[13:30:24] [GOAL] Yuriy achieved AcceptMission
[13:30:24] [MISSION] Bohdan accepted ScoutPoi @ Kopachi (160 RU)
[13:30:24] [TASK] Bohdan → AcceptMission [ScoutPoi] (goal=AcceptMission)
[13:30:24] [GOAL] Bohdan achieved AcceptMission
[13:30:24] [MISSION] Lasha accepted ScoutPoi @ Radar (Brain Scorcher) (160 RU)
[13:30:24] [TASK] Lasha → AcceptMission [ScoutPoi] (goal=AcceptMission)
[13:30:24] [GOAL] Lasha achieved AcceptMission
[13:30:24] [MISSION] Bohdan accepted ScoutPoi @ Dark Valley (160 RU)
[13:30:24] [TASK] Bohdan → AcceptMission [ScoutPoi] (goal=AcceptMission)
[13:30:24] [GOAL] Bohdan achieved AcceptMission
[13:30:24] [MISSION] Yuriy accepted ScoutPoi @ Garbage (160 RU)
[13:30:24] [TASK] Yuriy → AcceptMission [ScoutPoi] (goal=AcceptMission)
[13:30:24] [GOAL] Yuriy achieved AcceptMission
[13:30:24] [MISSION] Dmytro accepted ScoutPoi @ Agroprom (160 RU)
[13:30:24] [TASK] Dmytro → AcceptMission [ScoutPoi] (goal=AcceptMission)
[13:30:24] [GOAL] Dmytro achieved AcceptMission
[13:30:24] [MISSION] Pierre accepted ScoutPoi @ Buriakivka Waste Site (160 RU)
[13:30:24] [TASK] Pierre → AcceptMission [ScoutPoi] (goal=AcceptMission)
[13:30:24] [GOAL] Pierre achieved AcceptMission
[13:30:24] [MISSION] Igor accepted ScoutPoi @ Rostok (176 RU)
[13:30:24] [TASK] Igor → AcceptMission [ScoutPoi] (goal=AcceptMission)
[13:30:24] [GOAL] Igor achieved AcceptMission
[13:30:24] [MISSION] Pierre accepted ScoutPoi @ Yantar (160 RU)
[13:30:24] [TASK] Pierre → AcceptMission [ScoutPoi] (goal=AcceptMission)
[13:30:24] [GOAL] Pierre achieved AcceptMission
[13:30:24] [MISSION] Yuriy accepted ScoutPoi @ Deserted Hospital (160 RU)
[13:30:24] [TASK] Yuriy → AcceptMission [ScoutPoi] (goal=AcceptMission)
[13:30:24] [GOAL] Yuriy achieved AcceptMission
[13:30:24] [MISSION] Dmytro accepted ScoutPoi @ Pripyat (160 RU)
[13:30:24] [TASK] Dmytro → AcceptMission [ScoutPoi] (goal=AcceptMission)
[13:30:24] [GOAL] Dmytro achieved AcceptMission
[13:30:24] [MISSION] Tobias accepted ScoutPoi @ Dark Valley (160 RU)
[13:30:24] [TASK] Tobias → AcceptMission [ScoutPoi] (goal=AcceptMission)
[13:30:24] [GOAL] Tobias achieved AcceptMission
[13:30:24] [MISSION] Dmytro accepted ScoutPoi @ Chistogalovka (160 RU)
[13:30:24] [TASK] Dmytro → AcceptMission [ScoutPoi] (goal=AcceptMission)
[13:30:24] [GOAL] Dmytro achieved AcceptMission
[13:30:24] [MISSION] Oleksiy accepted ScoutPoi @ Chernobyl Town (160 RU)
[13:30:24] [TASK] Oleksiy → AcceptMission [ScoutPoi] (goal=AcceptMission)
[13:30:24] [GOAL] Oleksiy achieved AcceptMission
[13:30:24] [MISSION] Bakhyt accepted ScoutPoi @ Chernobyl Town (160 RU)
[13:30:24] [TASK] Bakhyt → AcceptMission [ScoutPoi] (goal=AcceptMission)
[13:30:24] [GOAL] Bakhyt achieved AcceptMission
[13:30:24] [MISSION] Mikhail accepted ScoutPoi @ Zalissya (160 RU)
[13:30:24] [TASK] Mikhail → AcceptMission [ScoutPoi] (goal=AcceptMission)
[13:30:24] [GOAL] Mikhail achieved AcceptMission
[13:30:24] [MISSION] Frank accepted ScoutPoi @ Dead City (Chernobyl-2 Settlement) (160 RU)
[13:30:24] [TASK] Frank → AcceptMission [ScoutPoi] (goal=AcceptMission)
[13:30:24] [GOAL] Frank achieved AcceptMission
[13:30:24] [MISSION] Dmitri accepted ScoutPoi @ Garbage (160 RU)
[13:30:24] [TASK] Dmitri → AcceptMission [ScoutPoi] (goal=AcceptMission)
[13:30:24] [GOAL] Dmitri achieved AcceptMission
[13:30:24] [MISSION] Viktor accepted ScoutPoi @ Buriakivka Waste Site (160 RU)
[13:30:24] [TASK] Viktor → AcceptMission [ScoutPoi] (goal=AcceptMission)
[13:30:24] [GOAL] Viktor achieved AcceptMission
[13:30:24] [MISSION] Alexei accepted ScoutPoi @ Cordon (160 RU)
[13:30:24] [TASK] Alexei → AcceptMission [ScoutPoi] (goal=AcceptMission)
[13:30:24] [GOAL] Alexei achieved AcceptMission
[13:30:24] [MISSION] Igor accepted ScoutPoi @ Truck Cemetery (176 RU)
[13:30:24] [TASK] Igor → AcceptMission [ScoutPoi] (goal=AcceptMission)
[13:30:24] [GOAL] Igor achieved AcceptMission
[13:30:24] [MISSION] Viktor accepted ScoutPoi @ Generators (160 RU)
[13:30:24] [TASK] Viktor → AcceptMission [ScoutPoi] (goal=AcceptMission)
[13:30:24] [GOAL] Viktor achieved AcceptMission
[13:30:24] [MISSION] Sergei accepted ScoutPoi @ Garbage (160 RU)
[13:30:24] [TASK] Sergei → AcceptMission [ScoutPoi] (goal=AcceptMission)
[13:30:24] [GOAL] Sergei achieved AcceptMission
[13:30:24] [MISSION] Nodar accepted ScoutPoi @ Rostok (176 RU)
[13:30:24] [TASK] Nodar → AcceptMission [ScoutPoi] (goal=AcceptMission)
[13:30:24] [GOAL] Nodar achieved AcceptMission
[13:30:24] [MISSION] Oleksiy accepted ScoutPoi @ Limansk (160 RU)
[13:30:24] [TASK] Oleksiy → AcceptMission [ScoutPoi] (goal=AcceptMission)
[13:30:24] [GOAL] Oleksiy achieved AcceptMission
[13:30:24] [MISSION] Oleg accepted ScoutPoi @ Chistogalovka (160 RU)
[13:30:24] [TASK] Oleg → AcceptMission [ScoutPoi] (goal=AcceptMission)
[13:30:24] [GOAL] Oleg achieved AcceptMission
[13:30:24] [MISSION] Frank accepted ScoutPoi @ Duga Radar (160 RU)
[13:30:24] [TASK] Frank → AcceptMission [ScoutPoi] (goal=AcceptMission)
[13:30:24] [GOAL] Frank achieved AcceptMission
[13:30:24] [MISSION] Viktor accepted ScoutPoi @ Limansk (160 RU)
[13:30:24] [TASK] Viktor → AcceptMission [ScoutPoi] (goal=AcceptMission)
[13:30:24] [GOAL] Viktor achieved AcceptMission
[13:30:24] [MISSION] Jake accepted ScoutPoi @ Dead City (Chernobyl-2 Settlement) (160 RU)
[13:30:24] [TASK] Jake → AcceptMission [ScoutPoi] (goal=AcceptMission)
[13:30:24] [GOAL] Jake achieved AcceptMission
[13:30:24] [MISSION] Bohdan accepted ScoutPoi @ Truck Cemetery (176 RU)
[13:30:24] [TASK] Bohdan → AcceptMission [ScoutPoi] (goal=AcceptMission)
[13:30:24] [GOAL] Bohdan achieved AcceptMission
[13:30:24] [MISSION] Mikhail accepted ScoutPoi @ Zaton (160 RU)
[13:30:24] [TASK] Mikhail → AcceptMission [ScoutPoi] (goal=AcceptMission)
[13:30:24] [GOAL] Mikhail achieved AcceptMission
[13:30:24] [MISSION] Ivan accepted ScoutPoi @ Zalissya (160 RU)
[13:30:24] [TASK] Ivan → AcceptMission [ScoutPoi] (goal=AcceptMission)
[13:30:24] [GOAL] Ivan achieved AcceptMission
[13:30:24] [MISSION] Alexei accepted ScoutPoi @ Agroprom (160 RU)
[13:30:24] [TASK] Alexei → AcceptMission [ScoutPoi] (goal=AcceptMission)
[13:30:24] [GOAL] Alexei achieved AcceptMission
[13:30:24] [MISSION] Timur accepted ScoutPoi @ Kopachi (160 RU)
[13:30:24] [TASK] Timur → AcceptMission [ScoutPoi] (goal=AcceptMission)
[13:30:24] [GOAL] Timur achieved AcceptMission
[13:30:24] [MISSION] Timur accepted ScoutPoi @ Duga Radar (160 RU)
[13:30:24] [TASK] Timur → AcceptMission [ScoutPoi] (goal=AcceptMission)
[13:30:24] [GOAL] Timur achieved AcceptMission
[13:30:24] [MISSION] Ivan accepted ScoutPoi @ Deserted Hospital (160 RU)
[13:30:24] [TASK] Ivan → AcceptMission [ScoutPoi] (goal=AcceptMission)
[13:30:24] [GOAL] Ivan achieved AcceptMission
[13:30:24] [MISSION] Nikolai accepted ScoutPoi @ Cordon (160 RU)
[13:30:24] [TASK] Nikolai → AcceptMission [ScoutPoi] (goal=AcceptMission)
[13:30:24] [GOAL] Nikolai achieved AcceptMission
[13:30:24] [MISSION] Nikolai accepted ScoutPoi @ Red Forest (160 RU)
[13:30:24] [TASK] Nikolai → AcceptMission [ScoutPoi] (goal=AcceptMission)
[13:30:24] [GOAL] Nikolai achieved AcceptMission
[13:30:24] [MISSION] Karl accepted ScoutPoi @ Duga Radar (160 RU)
[13:30:24] [TASK] Karl → AcceptMission [ScoutPoi] (goal=AcceptMission)
[13:30:24] [GOAL] Karl achieved AcceptMission
[13:30:24] [MISSION] Mikhail accepted ScoutPoi @ Chistogalovka (160 RU)
[13:30:24] [TASK] Mikhail → AcceptMission [ScoutPoi] (goal=AcceptMission)
[13:30:24] [GOAL] Mikhail achieved AcceptMission
[13:30:24] [MISSION] Pavel accepted ScoutPoi @ Pripyat (160 RU)
[13:30:24] [TASK] Pavel → AcceptMission [ScoutPoi] (goal=AcceptMission)
[13:30:24] [GOAL] Pavel achieved AcceptMission
[13:30:24] [MISSION] Pavel accepted ScoutPoi @ Truck Cemetery (176 RU)
[13:30:24] [TASK] Pavel → AcceptMission [ScoutPoi] (goal=AcceptMission)
[13:30:24] [GOAL] Pavel achieved AcceptMission
[13:30:24] [MISSION] Andriy accepted ScoutPoi @ Cordon (160 RU)
[13:30:24] [TASK] Andriy → AcceptMission [ScoutPoi] (goal=AcceptMission)
[13:30:24] [GOAL] Andriy achieved AcceptMission
[13:30:24] [MISSION] Sergei accepted ScoutPoi @ Agroprom (160 RU)
[13:30:24] [TASK] Sergei → AcceptMission [ScoutPoi] (goal=AcceptMission)
[13:30:24] [GOAL] Sergei achieved AcceptMission
[13:30:24] [MISSION] Lars accepted ScoutPoi @ Dead City (Chernobyl-2 Settlement) (160 RU)
[13:30:24] [TASK] Lars → AcceptMission [ScoutPoi] (goal=AcceptMission)
[13:30:24] [GOAL] Lars achieved AcceptMission
[13:30:24] [MISSION] Mikhail accepted ScoutPoi @ Agroprom (160 RU)
[13:30:24] [TASK] Mikhail → AcceptMission [ScoutPoi] (goal=AcceptMission)
[13:30:24] [GOAL] Mikhail achieved AcceptMission
[13:30:24] [MISSION] Viktor accepted ScoutPoi @ Chernobyl NPP (160 RU)
[13:30:24] [TASK] Viktor → AcceptMission [ScoutPoi] (goal=AcceptMission)
[13:30:24] [GOAL] Viktor achieved AcceptMission
[13:30:24] [MISSION] Bohdan accepted ScoutPoi @ Rostok (176 RU)
[13:30:24] [TASK] Bohdan → AcceptMission [ScoutPoi] (goal=AcceptMission)
[13:30:24] [GOAL] Bohdan achieved AcceptMission
[13:30:24] [MISSION] Andriy accepted ScoutPoi @ Garbage (160 RU)
[13:30:24] [TASK] Andriy → AcceptMission [ScoutPoi] (goal=AcceptMission)
[13:30:24] [GOAL] Andriy achieved AcceptMission
[13:30:24] [MISSION] Giorgi accepted ScoutPoi @ Duga Radar (160 RU)
[13:30:24] [TASK] Giorgi → AcceptMission [ScoutPoi] (goal=AcceptMission)
[13:30:24] [GOAL] Giorgi achieved AcceptMission
[13:30:24] [MISSION] Igor accepted ScoutPoi @ Chistogalovka (160 RU)
[13:30:24] [TASK] Igor → AcceptMission [ScoutPoi] (goal=AcceptMission)
[13:30:24] [GOAL] Igor achieved AcceptMission
[13:30:24] [MISSION] Pavel accepted ScoutPoi @ Agroprom (160 RU)
[13:30:24] [TASK] Pavel → AcceptMission [ScoutPoi] (goal=AcceptMission)
[13:30:24] [GOAL] Pavel achieved AcceptMission
[13:30:24] [MISSION] Ivan accepted ScoutPoi @ Radar (Brain Scorcher) (160 RU)
[13:30:24] [TASK] Ivan → AcceptMission [ScoutPoi] (goal=AcceptMission)
[13:30:24] [GOAL] Ivan achieved AcceptMission
[13:30:24] [MISSION] Dmytro accepted ScoutPoi @ Red Forest (160 RU)
[13:30:24] [TASK] Dmytro → AcceptMission [ScoutPoi] (goal=AcceptMission)
[13:30:24] [GOAL] Dmytro achieved AcceptMission
[13:30:24] [MISSION] Mikhail accepted ScoutPoi @ Zalissya (160 RU)
[13:30:24] [TASK] Mikhail → AcceptMission [ScoutPoi] (goal=AcceptMission)
[13:30:24] [GOAL] Mikhail achieved AcceptMission
[13:30:24] [MISSION] Pavel accepted ScoutPoi @ Yantar (160 RU)
[13:30:24] [TASK] Pavel → AcceptMission [ScoutPoi] (goal=AcceptMission)
[13:30:24] [GOAL] Pavel achieved AcceptMission
[13:30:24] [MISSION] Ivan accepted ScoutPoi @ Kopachi (160 RU)
[13:30:24] [TASK] Ivan → AcceptMission [ScoutPoi] (goal=AcceptMission)
[13:30:24] [GOAL] Ivan achieved AcceptMission
[13:30:24] [MISSION] Mikhail accepted ScoutPoi @ Limansk (160 RU)
[13:30:24] [TASK] Mikhail → AcceptMission [ScoutPoi] (goal=AcceptMission)
[13:30:24] [GOAL] Mikhail achieved AcceptMission
[13:30:24] [MISSION] Connor accepted ScoutPoi @ Army Warehouses (184 RU)
[13:30:24] [TASK] Connor → AcceptMission [ScoutPoi] (goal=AcceptMission)
[13:30:24] [GOAL] Connor achieved AcceptMission
[13:30:24] [MISSION] Nodar accepted ScoutPoi @ Radar (Brain Scorcher) (160 RU)
[13:30:24] [TASK] Nodar → AcceptMission [ScoutPoi] (goal=AcceptMission)
[13:30:24] [GOAL] Nodar achieved AcceptMission
[13:30:24] [MISSION] Oleg accepted ScoutPoi @ Generators (160 RU)
[13:30:24] [TASK] Oleg → AcceptMission [ScoutPoi] (goal=AcceptMission)
[13:30:24] [GOAL] Oleg achieved AcceptMission
[13:30:24] [MISSION] Viktor accepted ScoutPoi @ Garbage (160 RU)
[13:30:24] [TASK] Viktor → AcceptMission [ScoutPoi] (goal=AcceptMission)
[13:30:24] [GOAL] Viktor achieved AcceptMission
[13:30:24] [MISSION] Karl accepted ScoutPoi @ Truck Cemetery (176 RU)
[13:30:24] [TASK] Karl → AcceptMission [ScoutPoi] (goal=AcceptMission)
[13:30:24] [GOAL] Karl achieved AcceptMission
[13:30:24] [MISSION] Zura accepted ScoutPoi @ Cordon (160 RU)
[13:30:24] [TASK] Zura → AcceptMission [ScoutPoi] (goal=AcceptMission)
[13:30:24] [GOAL] Zura achieved AcceptMission
[13:30:24] [MISSION] Timur accepted ScoutPoi @ Chernobyl Town (160 RU)
[13:30:24] [TASK] Timur → AcceptMission [ScoutPoi] (goal=AcceptMission)
[13:30:24] [GOAL] Timur achieved AcceptMission
[13:30:24] [MISSION] Viktor accepted ScoutPoi @ Chistogalovka (160 RU)
[13:30:24] [TASK] Viktor → AcceptMission [ScoutPoi] (goal=AcceptMission)
[13:30:24] [GOAL] Viktor achieved AcceptMission
[13:30:24] [MISSION] Serhiy accepted ScoutPoi @ Yantar (160 RU)
[13:30:24] [TASK] Serhiy → AcceptMission [ScoutPoi] (goal=AcceptMission)
[13:30:24] [GOAL] Serhiy achieved AcceptMission
[13:30:24] [MISSION] Igor accepted ScoutPoi @ Truck Cemetery (176 RU)
[13:30:24] [TASK] Igor → AcceptMission [ScoutPoi] (goal=AcceptMission)
[13:30:24] [GOAL] Igor achieved AcceptMission
[13:30:24] [MISSION] Pavel accepted ScoutPoi @ Truck Cemetery (176 RU)
[13:30:24] [TASK] Pavel → AcceptMission [ScoutPoi] (goal=AcceptMission)
[13:30:24] [GOAL] Pavel achieved AcceptMission
[13:30:24] [MISSION] Mykola accepted ScoutPoi @ Cordon (160 RU)
[13:30:24] [TASK] Mykola → AcceptMission [ScoutPoi] (goal=AcceptMission)
[13:30:24] [GOAL] Mykola achieved AcceptMission
[13:30:24] [MISSION] Armen accepted ScoutPoi @ Generators (160 RU)
[13:30:24] [TASK] Armen → AcceptMission [ScoutPoi] (goal=AcceptMission)
[13:30:24] [GOAL] Armen achieved AcceptMission
[13:30:24] [MISSION] Mykola accepted ScoutPoi @ Generators (160 RU)
[13:30:24] [TASK] Mykola → AcceptMission [ScoutPoi] (goal=AcceptMission)
[13:30:24] [GOAL] Mykola achieved AcceptMission
[13:30:24] [MISSION] Yuriy accepted ScoutPoi @ Pripyat (160 RU)
[13:30:24] [TASK] Yuriy → AcceptMission [ScoutPoi] (goal=AcceptMission)
[13:30:24] [GOAL] Yuriy achieved AcceptMission
[13:30:24] [MISSION] Bohdan accepted ScoutPoi @ Zalissya (160 RU)
[13:30:24] [TASK] Bohdan → AcceptMission [ScoutPoi] (goal=AcceptMission)
[13:30:24] [GOAL] Bohdan achieved AcceptMission
[13:30:24] [MISSION] Andriy accepted ScoutPoi @ Great Swamps (160 RU)
[13:30:24] [TASK] Andriy → AcceptMission [ScoutPoi] (goal=AcceptMission)
[13:30:24] [GOAL] Andriy achieved AcceptMission
[13:30:24] [MISSION] Mykola accepted ScoutPoi @ Cordon (160 RU)
[13:30:24] [TASK] Mykola → AcceptMission [ScoutPoi] (goal=AcceptMission)
[13:30:24] [GOAL] Mykola achieved AcceptMission
[13:30:24] [MISSION] Ivan accepted ScoutPoi @ Pripyat (160 RU)
[13:30:24] [TASK] Ivan → AcceptMission [ScoutPoi] (goal=AcceptMission)
[13:30:24] [GOAL] Ivan achieved AcceptMission
[13:30:24] [MISSION] Oleksiy accepted ScoutPoi @ Cordon (160 RU)
[13:30:24] [TASK] Oleksiy → AcceptMission [ScoutPoi] (goal=AcceptMission)
[13:30:24] [GOAL] Oleksiy achieved AcceptMission
[13:30:24] [MISSION] Nodar accepted ScoutPoi @ Buriakivka Waste Site (160 RU)
[13:30:24] [TASK] Nodar → AcceptMission [ScoutPoi] (goal=AcceptMission)
[13:30:24] [GOAL] Nodar achieved AcceptMission
[13:30:24] [MISSION] Nikolai accepted ScoutPoi @ Deserted Hospital (160 RU)
[13:30:24] [TASK] Nikolai → AcceptMission [ScoutPoi] (goal=AcceptMission)
[13:30:24] [GOAL] Nikolai achieved AcceptMission
[13:30:24] [MISSION] Andriy accepted ScoutPoi @ Truck Cemetery (176 RU)
[13:30:24] [TASK] Andriy → AcceptMission [ScoutPoi] (goal=AcceptMission)
[13:30:24] [GOAL] Andriy achieved AcceptMission
[13:30:24] [MISSION] Sean accepted ScoutPoi @ Yantar (160 RU)
[13:30:24] [TASK] Sean → AcceptMission [ScoutPoi] (goal=AcceptMission)
[13:30:24] [GOAL] Sean achieved AcceptMission
[13:30:24] [MISSION] Oleg accepted ScoutPoi @ Generators (160 RU)
[13:30:24] [TASK] Oleg → AcceptMission [ScoutPoi] (goal=AcceptMission)
[13:30:24] [GOAL] Oleg achieved AcceptMission
[13:30:24] [MISSION] Vasyl accepted ScoutPoi @ Pripyat (160 RU)
[13:30:24] [TASK] Vasyl → AcceptMission [ScoutPoi] (goal=AcceptMission)
[13:30:24] [GOAL] Vasyl achieved AcceptMission
[13:30:24] [MISSION] Serhiy accepted ScoutPoi @ Zalissya (160 RU)
[13:30:24] [TASK] Serhiy → AcceptMission [ScoutPoi] (goal=AcceptMission)
[13:30:24] [GOAL] Serhiy achieved AcceptMission
[13:30:24] [MISSION] Dmytro accepted ScoutPoi @ Jupiter (Pripyat Industrial) (160 RU)
[13:30:24] [TASK] Dmytro → AcceptMission [ScoutPoi] (goal=AcceptMission)
[13:30:24] [GOAL] Dmytro achieved AcceptMission
[13:30:24] [MISSION] Yuriy accepted ScoutPoi @ Great Swamps (160 RU)
[13:30:24] [TASK] Yuriy → AcceptMission [ScoutPoi] (goal=AcceptMission)
[13:30:24] [GOAL] Yuriy achieved AcceptMission
[13:30:24] [MISSION] Karl accepted ScoutPoi @ Dead City (Chernobyl-2 Settlement) (160 RU)
[13:30:24] [TASK] Karl → AcceptMission [ScoutPoi] (goal=AcceptMission)
[13:30:24] [GOAL] Karl achieved AcceptMission
[13:30:24] [MISSION] Heinrich accepted ScoutPoi @ Truck Cemetery (176 RU)
[13:30:24] [TASK] Heinrich → AcceptMission [ScoutPoi] (goal=AcceptMission)
[13:30:24] [GOAL] Heinrich achieved AcceptMission
[13:30:24] [MISSION] Vasyl accepted ScoutPoi @ Truck Cemetery (176 RU)
[13:30:24] [TASK] Vasyl → AcceptMission [ScoutPoi] (goal=AcceptMission)
[13:30:24] [GOAL] Vasyl achieved AcceptMission
[13:30:24] [MISSION] Serhiy accepted ScoutPoi @ Radar (Brain Scorcher) (160 RU)
[13:30:24] [TASK] Serhiy → AcceptMission [ScoutPoi] (goal=AcceptMission)
[13:30:24] [GOAL] Serhiy achieved AcceptMission
[13:30:24] [MISSION] Igor accepted ScoutPoi @ Pripyat (160 RU)
[13:30:24] [TASK] Igor → AcceptMission [ScoutPoi] (goal=AcceptMission)
[13:30:24] [GOAL] Igor achieved AcceptMission
[13:30:24] [MISSION] Jake accepted ScoutPoi @ Dark Valley (160 RU)
[13:30:24] [TASK] Jake → AcceptMission [ScoutPoi] (goal=AcceptMission)
[13:30:24] [GOAL] Jake achieved AcceptMission
[13:30:24] [MISSION] Lars accepted ScoutPoi @ Dark Valley (160 RU)
[13:30:24] [TASK] Lars → AcceptMission [ScoutPoi] (goal=AcceptMission)
[13:30:24] [GOAL] Lars achieved AcceptMission
[13:30:24] [MISSION] Damir accepted ScoutPoi @ Red Forest (160 RU)
[13:30:24] [TASK] Damir → AcceptMission [ScoutPoi] (goal=AcceptMission)
[13:30:24] [GOAL] Damir achieved AcceptMission
[13:30:24] [MISSION] Taras accepted ScoutPoi @ Dark Valley (160 RU)
[13:30:24] [TASK] Taras → AcceptMission [ScoutPoi] (goal=AcceptMission)
[13:30:24] [GOAL] Taras achieved AcceptMission
[13:30:24] [MISSION] Dmitri accepted ScoutPoi @ Great Swamps (160 RU)
[13:30:24] [TASK] Dmitri → AcceptMission [ScoutPoi] (goal=AcceptMission)
[13:30:24] [GOAL] Dmitri achieved AcceptMission
[13:30:24] [MISSION] Andrei accepted ScoutPoi @ Truck Cemetery (176 RU)
[13:30:24] [TASK] Andrei → AcceptMission [ScoutPoi] (goal=AcceptMission)
[13:30:24] [GOAL] Andrei achieved AcceptMission
[13:30:24] [MISSION] Nikolai accepted ScoutPoi @ Truck Cemetery (176 RU)
[13:30:24] [TASK] Nikolai → AcceptMission [ScoutPoi] (goal=AcceptMission)
[13:30:24] [GOAL] Nikolai achieved AcceptMission
[13:30:24] [MISSION] Dmitri accepted ScoutPoi @ Red Forest (160 RU)
[13:30:24] [TASK] Dmitri → AcceptMission [ScoutPoi] (goal=AcceptMission)
[13:30:24] [GOAL] Dmitri achieved AcceptMission
[13:30:24] [MISSION] Serhiy accepted ScoutPoi @ Meadow (160 RU)
[13:30:24] [TASK] Serhiy → AcceptMission [ScoutPoi] (goal=AcceptMission)
[13:30:24] [GOAL] Serhiy achieved AcceptMission
[13:30:24] [MISSION] Mykola accepted ScoutPoi @ Red Forest (160 RU)
[13:30:24] [TASK] Mykola → AcceptMission [ScoutPoi] (goal=AcceptMission)
[13:30:24] [GOAL] Mykola achieved AcceptMission
[13:30:24] [MISSION] Nikolai accepted ScoutPoi @ Kopachi (160 RU)
[13:30:24] [TASK] Nikolai → AcceptMission [ScoutPoi] (goal=AcceptMission)
[13:30:24] [GOAL] Nikolai achieved AcceptMission
[13:30:24] [MISSION] Serhiy accepted ScoutPoi @ Chernobyl NPP (160 RU)
[13:30:24] [TASK] Serhiy → AcceptMission [ScoutPoi] (goal=AcceptMission)
[13:30:24] [GOAL] Serhiy achieved AcceptMission
[13:30:24] [MISSION] Lars accepted ScoutPoi @ Yantar (160 RU)
[13:30:24] [TASK] Lars → AcceptMission [ScoutPoi] (goal=AcceptMission)
[13:30:24] [GOAL] Lars achieved AcceptMission
[13:30:24] [MISSION] Bohdan accepted ScoutPoi @ Radar (Brain Scorcher) (160 RU)
[13:30:24] [TASK] Bohdan → AcceptMission [ScoutPoi] (goal=AcceptMission)
[13:30:24] [GOAL] Bohdan achieved AcceptMission
[13:30:24] [MISSION] Bakhyt accepted ScoutPoi @ Yantar (160 RU)
[13:30:24] [TASK] Bakhyt → AcceptMission [ScoutPoi] (goal=AcceptMission)
[13:30:24] [GOAL] Bakhyt achieved AcceptMission
[13:30:24] [MISSION] Oleksiy accepted ScoutPoi @ Meadow (160 RU)
[13:30:24] [TASK] Oleksiy → AcceptMission [ScoutPoi] (goal=AcceptMission)
[13:30:24] [GOAL] Oleksiy achieved AcceptMission
[13:30:24] [MISSION] Vasyl accepted ScoutPoi @ Duga Radar (160 RU)
[13:30:24] [TASK] Vasyl → AcceptMission [ScoutPoi] (goal=AcceptMission)
[13:30:24] [GOAL] Vasyl achieved AcceptMission
[13:30:24] [MISSION] Dmytro accepted ScoutPoi @ Zalissya (160 RU)
[13:30:24] [TASK] Dmytro → AcceptMission [ScoutPoi] (goal=AcceptMission)
[13:30:24] [GOAL] Dmytro achieved AcceptMission
[13:30:24] [MISSION] Serhiy accepted ScoutPoi @ Wild Territory (160 RU)
[13:30:24] [TASK] Serhiy → AcceptMission [ScoutPoi] (goal=AcceptMission)
[13:30:24] [GOAL] Serhiy achieved AcceptMission
[13:30:24] [MISSION] Yuriy accepted ScoutPoi @ Great Swamps (160 RU)
[13:30:24] [TASK] Yuriy → AcceptMission [ScoutPoi] (goal=AcceptMission)
[13:30:24] [GOAL] Yuriy achieved AcceptMission
[13:30:24] [MISSION] Oleksiy accepted ScoutPoi @ Truck Cemetery (176 RU)
[13:30:24] [TASK] Oleksiy → AcceptMission [ScoutPoi] (goal=AcceptMission)
[13:30:24] [GOAL] Oleksiy achieved AcceptMission
[13:30:24] [MISSION] Taras accepted ScoutPoi @ Great Swamps (160 RU)
[13:30:24] [TASK] Taras → AcceptMission [ScoutPoi] (goal=AcceptMission)
[13:30:24] [GOAL] Taras achieved AcceptMission
[13:30:24] [MISSION] Armen accepted ScoutPoi @ Pripyat (160 RU)
[13:30:24] [TASK] Armen → AcceptMission [ScoutPoi] (goal=AcceptMission)
[13:30:24] [GOAL] Armen achieved AcceptMission
[13:30:24] [MISSION] Mikhail accepted ScoutPoi @ Dead City (Chernobyl-2 Settlement) (160 RU)
[13:30:24] [TASK] Mikhail → AcceptMission [ScoutPoi] (goal=AcceptMission)
[13:30:24] [GOAL] Mikhail achieved AcceptMission
[13:30:24] [MISSION] Sergei accepted ScoutPoi @ Garbage (160 RU)
[13:30:24] [TASK] Sergei → AcceptMission [ScoutPoi] (goal=AcceptMission)
[13:30:24] [GOAL] Sergei achieved AcceptMission
[13:30:24] [MISSION] Ivan accepted ScoutPoi @ Chistogalovka (160 RU)
[13:30:24] [TASK] Ivan → AcceptMission [ScoutPoi] (goal=AcceptMission)
[13:30:24] [GOAL] Ivan achieved AcceptMission
[13:30:24] [MISSION] Timur accepted ScoutPoi @ Buriakivka Waste Site (160 RU)
[13:30:24] [TASK] Timur → AcceptMission [ScoutPoi] (goal=AcceptMission)
[13:30:24] [GOAL] Timur achieved AcceptMission
[13:30:24] [MISSION] Yuriy accepted ScoutPoi @ Zalissya (160 RU)
[13:30:24] [TASK] Yuriy → AcceptMission [ScoutPoi] (goal=AcceptMission)
[13:30:24] [GOAL] Yuriy achieved AcceptMission
[13:30:24] [MISSION] Alexei accepted ScoutPoi @ Cordon (160 RU)
[13:30:24] [TASK] Alexei → AcceptMission [ScoutPoi] (goal=AcceptMission)
[13:30:24] [GOAL] Alexei achieved AcceptMission
[13:30:24] [MISSION] Marcus accepted ScoutPoi @ Dead City (Chernobyl-2 Settlement) (160 RU)
[13:30:24] [TASK] Marcus → AcceptMission [ScoutPoi] (goal=AcceptMission)
[13:30:24] [GOAL] Marcus achieved AcceptMission
[13:30:24] [MISSION] Rustam accepted ScoutPoi @ Yantar (160 RU)
[13:30:24] [TASK] Rustam → AcceptMission [ScoutPoi] (goal=AcceptMission)
[13:30:24] [GOAL] Rustam achieved AcceptMission
[13:30:24] [MISSION] Dmytro accepted ScoutPoi @ Limansk (160 RU)
[13:30:24] [TASK] Dmytro → AcceptMission [ScoutPoi] (goal=AcceptMission)
[13:30:24] [GOAL] Dmytro achieved AcceptMission
[13:30:24] [MISSION] Taras accepted ScoutPoi @ Great Swamps (160 RU)
[13:30:24] [TASK] Taras → AcceptMission [ScoutPoi] (goal=AcceptMission)
[13:30:24] [GOAL] Taras achieved AcceptMission
[13:30:24] [MISSION] Oleg accepted ScoutPoi @ Chernobyl NPP (160 RU)
[13:30:24] [TASK] Oleg → AcceptMission [ScoutPoi] (goal=AcceptMission)
[13:30:24] [GOAL] Oleg achieved AcceptMission
[13:30:24] [MISSION] Andrei accepted ScoutPoi @ Rostok (176 RU)
[13:30:24] [TASK] Andrei → AcceptMission [ScoutPoi] (goal=AcceptMission)
[13:30:24] [GOAL] Andrei achieved AcceptMission
[13:30:24] [MISSION] Mikhail accepted ScoutPoi @ Chistogalovka (160 RU)
[13:30:24] [TASK] Mikhail → AcceptMission [ScoutPoi] (goal=AcceptMission)
[13:30:24] [GOAL] Mikhail achieved AcceptMission
[13:30:24] [MISSION] Bohdan accepted ScoutPoi @ Chernobyl NPP (160 RU)
[13:30:24] [TASK] Bohdan → AcceptMission [ScoutPoi] (goal=AcceptMission)
[13:30:24] [GOAL] Bohdan achieved AcceptMission
[13:30:24] [MISSION] Yuriy accepted ScoutPoi @ Agroprom (160 RU)
[13:30:24] [TASK] Yuriy → AcceptMission [ScoutPoi] (goal=AcceptMission)
[13:30:24] [GOAL] Yuriy achieved AcceptMission
[13:30:24] [MISSION] Giorgi accepted ScoutPoi @ Truck Cemetery (176 RU)
[13:30:24] [TASK] Giorgi → AcceptMission [ScoutPoi] (goal=AcceptMission)
[13:30:24] [GOAL] Giorgi achieved AcceptMission
[13:30:24] [MISSION] Oleg accepted ScoutPoi @ Duga Radar (160 RU)
[13:30:24] [TASK] Oleg → AcceptMission [ScoutPoi] (goal=AcceptMission)
[13:30:24] [GOAL] Oleg achieved AcceptMission
[13:30:24] [MISSION] Mykola accepted ScoutPoi @ Red Forest (160 RU)
[13:30:24] [TASK] Mykola → AcceptMission [ScoutPoi] (goal=AcceptMission)
[13:30:24] [GOAL] Mykola achieved AcceptMission
[13:30:24] [MISSION] Dmitri accepted ScoutPoi @ Red Forest (160 RU)
[13:30:24] [TASK] Dmitri → AcceptMission [ScoutPoi] (goal=AcceptMission)
[13:30:24] [GOAL] Dmitri achieved AcceptMission
[13:30:24] [MISSION] Giorgi accepted ScoutPoi @ Truck Cemetery (176 RU)
[13:30:24] [TASK] Giorgi → AcceptMission [ScoutPoi] (goal=AcceptMission)
[13:30:24] [GOAL] Giorgi achieved AcceptMission
[13:30:24] [MISSION] Lasha accepted ScoutPoi @ Zaton (160 RU)
[13:30:24] [TASK] Lasha → AcceptMission [ScoutPoi] (goal=AcceptMission)
[13:30:24] [GOAL] Lasha achieved AcceptMission
[13:30:24] [MISSION] Viktor accepted ScoutPoi @ Generators (160 RU)
[13:30:24] [TASK] Viktor → AcceptMission [ScoutPoi] (goal=AcceptMission)
[13:30:24] [GOAL] Viktor achieved AcceptMission
[13:30:24] [MISSION] Oleg accepted ScoutPoi @ Zalissya (160 RU)
[13:30:24] [TASK] Oleg → AcceptMission [ScoutPoi] (goal=AcceptMission)
[13:30:24] [GOAL] Oleg achieved AcceptMission
[13:30:24] [MISSION] Sergei accepted ScoutPoi @ Meadow (160 RU)
[13:30:24] [TASK] Sergei → AcceptMission [ScoutPoi] (goal=AcceptMission)
[13:30:24] [GOAL] Sergei achieved AcceptMission
[13:30:24] [MISSION] Giorgi accepted ScoutPoi @ Red Forest (160 RU)
[13:30:24] [TASK] Giorgi → AcceptMission [ScoutPoi] (goal=AcceptMission)
[13:30:24] [GOAL] Giorgi achieved AcceptMission
[13:30:24] [MISSION] Nodar accepted ScoutPoi @ Cordon (160 RU)
[13:30:24] [TASK] Nodar → AcceptMission [ScoutPoi] (goal=AcceptMission)
[13:30:24] [GOAL] Nodar achieved AcceptMission
[13:30:24] [MISSION] Oleksiy accepted ScoutPoi @ Red Forest (160 RU)
[13:30:24] [TASK] Oleksiy → AcceptMission [ScoutPoi] (goal=AcceptMission)
[13:30:24] [GOAL] Oleksiy achieved AcceptMission
[13:30:24] [MISSION] Yuriy accepted ScoutPoi @ Meadow (160 RU)
[13:30:24] [TASK] Yuriy → AcceptMission [ScoutPoi] (goal=AcceptMission)
[13:30:24] [GOAL] Yuriy achieved AcceptMission
[13:30:24] [MISSION] Ivan accepted ScoutPoi @ Kopachi (160 RU)
[13:30:24] [TASK] Ivan → AcceptMission [ScoutPoi] (goal=AcceptMission)
[13:30:24] [GOAL] Ivan achieved AcceptMission
[13:30:24] [MISSION] Oleg accepted ScoutPoi @ Chernobyl NPP (160 RU)
[13:30:24] [TASK] Oleg → AcceptMission [ScoutPoi] (goal=AcceptMission)
[13:30:24] [GOAL] Oleg achieved AcceptMission
[13:30:24] [MISSION] Pavel accepted ScoutPoi @ Pripyat (160 RU)
[13:30:24] [TASK] Pavel → AcceptMission [ScoutPoi] (goal=AcceptMission)
[13:30:24] [GOAL] Pavel achieved AcceptMission
[13:30:24] [MISSION] Mykola accepted ScoutPoi @ Zaton (160 RU)
[13:30:24] [TASK] Mykola → AcceptMission [ScoutPoi] (goal=AcceptMission)
[13:30:24] [GOAL] Mykola achieved AcceptMission
[13:30:24] [MISSION] Mykola accepted ScoutPoi @ Kopachi (160 RU)
[13:30:24] [TASK] Mykola → AcceptMission [ScoutPoi] (goal=AcceptMission)
[13:30:24] [GOAL] Mykola achieved AcceptMission
[13:30:24] [MISSION] Zura accepted ScoutPoi @ Jupiter (Pripyat Industrial) (160 RU)
[13:30:24] [TASK] Zura → AcceptMission [ScoutPoi] (goal=AcceptMission)
[13:30:24] [GOAL] Zura achieved AcceptMission
[13:30:24] [MISSION] Taras accepted ScoutPoi @ Jupiter (Pripyat Industrial) (160 RU)
[13:30:24] [TASK] Taras → AcceptMission [ScoutPoi] (goal=AcceptMission)
[13:30:24] [GOAL] Taras achieved AcceptMission
[13:30:24] [MISSION] Andrei accepted ScoutPoi @ Zalissya (160 RU)
[13:30:24] [TASK] Andrei → AcceptMission [ScoutPoi] (goal=AcceptMission)
[13:30:24] [GOAL] Andrei achieved AcceptMission
[13:30:24] [MISSION] Yuriy accepted ScoutPoi @ Wild Territory (160 RU)
[13:30:24] [TASK] Yuriy → AcceptMission [ScoutPoi] (goal=AcceptMission)
[13:30:24] [GOAL] Yuriy achieved AcceptMission
[13:30:25] [MISSION] Ivan accepted ScoutPoi @ Zalissya (160 RU)
[13:30:25] [TASK] Ivan → AcceptMission [ScoutPoi] (goal=AcceptMission)
[13:30:25] [GOAL] Ivan achieved AcceptMission
[13:30:25] [MISSION] Bakhyt accepted ScoutPoi @ Red Forest (160 RU)
[13:30:25] [TASK] Bakhyt → AcceptMission [ScoutPoi] (goal=AcceptMission)
[13:30:25] [GOAL] Bakhyt achieved AcceptMission
[13:30:25] [MISSION] Pierre accepted ScoutPoi @ Dead City (Chernobyl-2 Settlement) (160 RU)
[13:30:25] [TASK] Pierre → AcceptMission [ScoutPoi] (goal=AcceptMission)
[13:30:25] [GOAL] Pierre achieved AcceptMission
[13:30:25] [MISSION] Alexei accepted ScoutPoi @ Agroprom (160 RU)
[13:30:25] [TASK] Alexei → AcceptMission [ScoutPoi] (goal=AcceptMission)
[13:30:25] [GOAL] Alexei achieved AcceptMission
[13:30:25] [MISSION] Taras accepted ScoutPoi @ Wild Territory (160 RU)
[13:30:25] [TASK] Taras → AcceptMission [ScoutPoi] (goal=AcceptMission)
[13:30:25] [GOAL] Taras achieved AcceptMission
[13:30:25] [MISSION] Ivan accepted ScoutPoi @ Chernobyl Town (160 RU)
[13:30:25] [TASK] Ivan → AcceptMission [ScoutPoi] (goal=AcceptMission)
[13:30:25] [GOAL] Ivan achieved AcceptMission
[13:30:25] [MISSION] Dmytro accepted ScoutPoi @ Zalissya (160 RU)
[13:30:25] [TASK] Dmytro → AcceptMission [ScoutPoi] (goal=AcceptMission)
[13:30:25] [GOAL] Dmytro achieved AcceptMission
[13:30:25] [MISSION] Nikolai accepted ScoutPoi @ Chistogalovka (160 RU)
[13:30:25] [TASK] Nikolai → AcceptMission [ScoutPoi] (goal=AcceptMission)
[13:30:25] [GOAL] Nikolai achieved AcceptMission
[13:30:25] [MISSION] Oleksiy accepted ScoutPoi @ Red Forest (160 RU)
[13:30:25] [TASK] Oleksiy → AcceptMission [ScoutPoi] (goal=AcceptMission)
[13:30:25] [GOAL] Oleksiy achieved AcceptMission
[13:30:25] [MISSION] Mykola accepted ScoutPoi @ Chistogalovka (160 RU)
[13:30:25] [TASK] Mykola → AcceptMission [ScoutPoi] (goal=AcceptMission)
[13:30:25] [GOAL] Mykola achieved AcceptMission
[13:30:25] [MISSION] Giorgi accepted ScoutPoi @ Limansk (160 RU)
[13:30:25] [TASK] Giorgi → AcceptMission [ScoutPoi] (goal=AcceptMission)
[13:30:25] [GOAL] Giorgi achieved AcceptMission
[13:30:25] [MISSION] Andriy accepted ScoutPoi @ Zalissya (160 RU)
[13:30:25] [TASK] Andriy → AcceptMission [ScoutPoi] (goal=AcceptMission)
[13:30:25] [GOAL] Andriy achieved AcceptMission
[13:30:25] [MISSION] Vasyl accepted ScoutPoi @ Rostok (176 RU)
[13:30:25] [TASK] Vasyl → AcceptMission [ScoutPoi] (goal=AcceptMission)
[13:30:25] [GOAL] Vasyl achieved AcceptMission
[13:30:25] [MISSION] Rustam accepted ScoutPoi @ Chistogalovka (160 RU)
[13:30:25] [TASK] Rustam → AcceptMission [ScoutPoi] (goal=AcceptMission)
[13:30:25] [GOAL] Rustam achieved AcceptMission
[13:30:25] [MISSION] Serhiy accepted ScoutPoi @ Cordon (160 RU)
[13:30:25] [TASK] Serhiy → AcceptMission [ScoutPoi] (goal=AcceptMission)
[13:30:25] [GOAL] Serhiy achieved AcceptMission
[13:30:25] [MISSION] Dmytro accepted ScoutPoi @ Cordon (160 RU)
[13:30:25] [TASK] Dmytro → AcceptMission [ScoutPoi] (goal=AcceptMission)
[13:30:25] [GOAL] Dmytro achieved AcceptMission
[13:30:25] [MISSION] Pavel accepted ScoutPoi @ Zaton (160 RU)
[13:30:25] [TASK] Pavel → AcceptMission [ScoutPoi] (goal=AcceptMission)
[13:30:25] [GOAL] Pavel achieved AcceptMission
[13:30:25] [MISSION] Timur accepted ScoutPoi @ Chernobyl NPP (160 RU)
[13:30:25] [TASK] Timur → AcceptMission [ScoutPoi] (goal=AcceptMission)
[13:30:25] [GOAL] Timur achieved AcceptMission
[13:30:25] [MISSION] Zura accepted ScoutPoi @ Radar (Brain Scorcher) (160 RU)
[13:30:25] [TASK] Zura → AcceptMission [ScoutPoi] (goal=AcceptMission)
[13:30:25] [GOAL] Zura achieved AcceptMission
[13:30:25] [MISSION] Andrei accepted ScoutPoi @ Agroprom (160 RU)
[13:30:25] [TASK] Andrei → AcceptMission [ScoutPoi] (goal=AcceptMission)
[13:30:25] [GOAL] Andrei achieved AcceptMission
[13:30:25] [MISSION] Igor accepted ScoutPoi @ Radar (Brain Scorcher) (160 RU)
[13:30:25] [TASK] Igor → AcceptMission [ScoutPoi] (goal=AcceptMission)
[13:30:25] [GOAL] Igor achieved AcceptMission
[13:30:25] [MISSION] Mykola accepted ScoutPoi @ Zalissya (160 RU)
[13:30:25] [TASK] Mykola → AcceptMission [ScoutPoi] (goal=AcceptMission)
[13:30:25] [GOAL] Mykola achieved AcceptMission
[13:30:25] [MISSION] Andriy accepted ScoutPoi @ Garbage (160 RU)
[13:30:25] [TASK] Andriy → AcceptMission [ScoutPoi] (goal=AcceptMission)
[13:30:25] [GOAL] Andriy achieved AcceptMission
[13:30:25] [MISSION] Mikhail accepted ScoutPoi @ Wild Territory (160 RU)
[13:30:25] [TASK] Mikhail → AcceptMission [ScoutPoi] (goal=AcceptMission)
[13:30:25] [GOAL] Mikhail achieved AcceptMission
[13:30:25] [MISSION] Yuriy accepted ScoutPoi @ Chernobyl Town (160 RU)
[13:30:25] [TASK] Yuriy → AcceptMission [ScoutPoi] (goal=AcceptMission)
[13:30:25] [GOAL] Yuriy achieved AcceptMission
[13:30:25] [MISSION] Marcus accepted ScoutPoi @ Buriakivka Waste Site (160 RU)
[13:30:25] [TASK] Marcus → AcceptMission [ScoutPoi] (goal=AcceptMission)
[13:30:25] [GOAL] Marcus achieved AcceptMission
[13:30:25] [MISSION] Dmytro accepted ScoutPoi @ Rostok (176 RU)
[13:30:25] [TASK] Dmytro → AcceptMission [ScoutPoi] (goal=AcceptMission)
[13:30:25] [GOAL] Dmytro achieved AcceptMission
[13:30:25] [MISSION] Bohdan accepted ScoutPoi @ Chernobyl NPP (160 RU)
[13:30:25] [TASK] Bohdan → AcceptMission [ScoutPoi] (goal=AcceptMission)
[13:30:25] [GOAL] Bohdan achieved AcceptMission
[13:30:25] [MISSION] Taras accepted ScoutPoi @ Buriakivka Waste Site (160 RU)
[13:30:25] [TASK] Taras → AcceptMission [ScoutPoi] (goal=AcceptMission)
[13:30:25] [GOAL] Taras achieved AcceptMission
[13:30:25] [MISSION] Zura accepted ScoutPoi @ Zalissya (160 RU)
[13:30:25] [TASK] Zura → AcceptMission [ScoutPoi] (goal=AcceptMission)
[13:30:25] [GOAL] Zura achieved AcceptMission
[13:30:25] [MISSION] Andriy accepted ScoutPoi @ Radar (Brain Scorcher) (160 RU)
[13:30:25] [TASK] Andriy → AcceptMission [ScoutPoi] (goal=AcceptMission)
[13:30:25] [GOAL] Andriy achieved AcceptMission
[13:30:25] [MISSION] Ivan accepted ScoutPoi @ Limansk (160 RU)
[13:30:25] [TASK] Ivan → AcceptMission [ScoutPoi] (goal=AcceptMission)
[13:30:25] [GOAL] Ivan achieved AcceptMission
[13:30:25] [MISSION] Igor accepted ScoutPoi @ Truck Cemetery (176 RU)
[13:30:25] [TASK] Igor → AcceptMission [ScoutPoi] (goal=AcceptMission)
[13:30:25] [GOAL] Igor achieved AcceptMission
[13:30:25] [MISSION] Lars accepted ScoutPoi @ Duga Radar (160 RU)
[13:30:25] [TASK] Lars → AcceptMission [ScoutPoi] (goal=AcceptMission)
[13:30:25] [GOAL] Lars achieved AcceptMission
[13:30:25] [MISSION] Pavel accepted ScoutPoi @ Zalissya (160 RU)
[13:30:25] [TASK] Pavel → AcceptMission [ScoutPoi] (goal=AcceptMission)
[13:30:25] [GOAL] Pavel achieved AcceptMission
[13:30:25] [MISSION] Mikhail accepted ScoutPoi @ Kopachi (160 RU)
[13:30:25] [TASK] Mikhail → AcceptMission [ScoutPoi] (goal=AcceptMission)
[13:30:25] [GOAL] Mikhail achieved AcceptMission
[13:30:25] [MISSION] Serhiy accepted ScoutPoi @ Red Forest (160 RU)
[13:30:25] [TASK] Serhiy → AcceptMission [ScoutPoi] (goal=AcceptMission)
[13:30:25] [GOAL] Serhiy achieved AcceptMission
[13:30:25] [MISSION] Andriy accepted ScoutPoi @ Zaton (160 RU)
[13:30:25] [TASK] Andriy → AcceptMission [ScoutPoi] (goal=AcceptMission)
[13:30:25] [GOAL] Andriy achieved AcceptMission
[13:30:25] [MISSION] Vasyl accepted ScoutPoi @ Kopachi (160 RU)
[13:30:25] [TASK] Vasyl → AcceptMission [ScoutPoi] (goal=AcceptMission)
[13:30:25] [GOAL] Vasyl achieved AcceptMission
[13:30:25] [MISSION] Nodar accepted ScoutPoi @ Meadow (160 RU)
[13:30:25] [TASK] Nodar → AcceptMission [ScoutPoi] (goal=AcceptMission)
[13:30:25] [GOAL] Nodar achieved AcceptMission
[13:30:25] [MISSION] Andriy accepted ScoutPoi @ Army Warehouses (184 RU)
[13:30:25] [TASK] Andriy → AcceptMission [ScoutPoi] (goal=AcceptMission)
[13:30:25] [GOAL] Andriy achieved AcceptMission
[13:30:25] [MISSION] Ivan accepted ScoutPoi @ Army Warehouses (184 RU)
[13:30:25] [TASK] Ivan → AcceptMission [ScoutPoi] (goal=AcceptMission)
[13:30:25] [GOAL] Ivan achieved AcceptMission
[13:30:25] [MISSION] Heinrich accepted ScoutPoi @ Wild Territory (160 RU)
[13:30:25] [TASK] Heinrich → AcceptMission [ScoutPoi] (goal=AcceptMission)
[13:30:25] [GOAL] Heinrich achieved AcceptMission
[13:30:25] [MISSION] Timur accepted ScoutPoi @ Duga Radar (160 RU)
[13:30:25] [TASK] Timur → AcceptMission [ScoutPoi] (goal=AcceptMission)
[13:30:25] [GOAL] Timur achieved AcceptMission
[13:30:25] [MISSION] Bohdan accepted ScoutPoi @ Agroprom (160 RU)
[13:30:25] [TASK] Bohdan → AcceptMission [ScoutPoi] (goal=AcceptMission)
[13:30:25] [GOAL] Bohdan achieved AcceptMission
[13:30:25] [MISSION] Yuriy accepted ScoutPoi @ Limansk (160 RU)
[13:30:25] [TASK] Yuriy → AcceptMission [ScoutPoi] (goal=AcceptMission)
[13:30:25] [GOAL] Yuriy achieved AcceptMission
[13:30:25] [MISSION] Alexei accepted ScoutPoi @ Dark Valley (160 RU)
[13:30:25] [TASK] Alexei → AcceptMission [ScoutPoi] (goal=AcceptMission)
[13:30:25] [GOAL] Alexei achieved AcceptMission
[13:30:25] [MISSION] Rustam accepted ScoutPoi @ Limansk (160 RU)
[13:30:25] [TASK] Rustam → AcceptMission [ScoutPoi] (goal=AcceptMission)
[13:30:25] [GOAL] Rustam achieved AcceptMission
[13:30:25] [MISSION] Serhiy accepted ScoutPoi @ Zalissya (160 RU)
[13:30:25] [TASK] Serhiy → AcceptMission [ScoutPoi] (goal=AcceptMission)
[13:30:25] [GOAL] Serhiy achieved AcceptMission
[13:30:25] [MISSION] Mikhail accepted ScoutPoi @ Generators (160 RU)
[13:30:25] [TASK] Mikhail → AcceptMission [ScoutPoi] (goal=AcceptMission)
[13:30:25] [GOAL] Mikhail achieved AcceptMission
[13:30:25] [MISSION] Viktor accepted ScoutPoi @ Jupiter (Pripyat Industrial) (160 RU)
[13:30:25] [TASK] Viktor → AcceptMission [ScoutPoi] (goal=AcceptMission)
[13:30:25] [GOAL] Viktor achieved AcceptMission
[13:30:25] [MISSION] Andrei accepted ScoutPoi @ Kopachi (160 RU)
[13:30:25] [TASK] Andrei → AcceptMission [ScoutPoi] (goal=AcceptMission)
[13:30:25] [GOAL] Andrei achieved AcceptMission
[13:30:25] [MISSION] Serhiy accepted ScoutPoi @ Army Warehouses (184 RU)
[13:30:25] [TASK] Serhiy → AcceptMission [ScoutPoi] (goal=AcceptMission)
[13:30:25] [GOAL] Serhiy achieved AcceptMission
[13:30:25] [MISSION] Yuriy accepted ScoutPoi @ Zaton (160 RU)
[13:30:25] [TASK] Yuriy → AcceptMission [ScoutPoi] (goal=AcceptMission)
[13:30:25] [GOAL] Yuriy achieved AcceptMission
[13:30:25] [MISSION] Taras accepted ScoutPoi @ Pripyat (160 RU)
[13:30:25] [TASK] Taras → AcceptMission [ScoutPoi] (goal=AcceptMission)
[13:30:25] [GOAL] Taras achieved AcceptMission
[13:30:25] [MISSION] Andrei accepted ScoutPoi @ Dead City (Chernobyl-2 Settlement) (160 RU)
[13:30:25] [TASK] Andrei → AcceptMission [ScoutPoi] (goal=AcceptMission)
[13:30:25] [GOAL] Andrei achieved AcceptMission
[13:30:25] [MISSION] Alibek accepted ScoutPoi @ Truck Cemetery (176 RU)
[13:30:25] [TASK] Alibek → AcceptMission [ScoutPoi] (goal=AcceptMission)
[13:30:25] [GOAL] Alibek achieved AcceptMission
[13:30:25] [MISSION] Bakhyt accepted ScoutPoi @ Dead City (Chernobyl-2 Settlement) (160 RU)
[13:30:25] [TASK] Bakhyt → AcceptMission [ScoutPoi] (goal=AcceptMission)
[13:30:25] [GOAL] Bakhyt achieved AcceptMission
[13:30:25] [MISSION] Mikhail accepted ScoutPoi @ Agroprom (160 RU)
[13:30:25] [TASK] Mikhail → AcceptMission [ScoutPoi] (goal=AcceptMission)
[13:30:25] [GOAL] Mikhail achieved AcceptMission
[13:30:25] [MISSION] Giorgi accepted ScoutPoi @ Zaton (160 RU)
[13:30:25] [TASK] Giorgi → AcceptMission [ScoutPoi] (goal=AcceptMission)
[13:30:25] [GOAL] Giorgi achieved AcceptMission
[13:30:25] [MISSION] Karl accepted ScoutPoi @ Yantar (160 RU)
[13:30:25] [TASK] Karl → AcceptMission [ScoutPoi] (goal=AcceptMission)
[13:30:25] [GOAL] Karl achieved AcceptMission
[13:30:25] [MISSION] Connor accepted ScoutPoi @ Wild Territory (160 RU)
[13:30:25] [TASK] Connor → AcceptMission [ScoutPoi] (goal=AcceptMission)
[13:30:25] [GOAL] Connor achieved AcceptMission
[13:30:25] [MISSION] Alexei accepted ScoutPoi @ Limansk (160 RU)
[13:30:25] [TASK] Alexei → AcceptMission [ScoutPoi] (goal=AcceptMission)
[13:30:25] [GOAL] Alexei achieved AcceptMission
[13:30:25] [MISSION] Igor accepted ScoutPoi @ Red Forest (160 RU)
[13:30:25] [TASK] Igor → AcceptMission [ScoutPoi] (goal=AcceptMission)
[13:30:25] [GOAL] Igor achieved AcceptMission
[13:30:25] [MISSION] Bohdan accepted ScoutPoi @ Buriakivka Waste Site (160 RU)
[13:30:25] [TASK] Bohdan → AcceptMission [ScoutPoi] (goal=AcceptMission)
[13:30:25] [GOAL] Bohdan achieved AcceptMission
[13:30:25] [MISSION] Vasyl accepted ScoutPoi @ Dark Valley (160 RU)
[13:30:25] [TASK] Vasyl → AcceptMission [ScoutPoi] (goal=AcceptMission)
[13:30:25] [GOAL] Vasyl achieved AcceptMission
[13:30:25] [MISSION] Vasyl accepted ScoutPoi @ Garbage (160 RU)
[13:30:25] [TASK] Vasyl → AcceptMission [ScoutPoi] (goal=AcceptMission)
[13:30:25] [GOAL] Vasyl achieved AcceptMission
[13:30:25] [MISSION] Nikolai accepted ScoutPoi @ Army Warehouses (184 RU)
[13:30:25] [TASK] Nikolai → AcceptMission [ScoutPoi] (goal=AcceptMission)
[13:30:25] [GOAL] Nikolai achieved AcceptMission
[13:30:25] [MISSION] Mykola accepted ScoutPoi @ Generators (160 RU)
[13:30:25] [TASK] Mykola → AcceptMission [ScoutPoi] (goal=AcceptMission)
[13:30:25] [GOAL] Mykola achieved AcceptMission
[13:30:25] [MISSION] Dmitri accepted ScoutPoi @ Rostok (176 RU)
[13:30:25] [TASK] Dmitri → AcceptMission [ScoutPoi] (goal=AcceptMission)
[13:30:25] [GOAL] Dmitri achieved AcceptMission
[13:30:25] [MISSION] Igor accepted ScoutPoi @ Dark Valley (160 RU)
[13:30:25] [TASK] Igor → AcceptMission [ScoutPoi] (goal=AcceptMission)
[13:30:25] [GOAL] Igor achieved AcceptMission
[13:30:25] [MISSION] Tobias accepted ScoutPoi @ Duga Radar (160 RU)
[13:30:25] [TASK] Tobias → AcceptMission [ScoutPoi] (goal=AcceptMission)
[13:30:25] [GOAL] Tobias achieved AcceptMission
[13:30:25] [MISSION] Nikolai accepted ScoutPoi @ Buriakivka Waste Site (160 RU)
[13:30:25] [TASK] Nikolai → AcceptMission [ScoutPoi] (goal=AcceptMission)
[13:30:25] [GOAL] Nikolai achieved AcceptMission
[13:30:25] [MISSION] Frank accepted ScoutPoi @ Buriakivka Waste Site (160 RU)
[13:30:25] [TASK] Frank → AcceptMission [ScoutPoi] (goal=AcceptMission)
[13:30:25] [GOAL] Frank achieved AcceptMission
[13:30:25] [MISSION] Alexei accepted ScoutPoi @ Chernobyl NPP (160 RU)
[13:30:25] [TASK] Alexei → AcceptMission [ScoutPoi] (goal=AcceptMission)
[13:30:25] [GOAL] Alexei achieved AcceptMission
[13:30:25] [MISSION] Nikolai accepted ScoutPoi @ Meadow (160 RU)
[13:30:25] [TASK] Nikolai → AcceptMission [ScoutPoi] (goal=AcceptMission)
[13:30:25] [GOAL] Nikolai achieved AcceptMission
[13:30:25] [MISSION] Bohdan accepted ScoutPoi @ Truck Cemetery (176 RU)
[13:30:25] [TASK] Bohdan → AcceptMission [ScoutPoi] (goal=AcceptMission)
[13:30:25] [GOAL] Bohdan achieved AcceptMission
[13:30:25] [MISSION] Vasyl accepted ScoutPoi @ Chernobyl NPP (160 RU)
[13:30:25] [TASK] Vasyl → AcceptMission [ScoutPoi] (goal=AcceptMission)
[13:30:25] [GOAL] Vasyl achieved AcceptMission
[13:30:25] [MISSION] Oleksiy accepted ScoutPoi @ Chernobyl NPP (160 RU)
[13:30:25] [TASK] Oleksiy → AcceptMission [ScoutPoi] (goal=AcceptMission)
[13:30:25] [GOAL] Oleksiy achieved AcceptMission
[13:30:25] [MISSION] Oleksiy accepted ScoutPoi @ Dark Valley (160 RU)
[13:30:25] [TASK] Oleksiy → AcceptMission [ScoutPoi] (goal=AcceptMission)
[13:30:25] [GOAL] Oleksiy achieved AcceptMission
[13:30:25] [MISSION] Oleg accepted ScoutPoi @ Zalissya (160 RU)
[13:30:25] [TASK] Oleg → AcceptMission [ScoutPoi] (goal=AcceptMission)
[13:30:25] [GOAL] Oleg achieved AcceptMission
[13:30:25] [MISSION] Connor accepted ScoutPoi @ Duga Radar (160 RU)
[13:30:25] [TASK] Connor → AcceptMission [ScoutPoi] (goal=AcceptMission)
[13:30:25] [GOAL] Connor achieved AcceptMission
[13:30:25] [MISSION] Yuriy accepted ScoutPoi @ Great Swamps (160 RU)
[13:30:25] [TASK] Yuriy → AcceptMission [ScoutPoi] (goal=AcceptMission)
[13:30:25] [GOAL] Yuriy achieved AcceptMission
[13:30:25] [MISSION] Dmytro accepted ScoutPoi @ Kopachi (160 RU)
[13:30:25] [TASK] Dmytro → AcceptMission [ScoutPoi] (goal=AcceptMission)
[13:30:25] [GOAL] Dmytro achieved AcceptMission
[13:30:25] [MISSION] Viktor accepted ScoutPoi @ Truck Cemetery (176 RU)
[13:30:25] [TASK] Viktor → AcceptMission [ScoutPoi] (goal=AcceptMission)
[13:30:25] [GOAL] Viktor achieved AcceptMission
[13:30:25] [MISSION] Armen accepted ScoutPoi @ Chernobyl Town (160 RU)
[13:30:25] [TASK] Armen → AcceptMission [ScoutPoi] (goal=AcceptMission)
[13:30:25] [GOAL] Armen achieved AcceptMission
[13:30:25] [MISSION] Oleksiy accepted ScoutPoi @ Jupiter (Pripyat Industrial) (160 RU)
[13:30:25] [TASK] Oleksiy → AcceptMission [ScoutPoi] (goal=AcceptMission)
[13:30:25] [GOAL] Oleksiy achieved AcceptMission
[13:30:25] [MISSION] Dmytro accepted ScoutPoi @ Chernobyl NPP (160 RU)
[13:30:25] [TASK] Dmytro → AcceptMission [ScoutPoi] (goal=AcceptMission)
[13:30:25] [GOAL] Dmytro achieved AcceptMission
[13:30:25] [MISSION] Serhiy accepted ScoutPoi @ Generators (160 RU)
[13:30:25] [TASK] Serhiy → AcceptMission [ScoutPoi] (goal=AcceptMission)
[13:30:25] [GOAL] Serhiy achieved AcceptMission
[13:30:25] [MISSION] Oleksiy accepted ScoutPoi @ Truck Cemetery (176 RU)
[13:30:25] [TASK] Oleksiy → AcceptMission [ScoutPoi] (goal=AcceptMission)
[13:30:25] [GOAL] Oleksiy achieved AcceptMission
[13:30:25] [MISSION] Mykola accepted ScoutPoi @ Jupiter (Pripyat Industrial) (160 RU)
[13:30:25] [TASK] Mykola → AcceptMission [ScoutPoi] (goal=AcceptMission)
[13:30:25] [GOAL] Mykola achieved AcceptMission
[13:30:25] [MISSION] Andriy accepted ScoutPoi @ Red Forest (160 RU)
[13:30:25] [TASK] Andriy → AcceptMission [ScoutPoi] (goal=AcceptMission)
[13:30:25] [GOAL] Andriy achieved AcceptMission
[13:30:25] [MISSION] Sergei accepted ScoutPoi @ Agroprom (160 RU)
[13:30:25] [TASK] Sergei → AcceptMission [ScoutPoi] (goal=AcceptMission)
[13:30:25] [GOAL] Sergei achieved AcceptMission
[13:30:25] [MISSION] Pavel accepted ScoutPoi @ Cordon (160 RU)
[13:30:25] [TASK] Pavel → AcceptMission [ScoutPoi] (goal=AcceptMission)
[13:30:25] [GOAL] Pavel achieved AcceptMission
[13:30:25] [MISSION] Alexei accepted ScoutPoi @ Jupiter (Pripyat Industrial) (160 RU)
[13:30:25] [TASK] Alexei → AcceptMission [ScoutPoi] (goal=AcceptMission)
[13:30:25] [GOAL] Alexei achieved AcceptMission
[13:30:25] [MISSION] Igor accepted ScoutPoi @ Radar (Brain Scorcher) (160 RU)
[13:30:25] [TASK] Igor → AcceptMission [ScoutPoi] (goal=AcceptMission)
[13:30:25] [GOAL] Igor achieved AcceptMission
[13:30:25] [MISSION] Oleksiy accepted ScoutPoi @ Limansk (160 RU)
[13:30:25] [TASK] Oleksiy → AcceptMission [ScoutPoi] (goal=AcceptMission)
[13:30:25] [GOAL] Oleksiy achieved AcceptMission
[13:30:25] [MISSION] Ivan accepted ScoutPoi @ Cordon (160 RU)
[13:30:25] [TASK] Ivan → AcceptMission [ScoutPoi] (goal=AcceptMission)
[13:30:25] [GOAL] Ivan achieved AcceptMission
[13:30:25] [MISSION] Andrei accepted ScoutPoi @ Generators (160 RU)
[13:30:25] [TASK] Andrei → AcceptMission [ScoutPoi] (goal=AcceptMission)
[13:30:25] [GOAL] Andrei achieved AcceptMission
[13:30:25] [MISSION] Marcus accepted ScoutPoi @ Truck Cemetery (176 RU)
[13:30:25] [TASK] Marcus → AcceptMission [ScoutPoi] (goal=AcceptMission)
[13:30:25] [GOAL] Marcus achieved AcceptMission
[13:30:25] [MISSION] Oleg accepted ScoutPoi @ Kopachi (160 RU)
[13:30:25] [TASK] Oleg → AcceptMission [ScoutPoi] (goal=AcceptMission)
[13:30:25] [GOAL] Oleg achieved AcceptMission
[13:30:25] [MISSION] Sergei accepted ScoutPoi @ Red Forest (160 RU)
[13:30:25] [TASK] Sergei → AcceptMission [ScoutPoi] (goal=AcceptMission)
[13:30:25] [GOAL] Sergei achieved AcceptMission
[13:30:25] [MISSION] Nikolai accepted ScoutPoi @ Kopachi (160 RU)
[13:30:25] [TASK] Nikolai → AcceptMission [ScoutPoi] (goal=AcceptMission)
[13:30:25] [GOAL] Nikolai achieved AcceptMission
[13:30:25] [MISSION] Pavel accepted ScoutPoi @ Army Warehouses (184 RU)
[13:30:25] [TASK] Pavel → AcceptMission [ScoutPoi] (goal=AcceptMission)
[13:30:25] [GOAL] Pavel achieved AcceptMission
[13:30:25] [MISSION] Andrei accepted ScoutPoi @ Chernobyl NPP (160 RU)
[13:30:25] [TASK] Andrei → AcceptMission [ScoutPoi] (goal=AcceptMission)
[13:30:25] [GOAL] Andrei achieved AcceptMission
[13:30:25] [MISSION] Alexei accepted ScoutPoi @ Chernobyl Town (160 RU)
[13:30:25] [TASK] Alexei → AcceptMission [ScoutPoi] (goal=AcceptMission)
[13:30:25] [GOAL] Alexei achieved AcceptMission
[13:30:25] [MISSION] Mykola accepted ScoutPoi @ Zalissya (160 RU)
[13:30:25] [TASK] Mykola → AcceptMission [ScoutPoi] (goal=AcceptMission)
[13:30:25] [GOAL] Mykola achieved AcceptMission
[13:30:25] [MISSION] Bohdan accepted ScoutPoi @ Rostok (176 RU)
[13:30:25] [TASK] Bohdan → AcceptMission [ScoutPoi] (goal=AcceptMission)
[13:30:25] [GOAL] Bohdan achieved AcceptMission
[13:30:25] [MISSION] Vasyl accepted ScoutPoi @ Limansk (160 RU)
[13:30:25] [TASK] Vasyl → AcceptMission [ScoutPoi] (goal=AcceptMission)
[13:30:25] [GOAL] Vasyl achieved AcceptMission
[13:30:25] [MISSION] Nikolai accepted ScoutPoi @ Zaton (160 RU)
[13:30:25] [TASK] Nikolai → AcceptMission [ScoutPoi] (goal=AcceptMission)
[13:30:25] [GOAL] Nikolai achieved AcceptMission
[13:30:25] [MISSION] Yuriy accepted ScoutPoi @ Rostok (176 RU)
[13:30:25] [TASK] Yuriy → AcceptMission [ScoutPoi] (goal=AcceptMission)
[13:30:25] [GOAL] Yuriy achieved AcceptMission
[13:30:25] [MISSION] Tobias accepted ScoutPoi @ Dead City (Chernobyl-2 Settlement) (160 RU)
[13:30:25] [TASK] Tobias → AcceptMission [ScoutPoi] (goal=AcceptMission)
[13:30:25] [GOAL] Tobias achieved AcceptMission
[13:30:25] [MISSION] Dmytro accepted ScoutPoi @ Meadow (160 RU)
[13:30:25] [TASK] Dmytro → AcceptMission [ScoutPoi] (goal=AcceptMission)
[13:30:25] [GOAL] Dmytro achieved AcceptMission
[13:30:25] [MISSION] Andrei accepted ScoutPoi @ Chernobyl Town (160 RU)
[13:30:25] [TASK] Andrei → AcceptMission [ScoutPoi] (goal=AcceptMission)
[13:30:25] [GOAL] Andrei achieved AcceptMission
[13:30:25] [MISSION] Oleksiy accepted ScoutPoi @ Deserted Hospital (160 RU)
[13:30:25] [TASK] Oleksiy → AcceptMission [ScoutPoi] (goal=AcceptMission)
[13:30:25] [GOAL] Oleksiy achieved AcceptMission
[13:30:25] [MISSION] Igor accepted ScoutPoi @ Radar (Brain Scorcher) (160 RU)
[13:30:25] [TASK] Igor → AcceptMission [ScoutPoi] (goal=AcceptMission)
[13:30:25] [GOAL] Igor achieved AcceptMission
[13:30:25] [MISSION] Dmytro accepted ScoutPoi @ Garbage (160 RU)
[13:30:25] [TASK] Dmytro → AcceptMission [ScoutPoi] (goal=AcceptMission)
[13:30:25] [GOAL] Dmytro achieved AcceptMission
[13:30:25] [MISSION] Oleg accepted ScoutPoi @ Chistogalovka (160 RU)
[13:30:25] [TASK] Oleg → AcceptMission [ScoutPoi] (goal=AcceptMission)
[13:30:25] [GOAL] Oleg achieved AcceptMission
[13:30:25] [MISSION] Zura accepted ScoutPoi @ Kopachi (160 RU)
[13:30:25] [TASK] Zura → AcceptMission [ScoutPoi] (goal=AcceptMission)
[13:30:25] [GOAL] Zura achieved AcceptMission
[13:30:25] [MISSION] Taras accepted ScoutPoi @ Truck Cemetery (176 RU)
[13:30:25] [TASK] Taras → AcceptMission [ScoutPoi] (goal=AcceptMission)
[13:30:25] [GOAL] Taras achieved AcceptMission
[13:30:25] [MISSION] Vasyl accepted ScoutPoi @ Jupiter (Pripyat Industrial) (160 RU)
[13:30:25] [TASK] Vasyl → AcceptMission [ScoutPoi] (goal=AcceptMission)
[13:30:25] [GOAL] Vasyl achieved AcceptMission
[13:30:25] [MISSION] Dmytro accepted ScoutPoi @ Chernobyl NPP (160 RU)
[13:30:25] [TASK] Dmytro → AcceptMission [ScoutPoi] (goal=AcceptMission)
[13:30:25] [GOAL] Dmytro achieved AcceptMission
[13:30:25] [MISSION] Bakhyt accepted ScoutPoi @ Zalissya (160 RU)
[13:30:25] [TASK] Bakhyt → AcceptMission [ScoutPoi] (goal=AcceptMission)
[13:30:25] [GOAL] Bakhyt achieved AcceptMission
[13:30:25] [MISSION] Alibek accepted ScoutPoi @ Garbage (160 RU)
[13:30:25] [TASK] Alibek → AcceptMission [ScoutPoi] (goal=AcceptMission)
[13:30:25] [GOAL] Alibek achieved AcceptMission
[13:30:25] [MISSION] Andrei accepted ScoutPoi @ Wild Territory (160 RU)
[13:30:25] [TASK] Andrei → AcceptMission [ScoutPoi] (goal=AcceptMission)
[13:30:25] [GOAL] Andrei achieved AcceptMission
[13:30:25] [MISSION] Dmitri accepted ScoutPoi @ Radar (Brain Scorcher) (160 RU)
[13:30:25] [TASK] Dmitri → AcceptMission [ScoutPoi] (goal=AcceptMission)
[13:30:25] [GOAL] Dmitri achieved AcceptMission
[13:30:25] [MISSION] Giorgi accepted ScoutPoi @ Kopachi (160 RU)
[13:30:25] [TASK] Giorgi → AcceptMission [ScoutPoi] (goal=AcceptMission)
[13:30:25] [GOAL] Giorgi achieved AcceptMission
[13:30:25] [MISSION] Tobias accepted ScoutPoi @ Dead City (Chernobyl-2 Settlement) (160 RU)
[13:30:25] [TASK] Tobias → AcceptMission [ScoutPoi] (goal=AcceptMission)
[13:30:25] [GOAL] Tobias achieved AcceptMission
[13:30:25] [MISSION] Yuriy accepted ScoutPoi @ Kopachi (160 RU)
[13:30:25] [TASK] Yuriy → AcceptMission [ScoutPoi] (goal=AcceptMission)
[13:30:25] [GOAL] Yuriy achieved AcceptMission
[13:30:25] [MISSION] Mikhail accepted ScoutPoi @ Meadow (160 RU)
[13:30:25] [TASK] Mikhail → AcceptMission [ScoutPoi] (goal=AcceptMission)
[13:30:25] [GOAL] Mikhail achieved AcceptMission
[13:30:25] [MISSION] Bohdan accepted ScoutPoi @ Army Warehouses (184 RU)
[13:30:25] [TASK] Bohdan → AcceptMission [ScoutPoi] (goal=AcceptMission)
[13:30:25] [GOAL] Bohdan achieved AcceptMission
[13:30:25] [MISSION] Giorgi accepted ScoutPoi @ Chernobyl Town (160 RU)
[13:30:25] [TASK] Giorgi → AcceptMission [ScoutPoi] (goal=AcceptMission)
[13:30:25] [GOAL] Giorgi achieved AcceptMission
[13:30:25] [MISSION] Serhiy accepted ScoutPoi @ Truck Cemetery (176 RU)
[13:30:25] [TASK] Serhiy → AcceptMission [ScoutPoi] (goal=AcceptMission)
[13:30:25] [GOAL] Serhiy achieved AcceptMission
[13:30:25] [MISSION] Connor accepted ScoutPoi @ Wild Territory (160 RU)
[13:30:25] [TASK] Connor → AcceptMission [ScoutPoi] (goal=AcceptMission)
[13:30:25] [GOAL] Connor achieved AcceptMission
[13:30:25] [MISSION] Bakhyt accepted ScoutPoi @ Chernobyl NPP (160 RU)
[13:30:25] [TASK] Bakhyt → AcceptMission [ScoutPoi] (goal=AcceptMission)
[13:30:25] [GOAL] Bakhyt achieved AcceptMission
[13:30:25] [MISSION] Igor accepted ScoutPoi @ Chernobyl NPP (160 RU)
[13:30:25] [TASK] Igor → AcceptMission [ScoutPoi] (goal=AcceptMission)
[13:30:25] [GOAL] Igor achieved AcceptMission
[13:30:25] [MISSION] Sergei accepted ScoutPoi @ Kopachi (160 RU)
[13:30:25] [TASK] Sergei → AcceptMission [ScoutPoi] (goal=AcceptMission)
[13:30:25] [GOAL] Sergei achieved AcceptMission
[13:30:25] [MISSION] Vasyl accepted ScoutPoi @ Pripyat (160 RU)
[13:30:25] [TASK] Vasyl → AcceptMission [ScoutPoi] (goal=AcceptMission)
[13:30:25] [GOAL] Vasyl achieved AcceptMission
[13:30:25] [MISSION] Ivan accepted ScoutPoi @ Red Forest (160 RU)
[13:30:25] [TASK] Ivan → AcceptMission [ScoutPoi] (goal=AcceptMission)
[13:30:25] [GOAL] Ivan achieved AcceptMission
[13:30:25] [MISSION] Damir accepted ScoutPoi @ Garbage (160 RU)
[13:30:25] [TASK] Damir → AcceptMission [ScoutPoi] (goal=AcceptMission)
[13:30:25] [GOAL] Damir achieved AcceptMission
[13:30:25] [MISSION] Rustam accepted ScoutPoi @ Buriakivka Waste Site (160 RU)
[13:30:25] [TASK] Rustam → AcceptMission [ScoutPoi] (goal=AcceptMission)
[13:30:25] [GOAL] Rustam achieved AcceptMission
[13:30:25] [MISSION] Mykola accepted ScoutPoi @ Agroprom (160 RU)
[13:30:25] [TASK] Mykola → AcceptMission [ScoutPoi] (goal=AcceptMission)
[13:30:25] [GOAL] Mykola achieved AcceptMission
[13:30:25] [MISSION] Timur accepted ScoutPoi @ Chistogalovka (160 RU)
[13:30:25] [TASK] Timur → AcceptMission [ScoutPoi] (goal=AcceptMission)
[13:30:25] [GOAL] Timur achieved AcceptMission
[13:30:25] [MISSION] Dmitri accepted ScoutPoi @ Garbage (160 RU)
[13:30:25] [TASK] Dmitri → AcceptMission [ScoutPoi] (goal=AcceptMission)
[13:30:25] [GOAL] Dmitri achieved AcceptMission
[13:30:25] [MISSION] Damir accepted ScoutPoi @ Great Swamps (160 RU)
[13:30:25] [TASK] Damir → AcceptMission [ScoutPoi] (goal=AcceptMission)
[13:30:25] [GOAL] Damir achieved AcceptMission
[13:30:25] [MISSION] Lars accepted ScoutPoi @ Army Warehouses (184 RU)
[13:30:25] [TASK] Lars → AcceptMission [ScoutPoi] (goal=AcceptMission)
[13:30:25] [GOAL] Lars achieved AcceptMission
[13:30:25] [MISSION] Lasha accepted ScoutPoi @ Buriakivka Waste Site (160 RU)
[13:30:25] [TASK] Lasha → AcceptMission [ScoutPoi] (goal=AcceptMission)
[13:30:25] [GOAL] Lasha achieved AcceptMission
[13:30:25] [MISSION] Bohdan accepted ScoutPoi @ Great Swamps (160 RU)
[13:30:25] [TASK] Bohdan → AcceptMission [ScoutPoi] (goal=AcceptMission)
[13:30:25] [GOAL] Bohdan achieved AcceptMission
[13:30:25] [MISSION] Mykola accepted ScoutPoi @ Chernobyl Town (160 RU)
[13:30:25] [TASK] Mykola → AcceptMission [ScoutPoi] (goal=AcceptMission)
[13:30:25] [GOAL] Mykola achieved AcceptMission
[13:30:25] [MISSION] Oleg accepted ScoutPoi @ Great Swamps (160 RU)
[13:30:25] [TASK] Oleg → AcceptMission [ScoutPoi] (goal=AcceptMission)
[13:30:25] [GOAL] Oleg achieved AcceptMission
[13:30:25] [MISSION] Oleksiy accepted ScoutPoi @ Chernobyl NPP (160 RU)
[13:30:25] [TASK] Oleksiy → AcceptMission [ScoutPoi] (goal=AcceptMission)
[13:30:25] [GOAL] Oleksiy achieved AcceptMission
[13:30:25] [MISSION] Nikolai accepted ScoutPoi @ Generators (160 RU)
[13:30:25] [TASK] Nikolai → AcceptMission [ScoutPoi] (goal=AcceptMission)
[13:30:25] [GOAL] Nikolai achieved AcceptMission
[13:30:25] [MISSION] Nikolai accepted ScoutPoi @ Dead City (Chernobyl-2 Settlement) (160 RU)
[13:30:25] [TASK] Nikolai → AcceptMission [ScoutPoi] (goal=AcceptMission)
[13:30:25] [GOAL] Nikolai achieved AcceptMission
[13:30:25] [MISSION] Viktor accepted ScoutPoi @ Kopachi (160 RU)
[13:30:25] [TASK] Viktor → AcceptMission [ScoutPoi] (goal=AcceptMission)
[13:30:25] [GOAL] Viktor achieved AcceptMission
[13:30:25] [MISSION] Taras accepted ScoutPoi @ Meadow (160 RU)
[13:30:25] [TASK] Taras → AcceptMission [ScoutPoi] (goal=AcceptMission)
[13:30:25] [GOAL] Taras achieved AcceptMission
[13:30:25] [MISSION] Oleksiy accepted ScoutPoi @ Kopachi (160 RU)
[13:30:25] [TASK] Oleksiy → AcceptMission [ScoutPoi] (goal=AcceptMission)
[13:30:25] [GOAL] Oleksiy achieved AcceptMission
[13:30:25] [MISSION] Igor accepted ScoutPoi @ Pripyat (160 RU)
[13:30:25] [TASK] Igor → AcceptMission [ScoutPoi] (goal=AcceptMission)
[13:30:25] [GOAL] Igor achieved AcceptMission
[13:30:25] [MISSION] Bohdan accepted ScoutPoi @ Generators (160 RU)
[13:30:25] [TASK] Bohdan → AcceptMission [ScoutPoi] (goal=AcceptMission)
[13:30:25] [GOAL] Bohdan achieved AcceptMission
[13:30:25] [MISSION] Alexei accepted ScoutPoi @ Zaton (160 RU)
[13:30:25] [TASK] Alexei → AcceptMission [ScoutPoi] (goal=AcceptMission)
[13:30:25] [GOAL] Alexei achieved AcceptMission
[13:30:25] [MISSION] Mykola accepted ScoutPoi @ Chernobyl NPP (160 RU)
[13:30:25] [TASK] Mykola → AcceptMission [ScoutPoi] (goal=AcceptMission)
[13:30:25] [GOAL] Mykola achieved AcceptMission
[13:30:25] [MISSION] Vasyl accepted ScoutPoi @ Pripyat (160 RU)
[13:30:25] [TASK] Vasyl → AcceptMission [ScoutPoi] (goal=AcceptMission)
[13:30:25] [GOAL] Vasyl achieved AcceptMission
[13:30:25] [MISSION] Armen accepted ScoutPoi @ Red Forest (160 RU)
[13:30:25] [TASK] Armen → AcceptMission [ScoutPoi] (goal=AcceptMission)
[13:30:25] [GOAL] Armen achieved AcceptMission
[13:30:25] [MISSION] Sergei accepted ScoutPoi @ Agroprom (160 RU)
[13:30:25] [TASK] Sergei → AcceptMission [ScoutPoi] (goal=AcceptMission)
[13:30:25] [GOAL] Sergei achieved AcceptMission
[13:30:25] [MISSION] Marcus accepted ScoutPoi @ Yantar (160 RU)
[13:30:25] [TASK] Marcus → AcceptMission [ScoutPoi] (goal=AcceptMission)
[13:30:25] [GOAL] Marcus achieved AcceptMission
[13:30:25] [MISSION] Mykola accepted ScoutPoi @ Deserted Hospital (160 RU)
[13:30:25] [TASK] Mykola → AcceptMission [ScoutPoi] (goal=AcceptMission)
[13:30:25] [GOAL] Mykola achieved AcceptMission
[13:30:25] [MISSION] Ivan accepted ScoutPoi @ Garbage (160 RU)
[13:30:25] [TASK] Ivan → AcceptMission [ScoutPoi] (goal=AcceptMission)
[13:30:25] [GOAL] Ivan achieved AcceptMission
[13:30:25] [MISSION] Dmytro accepted ScoutPoi @ Chernobyl Town (160 RU)
[13:30:25] [TASK] Dmytro → AcceptMission [ScoutPoi] (goal=AcceptMission)
[13:30:25] [GOAL] Dmytro achieved AcceptMission
[13:30:25] [MISSION] Alexei accepted ScoutPoi @ Zalissya (160 RU)
[13:30:25] [TASK] Alexei → AcceptMission [ScoutPoi] (goal=AcceptMission)
[13:30:25] [GOAL] Alexei achieved AcceptMission
[13:30:25] [MISSION] Vasyl accepted ScoutPoi @ Wild Territory (160 RU)
[13:30:25] [TASK] Vasyl → AcceptMission [ScoutPoi] (goal=AcceptMission)
[13:30:25] [GOAL] Vasyl achieved AcceptMission
[13:30:25] [MISSION] Pavel accepted ScoutPoi @ Duga Radar (160 RU)
[13:30:25] [TASK] Pavel → AcceptMission [ScoutPoi] (goal=AcceptMission)
[13:30:25] [GOAL] Pavel achieved AcceptMission
[13:30:25] [MISSION] Oleksiy accepted ScoutPoi @ Deserted Hospital (160 RU)
[13:30:25] [TASK] Oleksiy → AcceptMission [ScoutPoi] (goal=AcceptMission)
[13:30:25] [GOAL] Oleksiy achieved AcceptMission
[13:30:25] [MISSION] Taras accepted ScoutPoi @ Meadow (160 RU)
[13:30:25] [TASK] Taras → AcceptMission [ScoutPoi] (goal=AcceptMission)
[13:30:25] [GOAL] Taras achieved AcceptMission
[13:30:25] [MISSION] Mikhail accepted ScoutPoi @ Buriakivka Waste Site (160 RU)
[13:30:25] [TASK] Mikhail → AcceptMission [ScoutPoi] (goal=AcceptMission)
[13:30:25] [GOAL] Mikhail achieved AcceptMission
[13:30:25] [MISSION] Dmytro accepted ScoutPoi @ Buriakivka Waste Site (160 RU)
[13:30:25] [TASK] Dmytro → AcceptMission [ScoutPoi] (goal=AcceptMission)
[13:30:25] [GOAL] Dmytro achieved AcceptMission
[13:30:25] [MISSION] Oleg accepted ScoutPoi @ Red Forest (160 RU)
[13:30:25] [TASK] Oleg → AcceptMission [ScoutPoi] (goal=AcceptMission)
[13:30:25] [GOAL] Oleg achieved AcceptMission
[13:30:25] [MISSION] Pavel accepted ScoutPoi @ Chernobyl NPP (160 RU)
[13:30:25] [TASK] Pavel → AcceptMission [ScoutPoi] (goal=AcceptMission)
[13:30:25] [GOAL] Pavel achieved AcceptMission
[13:30:25] [MISSION] Sergei accepted ScoutPoi @ Zalissya (160 RU)
[13:30:25] [TASK] Sergei → AcceptMission [ScoutPoi] (goal=AcceptMission)
[13:30:25] [GOAL] Sergei achieved AcceptMission
[13:30:25] [MISSION] Oleg accepted ScoutPoi @ Rostok (176 RU)
[13:30:25] [TASK] Oleg → AcceptMission [ScoutPoi] (goal=AcceptMission)
[13:30:25] [GOAL] Oleg achieved AcceptMission
[13:30:25] [MISSION] Viktor accepted ScoutPoi @ Garbage (160 RU)
[13:30:25] [TASK] Viktor → AcceptMission [ScoutPoi] (goal=AcceptMission)
[13:30:25] [GOAL] Viktor achieved AcceptMission
[13:30:25] [MISSION] Dmitri accepted ScoutPoi @ Agroprom (160 RU)
[13:30:25] [TASK] Dmitri → AcceptMission [ScoutPoi] (goal=AcceptMission)
[13:30:25] [GOAL] Dmitri achieved AcceptMission
[13:30:25] [MISSION] Sergei accepted ScoutPoi @ Deserted Hospital (160 RU)
[13:30:25] [TASK] Sergei → AcceptMission [ScoutPoi] (goal=AcceptMission)
[13:30:25] [GOAL] Sergei achieved AcceptMission
[13:30:25] [MISSION] Alexei accepted ScoutPoi @ Limansk (160 RU)
[13:30:25] [TASK] Alexei → AcceptMission [ScoutPoi] (goal=AcceptMission)
[13:30:25] [GOAL] Alexei achieved AcceptMission
[13:30:25] [MISSION] Taras accepted ScoutPoi @ Red Forest (160 RU)
[13:30:25] [TASK] Taras → AcceptMission [ScoutPoi] (goal=AcceptMission)
[13:30:25] [GOAL] Taras achieved AcceptMission
[13:30:25] [MISSION] Serhiy accepted ScoutPoi @ Zaton (160 RU)
[13:30:25] [TASK] Serhiy → AcceptMission [ScoutPoi] (goal=AcceptMission)
[13:30:25] [GOAL] Serhiy achieved AcceptMission
[13:30:25] [MISSION] Lasha accepted ScoutPoi @ Generators (160 RU)
[13:30:25] [TASK] Lasha → AcceptMission [ScoutPoi] (goal=AcceptMission)
[13:30:25] [GOAL] Lasha achieved AcceptMission
[13:30:25] [MISSION] Damir accepted ScoutPoi @ Rostok (176 RU)
[13:30:25] [TASK] Damir → AcceptMission [ScoutPoi] (goal=AcceptMission)
[13:30:25] [GOAL] Damir achieved AcceptMission
[13:30:25] [MISSION] Damir accepted ScoutPoi @ Chernobyl NPP (160 RU)
[13:30:25] [TASK] Damir → AcceptMission [ScoutPoi] (goal=AcceptMission)
[13:30:25] [GOAL] Damir achieved AcceptMission
[13:30:25] [MISSION] Sergei accepted ScoutPoi @ Chernobyl NPP (160 RU)
[13:30:25] [TASK] Sergei → AcceptMission [ScoutPoi] (goal=AcceptMission)
[13:30:25] [GOAL] Sergei achieved AcceptMission
[13:30:25] [MISSION] Serhiy accepted ScoutPoi @ Jupiter (Pripyat Industrial) (160 RU)
[13:30:25] [TASK] Serhiy → AcceptMission [ScoutPoi] (goal=AcceptMission)
[13:30:25] [GOAL] Serhiy achieved AcceptMission
[13:30:25] [MISSION] Tobias accepted ScoutPoi @ Meadow (160 RU)
[13:30:25] [TASK] Tobias → AcceptMission [ScoutPoi] (goal=AcceptMission)
[13:30:25] [GOAL] Tobias achieved AcceptMission
[13:30:25] [MISSION] Mykola accepted ScoutPoi @ Cordon (160 RU)
[13:30:25] [TASK] Mykola → AcceptMission [ScoutPoi] (goal=AcceptMission)
[13:30:25] [GOAL] Mykola achieved AcceptMission
[13:30:44] [MISSION] Taras accepted ScoutPoi @ Chernobyl NPP (160 RU)
[13:30:44] [TASK] Taras → AcceptMission [ScoutPoi] (goal=AcceptMission)
[13:30:44] [GOAL] Taras achieved AcceptMission
[13:30:44] [MISSION] Vasyl accepted ScoutPoi @ Red Forest (160 RU)
[13:30:44] [TASK] Vasyl → AcceptMission [ScoutPoi] (goal=AcceptMission)
[13:30:44] [GOAL] Vasyl achieved AcceptMission
[13:30:46] [SPAWN] Trickle +4 stalkers, +0 mutants
[13:30:46] [SNAPSHOT] real=2.5min game=D0 00:02 alive S=1442 M=954 corpses=201 lootable=61 gammaGear out=855 helm=1226 avgRU=891 leaderGoals trade=0 mission=245 emission=Dormant nextIn=100gmin desperate=0 hungry=0 interval deaths=17 combats=34 tasks=613 gearLoot=2 gearBuy=0 missions=613 corpseDespawn=0 trickleSpawns=4 ranks=[Rookie:1385,Trainee:11,Experienced:14,Professional:1,Veteran:31] goals=[Idle:284,CompleteMission::243,Traveling:2,AcceptMission::2] leaders: Nikolai[Experienced/CompleteMission:], Frank[Experienced/CompleteMission:], Dmytro[Rookie/Idle], Lars[Rookie/Idle], Yuriy[Rookie/Idle]
[13:30:46] [MISSION] Oleg accepted ScoutPoi @ Army Warehouses (184 RU)
[13:30:46] [TASK] Oleg → AcceptMission [ScoutPoi] (goal=AcceptMission)
[13:30:46] [GOAL] Oleg achieved AcceptMission
[13:30:46] [MISSION] Igor accepted ScoutPoi @ Zaton (160 RU)
[13:30:46] [TASK] Igor → AcceptMission [ScoutPoi] (goal=AcceptMission)
[13:30:46] [GOAL] Igor achieved AcceptMission
[13:30:46] [GEAR] Tobias looted [helm_helm_respirator_old] via combat
[13:30:46] [RANK] Dmytro Ivanov 'Jackal' → Experienced
[13:30:50] [MISSION] Andrei accepted ScoutPoi @ Generators (160 RU)
[13:30:50] [TASK] Andrei → AcceptMission [ScoutPoi] (goal=AcceptMission)
[13:30:50] [GOAL] Andrei achieved AcceptMission
[13:30:52] [GEAR] Oleksiy looted [wpn_sg550, helm_gas] via combat
[13:30:52] [MISSION] Andriy accepted ScoutPoi @ Radar (Brain Scorcher) (160 RU)
[13:30:52] [TASK] Andriy → AcceptMission [ScoutPoi] (goal=AcceptMission)
[13:30:52] [GOAL] Andriy achieved AcceptMission
[13:30:52] [MISSION] Sergei accepted ScoutPoi @ Generators (160 RU)
[13:30:52] [TASK] Sergei → AcceptMission [ScoutPoi] (goal=AcceptMission)
[13:30:52] [GOAL] Sergei achieved AcceptMission
[13:30:53] [GEAR] Vasyl looted [helm_helm_resp] via combat
[13:30:56] [GEAR] Vasyl looted [wpn_ak74] via combat
[13:30:57] [GEAR] Alexei looted [wpn_ak74, helm_helm_ranger] via combat
[13:30:57] [GEAR] Sergei looted [wpn_ak74] via combat
[13:31:00] [GEAR] Rustam looted [wpn_fn2000, wpn_fort12, out_monolith_exolight_outfit, helm_gas] via combat
[13:31:00] [MISSION] Oleg accepted ScoutPoi @ Chistogalovka (160 RU)
[13:31:00] [TASK] Oleg → AcceptMission [ScoutPoi] (goal=AcceptMission)
[13:31:00] [GOAL] Oleg achieved AcceptMission
[13:31:01] [GEAR] Sergei looted [wpn_aksu] via combat
[13:31:03] [GEAR] Oleksiy looted [wpn_aksu, wpn_pm] via combat
[13:31:03] [MISSION] Ivan accepted ScoutPoi @ Radar (Brain Scorcher) (160 RU)
[13:31:03] [TASK] Ivan → AcceptMission [ScoutPoi] (goal=AcceptMission)
[13:31:03] [GOAL] Ivan achieved AcceptMission
[13:31:03] [GEAR] Dmitri looted [out_wastelander_outfit] via combat
[13:31:06] [GEAR] Andrei looted [wpn_ak74, wpn_pm] via combat
[13:31:07] [MISSION] Sergei accepted ScoutPoi @ Kopachi (160 RU)
[13:31:07] [TASK] Sergei → AcceptMission [ScoutPoi] (goal=AcceptMission)
[13:31:07] [GOAL] Sergei achieved AcceptMission
[13:31:07] [GEAR] Viktor looted [wpn_ak74, wpn_pm, out_stalker_outfit] via combat
[13:31:07] [GEAR] Yuriy looted [wpn_fn2000, arm_exo, helm_gas] via combat
[13:31:09] [GEAR] Alexei looted [wpn_ak74] via combat
[13:31:09] [GEAR] Andrei looted [wpn_ak74, arm_exo, helm_helm_tactic] via combat
[13:31:09] [MISSION] Taras accepted ScoutPoi @ Jupiter (Pripyat Industrial) (160 RU)
[13:31:09] [TASK] Taras → AcceptMission [ScoutPoi] (goal=AcceptMission)
[13:31:09] [GOAL] Taras achieved AcceptMission
[13:31:10] [GEAR] Sergei looted [wpn_pm, out_stalker_outfit, helm_helm_respirator_old] via combat
[13:31:13] [GEAR] Pavel looted [arm_stalker, helm_helm_ach7ex] via combat
[13:31:13] [MISSION] Pavel accepted ScoutPoi @ Deserted Hospital (160 RU)
[13:31:13] [TASK] Pavel → AcceptMission [ScoutPoi] (goal=AcceptMission)
[13:31:13] [GOAL] Pavel achieved AcceptMission
[13:31:13] [MISSION] Serhiy accepted ScoutPoi @ Zalissya (160 RU)
[13:31:13] [TASK] Serhiy → AcceptMission [ScoutPoi] (goal=AcceptMission)
[13:31:13] [GOAL] Serhiy achieved AcceptMission
[13:31:14] [GEAR] Serhiy looted [wpn_fn2000, out_monolith_proto_exo_outfit, helm_tactic] via combat
[13:31:14] [GEAR] Sergei looted [wpn_ak74, out_novice_outfit_tourist] via combat
[13:31:15] [MISSION] Nikolai accepted ScoutPoi @ Cordon (160 RU)
[13:31:15] [TASK] Nikolai → AcceptMission [ScoutPoi] (goal=AcceptMission)
[13:31:15] [GOAL] Nikolai achieved AcceptMission
[13:31:15] [GEAR] Vasyl looted [wpn_sg550, out_scientific_outfit, helm_helm_ach7ex] via combat
[13:31:15] [MISSION] Dmitri accepted ScoutPoi @ Red Forest (160 RU)
[13:31:15] [TASK] Dmitri → AcceptMission [ScoutPoi] (goal=AcceptMission)
[13:31:15] [GOAL] Dmitri achieved AcceptMission
[13:31:15] [MISSION] Pierre accepted ScoutPoi @ Dead City (Chernobyl-2 Settlement) (160 RU)
[13:31:15] [TASK] Pierre → AcceptMission [ScoutPoi] (goal=AcceptMission)
[13:31:15] [GOAL] Pierre achieved AcceptMission
[13:31:16] [GEAR] Karl looted [out_stalker_predator_outfit, helm_helm_respirator] via combat
[13:31:16] [MISSION] Oleksiy accepted ScoutPoi @ Rostok (176 RU)
[13:31:16] [TASK] Oleksiy → AcceptMission [ScoutPoi] (goal=AcceptMission)
[13:31:16] [GOAL] Oleksiy achieved AcceptMission
[13:31:16] [GEAR] Andrei looted [wpn_fort12] via combat
[13:31:17] [GEAR] Karl looted [wpn_fn2000, helm_helm_exo] via combat
[13:31:18] [SNAPSHOT] real=3.0min game=D0 00:03 alive S=1336 M=878 corpses=383 lootable=162 gammaGear out=795 helm=1133 avgRU=889 leaderGoals trade=0 mission=236 emission=Dormant nextIn=99gmin desperate=0 hungry=0 interval deaths=106 combats=182 tasks=15 gearLoot=23 gearBuy=0 missions=15 corpseDespawn=0 trickleSpawns=0 ranks=[Rookie:1284,Trainee:10,Experienced:14,Professional:1,Veteran:27] goals=[Idle:267,CompleteMission::236,Traveling:2] leaders: Nikolai[Experienced/CompleteMission:], Frank[Experienced/CompleteMission:], Dmytro[Rookie/Idle], Lars[Rookie/Idle], Yuriy[Rookie/Idle]
[13:31:19] [GEAR] Dmytro looted [wpn_ak74, wpn_mp5, out_stalker_proto_exo_outfit] via combat
[13:31:19] [MISSION] Dmytro accepted ScoutPoi @ Agroprom (160 RU)
[13:31:19] [TASK] Dmytro → AcceptMission [ScoutPoi] (goal=AcceptMission)
[13:31:19] [GOAL] Dmytro achieved AcceptMission
[13:31:20] [MISSION] Viktor accepted ScoutPoi @ Agroprom (160 RU)
[13:31:20] [TASK] Viktor → AcceptMission [ScoutPoi] (goal=AcceptMission)
[13:31:20] [GOAL] Viktor achieved AcceptMission
[13:31:20] [GEAR] Viktor looted [wpn_fn2000, arm_duty, helm_tactic] via combat
[13:31:20] [GEAR] Igor looted [arm_stalker] via combat
[13:31:20] [MISSION] Bakhyt accepted ScoutPoi @ Zalissya (160 RU)
[13:31:20] [TASK] Bakhyt → AcceptMission [ScoutPoi] (goal=AcceptMission)
[13:31:20] [GOAL] Bakhyt achieved AcceptMission
[13:31:20] [GEAR] Mykola looted [wpn_ak74, arm_duty, helm_gas] via combat
[13:31:20] [MISSION] Nikolai accepted ScoutPoi @ Generators (160 RU)
[13:31:20] [TASK] Nikolai → AcceptMission [ScoutPoi] (goal=AcceptMission)
[13:31:20] [GOAL] Nikolai achieved AcceptMission
[13:31:21] [MISSION] Tobias accepted ScoutPoi @ Duga Radar (160 RU)
[13:31:21] [TASK] Tobias → AcceptMission [ScoutPoi] (goal=AcceptMission)
[13:31:21] [GOAL] Tobias achieved AcceptMission
[13:31:21] [MISSION] Serhiy accepted ScoutPoi @ Chernobyl NPP (160 RU)
[13:31:21] [TASK] Serhiy → AcceptMission [ScoutPoi] (goal=AcceptMission)
[13:31:21] [GOAL] Serhiy achieved AcceptMission
[13:31:23] [GEAR] Andriy looted [helm_helm_ach7] via combat
[13:31:23] [MISSION] Serhiy accepted ScoutPoi @ Zaton (160 RU)
[13:31:23] [TASK] Serhiy → AcceptMission [ScoutPoi] (goal=AcceptMission)
[13:31:23] [GOAL] Serhiy achieved AcceptMission
[13:31:23] [MISSION] Andrei accepted ScoutPoi @ Pripyat (160 RU)
[13:31:23] [TASK] Andrei → AcceptMission [ScoutPoi] (goal=AcceptMission)
[13:31:23] [GOAL] Andrei achieved AcceptMission
[13:31:23] [GEAR] Dmitri looted [wpn_fn2000, out_military_monolit_outfit, helm_helm_ranger] via combat
[13:31:23] [GEAR] Rustam looted [wpn_aksu, out_travel_outfit] via combat
[13:31:24] [MISSION] Pierre accepted ScoutPoi @ Duga Radar (160 RU)
[13:31:24] [TASK] Pierre → AcceptMission [ScoutPoi] (goal=AcceptMission)
[13:31:24] [GOAL] Pierre achieved AcceptMission
[13:31:24] [GEAR] Dmitri looted [arm_freedom, helm_helm_m50] via combat
[13:31:24] [MISSION] Yuriy accepted ScoutPoi @ Meadow (160 RU)
[13:31:24] [TASK] Yuriy → AcceptMission [ScoutPoi] (goal=AcceptMission)
[13:31:24] [GOAL] Yuriy achieved AcceptMission
[13:31:25] [MISSION] Andrei accepted ScoutPoi @ Chernobyl NPP (160 RU)
[13:31:25] [TASK] Andrei → AcceptMission [ScoutPoi] (goal=AcceptMission)
[13:31:25] [GOAL] Andrei achieved AcceptMission
[13:31:26] [GEAR] Taras looted [arm_duty, helm_tactic] via combat
[13:31:26] [MISSION] Igor accepted ScoutPoi @ Chistogalovka (160 RU)
[13:31:26] [TASK] Igor → AcceptMission [ScoutPoi] (goal=AcceptMission)
[13:31:26] [GOAL] Igor achieved AcceptMission
[13:31:26] [MISSION] Ivan accepted ScoutPoi @ Zaton (160 RU)
[13:31:26] [TASK] Ivan → AcceptMission [ScoutPoi] (goal=AcceptMission)
[13:31:26] [GOAL] Ivan achieved AcceptMission
[13:31:26] [MISSION] Rustam accepted ScoutPoi @ Generators (160 RU)
[13:31:26] [TASK] Rustam → AcceptMission [ScoutPoi] (goal=AcceptMission)
[13:31:26] [GOAL] Rustam achieved AcceptMission
[13:31:29] [MISSION] Viktor accepted ScoutPoi @ Meadow (160 RU)
[13:31:29] [TASK] Viktor → AcceptMission [ScoutPoi] (goal=AcceptMission)
[13:31:29] [GOAL] Viktor achieved AcceptMission
[13:31:29] [GEAR] Pavel looted [helm_helm_hardhat] via combat
[13:31:29] [MISSION] Serhiy accepted ScoutPoi @ Generators (160 RU)
[13:31:29] [TASK] Serhiy → AcceptMission [ScoutPoi] (goal=AcceptMission)
[13:31:29] [GOAL] Serhiy achieved AcceptMission
[13:31:29] [MISSION] Ivan accepted ScoutPoi @ Buriakivka Waste Site (160 RU)
[13:31:29] [TASK] Ivan → AcceptMission [ScoutPoi] (goal=AcceptMission)
[13:31:29] [GOAL] Ivan achieved AcceptMission
[13:31:29] [GEAR] Bakhyt looted [wpn_ak74, out_stalker_predator_outfit, helm_helm_ppm88] via combat
[13:31:30] [MISSION] Dmitri accepted ScoutPoi @ Generators (160 RU)
[13:31:30] [TASK] Dmitri → AcceptMission [ScoutPoi] (goal=AcceptMission)
[13:31:30] [GOAL] Dmitri achieved AcceptMission
[13:31:30] [GEAR] Oleg looted [wpn_aksu] via combat
[13:31:30] [MISSION] Marcus accepted ScoutPoi @ Duga Radar (160 RU)
[13:31:30] [TASK] Marcus → AcceptMission [ScoutPoi] (goal=AcceptMission)
[13:31:30] [GOAL] Marcus achieved AcceptMission
[13:31:30] [MISSION] Dmytro accepted ScoutPoi @ Deserted Hospital (160 RU)
[13:31:30] [TASK] Dmytro → AcceptMission [ScoutPoi] (goal=AcceptMission)
[13:31:30] [GOAL] Dmytro achieved AcceptMission
[13:31:30] [GEAR] Jake looted [out_stalker_salamander_outfit, helm_hardhat] via combat
[13:31:31] [MISSION] Sean accepted ScoutPoi @ Yantar (160 RU)
[13:31:31] [TASK] Sean → AcceptMission [ScoutPoi] (goal=AcceptMission)
[13:31:31] [GOAL] Sean achieved AcceptMission
[13:31:32] [RANK] Bohdan Ivanov 'Viper' → Professional
[13:31:32] [GEAR] Bohdan looted [wpn_fort12, helm_helm_respirator_gp5] via combat
[13:31:32] [GEAR] Igor looted [out_dolg_scientific_red_outfit] via combat
[13:31:33] [MISSION] Damir accepted ScoutPoi @ Rostok (176 RU)
[13:31:33] [TASK] Damir → AcceptMission [ScoutPoi] (goal=AcceptMission)
[13:31:33] [GOAL] Damir achieved AcceptMission
[13:31:33] [GEAR] Karl looted [out_scientific_outfit] via combat
[13:31:33] [MISSION] Oleksiy accepted ScoutPoi @ Wild Territory (160 RU)
[13:31:33] [TASK] Oleksiy → AcceptMission [ScoutPoi] (goal=AcceptMission)
[13:31:33] [GOAL] Oleksiy achieved AcceptMission
[13:31:34] [GEAR] Mykola looted [wpn_ak74, out_stalker_bear_outfit, helm_helm_m50] via combat
[13:31:35] [MISSION] Alexei accepted ScoutPoi @ Zalissya (160 RU)
[13:31:35] [TASK] Alexei → AcceptMission [ScoutPoi] (goal=AcceptMission)
[13:31:35] [GOAL] Alexei achieved AcceptMission
[13:31:35] [GEAR] Oleg looted [helm_helm_bandana] via combat
[13:31:36] [GEAR] Tobias looted [wpn_sg550, helm_helm_spartan] via combat
[13:31:38] [MISSION] Vasyl accepted ScoutPoi @ Chernobyl NPP (160 RU)
[13:31:38] [TASK] Vasyl → AcceptMission [ScoutPoi] (goal=AcceptMission)
[13:31:38] [GOAL] Vasyl achieved AcceptMission
[13:31:38] [GEAR] Vasyl looted [wpn_aksu, out_stalker_outfit, helm_bandana] via combat
[13:31:38] [GEAR] Oleg looted [wpn_pm] via combat
[13:31:39] [GEAR] Serhiy looted [wpn_ak74, wpn_pm, arm_stalker] via combat
[13:31:39] [MISSION] Andriy accepted ScoutPoi @ Cordon (160 RU)
[13:31:39] [TASK] Andriy → AcceptMission [ScoutPoi] (goal=AcceptMission)
[13:31:39] [GOAL] Andriy achieved AcceptMission
[13:31:39] [GEAR] Oleksiy looted [wpn_pm, helm_helm_bandana] via combat
[13:31:39] [GEAR] Mykola looted [wpn_pm, wpn_pm, helm_helm_respirator] via combat
[13:31:39] [GEAR] Nikolai looted [wpn_mp5, helm_helm_m50] via combat
[13:31:39] [GEAR] Sergei looted [wpn_aksu] via combat
[13:31:39] [GEAR] Vasyl looted [wpn_aksu, wpn_pm] via combat
[13:31:39] [GEAR] Igor looted [wpn_ak74, wpn_pm] via combat
[13:31:39] [GEAR] Oleg looted [wpn_fn2000, out_monolith_exolight_outfit, helm_gas] via combat
[13:31:40] [MISSION] Pierre accepted ScoutPoi @ Dead City (Chernobyl-2 Settlement) (160 RU)
[13:31:40] [TASK] Pierre → AcceptMission [ScoutPoi] (goal=AcceptMission)
[13:31:40] [GOAL] Pierre achieved AcceptMission
[13:31:41] [MISSION] Dmitri accepted ScoutPoi @ Wild Territory (160 RU)
[13:31:41] [TASK] Dmitri → AcceptMission [ScoutPoi] (goal=AcceptMission)
[13:31:41] [GOAL] Dmitri achieved AcceptMission
[13:31:43] [GEAR] Zura looted [wpn_ak74, helm_helm_hardhat] via combat
[13:31:45] [GEAR] Dmytro looted [wpn_ak74, helm_helm_tactic] via combat
[13:31:45] [GEAR] Dmytro looted [out_stalker_graphite_outfit] via combat
[13:31:45] [MISSION] Dmitri accepted ScoutPoi @ Chernobyl Town (160 RU)
[13:31:45] [TASK] Dmitri → AcceptMission [ScoutPoi] (goal=AcceptMission)
[13:31:45] [GOAL] Dmitri achieved AcceptMission
[13:31:45] [MISSION] Lasha accepted ScoutPoi @ Rostok (176 RU)
[13:31:45] [TASK] Lasha → AcceptMission [ScoutPoi] (goal=AcceptMission)
[13:31:45] [GOAL] Lasha achieved AcceptMission
[13:31:46] [MISSION] Giorgi accepted ScoutPoi @ Kopachi (160 RU)
[13:31:46] [TASK] Giorgi → AcceptMission [ScoutPoi] (goal=AcceptMission)
[13:31:46] [GOAL] Giorgi achieved AcceptMission
[13:31:46] [MISSION] Alexei accepted ScoutPoi @ Meadow (160 RU)
[13:31:46] [TASK] Alexei → AcceptMission [ScoutPoi] (goal=AcceptMission)
[13:31:46] [GOAL] Alexei achieved AcceptMission
[13:31:46] [GEAR] Zura looted [wpn_fort12, out_stalker_bear_outfit, helm_helm_ppm88] via combat
[13:31:46] [MISSION] Dmytro accepted ScoutPoi @ Chernobyl Town (160 RU)
[13:31:46] [TASK] Dmytro → AcceptMission [ScoutPoi] (goal=AcceptMission)
[13:31:46] [GOAL] Dmytro achieved AcceptMission
[13:31:47] [MISSION] Mykola accepted ScoutPoi @ Pripyat (160 RU)
[13:31:47] [TASK] Mykola → AcceptMission [ScoutPoi] (goal=AcceptMission)
[13:31:47] [GOAL] Mykola achieved AcceptMission
[13:31:47] [GEAR] Karl looted [wpn_aksu, wpn_pm] via combat
[13:31:47] [GEAR] Nikolai looted [wpn_fort12] via combat
[13:31:50] [SNAPSHOT] real=3.6min game=D0 00:04 alive S=1102 M=726 corpses=769 lootable=387 gammaGear out=655 helm=942 avgRU=894 leaderGoals trade=0 mission=201 emission=Dormant nextIn=99gmin desperate=0 hungry=0 interval deaths=234 combats=386 tasks=34 gearLoot=35 gearBuy=0 missions=34 corpseDespawn=0 trickleSpawns=0 ranks=[Rookie:1053,Trainee:9,Experienced:13,Professional:2,Veteran:25] goals=[Idle:245,CompleteMission::201,Traveling:2] leaders: Nikolai[Experienced/CompleteMission:], Dmytro[Rookie/Idle], Lars[Rookie/Idle], Yuriy[Rookie/Idle], Bohdan[Experienced/CompleteMission:]
[13:31:50] [RANK] Dmytro Bondarenko 'Ghost' → Professional
[13:31:51] [GEAR] Yuriy looted [wpn_spas12, arm_stalker] via combat
[13:31:51] [MISSION] Viktor accepted ScoutPoi @ Red Forest (160 RU)
[13:31:51] [TASK] Viktor → AcceptMission [ScoutPoi] (goal=AcceptMission)
[13:31:51] [GOAL] Viktor achieved AcceptMission
[13:31:52] [GEAR] Nikolai looted [wpn_sg550, out_scientific_outfit, helm_helm_ach7] via combat
[13:31:52] [RANK] Frank Ivanov 'The Rat' → Professional
[13:31:52] [GEAR] Vasyl looted [wpn_sg550, arm_duty, helm_helm_protective] via combat
[13:31:52] [GEAR] Mikhail looted [helm_helm_respirator] via combat
[13:31:53] [GEAR] Ivan looted [helm_helm_resp] via combat
[13:31:53] [RANK] Yuriy Bondarenko 'The Rat' → Trainee
[13:31:53] [GEAR] Yuriy looted [wpn_pm, helm_helm_ppm88] via combat
[13:31:53] [RANK] Yuriy Volkov 'Spark' → Professional
[13:31:53] [GEAR] Yuriy looted [wpn_ak74, arm_duty, helm_helm_protective] via combat
[13:31:55] [MISSION] Vasyl accepted ScoutPoi @ Kopachi (160 RU)
[13:31:55] [TASK] Vasyl → AcceptMission [ScoutPoi] (goal=AcceptMission)
[13:31:55] [GOAL] Vasyl achieved AcceptMission
[13:31:56] [GEAR] Oleksiy looted [wpn_fort12] via combat
[13:31:57] [MISSION] Oleksiy accepted ScoutPoi @ Radar (Brain Scorcher) (160 RU)
[13:31:57] [TASK] Oleksiy → AcceptMission [ScoutPoi] (goal=AcceptMission)
[13:31:57] [GOAL] Oleksiy achieved AcceptMission
[13:31:58] [GEAR] Viktor looted [wpn_ak74] via combat
[13:32:01] [GEAR] Ivan looted [wpn_sg550, arm_exo, helm_exo] via combat
[13:32:02] [MISSION] Nikolai accepted ScoutPoi @ Rostok (176 RU)
[13:32:02] [TASK] Nikolai → AcceptMission [ScoutPoi] (goal=AcceptMission)
[13:32:02] [GOAL] Nikolai achieved AcceptMission
[13:32:02] [MISSION] Damir accepted ScoutPoi @ Zalissya (160 RU)
[13:32:02] [TASK] Damir → AcceptMission [ScoutPoi] (goal=AcceptMission)
[13:32:02] [GOAL] Damir achieved AcceptMission
[13:32:02] [MISSION] Taras accepted ScoutPoi @ Kopachi (160 RU)
[13:32:02] [TASK] Taras → AcceptMission [ScoutPoi] (goal=AcceptMission)
[13:32:02] [GOAL] Taras achieved AcceptMission
[13:32:03] [GEAR] Armen looted [wpn_fort12, helm_helm_respirator_gp5] via combat
[13:32:05] [MISSION] Nikolai accepted ScoutPoi @ Zalissya (160 RU)
[13:32:05] [TASK] Nikolai → AcceptMission [ScoutPoi] (goal=AcceptMission)
[13:32:05] [GOAL] Nikolai achieved AcceptMission
[13:32:05] [MISSION] Viktor accepted ScoutPoi @ Deserted Hospital (160 RU)
[13:32:05] [TASK] Viktor → AcceptMission [ScoutPoi] (goal=AcceptMission)
[13:32:05] [GOAL] Viktor achieved AcceptMission
[13:32:06] [GEAR] Mykola looted [wpn_fort12] via combat
[13:32:06] [GEAR] Zura looted [wpn_fort12, out_stalker_salamander_outfit] via combat
[13:32:06] [RANK] Alexei Petrov 'Bone' → Trainee
[13:32:08] [GEAR] Viktor looted [wpn_fn2000, out_scientific_outfit] via combat
[13:32:13] [GEAR] Mykola looted [out_stalker_predator_outfit] via combat
[13:32:13] [RANK] Alexei Petrov 'Bone' → Experienced
[13:32:18] [MISSION] Ivan accepted ScoutPoi @ Duga Radar (160 RU)
[13:32:18] [TASK] Ivan → AcceptMission [ScoutPoi] (goal=AcceptMission)
[13:32:18] [GOAL] Ivan achieved AcceptMission
[13:32:18] [MISSION] Oleksiy accepted ScoutPoi @ Kopachi (160 RU)
[13:32:18] [TASK] Oleksiy → AcceptMission [ScoutPoi] (goal=AcceptMission)
[13:32:18] [GOAL] Oleksiy achieved AcceptMission
[13:32:23] [SNAPSHOT] real=4.1min game=D0 00:04 alive S=987 M=643 corpses=967 lootable=498 gammaGear out=586 helm=847 avgRU=894 leaderGoals trade=0 mission=183 emission=Dormant nextIn=98gmin desperate=0 hungry=0 interval deaths=115 combats=198 tasks=10 gearLoot=15 gearBuy=0 missions=10 corpseDespawn=0 trickleSpawns=0 ranks=[Rookie:939,Trainee:9,Experienced:14,Professional:3,Veteran:22] goals=[Idle:222,CompleteMission::183,Traveling:2] leaders: Nikolai[Experienced/CompleteMission:], Dmytro[Rookie/Idle], Lars[Rookie/Idle], Yuriy[Rookie/Idle], Bohdan[Experienced/CompleteMission:]
[13:32:23] [MISSION] Taras accepted ScoutPoi @ Zaton (160 RU)
[13:32:23] [TASK] Taras → AcceptMission [ScoutPoi] (goal=AcceptMission)
[13:32:23] [GOAL] Taras achieved AcceptMission
[13:32:25] [MISSION] Zura accepted ScoutPoi @ Jupiter (Pripyat Industrial) (160 RU)
[13:32:25] [TASK] Zura → AcceptMission [ScoutPoi] (goal=AcceptMission)
[13:32:25] [GOAL] Zura achieved AcceptMission
[13:32:25] [GEAR] Andriy looted [wpn_ak74, wpn_fort12, out_wastelander_outfit] via combat
[13:32:26] [MISSION] Taras accepted ScoutPoi @ Kopachi (160 RU)
[13:32:26] [TASK] Taras → AcceptMission [ScoutPoi] (goal=AcceptMission)
[13:32:26] [GOAL] Taras achieved AcceptMission
[13:32:29] [MISSION] Taras accepted ScoutPoi @ Dark Valley (160 RU)
[13:32:29] [TASK] Taras → AcceptMission [ScoutPoi] (goal=AcceptMission)
[13:32:29] [GOAL] Taras achieved AcceptMission
[13:32:30] [GEAR] Pavel looted [wpn_mp5, arm_duty, helm_tactic] via combat
[13:32:37] [MISSION] Karl accepted ScoutPoi @ Duga Radar (160 RU)
[13:32:37] [TASK] Karl → AcceptMission [ScoutPoi] (goal=AcceptMission)
[13:32:37] [GOAL] Karl achieved AcceptMission
[13:32:41] [GEAR] Connor looted [wpn_aksu, arm_stalker] via combat
[13:32:42] [MISSION] Ivan accepted ScoutPoi @ Kopachi (160 RU)
[13:32:42] [TASK] Ivan → AcceptMission [ScoutPoi] (goal=AcceptMission)
[13:32:42] [GOAL] Ivan achieved AcceptMission
[13:32:43] [GEAR] Dmytro looted [out_stalker_salamander_outfit] via combat
[13:32:43] [MISSION] Pavel accepted ScoutPoi @ Dead City (Chernobyl-2 Settlement) (160 RU)
[13:32:43] [TASK] Pavel → AcceptMission [ScoutPoi] (goal=AcceptMission)
[13:32:43] [GOAL] Pavel achieved AcceptMission
[13:32:44] [GEAR] Taras looted [wpn_aksu, out_stalker_outfit] via combat
[13:32:48] [GEAR] Sergei looted [wpn_ak74, helm_helm_hardhat] via combat
[13:32:48] [MISSION] Bohdan accepted ScoutPoi @ Dark Valley (160 RU)
[13:32:48] [TASK] Bohdan → AcceptMission [ScoutPoi] (goal=AcceptMission)
[13:32:48] [GOAL] Bohdan achieved AcceptMission
[13:32:54] [GEAR] Oleksiy looted [wpn_ak74, helm_helm_respirator_gp5] via combat
[13:32:54] [MISSION] Mykola accepted ScoutPoi @ Dark Valley (160 RU)
[13:32:54] [TASK] Mykola → AcceptMission [ScoutPoi] (goal=AcceptMission)
[13:32:54] [GOAL] Mykola achieved AcceptMission
[13:32:58] [SNAPSHOT] real=4.7min game=D0 00:05 alive S=907 M=592 corpses=1098 lootable=575 gammaGear out=538 helm=776 avgRU=895 leaderGoals trade=0 mission=172 emission=Dormant nextIn=97gmin desperate=0 hungry=0 interval deaths=80 combats=131 tasks=9 gearLoot=7 gearBuy=0 missions=9 corpseDespawn=0 trickleSpawns=0 ranks=[Rookie:864,Trainee:9,Experienced:11,Professional:2,Veteran:21] goals=[Idle:208,CompleteMission::172,Traveling:1] leaders: Nikolai[Experienced/CompleteMission:], Dmytro[Rookie/Idle], Lars[Rookie/Idle], Yuriy[Rookie/Idle], Bohdan[Experienced/CompleteMission:]
[13:32:59] [GEAR] Vasyl looted [wpn_fn2000] via combat
[13:33:03] [RANK] Rustam Bondarenko 'Razor' → Professional
[13:33:04] [RANK] Andriy Shevchenko 'Broken Nose' → Trainee
[13:33:04] [GEAR] Alexei looted [helm_helm_respirator_old] via combat
[13:33:06] [MISSION] Nodar accepted ScoutPoi @ Army Warehouses (184 RU)
[13:33:06] [TASK] Nodar → AcceptMission [ScoutPoi] (goal=AcceptMission)
[13:33:06] [GOAL] Nodar achieved AcceptMission
[13:33:09] [SPAWN] Trickle +0 stalkers, +1 mutants
[13:33:09] [GEAR] Viktor looted [wpn_mp5] via combat
[13:33:10] [MISSION] Vasyl accepted ScoutPoi @ Kopachi (160 RU)
[13:33:10] [TASK] Vasyl → AcceptMission [ScoutPoi] (goal=AcceptMission)
[13:33:10] [GOAL] Vasyl achieved AcceptMission
[13:33:13] [RANK] Pavel Ivanov 'Raven' → Trainee
[13:33:13] [GEAR] Mykola looted [wpn_ak74, wpn_fort12, out_wastelander_outfit, helm_helm_respirator_old] via combat
[13:33:15] [SPAWN] Trickle +0 stalkers, +1 mutants
[13:33:15] [MISSION] Mikhail accepted ScoutPoi @ Pripyat (160 RU)
[13:33:15] [TASK] Mikhail → AcceptMission [ScoutPoi] (goal=AcceptMission)
[13:33:15] [GOAL] Mikhail achieved AcceptMission
[13:33:16] [GEAR] Jake looted [wpn_ak74] via combat
[13:33:17] [GEAR] Mikhail looted [wpn_fn2000] via combat
[13:33:20] [GEAR] Yuriy looted [wpn_fort12, helm_helm_ppm88] via combat
[13:33:21] [MISSION] Mykola accepted ScoutPoi @ Zalissya (160 RU)
[13:33:21] [TASK] Mykola → AcceptMission [ScoutPoi] (goal=AcceptMission)
[13:33:21] [GOAL] Mykola achieved AcceptMission
[13:33:24] [SPAWN] Trickle +1 stalkers, +0 mutants
[13:33:24] [MISSION] Alexei accepted ScoutPoi @ Rostok (176 RU)
[13:33:24] [TASK] Alexei → AcceptMission [ScoutPoi] (goal=AcceptMission)
[13:33:24] [GOAL] Alexei achieved AcceptMission
[13:33:25] [RANK] Oleksiy Volkov 'Crow' → Expert
[13:33:25] [MISSION] Alexei accepted ScoutPoi @ Deserted Hospital (160 RU)
[13:33:25] [TASK] Alexei → AcceptMission [ScoutPoi] (goal=AcceptMission)
[13:33:25] [GOAL] Alexei achieved AcceptMission
[13:33:25] [GEAR] Pavel looted [wpn_pm, out_stalker_autumn_outfit, helm_helm_hardhat] via combat
[13:33:25] [RANK] Pavel Ivanov 'Raven' → Experienced
[13:33:26] [GEAR] Alexei looted [wpn_sg550] via combat
[13:33:30] [MISSION] Ivan accepted ScoutPoi @ Limansk (160 RU)
[13:33:30] [TASK] Ivan → AcceptMission [ScoutPoi] (goal=AcceptMission)
[13:33:30] [GOAL] Ivan achieved AcceptMission
[13:33:32] [SNAPSHOT] real=5.3min game=D0 00:05 alive S=835 M=548 corpses=1217 lootable=647 gammaGear out=493 helm=713 avgRU=896 leaderGoals trade=0 mission=156 emission=Dormant nextIn=97gmin desperate=0 hungry=0 interval deaths=73 combats=119 tasks=7 gearLoot=9 gearBuy=0 missions=7 corpseDespawn=0 trickleSpawns=3 ranks=[Rookie:793,Trainee:10,Experienced:10,Professional:2,Veteran:19,Expert:1] goals=[Idle:197,CompleteMission::156] leaders: Alexei[Rookie/CompleteMission:], Nikolai[Experienced/CompleteMission:], Dmytro[Rookie/Idle], Lars[Rookie/Idle], Yuriy[Rookie/Idle]
[13:33:34] [RANK] Connor Ivanov 'One-Eye' → Trainee
[13:33:35] [SPAWN] Trickle +1 stalkers, +0 mutants
[13:33:35] [MISSION] Taras accepted ScoutPoi @ Meadow (160 RU)
[13:33:35] [TASK] Taras → AcceptMission [ScoutPoi] (goal=AcceptMission)
[13:33:35] [GOAL] Taras achieved AcceptMission
[13:33:37] [MISSION] Dmitri accepted ScoutPoi @ Meadow (160 RU)
[13:33:37] [TASK] Dmitri → AcceptMission [ScoutPoi] (goal=AcceptMission)
[13:33:37] [GOAL] Dmitri achieved AcceptMission
[13:33:37] [MISSION] Tobias accepted ScoutPoi @ Jupiter (Pripyat Industrial) (160 RU)
[13:33:37] [TASK] Tobias → AcceptMission [ScoutPoi] (goal=AcceptMission)
[13:33:37] [GOAL] Tobias achieved AcceptMission
[13:33:42] [MISSION] Vasyl accepted ScoutPoi @ Zaton (160 RU)
[13:33:42] [TASK] Vasyl → AcceptMission [ScoutPoi] (goal=AcceptMission)
[13:33:42] [GOAL] Vasyl achieved AcceptMission
[13:33:42] [MISSION] Oleg accepted ScoutPoi @ Deserted Hospital (160 RU)
[13:33:42] [TASK] Oleg → AcceptMission [ScoutPoi] (goal=AcceptMission)
[13:33:42] [GOAL] Oleg achieved AcceptMission
[13:33:43] [SPAWN] Trickle +0 stalkers, +1 mutants
[13:33:44] [MISSION] Yuriy accepted ScoutPoi @ Limansk (160 RU)
[13:33:44] [TASK] Yuriy → AcceptMission [ScoutPoi] (goal=AcceptMission)
[13:33:44] [GOAL] Yuriy achieved AcceptMission
[13:33:45] [RANK] Oleksiy Sokolov 'Jackal' → Professional
[13:33:45] [GEAR] Oleksiy looted [wpn_ak74, out_stalker_autumn_outfit, helm_helm_ppm88] via combat
[13:33:48] [GEAR] Timur looted [wpn_ak74, wpn_pm, helm_helm_respirator_old] via combat
[13:33:53] [GEAR] Alibek looted [arm_exo] via combat
[13:33:55] [SPAWN] Trickle +0 stalkers, +1 mutants
[13:33:55] [MISSION] Oleg accepted ScoutPoi @ Radar (Brain Scorcher) (160 RU)
[13:33:55] [TASK] Oleg → AcceptMission [ScoutPoi] (goal=AcceptMission)
[13:33:55] [GOAL] Oleg achieved AcceptMission
[13:34:01] [RANK] Frank Kovalenko 'Spark' → Trainee
[13:34:03] [SNAPSHOT] real=5.8min game=D0 00:06 alive S=784 M=503 corpses=1316 lootable=699 gammaGear out=464 helm=664 avgRU=895 leaderGoals trade=0 mission=144 emission=Dormant nextIn=96gmin desperate=0 hungry=0 interval deaths=52 combats=99 tasks=7 gearLoot=3 gearBuy=0 missions=7 corpseDespawn=0 trickleSpawns=3 ranks=[Rookie:745,Trainee:10,Experienced:8,Professional:3,Veteran:17,Expert:1] goals=[Idle:190,CompleteMission::144] leaders: Taras[Rookie/CompleteMission:], Alexei[Rookie/CompleteMission:], Nikolai[Experienced/CompleteMission:], Dmytro[Rookie/Idle], Lars[Rookie/Idle]
[13:34:16] [GEAR] Mykola looted [wpn_pm] via combat
[13:34:21] [RANK] Oleg Melnyk 'The Butcher' → Experienced
[13:34:34] [SNAPSHOT] real=6.3min game=D0 00:07 alive S=768 M=469 corpses=1366 lootable=715 gammaGear out=453 helm=650 avgRU=895 leaderGoals trade=0 mission=140 emission=Dormant nextIn=96gmin desperate=0 hungry=0 interval deaths=16 combats=50 tasks=0 gearLoot=1 gearBuy=0 missions=0 corpseDespawn=0 trickleSpawns=0 ranks=[Rookie:731,Trainee:9,Experienced:7,Professional:3,Veteran:17,Expert:1] goals=[Idle:187,CompleteMission::140] leaders: Taras[Rookie/CompleteMission:], Alexei[Rookie/CompleteMission:], Dmytro[Rookie/Idle], Lars[Rookie/Idle], Yuriy[Rookie/Idle]
[13:34:47] [MISSION] Bohdan accepted ScoutPoi @ Chistogalovka (160 RU)
[13:34:47] [TASK] Bohdan → AcceptMission [ScoutPoi] (goal=AcceptMission)
[13:34:47] [GOAL] Bohdan achieved AcceptMission
[13:34:49] [SPAWN] Trickle +4 stalkers, +0 mutants
[13:34:49] [MISSION] Karl accepted ScoutPoi @ Yantar (160 RU)
[13:34:49] [TASK] Karl → AcceptMission [ScoutPoi] (goal=AcceptMission)
[13:34:49] [GOAL] Karl achieved AcceptMission
[13:34:49] [MISSION] Vasyl accepted ScoutPoi @ Pripyat (160 RU)
[13:34:49] [TASK] Vasyl → AcceptMission [ScoutPoi] (goal=AcceptMission)
[13:34:49] [GOAL] Vasyl achieved AcceptMission
[13:34:55] [GEAR] Viktor looted [wpn_mp5, out_monolith_outfit, helm_tactic] via combat
[13:34:58] [MISSION] Oleg accepted ScoutPoi @ Army Warehouses (184 RU)
[13:34:58] [TASK] Oleg → AcceptMission [ScoutPoi] (goal=AcceptMission)
[13:34:58] [GOAL] Oleg achieved AcceptMission
[13:34:59] [MISSION] Oleksiy accepted ScoutPoi @ Agroprom (160 RU)
[13:34:59] [TASK] Oleksiy → AcceptMission [ScoutPoi] (goal=AcceptMission)
[13:34:59] [GOAL] Oleksiy achieved AcceptMission
[13:34:59] [MISSION] Bakhyt accepted ScoutPoi @ Dark Valley (160 RU)
[13:34:59] [TASK] Bakhyt → AcceptMission [ScoutPoi] (goal=AcceptMission)
[13:34:59] [GOAL] Bakhyt achieved AcceptMission
[13:35:02] [MISSION] Bohdan accepted ScoutPoi @ Zaton (160 RU)
[13:35:02] [TASK] Bohdan → AcceptMission [ScoutPoi] (goal=AcceptMission)
[13:35:02] [GOAL] Bohdan achieved AcceptMission
[13:35:04] [MISSION] Taras accepted ScoutPoi @ Meadow (160 RU)
[13:35:04] [TASK] Taras → AcceptMission [ScoutPoi] (goal=AcceptMission)
[13:35:04] [GOAL] Taras achieved AcceptMission
[13:35:07] [SNAPSHOT] real=6.9min game=D0 00:07 alive S=741 M=450 corpses=1416 lootable=746 gammaGear out=433 helm=628 avgRU=894 leaderGoals trade=0 mission=136 emission=Dormant nextIn=95gmin desperate=1 hungry=0 interval deaths=31 combats=50 tasks=8 gearLoot=1 gearBuy=0 missions=8 corpseDespawn=0 trickleSpawns=4 ranks=[Rookie:706,Trainee:8,Experienced:7,Professional:3,Veteran:16,Expert:1] goals=[Idle:184,CompleteMission::136] leaders: Karl[Rookie/CompleteMission:], Vasyl[Rookie/Idle], Taras[Rookie/CompleteMission:], Alexei[Rookie/CompleteMission:], Dmytro[Rookie/Idle]
[13:35:08] [GEAR] Lasha looted [wpn_fn2000, arm_exo, helm_gas] via combat
[13:35:09] [MISSION] Taras accepted ScoutPoi @ Chistogalovka (160 RU)
[13:35:09] [TASK] Taras → AcceptMission [ScoutPoi] (goal=AcceptMission)
[13:35:09] [GOAL] Taras achieved AcceptMission
[13:35:10] [GEAR] Timur looted [wpn_pm] via combat
[13:35:12] [MISSION] Connor accepted ScoutPoi @ Yantar (160 RU)
[13:35:12] [TASK] Connor → AcceptMission [ScoutPoi] (goal=AcceptMission)
[13:35:12] [GOAL] Connor achieved AcceptMission
[13:35:20] [MISSION] Damir accepted ScoutPoi @ Cordon (160 RU)
[13:35:20] [TASK] Damir → AcceptMission [ScoutPoi] (goal=AcceptMission)
[13:35:20] [GOAL] Damir achieved AcceptMission
[13:35:24] [MISSION] Nikolai accepted ScoutPoi @ Cordon (160 RU)
[13:35:24] [TASK] Nikolai → AcceptMission [ScoutPoi] (goal=AcceptMission)
[13:35:24] [GOAL] Nikolai achieved AcceptMission
[13:35:26] [GEAR] Taras looted [wpn_ak74, wpn_mp5, arm_duty, helm_helm_protective] via combat
[13:35:34] [GEAR] Tobias looted [wpn_fn2000, out_monolith_exolight_outfit, helm_helm_protective] via combat
[13:35:41] [SNAPSHOT] real=7.4min game=D0 00:08 alive S=719 M=425 corpses=1463 lootable=765 gammaGear out=420 helm=607 avgRU=895 leaderGoals trade=0 mission=130 emission=Dormant nextIn=94gmin desperate=2 hungry=0 interval deaths=22 combats=47 tasks=4 gearLoot=4 gearBuy=0 missions=4 corpseDespawn=0 trickleSpawns=0 ranks=[Rookie:684,Trainee:8,Experienced:7,Professional:3,Veteran:16,Expert:1] goals=[Idle:179,CompleteMission::130] leaders: Karl[Rookie/CompleteMission:], Vasyl[Rookie/Idle], Taras[Rookie/CompleteMission:], Alexei[Rookie/CompleteMission:], Dmytro[Rookie/Idle]
[13:35:57] [GEAR] Oleksiy looted [wpn_fn2000, wpn_fort12] via combat
[13:36:04] [MISSION] Andrei accepted ScoutPoi @ Chernobyl Town (160 RU)
[13:36:04] [TASK] Andrei → AcceptMission [ScoutPoi] (goal=AcceptMission)
[13:36:04] [GOAL] Andrei achieved AcceptMission
[13:36:04] [MISSION] Nodar accepted ScoutPoi @ Limansk (160 RU)
[13:36:04] [TASK] Nodar → AcceptMission [ScoutPoi] (goal=AcceptMission)
[13:36:04] [GOAL] Nodar achieved AcceptMission
[13:36:05] [GEAR] Oleksiy looted [wpn_fn2000, wpn_mp5, out_monolith_outfit, helm_tactic] via combat
[13:36:13] [SNAPSHOT] real=7.9min game=D0 00:08 alive S=703 M=411 corpses=1493 lootable=780 gammaGear out=411 helm=591 avgRU=896 leaderGoals trade=0 mission=126 emission=Dormant nextIn=94gmin desperate=2 hungry=0 interval deaths=16 combats=30 tasks=2 gearLoot=2 gearBuy=0 missions=2 corpseDespawn=0 trickleSpawns=0 ranks=[Rookie:668,Trainee:8,Experienced:7,Professional:3,Veteran:16,Expert:1] goals=[Idle:176,CompleteMission::126] leaders: Karl[Rookie/CompleteMission:], Vasyl[Rookie/Idle], Taras[Rookie/CompleteMission:], Alexei[Rookie/CompleteMission:], Dmytro[Rookie/Idle]
[13:36:16] [RANK] Damir Popov 'Mole' → Trainee
[13:36:23] [RANK] Ivan Petrov 'Spark' → Trainee
[13:36:34] [MISSION] Bohdan accepted ScoutPoi @ Jupiter (Pripyat Industrial) (160 RU)
[13:36:34] [TASK] Bohdan → AcceptMission [ScoutPoi] (goal=AcceptMission)
[13:36:34] [GOAL] Bohdan achieved AcceptMission
[13:36:38] [SPAWN] Trickle +0 stalkers, +1 mutants
[13:36:38] [CORPSE] Despawned 1 bodies (lifetime=1)
[13:36:43] [SNAPSHOT] real=8.4min game=D0 00:09 alive S=691 M=399 corpses=1517 lootable=792 gammaGear out=404 helm=581 avgRU=897 leaderGoals trade=0 mission=125 emission=Dormant nextIn=93gmin desperate=2 hungry=0 interval deaths=12 combats=25 tasks=1 gearLoot=0 gearBuy=0 missions=1 corpseDespawn=1 trickleSpawns=1 ranks=[Rookie:654,Trainee:10,Experienced:7,Professional:3,Veteran:16,Expert:1] goals=[Idle:175,CompleteMission::125] leaders: Karl[Rookie/CompleteMission:], Vasyl[Rookie/Idle], Taras[Rookie/CompleteMission:], Alexei[Rookie/CompleteMission:], Dmytro[Rookie/Idle]
[13:37:07] [MISSION] Bohdan accepted ScoutPoi @ Jupiter (Pripyat Industrial) (160 RU)
[13:37:07] [TASK] Bohdan → AcceptMission [ScoutPoi] (goal=AcceptMission)
[13:37:07] [GOAL] Bohdan achieved AcceptMission
[13:37:14] [RANK] Nikolai Petrenko 'Phantom' → Trainee
[13:37:16] [SNAPSHOT] real=9.0min game=D0 00:09 alive S=685 M=385 corpses=1537 lootable=798 gammaGear out=400 helm=577 avgRU=897 leaderGoals trade=0 mission=124 emission=Dormant nextIn=93gmin desperate=2 hungry=0 interval deaths=6 combats=20 tasks=1 gearLoot=0 gearBuy=0 missions=1 corpseDespawn=0 trickleSpawns=0 ranks=[Rookie:647,Trainee:11,Experienced:7,Professional:3,Veteran:16,Expert:1] goals=[Idle:172,CompleteMission::124] leaders: Karl[Rookie/CompleteMission:], Vasyl[Rookie/Idle], Taras[Rookie/CompleteMission:], Alexei[Rookie/CompleteMission:], Dmytro[Rookie/Idle]
[13:37:21] [SPAWN] Trickle +0 stalkers, +1 mutants
[13:37:26] [CORPSE] Despawned 1 bodies (lifetime=2)
[13:37:48] [SNAPSHOT] real=9.5min game=D0 00:10 alive S=674 M=374 corpses=1559 lootable=809 gammaGear out=394 helm=568 avgRU=898 leaderGoals trade=0 mission=122 emission=Dormant nextIn=92gmin desperate=2 hungry=0 interval deaths=11 combats=23 tasks=0 gearLoot=0 gearBuy=0 missions=0 corpseDespawn=1 trickleSpawns=1 ranks=[Rookie:637,Trainee:10,Experienced:7,Professional:3,Veteran:16,Expert:1] goals=[Idle:169,CompleteMission::122] leaders: Karl[Rookie/CompleteMission:], Vasyl[Rookie/Idle], Taras[Rookie/CompleteMission:], Alexei[Rookie/CompleteMission:], Dmytro[Rookie/Idle]
[13:37:56] [RANK] Dmytro Melnyk 'Badger' → Trainee
[13:38:16] [REPORT] ========== SIMULATION DEBUG FINAL REPORT ==========
Real runtime: 10.0 min | Game time: D0 00:10 | TimeFactor=5.0
Population: stalkers 670 alive (peak 1442, min 175) | mutants 367 alive
Initial spawn: 6 stalkers, 0 mutants
Trickle respawn: +10 stalkers, +6 mutants (10 batches)
Combat encounters: 1479 total
  vs mutant: W=639 L=537 | mutants killed=639
  vs stalker: W=152 L=151
Stalker casualties: 840 total
  gunfire=303 mutant=537 emission=0 betrayal=0 zombified=0
Mutant emission deaths: 0
Rank promotions: 23 | Corpses reported: 911 | Despawned: 2
Gear loot events: 110 (222 items) | Trader gear buys: 0 (0 items)
Missions: accepted=1036 completed=411
GAMMA gear (alive): outfits=391 helmets=565 avgGold=899 RU
GOAP tasks completed: 1447 | Goals achieved: 1447
GOAP replans (1Hz): 90823
Emission storms: 0 | Last phase: Dormant
KillTracker total: 1479
Deaths per real minute (overall): 84.0
Combats per real minute (overall): 147.9
Startup window (0-2 min): 54 deaths, 95 combats (27 deaths/min)
Steady state (after 2 min): 786 deaths, 1384 combats (98.2 deaths/min, 173.0 combats/min)
Rank distribution (alive):
  Rookie: 632
  Trainee: 11
  Experienced: 7
  Professional: 3
  Veteran: 16
  Expert: 1
Top survivors by kills:
  Oleksiy Volkov 'Crow' (Expert) K=7 XP=1305
  Vasyl Petrov 'Raven' (Veteran) K=5 XP=990
  Alexei Ivanov 'Crow' (Rookie) K=5 XP=130
  Ivan Petrov 'Spark' (Trainee) K=5 XP=250
  Damir Popov 'Mole' (Trainee) K=5 XP=250
===================================================

========== SIMULATION DEBUG FINAL REPORT ==========
Real runtime: 10.0 min | Game time: D0 00:10 | TimeFactor=5.0
Population: stalkers 670 alive (peak 1442, min 175) | mutants 367 alive
Initial spawn: 6 stalkers, 0 mutants
Trickle respawn: +10 stalkers, +6 mutants (10 batches)
Combat encounters: 1479 total
  vs mutant: W=639 L=537 | mutants killed=639
  vs stalker: W=152 L=151
Stalker casualties: 840 total
  gunfire=303 mutant=537 emission=0 betrayal=0 zombified=0
Mutant emission deaths: 0
Rank promotions: 23 | Corpses reported: 911 | Despawned: 2
Gear loot events: 110 (222 items) | Trader gear buys: 0 (0 items)
Missions: accepted=1036 completed=411
GAMMA gear (alive): outfits=391 helmets=565 avgGold=899 RU
GOAP tasks completed: 1447 | Goals achieved: 1447
GOAP replans (1Hz): 90823
Emission storms: 0 | Last phase: Dormant
KillTracker total: 1479
Deaths per real minute (overall): 84.0
Combats per real minute (overall): 147.9
Startup window (0-2 min): 54 deaths, 95 combats (27 deaths/min)
Steady state (after 2 min): 786 deaths, 1384 combats (98.2 deaths/min, 173.0 combats/min)
Rank distribution (alive):
  Rookie: 632
  Trainee: 11
  Experienced: 7
  Professional: 3
  Veteran: 16
  Expert: 1
Top survivors by kills:
  Oleksiy Volkov 'Crow' (Expert) K=7 XP=1305
  Vasyl Petrov 'Raven' (Veteran) K=5 XP=990
  Alexei Ivanov 'Crow' (Rookie) K=5 XP=130
  Ivan Petrov 'Spark' (Trainee) K=5 XP=250
  Damir Popov 'Mole' (Trainee) K=5 XP=250
===================================================

