[WebVisualizerServer] WebSocket server started on ws://localhost:8080/
[World] 759 building footprints registered (pathfinding blockers + interiors)
[Economy] 28 macro traders online; 28 bases posting missions
[Time] TimeFactor=3.0x (override via STALKER_TIME_FACTOR)
[Population] Staggered inbound: 1494 stalkers + 1000 mutants over 12 real min (~2.1 stalkers/sec)
[09:00:25] [INIT] Debug logging enabled → logs/sim_20260819_090025.log
[09:00:25] [INIT] Snapshot interval=30s
[09:00:25] [INIT] Initial population: 6 stalkers, 0 mutants (not counted as trickle spawns)
[Debug] Seed at t=0: 6 faction leaders; inbound 1494 stalkers + 1000 mutants over 12 min
[Simulation] ZoneDirector loop started (10 Hz / 1 Hz / 0.1 Hz)
[09:00:25] [MISSION] Lukash accepted ScoutPoi @ Army Warehouses (168 RU)
[09:00:25] [TASK] Lukash → AcceptMission [ScoutPoi] (goal=AcceptMission)
[09:00:25] [GOAL] Lukash achieved AcceptMission
[09:00:25] [MISSION] Professor accepted ScoutPoi @ Yantar (160 RU)
[09:00:25] [TASK] Professor → AcceptMission [ScoutPoi] (goal=AcceptMission)
[09:00:25] [GOAL] Professor achieved AcceptMission
[09:00:25] [MISSION] Barkeep accepted ScoutPoi @ Rostok (160 RU)
[09:00:25] [TASK] Barkeep → AcceptMission [ScoutPoi] (goal=AcceptMission)
[09:00:25] [GOAL] Barkeep achieved AcceptMission
[09:00:25] [MISSION] Cold accepted ScoutPoi @ Great Swamps (160 RU)
[09:00:25] [TASK] Cold → AcceptMission [ScoutPoi] (goal=AcceptMission)
[09:00:25] [GOAL] Cold achieved AcceptMission
[09:00:25] [MISSION] Sidorovich accepted ScoutPoi @ Cordon (160 RU)
[09:00:25] [TASK] Sidorovich → AcceptMission [ScoutPoi] (goal=AcceptMission)
[09:00:25] [GOAL] Sidorovich achieved AcceptMission
info: Microsoft.Hosting.Lifetime[14]
      Now listening on: http://localhost:5050
info: Microsoft.Hosting.Lifetime[0]
      Application started. Press Ctrl+C to shut down.
info: Microsoft.Hosting.Lifetime[0]
      Hosting environment: Production
info: Microsoft.Hosting.Lifetime[0]
      Content root path: /home/alvaromendes/Documents/project01
[09:00:27] [INBOUND] Initial +2 stalkers, +1 mutants (remaining S=1492 M=999)
[09:00:27] [MISSION] Pavel accepted ScoutPoi @ Yantar (160 RU)
[09:00:27] [TASK] Pavel → AcceptMission [ScoutPoi] (goal=AcceptMission)
[09:00:27] [GOAL] Pavel achieved AcceptMission
[09:00:28] [INBOUND] Initial +2 stalkers, +1 mutants (remaining S=1490 M=998)
[09:00:28] [MISSION] Taras accepted ScoutPoi @ Rostok (160 RU)
[09:00:28] [TASK] Taras → AcceptMission [ScoutPoi] (goal=AcceptMission)
[09:00:28] [GOAL] Taras achieved AcceptMission
[09:00:29] [INBOUND] Initial +2 stalkers, +2 mutants (remaining S=1488 M=996)
[09:00:29] [MISSION] Taras accepted ScoutPoi @ Jupiter (Pripyat Industrial) (196 RU)
[09:00:29] [TASK] Taras → AcceptMission [ScoutPoi] (goal=AcceptMission)
[09:00:29] [GOAL] Taras achieved AcceptMission
[09:00:30] [INBOUND] Initial +2 stalkers, +1 mutants (remaining S=1486 M=995)
[09:00:31] [MISSION] Vasyl accepted ScoutPoi @ Jupiter (Pripyat Industrial) (196 RU)
[09:00:31] [TASK] Vasyl → AcceptMission [ScoutPoi] (goal=AcceptMission)
[09:00:31] [GOAL] Vasyl achieved AcceptMission
[09:00:32] [INBOUND] Initial +2 stalkers, +1 mutants (remaining S=1484 M=994)
[09:00:32] [MISSION] Bakhyt accepted ScoutPoi @ Truck Cemetery (200 RU)
[09:00:32] [TASK] Bakhyt → AcceptMission [ScoutPoi] (goal=AcceptMission)
[09:00:32] [GOAL] Bakhyt achieved AcceptMission
[09:00:32] [MISSION] Mikhail accepted ScoutPoi @ Agroprom (164 RU)
[09:00:32] [TASK] Mikhail → AcceptMission [ScoutPoi] (goal=AcceptMission)
[09:00:32] [GOAL] Mikhail achieved AcceptMission
[09:00:33] [INBOUND] Initial +2 stalkers, +2 mutants (remaining S=1482 M=992)
[09:00:33] [MISSION] Taras accepted ScoutPoi @ Pripyat (196 RU)
[09:00:33] [TASK] Taras → AcceptMission [ScoutPoi] (goal=AcceptMission)
[09:00:33] [GOAL] Taras achieved AcceptMission
[09:00:34] [INBOUND] Initial +2 stalkers, +1 mutants (remaining S=1480 M=991)
[09:00:34] [MISSION] Pierre accepted ScoutPoi @ Duga Radar (176 RU)
[09:00:34] [TASK] Pierre → AcceptMission [ScoutPoi] (goal=AcceptMission)
[09:00:34] [GOAL] Pierre achieved AcceptMission
[09:00:35] [INBOUND] Initial +2 stalkers, +2 mutants (remaining S=1478 M=989)
[09:00:36] [INBOUND] Initial +2 stalkers, +1 mutants (remaining S=1476 M=988)
[09:00:36] [MISSION] Ivan accepted ScoutPoi @ Kopachi (190 RU)
[09:00:36] [TASK] Ivan → AcceptMission [ScoutPoi] (goal=AcceptMission)
[09:00:36] [GOAL] Ivan achieved AcceptMission
[09:00:37] [INBOUND] Initial +2 stalkers, +1 mutants (remaining S=1474 M=987)
[09:00:38] [INBOUND] Initial +2 stalkers, +2 mutants (remaining S=1472 M=985)
[09:00:38] [MISSION] Oleg accepted ScoutPoi @ Deserted Hospital (200 RU)
[09:00:38] [TASK] Oleg → AcceptMission [ScoutPoi] (goal=AcceptMission)
[09:00:38] [GOAL] Oleg achieved AcceptMission
[09:00:39] [INBOUND] Initial +2 stalkers, +1 mutants (remaining S=1470 M=984)
[09:00:39] [MISSION] Vasyl accepted ScoutPoi @ Yantar (160 RU)
[09:00:39] [TASK] Vasyl → AcceptMission [ScoutPoi] (goal=AcceptMission)
[09:00:39] [GOAL] Vasyl achieved AcceptMission
[09:00:40] [INBOUND] Initial +2 stalkers, +2 mutants (remaining S=1468 M=982)
[09:00:40] [MISSION] Connor accepted ScoutPoi @ Truck Cemetery (200 RU)
[09:00:40] [TASK] Connor → AcceptMission [ScoutPoi] (goal=AcceptMission)
[09:00:40] [GOAL] Connor achieved AcceptMission
[09:00:40] [TASK] Andriy → TradeRun [poi_macro_6] (goal=VisitTrader)
[09:00:40] [GOAL] Andriy achieved VisitTrader
[09:00:41] [MISSION] Andriy accepted ScoutPoi @ Garbage (160 RU)
[09:00:41] [TASK] Andriy → AcceptMission [ScoutPoi] (goal=AcceptMission)
[09:00:41] [GOAL] Andriy achieved AcceptMission
[09:00:41] [INBOUND] Initial +3 stalkers, +1 mutants (remaining S=1465 M=981)
[09:00:42] [INBOUND] Initial +2 stalkers, +1 mutants (remaining S=1463 M=980)
[09:00:42] [MISSION] Nikolai accepted ScoutPoi @ Rostok (160 RU)
[09:00:42] [TASK] Nikolai → AcceptMission [ScoutPoi] (goal=AcceptMission)
[09:00:42] [GOAL] Nikolai achieved AcceptMission
[09:00:44] [INBOUND] Initial +2 stalkers, +2 mutants (remaining S=1461 M=978)
[09:00:44] [MISSION] Nodar accepted ScoutPoi @ Zalissya (160 RU)
[09:00:44] [TASK] Nodar → AcceptMission [ScoutPoi] (goal=AcceptMission)
[09:00:44] [GOAL] Nodar achieved AcceptMission
[09:00:45] [INBOUND] Initial +2 stalkers, +1 mutants (remaining S=1459 M=977)
[09:00:45] [MISSION] Dmytro accepted ScoutPoi @ Chernobyl Town (160 RU)
[09:00:45] [TASK] Dmytro → AcceptMission [ScoutPoi] (goal=AcceptMission)
[09:00:45] [GOAL] Dmytro achieved AcceptMission
[09:00:46] [INBOUND] Initial +2 stalkers, +1 mutants (remaining S=1457 M=976)
[09:00:47] [INBOUND] Initial +2 stalkers, +2 mutants (remaining S=1455 M=974)
[09:00:47] [COMBAT] Alexei Sokolov 'Spark' killed Chimera using wpn_ak74
[09:00:48] [INBOUND] Initial +2 stalkers, +1 mutants (remaining S=1453 M=973)
[09:00:48] [MISSION] Oleg accepted ScoutPoi @ Wild Territory (176 RU)
[09:00:48] [TASK] Oleg → AcceptMission [ScoutPoi] (goal=AcceptMission)
[09:00:48] [GOAL] Oleg achieved AcceptMission
[09:00:50] [INBOUND] Initial +2 stalkers, +2 mutants (remaining S=1451 M=971)
[09:00:50] [MISSION] Viktor accepted ScoutPoi @ Wild Territory (176 RU)
[09:00:50] [TASK] Viktor → AcceptMission [ScoutPoi] (goal=AcceptMission)
[09:00:50] [GOAL] Viktor achieved AcceptMission
[09:00:51] [INBOUND] Initial +2 stalkers, +1 mutants (remaining S=1449 M=970)
[09:00:52] [INBOUND] Initial +2 stalkers, +1 mutants (remaining S=1447 M=969)
[09:00:52] [MISSION] Yuriy accepted ScoutPoi @ Army Warehouses (168 RU)
[09:00:52] [TASK] Yuriy → AcceptMission [ScoutPoi] (goal=AcceptMission)
[09:00:52] [GOAL] Yuriy achieved AcceptMission
[09:00:53] [INBOUND] Initial +2 stalkers, +2 mutants (remaining S=1445 M=967)
[09:00:53] [MISSION] Dmytro accepted ScoutPoi @ Meadow (160 RU)
[09:00:53] [TASK] Dmytro → AcceptMission [ScoutPoi] (goal=AcceptMission)
[09:00:53] [GOAL] Dmytro achieved AcceptMission
[09:00:54] [TASK] Igor → TradeRun [poi_macro_8] (goal=VisitTrader)
[09:00:54] [GOAL] Igor achieved VisitTrader
[09:00:54] [MISSION] Igor accepted ScoutPoi @ Zalissya (160 RU)
[09:00:54] [TASK] Igor → AcceptMission [ScoutPoi] (goal=AcceptMission)
[09:00:54] [GOAL] Igor achieved AcceptMission
[09:00:54] [INBOUND] Initial +2 stalkers, +1 mutants (remaining S=1443 M=966)
[09:00:54] [MISSION] Nikolai accepted ScoutPoi @ Red Forest (160 RU)
[09:00:54] [TASK] Nikolai → AcceptMission [ScoutPoi] (goal=AcceptMission)
[09:00:54] [GOAL] Nikolai achieved AcceptMission
[09:00:56] [INBOUND] Initial +2 stalkers, +2 mutants (remaining S=1441 M=964)
[09:00:56] [SNAPSHOT] real=0.5min game=D0 00:01 alive S=58 M=35 corpses=72 lootable=1 gammaGear out=26 helm=53 avgRU=850 leaderGoals trade=0 mission=20 emission=Dormant nextIn=118gmin desperate=0 hungry=0 interval deaths=1 combats=2 tasks=29 gearLoot=0 gearBuy=0 missions=27 corpseDespawn=0 trickleSpawns=0 ranks=[Rookie:58] goals=[CompleteMission::19,Idle:9,AcceptMission::1] leaders: Bohdan[Rookie/AcceptMission:], Nikolai[Rookie/CompleteMission:], Dmytro[Rookie/CompleteMission:], Yuriy[Rookie/CompleteMission:], Igor[Rookie/Idle]
[09:00:56] [MISSION] Bohdan accepted ScoutPoi @ Yantar (160 RU)
[09:00:56] [TASK] Bohdan → AcceptMission [ScoutPoi] (goal=AcceptMission)
[09:00:56] [GOAL] Bohdan achieved AcceptMission
[09:00:57] [INBOUND] Initial +3 stalkers, +1 mutants (remaining S=1438 M=963)
[09:00:57] [MISSION] Yuriy accepted ScoutPoi @ Kopachi (190 RU)
[09:00:57] [TASK] Yuriy → AcceptMission [ScoutPoi] (goal=AcceptMission)
[09:00:57] [GOAL] Yuriy achieved AcceptMission
[09:00:58] [INBOUND] Initial +2 stalkers, +1 mutants (remaining S=1436 M=962)
[09:00:58] [MISSION] Nikolai accepted ScoutPoi @ Cordon (160 RU)
[09:00:58] [TASK] Nikolai → AcceptMission [ScoutPoi] (goal=AcceptMission)
[09:00:58] [GOAL] Nikolai achieved AcceptMission
[09:01:00] [INBOUND] Initial +2 stalkers, +2 mutants (remaining S=1434 M=960)
[09:01:00] [MISSION] Bohdan accepted ScoutPoi @ Kopachi (190 RU)
[09:01:00] [TASK] Bohdan → AcceptMission [ScoutPoi] (goal=AcceptMission)
[09:01:00] [GOAL] Bohdan achieved AcceptMission
[09:01:00] [COMBAT] Andriy Ivanov 'Ash' killed Fracture using wpn_ak74
[09:01:01] [INBOUND] Initial +2 stalkers, +1 mutants (remaining S=1432 M=959)
[09:01:02] [INBOUND] Initial +2 stalkers, +2 mutants (remaining S=1430 M=957)
[09:01:02] [MISSION] Nikolai accepted ScoutPoi @ Zalissya (160 RU)
[09:01:02] [TASK] Nikolai → AcceptMission [ScoutPoi] (goal=AcceptMission)
[09:01:02] [GOAL] Nikolai achieved AcceptMission
[09:01:02] [COMBAT] Connor Kovalenko 'Raven' killed Snork using wpn_fn2000
[09:01:03] [INBOUND] Initial +2 stalkers, +1 mutants (remaining S=1428 M=956)
[09:01:03] [MISSION] Yuriy accepted ScoutPoi @ Zalissya (160 RU)
[09:01:03] [TASK] Yuriy → AcceptMission [ScoutPoi] (goal=AcceptMission)
[09:01:03] [GOAL] Yuriy achieved AcceptMission
[09:01:05] [INBOUND] Initial +2 stalkers, +1 mutants (remaining S=1426 M=955)
[09:01:05] [MISSION] Igor accepted ScoutPoi @ Rostok (160 RU)
[09:01:05] [TASK] Igor → AcceptMission [ScoutPoi] (goal=AcceptMission)
[09:01:05] [GOAL] Igor achieved AcceptMission
[09:01:06] [INBOUND] Initial +2 stalkers, +2 mutants (remaining S=1424 M=953)
[09:01:07] [INBOUND] Initial +2 stalkers, +1 mutants (remaining S=1422 M=952)
[09:01:08] [INBOUND] Initial +2 stalkers, +1 mutants (remaining S=1420 M=951)
[09:01:08] [MISSION] Nikolai accepted ScoutPoi @ Army Warehouses (168 RU)
[09:01:08] [TASK] Nikolai → AcceptMission [ScoutPoi] (goal=AcceptMission)
[09:01:08] [GOAL] Nikolai achieved AcceptMission
[09:01:09] [INBOUND] Initial +2 stalkers, +2 mutants (remaining S=1418 M=949)
[09:01:09] [MISSION] Yuriy accepted ScoutPoi @ Army Warehouses (168 RU)
[09:01:09] [TASK] Yuriy → AcceptMission [ScoutPoi] (goal=AcceptMission)
[09:01:09] [GOAL] Yuriy achieved AcceptMission
[09:01:09] [MISSION] Serhiy accepted ScoutPoi @ Pripyat (196 RU)
[09:01:09] [TASK] Serhiy → AcceptMission [ScoutPoi] (goal=AcceptMission)
[09:01:09] [GOAL] Serhiy achieved AcceptMission
[09:01:10] [MISSION] Karl accepted ScoutPoi @ Wild Territory (176 RU)
[09:01:10] [TASK] Karl → AcceptMission [ScoutPoi] (goal=AcceptMission)
[09:01:10] [GOAL] Karl achieved AcceptMission
[09:01:11] [INBOUND] Initial +2 stalkers, +1 mutants (remaining S=1416 M=948)
[09:01:12] [COMBAT] Alexei Sokolov 'Spark' killed Mykola Bondarenko 'Mole' using wpn_ak74
[09:01:12] [GEAR] Alexei looted [wpn_fn2000, wpn_fort12, out_monolith_proto_exo_outfit, helm_helm_tactic] via combat
[09:01:12] [INBOUND] Initial +2 stalkers, +2 mutants (remaining S=1414 M=946)
[09:01:12] [MISSION] Oleksiy accepted ScoutPoi @ Great Swamps (160 RU)
[09:01:12] [TASK] Oleksiy → AcceptMission [ScoutPoi] (goal=AcceptMission)
[09:01:12] [GOAL] Oleksiy achieved AcceptMission
[09:01:13] [INBOUND] Initial +3 stalkers, +1 mutants (remaining S=1411 M=945)
[09:01:13] [MISSION] Pavel accepted ScoutPoi @ Garbage (160 RU)
[09:01:13] [TASK] Pavel → AcceptMission [ScoutPoi] (goal=AcceptMission)
[09:01:13] [GOAL] Pavel achieved AcceptMission
[09:01:14] [INBOUND] Initial +2 stalkers, +1 mutants (remaining S=1409 M=944)
[09:01:14] [MISSION] Mykola accepted ScoutPoi @ Red Forest (160 RU)
[09:01:14] [TASK] Mykola → AcceptMission [ScoutPoi] (goal=AcceptMission)
[09:01:14] [GOAL] Mykola achieved AcceptMission
[09:01:16] [INBOUND] Initial +2 stalkers, +2 mutants (remaining S=1407 M=942)
[09:01:16] [MISSION] Viktor accepted ScoutPoi @ Deserted Hospital (200 RU)
[09:01:16] [TASK] Viktor → AcceptMission [ScoutPoi] (goal=AcceptMission)
[09:01:16] [GOAL] Viktor achieved AcceptMission
[09:01:17] [INBOUND] Initial +2 stalkers, +1 mutants (remaining S=1405 M=941)
[09:01:17] [MISSION] Igor accepted ScoutPoi @ Yantar (160 RU)
[09:01:17] [TASK] Igor → AcceptMission [ScoutPoi] (goal=AcceptMission)
[09:01:17] [GOAL] Igor achieved AcceptMission
[09:01:18] [COMBAT] Vasyl Shevchenko 'Badger' killed Pavel Sokolov 'Badger' using wpn_pm
[09:01:18] [GEAR] Vasyl looted [wpn_fn2000, wpn_mp5, out_exolight_outfit, helm_helm_tactic] via combat
[09:01:18] [COMBAT] Pavel Bondarenko 'Raven' killed Flesh using wpn_mp5
[09:01:18] [MISSION] Sergei accepted ScoutPoi @ Kopachi (190 RU)
[09:01:18] [TASK] Sergei → AcceptMission [ScoutPoi] (goal=AcceptMission)
[09:01:18] [GOAL] Sergei achieved AcceptMission
[09:01:18] [INBOUND] Initial +2 stalkers, +2 mutants (remaining S=1403 M=939)
[09:01:18] [MISSION] Viktor accepted ScoutPoi @ Great Swamps (160 RU)
[09:01:18] [TASK] Viktor → AcceptMission [ScoutPoi] (goal=AcceptMission)
[09:01:18] [GOAL] Viktor achieved AcceptMission
[09:01:19] [COMBAT] Dmytro Sokolov 'Jackal' killed Nodar Bondarenko 'Viper' using wpn_ak74
[09:01:19] [GEAR] Dmytro looted [helm_bandana] via combat
[09:01:20] [INBOUND] Initial +2 stalkers, +1 mutants (remaining S=1401 M=938)
[09:01:20] [MISSION] Mikhail accepted ScoutPoi @ Wild Territory (176 RU)
[09:01:20] [TASK] Mikhail → AcceptMission [ScoutPoi] (goal=AcceptMission)
[09:01:20] [GOAL] Mikhail achieved AcceptMission
[09:01:21] [COMBAT] Vasyl Shevchenko 'Bullet' killed Pseudogiant using wpn_fn2000
[09:01:21] [INBOUND] Initial +2 stalkers, +1 mutants (remaining S=1399 M=937)
[09:01:21] [MISSION] Yuriy accepted ScoutPoi @ Pripyat (196 RU)
[09:01:21] [TASK] Yuriy → AcceptMission [ScoutPoi] (goal=AcceptMission)
[09:01:21] [GOAL] Yuriy achieved AcceptMission
[09:01:22] [INBOUND] Initial +2 stalkers, +2 mutants (remaining S=1397 M=935)
[09:01:22] [MISSION] Dmitri accepted ScoutPoi @ Zalissya (160 RU)
[09:01:22] [TASK] Dmitri → AcceptMission [ScoutPoi] (goal=AcceptMission)
[09:01:22] [GOAL] Dmitri achieved AcceptMission
[09:01:24] [INBOUND] Initial +2 stalkers, +1 mutants (remaining S=1395 M=934)
[09:01:24] [COMBAT] Mykola Shevchenko 'Raven' killed Pavel Ivanov 'Fox' using wpn_pm
[09:01:24] [GEAR] Mykola looted [wpn_fn2000, helm_helm_protective] via combat
[09:01:25] [INBOUND] Initial +2 stalkers, +2 mutants (remaining S=1393 M=932)
[09:01:26] [INBOUND] Initial +2 stalkers, +1 mutants (remaining S=1391 M=931)
[09:01:26] [SNAPSHOT] real=1.0min game=D0 00:02 alive S=93 M=64 corpses=91 lootable=14 gammaGear out=52 helm=79 avgRU=850 leaderGoals trade=1 mission=33 emission=Dormant nextIn=116gmin desperate=0 hungry=0 interval deaths=15 combats=19 tasks=21 gearLoot=4 gearBuy=0 missions=21 corpseDespawn=0 trickleSpawns=0 ranks=[Rookie:93] goals=[CompleteMission::33,Idle:14,VisitTrader::1] leaders: Serhiy[Rookie/Idle], Nikolai[Rookie/Idle], Dmitri[Rookie/VisitTrader:], Dmitri[Rookie/CompleteMission:], Bohdan[Rookie/Idle]
[09:01:26] [COMBAT] Lukash killed Rat using wpn_aksu
[09:01:27] [COMBAT] Taras Bondarenko 'Shadow' killed Yuriy Sokolov 'Fox' using wpn_mp5
[09:01:27] [GEAR] Taras looted [arm_freedom, helm_helm_m40] via combat
[09:01:27] [INBOUND] Initial +2 stalkers, +1 mutants (remaining S=1389 M=930)
[09:01:27] [MISSION] Jake accepted ScoutPoi @ Yantar (160 RU)
[09:01:27] [TASK] Jake → AcceptMission [ScoutPoi] (goal=AcceptMission)
[09:01:27] [GOAL] Jake achieved AcceptMission
[09:01:28] [TASK] Dmitri → TradeRun [poi_macro_1] (goal=VisitTrader)
[09:01:28] [TRADE] Dmitri bought [helm_bandana] @ South
[09:01:28] [GOAL] Dmitri achieved VisitTrader
[09:01:28] [MISSION] Dmitri accepted ScoutPoi @ Meadow (160 RU)
[09:01:28] [TASK] Dmitri → AcceptMission [ScoutPoi] (goal=AcceptMission)
[09:01:28] [GOAL] Dmitri achieved AcceptMission
[09:01:29] [INBOUND] Initial +2 stalkers, +2 mutants (remaining S=1387 M=928)
[09:01:30] [INBOUND] Initial +2 stalkers, +1 mutants (remaining S=1385 M=927)
[09:01:30] [MISSION] Alexei accepted ScoutPoi @ Yantar (160 RU)
[09:01:30] [TASK] Alexei → AcceptMission [ScoutPoi] (goal=AcceptMission)
[09:01:30] [GOAL] Alexei achieved AcceptMission
[09:01:30] [COMBAT] Beard killed Oleksiy Bondarenko 'Jackal' using wpn_aksu
[09:01:31] [INBOUND] Initial +3 stalkers, +1 mutants (remaining S=1382 M=926)
[09:01:31] [MISSION] Mykola accepted ScoutPoi @ Truck Cemetery (200 RU)
[09:01:31] [TASK] Mykola → AcceptMission [ScoutPoi] (goal=AcceptMission)
[09:01:31] [GOAL] Mykola achieved AcceptMission
[09:01:31] [MISSION] Serhiy accepted ScoutPoi @ Buriakivka Waste Site (236 RU)
[09:01:31] [TASK] Serhiy → AcceptMission [ScoutPoi] (goal=AcceptMission)
[09:01:31] [GOAL] Serhiy achieved AcceptMission
[09:01:32] [MISSION] Frank accepted ScoutPoi @ Zalissya (160 RU)
[09:01:32] [TASK] Frank → AcceptMission [ScoutPoi] (goal=AcceptMission)
[09:01:32] [GOAL] Frank achieved AcceptMission
[09:01:33] [INBOUND] Initial +2 stalkers, +2 mutants (remaining S=1380 M=924)
[09:01:33] [MISSION] Mykola accepted ScoutPoi @ Army Warehouses (168 RU)
[09:01:33] [TASK] Mykola → AcceptMission [ScoutPoi] (goal=AcceptMission)
[09:01:33] [GOAL] Mykola achieved AcceptMission
[09:01:33] [COMBAT] Mykola Volkov 'Mole' killed Taras Ivanov 'Crow' using wpn_ak74
[09:01:33] [GEAR] Mykola looted [wpn_fort12, out_scientific_outfit, helm_helm_ach7ex] via combat
[09:01:34] [INBOUND] Initial +2 stalkers, +1 mutants (remaining S=1378 M=923)
[09:01:35] [MISSION] Lasha accepted ScoutPoi @ Yantar (160 RU)
[09:01:35] [TASK] Lasha → AcceptMission [ScoutPoi] (goal=AcceptMission)
[09:01:35] [GOAL] Lasha achieved AcceptMission
[09:01:36] [INBOUND] Initial +2 stalkers, +2 mutants (remaining S=1376 M=921)
[09:01:36] [MISSION] Karl accepted ScoutPoi @ Wild Territory (176 RU)
[09:01:36] [TASK] Karl → AcceptMission [ScoutPoi] (goal=AcceptMission)
[09:01:36] [GOAL] Karl achieved AcceptMission
[09:01:37] [COMBAT] Pierre Shevchenko 'Broken Nose' killed Fracture using wpn_fn2000
[09:01:37] [INBOUND] Initial +2 stalkers, +1 mutants (remaining S=1374 M=920)
[09:01:38] [COMBAT] Dmytro Bondarenko 'Whisper' killed Tushkano using wpn_pm
[09:01:38] [COMBAT] Alexei Sokolov 'Spark' killed Bloodsucker using wpn_fn2000
[09:01:38] [COMBAT] Andriy Volkov 'Phantom' killed Nikolai Sokolov 'Jackal' using wpn_ak74
[09:01:38] [GEAR] Andriy looted [helm_hardhat] via combat
[09:01:39] [INBOUND] Initial +2 stalkers, +1 mutants (remaining S=1372 M=919)
[09:01:39] [MISSION] Andriy accepted ScoutPoi @ Zalissya (160 RU)
[09:01:39] [TASK] Andriy → AcceptMission [ScoutPoi] (goal=AcceptMission)
[09:01:39] [GOAL] Andriy achieved AcceptMission
[09:01:39] [MISSION] Karl accepted ScoutPoi @ Army Warehouses (168 RU)
[09:01:39] [TASK] Karl → AcceptMission [ScoutPoi] (goal=AcceptMission)
[09:01:39] [GOAL] Karl achieved AcceptMission
[09:01:40] [COMBAT] Nikolai Melnyk 'Ghost' killed Chimera using wpn_ak74
[09:01:40] [INBOUND] Initial +2 stalkers, +2 mutants (remaining S=1370 M=917)
[09:01:40] [COMBAT] Andrei Ivanov 'Jackal' killed PsyDog using wpn_fn2000
[09:01:41] [COMBAT] Nikolai Volkov 'Wolf' killed Mykola Popov 'Scar' using wpn_ak74
[09:01:41] [INBOUND] Initial +2 stalkers, +1 mutants (remaining S=1368 M=916)
[09:01:42] [COMBAT] Yuriy Sokolov 'Stitch' killed Poltergeist using wpn_ak74
[09:01:43] [INBOUND] Initial +2 stalkers, +2 mutants (remaining S=1366 M=914)
[09:01:43] [COMBAT] Viktor Kovalenko 'Stitch' killed Bloodsucker using wpn_fn2000
[09:01:44] [INBOUND] Initial +2 stalkers, +1 mutants (remaining S=1364 M=913)
[09:01:44] [MISSION] Dmytro accepted ScoutPoi @ Jupiter (Pripyat Industrial) (196 RU)
[09:01:44] [TASK] Dmytro → AcceptMission [ScoutPoi] (goal=AcceptMission)
[09:01:44] [GOAL] Dmytro achieved AcceptMission
[09:01:45] [COMBAT] Frank Bondarenko 'Stitch' killed Snork using wpn_pm
[09:01:45] [INBOUND] Initial +2 stalkers, +1 mutants (remaining S=1362 M=912)
[09:01:45] [COMBAT] Dmitri Petrov 'Ghost' killed Yuriy Volkov 'Fox' using wpn_pm
[09:01:45] [GEAR] Dmitri looted [wpn_ak74, out_cs_stalker_outfit] via combat
[09:01:46] [INBOUND] Initial +2 stalkers, +2 mutants (remaining S=1360 M=910)
[09:01:46] [MISSION] Pavel accepted ScoutPoi @ Rostok (160 RU)
[09:01:46] [TASK] Pavel → AcceptMission [ScoutPoi] (goal=AcceptMission)
[09:01:46] [GOAL] Pavel achieved AcceptMission
[09:01:47] [COMBAT] Serhiy Bondarenko 'Viper' killed Bloodsucker using wpn_pm
[09:01:48] [INBOUND] Initial +2 stalkers, +1 mutants (remaining S=1358 M=909)
[09:01:49] [INBOUND] Initial +3 stalkers, +2 mutants (remaining S=1355 M=907)
[09:01:49] [MISSION] Pavel accepted ScoutPoi @ Army Warehouses (168 RU)
[09:01:49] [TASK] Pavel → AcceptMission [ScoutPoi] (goal=AcceptMission)
[09:01:49] [GOAL] Pavel achieved AcceptMission
[09:01:49] [MISSION] Mykola accepted ScoutPoi @ Truck Cemetery (200 RU)
[09:01:49] [TASK] Mykola → AcceptMission [ScoutPoi] (goal=AcceptMission)
[09:01:49] [GOAL] Mykola achieved AcceptMission
[09:01:50] [COMBAT] Ivan Kovalenko 'Razor' killed Rat using wpn_ak74
[09:01:50] [COMBAT] Viktor Ivanov 'Phantom' killed Andriy Melnyk 'Stitch' using wpn_spas12
[09:01:50] [GEAR] Viktor looted [wpn_aksu, wpn_fort12] via combat
[09:01:50] [INBOUND] Initial +2 stalkers, +1 mutants (remaining S=1353 M=906)
[09:01:52] [INBOUND] Initial +2 stalkers, +1 mutants (remaining S=1351 M=905)
[09:01:53] [INBOUND] Initial +2 stalkers, +2 mutants (remaining S=1349 M=903)
[09:01:53] [COMBAT] Oleksiy Melnyk 'Ghost' killed Burer using wpn_fn2000
[09:01:53] [MISSION] Dmytro accepted ScoutPoi @ Truck Cemetery (200 RU)
[09:01:53] [TASK] Dmytro → AcceptMission [ScoutPoi] (goal=AcceptMission)
[09:01:53] [GOAL] Dmytro achieved AcceptMission
[09:01:54] [COMBAT] Dmytro Kovalenko 'Razor' killed Snork using wpn_ak74
[09:01:54] [INBOUND] Initial +2 stalkers, +1 mutants (remaining S=1347 M=902)
[09:01:54] [MISSION] Oleg accepted ScoutPoi @ Chernobyl Town (160 RU)
[09:01:54] [TASK] Oleg → AcceptMission [ScoutPoi] (goal=AcceptMission)
[09:01:54] [GOAL] Oleg achieved AcceptMission
[09:01:55] [COMBAT] Alexei Sokolov 'Spark' killed Burer using wpn_fn2000
[09:01:55] [MISSION] Alexei accepted ScoutPoi @ Army Warehouses (168 RU)
[09:01:55] [TASK] Alexei → AcceptMission [ScoutPoi] (goal=AcceptMission)
[09:01:55] [GOAL] Alexei achieved AcceptMission
[09:01:56] [INBOUND] Initial +2 stalkers, +1 mutants (remaining S=1345 M=901)
[09:01:56] [MISSION] Sergei accepted ScoutPoi @ Truck Cemetery (200 RU)
[09:01:56] [TASK] Sergei → AcceptMission [ScoutPoi] (goal=AcceptMission)
[09:01:56] [GOAL] Sergei achieved AcceptMission
[09:01:57] [INBOUND] Initial +2 stalkers, +2 mutants (remaining S=1343 M=899)
[09:01:57] [SNAPSHOT] real=1.5min game=D0 00:03 alive S=114 M=82 corpses=132 lootable=40 gammaGear out=64 helm=99 avgRU=849 leaderGoals trade=0 mission=40 emission=Dormant nextIn=115gmin desperate=0 hungry=0 interval deaths=27 combats=41 tasks=20 gearLoot=5 gearBuy=1 missions=19 corpseDespawn=0 trickleSpawns=0 ranks=[Rookie:114] goals=[CompleteMission::39,Idle:21,AcceptMission::1] leaders: Lasha[Rookie/CompleteMission:], Mykola[Rookie/CompleteMission:], Serhiy[Rookie/CompleteMission:], Ivan[Rookie/Idle], Alexei[Rookie/CompleteMission:]
[09:01:57] [MISSION] Sergei accepted ScoutPoi @ Jupiter (Pripyat Industrial) (196 RU)
[09:01:57] [TASK] Sergei → AcceptMission [ScoutPoi] (goal=AcceptMission)
[09:01:57] [GOAL] Sergei achieved AcceptMission
[09:01:58] [COMBAT] Dmytro Sokolov 'Jackal' killed Tushkano using wpn_ak74
[09:01:58] [COMBAT] Heinrich Petrenko 'Razor' killed Fracture using wpn_svd
[09:01:58] [INBOUND] Initial +2 stalkers, +1 mutants (remaining S=1341 M=898)
[09:02:00] [INBOUND] Initial +2 stalkers, +2 mutants (remaining S=1339 M=896)
[09:02:00] [MISSION] Dmytro accepted ScoutPoi @ Truck Cemetery (200 RU)
[09:02:00] [TASK] Dmytro → AcceptMission [ScoutPoi] (goal=AcceptMission)
[09:02:00] [GOAL] Dmytro achieved AcceptMission
[09:02:00] [COMBAT] Bohdan Bondarenko 'Fox' killed Burer using wpn_mp5
[09:02:01] [INBOUND] Initial +2 stalkers, +1 mutants (remaining S=1337 M=895)
[09:02:01] [MISSION] Bohdan accepted ScoutPoi @ Deserted Hospital (200 RU)
[09:02:01] [TASK] Bohdan → AcceptMission [ScoutPoi] (goal=AcceptMission)
[09:02:01] [GOAL] Bohdan achieved AcceptMission
[09:02:02] [COMBAT] Yuriy Sokolov 'Stitch' killed Serhiy Petrov 'Bullet' using wpn_ak74
[09:02:02] [GEAR] Yuriy looted [wpn_fn2000, wpn_mp5, out_scientific_outfit, helm_gas] via combat
[09:02:02] [INBOUND] Initial +2 stalkers, +1 mutants (remaining S=1335 M=894)
[09:02:02] [MISSION] Mikhail accepted ScoutPoi @ Meadow (160 RU)
[09:02:02] [TASK] Mikhail → AcceptMission [ScoutPoi] (goal=AcceptMission)
[09:02:02] [GOAL] Mikhail achieved AcceptMission
[09:02:03] [COMBAT] Barkeep killed Bakhyt Popov 'Wolf' using wpn_ak74
[09:02:03] [GEAR] Barkeep looted [wpn_aksu] via combat
[09:02:03] [COMBAT] Bohdan Ivanov 'Phantom' killed Bohdan Petrov 'Ash' using wpn_aksu
[09:02:03] [GEAR] Bohdan looted [wpn_ak74, wpn_sg550, arm_exo, helm_helm_spartan] via combat
[09:02:03] [COMBAT] Igor Melnyk 'Stitch' killed Lurker using wpn_mp5
[09:02:04] [INBOUND] Initial +2 stalkers, +2 mutants (remaining S=1333 M=892)
[09:02:04] [MISSION] Bohdan accepted ScoutPoi @ Limansk (210 RU)
[09:02:04] [TASK] Bohdan → AcceptMission [ScoutPoi] (goal=AcceptMission)
[09:02:04] [GOAL] Bohdan achieved AcceptMission
[09:02:04] [COMBAT] Mykola Shevchenko 'Fox' killed PsyDog using wpn_fn2000
[09:02:04] [COMBAT] Connor Kovalenko 'Raven' killed Fracture using wpn_fn2000
[09:02:05] [COMBAT] Igor Petrenko 'Bullet' killed Pseudodog using wpn_mp5
[09:02:05] [INBOUND] Initial +2 stalkers, +1 mutants (remaining S=1331 M=891)
[09:02:05] [MISSION] Mykola accepted ScoutPoi @ Garbage (160 RU)
[09:02:05] [TASK] Mykola → AcceptMission [ScoutPoi] (goal=AcceptMission)
[09:02:05] [GOAL] Mykola achieved AcceptMission
[09:02:06] [INBOUND] Initial +3 stalkers, +2 mutants (remaining S=1328 M=889)
[09:02:06] [MISSION] Frank accepted ScoutPoi @ Dead City (Chernobyl-2 Settlement) (196 RU)
[09:02:06] [TASK] Frank → AcceptMission [ScoutPoi] (goal=AcceptMission)
[09:02:06] [GOAL] Frank achieved AcceptMission
[09:02:07] [COMBAT] Dmitri Petrov 'Ghost' killed Tobias Sokolov 'Shadow' using wpn_ak74
[09:02:07] [GEAR] Dmitri looted [wpn_aksu, helm_helm_hardhat] via combat
[09:02:08] [INBOUND] Initial +2 stalkers, +1 mutants (remaining S=1326 M=888)
[09:02:08] [MISSION] Taras accepted ScoutPoi @ Rostok (160 RU)
[09:02:08] [TASK] Taras → AcceptMission [ScoutPoi] (goal=AcceptMission)
[09:02:08] [GOAL] Taras achieved AcceptMission
[09:02:09] [INBOUND] Initial +2 stalkers, +1 mutants (remaining S=1324 M=887)
[09:02:09] [COMBAT] Dmytro Shevchenko 'Jackal' killed Lurker using wpn_aksu
[09:02:10] [INBOUND] Initial +2 stalkers, +2 mutants (remaining S=1322 M=885)
[09:02:10] [MISSION] Sergei accepted ScoutPoi @ Zalissya (160 RU)
[09:02:10] [TASK] Sergei → AcceptMission [ScoutPoi] (goal=AcceptMission)
[09:02:10] [GOAL] Sergei achieved AcceptMission
[09:02:12] [INBOUND] Initial +2 stalkers, +1 mutants (remaining S=1320 M=884)
[09:02:13] [INBOUND] Initial +2 stalkers, +2 mutants (remaining S=1318 M=882)
[09:02:13] [MISSION] Oleg accepted ScoutPoi @ Great Swamps (160 RU)
[09:02:13] [TASK] Oleg → AcceptMission [ScoutPoi] (goal=AcceptMission)
[09:02:13] [GOAL] Oleg achieved AcceptMission
[09:02:14] [COMBAT] Mykola Petrov 'Stitch' killed Taras Sokolov 'Fox' using wpn_ak74
[09:02:14] [GEAR] Mykola looted [wpn_mp5, wpn_fort12, out_dolg_scientific_outfit] via combat
[09:02:14] [INBOUND] Initial +2 stalkers, +1 mutants (remaining S=1316 M=881)
[09:02:14] [MISSION] Mikhail accepted ScoutPoi @ Deserted Hospital (200 RU)
[09:02:14] [TASK] Mikhail → AcceptMission [ScoutPoi] (goal=AcceptMission)
[09:02:14] [GOAL] Mikhail achieved AcceptMission
[09:02:15] [COMBAT] Viktor Ivanov 'Phantom' killed Frank Bondarenko 'Stitch' using wpn_aksu
[09:02:15] [GEAR] Viktor looted [out_travel_outfit, helm_helm_respirator] via combat
[09:02:16] [INBOUND] Initial +2 stalkers, +1 mutants (remaining S=1314 M=880)
[09:02:16] [MISSION] Lasha accepted ScoutPoi @ Kopachi (190 RU)
[09:02:16] [TASK] Lasha → AcceptMission [ScoutPoi] (goal=AcceptMission)
[09:02:16] [GOAL] Lasha achieved AcceptMission
[09:02:16] [COMBAT] Ivan Shevchenko 'Phantom' killed Bloodsucker using wpn_ak74
[09:02:17] [INBOUND] Initial +2 stalkers, +2 mutants (remaining S=1312 M=878)
[09:02:17] [MISSION] Bohdan accepted ScoutPoi @ Agroprom (164 RU)
[09:02:17] [TASK] Bohdan → AcceptMission [ScoutPoi] (goal=AcceptMission)
[09:02:17] [GOAL] Bohdan achieved AcceptMission
[09:02:18] [INBOUND] Initial +2 stalkers, +1 mutants (remaining S=1310 M=877)
[09:02:18] [MISSION] Mikhail accepted ScoutPoi @ Cordon (160 RU)
[09:02:18] [TASK] Mikhail → AcceptMission [ScoutPoi] (goal=AcceptMission)
[09:02:18] [GOAL] Mikhail achieved AcceptMission
[09:02:19] [COMBAT] Nikolai Ivanov 'Bullet' killed Dmitri Volkov 'Bullet' using wpn_aksu
[09:02:19] [GEAR] Nikolai looted [wpn_ak74, wpn_fort12, helm_helm_m40] via combat
[09:02:20] [INBOUND] Initial +2 stalkers, +1 mutants (remaining S=1308 M=876)
[09:02:20] [MISSION] Alexei accepted ScoutPoi @ Kopachi (190 RU)
[09:02:20] [TASK] Alexei → AcceptMission [ScoutPoi] (goal=AcceptMission)
[09:02:20] [GOAL] Alexei achieved AcceptMission
[09:02:20] [COMBAT] Pierre Shevchenko 'Broken Nose' killed Bloodsucker using wpn_fn2000
[09:02:21] [INBOUND] Initial +2 stalkers, +2 mutants (remaining S=1306 M=874)
[09:02:22] [INBOUND] Initial +2 stalkers, +1 mutants (remaining S=1304 M=873)
[09:02:22] [MISSION] Sergei accepted ScoutPoi @ Truck Cemetery (200 RU)
[09:02:22] [TASK] Sergei → AcceptMission [ScoutPoi] (goal=AcceptMission)
[09:02:22] [GOAL] Sergei achieved AcceptMission
[09:02:23] [COMBAT] Mykola Shevchenko 'Raven' killed Fracture using wpn_fn2000
[09:02:24] [INBOUND] Initial +2 stalkers, +2 mutants (remaining S=1302 M=871)
[09:02:24] [MISSION] Andrei accepted ScoutPoi @ Truck Cemetery (200 RU)
[09:02:24] [TASK] Andrei → AcceptMission [ScoutPoi] (goal=AcceptMission)
[09:02:24] [GOAL] Andrei achieved AcceptMission
[09:02:24] [COMBAT] Nikolai Kovalenko 'One-Eye' killed Ivan Kovalenko 'Razor' using wpn_fort12
[09:02:24] [GEAR] Nikolai looted [wpn_ak74, wpn_pm, out_stalker_predator_outfit, helm_bandana] via combat
[09:02:25] [INBOUND] Initial +3 stalkers, +1 mutants (remaining S=1299 M=870)
[09:02:25] [MISSION] Rustam accepted ScoutPoi @ Agroprom (164 RU)
[09:02:25] [TASK] Rustam → AcceptMission [ScoutPoi] (goal=AcceptMission)
[09:02:25] [GOAL] Rustam achieved AcceptMission
[09:02:25] [COMBAT] Nikolai Popov 'Jackal' killed BlindDog using wpn_ak74
[09:02:26] [INBOUND] Initial +2 stalkers, +1 mutants (remaining S=1297 M=869)
[09:02:27] [MISSION] Dmytro accepted ScoutPoi @ Pripyat (196 RU)
[09:02:27] [TASK] Dmytro → AcceptMission [ScoutPoi] (goal=AcceptMission)
[09:02:27] [GOAL] Dmytro achieved AcceptMission
[09:02:28] [INBOUND] Initial +2 stalkers, +2 mutants (remaining S=1295 M=867)
[09:02:28] [SNAPSHOT] real=2.0min game=D0 00:04 alive S=135 M=102 corpses=171 lootable=63 gammaGear out=73 helm=119 avgRU=849 leaderGoals trade=0 mission=47 emission=Dormant nextIn=114gmin desperate=0 hungry=0 interval deaths=27 combats=39 tasks=19 gearLoot=8 gearBuy=0 missions=19 corpseDespawn=0 trickleSpawns=0 ranks=[Rookie:135] goals=[CompleteMission::46,Idle:24,AcceptMission::1] leaders: Sergei[Rookie/CompleteMission:], Zura[Rookie/Idle], Alexei[Rookie/CompleteMission:], Mikhail[Rookie/CompleteMission:], Igor[Rookie/AcceptMission:]
[09:02:28] [MISSION] Igor accepted ScoutPoi @ Deserted Hospital (200 RU)
[09:02:28] [TASK] Igor → AcceptMission [ScoutPoi] (goal=AcceptMission)
[09:02:28] [GOAL] Igor achieved AcceptMission
[09:02:28] [COMBAT] Serhiy Petrov 'Badger' killed Dmytro Sokolov 'Crow' using wpn_aksu
[09:02:28] [GEAR] Serhiy looted [wpn_pm, helm_helm_ppm88] via combat
[09:02:29] [COMBAT] Andrei Kovalenko 'Fox' killed BlindDog using wpn_sg550
[09:02:29] [COMBAT] Professor Sakharov killed PsyDog using wpn_aksu
[09:02:29] [INBOUND] Initial +2 stalkers, +1 mutants (remaining S=1293 M=866)
[09:02:30] [INBOUND] Initial +2 stalkers, +2 mutants (remaining S=1291 M=864)
[09:02:30] [MISSION] Andrei accepted ScoutPoi @ Dead City (Chernobyl-2 Settlement) (196 RU)
[09:02:30] [TASK] Andrei → AcceptMission [ScoutPoi] (goal=AcceptMission)
[09:02:30] [GOAL] Andrei achieved AcceptMission
[09:02:30] [MISSION] Alibek accepted ScoutPoi @ Kopachi (190 RU)
[09:02:30] [TASK] Alibek → AcceptMission [ScoutPoi] (goal=AcceptMission)
[09:02:30] [GOAL] Alibek achieved AcceptMission
[09:02:31] [COMBAT] Pierre Shevchenko 'Broken Nose' killed Flesh using wpn_fn2000
[09:02:32] [INBOUND] Initial +2 stalkers, +1 mutants (remaining S=1289 M=863)
[09:02:32] [MISSION] Alexei accepted ScoutPoi @ Agroprom (164 RU)
[09:02:32] [TASK] Alexei → AcceptMission [ScoutPoi] (goal=AcceptMission)
[09:02:32] [GOAL] Alexei achieved AcceptMission
[09:02:32] [COMBAT] Frank Bondarenko 'The Nail' killed Poltergeist using wpn_sg550
[09:02:33] [INBOUND] Initial +2 stalkers, +1 mutants (remaining S=1287 M=862)
[09:02:33] [COMBAT] Zura Petrenko 'Stitch' killed Boar using wpn_pm
[09:02:34] [COMBAT] Mykola Ivanov 'Broken Nose' killed Dmytro Petrov 'Raven' using wpn_pm
[09:02:34] [GEAR] Mykola looted [wpn_sg550, arm_stalker, helm_helm_m40] via combat
[09:02:34] [INBOUND] Initial +2 stalkers, +2 mutants (remaining S=1285 M=860)
[09:02:35] [COMBAT] Oleg Kovalenko 'Scar' killed Tushkano using wpn_ak74
[09:02:35] [INBOUND] Initial +2 stalkers, +1 mutants (remaining S=1283 M=859)
[09:02:36] [MISSION] Ivan accepted ScoutPoi @ Yantar (160 RU)
[09:02:36] [TASK] Ivan → AcceptMission [ScoutPoi] (goal=AcceptMission)
[09:02:36] [GOAL] Ivan achieved AcceptMission
[09:02:36] [COMBAT] Dmytro Bondarenko 'Whisper' killed Armen Petrenko 'Viper' using wpn_pm
[09:02:36] [GEAR] Dmytro looted [wpn_aksu, arm_stalker, helm_helm_hardhat] via combat
[09:02:37] [INBOUND] Initial +2 stalkers, +2 mutants (remaining S=1281 M=857)
[09:02:37] [MISSION] Mikhail accepted ScoutPoi @ Red Forest (160 RU)
[09:02:37] [TASK] Mikhail → AcceptMission [ScoutPoi] (goal=AcceptMission)
[09:02:37] [GOAL] Mikhail achieved AcceptMission
[09:02:39] [INBOUND] Initial +2 stalkers, +1 mutants (remaining S=1279 M=856)
[09:02:39] [MISSION] Mykola accepted ScoutPoi @ Dark Valley (190 RU)
[09:02:39] [TASK] Mykola → AcceptMission [ScoutPoi] (goal=AcceptMission)
[09:02:39] [GOAL] Mykola achieved AcceptMission
[09:02:40] [COMBAT] Bohdan Bondarenko 'Ash' killed Bloodsucker using wpn_sg550
[09:02:40] [COMBAT] Mykola Popov 'Raven' killed Sergei Sokolov 'The Rat' using wpn_ak74
[09:02:40] [INBOUND] Initial +2 stalkers, +1 mutants (remaining S=1277 M=855)
[09:02:40] [MISSION] Andriy accepted ScoutPoi @ Chernobyl Town (160 RU)
[09:02:40] [TASK] Andriy → AcceptMission [ScoutPoi] (goal=AcceptMission)
[09:02:40] [GOAL] Andriy achieved AcceptMission
[09:02:40] [COMBAT] Lasha Volkov 'Wolf' killed Poltergeist using wpn_fn2000
[09:02:41] [COMBAT] Dmytro Sokolov 'Jackal' killed Oleg Petrov 'Bone' using wpn_ak74
[09:02:41] [GEAR] Dmytro looted [helm_hardhat] via combat
[09:02:41] [INBOUND] Initial +2 stalkers, +2 mutants (remaining S=1275 M=853)
[09:02:42] [MISSION] Oleg accepted ScoutPoi @ Chernobyl Town (160 RU)
[09:02:42] [TASK] Oleg → AcceptMission [ScoutPoi] (goal=AcceptMission)
[09:02:42] [GOAL] Oleg achieved AcceptMission
[09:02:43] [INBOUND] Initial +3 stalkers, +1 mutants (remaining S=1272 M=852)
[09:02:43] [MISSION] Vasyl accepted ScoutPoi @ Jupiter (Pripyat Industrial) (196 RU)
[09:02:43] [TASK] Vasyl → AcceptMission [ScoutPoi] (goal=AcceptMission)
[09:02:43] [GOAL] Vasyl achieved AcceptMission
[09:02:43] [COMBAT] Bohdan Shevchenko 'Badger' killed Fracture using wpn_ak74
[09:02:44] [MISSION] Pavel arrived for ScoutPoi @ Forgotten Outpost (travel=870m, work=276s game)
[09:02:44] [INBOUND] Initial +2 stalkers, +1 mutants (remaining S=1270 M=851)
[09:02:44] [MISSION] Serhiy accepted ScoutPoi @ Great Swamps (160 RU)
[09:02:44] [TASK] Serhiy → AcceptMission [ScoutPoi] (goal=AcceptMission)
[09:02:44] [GOAL] Serhiy achieved AcceptMission
[09:02:44] [MISSION] Taras accepted ScoutPoi @ Red Forest (160 RU)
[09:02:44] [TASK] Taras → AcceptMission [ScoutPoi] (goal=AcceptMission)
[09:02:44] [GOAL] Taras achieved AcceptMission
[09:02:46] [INBOUND] Initial +2 stalkers, +2 mutants (remaining S=1268 M=849)
[09:02:46] [MISSION] Andriy accepted ScoutPoi @ Kopachi (190 RU)
[09:02:46] [TASK] Andriy → AcceptMission [ScoutPoi] (goal=AcceptMission)
[09:02:46] [GOAL] Andriy achieved AcceptMission
[09:02:46] [MISSION] Pavel arrived for ScoutPoi @ Forgotten Outpost (travel=870m, work=276s game)
[09:02:47] [INBOUND] Initial +2 stalkers, +1 mutants (remaining S=1266 M=848)
[09:02:47] [MISSION] Damir accepted ScoutPoi @ Duga Radar (176 RU)
[09:02:47] [TASK] Damir → AcceptMission [ScoutPoi] (goal=AcceptMission)
[09:02:47] [GOAL] Damir achieved AcceptMission
[09:02:48] [MISSION] Pavel arrived for ScoutPoi @ Forgotten Outpost (travel=870m, work=276s game)
[09:02:48] [COMBAT] Igor Bondarenko 'Crow' killed Serhiy Ivanov 'Ghost' using wpn_aksu
[09:02:48] [GEAR] Igor looted [wpn_fn2000, out_monolith_trenchcoat_outfit, helm_helm_protective] via combat
[09:02:48] [COMBAT] Mykola Petrenko 'Stitch' killed Pseudodog using wpn_mp5
[09:02:49] [INBOUND] Initial +2 stalkers, +2 mutants (remaining S=1264 M=846)
[09:02:49] [MISSION] Nikolai accepted ScoutPoi @ Red Forest (160 RU)
[09:02:49] [TASK] Nikolai → AcceptMission [ScoutPoi] (goal=AcceptMission)
[09:02:49] [GOAL] Nikolai achieved AcceptMission
[09:02:49] [COMBAT] Vasyl Ivanov 'Crow' killed Controller using wpn_ak74
[09:02:49] [COMBAT] Igor Ivanov 'Raven' killed Poltergeist using wpn_ak74
[09:02:50] [INBOUND] Initial +2 stalkers, +1 mutants (remaining S=1262 M=845)
[09:02:50] [MISSION] Dmitri accepted ScoutPoi @ Agroprom (164 RU)
[09:02:50] [TASK] Dmitri → AcceptMission [ScoutPoi] (goal=AcceptMission)
[09:02:50] [GOAL] Dmitri achieved AcceptMission
[09:02:50] [MISSION] Andrei accepted ScoutPoi @ Dead City (Chernobyl-2 Settlement) (196 RU)
[09:02:50] [TASK] Andrei → AcceptMission [ScoutPoi] (goal=AcceptMission)
[09:02:50] [GOAL] Andrei achieved AcceptMission
[09:02:50] [COMBAT] Nikolai Ivanov 'Bullet' killed Mikhail Popov 'Ash' using wpn_ak74
[09:02:50] [GEAR] Nikolai looted [wpn_ak74, arm_duty, helm_gas] via combat
[09:02:50] [MISSION] Pavel arrived for ScoutPoi @ Forgotten Outpost (travel=870m, work=276s game)
[09:02:50] [COMBAT] Dmytro Shevchenko 'Jackal' killed Taras Bondarenko 'Fox' using wpn_aksu
[09:02:50] [GEAR] Dmytro looted [wpn_fn2000, out_military_monolit_outfit] via combat
[09:02:51] [INBOUND] Initial +2 stalkers, +1 mutants (remaining S=1260 M=844)
[09:02:52] [COMBAT] Andrei Sokolov 'Viper' killed Snork using wpn_pm
[09:02:52] [COMBAT] Sergei Melnyk 'Wolf' killed Snork using wpn_sg550
[09:02:52] [TASK] Taras → FulfillMission [ScoutPoi] (goal=CompleteMission)
[09:02:52] [MISSION] Taras objective done ScoutPoi @ Collapsed Cairn → return to Rostok
[09:02:52] [TASK] Pavel → FulfillMission [ScoutPoi] (goal=CompleteMission)
[09:02:52] [MISSION] Pavel objective done ScoutPoi @ Collapsed Camp → return to Yantar
[09:02:52] [TASK] Professor → FulfillMission [ScoutPoi] (goal=CompleteMission)
[09:02:52] [MISSION] Professor objective done ScoutPoi @ Collapsed Camp → return to Yantar
[09:02:52] [TASK] Barkeep → FulfillMission [ScoutPoi] (goal=CompleteMission)
[09:02:52] [MISSION] Barkeep objective done ScoutPoi @ Collapsed Cairn → return to Rostok
[09:02:52] [TASK] Sidorovich → FulfillMission [ScoutPoi] (goal=CompleteMission)
[09:02:52] [MISSION] Sidorovich objective done ScoutPoi @ Ruined Pillbox → return to Cordon
[09:02:52] [TASK] Sergei → FulfillMission [ScoutPoi] (goal=CompleteMission)
[09:02:52] [MISSION] Sergei objective done ScoutPoi @ Hidden Cairn → return to Truck Cemetery
[09:02:52] [TASK] Alexei → FulfillMission [ScoutPoi] (goal=CompleteMission)
[09:02:52] [MISSION] Alexei objective done ScoutPoi @ Abandoned Outpost → return to Kopachi
[09:02:52] [TASK] Dmitri → FulfillMission [ScoutPoi] (goal=CompleteMission)
[09:02:52] [MISSION] Dmitri objective done ScoutPoi @ Abandoned Outpost → return to Agroprom
[09:02:52] [TASK] Andrei → FulfillMission [ScoutPoi] (goal=CompleteMission)
[09:02:52] [MISSION] Andrei objective done ScoutPoi @ Mutant Den #1 near Chernobyl Town → return to Dead City (Chernobyl-2 Settlement)
[09:02:52] [TASK] Andriy → FulfillMission [ScoutPoi] (goal=CompleteMission)
[09:02:52] [MISSION] Andriy objective done ScoutPoi @ Fishing Hamlet → return to Chernobyl Town
[09:02:52] [TASK] Mykola → FulfillMission [ScoutPoi] (goal=CompleteMission)
[09:02:52] [MISSION] Mykola objective done ScoutPoi @ Pillbox Rest (Meadow-Garbage) → return to Dark Valley
[09:02:52] [TASK] Mikhail → FulfillMission [ScoutPoi] (goal=CompleteMission)
[09:02:52] [MISSION] Mikhail objective done ScoutPoi @ Ruined Watchtower → return to Red Forest
[09:02:52] [TASK] Ivan → FulfillMission [ScoutPoi] (goal=CompleteMission)
[09:02:52] [MISSION] Ivan objective done ScoutPoi @ Collapsed Camp → return to Yantar
[09:02:52] [TASK] Alexei → FulfillMission [ScoutPoi] (goal=CompleteMission)
[09:02:52] [MISSION] Alexei objective done ScoutPoi @ Abandoned Outpost → return to Agroprom
[09:02:52] [TASK] Andrei → FulfillMission [ScoutPoi] (goal=CompleteMission)
[09:02:52] [MISSION] Andrei objective done ScoutPoi @ Mutant Den #1 near Chernobyl Town → return to Dead City (Chernobyl-2 Settlement)
[09:02:52] [TASK] Alibek → FulfillMission [ScoutPoi] (goal=CompleteMission)
[09:02:52] [MISSION] Alibek objective done ScoutPoi @ Abandoned Outpost → return to Kopachi
[09:02:52] [TASK] Igor → FulfillMission [ScoutPoi] (goal=CompleteMission)
[09:02:52] [MISSION] Igor objective done ScoutPoi @ Military Research Base → return to Deserted Hospital
[09:02:52] [TASK] Dmytro → FulfillMission [ScoutPoi] (goal=CompleteMission)
[09:02:52] [MISSION] Dmytro objective done ScoutPoi @ Mutant Den #1 near Chernobyl Town → return to Pripyat
[09:02:52] [TASK] Rustam → FulfillMission [ScoutPoi] (goal=CompleteMission)
[09:02:52] [MISSION] Rustam objective done ScoutPoi @ Abandoned Outpost → return to Agroprom
[09:02:52] [TASK] Andrei → FulfillMission [ScoutPoi] (goal=CompleteMission)
[09:02:52] [MISSION] Andrei objective done ScoutPoi @ Hidden Cairn → return to Truck Cemetery
[09:02:52] [TASK] Bohdan → FulfillMission [ScoutPoi] (goal=CompleteMission)
[09:02:52] [MISSION] Bohdan objective done ScoutPoi @ Abandoned Outpost → return to Agroprom
[09:02:52] [TASK] Lasha → FulfillMission [ScoutPoi] (goal=CompleteMission)
[09:02:52] [MISSION] Lasha objective done ScoutPoi @ Abandoned Outpost → return to Kopachi
[09:02:52] [TASK] Mikhail → FulfillMission [ScoutPoi] (goal=CompleteMission)
[09:02:52] [MISSION] Mikhail objective done ScoutPoi @ Military Research Base → return to Deserted Hospital
[09:02:52] [TASK] Sergei → FulfillMission [ScoutPoi] (goal=CompleteMission)
[09:02:52] [MISSION] Sergei objective done ScoutPoi @ Derelict Stash → return to Zalissya
[09:02:52] [TASK] Frank → FulfillMission [ScoutPoi] (goal=CompleteMission)
[09:02:52] [MISSION] Frank objective done ScoutPoi @ Mutant Den #1 near Chernobyl Town → return to Dead City (Chernobyl-2 Settlement)
[09:02:52] [TASK] Mykola → FulfillMission [ScoutPoi] (goal=CompleteMission)
[09:02:52] [MISSION] Mykola objective done ScoutPoi @ Forgotten Outpost → return to Garbage
[09:02:52] [TASK] Lasha → FulfillMission [ScoutPoi] (goal=CompleteMission)
[09:02:52] [MISSION] Lasha objective done ScoutPoi @ Collapsed Camp → return to Yantar
[09:02:52] [TASK] Mykola → FulfillMission [ScoutPoi] (goal=CompleteMission)
[09:02:52] [MISSION] Mykola objective done ScoutPoi @ Windswept Bus → return to Army Warehouses
[09:02:52] [TASK] Serhiy → FulfillMission [ScoutPoi] (goal=CompleteMission)
[09:02:52] [MISSION] Serhiy objective done ScoutPoi @ Pillbox Rest (Rostok-Truck Ce) → return to Buriakivka Waste Site
[09:02:52] [TASK] Jake → FulfillMission [ScoutPoi] (goal=CompleteMission)
[09:02:52] [MISSION] Jake objective done ScoutPoi @ Collapsed Camp → return to Yantar
[09:02:52] [TASK] Igor → FulfillMission [ScoutPoi] (goal=CompleteMission)
[09:02:52] [MISSION] Igor objective done ScoutPoi @ Collapsed Camp → return to Yantar
[09:02:52] [TASK] Viktor → FulfillMission [ScoutPoi] (goal=CompleteMission)
[09:02:52] [MISSION] Viktor objective done ScoutPoi @ Military Research Base → return to Deserted Hospital
[09:02:52] [TASK] Pavel → FulfillMission [ScoutPoi] (goal=CompleteMission)
[09:02:52] [MISSION] Pavel objective done ScoutPoi @ Forgotten Outpost → return to Garbage
[09:02:52] [TASK] Sergei → FulfillMission [ScoutPoi] (goal=CompleteMission)
[09:02:52] [MISSION] Sergei objective done ScoutPoi @ Abandoned Outpost → return to Kopachi
[09:02:52] [TASK] Nikolai → FulfillMission [ScoutPoi] (goal=CompleteMission)
[09:02:52] [MISSION] Nikolai objective done ScoutPoi @ Ruined Watchtower → return to Red Forest
[09:02:52] [TASK] Dmytro → FulfillMission [ScoutPoi] (goal=CompleteMission)
[09:02:52] [MISSION] Dmytro objective done ScoutPoi @ Hidden Shack → return to Meadow
[09:02:52] [TASK] Yuriy → FulfillMission [ScoutPoi] (goal=CompleteMission)
[09:02:52] [MISSION] Yuriy objective done ScoutPoi @ Windswept Bus → return to Army Warehouses
[09:02:52] [TASK] Dmytro → FulfillMission [ScoutPoi] (goal=CompleteMission)
[09:02:52] [MISSION] Dmytro objective done ScoutPoi @ Fishing Hamlet → return to Chernobyl Town
[09:02:52] [TASK] Connor → FulfillMission [ScoutPoi] (goal=CompleteMission)
[09:02:52] [MISSION] Connor objective done ScoutPoi @ Hidden Cairn → return to Truck Cemetery
[09:02:52] [TASK] Oleg → FulfillMission [ScoutPoi] (goal=CompleteMission)
[09:02:52] [MISSION] Oleg objective done ScoutPoi @ Military Research Base → return to Deserted Hospital
[09:02:52] [TASK] Nikolai → FulfillMission [ScoutPoi] (goal=CompleteMission)
[09:02:52] [MISSION] Nikolai objective done ScoutPoi @ Ruined Watchtower → return to Red Forest
[09:02:52] [TASK] Damir → FulfillMission [ScoutPoi] (goal=CompleteMission)
[09:02:52] [MISSION] Damir objective done ScoutPoi @ Makeshift Hut → return to Duga Radar
[09:02:52] [TASK] Andriy → FulfillMission [ScoutPoi] (goal=CompleteMission)
[09:02:52] [MISSION] Andriy objective done ScoutPoi @ Abandoned Outpost → return to Kopachi
[09:02:52] [TASK] Serhiy → FulfillMission [ScoutPoi] (goal=CompleteMission)
[09:02:52] [MISSION] Serhiy objective done ScoutPoi @ Overgrown Bus → return to Great Swamps
[09:02:52] [TASK] Taras → FulfillMission [ScoutPoi] (goal=CompleteMission)
[09:02:52] [MISSION] Taras objective done ScoutPoi @ Ruined Watchtower → return to Red Forest
[09:02:52] [TASK] Vasyl → FulfillMission [ScoutPoi] (goal=CompleteMission)
[09:02:52] [MISSION] Vasyl objective done ScoutPoi @ Lenin Statue Square → return to Jupiter (Pripyat Industrial)
[09:02:52] [TASK] Oleg → FulfillMission [ScoutPoi] (goal=CompleteMission)
[09:02:52] [MISSION] Oleg objective done ScoutPoi @ Fishing Hamlet → return to Chernobyl Town
[09:02:52] [TASK] Bohdan → FulfillMission [ScoutPoi] (goal=CompleteMission)
[09:02:52] [MISSION] Bohdan objective done ScoutPoi @ Roadside Cache (Chernoby-Dark Val) → return to Limansk
[09:02:52] [TASK] Mikhail → FulfillMission [ScoutPoi] (goal=CompleteMission)
[09:02:52] [MISSION] Mikhail objective done ScoutPoi @ Hidden Shack → return to Meadow
[09:02:52] [TASK] Oleg → FulfillMission [ScoutPoi] (goal=CompleteMission)
[09:02:52] [MISSION] Oleg objective done ScoutPoi @ Fishing Hamlet → return to Chernobyl Town
[09:02:52] [TASK] Mykola → FulfillMission [ScoutPoi] (goal=CompleteMission)
[09:02:52] [MISSION] Mykola objective done ScoutPoi @ Hidden Cairn → return to Truck Cemetery
[09:02:52] [TASK] Pavel → FulfillMission [ScoutPoi] (goal=CompleteMission)
[09:02:52] [MISSION] Pavel objective done ScoutPoi @ Collapsed Cairn → return to Rostok
[09:02:52] [TASK] Dmytro → FulfillMission [ScoutPoi] (goal=CompleteMission)
[09:02:52] [MISSION] Dmytro objective done ScoutPoi @ Lenin Statue Square → return to Jupiter (Pripyat Industrial)
[09:02:52] [TASK] Nikolai → FulfillMission [ScoutPoi] (goal=CompleteMission)
[09:02:52] [MISSION] Nikolai objective done ScoutPoi @ Ruined Pillbox → return to Cordon
[09:02:52] [TASK] Pierre → FulfillMission [ScoutPoi] (goal=CompleteMission)
[09:02:52] [MISSION] Pierre objective done ScoutPoi @ Makeshift Hut → return to Duga Radar
[09:02:52] [TASK] Taras → FulfillMission [ScoutPoi] (goal=CompleteMission)
[09:02:52] [MISSION] Taras objective done ScoutPoi @ Mutant Den #1 near Chernobyl Town → return to Pripyat
[09:02:53] [INBOUND] Initial +2 stalkers, +2 mutants (remaining S=1258 M=842)
[09:02:53] [TASK] Sergei → TurnInMission [ScoutPoi] (goal=CompleteMission)
[09:02:53] [MISSION] Sergei turned in ScoutPoi @ Truck Cemetery (+200 RU)
[09:02:53] [GOAL] Sergei achieved CompleteMission
[09:02:53] [MISSION] Vasyl accepted ScoutPoi @ Jupiter (Pripyat Industrial) (196 RU)
[09:02:53] [TASK] Vasyl → AcceptMission [ScoutPoi] (goal=AcceptMission)
[09:02:53] [GOAL] Vasyl achieved AcceptMission
[09:02:53] [TASK] Dmitri → TurnInMission [ScoutPoi] (goal=CompleteMission)
[09:02:53] [MISSION] Dmitri turned in ScoutPoi @ Agroprom (+164 RU)
[09:02:53] [GOAL] Dmitri achieved CompleteMission
[09:02:53] [TASK] Andrei → TurnInMission [ScoutPoi] (goal=CompleteMission)
[09:02:53] [MISSION] Andrei turned in ScoutPoi @ Dead City (Chernobyl-2 Settlement) (+196 RU)
[09:02:53] [GOAL] Andrei achieved CompleteMission
[09:02:53] [TASK] Mykola → TurnInMission [ScoutPoi] (goal=CompleteMission)
[09:02:53] [MISSION] Mykola turned in ScoutPoi @ Dark Valley (+190 RU)
[09:02:53] [GOAL] Mykola achieved CompleteMission
[09:02:53] [TASK] Mikhail → TurnInMission [ScoutPoi] (goal=CompleteMission)
[09:02:53] [MISSION] Mikhail turned in ScoutPoi @ Red Forest (+160 RU)
[09:02:53] [GOAL] Mikhail achieved CompleteMission
[09:02:53] [TASK] Ivan → TurnInMission [ScoutPoi] (goal=CompleteMission)
[09:02:53] [MISSION] Ivan turned in ScoutPoi @ Yantar (+160 RU)
[09:02:53] [GOAL] Ivan achieved CompleteMission
[09:02:53] [TASK] Alexei → TurnInMission [ScoutPoi] (goal=CompleteMission)
[09:02:53] [MISSION] Alexei turned in ScoutPoi @ Agroprom (+164 RU)
[09:02:53] [GOAL] Alexei achieved CompleteMission
[09:02:53] [TASK] Alibek → TurnInMission [ScoutPoi] (goal=CompleteMission)
[09:02:53] [MISSION] Alibek turned in ScoutPoi @ Kopachi (+190 RU)
[09:02:53] [GOAL] Alibek achieved CompleteMission
[09:02:53] [TASK] Andrei → TurnInMission [ScoutPoi] (goal=CompleteMission)
[09:02:53] [MISSION] Andrei turned in ScoutPoi @ Truck Cemetery (+200 RU)
[09:02:53] [GOAL] Andrei achieved CompleteMission
[09:02:53] [TASK] Sergei → TurnInMission [ScoutPoi] (goal=CompleteMission)
[09:02:53] [MISSION] Sergei turned in ScoutPoi @ Zalissya (+160 RU)
[09:02:53] [GOAL] Sergei achieved CompleteMission
[09:02:53] [TASK] Lasha → TurnInMission [ScoutPoi] (goal=CompleteMission)
[09:02:53] [MISSION] Lasha turned in ScoutPoi @ Yantar (+160 RU)
[09:02:53] [GOAL] Lasha achieved CompleteMission
[09:02:53] [TASK] Serhiy → TurnInMission [ScoutPoi] (goal=CompleteMission)
[09:02:53] [MISSION] Serhiy turned in ScoutPoi @ Buriakivka Waste Site (+236 RU)
[09:02:53] [GOAL] Serhiy achieved CompleteMission
[09:02:53] [TASK] Jake → TurnInMission [ScoutPoi] (goal=CompleteMission)
[09:02:53] [MISSION] Jake turned in ScoutPoi @ Yantar (+160 RU)
[09:02:53] [GOAL] Jake achieved CompleteMission
[09:02:53] [TASK] Igor → TurnInMission [ScoutPoi] (goal=CompleteMission)
[09:02:53] [MISSION] Igor turned in ScoutPoi @ Yantar (+160 RU)
[09:02:53] [GOAL] Igor achieved CompleteMission
[09:02:53] [TASK] Nikolai → TurnInMission [ScoutPoi] (goal=CompleteMission)
[09:02:53] [MISSION] Nikolai turned in ScoutPoi @ Red Forest (+160 RU)
[09:02:53] [GOAL] Nikolai achieved CompleteMission
[09:02:53] [TASK] Connor → TurnInMission [ScoutPoi] (goal=CompleteMission)
[09:02:53] [MISSION] Connor turned in ScoutPoi @ Truck Cemetery (+200 RU)
[09:02:53] [GOAL] Connor achieved CompleteMission
[09:02:53] [TASK] Nikolai → TurnInMission [ScoutPoi] (goal=CompleteMission)
[09:02:53] [MISSION] Nikolai turned in ScoutPoi @ Red Forest (+160 RU)
[09:02:53] [GOAL] Nikolai achieved CompleteMission
[09:02:53] [TASK] Damir → TurnInMission [ScoutPoi] (goal=CompleteMission)
[09:02:53] [MISSION] Damir turned in ScoutPoi @ Duga Radar (+176 RU)
[09:02:53] [GOAL] Damir achieved CompleteMission
[09:02:53] [TASK] Andriy → TurnInMission [ScoutPoi] (goal=CompleteMission)
[09:02:53] [MISSION] Andriy turned in ScoutPoi @ Kopachi (+190 RU)
[09:02:53] [GOAL] Andriy achieved CompleteMission
[09:02:53] [TASK] Serhiy → TurnInMission [ScoutPoi] (goal=CompleteMission)
[09:02:53] [MISSION] Serhiy turned in ScoutPoi @ Great Swamps (+160 RU)
[09:02:53] [GOAL] Serhiy achieved CompleteMission
[09:02:53] [TASK] Taras → TurnInMission [ScoutPoi] (goal=CompleteMission)
[09:02:53] [MISSION] Taras turned in ScoutPoi @ Red Forest (+160 RU)
[09:02:53] [GOAL] Taras achieved CompleteMission
[09:02:53] [TASK] Vasyl → TurnInMission [ScoutPoi] (goal=CompleteMission)
[09:02:53] [MISSION] Vasyl turned in ScoutPoi @ Jupiter (Pripyat Industrial) (+196 RU)
[09:02:53] [GOAL] Vasyl achieved CompleteMission
[09:02:53] [TASK] Oleg → TurnInMission [ScoutPoi] (goal=CompleteMission)
[09:02:53] [MISSION] Oleg turned in ScoutPoi @ Chernobyl Town (+160 RU)
[09:02:53] [GOAL] Oleg achieved CompleteMission
[09:02:53] [TASK] Bohdan → TurnInMission [ScoutPoi] (goal=CompleteMission)
[09:02:53] [MISSION] Bohdan turned in ScoutPoi @ Limansk (+210 RU)
[09:02:53] [GOAL] Bohdan achieved CompleteMission
[09:02:53] [TASK] Mykola → TurnInMission [ScoutPoi] (goal=CompleteMission)
[09:02:53] [MISSION] Mykola turned in ScoutPoi @ Truck Cemetery (+200 RU)
[09:02:53] [GOAL] Mykola achieved CompleteMission
[09:02:53] [TASK] Pavel → TurnInMission [ScoutPoi] (goal=CompleteMission)
[09:02:53] [MISSION] Pavel turned in ScoutPoi @ Rostok (+160 RU)
[09:02:53] [GOAL] Pavel achieved CompleteMission
[09:02:54] [TASK] Nikolai → TurnInMission [ScoutPoi] (goal=CompleteMission)
[09:02:54] [MISSION] Nikolai turned in ScoutPoi @ Cordon (+160 RU)
[09:02:54] [GOAL] Nikolai achieved CompleteMission
[09:02:54] [TASK] Taras → TurnInMission [ScoutPoi] (goal=CompleteMission)
[09:02:54] [MISSION] Taras turned in ScoutPoi @ Rostok (+160 RU)
[09:02:54] [GOAL] Taras achieved CompleteMission
[09:02:54] [TASK] Pavel → TurnInMission [ScoutPoi] (goal=CompleteMission)
[09:02:54] [MISSION] Pavel turned in ScoutPoi @ Yantar (+160 RU)
[09:02:54] [GOAL] Pavel achieved CompleteMission
[09:02:54] [TASK] Professor → TurnInMission [ScoutPoi] (goal=CompleteMission)
[09:02:54] [MISSION] Professor turned in ScoutPoi @ Yantar (+160 RU)
[09:02:54] [GOAL] Professor achieved CompleteMission
[09:02:54] [TASK] Barkeep → TurnInMission [ScoutPoi] (goal=CompleteMission)
[09:02:54] [MISSION] Barkeep turned in ScoutPoi @ Rostok (+160 RU)
[09:02:54] [GOAL] Barkeep achieved CompleteMission
[09:02:54] [TASK] Sidorovich → TurnInMission [ScoutPoi] (goal=CompleteMission)
[09:02:54] [MISSION] Sidorovich turned in ScoutPoi @ Cordon (+160 RU)
[09:02:54] [GOAL] Sidorovich achieved CompleteMission
[09:02:54] [MISSION] Sergei accepted ScoutPoi @ Truck Cemetery (200 RU)
[09:02:54] [TASK] Sergei → AcceptMission [ScoutPoi] (goal=AcceptMission)
[09:02:54] [GOAL] Sergei achieved AcceptMission
[09:02:54] [MISSION] Dmitri accepted ScoutPoi @ Agroprom (164 RU)
[09:02:54] [TASK] Dmitri → AcceptMission [ScoutPoi] (goal=AcceptMission)
[09:02:54] [GOAL] Dmitri achieved AcceptMission
[09:02:54] [MISSION] Andrei accepted ScoutPoi @ Dead City (Chernobyl-2 Settlement) (196 RU)
[09:02:54] [TASK] Andrei → AcceptMission [ScoutPoi] (goal=AcceptMission)
[09:02:54] [GOAL] Andrei achieved AcceptMission
[09:02:54] [MISSION] Mykola accepted ScoutPoi @ Dark Valley (190 RU)
[09:02:54] [TASK] Mykola → AcceptMission [ScoutPoi] (goal=AcceptMission)
[09:02:54] [GOAL] Mykola achieved AcceptMission
[09:02:54] [MISSION] Mikhail accepted ScoutPoi @ Red Forest (160 RU)
[09:02:54] [TASK] Mikhail → AcceptMission [ScoutPoi] (goal=AcceptMission)
[09:02:54] [GOAL] Mikhail achieved AcceptMission
[09:02:54] [MISSION] Ivan accepted ScoutPoi @ Yantar (160 RU)
[09:02:54] [TASK] Ivan → AcceptMission [ScoutPoi] (goal=AcceptMission)
[09:02:54] [GOAL] Ivan achieved AcceptMission
[09:02:54] [MISSION] Alexei accepted ScoutPoi @ Agroprom (164 RU)
[09:02:54] [TASK] Alexei → AcceptMission [ScoutPoi] (goal=AcceptMission)
[09:02:54] [GOAL] Alexei achieved AcceptMission
[09:02:54] [MISSION] Alibek accepted ScoutPoi @ Kopachi (190 RU)
[09:02:54] [TASK] Alibek → AcceptMission [ScoutPoi] (goal=AcceptMission)
[09:02:54] [GOAL] Alibek achieved AcceptMission
[09:02:54] [MISSION] Andrei accepted ScoutPoi @ Truck Cemetery (200 RU)
[09:02:54] [TASK] Andrei → AcceptMission [ScoutPoi] (goal=AcceptMission)
[09:02:54] [GOAL] Andrei achieved AcceptMission
[09:02:54] [MISSION] Sergei accepted ScoutPoi @ Zalissya (160 RU)
[09:02:54] [TASK] Sergei → AcceptMission [ScoutPoi] (goal=AcceptMission)
[09:02:54] [GOAL] Sergei achieved AcceptMission
[09:02:54] [MISSION] Lasha accepted ScoutPoi @ Yantar (160 RU)
[09:02:54] [TASK] Lasha → AcceptMission [ScoutPoi] (goal=AcceptMission)
[09:02:54] [GOAL] Lasha achieved AcceptMission
[09:02:54] [MISSION] Serhiy accepted ScoutPoi @ Buriakivka Waste Site (236 RU)
[09:02:54] [TASK] Serhiy → AcceptMission [ScoutPoi] (goal=AcceptMission)
[09:02:54] [GOAL] Serhiy achieved AcceptMission
[09:02:54] [MISSION] Jake accepted ScoutPoi @ Yantar (160 RU)
[09:02:54] [TASK] Jake → AcceptMission [ScoutPoi] (goal=AcceptMission)
[09:02:54] [GOAL] Jake achieved AcceptMission
[09:02:54] [MISSION] Igor accepted ScoutPoi @ Yantar (160 RU)
[09:02:54] [TASK] Igor → AcceptMission [ScoutPoi] (goal=AcceptMission)
[09:02:54] [GOAL] Igor achieved AcceptMission
[09:02:54] [MISSION] Nikolai accepted ScoutPoi @ Red Forest (160 RU)
[09:02:54] [TASK] Nikolai → AcceptMission [ScoutPoi] (goal=AcceptMission)
[09:02:54] [GOAL] Nikolai achieved AcceptMission
[09:02:54] [MISSION] Connor accepted ScoutPoi @ Truck Cemetery (200 RU)
[09:02:54] [TASK] Connor → AcceptMission [ScoutPoi] (goal=AcceptMission)
[09:02:54] [GOAL] Connor achieved AcceptMission
[09:02:54] [MISSION] Nikolai accepted ScoutPoi @ Red Forest (160 RU)
[09:02:54] [TASK] Nikolai → AcceptMission [ScoutPoi] (goal=AcceptMission)
[09:02:54] [GOAL] Nikolai achieved AcceptMission
[09:02:54] [MISSION] Damir accepted ScoutPoi @ Duga Radar (176 RU)
[09:02:54] [TASK] Damir → AcceptMission [ScoutPoi] (goal=AcceptMission)
[09:02:54] [GOAL] Damir achieved AcceptMission
[09:02:54] [MISSION] Andriy accepted ScoutPoi @ Kopachi (190 RU)
[09:02:54] [TASK] Andriy → AcceptMission [ScoutPoi] (goal=AcceptMission)
[09:02:54] [GOAL] Andriy achieved AcceptMission
[09:02:54] [MISSION] Serhiy accepted ScoutPoi @ Great Swamps (160 RU)
[09:02:54] [TASK] Serhiy → AcceptMission [ScoutPoi] (goal=AcceptMission)
[09:02:54] [GOAL] Serhiy achieved AcceptMission
[09:02:54] [MISSION] Taras accepted ScoutPoi @ Red Forest (160 RU)
[09:02:54] [TASK] Taras → AcceptMission [ScoutPoi] (goal=AcceptMission)
[09:02:54] [GOAL] Taras achieved AcceptMission
[09:02:54] [MISSION] Vasyl accepted ScoutPoi @ Jupiter (Pripyat Industrial) (196 RU)
[09:02:54] [TASK] Vasyl → AcceptMission [ScoutPoi] (goal=AcceptMission)
[09:02:54] [GOAL] Vasyl achieved AcceptMission
[09:02:54] [MISSION] Oleg accepted ScoutPoi @ Chernobyl Town (160 RU)
[09:02:54] [TASK] Oleg → AcceptMission [ScoutPoi] (goal=AcceptMission)
[09:02:54] [GOAL] Oleg achieved AcceptMission
[09:02:54] [MISSION] Bohdan accepted ScoutPoi @ Limansk (210 RU)
[09:02:54] [TASK] Bohdan → AcceptMission [ScoutPoi] (goal=AcceptMission)
[09:02:54] [GOAL] Bohdan achieved AcceptMission
[09:02:54] [MISSION] Mykola accepted ScoutPoi @ Truck Cemetery (200 RU)
[09:02:54] [TASK] Mykola → AcceptMission [ScoutPoi] (goal=AcceptMission)
[09:02:54] [GOAL] Mykola achieved AcceptMission
[09:02:54] [MISSION] Pavel accepted ScoutPoi @ Rostok (160 RU)
[09:02:54] [TASK] Pavel → AcceptMission [ScoutPoi] (goal=AcceptMission)
[09:02:54] [GOAL] Pavel achieved AcceptMission
[09:02:54] [MISSION] Nikolai accepted ScoutPoi @ Cordon (160 RU)
[09:02:54] [TASK] Nikolai → AcceptMission [ScoutPoi] (goal=AcceptMission)
[09:02:54] [GOAL] Nikolai achieved AcceptMission
[09:02:54] [MISSION] Taras accepted ScoutPoi @ Rostok (160 RU)
[09:02:54] [TASK] Taras → AcceptMission [ScoutPoi] (goal=AcceptMission)
[09:02:54] [GOAL] Taras achieved AcceptMission
[09:02:54] [MISSION] Pavel accepted ScoutPoi @ Yantar (160 RU)
[09:02:54] [TASK] Pavel → AcceptMission [ScoutPoi] (goal=AcceptMission)
[09:02:54] [GOAL] Pavel achieved AcceptMission
[09:02:54] [MISSION] Professor accepted ScoutPoi @ Yantar (160 RU)
[09:02:54] [TASK] Professor → AcceptMission [ScoutPoi] (goal=AcceptMission)
[09:02:54] [GOAL] Professor achieved AcceptMission
[09:02:54] [MISSION] Barkeep accepted ScoutPoi @ Rostok (160 RU)
[09:02:54] [TASK] Barkeep → AcceptMission [ScoutPoi] (goal=AcceptMission)
[09:02:54] [GOAL] Barkeep achieved AcceptMission
[09:02:54] [MISSION] Sidorovich accepted ScoutPoi @ Cordon (160 RU)
[09:02:54] [TASK] Sidorovich → AcceptMission [ScoutPoi] (goal=AcceptMission)
[09:02:54] [GOAL] Sidorovich achieved AcceptMission
[09:02:58] [MISSION] Andrei accepted ScoutPoi @ Zalissya (160 RU)
[09:02:58] [TASK] Andrei → AcceptMission [ScoutPoi] (goal=AcceptMission)
[09:02:58] [GOAL] Andrei achieved AcceptMission
[09:02:59] [INBOUND] Initial +2 stalkers, +1 mutants (remaining S=1256 M=841)
[09:02:59] [SNAPSHOT] real=2.6min game=D0 00:05 alive S=138 M=114 corpses=221 lootable=94 gammaGear out=66 helm=119 avgRU=889 leaderGoals trade=1 mission=29 emission=Dormant nextIn=113gmin desperate=0 hungry=0 interval deaths=36 combats=50 tasks=139 gearLoot=7 gearBuy=0 missions=83 corpseDespawn=0 trickleSpawns=0 ranks=[Rookie:137,Trainee:1] goals=[CompleteMission::29,Idle:26,Traveling:20,VisitTrader::1] leaders: Sergei[Rookie/CompleteMission:], Zura[Rookie/Idle], Alexei[Rookie/Traveling], Igor[Rookie/VisitTrader:], Vasyl[Rookie/CompleteMission:]
[09:02:59] [COMBAT] Bohdan Shevchenko 'Badger' killed Lurker using wpn_ak74
[09:03:00] [INBOUND] Initial +2 stalkers, +2 mutants (remaining S=1254 M=839)
[09:03:00] [MISSION] Serhiy accepted ScoutPoi @ Army Warehouses (168 RU)
[09:03:00] [TASK] Serhiy → AcceptMission [ScoutPoi] (goal=AcceptMission)
[09:03:00] [GOAL] Serhiy achieved AcceptMission
[09:03:01] [TASK] Igor → TradeRun [poi_macro_8] (goal=VisitTrader)
[09:03:01] [GOAL] Igor achieved VisitTrader
[09:03:01] [MISSION] Igor accepted ScoutPoi @ Zalissya (160 RU)
[09:03:01] [TASK] Igor → AcceptMission [ScoutPoi] (goal=AcceptMission)
[09:03:01] [GOAL] Igor achieved AcceptMission
[09:03:01] [COMBAT] Pavel Shevchenko 'The Butcher' killed Serhiy Shevchenko 'Ash' using wpn_spas12
[09:03:01] [GEAR] Pavel looted [wpn_ak74, out_cs_medium_outfit, helm_helm_m50] via combat
[09:03:01] [COMBAT] Oleg Kovalenko 'Scar' killed Pavel Sokolov 'Razor' using wpn_ak74
[09:03:01] [GEAR] Oleg looted [arm_duty] via combat
[09:03:01] [MISSION] Mykola accepted ScoutPoi @ Rostok (160 RU)
[09:03:01] [TASK] Mykola → AcceptMission [ScoutPoi] (goal=AcceptMission)
[09:03:01] [GOAL] Mykola achieved AcceptMission
[09:03:02] [INBOUND] Initial +2 stalkers, +1 mutants (remaining S=1252 M=838)
[09:03:02] [MISSION] Vasyl accepted ScoutPoi @ Great Swamps (160 RU)
[09:03:02] [TASK] Vasyl → AcceptMission [ScoutPoi] (goal=AcceptMission)
[09:03:02] [GOAL] Vasyl achieved AcceptMission
[09:03:03] [RANK] Pavel Bondarenko 'Raven' → Trainee
[RankSystem] Pavel Bondarenko 'Raven' promoted to Trainee!
[09:03:03] [COMBAT] Pavel Bondarenko 'Raven' killed Poltergeist using wpn_mp5
[09:03:04] [INBOUND] Initial +2 stalkers, +1 mutants (remaining S=1250 M=837)
[09:03:04] [MISSION] Taras accepted ScoutPoi @ Great Swamps (160 RU)
[09:03:04] [TASK] Taras → AcceptMission [ScoutPoi] (goal=AcceptMission)
[09:03:04] [GOAL] Taras achieved AcceptMission
[09:03:04] [COMBAT] Igor Sokolov 'Bullet' killed Mykola Shevchenko 'Mole' using wpn_sg550
[09:03:05] [COMBAT] Tobias Kovalenko 'Stitch' killed Alexei Kovalenko 'Crow' using wpn_pm
[09:03:05] [GEAR] Tobias looted [wpn_ak74, arm_exo, helm_helm_metro] via combat
[09:03:05] [INBOUND] Initial +2 stalkers, +2 mutants (remaining S=1248 M=835)
[09:03:05] [MISSION] Mykola accepted ScoutPoi @ Dark Valley (190 RU)
[09:03:05] [TASK] Mykola → AcceptMission [ScoutPoi] (goal=AcceptMission)
[09:03:05] [GOAL] Mykola achieved AcceptMission
[09:03:06] [COMBAT] Dmytro Sokolov 'Jackal' killed Taras Sokolov 'Mole' using wpn_ak74
[09:03:06] [GEAR] Dmytro looted [wpn_ak74] via combat
[09:03:06] [COMBAT] Dmytro Bondarenko 'Whisper' killed Snork using wpn_aksu
[09:03:07] [INBOUND] Initial +3 stalkers, +1 mutants (remaining S=1245 M=834)
[09:03:07] [MISSION] Mikhail accepted ScoutPoi @ Zaton (240 RU)
[09:03:07] [TASK] Mikhail → AcceptMission [ScoutPoi] (goal=AcceptMission)
[09:03:07] [GOAL] Mikhail achieved AcceptMission
[09:03:08] [COMBAT] Dmytro Kovalenko 'Fox' killed Boar using wpn_ak74
[09:03:08] [INBOUND] Initial +2 stalkers, +2 mutants (remaining S=1243 M=832)
[09:03:08] [MISSION] Nikolai accepted ScoutPoi @ Truck Cemetery (200 RU)
[09:03:08] [TASK] Nikolai → AcceptMission [ScoutPoi] (goal=AcceptMission)
[09:03:08] [GOAL] Nikolai achieved AcceptMission
[09:03:08] [COMBAT] Nikolai Petrenko 'Wolf' killed Snork using wpn_ak74
[09:03:10] [INBOUND] Initial +2 stalkers, +1 mutants (remaining S=1241 M=831)
[09:03:10] [MISSION] Igor accepted ScoutPoi @ Agroprom (164 RU)
[09:03:10] [TASK] Igor → AcceptMission [ScoutPoi] (goal=AcceptMission)
[09:03:10] [GOAL] Igor achieved AcceptMission
[09:03:11] [COMBAT] Barkeep killed Bloodsucker using wpn_aksu
[09:03:11] [COMBAT] Sergei Volkov 'Ghost' killed Snork using wpn_fn2000
[09:03:12] [INBOUND] Initial +2 stalkers, +1 mutants (remaining S=1239 M=830)
[09:03:12] [MISSION] Andriy accepted ScoutPoi @ Garbage (160 RU)
[09:03:12] [TASK] Andriy → AcceptMission [ScoutPoi] (goal=AcceptMission)
[09:03:12] [GOAL] Andriy achieved AcceptMission
[09:03:12] [COMBAT] Alibek Ivanov 'Stitch' killed Bloodsucker using wpn_fn2000
[09:03:12] [COMBAT] Mikhail Petrenko 'Fox' killed Taras Bondarenko 'Raven' using wpn_sg550
[09:03:12] [GEAR] Mikhail looted [wpn_fort12, out_stalker_graphite_outfit, helm_helm_m50] via combat
[09:03:13] [INBOUND] Initial +2 stalkers, +2 mutants (remaining S=1237 M=828)
[09:03:13] [MISSION] Andrei accepted ScoutPoi @ Truck Cemetery (200 RU)
[09:03:13] [TASK] Andrei → AcceptMission [ScoutPoi] (goal=AcceptMission)
[09:03:13] [GOAL] Andrei achieved AcceptMission
[09:03:14] [COMBAT] Mykola Popov 'Fox' killed Andrei Petrenko 'Razor' using wpn_fn2000
[09:03:14] [GEAR] Mykola looted [helm_helm_bandana] via combat
[09:03:14] [INBOUND] Initial +2 stalkers, +1 mutants (remaining S=1235 M=827)
[09:03:15] [MISSION] Igor accepted ScoutPoi @ Rostok (160 RU)
[09:03:15] [TASK] Igor → AcceptMission [ScoutPoi] (goal=AcceptMission)
[09:03:15] [GOAL] Igor achieved AcceptMission
[09:03:16] [INBOUND] Initial +2 stalkers, +1 mutants (remaining S=1233 M=826)
[09:03:16] [RANK] Sergei Melnyk 'Wolf' → Trainee
[RankSystem] Sergei Melnyk 'Wolf' promoted to Trainee!
[09:03:16] [COMBAT] Sergei Melnyk 'Wolf' killed Boar using wpn_sg550
[09:03:18] [INBOUND] Initial +2 stalkers, +2 mutants (remaining S=1231 M=824)
[09:03:18] [MISSION] Bohdan accepted ScoutPoi @ Kopachi (190 RU)
[09:03:18] [TASK] Bohdan → AcceptMission [ScoutPoi] (goal=AcceptMission)
[09:03:18] [GOAL] Bohdan achieved AcceptMission
[09:03:19] [INBOUND] Initial +2 stalkers, +1 mutants (remaining S=1229 M=823)
[09:03:19] [MISSION] Zura accepted ScoutPoi @ Agroprom (164 RU)
[09:03:19] [TASK] Zura → AcceptMission [ScoutPoi] (goal=AcceptMission)
[09:03:19] [GOAL] Zura achieved AcceptMission
[09:03:19] [COMBAT] Pavel Bondarenko 'Bone' killed PsyDog using wpn_aksu
[09:03:20] [INBOUND] Initial +2 stalkers, +2 mutants (remaining S=1227 M=821)
[09:03:21] [COMBAT] Andrei Volkov 'Razor' killed Lurker using wpn_svd
[09:03:22] [INBOUND] Initial +2 stalkers, +1 mutants (remaining S=1225 M=820)
[09:03:22] [MISSION] Dmytro accepted ScoutPoi @ Rostok (160 RU)
[09:03:22] [TASK] Dmytro → AcceptMission [ScoutPoi] (goal=AcceptMission)
[09:03:22] [GOAL] Dmytro achieved AcceptMission
[09:03:24] [INBOUND] Initial +2 stalkers, +1 mutants (remaining S=1223 M=819)
[09:03:24] [MISSION] Marcus accepted ScoutPoi @ Dead City (Chernobyl-2 Settlement) (196 RU)
[09:03:24] [TASK] Marcus → AcceptMission [ScoutPoi] (goal=AcceptMission)
[09:03:24] [GOAL] Marcus achieved AcceptMission
[09:03:25] [INBOUND] Initial +2 stalkers, +2 mutants (remaining S=1221 M=817)
[09:03:25] [MISSION] Igor accepted ScoutPoi @ Meadow (160 RU)
[09:03:25] [TASK] Igor → AcceptMission [ScoutPoi] (goal=AcceptMission)
[09:03:25] [GOAL] Igor achieved AcceptMission
[09:03:25] [COMBAT] Andriy Volkov 'Phantom' killed Pseudodog using wpn_ak74
[09:03:26] [COMBAT] Nodar Volkov 'Bone' killed Lurker using wpn_ak74
[09:03:26] [INBOUND] Initial +2 stalkers, +1 mutants (remaining S=1219 M=816)
[09:03:27] [RANK] Alibek Ivanov 'Stitch' → Trainee
[RankSystem] Alibek Ivanov 'Stitch' promoted to Trainee!
[09:03:27] [COMBAT] Alibek Ivanov 'Stitch' killed Snork using wpn_fn2000
[09:03:27] [COMBAT] Mikhail Petrenko 'Bone' killed Bloodsucker using wpn_ak74
[09:03:28] [INBOUND] Initial +3 stalkers, +2 mutants (remaining S=1216 M=814)
[09:03:28] [MISSION] Zura accepted ScoutPoi @ Dead City (Chernobyl-2 Settlement) (196 RU)
[09:03:28] [TASK] Zura → AcceptMission [ScoutPoi] (goal=AcceptMission)
[09:03:28] [GOAL] Zura achieved AcceptMission
[09:03:28] [COMBAT] Jake Ivanov 'Scar' killed Pseudodog using wpn_mp5
[09:03:28] [COMBAT] Lasha Volkov 'Wolf' killed Tobias Kovalenko 'Stitch' using wpn_fn2000
[09:03:29] [COMBAT] Bohdan Shevchenko 'Badger' killed Lurker using wpn_ak74
[09:03:29] [INBOUND] Initial +2 stalkers, +1 mutants (remaining S=1214 M=813)
[09:03:29] [SNAPSHOT] real=3.1min game=D0 00:06 alive S=141 M=125 corpses=277 lootable=131 gammaGear out=66 helm=123 avgRU=879 leaderGoals trade=0 mission=38 emission=Dormant nextIn=112gmin desperate=0 hungry=0 interval deaths=39 combats=56 tasks=19 gearLoot=6 gearBuy=0 missions=18 corpseDespawn=0 trickleSpawns=0 ranks=[Rookie:137,Trainee:4] goals=[CompleteMission::37,Idle:25,Traveling:12,AcceptMission::1] leaders: Taras[Rookie/Idle], Igor[Rookie/CompleteMission:], Marcus[Rookie/CompleteMission:], Dmytro[Rookie/CompleteMission:], Serhiy[Rookie/Idle]
[09:03:29] [MISSION] Nikolai accepted ScoutPoi @ Garbage (160 RU)
[09:03:29] [TASK] Nikolai → AcceptMission [ScoutPoi] (goal=AcceptMission)
[09:03:29] [GOAL] Nikolai achieved AcceptMission
[09:03:31] [INBOUND] Initial +2 stalkers, +1 mutants (remaining S=1212 M=812)
[09:03:31] [COMBAT] Mykola Popov 'Raven' killed Andriy Shevchenko 'One-Eye' using wpn_ak74
[09:03:32] [INBOUND] Initial +2 stalkers, +2 mutants (remaining S=1210 M=810)
[09:03:32] [MISSION] Bohdan accepted ScoutPoi @ Dark Valley (190 RU)
[09:03:32] [TASK] Bohdan → AcceptMission [ScoutPoi] (goal=AcceptMission)
[09:03:32] [GOAL] Bohdan achieved AcceptMission
[09:03:33] [MISSION] Dmytro accepted ScoutPoi @ Great Swamps (160 RU)
[09:03:33] [TASK] Dmytro → AcceptMission [ScoutPoi] (goal=AcceptMission)
[09:03:33] [GOAL] Dmytro achieved AcceptMission
[09:03:33] [COMBAT] Igor Bondarenko 'Crow' killed Poltergeist using wpn_fn2000
[09:03:34] [INBOUND] Initial +2 stalkers, +1 mutants (remaining S=1208 M=809)
[09:03:34] [MISSION] Dmitri accepted ScoutPoi @ Cordon (160 RU)
[09:03:34] [TASK] Dmitri → AcceptMission [ScoutPoi] (goal=AcceptMission)
[09:03:34] [GOAL] Dmitri achieved AcceptMission
[09:03:35] [COMBAT] Igor Petrenko 'Bullet' killed Flesh using wpn_mp5
[09:03:35] [COMBAT] Nikolai Popov 'Scar' killed Lurker using wpn_mp5
[09:03:35] [COMBAT] Zura Petrenko 'Stitch' killed Dmytro Bondarenko 'Spark' using wpn_pm
[09:03:35] [GEAR] Zura looted [wpn_ak74, out_stalker_tigerstripe_outfit, helm_helm_ppm88] via combat
[09:03:36] [INBOUND] Initial +2 stalkers, +2 mutants (remaining S=1206 M=807)
[09:03:36] [MISSION] Bohdan accepted ScoutPoi @ Truck Cemetery (200 RU)
[09:03:36] [TASK] Bohdan → AcceptMission [ScoutPoi] (goal=AcceptMission)
[09:03:36] [GOAL] Bohdan achieved AcceptMission
[09:03:36] [COMBAT] Oleg Melnyk 'Fox' killed PsyDog using wpn_ak74
[09:03:37] [INBOUND] Initial +2 stalkers, +1 mutants (remaining S=1204 M=806)
[09:03:38] [COMBAT] Oleg Kovalenko 'Scar' killed Rat using wpn_ak74
[09:03:38] [RANK] Barkeep → Trainee
[RankSystem] Barkeep promoted to Trainee!
[09:03:38] [COMBAT] Barkeep killed Fracture using wpn_aksu
[09:03:39] [INBOUND] Initial +2 stalkers, +1 mutants (remaining S=1202 M=805)
[09:03:39] [MISSION] Alibek accepted ScoutPoi @ Jupiter (Pripyat Industrial) (196 RU)
[09:03:39] [TASK] Alibek → AcceptMission [ScoutPoi] (goal=AcceptMission)
[09:03:39] [GOAL] Alibek achieved AcceptMission
[09:03:40] [COMBAT] Andrei Sokolov 'Viper' killed Andrei Popov 'Fox' using wpn_pm
[09:03:40] [GEAR] Andrei looted [wpn_fort12, wpn_pm, out_stalker_salamander_outfit, helm_hardhat] via combat
[09:03:40] [INBOUND] Initial +2 stalkers, +2 mutants (remaining S=1200 M=803)
[09:03:40] [MISSION] Viktor accepted ScoutPoi @ Army Warehouses (168 RU)
[09:03:40] [TASK] Viktor → AcceptMission [ScoutPoi] (goal=AcceptMission)
[09:03:40] [GOAL] Viktor achieved AcceptMission
[09:03:42] [INBOUND] Initial +2 stalkers, +1 mutants (remaining S=1198 M=802)
[09:03:42] [MISSION] Mykola accepted ScoutPoi @ Great Swamps (160 RU)
[09:03:42] [TASK] Mykola → AcceptMission [ScoutPoi] (goal=AcceptMission)
[09:03:42] [GOAL] Mykola achieved AcceptMission
[09:03:43] [INBOUND] Initial +2 stalkers, +1 mutants (remaining S=1196 M=801)
[09:03:43] [MISSION] Viktor accepted ScoutPoi @ Agroprom (164 RU)
[09:03:43] [TASK] Viktor → AcceptMission [ScoutPoi] (goal=AcceptMission)
[09:03:43] [GOAL] Viktor achieved AcceptMission
[09:03:45] [INBOUND] Initial +2 stalkers, +2 mutants (remaining S=1194 M=799)
[09:03:45] [COMBAT] Andriy Kovalenko 'Viper' killed BlindDog using wpn_sg550
[09:03:45] [COMBAT] Andrei Petrenko 'Bone' killed Nikolai Shevchenko 'Viper' using wpn_fn2000
[09:03:46] [INBOUND] Initial +2 stalkers, +1 mutants (remaining S=1192 M=798)
[09:03:47] [COMBAT] Mykola Ivanov 'Phantom' killed Poltergeist using wpn_aksu
[09:03:48] [INBOUND] Initial +3 stalkers, +2 mutants (remaining S=1189 M=796)
[09:03:48] [MISSION] Alexei accepted ScoutPoi @ Chernobyl Town (160 RU)
[09:03:48] [TASK] Alexei → AcceptMission [ScoutPoi] (goal=AcceptMission)
[09:03:48] [GOAL] Alexei achieved AcceptMission
[09:03:48] [COMBAT] Alibek Ivanov 'Stitch' killed Viktor Petrenko 'Mole' using wpn_fn2000
[09:03:48] [GEAR] Alibek looted [arm_freedom] via combat
[09:03:49] [INBOUND] Initial +2 stalkers, +1 mutants (remaining S=1187 M=795)
[09:03:50] [INBOUND] Initial +2 stalkers, +1 mutants (remaining S=1185 M=794)
[09:03:50] [MISSION] Nodar accepted ScoutPoi @ Agroprom (164 RU)
[09:03:50] [TASK] Nodar → AcceptMission [ScoutPoi] (goal=AcceptMission)
[09:03:50] [GOAL] Nodar achieved AcceptMission
[09:03:51] [COMBAT] Pavel Sokolov 'Stitch' killed Boar using wpn_fn2000
[09:03:51] [COMBAT] Igor Melnyk 'Stitch' killed Andrei Volkov 'Wolf' using wpn_mp5
[09:03:51] [GEAR] Igor looted [wpn_fn2000] via combat
[09:03:52] [INBOUND] Initial +2 stalkers, +2 mutants (remaining S=1183 M=792)
[09:03:52] [MISSION] Heinrich accepted ScoutPoi @ Wild Territory (176 RU)
[09:03:52] [TASK] Heinrich → AcceptMission [ScoutPoi] (goal=AcceptMission)
[09:03:52] [GOAL] Heinrich achieved AcceptMission
[09:03:53] [COMBAT] Alexei Ivanov 'Ugly' killed Zura Melnyk 'Wolf' using wpn_pm
[09:03:53] [GEAR] Alexei looted [wpn_sg550, arm_duty, helm_tactic] via combat
[09:03:53] [COMBAT] Dmytro Sokolov 'Jackal' killed Tobias Ivanov 'Viper' using wpn_ak74
[09:03:54] [INBOUND] Initial +2 stalkers, +1 mutants (remaining S=1181 M=791)
[09:03:55] [INBOUND] Initial +2 stalkers, +2 mutants (remaining S=1179 M=789)
[09:03:55] [MISSION] Oleg accepted ScoutPoi @ Meadow (160 RU)
[09:03:55] [TASK] Oleg → AcceptMission [ScoutPoi] (goal=AcceptMission)
[09:03:55] [GOAL] Oleg achieved AcceptMission
[09:03:55] [COMBAT] Zura Ivanov 'Scar' killed Poltergeist using wpn_fn2000
[09:03:55] [MISSION] Alexei arrived for ScoutPoi @ Abandoned Outpost (travel=470m, work=226s game)
[09:03:56] [INBOUND] Initial +2 stalkers, +1 mutants (remaining S=1177 M=788)
[09:03:57] [TASK] Nikolai → FulfillMission [ScoutPoi] (goal=CompleteMission)
[09:03:57] [MISSION] Nikolai objective done ScoutPoi @ Ruined Watchtower → return to Red Forest
[09:03:57] [TASK] Damir → FulfillMission [ScoutPoi] (goal=CompleteMission)
[09:03:57] [MISSION] Damir objective done ScoutPoi @ Makeshift Hut → return to Duga Radar
[09:03:57] [TASK] Oleg → FulfillMission [ScoutPoi] (goal=CompleteMission)
[09:03:57] [MISSION] Oleg objective done ScoutPoi @ Fishing Hamlet → return to Chernobyl Town
[09:03:57] [TASK] Mykola → FulfillMission [ScoutPoi] (goal=CompleteMission)
[09:03:57] [MISSION] Mykola objective done ScoutPoi @ Hidden Cairn → return to Truck Cemetery
[09:03:57] [TASK] Nikolai → FulfillMission [ScoutPoi] (goal=CompleteMission)
[09:03:57] [MISSION] Nikolai objective done ScoutPoi @ Ruined Pillbox → return to Cordon
[09:03:57] [TASK] Professor → FulfillMission [ScoutPoi] (goal=CompleteMission)
[09:03:57] [MISSION] Professor objective done ScoutPoi @ Collapsed Camp → return to Yantar
[09:03:57] [TASK] Barkeep → FulfillMission [ScoutPoi] (goal=CompleteMission)
[09:03:57] [MISSION] Barkeep objective done ScoutPoi @ Collapsed Cairn → return to Rostok
[09:03:58] [INBOUND] Initial +2 stalkers, +1 mutants (remaining S=1175 M=787)
[09:03:58] [MISSION] Dmitri accepted ScoutPoi @ Agroprom (164 RU)
[09:03:58] [TASK] Dmitri → AcceptMission [ScoutPoi] (goal=AcceptMission)
[09:03:58] [GOAL] Dmitri achieved AcceptMission
[09:03:58] [TASK] Oleg → FulfillMission [ScoutPoi] (goal=CompleteMission)
[09:03:58] [MISSION] Oleg objective done ScoutPoi @ Hidden Shack → return to Meadow
[09:03:58] [TASK] Heinrich → FulfillMission [ScoutPoi] (goal=CompleteMission)
[09:03:58] [MISSION] Heinrich objective done ScoutPoi @ Forgotten Outpost → return to Wild Territory
[09:03:58] [TASK] Nodar → FulfillMission [ScoutPoi] (goal=CompleteMission)
[09:03:58] [MISSION] Nodar objective done ScoutPoi @ Abandoned Outpost → return to Agroprom
[09:03:58] [TASK] Igor → FulfillMission [ScoutPoi] (goal=CompleteMission)
[09:03:58] [MISSION] Igor objective done ScoutPoi @ Hidden Shack → return to Meadow
[09:03:58] [TASK] Marcus → FulfillMission [ScoutPoi] (goal=CompleteMission)
[09:03:58] [MISSION] Marcus objective done ScoutPoi @ Mutant Den #1 near Chernobyl Town → return to Dead City (Chernobyl-2 Settlement)
[09:03:58] [TASK] Dmytro → FulfillMission [ScoutPoi] (goal=CompleteMission)
[09:03:58] [MISSION] Dmytro objective done ScoutPoi @ Collapsed Cairn → return to Rostok
[09:03:58] [TASK] Alexei → FulfillMission [ScoutPoi] (goal=CompleteMission)
[09:03:58] [MISSION] Alexei objective done ScoutPoi @ Fishing Hamlet → return to Chernobyl Town
[09:03:58] [TASK] Viktor → FulfillMission [ScoutPoi] (goal=CompleteMission)
[09:03:58] [MISSION] Viktor objective done ScoutPoi @ Abandoned Outpost → return to Agroprom
[09:03:58] [TASK] Mykola → FulfillMission [ScoutPoi] (goal=CompleteMission)
[09:03:58] [MISSION] Mykola objective done ScoutPoi @ Overgrown Bus → return to Great Swamps
[09:03:58] [TASK] Alibek → FulfillMission [ScoutPoi] (goal=CompleteMission)
[09:03:58] [MISSION] Alibek objective done ScoutPoi @ Lenin Statue Square → return to Jupiter (Pripyat Industrial)
[09:03:58] [TASK] Bohdan → FulfillMission [ScoutPoi] (goal=CompleteMission)
[09:03:58] [MISSION] Bohdan objective done ScoutPoi @ Hidden Cairn → return to Truck Cemetery
[09:03:58] [TASK] Dmitri → FulfillMission [ScoutPoi] (goal=CompleteMission)
[09:03:58] [MISSION] Dmitri objective done ScoutPoi @ Ruined Pillbox → return to Cordon
[09:03:58] [TASK] Bohdan → FulfillMission [ScoutPoi] (goal=CompleteMission)
[09:03:58] [MISSION] Bohdan objective done ScoutPoi @ Pillbox Rest (Meadow-Garbage) → return to Dark Valley
[09:03:58] [TASK] Nikolai → FulfillMission [ScoutPoi] (goal=CompleteMission)
[09:03:58] [MISSION] Nikolai objective done ScoutPoi @ Forgotten Outpost → return to Garbage
[09:03:58] [TASK] Zura → FulfillMission [ScoutPoi] (goal=CompleteMission)
[09:03:58] [MISSION] Zura objective done ScoutPoi @ Mutant Den #1 near Chernobyl Town → return to Dead City (Chernobyl-2 Settlement)
[09:03:58] [TASK] Igor → FulfillMission [ScoutPoi] (goal=CompleteMission)
[09:03:58] [MISSION] Igor objective done ScoutPoi @ Collapsed Cairn → return to Rostok
[09:03:58] [TASK] Nikolai → FulfillMission [ScoutPoi] (goal=CompleteMission)
[09:03:58] [MISSION] Nikolai objective done ScoutPoi @ Hidden Cairn → return to Truck Cemetery
[09:03:58] [TASK] Mikhail → FulfillMission [ScoutPoi] (goal=CompleteMission)
[09:03:58] [MISSION] Mikhail objective done ScoutPoi @ Pillbox Rest (Agroprom-Yantar) → return to Zaton
[09:03:58] [TASK] Mykola → FulfillMission [ScoutPoi] (goal=CompleteMission)
[09:03:58] [MISSION] Mykola objective done ScoutPoi @ Pillbox Rest (Meadow-Garbage) → return to Dark Valley
[09:03:58] [TASK] Sergei → FulfillMission [ScoutPoi] (goal=CompleteMission)
[09:03:58] [MISSION] Sergei objective done ScoutPoi @ Hidden Cairn → return to Truck Cemetery
[09:03:58] [TASK] Vasyl → FulfillMission [ScoutPoi] (goal=CompleteMission)
[09:03:58] [MISSION] Vasyl objective done ScoutPoi @ Lenin Statue Square → return to Jupiter (Pripyat Industrial)
[09:03:58] [TASK] Dmitri → FulfillMission [ScoutPoi] (goal=CompleteMission)
[09:03:58] [MISSION] Dmitri objective done ScoutPoi @ Abandoned Outpost → return to Agroprom
[09:03:58] [TASK] Mikhail → FulfillMission [ScoutPoi] (goal=CompleteMission)
[09:03:58] [MISSION] Mikhail objective done ScoutPoi @ Ruined Watchtower → return to Red Forest
[09:03:58] [TASK] Ivan → FulfillMission [ScoutPoi] (goal=CompleteMission)
[09:03:58] [MISSION] Ivan objective done ScoutPoi @ Collapsed Camp → return to Yantar
[09:03:58] [TASK] Alexei → FulfillMission [ScoutPoi] (goal=CompleteMission)
[09:03:58] [MISSION] Alexei objective done ScoutPoi @ Abandoned Outpost → return to Agroprom
[09:03:58] [TASK] Alibek → FulfillMission [ScoutPoi] (goal=CompleteMission)
[09:03:58] [MISSION] Alibek objective done ScoutPoi @ Abandoned Outpost → return to Kopachi
[09:03:58] [TASK] Andrei → FulfillMission [ScoutPoi] (goal=CompleteMission)
[09:03:58] [MISSION] Andrei objective done ScoutPoi @ Hidden Cairn → return to Truck Cemetery
[09:03:58] [TASK] Lasha → FulfillMission [ScoutPoi] (goal=CompleteMission)
[09:03:58] [MISSION] Lasha objective done ScoutPoi @ Collapsed Camp → return to Yantar
[09:03:58] [TASK] Serhiy → FulfillMission [ScoutPoi] (goal=CompleteMission)
[09:03:58] [MISSION] Serhiy objective done ScoutPoi @ Pillbox Rest (Rostok-Truck Ce) → return to Buriakivka Waste Site
[09:03:58] [TASK] Jake → FulfillMission [ScoutPoi] (goal=CompleteMission)
[09:03:58] [MISSION] Jake objective done ScoutPoi @ Collapsed Camp → return to Yantar
[09:03:58] [TASK] Igor → FulfillMission [ScoutPoi] (goal=CompleteMission)
[09:03:58] [MISSION] Igor objective done ScoutPoi @ Collapsed Camp → return to Yantar
[09:03:58] [TASK] Nikolai → FulfillMission [ScoutPoi] (goal=CompleteMission)
[09:03:58] [MISSION] Nikolai objective done ScoutPoi @ Ruined Watchtower → return to Red Forest
[09:03:58] [TASK] Connor → FulfillMission [ScoutPoi] (goal=CompleteMission)
[09:03:58] [MISSION] Connor objective done ScoutPoi @ Hidden Cairn → return to Truck Cemetery
[09:03:58] [TASK] Nikolai → TurnInMission [ScoutPoi] (goal=CompleteMission)
[09:03:58] [MISSION] Nikolai turned in ScoutPoi @ Red Forest (+160 RU)
[09:03:58] [GOAL] Nikolai achieved CompleteMission
[09:03:58] [TASK] Mykola → TurnInMission [ScoutPoi] (goal=CompleteMission)
[09:03:58] [MISSION] Mykola turned in ScoutPoi @ Truck Cemetery (+200 RU)
[09:03:58] [GOAL] Mykola achieved CompleteMission
[09:03:58] [TASK] Nikolai → TurnInMission [ScoutPoi] (goal=CompleteMission)
[09:03:58] [MISSION] Nikolai turned in ScoutPoi @ Cordon (+160 RU)
[09:03:58] [GOAL] Nikolai achieved CompleteMission
[09:03:58] [TASK] Professor → TurnInMission [ScoutPoi] (goal=CompleteMission)
[09:03:58] [MISSION] Professor turned in ScoutPoi @ Yantar (+160 RU)
[09:03:58] [GOAL] Professor achieved CompleteMission
[09:03:58] [TASK] Barkeep → TurnInMission [ScoutPoi] (goal=CompleteMission)
[09:03:58] [MISSION] Barkeep turned in ScoutPoi @ Rostok (+160 RU)
[09:03:58] [GOAL] Barkeep achieved CompleteMission
[09:03:58] [MISSION] Nikolai accepted ScoutPoi @ Red Forest (160 RU)
[09:03:58] [TASK] Nikolai → AcceptMission [ScoutPoi] (goal=AcceptMission)
[09:03:58] [GOAL] Nikolai achieved AcceptMission
[09:03:58] [MISSION] Mykola accepted ScoutPoi @ Truck Cemetery (200 RU)
[09:03:58] [TASK] Mykola → AcceptMission [ScoutPoi] (goal=AcceptMission)
[09:03:58] [GOAL] Mykola achieved AcceptMission
[09:03:58] [MISSION] Nikolai accepted ScoutPoi @ Cordon (160 RU)
[09:03:58] [TASK] Nikolai → AcceptMission [ScoutPoi] (goal=AcceptMission)
[09:03:58] [GOAL] Nikolai achieved AcceptMission
[09:03:58] [MISSION] Professor accepted ScoutPoi @ Yantar (160 RU)
[09:03:58] [TASK] Professor → AcceptMission [ScoutPoi] (goal=AcceptMission)
[09:03:58] [GOAL] Professor achieved AcceptMission
[09:03:58] [MISSION] Barkeep accepted ScoutPoi @ Rostok (160 RU)
[09:03:58] [TASK] Barkeep → AcceptMission [ScoutPoi] (goal=AcceptMission)
[09:03:58] [GOAL] Barkeep achieved AcceptMission
[09:04:00] [RANK] Mikhail Petrenko 'Bone' → Trainee
[RankSystem] Mikhail Petrenko 'Bone' promoted to Trainee!
[09:04:00] [COMBAT] Mikhail Petrenko 'Bone' killed Controller using wpn_ak74
[09:04:01] [INBOUND] Initial +2 stalkers, +2 mutants (remaining S=1173 M=785)
[09:04:01] [SNAPSHOT] real=3.6min game=D0 00:07 alive S=144 M=142 corpses=326 lootable=166 gammaGear out=67 helm=127 avgRU=880 leaderGoals trade=0 mission=27 emission=Dormant nextIn=111gmin desperate=0 hungry=0 interval deaths=38 combats=49 tasks=64 gearLoot=5 gearBuy=0 missions=24 corpseDespawn=0 trickleSpawns=0 ranks=[Rookie:135,Trainee:8,Experienced:1] goals=[Idle:31,CompleteMission::27,Traveling:19] leaders: Andriy[Rookie/Idle], Dmitri[Rookie/CompleteMission:], Timur[Rookie/Idle], Oleg[Rookie/CompleteMission:], Bohdan[Rookie/Idle]
[09:04:01] [TASK] Oleg → TurnInMission [ScoutPoi] (goal=CompleteMission)
[09:04:01] [MISSION] Oleg turned in ScoutPoi @ Meadow (+160 RU)
[09:04:01] [GOAL] Oleg achieved CompleteMission
[09:04:01] [TASK] Heinrich → TurnInMission [ScoutPoi] (goal=CompleteMission)
[09:04:01] [MISSION] Heinrich turned in ScoutPoi @ Wild Territory (+176 RU)
[09:04:01] [GOAL] Heinrich achieved CompleteMission
[09:04:01] [TASK] Nodar → TurnInMission [ScoutPoi] (goal=CompleteMission)
[09:04:01] [MISSION] Nodar turned in ScoutPoi @ Agroprom (+164 RU)
[09:04:01] [GOAL] Nodar achieved CompleteMission
[09:04:01] [TASK] Dmytro → TurnInMission [ScoutPoi] (goal=CompleteMission)
[09:04:01] [MISSION] Dmytro turned in ScoutPoi @ Rostok (+160 RU)
[09:04:01] [GOAL] Dmytro achieved CompleteMission
[09:04:02] [TASK] Alexei → TurnInMission [ScoutPoi] (goal=CompleteMission)
[09:04:02] [MISSION] Alexei turned in ScoutPoi @ Chernobyl Town (+160 RU)
[09:04:02] [GOAL] Alexei achieved CompleteMission
[09:04:02] [TASK] Mykola → TurnInMission [ScoutPoi] (goal=CompleteMission)
[09:04:02] [MISSION] Mykola turned in ScoutPoi @ Great Swamps (+160 RU)
[09:04:02] [GOAL] Mykola achieved CompleteMission
[09:04:02] [TASK] Bohdan → TurnInMission [ScoutPoi] (goal=CompleteMission)
[09:04:02] [MISSION] Bohdan turned in ScoutPoi @ Truck Cemetery (+200 RU)
[09:04:02] [GOAL] Bohdan achieved CompleteMission
[09:04:02] [TASK] Dmitri → TurnInMission [ScoutPoi] (goal=CompleteMission)
[09:04:02] [MISSION] Dmitri turned in ScoutPoi @ Cordon (+160 RU)
[09:04:02] [GOAL] Dmitri achieved CompleteMission
[09:04:02] [TASK] Bohdan → TurnInMission [ScoutPoi] (goal=CompleteMission)
[09:04:02] [MISSION] Bohdan turned in ScoutPoi @ Dark Valley (+190 RU)
[09:04:02] [GOAL] Bohdan achieved CompleteMission
[09:04:02] [TASK] Igor → TurnInMission [ScoutPoi] (goal=CompleteMission)
[09:04:02] [MISSION] Igor turned in ScoutPoi @ Rostok (+160 RU)
[09:04:02] [GOAL] Igor achieved CompleteMission
[09:04:02] [TASK] Nikolai → TurnInMission [ScoutPoi] (goal=CompleteMission)
[09:04:02] [MISSION] Nikolai turned in ScoutPoi @ Truck Cemetery (+200 RU)
[09:04:02] [GOAL] Nikolai achieved CompleteMission
[09:04:02] [TASK] Mikhail → TurnInMission [ScoutPoi] (goal=CompleteMission)
[09:04:02] [MISSION] Mikhail turned in ScoutPoi @ Zaton (+240 RU)
[09:04:02] [GOAL] Mikhail achieved CompleteMission
[09:04:02] [TASK] Mykola → TurnInMission [ScoutPoi] (goal=CompleteMission)
[09:04:02] [MISSION] Mykola turned in ScoutPoi @ Dark Valley (+190 RU)
[09:04:02] [GOAL] Mykola achieved CompleteMission
[09:04:02] [TASK] Sergei → TurnInMission [ScoutPoi] (goal=CompleteMission)
[09:04:02] [MISSION] Sergei turned in ScoutPoi @ Truck Cemetery (+200 RU)
[09:04:02] [GOAL] Sergei achieved CompleteMission
[09:04:02] [TASK] Mikhail → TurnInMission [ScoutPoi] (goal=CompleteMission)
[09:04:02] [MISSION] Mikhail turned in ScoutPoi @ Red Forest (+160 RU)
[09:04:02] [GOAL] Mikhail achieved CompleteMission
[09:04:02] [TASK] Ivan → TurnInMission [ScoutPoi] (goal=CompleteMission)
[09:04:02] [MISSION] Ivan turned in ScoutPoi @ Yantar (+160 RU)
[09:04:02] [GOAL] Ivan achieved CompleteMission
[09:04:02] [TASK] Andrei → TurnInMission [ScoutPoi] (goal=CompleteMission)
[09:04:02] [MISSION] Andrei turned in ScoutPoi @ Truck Cemetery (+200 RU)
[09:04:02] [GOAL] Andrei achieved CompleteMission
[09:04:02] [TASK] Lasha → TurnInMission [ScoutPoi] (goal=CompleteMission)
[09:04:02] [MISSION] Lasha turned in ScoutPoi @ Yantar (+160 RU)
[09:04:02] [GOAL] Lasha achieved CompleteMission
[09:04:02] [TASK] Serhiy → TurnInMission [ScoutPoi] (goal=CompleteMission)
[09:04:02] [MISSION] Serhiy turned in ScoutPoi @ Buriakivka Waste Site (+236 RU)
[09:04:02] [GOAL] Serhiy achieved CompleteMission
[09:04:02] [TASK] Jake → TurnInMission [ScoutPoi] (goal=CompleteMission)
[09:04:02] [MISSION] Jake turned in ScoutPoi @ Yantar (+160 RU)
[09:04:02] [GOAL] Jake achieved CompleteMission
[09:04:02] [TASK] Igor → TurnInMission [ScoutPoi] (goal=CompleteMission)
[09:04:02] [MISSION] Igor turned in ScoutPoi @ Yantar (+160 RU)
[09:04:02] [GOAL] Igor achieved CompleteMission
[09:04:02] [TASK] Nikolai → TurnInMission [ScoutPoi] (goal=CompleteMission)
[09:04:02] [MISSION] Nikolai turned in ScoutPoi @ Red Forest (+160 RU)
[09:04:02] [GOAL] Nikolai achieved CompleteMission
[09:04:02] [TASK] Connor → TurnInMission [ScoutPoi] (goal=CompleteMission)
[09:04:02] [MISSION] Connor turned in ScoutPoi @ Truck Cemetery (+200 RU)
[09:04:02] [GOAL] Connor achieved CompleteMission
[09:04:02] [MISSION] Oleg accepted ScoutPoi @ Meadow (160 RU)
[09:04:02] [TASK] Oleg → AcceptMission [ScoutPoi] (goal=AcceptMission)
[09:04:02] [GOAL] Oleg achieved AcceptMission
[09:04:02] [MISSION] Heinrich accepted ScoutPoi @ Wild Territory (176 RU)
[09:04:02] [TASK] Heinrich → AcceptMission [ScoutPoi] (goal=AcceptMission)
[09:04:02] [GOAL] Heinrich achieved AcceptMission
[09:04:02] [MISSION] Nodar accepted ScoutPoi @ Agroprom (164 RU)
[09:04:02] [TASK] Nodar → AcceptMission [ScoutPoi] (goal=AcceptMission)
[09:04:02] [GOAL] Nodar achieved AcceptMission
[09:04:02] [MISSION] Dmytro accepted ScoutPoi @ Rostok (160 RU)
[09:04:02] [TASK] Dmytro → AcceptMission [ScoutPoi] (goal=AcceptMission)
[09:04:02] [GOAL] Dmytro achieved AcceptMission
[09:04:02] [MISSION] Alexei accepted ScoutPoi @ Chernobyl Town (160 RU)
[09:04:02] [TASK] Alexei → AcceptMission [ScoutPoi] (goal=AcceptMission)
[09:04:02] [GOAL] Alexei achieved AcceptMission
[09:04:02] [MISSION] Mykola accepted ScoutPoi @ Great Swamps (160 RU)
[09:04:02] [TASK] Mykola → AcceptMission [ScoutPoi] (goal=AcceptMission)
[09:04:02] [GOAL] Mykola achieved AcceptMission
[09:04:02] [MISSION] Bohdan accepted ScoutPoi @ Truck Cemetery (200 RU)
[09:04:02] [TASK] Bohdan → AcceptMission [ScoutPoi] (goal=AcceptMission)
[09:04:02] [GOAL] Bohdan achieved AcceptMission
[09:04:02] [MISSION] Dmitri accepted ScoutPoi @ Cordon (160 RU)
[09:04:02] [TASK] Dmitri → AcceptMission [ScoutPoi] (goal=AcceptMission)
[09:04:02] [GOAL] Dmitri achieved AcceptMission
[09:04:02] [MISSION] Bohdan accepted ScoutPoi @ Dark Valley (190 RU)
[09:04:02] [TASK] Bohdan → AcceptMission [ScoutPoi] (goal=AcceptMission)
[09:04:02] [GOAL] Bohdan achieved AcceptMission
[09:04:02] [MISSION] Igor accepted ScoutPoi @ Rostok (160 RU)
[09:04:02] [TASK] Igor → AcceptMission [ScoutPoi] (goal=AcceptMission)
[09:04:02] [GOAL] Igor achieved AcceptMission
[09:04:02] [MISSION] Nikolai accepted ScoutPoi @ Truck Cemetery (200 RU)
[09:04:02] [TASK] Nikolai → AcceptMission [ScoutPoi] (goal=AcceptMission)
[09:04:02] [GOAL] Nikolai achieved AcceptMission
[09:04:02] [MISSION] Mikhail accepted ScoutPoi @ Zaton (240 RU)
[09:04:02] [TASK] Mikhail → AcceptMission [ScoutPoi] (goal=AcceptMission)
[09:04:02] [GOAL] Mikhail achieved AcceptMission
[09:04:02] [MISSION] Mykola accepted ScoutPoi @ Dark Valley (190 RU)
[09:04:02] [TASK] Mykola → AcceptMission [ScoutPoi] (goal=AcceptMission)
[09:04:02] [GOAL] Mykola achieved AcceptMission
[09:04:02] [MISSION] Sergei accepted ScoutPoi @ Truck Cemetery (200 RU)
[09:04:02] [TASK] Sergei → AcceptMission [ScoutPoi] (goal=AcceptMission)
[09:04:02] [GOAL] Sergei achieved AcceptMission
[09:04:02] [MISSION] Mikhail accepted ScoutPoi @ Red Forest (160 RU)
[09:04:02] [TASK] Mikhail → AcceptMission [ScoutPoi] (goal=AcceptMission)
[09:04:02] [GOAL] Mikhail achieved AcceptMission
[09:04:02] [MISSION] Ivan accepted ScoutPoi @ Yantar (160 RU)
[09:04:02] [TASK] Ivan → AcceptMission [ScoutPoi] (goal=AcceptMission)
[09:04:02] [GOAL] Ivan achieved AcceptMission
[09:04:02] [MISSION] Andrei accepted ScoutPoi @ Truck Cemetery (200 RU)
[09:04:02] [TASK] Andrei → AcceptMission [ScoutPoi] (goal=AcceptMission)
[09:04:02] [GOAL] Andrei achieved AcceptMission
[09:04:02] [MISSION] Lasha accepted ScoutPoi @ Yantar (160 RU)
[09:04:02] [TASK] Lasha → AcceptMission [ScoutPoi] (goal=AcceptMission)
[09:04:02] [GOAL] Lasha achieved AcceptMission
[09:04:02] [MISSION] Serhiy accepted ScoutPoi @ Buriakivka Waste Site (236 RU)
[09:04:02] [TASK] Serhiy → AcceptMission [ScoutPoi] (goal=AcceptMission)
[09:04:02] [GOAL] Serhiy achieved AcceptMission
[09:04:02] [MISSION] Jake accepted ScoutPoi @ Yantar (160 RU)
[09:04:02] [TASK] Jake → AcceptMission [ScoutPoi] (goal=AcceptMission)
[09:04:02] [GOAL] Jake achieved AcceptMission
[09:04:02] [MISSION] Igor accepted ScoutPoi @ Yantar (160 RU)
[09:04:02] [TASK] Igor → AcceptMission [ScoutPoi] (goal=AcceptMission)
[09:04:02] [GOAL] Igor achieved AcceptMission
[09:04:02] [MISSION] Nikolai accepted ScoutPoi @ Red Forest (160 RU)
[09:04:02] [TASK] Nikolai → AcceptMission [ScoutPoi] (goal=AcceptMission)
[09:04:02] [GOAL] Nikolai achieved AcceptMission
[09:04:02] [MISSION] Connor accepted ScoutPoi @ Truck Cemetery (200 RU)
[09:04:02] [TASK] Connor → AcceptMission [ScoutPoi] (goal=AcceptMission)
[09:04:02] [GOAL] Connor achieved AcceptMission
[09:04:06] [RANK] Professor Sakharov → Experienced
[RankSystem] Professor Sakharov promoted to Experienced!
[09:04:06] [COMBAT] Professor Sakharov killed Burer using wpn_aksu
[09:04:06] [COMBAT] Sergei Melnyk 'Wolf' killed BlindDog using wpn_sg550
[09:04:06] [INBOUND] Initial +2 stalkers, +1 mutants (remaining S=1171 M=784)
[09:04:06] [COMBAT] Yuriy Petrenko 'Mole' killed Fracture using wpn_spas12
[09:04:07] [COMBAT] Damir Petrenko 'Wolf' killed Dmitri Ivanov 'Wolf' using wpn_sg550
[09:04:07] [GEAR] Damir looted [wpn_sg550, arm_duty] via combat
[09:04:08] [INBOUND] Initial +2 stalkers, +2 mutants (remaining S=1169 M=782)
[09:04:08] [MISSION] Bakhyt accepted ScoutPoi @ Jupiter (Pripyat Industrial) (196 RU)
[09:04:08] [TASK] Bakhyt → AcceptMission [ScoutPoi] (goal=AcceptMission)
[09:04:08] [GOAL] Bakhyt achieved AcceptMission
[09:04:08] [COMBAT] Barkeep killed Fracture using wpn_aksu
[09:04:08] [COMBAT] Igor Petrov 'Stitch' killed Pseudodog using wpn_ak74
[09:04:08] [COMBAT] Mykola Ivanov 'Broken Nose' killed Boar using wpn_sg550
[09:04:09] [INBOUND] Initial +2 stalkers, +1 mutants (remaining S=1167 M=781)
[09:04:09] [MISSION] Alexei accepted ScoutPoi @ Generators (236 RU)
[09:04:09] [TASK] Alexei → AcceptMission [ScoutPoi] (goal=AcceptMission)
[09:04:09] [GOAL] Alexei achieved AcceptMission
[09:04:10] [COMBAT] Vasyl Petrenko 'Shadow' killed Taras Kovalenko 'Crow' using wpn_ak74
[09:04:10] [GEAR] Vasyl looted [wpn_ak74, arm_exo, helm_tactic] via combat
[09:04:11] [INBOUND] Initial +2 stalkers, +1 mutants (remaining S=1165 M=780)
[09:04:11] [MISSION] Heinrich accepted ScoutPoi @ Army Warehouses (168 RU)
[09:04:11] [TASK] Heinrich → AcceptMission [ScoutPoi] (goal=AcceptMission)
[09:04:11] [GOAL] Heinrich achieved AcceptMission
[09:04:11] [COMBAT] Yuriy Sokolov 'Stitch' killed Burer using wpn_fn2000
[09:04:12] [INBOUND] Initial +3 stalkers, +2 mutants (remaining S=1162 M=778)
[09:04:13] [COMBAT] Yuriy Ivanov 'Badger' killed Dog using wpn_sg550
[09:04:14] [INBOUND] Initial +2 stalkers, +1 mutants (remaining S=1160 M=777)
[09:04:14] [MISSION] Mykola accepted ScoutPoi @ Red Forest (160 RU)
[09:04:14] [TASK] Mykola → AcceptMission [ScoutPoi] (goal=AcceptMission)
[09:04:14] [GOAL] Mykola achieved AcceptMission
[09:04:14] [COMBAT] Marcus Bondarenko 'Spark' killed Pseudodog using wpn_sg550
[09:04:16] [INBOUND] Initial +2 stalkers, +1 mutants (remaining S=1158 M=776)
[09:04:16] [MISSION] Pavel accepted ScoutPoi @ Pripyat (196 RU)
[09:04:16] [TASK] Pavel → AcceptMission [ScoutPoi] (goal=AcceptMission)
[09:04:16] [GOAL] Pavel achieved AcceptMission
[09:04:16] [COMBAT] Alibek Ivanov 'Stitch' killed Bloodsucker using wpn_fn2000
[09:04:16] [COMBAT] Oleg Kovalenko 'Scar' killed Dog using wpn_ak74
[09:04:16] [COMBAT] Alibek Melnyk 'Viper' killed Ivan Sokolov 'Crow' using wpn_pm
[09:04:16] [GEAR] Alibek looted [wpn_ak74, wpn_mp5, out_monolith_exolight_outfit, helm_helm_protective] via combat
[09:04:17] [INBOUND] Initial +2 stalkers, +2 mutants (remaining S=1156 M=774)
[09:04:17] [MISSION] Bohdan accepted ScoutPoi @ Yantar (160 RU)
[09:04:17] [TASK] Bohdan → AcceptMission [ScoutPoi] (goal=AcceptMission)
[09:04:17] [GOAL] Bohdan achieved AcceptMission
[09:04:18] [COMBAT] Oleg Bondarenko 'Bone' killed Andrei Ivanov 'Whisper' using wpn_fn2000
[09:04:19] [INBOUND] Initial +2 stalkers, +1 mutants (remaining S=1154 M=773)
[09:04:19] [RANK] Oleg Melnyk 'Fox' → Trainee
[RankSystem] Oleg Melnyk 'Fox' promoted to Trainee!
[09:04:19] [COMBAT] Oleg Melnyk 'Fox' killed Boar using wpn_ak74
[09:04:21] [INBOUND] Initial +2 stalkers, +2 mutants (remaining S=1152 M=771)
[09:04:22] [INBOUND] Initial +2 stalkers, +1 mutants (remaining S=1150 M=770)
[09:04:22] [MISSION] Andriy accepted ScoutPoi @ Red Forest (160 RU)
[09:04:22] [TASK] Andriy → AcceptMission [ScoutPoi] (goal=AcceptMission)
[09:04:22] [GOAL] Andriy achieved AcceptMission
[09:04:24] [INBOUND] Initial +2 stalkers, +1 mutants (remaining S=1148 M=769)
[09:04:24] [MISSION] Dmitri accepted ScoutPoi @ Pripyat (196 RU)
[09:04:24] [TASK] Dmitri → AcceptMission [ScoutPoi] (goal=AcceptMission)
[09:04:24] [GOAL] Dmitri achieved AcceptMission
[09:04:24] [COMBAT] Mykola Ivanov 'Spark' killed Snork using wpn_fn2000
[09:04:25] [COMBAT] Nikolai Volkov 'Spark' killed Snork using wpn_fn2000
[09:04:25] [INBOUND] Initial +2 stalkers, +2 mutants (remaining S=1146 M=767)
[09:04:25] [MISSION] Pavel accepted ScoutPoi @ Cordon (160 RU)
[09:04:25] [TASK] Pavel → AcceptMission [ScoutPoi] (goal=AcceptMission)
[09:04:25] [GOAL] Pavel achieved AcceptMission
[09:04:27] [INBOUND] Initial +2 stalkers, +1 mutants (remaining S=1144 M=766)
[09:04:27] [MISSION] Yuriy accepted ScoutPoi @ Chernobyl Town (160 RU)
[09:04:27] [TASK] Yuriy → AcceptMission [ScoutPoi] (goal=AcceptMission)
[09:04:27] [GOAL] Yuriy achieved AcceptMission
[09:04:27] [COMBAT] Heinrich Sokolov 'Crow' killed Igor Melnyk 'Stitch' using wpn_aksu
[09:04:27] [GEAR] Heinrich looted [wpn_fn2000] via combat
[09:04:28] [INBOUND] Initial +2 stalkers, +2 mutants (remaining S=1142 M=764)
[09:04:28] [MISSION] Alibek accepted ScoutPoi @ Army Warehouses (168 RU)
[09:04:28] [TASK] Alibek → AcceptMission [ScoutPoi] (goal=AcceptMission)
[09:04:28] [GOAL] Alibek achieved AcceptMission
[09:04:28] [MISSION] Zura accepted ScoutPoi @ Deserted Hospital (200 RU)
[09:04:28] [TASK] Zura → AcceptMission [ScoutPoi] (goal=AcceptMission)
[09:04:28] [GOAL] Zura achieved AcceptMission
[09:04:30] [INBOUND] Initial +2 stalkers, +1 mutants (remaining S=1140 M=763)
[09:04:30] [MISSION] Armen accepted ScoutPoi @ Cordon (160 RU)
[09:04:30] [TASK] Armen → AcceptMission [ScoutPoi] (goal=AcceptMission)
[09:04:30] [GOAL] Armen achieved AcceptMission
[09:04:30] [COMBAT] Bohdan Shevchenko 'Badger' killed Pavel Sokolov 'Broken Nose' using wpn_ak74
[09:04:31] [COMBAT] Barkeep killed Nodar Melnyk 'Wolf' using wpn_aksu
[09:04:31] [GEAR] Barkeep looted [helm_helm_hardhat] via combat
[09:04:31] [INBOUND] Initial +2 stalkers, +1 mutants (remaining S=1138 M=762)
[09:04:31] [SNAPSHOT] real=4.1min game=D0 00:08 alive S=145 M=151 corpses=374 lootable=198 gammaGear out=72 helm=128 avgRU=901 leaderGoals trade=0 mission=36 emission=Dormant nextIn=110gmin desperate=0 hungry=0 interval deaths=34 combats=48 tasks=59 gearLoot=5 gearBuy=0 missions=59 corpseDespawn=0 trickleSpawns=0 ranks=[Rookie:129,Trainee:11,Experienced:5] goals=[CompleteMission::35,Idle:29,Traveling:12,AcceptMission::1] leaders: Yuriy[Rookie/AcceptMission:], Armen[Rookie/CompleteMission:], Dmitri[Rookie/CompleteMission:], Andriy[Rookie/CompleteMission:], Timur[Rookie/Idle]
[09:04:32] [MISSION] Yuriy accepted ScoutPoi @ Deserted Hospital (200 RU)
[09:04:32] [TASK] Yuriy → AcceptMission [ScoutPoi] (goal=AcceptMission)
[09:04:32] [GOAL] Yuriy achieved AcceptMission
[09:04:33] [INBOUND] Initial +2 stalkers, +2 mutants (remaining S=1136 M=760)
[09:04:33] [MISSION] Mikhail accepted ScoutPoi @ Meadow (160 RU)
[09:04:33] [TASK] Mikhail → AcceptMission [ScoutPoi] (goal=AcceptMission)
[09:04:33] [GOAL] Mikhail achieved AcceptMission
[09:04:33] [COMBAT] Andriy Volkov 'Phantom' killed Dmitri Petrenko 'Jackal' using wpn_ak74
[09:04:33] [GEAR] Andriy looted [wpn_fn2000, out_military_monolit_outfit, helm_helm_tactic] via combat
[09:04:34] [INBOUND] Initial +3 stalkers, +1 mutants (remaining S=1133 M=759)
[09:04:34] [MISSION] Alexei accepted ScoutPoi @ Agroprom (164 RU)
[09:04:34] [TASK] Alexei → AcceptMission [ScoutPoi] (goal=AcceptMission)
[09:04:34] [GOAL] Alexei achieved AcceptMission
[09:04:34] [MISSION] Ivan accepted ScoutPoi @ Meadow (160 RU)
[09:04:34] [TASK] Ivan → AcceptMission [ScoutPoi] (goal=AcceptMission)
[09:04:34] [GOAL] Ivan achieved AcceptMission
[09:04:35] [COMBAT] Viktor Ivanov 'Ghost' killed Bloodsucker using wpn_fn2000
[09:04:35] [RANK] Igor Bondarenko 'Crow' → Experienced
[RankSystem] Igor Bondarenko 'Crow' promoted to Experienced!
[09:04:35] [COMBAT] Igor Bondarenko 'Crow' killed Fracture using wpn_fn2000
[09:04:35] [COMBAT] Dmytro Kovalenko 'Phantom' killed Controller using wpn_ak74
[09:04:35] [COMBAT] Yuriy Ivanov 'Badger' killed Oleg Ivanov 'Bone' using wpn_sg550
[09:04:35] [GEAR] Yuriy looted [wpn_fort12] via combat
[09:04:36] [INBOUND] Initial +2 stalkers, +2 mutants (remaining S=1131 M=757)
[09:04:36] [MISSION] Alexei accepted ScoutPoi @ Army Warehouses (168 RU)
[09:04:36] [TASK] Alexei → AcceptMission [ScoutPoi] (goal=AcceptMission)
[09:04:36] [GOAL] Alexei achieved AcceptMission
[09:04:36] [COMBAT] Alexei Melnyk 'Spark' killed Burer using wpn_mp5
[09:04:36] [TASK] Mikhail → TradeRun [poi_macro_1] (goal=VisitTrader)
[09:04:36] [GOAL] Mikhail achieved VisitTrader
[09:04:36] [MISSION] Mikhail accepted ScoutPoi @ Agroprom (164 RU)
[09:04:36] [TASK] Mikhail → AcceptMission [ScoutPoi] (goal=AcceptMission)
[09:04:36] [GOAL] Mikhail achieved AcceptMission
[09:04:36] [COMBAT] Heinrich Popov 'Ghost' killed Andrei Petrenko 'Bone' using wpn_aksu
[09:04:36] [GEAR] Heinrich looted [wpn_fn2000, wpn_mp5, helm_helm_battle] via combat
[09:04:37] [INBOUND] Initial +2 stalkers, +1 mutants (remaining S=1129 M=756)
[09:04:37] [MISSION] Nikolai accepted ScoutPoi @ Wild Territory (176 RU)
[09:04:37] [TASK] Nikolai → AcceptMission [ScoutPoi] (goal=AcceptMission)
[09:04:37] [GOAL] Nikolai achieved AcceptMission
[09:04:38] [COMBAT] Andriy Kovalenko 'Viper' killed Nikolai Ivanov 'Bone' using wpn_sg550
[09:04:39] [INBOUND] Initial +2 stalkers, +1 mutants (remaining S=1127 M=755)
[09:04:39] [MISSION] Alibek accepted ScoutPoi @ Truck Cemetery (200 RU)
[09:04:39] [TASK] Alibek → AcceptMission [ScoutPoi] (goal=AcceptMission)
[09:04:39] [GOAL] Alibek achieved AcceptMission
[09:04:39] [COMBAT] Lasha Shevchenko 'Crow' killed Snork using wpn_ak74
[09:04:40] [COMBAT] Professor Sakharov killed Mikhail Petrenko 'Bullet' using wpn_aksu
[09:04:40] [GEAR] Professor looted [wpn_fn2000, wpn_sg550] via combat
[09:04:40] [COMBAT] Oleg Melnyk 'Fox' killed Ivan Ivanov 'Bullet' using wpn_ak74
[09:04:40] [GEAR] Oleg looted [wpn_pm, helm_bandana] via combat
[09:04:40] [COMBAT] Oleg Bondarenko 'Bone' killed Mykola Petrenko 'Mole' using wpn_fn2000
[09:04:40] [INBOUND] Initial +2 stalkers, +2 mutants (remaining S=1125 M=753)
[09:04:40] [MISSION] Taras accepted ScoutPoi @ Buriakivka Waste Site (236 RU)
[09:04:40] [TASK] Taras → AcceptMission [ScoutPoi] (goal=AcceptMission)
[09:04:40] [GOAL] Taras achieved AcceptMission
[09:04:41] [COMBAT] Dmitri Petrov 'Fox' killed Bakhyt Sokolov 'Mole' using wpn_pm
[09:04:41] [GEAR] Dmitri looted [wpn_sg550] via combat
[09:04:42] [INBOUND] Initial +2 stalkers, +1 mutants (remaining S=1123 M=752)
[09:04:42] [MISSION] Mikhail accepted ScoutPoi @ Garbage (160 RU)
[09:04:42] [TASK] Mikhail → AcceptMission [ScoutPoi] (goal=AcceptMission)
[09:04:42] [GOAL] Mikhail achieved AcceptMission
[09:04:42] [COMBAT] Mykola Popov 'Raven' killed BlindDog using wpn_ak74
[09:04:43] [COMBAT] Dmitri Shevchenko 'Scar' killed Damir Petrenko 'Wolf' using wpn_sg550
[09:04:43] [GEAR] Dmitri looted [wpn_sg550, wpn_sg550, arm_duty, helm_helm_spartan] via combat
[09:04:43] [INBOUND] Initial +2 stalkers, +1 mutants (remaining S=1121 M=751)
[09:04:45] [INBOUND] Initial +2 stalkers, +2 mutants (remaining S=1119 M=749)
[09:04:45] [MISSION] Bohdan accepted ScoutPoi @ Truck Cemetery (200 RU)
[09:04:45] [TASK] Bohdan → AcceptMission [ScoutPoi] (goal=AcceptMission)
[09:04:45] [GOAL] Bohdan achieved AcceptMission
[09:04:45] [MISSION] Andriy accepted ScoutPoi @ Kopachi (190 RU)
[09:04:45] [TASK] Andriy → AcceptMission [ScoutPoi] (goal=AcceptMission)
[09:04:45] [GOAL] Andriy achieved AcceptMission
[09:04:46] [COMBAT] Sergei Volkov 'Ghost' killed Snork using wpn_fn2000
[09:04:46] [COMBAT] Vasyl Petrenko 'Shadow' killed Fracture using wpn_ak74
[09:04:46] [COMBAT] Marcus Bondarenko 'Spark' killed Bloodsucker using wpn_sg550
[09:04:47] [INBOUND] Initial +2 stalkers, +1 mutants (remaining S=1117 M=748)
[09:04:47] [MISSION] Taras accepted ScoutPoi @ Yantar (160 RU)
[09:04:47] [TASK] Taras → AcceptMission [ScoutPoi] (goal=AcceptMission)
[09:04:47] [GOAL] Taras achieved AcceptMission
[09:04:48] [COMBAT] Alexei Popov 'Ash' killed Ivan Kovalenko 'Badger' using wpn_ak74
[09:04:48] [GEAR] Alexei looted [wpn_fn2000, wpn_sg550, arm_exo, helm_helm_metro] via combat
[09:04:48] [INBOUND] Initial +2 stalkers, +2 mutants (remaining S=1115 M=746)
[09:04:48] [MISSION] Nikolai accepted ScoutPoi @ Kopachi (190 RU)
[09:04:48] [TASK] Nikolai → AcceptMission [ScoutPoi] (goal=AcceptMission)
[09:04:48] [GOAL] Nikolai achieved AcceptMission
[09:04:49] [COMBAT] Zura Petrenko 'Stitch' killed Igor Melnyk 'Razor' using wpn_ak74
[09:04:50] [INBOUND] Initial +2 stalkers, +1 mutants (remaining S=1113 M=745)
[09:04:50] [MISSION] Dmitri accepted ScoutPoi @ Chernobyl Town (160 RU)
[09:04:50] [TASK] Dmitri → AcceptMission [ScoutPoi] (goal=AcceptMission)
[09:04:50] [GOAL] Dmitri achieved AcceptMission
[09:04:50] [MISSION] Damir accepted ScoutPoi @ Kopachi (190 RU)
[09:04:50] [TASK] Damir → AcceptMission [ScoutPoi] (goal=AcceptMission)
[09:04:50] [GOAL] Damir achieved AcceptMission
[09:04:51] [INBOUND] Initial +2 stalkers, +1 mutants (remaining S=1111 M=744)
[09:04:51] [MISSION] Damir accepted ScoutPoi @ Army Warehouses (168 RU)
[09:04:51] [TASK] Damir → AcceptMission [ScoutPoi] (goal=AcceptMission)
[09:04:51] [GOAL] Damir achieved AcceptMission
[09:04:51] [COMBAT] Igor Petrenko 'Bullet' killed PsyDog using wpn_mp5
[09:04:52] [COMBAT] Barkeep killed Heinrich Popov 'Ghost' using wpn_aksu
[09:04:52] [GEAR] Barkeep looted [wpn_fn2000, wpn_mp5, helm_helm_battle] via combat
[09:04:52] [COMBAT] Mikhail Bondarenko 'Ghost' killed Snork using wpn_pm
[09:04:52] [COMBAT] Dmytro Kovalenko 'Razor' killed Flesh using wpn_ak74
[09:04:53] [INBOUND] Initial +2 stalkers, +2 mutants (remaining S=1109 M=742)
[09:04:53] [MISSION] Oleksiy accepted ScoutPoi @ Kopachi (190 RU)
[09:04:53] [TASK] Oleksiy → AcceptMission [ScoutPoi] (goal=AcceptMission)
[09:04:53] [GOAL] Oleksiy achieved AcceptMission
[09:04:54] [INBOUND] Initial +3 stalkers, +1 mutants (remaining S=1106 M=741)
[09:04:54] [MISSION] Serhiy accepted ScoutPoi @ Wild Territory (176 RU)
[09:04:54] [TASK] Serhiy → AcceptMission [ScoutPoi] (goal=AcceptMission)
[09:04:54] [GOAL] Serhiy achieved AcceptMission
[09:04:56] [INBOUND] Initial +2 stalkers, +2 mutants (remaining S=1104 M=739)
[09:04:56] [MISSION] Nodar accepted ScoutPoi @ Dark Valley (190 RU)
[09:04:56] [TASK] Nodar → AcceptMission [ScoutPoi] (goal=AcceptMission)
[09:04:56] [GOAL] Nodar achieved AcceptMission
[09:04:57] [COMBAT] Mykola Petrov 'Stitch' killed Snork using wpn_mp5
[09:04:58] [INBOUND] Initial +2 stalkers, +1 mutants (remaining S=1102 M=738)
[09:04:58] [MISSION] Andriy accepted ScoutPoi @ Deserted Hospital (200 RU)
[09:04:58] [TASK] Andriy → AcceptMission [ScoutPoi] (goal=AcceptMission)
[09:04:58] [GOAL] Andriy achieved AcceptMission
[09:04:58] [COMBAT] Alexei Melnyk 'Spark' killed Dog using wpn_mp5
[09:04:59] [COMBAT] Rustam Ivanov 'Phantom' killed Rat using wpn_ak74
[09:04:59] [INBOUND] Initial +2 stalkers, +1 mutants (remaining S=1100 M=737)
[09:04:59] [MISSION] Vasyl accepted ScoutPoi @ Yantar (160 RU)
[09:04:59] [TASK] Vasyl → AcceptMission [ScoutPoi] (goal=AcceptMission)
[09:04:59] [GOAL] Vasyl achieved AcceptMission
[09:05:01] [INBOUND] Initial +2 stalkers, +2 mutants (remaining S=1098 M=735)
[09:05:01] [COMBAT] Igor Melnyk 'Razor' killed Snork using wpn_sg550
[09:05:02] [COMBAT] Bohdan Kovalenko 'Spark' killed Oleg Bondarenko 'Bone' using wpn_ak74
[09:05:02] [GEAR] Bohdan looted [wpn_fn2000, out_monolith_proto_exo_outfit, helm_helm_battle] via combat
[09:05:02] [INBOUND] Initial +2 stalkers, +1 mutants (remaining S=1096 M=734)
[09:05:02] [SNAPSHOT] real=4.6min game=D0 00:09 alive S=165 M=163 corpses=412 lootable=216 gammaGear out=78 helm=148 avgRU=889 leaderGoals trade=0 mission=53 emission=Dormant nextIn=109gmin desperate=0 hungry=0 interval deaths=22 combats=38 tasks=23 gearLoot=10 gearBuy=0 missions=22 corpseDespawn=0 trickleSpawns=0 ranks=[Rookie:151,Trainee:9,Experienced:5] goals=[CompleteMission::52,Idle:31,Traveling:7,AcceptMission::1] leaders: Mikhail[Rookie/CompleteMission:], Taras[Rookie/CompleteMission:], Alibek[Rookie/CompleteMission:], Nikolai[Rookie/CompleteMission:], Alexei[Rookie/CompleteMission:]
[09:05:02] [MISSION] Dmytro accepted ScoutPoi @ Chernobyl Town (160 RU)
[09:05:02] [TASK] Dmytro → AcceptMission [ScoutPoi] (goal=AcceptMission)
[09:05:02] [GOAL] Dmytro achieved AcceptMission
[09:05:03] [COMBAT] Dmitri Volkov 'Stitch' killed Boar using wpn_sg550
[09:05:03] [COMBAT] Yuriy Sokolov 'Stitch' killed Andrei Volkov 'Ash' using wpn_fn2000
[09:05:03] [GEAR] Yuriy looted [helm_tactic] via combat
[09:05:04] [INBOUND] Initial +2 stalkers, +2 mutants (remaining S=1094 M=732)
[09:05:04] [MISSION] Marcus accepted ScoutPoi @ Duga Radar (176 RU)
[09:05:04] [TASK] Marcus → AcceptMission [ScoutPoi] (goal=AcceptMission)
[09:05:04] [GOAL] Marcus achieved AcceptMission
[09:05:04] [MISSION] Oleksiy accepted ScoutPoi @ Jupiter (Pripyat Industrial) (196 RU)
[09:05:04] [TASK] Oleksiy → AcceptMission [ScoutPoi] (goal=AcceptMission)
[09:05:04] [GOAL] Oleksiy achieved AcceptMission
[09:05:04] [COMBAT] Mykola Ivanov 'Broken Nose' killed Mikhail Petrenko 'Fox' using wpn_sg550
[09:05:04] [GEAR] Mykola looted [wpn_sg550, wpn_fort12, out_stalker_graphite_outfit, helm_helm_m50] via combat
[09:05:06] [INBOUND] Initial +2 stalkers, +1 mutants (remaining S=1092 M=731)
[09:05:06] [MISSION] Igor accepted ScoutPoi @ Duga Radar (176 RU)
[09:05:06] [TASK] Igor → AcceptMission [ScoutPoi] (goal=AcceptMission)
[09:05:06] [GOAL] Igor achieved AcceptMission
[09:05:06] [COMBAT] Andriy Shevchenko 'Badger' killed Tushkano using wpn_ak74
[09:05:07] [INBOUND] Initial +2 stalkers, +1 mutants (remaining S=1090 M=730)
[09:05:08] [COMBAT] Armen Petrenko 'Razor' killed Ivan Bondarenko 'Bullet' using wpn_ak74
[09:05:08] [GEAR] Armen looted [wpn_ak74] via combat
[09:05:08] [COMBAT] Andriy Petrenko 'Crow' killed PsyDog using wpn_pm
[09:05:08] [COMBAT] Ivan Shevchenko 'Ash' killed Snork using wpn_pm
[09:05:08] [INBOUND] Initial +2 stalkers, +2 mutants (remaining S=1088 M=728)
[09:05:09] [MISSION] Armen accepted ScoutPoi @ Cordon (160 RU)
[09:05:09] [TASK] Armen → AcceptMission [ScoutPoi] (goal=AcceptMission)
[09:05:09] [GOAL] Armen achieved AcceptMission
[09:05:10] [INBOUND] Initial +2 stalkers, +1 mutants (remaining S=1086 M=727)
[09:05:10] [MISSION] Yuriy accepted ScoutPoi @ Pripyat (196 RU)
[09:05:10] [TASK] Yuriy → AcceptMission [ScoutPoi] (goal=AcceptMission)
[09:05:10] [GOAL] Yuriy achieved AcceptMission
[09:05:10] [MISSION] Dmytro accepted ScoutPoi @ Army Warehouses (168 RU)
[09:05:10] [TASK] Dmytro → AcceptMission [ScoutPoi] (goal=AcceptMission)
[09:05:10] [GOAL] Dmytro achieved AcceptMission
[09:05:11] [COMBAT] Alibek Ivanov 'Spark' killed Tushkano using wpn_aksu
[09:05:11] [TASK] Sergei → TradeRun [poi_macro_8] (goal=VisitTrader)
[09:05:11] [GOAL] Sergei achieved VisitTrader
[09:05:11] [MISSION] Sergei accepted ScoutPoi @ Zalissya (160 RU)
[09:05:11] [TASK] Sergei → AcceptMission [ScoutPoi] (goal=AcceptMission)
[09:05:11] [GOAL] Sergei achieved AcceptMission
[09:05:12] [INBOUND] Initial +2 stalkers, +1 mutants (remaining S=1084 M=726)
[09:05:12] [COMBAT] Heinrich Sokolov 'Crow' killed Rat using wpn_fn2000
[09:05:13] [INBOUND] Initial +2 stalkers, +2 mutants (remaining S=1082 M=724)
[09:05:14] [COMBAT] Nikolai Petrov 'Jackal' killed Snork using wpn_ak74
[09:05:15] [INBOUND] Initial +3 stalkers, +1 mutants (remaining S=1079 M=723)
[09:05:15] [MISSION] Connor accepted ScoutPoi @ Duga Radar (176 RU)
[09:05:15] [TASK] Connor → AcceptMission [ScoutPoi] (goal=AcceptMission)
[09:05:15] [GOAL] Connor achieved AcceptMission
[09:05:16] [INBOUND] Initial +2 stalkers, +2 mutants (remaining S=1077 M=721)
[09:05:17] [RANK] Oleg Kovalenko 'Scar' → Trainee
[RankSystem] Oleg Kovalenko 'Scar' promoted to Trainee!
[09:05:17] [COMBAT] Oleg Kovalenko 'Scar' killed Snork using wpn_ak74
[09:05:17] [MISSION] Dmitri arrived for ScoutPoi @ Abandoned Outpost (travel=599m, work=226s game)
[09:05:18] [INBOUND] Initial +2 stalkers, +1 mutants (remaining S=1075 M=720)
[09:05:18] [MISSION] Vasyl accepted ScoutPoi @ Kopachi (190 RU)
[09:05:18] [TASK] Vasyl → AcceptMission [ScoutPoi] (goal=AcceptMission)
[09:05:18] [GOAL] Vasyl achieved AcceptMission
[09:05:18] [MISSION] Dmitri arrived for ScoutPoi @ Abandoned Outpost (travel=599m, work=226s game)
[09:05:19] [INBOUND] Initial +2 stalkers, +1 mutants (remaining S=1073 M=719)
[09:05:20] [TASK] Igor → FulfillMission [ScoutPoi] (goal=CompleteMission)
[09:05:20] [MISSION] Igor objective done ScoutPoi @ Makeshift Hut → return to Duga Radar
[09:05:20] [TASK] Mikhail → FulfillMission [ScoutPoi] (goal=CompleteMission)
[09:05:20] [MISSION] Mikhail objective done ScoutPoi @ Forgotten Outpost → return to Garbage
[09:05:20] [TASK] Taras → FulfillMission [ScoutPoi] (goal=CompleteMission)
[09:05:20] [MISSION] Taras objective done ScoutPoi @ Pillbox Rest (Rostok-Truck Ce) → return to Buriakivka Waste Site
[09:05:20] [TASK] Alibek → FulfillMission [ScoutPoi] (goal=CompleteMission)
[09:05:20] [MISSION] Alibek objective done ScoutPoi @ Hidden Cairn → return to Truck Cemetery
[09:05:20] [TASK] Nikolai → FulfillMission [ScoutPoi] (goal=CompleteMission)
[09:05:20] [MISSION] Nikolai objective done ScoutPoi @ Forgotten Outpost → return to Wild Territory
[09:05:20] [TASK] Alexei → FulfillMission [ScoutPoi] (goal=CompleteMission)
[09:05:20] [MISSION] Alexei objective done ScoutPoi @ Windswept Bus → return to Army Warehouses
[09:05:20] [TASK] Alexei → FulfillMission [ScoutPoi] (goal=CompleteMission)
[09:05:20] [MISSION] Alexei objective done ScoutPoi @ Abandoned Outpost → return to Agroprom
[09:05:20] [TASK] Yuriy → FulfillMission [ScoutPoi] (goal=CompleteMission)
[09:05:20] [MISSION] Yuriy objective done ScoutPoi @ Military Research Base → return to Deserted Hospital
[09:05:20] [TASK] Armen → FulfillMission [ScoutPoi] (goal=CompleteMission)
[09:05:20] [MISSION] Armen objective done ScoutPoi @ Ruined Pillbox → return to Cordon
[09:05:20] [TASK] Dmitri → FulfillMission [ScoutPoi] (goal=CompleteMission)
[09:05:20] [MISSION] Dmitri objective done ScoutPoi @ Mutant Den #1 near Chernobyl Town → return to Pripyat
[09:05:20] [TASK] Andriy → FulfillMission [ScoutPoi] (goal=CompleteMission)
[09:05:20] [MISSION] Andriy objective done ScoutPoi @ Ruined Watchtower → return to Red Forest
[09:05:20] [TASK] Bohdan → FulfillMission [ScoutPoi] (goal=CompleteMission)
[09:05:20] [MISSION] Bohdan objective done ScoutPoi @ Collapsed Camp → return to Yantar
[09:05:20] [TASK] Pavel → FulfillMission [ScoutPoi] (goal=CompleteMission)
[09:05:20] [MISSION] Pavel objective done ScoutPoi @ Mutant Den #1 near Chernobyl Town → return to Pripyat
[09:05:20] [TASK] Mykola → FulfillMission [ScoutPoi] (goal=CompleteMission)
[09:05:20] [MISSION] Mykola objective done ScoutPoi @ Ruined Watchtower → return to Red Forest
[09:05:20] [TASK] Alexei → FulfillMission [ScoutPoi] (goal=CompleteMission)
[09:05:20] [MISSION] Alexei objective done ScoutPoi @ Forgotten Lean-to → return to Generators
[09:05:20] [TASK] Dmitri → FulfillMission [ScoutPoi] (goal=CompleteMission)
[09:05:20] [MISSION] Dmitri objective done ScoutPoi @ Abandoned Outpost → return to Agroprom
[09:05:20] [TASK] Heinrich → FulfillMission [ScoutPoi] (goal=CompleteMission)
[09:05:20] [MISSION] Heinrich objective done ScoutPoi @ Forgotten Outpost → return to Wild Territory
[09:05:20] [TASK] Dmytro → FulfillMission [ScoutPoi] (goal=CompleteMission)
[09:05:20] [MISSION] Dmytro objective done ScoutPoi @ Collapsed Cairn → return to Rostok
[09:05:20] [TASK] Bohdan → FulfillMission [ScoutPoi] (goal=CompleteMission)
[09:05:20] [MISSION] Bohdan objective done ScoutPoi @ Pillbox Rest (Meadow-Garbage) → return to Dark Valley
[09:05:20] [TASK] Nikolai → FulfillMission [ScoutPoi] (goal=CompleteMission)
[09:05:20] [MISSION] Nikolai objective done ScoutPoi @ Hidden Cairn → return to Truck Cemetery
[09:05:20] [TASK] Mikhail → FulfillMission [ScoutPoi] (goal=CompleteMission)
[09:05:20] [MISSION] Mikhail objective done ScoutPoi @ Pillbox Rest (Agroprom-Yantar) → return to Zaton
[09:05:20] [TASK] Mykola → FulfillMission [ScoutPoi] (goal=CompleteMission)
[09:05:20] [MISSION] Mykola objective done ScoutPoi @ Pillbox Rest (Meadow-Garbage) → return to Dark Valley
[09:05:20] [TASK] Sergei → FulfillMission [ScoutPoi] (goal=CompleteMission)
[09:05:20] [MISSION] Sergei objective done ScoutPoi @ Hidden Cairn → return to Truck Cemetery
[09:05:20] [TASK] Ivan → FulfillMission [ScoutPoi] (goal=CompleteMission)
[09:05:20] [MISSION] Ivan objective done ScoutPoi @ Collapsed Camp → return to Yantar
[09:05:20] [TASK] Andrei → FulfillMission [ScoutPoi] (goal=CompleteMission)
[09:05:20] [MISSION] Andrei objective done ScoutPoi @ Hidden Cairn → return to Truck Cemetery
[09:05:20] [TASK] Lasha → FulfillMission [ScoutPoi] (goal=CompleteMission)
[09:05:20] [MISSION] Lasha objective done ScoutPoi @ Collapsed Camp → return to Yantar
[09:05:20] [TASK] Serhiy → FulfillMission [ScoutPoi] (goal=CompleteMission)
[09:05:20] [MISSION] Serhiy objective done ScoutPoi @ Pillbox Rest (Rostok-Truck Ce) → return to Buriakivka Waste Site
[09:05:20] [TASK] Jake → FulfillMission [ScoutPoi] (goal=CompleteMission)
[09:05:20] [MISSION] Jake objective done ScoutPoi @ Collapsed Camp → return to Yantar
[09:05:20] [TASK] Igor → FulfillMission [ScoutPoi] (goal=CompleteMission)
[09:05:20] [MISSION] Igor objective done ScoutPoi @ Collapsed Camp → return to Yantar
[09:05:20] [TASK] Yuriy → FulfillMission [ScoutPoi] (goal=CompleteMission)
[09:05:20] [MISSION] Yuriy objective done ScoutPoi @ Mutant Den #1 near Chernobyl Town → return to Pripyat
[09:05:20] [TASK] Dmytro → FulfillMission [ScoutPoi] (goal=CompleteMission)
[09:05:20] [MISSION] Dmytro objective done ScoutPoi @ Windswept Bus → return to Army Warehouses
[09:05:20] [TASK] Marcus → FulfillMission [ScoutPoi] (goal=CompleteMission)
[09:05:20] [MISSION] Marcus objective done ScoutPoi @ Makeshift Hut → return to Duga Radar
[09:05:20] [TASK] Oleksiy → FulfillMission [ScoutPoi] (goal=CompleteMission)
[09:05:20] [MISSION] Oleksiy objective done ScoutPoi @ Lenin Statue Square → return to Jupiter (Pripyat Industrial)
[09:05:20] [TASK] Dmytro → FulfillMission [ScoutPoi] (goal=CompleteMission)
[09:05:20] [MISSION] Dmytro objective done ScoutPoi @ Fishing Hamlet → return to Chernobyl Town
[09:05:20] [TASK] Vasyl → FulfillMission [ScoutPoi] (goal=CompleteMission)
[09:05:20] [MISSION] Vasyl objective done ScoutPoi @ Collapsed Camp → return to Yantar
[09:05:20] [TASK] Andriy → FulfillMission [ScoutPoi] (goal=CompleteMission)
[09:05:20] [MISSION] Andriy objective done ScoutPoi @ Military Research Base → return to Deserted Hospital
[09:05:20] [TASK] Nodar → FulfillMission [ScoutPoi] (goal=CompleteMission)
[09:05:20] [MISSION] Nodar objective done ScoutPoi @ Pillbox Rest (Meadow-Garbage) → return to Dark Valley
[09:05:20] [TASK] Serhiy → FulfillMission [ScoutPoi] (goal=CompleteMission)
[09:05:20] [MISSION] Serhiy objective done ScoutPoi @ Forgotten Outpost → return to Wild Territory
[09:05:20] [TASK] Oleksiy → FulfillMission [ScoutPoi] (goal=CompleteMission)
[09:05:20] [MISSION] Oleksiy objective done ScoutPoi @ Abandoned Outpost → return to Kopachi
[09:05:20] [TASK] Dmitri → FulfillMission [ScoutPoi] (goal=CompleteMission)
[09:05:20] [MISSION] Dmitri objective done ScoutPoi @ Fishing Hamlet → return to Chernobyl Town
[09:05:20] [TASK] Damir → FulfillMission [ScoutPoi] (goal=CompleteMission)
[09:05:20] [MISSION] Damir objective done ScoutPoi @ Abandoned Outpost → return to Kopachi
[09:05:20] [TASK] Nikolai → FulfillMission [ScoutPoi] (goal=CompleteMission)
[09:05:20] [MISSION] Nikolai objective done ScoutPoi @ Abandoned Outpost → return to Kopachi
[09:05:20] [TASK] Taras → FulfillMission [ScoutPoi] (goal=CompleteMission)
[09:05:20] [MISSION] Taras objective done ScoutPoi @ Collapsed Camp → return to Yantar
[09:05:20] [TASK] Bohdan → FulfillMission [ScoutPoi] (goal=CompleteMission)
[09:05:20] [MISSION] Bohdan objective done ScoutPoi @ Hidden Cairn → return to Truck Cemetery
[09:05:20] [TASK] Andriy → FulfillMission [ScoutPoi] (goal=CompleteMission)
[09:05:20] [MISSION] Andriy objective done ScoutPoi @ Abandoned Outpost → return to Kopachi
[09:05:20] [TASK] Alibek → FulfillMission [ScoutPoi] (goal=CompleteMission)
[09:05:20] [MISSION] Alibek objective done ScoutPoi @ Windswept Bus → return to Army Warehouses
[09:05:20] [TASK] Zura → FulfillMission [ScoutPoi] (goal=CompleteMission)
[09:05:20] [MISSION] Zura objective done ScoutPoi @ Military Research Base → return to Deserted Hospital
[09:05:20] [TASK] Yuriy → FulfillMission [ScoutPoi] (goal=CompleteMission)
[09:05:20] [MISSION] Yuriy objective done ScoutPoi @ Fishing Hamlet → return to Chernobyl Town
[09:05:20] [TASK] Pavel → FulfillMission [ScoutPoi] (goal=CompleteMission)
[09:05:20] [MISSION] Pavel objective done ScoutPoi @ Ruined Pillbox → return to Cordon
[09:05:20] [TASK] Nikolai → FulfillMission [ScoutPoi] (goal=CompleteMission)
[09:05:20] [MISSION] Nikolai objective done ScoutPoi @ Ruined Watchtower → return to Red Forest
[09:05:20] [TASK] Connor → FulfillMission [ScoutPoi] (goal=CompleteMission)
[09:05:20] [MISSION] Connor objective done ScoutPoi @ Hidden Cairn → return to Truck Cemetery
[09:05:20] [TASK] Nikolai → FulfillMission [ScoutPoi] (goal=CompleteMission)
[09:05:20] [MISSION] Nikolai objective done ScoutPoi @ Ruined Watchtower → return to Red Forest
[09:05:20] [TASK] Mykola → FulfillMission [ScoutPoi] (goal=CompleteMission)
[09:05:20] [MISSION] Mykola objective done ScoutPoi @ Hidden Cairn → return to Truck Cemetery
[09:05:20] [TASK] Professor → FulfillMission [ScoutPoi] (goal=CompleteMission)
[09:05:20] [MISSION] Professor objective done ScoutPoi @ Collapsed Camp → return to Yantar
[09:05:20] [TASK] Barkeep → FulfillMission [ScoutPoi] (goal=CompleteMission)
[09:05:20] [MISSION] Barkeep objective done ScoutPoi @ Collapsed Cairn → return to Rostok
[09:05:20] [TASK] Vasyl → FulfillMission [ScoutPoi] (goal=CompleteMission)
[09:05:20] [MISSION] Vasyl objective done ScoutPoi @ Abandoned Outpost → return to Kopachi
[09:05:20] [TASK] Connor → FulfillMission [ScoutPoi] (goal=CompleteMission)
[09:05:20] [MISSION] Connor objective done ScoutPoi @ Makeshift Hut → return to Duga Radar
[09:05:20] [TASK] Armen → FulfillMission [ScoutPoi] (goal=CompleteMission)
[09:05:20] [MISSION] Armen objective done ScoutPoi @ Ruined Pillbox → return to Cordon
[09:05:21] [INBOUND] Initial +2 stalkers, +2 mutants (remaining S=1071 M=717)
[09:05:21] [MISSION] Ivan accepted ScoutPoi @ Generators (236 RU)
[09:05:21] [TASK] Ivan → AcceptMission [ScoutPoi] (goal=AcceptMission)
[09:05:21] [GOAL] Ivan achieved AcceptMission
[09:05:21] [TASK] Vasyl → TurnInMission [ScoutPoi] (goal=CompleteMission)
[09:05:21] [MISSION] Vasyl turned in ScoutPoi @ Kopachi (+190 RU)
[09:05:21] [GOAL] Vasyl achieved CompleteMission
[09:05:21] [TASK] Connor → TurnInMission [ScoutPoi] (goal=CompleteMission)
[09:05:21] [MISSION] Connor turned in ScoutPoi @ Duga Radar (+176 RU)
[09:05:21] [GOAL] Connor achieved CompleteMission
[09:05:21] [TASK] Armen → TurnInMission [ScoutPoi] (goal=CompleteMission)
[09:05:21] [MISSION] Armen turned in ScoutPoi @ Cordon (+160 RU)
[09:05:21] [GOAL] Armen achieved CompleteMission
[09:05:22] [TASK] Igor → TurnInMission [ScoutPoi] (goal=CompleteMission)
[09:05:22] [MISSION] Igor turned in ScoutPoi @ Duga Radar (+176 RU)
[09:05:22] [GOAL] Igor achieved CompleteMission
[09:05:22] [TASK] Taras → TurnInMission [ScoutPoi] (goal=CompleteMission)
[09:05:22] [MISSION] Taras turned in ScoutPoi @ Buriakivka Waste Site (+236 RU)
[09:05:22] [GOAL] Taras achieved CompleteMission
[09:05:22] [TASK] Alibek → TurnInMission [ScoutPoi] (goal=CompleteMission)
[09:05:22] [MISSION] Alibek turned in ScoutPoi @ Truck Cemetery (+200 RU)
[09:05:22] [GOAL] Alibek achieved CompleteMission
[09:05:22] [TASK] Nikolai → TurnInMission [ScoutPoi] (goal=CompleteMission)
[09:05:22] [MISSION] Nikolai turned in ScoutPoi @ Wild Territory (+176 RU)
[09:05:22] [GOAL] Nikolai achieved CompleteMission
[09:05:22] [TASK] Armen → TurnInMission [ScoutPoi] (goal=CompleteMission)
[09:05:22] [MISSION] Armen turned in ScoutPoi @ Cordon (+160 RU)
[09:05:22] [GOAL] Armen achieved CompleteMission
[09:05:22] [TASK] Andriy → TurnInMission [ScoutPoi] (goal=CompleteMission)
[09:05:22] [MISSION] Andriy turned in ScoutPoi @ Red Forest (+160 RU)
[09:05:22] [GOAL] Andriy achieved CompleteMission
[09:05:22] [TASK] Bohdan → TurnInMission [ScoutPoi] (goal=CompleteMission)
[09:05:22] [MISSION] Bohdan turned in ScoutPoi @ Yantar (+160 RU)
[09:05:22] [GOAL] Bohdan achieved CompleteMission
[09:05:22] [TASK] Mykola → TurnInMission [ScoutPoi] (goal=CompleteMission)
[09:05:22] [MISSION] Mykola turned in ScoutPoi @ Red Forest (+160 RU)
[09:05:22] [GOAL] Mykola achieved CompleteMission
[09:05:22] [TASK] Alexei → TurnInMission [ScoutPoi] (goal=CompleteMission)
[09:05:22] [MISSION] Alexei turned in ScoutPoi @ Generators (+236 RU)
[09:05:22] [GOAL] Alexei achieved CompleteMission
[09:05:22] [TASK] Heinrich → TurnInMission [ScoutPoi] (goal=CompleteMission)
[09:05:22] [MISSION] Heinrich turned in ScoutPoi @ Wild Territory (+176 RU)
[09:05:22] [GOAL] Heinrich achieved CompleteMission
[09:05:22] [TASK] Dmytro → TurnInMission [ScoutPoi] (goal=CompleteMission)
[09:05:22] [MISSION] Dmytro turned in ScoutPoi @ Rostok (+160 RU)
[09:05:22] [GOAL] Dmytro achieved CompleteMission
[09:05:22] [TASK] Bohdan → TurnInMission [ScoutPoi] (goal=CompleteMission)
[09:05:22] [MISSION] Bohdan turned in ScoutPoi @ Dark Valley (+190 RU)
[09:05:22] [GOAL] Bohdan achieved CompleteMission
[09:05:22] [TASK] Nikolai → TurnInMission [ScoutPoi] (goal=CompleteMission)
[09:05:22] [MISSION] Nikolai turned in ScoutPoi @ Truck Cemetery (+200 RU)
[09:05:22] [GOAL] Nikolai achieved CompleteMission
[09:05:22] [TASK] Mikhail → TurnInMission [ScoutPoi] (goal=CompleteMission)
[09:05:22] [MISSION] Mikhail turned in ScoutPoi @ Zaton (+240 RU)
[09:05:22] [GOAL] Mikhail achieved CompleteMission
[09:05:22] [TASK] Mykola → TurnInMission [ScoutPoi] (goal=CompleteMission)
[09:05:22] [MISSION] Mykola turned in ScoutPoi @ Dark Valley (+190 RU)
[09:05:22] [GOAL] Mykola achieved CompleteMission
[09:05:22] [TASK] Sergei → TurnInMission [ScoutPoi] (goal=CompleteMission)
[09:05:22] [MISSION] Sergei turned in ScoutPoi @ Truck Cemetery (+200 RU)
[09:05:22] [GOAL] Sergei achieved CompleteMission
[09:05:22] [TASK] Ivan → TurnInMission [ScoutPoi] (goal=CompleteMission)
[09:05:22] [MISSION] Ivan turned in ScoutPoi @ Yantar (+160 RU)
[09:05:22] [GOAL] Ivan achieved CompleteMission
[09:05:22] [TASK] Andrei → TurnInMission [ScoutPoi] (goal=CompleteMission)
[09:05:22] [MISSION] Andrei turned in ScoutPoi @ Truck Cemetery (+200 RU)
[09:05:22] [GOAL] Andrei achieved CompleteMission
[09:05:22] [TASK] Lasha → TurnInMission [ScoutPoi] (goal=CompleteMission)
[09:05:22] [MISSION] Lasha turned in ScoutPoi @ Yantar (+160 RU)
[09:05:22] [GOAL] Lasha achieved CompleteMission
[09:05:22] [TASK] Serhiy → TurnInMission [ScoutPoi] (goal=CompleteMission)
[09:05:22] [MISSION] Serhiy turned in ScoutPoi @ Buriakivka Waste Site (+236 RU)
[09:05:22] [GOAL] Serhiy achieved CompleteMission
[09:05:22] [TASK] Jake → TurnInMission [ScoutPoi] (goal=CompleteMission)
[09:05:22] [MISSION] Jake turned in ScoutPoi @ Yantar (+160 RU)
[09:05:22] [GOAL] Jake achieved CompleteMission
[09:05:22] [TASK] Igor → TurnInMission [ScoutPoi] (goal=CompleteMission)
[09:05:22] [MISSION] Igor turned in ScoutPoi @ Yantar (+160 RU)
[09:05:22] [GOAL] Igor achieved CompleteMission
[09:05:22] [TASK] Yuriy → TurnInMission [ScoutPoi] (goal=CompleteMission)
[09:05:22] [MISSION] Yuriy turned in ScoutPoi @ Pripyat (+196 RU)
[09:05:22] [GOAL] Yuriy achieved CompleteMission
[09:05:22] [TASK] Dmytro → TurnInMission [ScoutPoi] (goal=CompleteMission)
[09:05:22] [MISSION] Dmytro turned in ScoutPoi @ Army Warehouses (+168 RU)
[09:05:22] [GOAL] Dmytro achieved CompleteMission
[09:05:22] [TASK] Vasyl → TurnInMission [ScoutPoi] (goal=CompleteMission)
[09:05:22] [MISSION] Vasyl turned in ScoutPoi @ Yantar (+160 RU)
[09:05:22] [GOAL] Vasyl achieved CompleteMission
[09:05:22] [TASK] Nodar → TurnInMission [ScoutPoi] (goal=CompleteMission)
[09:05:22] [MISSION] Nodar turned in ScoutPoi @ Dark Valley (+190 RU)
[09:05:22] [GOAL] Nodar achieved CompleteMission
[09:05:22] [TASK] Serhiy → TurnInMission [ScoutPoi] (goal=CompleteMission)
[09:05:22] [MISSION] Serhiy turned in ScoutPoi @ Wild Territory (+176 RU)
[09:05:22] [GOAL] Serhiy achieved CompleteMission
[09:05:22] [TASK] Taras → TurnInMission [ScoutPoi] (goal=CompleteMission)
[09:05:22] [MISSION] Taras turned in ScoutPoi @ Yantar (+160 RU)
[09:05:22] [GOAL] Taras achieved CompleteMission
[09:05:22] [TASK] Bohdan → TurnInMission [ScoutPoi] (goal=CompleteMission)
[09:05:22] [MISSION] Bohdan turned in ScoutPoi @ Truck Cemetery (+200 RU)
[09:05:22] [GOAL] Bohdan achieved CompleteMission
[09:05:22] [TASK] Pavel → TurnInMission [ScoutPoi] (goal=CompleteMission)
[09:05:22] [MISSION] Pavel turned in ScoutPoi @ Cordon (+160 RU)
[09:05:22] [GOAL] Pavel achieved CompleteMission
[09:05:22] [TASK] Nikolai → TurnInMission [ScoutPoi] (goal=CompleteMission)
[09:05:22] [MISSION] Nikolai turned in ScoutPoi @ Red Forest (+160 RU)
[09:05:22] [GOAL] Nikolai achieved CompleteMission
[09:05:22] [TASK] Connor → TurnInMission [ScoutPoi] (goal=CompleteMission)
[09:05:22] [MISSION] Connor turned in ScoutPoi @ Truck Cemetery (+200 RU)
[09:05:22] [GOAL] Connor achieved CompleteMission
[09:05:22] [TASK] Nikolai → TurnInMission [ScoutPoi] (goal=CompleteMission)
[09:05:22] [MISSION] Nikolai turned in ScoutPoi @ Red Forest (+160 RU)
[09:05:22] [GOAL] Nikolai achieved CompleteMission
[09:05:22] [TASK] Mykola → TurnInMission [ScoutPoi] (goal=CompleteMission)
[09:05:22] [MISSION] Mykola turned in ScoutPoi @ Truck Cemetery (+200 RU)
[09:05:22] [GOAL] Mykola achieved CompleteMission
[09:05:22] [TASK] Professor → TurnInMission [ScoutPoi] (goal=CompleteMission)
[09:05:22] [MISSION] Professor turned in ScoutPoi @ Yantar (+160 RU)
[09:05:22] [GOAL] Professor achieved CompleteMission
[09:05:22] [TASK] Barkeep → TurnInMission [ScoutPoi] (goal=CompleteMission)
[09:05:22] [MISSION] Barkeep turned in ScoutPoi @ Rostok (+160 RU)
[09:05:22] [GOAL] Barkeep achieved CompleteMission
[09:05:22] [MISSION] Vasyl accepted ScoutPoi @ Kopachi (190 RU)
[09:05:22] [TASK] Vasyl → AcceptMission [ScoutPoi] (goal=AcceptMission)
[09:05:22] [GOAL] Vasyl achieved AcceptMission
[09:05:22] [MISSION] Connor accepted ScoutPoi @ Duga Radar (176 RU)
[09:05:22] [TASK] Connor → AcceptMission [ScoutPoi] (goal=AcceptMission)
[09:05:22] [GOAL] Connor achieved AcceptMission
[09:05:22] [MISSION] Armen accepted ScoutPoi @ Cordon (160 RU)
[09:05:22] [TASK] Armen → AcceptMission [ScoutPoi] (goal=AcceptMission)
[09:05:22] [GOAL] Armen achieved AcceptMission
[09:05:22] [MISSION] Igor accepted ScoutPoi @ Duga Radar (176 RU)
[09:05:22] [TASK] Igor → AcceptMission [ScoutPoi] (goal=AcceptMission)
[09:05:22] [GOAL] Igor achieved AcceptMission
[09:05:22] [MISSION] Taras accepted ScoutPoi @ Buriakivka Waste Site (236 RU)
[09:05:22] [TASK] Taras → AcceptMission [ScoutPoi] (goal=AcceptMission)
[09:05:22] [GOAL] Taras achieved AcceptMission
[09:05:22] [MISSION] Alibek accepted ScoutPoi @ Truck Cemetery (200 RU)
[09:05:22] [TASK] Alibek → AcceptMission [ScoutPoi] (goal=AcceptMission)
[09:05:22] [GOAL] Alibek achieved AcceptMission
[09:05:22] [MISSION] Nikolai accepted ScoutPoi @ Wild Territory (176 RU)
[09:05:22] [TASK] Nikolai → AcceptMission [ScoutPoi] (goal=AcceptMission)
[09:05:22] [GOAL] Nikolai achieved AcceptMission
[09:05:22] [MISSION] Armen accepted ScoutPoi @ Cordon (160 RU)
[09:05:22] [TASK] Armen → AcceptMission [ScoutPoi] (goal=AcceptMission)
[09:05:22] [GOAL] Armen achieved AcceptMission
[09:05:22] [MISSION] Andriy accepted ScoutPoi @ Red Forest (160 RU)
[09:05:22] [TASK] Andriy → AcceptMission [ScoutPoi] (goal=AcceptMission)
[09:05:22] [GOAL] Andriy achieved AcceptMission
[09:05:22] [MISSION] Bohdan accepted ScoutPoi @ Yantar (160 RU)
[09:05:22] [TASK] Bohdan → AcceptMission [ScoutPoi] (goal=AcceptMission)
[09:05:22] [GOAL] Bohdan achieved AcceptMission
[09:05:22] [MISSION] Mykola accepted ScoutPoi @ Red Forest (160 RU)
[09:05:22] [TASK] Mykola → AcceptMission [ScoutPoi] (goal=AcceptMission)
[09:05:22] [GOAL] Mykola achieved AcceptMission
[09:05:22] [MISSION] Alexei accepted ScoutPoi @ Generators (236 RU)
[09:05:22] [TASK] Alexei → AcceptMission [ScoutPoi] (goal=AcceptMission)
[09:05:22] [GOAL] Alexei achieved AcceptMission
[09:05:22] [MISSION] Heinrich accepted ScoutPoi @ Wild Territory (176 RU)
[09:05:22] [TASK] Heinrich → AcceptMission [ScoutPoi] (goal=AcceptMission)
[09:05:22] [GOAL] Heinrich achieved AcceptMission
[09:05:22] [MISSION] Dmytro accepted ScoutPoi @ Rostok (160 RU)
[09:05:22] [TASK] Dmytro → AcceptMission [ScoutPoi] (goal=AcceptMission)
[09:05:22] [GOAL] Dmytro achieved AcceptMission
[09:05:22] [MISSION] Bohdan accepted ScoutPoi @ Dark Valley (190 RU)
[09:05:22] [TASK] Bohdan → AcceptMission [ScoutPoi] (goal=AcceptMission)
[09:05:22] [GOAL] Bohdan achieved AcceptMission
[09:05:22] [COMBAT] Nikolai Kovalenko 'Crow' killed Fracture using wpn_ak74
[09:05:22] [MISSION] Nikolai accepted ScoutPoi @ Truck Cemetery (200 RU)
[09:05:22] [TASK] Nikolai → AcceptMission [ScoutPoi] (goal=AcceptMission)
[09:05:22] [GOAL] Nikolai achieved AcceptMission
[09:05:22] [MISSION] Mikhail accepted ScoutPoi @ Zaton (240 RU)
[09:05:22] [TASK] Mikhail → AcceptMission [ScoutPoi] (goal=AcceptMission)
[09:05:22] [GOAL] Mikhail achieved AcceptMission
[09:05:22] [MISSION] Mykola accepted ScoutPoi @ Dark Valley (190 RU)
[09:05:22] [TASK] Mykola → AcceptMission [ScoutPoi] (goal=AcceptMission)
[09:05:22] [GOAL] Mykola achieved AcceptMission
[09:05:22] [MISSION] Sergei accepted ScoutPoi @ Truck Cemetery (200 RU)
[09:05:22] [TASK] Sergei → AcceptMission [ScoutPoi] (goal=AcceptMission)
[09:05:22] [GOAL] Sergei achieved AcceptMission
[09:05:22] [MISSION] Ivan accepted ScoutPoi @ Yantar (160 RU)
[09:05:22] [TASK] Ivan → AcceptMission [ScoutPoi] (goal=AcceptMission)
[09:05:22] [GOAL] Ivan achieved AcceptMission
[09:05:22] [MISSION] Andrei accepted ScoutPoi @ Truck Cemetery (200 RU)
[09:05:22] [TASK] Andrei → AcceptMission [ScoutPoi] (goal=AcceptMission)
[09:05:22] [GOAL] Andrei achieved AcceptMission
[09:05:22] [MISSION] Lasha accepted ScoutPoi @ Yantar (160 RU)
[09:05:22] [TASK] Lasha → AcceptMission [ScoutPoi] (goal=AcceptMission)
[09:05:22] [GOAL] Lasha achieved AcceptMission
[09:05:22] [MISSION] Serhiy accepted ScoutPoi @ Buriakivka Waste Site (236 RU)
[09:05:22] [TASK] Serhiy → AcceptMission [ScoutPoi] (goal=AcceptMission)
[09:05:22] [GOAL] Serhiy achieved AcceptMission
[09:05:22] [MISSION] Jake accepted ScoutPoi @ Yantar (160 RU)
[09:05:22] [TASK] Jake → AcceptMission [ScoutPoi] (goal=AcceptMission)
[09:05:22] [GOAL] Jake achieved AcceptMission
[09:05:22] [MISSION] Igor accepted ScoutPoi @ Yantar (160 RU)
[09:05:22] [TASK] Igor → AcceptMission [ScoutPoi] (goal=AcceptMission)
[09:05:22] [GOAL] Igor achieved AcceptMission
[09:05:22] [MISSION] Yuriy accepted ScoutPoi @ Pripyat (196 RU)
[09:05:22] [TASK] Yuriy → AcceptMission [ScoutPoi] (goal=AcceptMission)
[09:05:22] [GOAL] Yuriy achieved AcceptMission
[09:05:22] [MISSION] Dmytro accepted ScoutPoi @ Army Warehouses (168 RU)
[09:05:22] [TASK] Dmytro → AcceptMission [ScoutPoi] (goal=AcceptMission)
[09:05:22] [GOAL] Dmytro achieved AcceptMission
[09:05:22] [MISSION] Vasyl accepted ScoutPoi @ Yantar (160 RU)
[09:05:22] [TASK] Vasyl → AcceptMission [ScoutPoi] (goal=AcceptMission)
[09:05:22] [GOAL] Vasyl achieved AcceptMission
[09:05:22] [MISSION] Nodar accepted ScoutPoi @ Dark Valley (190 RU)
[09:05:22] [TASK] Nodar → AcceptMission [ScoutPoi] (goal=AcceptMission)
[09:05:22] [GOAL] Nodar achieved AcceptMission
[09:05:22] [MISSION] Serhiy accepted ScoutPoi @ Wild Territory (176 RU)
[09:05:22] [TASK] Serhiy → AcceptMission [ScoutPoi] (goal=AcceptMission)
[09:05:22] [GOAL] Serhiy achieved AcceptMission
[09:05:22] [MISSION] Taras accepted ScoutPoi @ Yantar (160 RU)
[09:05:22] [TASK] Taras → AcceptMission [ScoutPoi] (goal=AcceptMission)
[09:05:22] [GOAL] Taras achieved AcceptMission
[09:05:22] [MISSION] Bohdan accepted ScoutPoi @ Truck Cemetery (200 RU)
[09:05:22] [TASK] Bohdan → AcceptMission [ScoutPoi] (goal=AcceptMission)
[09:05:22] [GOAL] Bohdan achieved AcceptMission
[09:05:22] [MISSION] Pavel accepted ScoutPoi @ Cordon (160 RU)
[09:05:22] [TASK] Pavel → AcceptMission [ScoutPoi] (goal=AcceptMission)
[09:05:22] [GOAL] Pavel achieved AcceptMission
[09:05:22] [MISSION] Nikolai accepted ScoutPoi @ Red Forest (160 RU)
[09:05:22] [TASK] Nikolai → AcceptMission [ScoutPoi] (goal=AcceptMission)
[09:05:22] [GOAL] Nikolai achieved AcceptMission
[09:05:22] [MISSION] Connor accepted ScoutPoi @ Truck Cemetery (200 RU)
[09:05:22] [TASK] Connor → AcceptMission [ScoutPoi] (goal=AcceptMission)
[09:05:22] [GOAL] Connor achieved AcceptMission
[09:05:22] [MISSION] Nikolai accepted ScoutPoi @ Red Forest (160 RU)
[09:05:22] [TASK] Nikolai → AcceptMission [ScoutPoi] (goal=AcceptMission)
[09:05:22] [GOAL] Nikolai achieved AcceptMission
[09:05:23] [MISSION] Mykola accepted ScoutPoi @ Truck Cemetery (200 RU)
[09:05:23] [TASK] Mykola → AcceptMission [ScoutPoi] (goal=AcceptMission)
[09:05:23] [GOAL] Mykola achieved AcceptMission
[09:05:23] [MISSION] Professor accepted ScoutPoi @ Yantar (160 RU)
[09:05:23] [TASK] Professor → AcceptMission [ScoutPoi] (goal=AcceptMission)
[09:05:23] [GOAL] Professor achieved AcceptMission
[09:05:23] [MISSION] Barkeep accepted ScoutPoi @ Rostok (160 RU)
[09:05:23] [TASK] Barkeep → AcceptMission [ScoutPoi] (goal=AcceptMission)
[09:05:23] [GOAL] Barkeep achieved AcceptMission
[09:05:27] [COMBAT] Barkeep killed Rat using wpn_fn2000
[09:05:28] [INBOUND] Initial +2 stalkers, +1 mutants (remaining S=1069 M=716)
[09:05:28] [MISSION] Pavel accepted ScoutPoi @ Generators (236 RU)
[09:05:28] [TASK] Pavel → AcceptMission [ScoutPoi] (goal=AcceptMission)
[09:05:28] [GOAL] Pavel achieved AcceptMission
[09:05:28] [COMBAT] Dmitri Ivanov 'Raven' killed Lurker using wpn_pm
[09:05:29] [COMBAT] Yuriy Ivanov 'Mole' killed Snork using wpn_ak74
[09:05:29] [COMBAT] Dmitri Bondarenko 'Shadow' killed Tushkano using wpn_sg550
[09:05:29] [COMBAT] Pavel Ivanov 'Wolf' killed Igor Petrenko 'Jackal' using wpn_pm
[09:05:29] [GEAR] Pavel looted [wpn_sg550, out_stalker_drought_outfit, helm_tactic] via combat
[09:05:30] [INBOUND] Initial +2 stalkers, +2 mutants (remaining S=1067 M=714)
[09:05:30] [MISSION] Ivan accepted ScoutPoi @ Zalissya (160 RU)
[09:05:30] [TASK] Ivan → AcceptMission [ScoutPoi] (goal=AcceptMission)
[09:05:30] [GOAL] Ivan achieved AcceptMission
[09:05:31] [COMBAT] Andriy Kovalenko 'Viper' killed Zura Petrenko 'Stitch' using wpn_sg550
[09:05:31] [COMBAT] Andriy Popov 'Shadow' killed Fracture using wpn_ak74
[09:05:31] [COMBAT] Sergei Volkov 'Ghost' killed Bloodsucker using wpn_fn2000
[09:05:31] [COMBAT] Ivan Volkov 'Bullet' killed Armen Bondarenko 'Raven' using wpn_aksu
[09:05:31] [GEAR] Ivan looted [wpn_mp5, arm_duty, helm_helm_protective] via combat
[09:05:31] [INBOUND] Initial +2 stalkers, +1 mutants (remaining S=1065 M=713)
[09:05:31] [MISSION] Dmytro accepted ScoutPoi @ Deserted Hospital (200 RU)
[09:05:31] [TASK] Dmytro → AcceptMission [ScoutPoi] (goal=AcceptMission)
[09:05:31] [GOAL] Dmytro achieved AcceptMission
[09:05:32] [COMBAT] Alexei Popov 'Ash' killed Bohdan Volkov 'Shadow' using wpn_fn2000
[09:05:32] [GEAR] Alexei looted [out_monolith_trenchcoat_outfit] via combat
[09:05:32] [COMBAT] Zura Sokolov 'Viper' killed Poltergeist using wpn_fn2000
[09:05:32] [COMBAT] Bohdan Kovalenko 'Spark' killed Boar using wpn_fn2000
[09:05:33] [INBOUND] Initial +2 stalkers, +1 mutants (remaining S=1063 M=712)
[09:05:33] [SNAPSHOT] real=5.1min game=D0 00:10 alive S=170 M=168 corpses=457 lootable=242 gammaGear out=76 helm=151 avgRU=926 leaderGoals trade=0 mission=40 emission=Dormant nextIn=109gmin desperate=0 hungry=0 interval deaths=28 combats=45 tasks=151 gearLoot=6 gearBuy=0 missions=92 corpseDespawn=0 trickleSpawns=0 ranks=[Rookie:149,Trainee:8,Experienced:12,Professional:1] goals=[CompleteMission::38,Idle:37,Traveling:20,AcceptMission::2] leaders: Zura[Rookie/AcceptMission:], Frank[Rookie/AcceptMission:], Dmytro[Rookie/CompleteMission:], Ivan[Rookie/CompleteMission:], Pavel[Rookie/CompleteMission:]
[09:05:33] [MISSION] Zura accepted ScoutPoi @ Generators (236 RU)
[09:05:33] [TASK] Zura → AcceptMission [ScoutPoi] (goal=AcceptMission)
[09:05:33] [GOAL] Zura achieved AcceptMission
[09:05:33] [MISSION] Frank accepted ScoutPoi @ Meadow (160 RU)
[09:05:33] [TASK] Frank → AcceptMission [ScoutPoi] (goal=AcceptMission)
[09:05:33] [GOAL] Frank achieved AcceptMission
[09:05:34] [COMBAT] Serhiy Popov 'Lucky' killed Flesh using wpn_pm
[09:05:35] [INBOUND] Initial +2 stalkers, +2 mutants (remaining S=1061 M=710)
[09:05:35] [MISSION] Alexei accepted ScoutPoi @ Limansk (210 RU)
[09:05:35] [TASK] Alexei → AcceptMission [ScoutPoi] (goal=AcceptMission)
[09:05:35] [GOAL] Alexei achieved AcceptMission
[09:05:36] [COMBAT] Armen Petrenko 'Razor' killed Mikhail Bondarenko 'Ghost' using wpn_ak74
[09:05:36] [COMBAT] Pavel Volkov 'Badger' killed Boar using wpn_fn2000
[09:05:36] [COMBAT] Andriy Shevchenko 'Mole' killed PsyDog using wpn_fn2000
[09:05:37] [INBOUND] Initial +2 stalkers, +1 mutants (remaining S=1059 M=709)
[09:05:37] [MISSION] Serhiy accepted ScoutPoi @ Truck Cemetery (200 RU)
[09:05:37] [TASK] Serhiy → AcceptMission [ScoutPoi] (goal=AcceptMission)
[09:05:37] [GOAL] Serhiy achieved AcceptMission
[09:05:38] [COMBAT] Mykola Petrov 'Stitch' killed BlindDog using wpn_mp5
[09:05:39] [INBOUND] Initial +2 stalkers, +2 mutants (remaining S=1057 M=707)
[09:05:39] [MISSION] Serhiy accepted ScoutPoi @ Rostok (160 RU)
[09:05:39] [TASK] Serhiy → AcceptMission [ScoutPoi] (goal=AcceptMission)
[09:05:39] [GOAL] Serhiy achieved AcceptMission
[09:05:39] [MISSION] Dmitri accepted ScoutPoi @ Cordon (160 RU)
[09:05:39] [TASK] Dmitri → AcceptMission [ScoutPoi] (goal=AcceptMission)
[09:05:39] [GOAL] Dmitri achieved AcceptMission
[09:05:40] [COMBAT] Bohdan Melnyk 'Scar' killed Yuriy Petrenko 'Mole' using wpn_pm
[09:05:40] [GEAR] Bohdan looted [wpn_ak74, out_scientific_outfit, helm_helm_tactic] via combat
[09:05:40] [COMBAT] Pavel Sokolov 'Wolf' killed Controller using wpn_ak74
[09:05:41] [INBOUND] Initial +2 stalkers, +1 mutants (remaining S=1055 M=706)
[09:05:41] [MISSION] Karl accepted ScoutPoi @ Zalissya (160 RU)
[09:05:41] [TASK] Karl → AcceptMission [ScoutPoi] (goal=AcceptMission)
[09:05:41] [GOAL] Karl achieved AcceptMission
[09:05:43] [INBOUND] Initial +2 stalkers, +1 mutants (remaining S=1053 M=705)
[09:05:43] [MISSION] Pavel accepted ScoutPoi @ Army Warehouses (168 RU)
[09:05:43] [TASK] Pavel → AcceptMission [ScoutPoi] (goal=AcceptMission)
[09:05:43] [GOAL] Pavel achieved AcceptMission
[09:05:43] [COMBAT] Marcus Ivanov 'One-Eye' killed Flesh using wpn_fn2000
[09:05:44] [INBOUND] Initial +3 stalkers, +2 mutants (remaining S=1050 M=703)
[09:05:44] [MISSION] Alexei accepted ScoutPoi @ Great Swamps (160 RU)
[09:05:44] [TASK] Alexei → AcceptMission [ScoutPoi] (goal=AcceptMission)
[09:05:44] [GOAL] Alexei achieved AcceptMission
[09:05:45] [COMBAT] Alibek Melnyk 'Viper' killed Rat using wpn_ak74
[09:05:45] [COMBAT] Damir Ivanov 'Mole' killed Chimera using wpn_ak74
[09:05:46] [INBOUND] Initial +2 stalkers, +1 mutants (remaining S=1048 M=702)
[09:05:46] [RANK] Dmytro Kovalenko 'Phantom' → Experienced
[RankSystem] Dmytro Kovalenko 'Phantom' promoted to Experienced!
[09:05:46] [COMBAT] Dmytro Kovalenko 'Phantom' killed Poltergeist using wpn_ak74
[09:05:46] [COMBAT] Nikolai Melnyk 'Razor' killed Fracture using wpn_fn2000
[09:05:48] [INBOUND] Initial +2 stalkers, +1 mutants (remaining S=1046 M=701)
[09:05:48] [MISSION] Dmytro accepted ScoutPoi @ Red Forest (160 RU)
[09:05:48] [TASK] Dmytro → AcceptMission [ScoutPoi] (goal=AcceptMission)
[09:05:48] [GOAL] Dmytro achieved AcceptMission
[09:05:48] [COMBAT] Armen Ivanov 'Shadow' killed Serhiy Volkov 'Viper' using wpn_aksu
[09:05:48] [GEAR] Armen looted [wpn_mp5, arm_duty, helm_helm_tactic] via combat
[09:05:50] [INBOUND] Initial +2 stalkers, +2 mutants (remaining S=1044 M=699)
[09:05:50] [MISSION] Ivan accepted ScoutPoi @ Pripyat (196 RU)
[09:05:50] [TASK] Ivan → AcceptMission [ScoutPoi] (goal=AcceptMission)
[09:05:50] [GOAL] Ivan achieved AcceptMission
[09:05:50] [COMBAT] Serhiy Popov 'Lucky' killed Burer using wpn_pm
[09:05:51] [COMBAT] Andriy Popov 'Shadow' killed PsyDog using wpn_ak74
[09:05:51] [COMBAT] Dmytro Volkov 'Crow' killed Snork using wpn_aksu
[09:05:51] [INBOUND] Initial +2 stalkers, +1 mutants (remaining S=1042 M=698)
[09:05:51] [MISSION] Andrei accepted ScoutPoi @ Meadow (160 RU)
[09:05:51] [TASK] Andrei → AcceptMission [ScoutPoi] (goal=AcceptMission)
[09:05:51] [GOAL] Andrei achieved AcceptMission
[09:05:52] [COMBAT] Nikolai Petrov 'Wolf' killed Bloodsucker using wpn_ak74
[09:05:52] [COMBAT] Marcus Sokolov 'Razor' killed Vasyl Petrov 'Phantom' using wpn_fn2000
[09:05:52] [GEAR] Marcus looted [wpn_mp5, helm_helm_battle] via combat
[09:05:53] [INBOUND] Initial +2 stalkers, +2 mutants (remaining S=1040 M=696)
[09:05:54] [COMBAT] Andriy Petrenko 'Crow' killed Bloodsucker using wpn_pm
[09:05:54] [COMBAT] Serhiy Petrov 'Mole' killed Snork using wpn_sg550
[09:05:55] [INBOUND] Initial +2 stalkers, +1 mutants (remaining S=1038 M=695)
[09:05:55] [CORPSE] Despawned 1 bodies (lifetime=1)
[09:05:55] [MISSION] Andriy accepted ScoutPoi @ Army Warehouses (168 RU)
[09:05:55] [TASK] Andriy → AcceptMission [ScoutPoi] (goal=AcceptMission)
[09:05:55] [GOAL] Andriy achieved AcceptMission
[09:05:55] [COMBAT] Andriy Kovalenko 'Viper' killed Oleg Popov 'Viper' using wpn_sg550
[09:05:55] [TASK] Taras → TradeRun [poi_macro_8] (goal=VisitTrader)
[09:05:55] [GOAL] Taras achieved VisitTrader
[09:05:55] [MISSION] Serhiy accepted ScoutPoi @ Wild Territory (176 RU)
[09:05:55] [TASK] Serhiy → AcceptMission [ScoutPoi] (goal=AcceptMission)
[09:05:55] [GOAL] Serhiy achieved AcceptMission
[09:05:55] [MISSION] Taras accepted ScoutPoi @ Zalissya (160 RU)
[09:05:55] [TASK] Taras → AcceptMission [ScoutPoi] (goal=AcceptMission)
[09:05:55] [GOAL] Taras achieved AcceptMission
[09:05:55] [COMBAT] Oleg Petrov 'Bone' killed Chimera using wpn_fn2000
[09:05:55] [COMBAT] Barkeep killed Controller using wpn_fn2000
[09:05:55] [COMBAT] Pavel Shevchenko 'Mole' killed Pseudogiant using wpn_ak74
[09:05:56] [INBOUND] Initial +2 stalkers, +1 mutants (remaining S=1036 M=694)
[09:05:57] [MISSION] Dmytro accepted ScoutPoi @ Army Warehouses (168 RU)
[09:05:57] [TASK] Dmytro → AcceptMission [ScoutPoi] (goal=AcceptMission)
[09:05:57] [GOAL] Dmytro achieved AcceptMission
[09:05:58] [INBOUND] Initial +2 stalkers, +2 mutants (remaining S=1034 M=692)
[09:05:58] [COMBAT] Mikhail Petrenko 'Jackal' killed Lurker using wpn_aksu
[09:05:59] [COMBAT] Nikolai Shevchenko 'Spark' killed Pavel Ivanov 'Bullet' using wpn_fort12
[09:05:59] [GEAR] Nikolai looted [wpn_aksu, out_cs_stalker_outfit] via combat
[09:05:59] [RANK] Sergei Melnyk 'Wolf' → Professional
[RankSystem] Sergei Melnyk 'Wolf' promoted to Professional!
[09:05:59] [COMBAT] Sergei Melnyk 'Wolf' killed Lurker using wpn_sg550
[09:05:59] [COMBAT] Alexei Petrov 'Broken Nose' killed Rat using wpn_spas12
[09:06:00] [INBOUND] Initial +2 stalkers, +1 mutants (remaining S=1032 M=691)
[09:06:00] [MISSION] Vasyl accepted ScoutPoi @ Jupiter (Pripyat Industrial) (196 RU)
[09:06:00] [TASK] Vasyl → AcceptMission [ScoutPoi] (goal=AcceptMission)
[09:06:00] [GOAL] Vasyl achieved AcceptMission
[09:06:01] [INBOUND] Initial +2 stalkers, +2 mutants (remaining S=1030 M=689)
[09:06:01] [MISSION] Bohdan accepted ScoutPoi @ Red Forest (160 RU)
[09:06:01] [TASK] Bohdan → AcceptMission [ScoutPoi] (goal=AcceptMission)
[09:06:01] [GOAL] Bohdan achieved AcceptMission
[09:06:02] [COMBAT] Mykola Popov 'Raven' killed Boar using wpn_ak74
[09:06:03] [INBOUND] Initial +2 stalkers, +1 mutants (remaining S=1028 M=688)
[09:06:03] [SNAPSHOT] real=5.6min game=D0 00:11 alive S=181 M=169 corpses=503 lootable=264 gammaGear out=78 helm=160 avgRU=918 leaderGoals trade=0 mission=52 emission=Dormant nextIn=108gmin desperate=0 hungry=0 interval deaths=24 combats=47 tasks=19 gearLoot=4 gearBuy=0 missions=18 corpseDespawn=1 trickleSpawns=0 ranks=[Rookie:160,Trainee:7,Experienced:12,Professional:2] goals=[CompleteMission::51,Idle:40,Traveling:14,AcceptMission::1] leaders: Timur[Rookie/AcceptMission:], Bohdan[Rookie/CompleteMission:], Vasyl[Rookie/CompleteMission:], Marcus[Rookie/Idle], Dmytro[Rookie/CompleteMission:]
[09:06:03] [MISSION] Timur accepted ScoutPoi @ Pripyat (196 RU)
[09:06:03] [TASK] Timur → AcceptMission [ScoutPoi] (goal=AcceptMission)
[09:06:03] [GOAL] Timur achieved AcceptMission
[09:06:04] [COMBAT] Karl Bondarenko 'Wolf' killed Bloodsucker using wpn_aksu
[09:06:05] [INBOUND] Initial +2 stalkers, +1 mutants (remaining S=1026 M=687)
[09:06:05] [MISSION] Serhiy accepted ScoutPoi @ Zalissya (160 RU)
[09:06:05] [TASK] Serhiy → AcceptMission [ScoutPoi] (goal=AcceptMission)
[09:06:05] [GOAL] Serhiy achieved AcceptMission
[09:06:05] [MISSION] Bakhyt accepted ScoutPoi @ Agroprom (164 RU)
[09:06:05] [TASK] Bakhyt → AcceptMission [ScoutPoi] (goal=AcceptMission)
[09:06:05] [GOAL] Bakhyt achieved AcceptMission
[09:06:06] [COMBAT] Yuriy Popov 'The Nail' killed Fracture using wpn_sg550
[09:06:07] [INBOUND] Initial +3 stalkers, +2 mutants (remaining S=1023 M=685)
[09:06:07] [COMBAT] Alexei Melnyk 'Bullet' killed BlindDog using wpn_ak74
[09:06:08] [INBOUND] Initial +2 stalkers, +1 mutants (remaining S=1021 M=684)
[09:06:08] [MISSION] Karl accepted ScoutPoi @ Yantar (160 RU)
[09:06:08] [TASK] Karl → AcceptMission [ScoutPoi] (goal=AcceptMission)
[09:06:08] [GOAL] Karl achieved AcceptMission
[09:06:09] [COMBAT] Nodar Volkov 'Bone' killed Marcus Bondarenko 'Spark' using wpn_ak74
[09:06:09] [GEAR] Nodar looted [wpn_sg550, wpn_sg550, helm_helm_spartan] via combat
[09:06:09] [COMBAT] Barkeep killed Viktor Petrov 'Razor' using wpn_fn2000
[09:06:09] [GEAR] Barkeep looted [arm_freedom] via combat
[09:06:09] [COMBAT] Vasyl Petrenko 'Shadow' killed Mykola Popov 'Razor' using wpn_ak74
[09:06:09] [COMBAT] Alexei Popov 'Ash' killed Vasyl Kovalenko 'Wolf' using wpn_fn2000
[09:06:09] [GEAR] Alexei looted [helm_exo] via combat
[09:06:10] [INBOUND] Initial +2 stalkers, +2 mutants (remaining S=1019 M=682)
[09:06:10] [MISSION] Viktor accepted ScoutPoi @ Duga Radar (176 RU)
[09:06:10] [TASK] Viktor → AcceptMission [ScoutPoi] (goal=AcceptMission)
[09:06:10] [GOAL] Viktor achieved AcceptMission
[09:06:11] [RANK] Nikolai Kovalenko 'Crow' → Experienced
[RankSystem] Nikolai Kovalenko 'Crow' promoted to Experienced!
[09:06:11] [COMBAT] Nikolai Kovalenko 'Crow' killed Pseudodog using wpn_ak74
[09:06:12] [INBOUND] Initial +2 stalkers, +1 mutants (remaining S=1017 M=681)
[09:06:12] [MISSION] Andriy accepted ScoutPoi @ Zalissya (160 RU)
[09:06:12] [TASK] Andriy → AcceptMission [ScoutPoi] (goal=AcceptMission)
[09:06:12] [GOAL] Andriy achieved AcceptMission
[09:06:13] [INBOUND] Initial +2 stalkers, +1 mutants (remaining S=1015 M=680)
[09:06:15] [INBOUND] Initial +2 stalkers, +2 mutants (remaining S=1013 M=678)
[09:06:15] [MISSION] Igor accepted ScoutPoi @ Kopachi (190 RU)
[09:06:15] [TASK] Igor → AcceptMission [ScoutPoi] (goal=AcceptMission)
[09:06:15] [GOAL] Igor achieved AcceptMission
[09:06:15] [MISSION] Andriy accepted ScoutPoi @ Pripyat (196 RU)
[09:06:15] [TASK] Andriy → AcceptMission [ScoutPoi] (goal=AcceptMission)
[09:06:15] [GOAL] Andriy achieved AcceptMission
[09:06:16] [COMBAT] Nikolai Melnyk 'Razor' killed Snork using wpn_fn2000
[09:06:16] [COMBAT] Zura Popov 'Whisper' killed Snork using wpn_sg550
[09:06:16] [INBOUND] Initial +2 stalkers, +1 mutants (remaining S=1011 M=677)
[09:06:16] [MISSION] Andriy accepted ScoutPoi @ Zalissya (160 RU)
[09:06:16] [TASK] Andriy → AcceptMission [ScoutPoi] (goal=AcceptMission)
[09:06:16] [GOAL] Andriy achieved AcceptMission
[09:06:17] [COMBAT] Serhiy Petrov 'Mole' killed Andrei Melnyk 'Mole' using wpn_sg550
[09:06:17] [GEAR] Serhiy looted [helm_helm_hardhat] via combat
[09:06:18] [INBOUND] Initial +2 stalkers, +1 mutants (remaining S=1009 M=676)
[09:06:18] [MISSION] Igor accepted ScoutPoi @ Jupiter (Pripyat Industrial) (196 RU)
[09:06:18] [TASK] Igor → AcceptMission [ScoutPoi] (goal=AcceptMission)
[09:06:18] [GOAL] Igor achieved AcceptMission
[09:06:18] [COMBAT] Dmytro Bondarenko 'Stitch' killed Tobias Melnyk 'Razor' using wpn_fn2000
[09:06:18] [GEAR] Dmytro looted [wpn_fn2000, out_merc_scientific_armored_outfit, helm_helm_protective] via combat
[09:06:20] [INBOUND] Initial +2 stalkers, +2 mutants (remaining S=1007 M=674)
[09:06:20] [MISSION] Viktor accepted ScoutPoi @ Meadow (160 RU)
[09:06:20] [TASK] Viktor → AcceptMission [ScoutPoi] (goal=AcceptMission)
[09:06:20] [GOAL] Viktor achieved AcceptMission
[09:06:21] [INBOUND] Initial +2 stalkers, +1 mutants (remaining S=1005 M=673)
[09:06:21] [MISSION] Vasyl accepted ScoutPoi @ Wild Territory (176 RU)
[09:06:21] [TASK] Vasyl → AcceptMission [ScoutPoi] (goal=AcceptMission)
[09:06:21] [GOAL] Vasyl achieved AcceptMission
[09:06:23] [INBOUND] Initial +2 stalkers, +2 mutants (remaining S=1003 M=671)
[09:06:24] [RANK] Mikhail Petrenko 'Jackal' → Experienced
[RankSystem] Mikhail Petrenko 'Jackal' promoted to Experienced!
[09:06:24] [COMBAT] Mikhail Petrenko 'Jackal' killed Burer using wpn_aksu
[09:06:25] [INBOUND] Initial +2 stalkers, +1 mutants (remaining S=1001 M=670)
[09:06:25] [COMBAT] Alexei Petrov 'Broken Nose' killed Rat using wpn_spas12
[09:06:26] [INBOUND] Initial +2 stalkers, +1 mutants (remaining S=999 M=669)
[09:06:26] [MISSION] Nikolai accepted ScoutPoi @ Duga Radar (176 RU)
[09:06:26] [TASK] Nikolai → AcceptMission [ScoutPoi] (goal=AcceptMission)
[09:06:26] [GOAL] Nikolai achieved AcceptMission
[09:06:27] [COMBAT] Dmitri Volkov 'Stitch' killed Fracture using wpn_sg550
[09:06:27] [COMBAT] Nikolai Petrov 'Wolf' killed Vasyl Sokolov 'Fox' using wpn_ak74
[09:06:28] [INBOUND] Initial +3 stalkers, +2 mutants (remaining S=996 M=667)
[09:06:28] [MISSION] Yuriy accepted ScoutPoi @ Dead City (Chernobyl-2 Settlement) (196 RU)
[09:06:28] [TASK] Yuriy → AcceptMission [ScoutPoi] (goal=AcceptMission)
[09:06:28] [GOAL] Yuriy achieved AcceptMission
[09:06:28] [MISSION] Vasyl accepted ScoutPoi @ Yantar (160 RU)
[09:06:28] [TASK] Vasyl → AcceptMission [ScoutPoi] (goal=AcceptMission)
[09:06:28] [GOAL] Vasyl achieved AcceptMission
[09:06:30] [INBOUND] Initial +2 stalkers, +1 mutants (remaining S=994 M=666)
[09:06:30] [MISSION] Igor accepted ScoutPoi @ Deserted Hospital (200 RU)
[09:06:30] [TASK] Igor → AcceptMission [ScoutPoi] (goal=AcceptMission)
[09:06:30] [GOAL] Igor achieved AcceptMission
[09:06:30] [COMBAT] Pavel Bondarenko 'Wolf' killed Damir Ivanov 'Mole' using wpn_mp5
[09:06:30] [GEAR] Pavel looted [wpn_ak74, wpn_sg550, helm_helm_spartan] via combat
[09:06:30] [COMBAT] Marcus Ivanov 'One-Eye' killed Boar using wpn_fn2000
[09:06:30] [COMBAT] Nodar Petrov 'Two-Fingers' killed Pseudodog using wpn_spas12
[09:06:31] [COMBAT] Armen Petrenko 'Razor' killed Ivan Volkov 'Bullet' using wpn_ak74
[09:06:31] [GEAR] Armen looted [wpn_aksu, wpn_mp5] via combat
[09:06:31] [INBOUND] Initial +2 stalkers, +2 mutants (remaining S=992 M=664)
[09:06:32] [COMBAT] Mykola Ivanov 'Spark' killed Controller using wpn_fn2000
[09:06:33] [INBOUND] Initial +2 stalkers, +1 mutants (remaining S=990 M=663)
[09:06:34] [COMBAT] Alexei Petrenko 'Viper' killed Nikolai Shevchenko 'Spark' using wpn_aksu
[09:06:34] [GEAR] Alexei looted [helm_helm_ppm88] via combat
[09:06:34] [INBOUND] Initial +2 stalkers, +1 mutants (remaining S=988 M=662)
[09:06:34] [SNAPSHOT] real=6.1min game=D0 00:12 alive S=182 M=183 corpses=554 lootable=303 gammaGear out=79 helm=164 avgRU=908 leaderGoals trade=0 mission=59 emission=Dormant nextIn=107gmin desperate=0 hungry=0 interval deaths=39 combats=51 tasks=16 gearLoot=8 gearBuy=0 missions=16 corpseDespawn=0 trickleSpawns=0 ranks=[Rookie:163,Trainee:4,Experienced:13,Professional:2] goals=[CompleteMission::58,Idle:36,Traveling:9,AcceptMission::1] leaders: Pavel[Rookie/AcceptMission:], Heinrich[Rookie/Idle], Armen[Rookie/Idle], Igor[Rookie/CompleteMission:], Yuriy[Rookie/CompleteMission:]
[09:06:34] [MISSION] Pavel accepted ScoutPoi @ Limansk (210 RU)
[09:06:34] [TASK] Pavel → AcceptMission [ScoutPoi] (goal=AcceptMission)
[09:06:34] [GOAL] Pavel achieved AcceptMission
[09:06:34] [COMBAT] Bohdan Bondarenko 'Fox' killed Ivan Kovalenko 'Razor' using wpn_mp5
[09:06:34] [GEAR] Bohdan looted [wpn_pm, helm_helm_respirator_old] via combat
[09:06:35] [COMBAT] Dmytro Bondarenko 'Fox' killed Nikolai Melnyk 'Razor' using wpn_mp5
[09:06:35] [GEAR] Dmytro looted [wpn_fn2000, helm_helm_battle] via combat
[09:06:36] [INBOUND] Initial +2 stalkers, +2 mutants (remaining S=986 M=660)
[09:06:36] [MISSION] Serhiy accepted ScoutPoi @ Pripyat (196 RU)
[09:06:36] [TASK] Serhiy → AcceptMission [ScoutPoi] (goal=AcceptMission)
[09:06:36] [GOAL] Serhiy achieved AcceptMission
[09:06:37] [COMBAT] Timur Melnyk 'Scar' killed Armen Kovalenko 'Raven' using wpn_mp5
[09:06:37] [GEAR] Timur looted [helm_hardhat] via combat
[09:06:37] [COMBAT] Alexei Melnyk 'Bullet' killed Snork using wpn_ak74
[09:06:38] [INBOUND] Initial +2 stalkers, +1 mutants (remaining S=984 M=659)
[09:06:38] [MISSION] Ivan accepted ScoutPoi @ Chernobyl Town (160 RU)
[09:06:38] [TASK] Ivan → AcceptMission [ScoutPoi] (goal=AcceptMission)
[09:06:38] [GOAL] Ivan achieved AcceptMission
[09:06:38] [COMBAT] Ivan Bondarenko 'Bone' killed Boar using wpn_ak74
[09:06:38] [COMBAT] Vasyl Bondarenko 'Fox' killed Snork using wpn_ak74
[09:06:38] [TASK] Oleg → TradeRun [poi_macro_5] (goal=VisitTrader)
[09:06:38] [GOAL] Oleg achieved VisitTrader
[09:06:38] [MISSION] Oleg accepted ScoutPoi @ Zalissya (160 RU)
[09:06:38] [TASK] Oleg → AcceptMission [ScoutPoi] (goal=AcceptMission)
[09:06:38] [GOAL] Oleg achieved AcceptMission
[09:06:39] [COMBAT] Karl Popov 'Wolf' killed Alexei Petrov 'Broken Nose' using wpn_aksu
[09:06:39] [INBOUND] Initial +2 stalkers, +2 mutants (remaining S=982 M=657)
[09:06:41] [INBOUND] Initial +2 stalkers, +1 mutants (remaining S=980 M=656)
[09:06:41] [MISSION] Oleg accepted ScoutPoi @ Generators (236 RU)
[09:06:41] [TASK] Oleg → AcceptMission [ScoutPoi] (goal=AcceptMission)
[09:06:41] [GOAL] Oleg achieved AcceptMission
[09:06:41] [COMBAT] Andriy Shevchenko 'Mole' killed Bloodsucker using wpn_fn2000
[09:06:42] [COMBAT] Andriy Shevchenko 'Raven' killed Ivan Volkov 'Two-Fingers' using wpn_aksu
[09:06:42] [GEAR] Andriy looted [out_stalker_tigerstripe_outfit] via combat
[09:06:42] [INBOUND] Initial +2 stalkers, +1 mutants (remaining S=978 M=655)
[09:06:43] [MISSION] Igor accepted ScoutPoi @ Meadow (160 RU)
[09:06:43] [TASK] Igor → AcceptMission [ScoutPoi] (goal=AcceptMission)
[09:06:43] [GOAL] Igor achieved AcceptMission
[09:06:43] [COMBAT] Bohdan Kovalenko 'Badger' killed Controller using wpn_ak74
[09:06:44] [INBOUND] Initial +2 stalkers, +2 mutants (remaining S=976 M=653)
[09:06:44] [CORPSE] Despawned 2 bodies (lifetime=3)
[09:06:44] [MISSION] Serhiy accepted ScoutPoi @ Zalissya (160 RU)
[09:06:44] [TASK] Serhiy → AcceptMission [ScoutPoi] (goal=AcceptMission)
[09:06:44] [GOAL] Serhiy achieved AcceptMission
[09:06:45] [COMBAT] Alibek Melnyk 'Viper' killed Serhiy Popov 'Lucky' using wpn_ak74
[09:06:46] [INBOUND] Initial +2 stalkers, +1 mutants (remaining S=974 M=652)
[09:06:46] [MISSION] Alibek accepted ScoutPoi @ Zaton (240 RU)
[09:06:46] [TASK] Alibek → AcceptMission [ScoutPoi] (goal=AcceptMission)
[09:06:46] [GOAL] Alibek achieved AcceptMission
[09:06:46] [COMBAT] Oleg Kovalenko 'Scar' killed Dmytro Volkov 'Crow' using wpn_ak74
[09:06:46] [GEAR] Oleg looted [arm_freedom] via combat
[09:06:46] [COMBAT] Marcus Ivanov 'One-Eye' killed Fracture using wpn_fn2000
[09:06:48] [INBOUND] Initial +2 stalkers, +1 mutants (remaining S=972 M=651)
[09:06:48] [MISSION] Alibek accepted ScoutPoi @ Garbage (160 RU)
[09:06:48] [TASK] Alibek → AcceptMission [ScoutPoi] (goal=AcceptMission)
[09:06:48] [GOAL] Alibek achieved AcceptMission
[09:06:48] [COMBAT] Nikolai Kovalenko 'Stitch' killed Snork using wpn_ak74
[09:06:49] [INBOUND] Initial +2 stalkers, +2 mutants (remaining S=970 M=649)
[09:06:49] [MISSION] Bohdan accepted ScoutPoi @ Limansk (210 RU)
[09:06:49] [TASK] Bohdan → AcceptMission [ScoutPoi] (goal=AcceptMission)
[09:06:49] [GOAL] Bohdan achieved AcceptMission
[09:06:50] [COMBAT] Serhiy Bondarenko 'Phantom' killed BlindDog using wpn_ak74
[09:06:51] [INBOUND] Initial +3 stalkers, +1 mutants (remaining S=967 M=648)
[09:06:52] [INBOUND] Initial +2 stalkers, +2 mutants (remaining S=965 M=646)
[09:06:52] [MISSION] Giorgi accepted ScoutPoi @ Rostok (160 RU)
[09:06:52] [TASK] Giorgi → AcceptMission [ScoutPoi] (goal=AcceptMission)
[09:06:52] [GOAL] Giorgi achieved AcceptMission
[09:06:54] [INBOUND] Initial +2 stalkers, +1 mutants (remaining S=963 M=645)
[09:06:54] [MISSION] Mikhail accepted ScoutPoi @ Meadow (160 RU)
[09:06:54] [TASK] Mikhail → AcceptMission [ScoutPoi] (goal=AcceptMission)
[09:06:54] [GOAL] Mikhail achieved AcceptMission
[09:06:54] [COMBAT] Barkeep killed Dmytro Bondarenko 'Fox' using wpn_fn2000
[09:06:54] [GEAR] Barkeep looted [wpn_fn2000, helm_helm_battle] via combat
[09:06:56] [INBOUND] Initial +2 stalkers, +1 mutants (remaining S=961 M=644)
[09:06:56] [MISSION] Tobias accepted ScoutPoi @ Cordon (160 RU)
[09:06:56] [TASK] Tobias → AcceptMission [ScoutPoi] (goal=AcceptMission)
[09:06:56] [GOAL] Tobias achieved AcceptMission
[09:06:56] [COMBAT] Dmytro Petrov 'Bullet' killed Poltergeist using wpn_fn2000
[09:06:56] [COMBAT] Nikolai Petrov 'Wolf' killed Damir Sokolov 'Bullet' using wpn_ak74
[09:06:57] [INBOUND] Initial +2 stalkers, +2 mutants (remaining S=959 M=642)
[09:06:57] [MISSION] Jake accepted ScoutPoi @ Dead City (Chernobyl-2 Settlement) (196 RU)
[09:06:57] [TASK] Jake → AcceptMission [ScoutPoi] (goal=AcceptMission)
[09:06:57] [GOAL] Jake achieved AcceptMission
[09:06:58] [COMBAT] Armen Petrenko 'Razor' killed Yuriy Bondarenko 'Bone' using wpn_aksu
[09:06:58] [COMBAT] Nikolai Petrov 'Jackal' killed Burer using wpn_ak74
[09:06:58] [COMBAT] Marcus Melnyk 'Scar' killed Rustam Kovalenko 'Phantom' using wpn_svd
[09:06:58] [GEAR] Marcus looted [wpn_ak74] via combat
[09:06:59] [INBOUND] Initial +2 stalkers, +1 mutants (remaining S=957 M=641)
[09:07:00] [INBOUND] Initial +2 stalkers, +2 mutants (remaining S=955 M=639)
[09:07:00] [CORPSE] Despawned 2 bodies (lifetime=5)
[09:07:02] [INBOUND] Initial +2 stalkers, +1 mutants (remaining S=953 M=638)
[09:07:02] [MISSION] Igor accepted ScoutPoi @ Limansk (210 RU)
[09:07:02] [TASK] Igor → AcceptMission [ScoutPoi] (goal=AcceptMission)
[09:07:02] [GOAL] Igor achieved AcceptMission
[09:07:03] [COMBAT] Ivan Volkov 'Ash' killed Sean Petrenko 'Ugly' using wpn_fn2000
[09:07:03] [GEAR] Ivan looted [wpn_sg550, helm_helm_metro] via combat
[09:07:03] [TASK] Dmitri → TradeRun [poi_macro_8] (goal=VisitTrader)
[09:07:03] [GOAL] Dmitri achieved VisitTrader
[09:07:04] [INBOUND] Initial +2 stalkers, +1 mutants (remaining S=951 M=637)
[09:07:04] [COMBAT] Mykola Ivanov 'Broken Nose' killed Boar using wpn_sg550
[09:07:04] [COMBAT] Serhiy Ivanov 'Razor' killed Rat using wpn_aksu
[09:07:04] [COMBAT] Igor Shevchenko 'Phantom' killed Poltergeist using wpn_ak74
[09:07:05] [INBOUND] Initial +2 stalkers, +2 mutants (remaining S=949 M=635)
[09:07:05] [SNAPSHOT] real=6.7min game=D0 00:13 alive S=183 M=197 corpses=601 lootable=341 gammaGear out=79 helm=164 avgRU=896 leaderGoals trade=0 mission=58 emission=Dormant nextIn=106gmin desperate=0 hungry=0 interval deaths=38 combats=51 tasks=17 gearLoot=8 gearBuy=0 missions=15 corpseDespawn=4 trickleSpawns=0 ranks=[Rookie:167,Trainee:3,Experienced:11,Professional:2] goals=[CompleteMission::57,Idle:39,Traveling:5,AcceptMission::1] leaders: Oleksiy[Rookie/AcceptMission:], Taras[Rookie/Idle], Igor[Rookie/CompleteMission:], Bohdan[Rookie/Idle], Taras[Rookie/Idle]
[09:07:05] [MISSION] Oleksiy accepted ScoutPoi @ Red Forest (160 RU)
[09:07:05] [TASK] Oleksiy → AcceptMission [ScoutPoi] (goal=AcceptMission)
[09:07:05] [GOAL] Oleksiy achieved AcceptMission
[09:07:06] [COMBAT] Armen Sokolov 'Scar' killed Flesh using wpn_ak74
[09:07:07] [INBOUND] Initial +2 stalkers, +1 mutants (remaining S=947 M=634)
[09:07:07] [MISSION] Taras accepted ScoutPoi @ Zalissya (160 RU)
[09:07:07] [TASK] Taras → AcceptMission [ScoutPoi] (goal=AcceptMission)
[09:07:07] [GOAL] Taras achieved AcceptMission
[09:07:08] [COMBAT] Nikolai Petrenko 'Ash' killed BlindDog using wpn_mp5
[09:07:09] [INBOUND] Initial +2 stalkers, +2 mutants (remaining S=945 M=632)
[09:07:09] [MISSION] Serhiy accepted ScoutPoi @ Rostok (160 RU)
[09:07:09] [TASK] Serhiy → AcceptMission [ScoutPoi] (goal=AcceptMission)
[09:07:09] [GOAL] Serhiy achieved AcceptMission
[09:07:09] [COMBAT] Yuriy Shevchenko 'Fox' killed Bloodsucker using wpn_fn2000
[09:07:09] [COMBAT] Bohdan Melnyk 'Scar' killed Chimera using wpn_ak74
[09:07:10] [COMBAT] Dmytro Petrenko 'Mole' killed Snork using wpn_pm
[09:07:10] [COMBAT] Dmytro Bondarenko 'Stitch' killed Pseudodog using wpn_fn2000
[09:07:10] [COMBAT] Zura Popov 'Whisper' killed Rat using wpn_sg550
[09:07:10] [INBOUND] Initial +2 stalkers, +1 mutants (remaining S=943 M=631)
[09:07:10] [MISSION] Alexei accepted ScoutPoi @ Dead City (Chernobyl-2 Settlement) (196 RU)
[09:07:10] [TASK] Alexei → AcceptMission [ScoutPoi] (goal=AcceptMission)
[09:07:10] [GOAL] Alexei achieved AcceptMission
[09:07:12] [INBOUND] Initial +3 stalkers, +1 mutants (remaining S=940 M=630)
[09:07:12] [MISSION] Mykola accepted ScoutPoi @ Rostok (160 RU)
[09:07:12] [TASK] Mykola → AcceptMission [ScoutPoi] (goal=AcceptMission)
[09:07:12] [GOAL] Mykola achieved AcceptMission
[09:07:14] [INBOUND] Initial +2 stalkers, +2 mutants (remaining S=938 M=628)
[09:07:14] [MISSION] Pavel accepted ScoutPoi @ Zalissya (160 RU)
[09:07:14] [TASK] Pavel → AcceptMission [ScoutPoi] (goal=AcceptMission)
[09:07:14] [GOAL] Pavel achieved AcceptMission
[09:07:14] [MISSION] Giorgi accepted ScoutPoi @ Pripyat (196 RU)
[09:07:14] [TASK] Giorgi → AcceptMission [ScoutPoi] (goal=AcceptMission)
[09:07:14] [GOAL] Giorgi achieved AcceptMission
[09:07:14] [COMBAT] Mykola Ivanov 'Phantom' killed Pseudodog using wpn_aksu
[09:07:15] [COMBAT] Dmytro Petrov 'Bullet' killed Bloodsucker using wpn_fn2000
[09:07:15] [COMBAT] Andrei Popov 'Raven' killed Boar using wpn_aksu
[09:07:15] [COMBAT] Pavel Bondarenko 'Wolf' killed Rat using wpn_ak74
[09:07:16] [INBOUND] Initial +2 stalkers, +1 mutants (remaining S=936 M=627)
[09:07:16] [MISSION] Bakhyt accepted ScoutPoi @ Duga Radar (176 RU)
[09:07:16] [TASK] Bakhyt → AcceptMission [ScoutPoi] (goal=AcceptMission)
[09:07:16] [GOAL] Bakhyt achieved AcceptMission
[09:07:16] [COMBAT] Pavel Shevchenko 'Bullet' killed Poltergeist using wpn_fn2000
[09:07:16] [COMBAT] Alibek Sokolov 'Crow' killed Snork using wpn_ak74
[09:07:16] [COMBAT] Armen Petrenko 'Razor' killed Tobias Popov 'Fox' using wpn_aksu
[09:07:17] [INBOUND] Initial +2 stalkers, +1 mutants (remaining S=934 M=626)
[09:07:17] [CORPSE] Despawned 7 bodies (lifetime=12)
[09:07:17] [MISSION] Viktor accepted ScoutPoi @ Duga Radar (176 RU)
[09:07:17] [TASK] Viktor → AcceptMission [ScoutPoi] (goal=AcceptMission)
[09:07:17] [GOAL] Viktor achieved AcceptMission
[09:07:18] [COMBAT] Alibek Melnyk 'Viper' killed Flesh using wpn_ak74
[09:07:18] [RANK] Heinrich Sokolov 'Crow' → Experienced
[RankSystem] Heinrich Sokolov 'Crow' promoted to Experienced!
[09:07:19] [INBOUND] Initial +2 stalkers, +2 mutants (remaining S=932 M=624)
[09:07:20] [COMBAT] Mykola Shevchenko 'Ghost' killed Fracture using wpn_ak74
[09:07:20] [INBOUND] Initial +2 stalkers, +1 mutants (remaining S=930 M=623)
[09:07:20] [MISSION] Dmitri accepted ScoutPoi @ Garbage (160 RU)
[09:07:20] [TASK] Dmitri → AcceptMission [ScoutPoi] (goal=AcceptMission)
[09:07:20] [GOAL] Dmitri achieved AcceptMission
[09:07:21] [COMBAT] Nikolai Melnyk 'Ghost' killed Fracture using wpn_ak74
[09:07:22] [INBOUND] Initial +2 stalkers, +2 mutants (remaining S=928 M=621)
[09:07:23] [COMBAT] Serhiy Bondarenko 'Phantom' killed Flesh using wpn_ak74
[09:07:23] [INBOUND] Initial +2 stalkers, +1 mutants (remaining S=926 M=620)
[09:07:23] [MISSION] Ivan accepted ScoutPoi @ Deserted Hospital (200 RU)
[09:07:23] [TASK] Ivan → AcceptMission [ScoutPoi] (goal=AcceptMission)
[09:07:23] [GOAL] Ivan achieved AcceptMission
[09:07:24] [COMBAT] Serhiy Petrov 'Mole' killed Snork using wpn_sg550
[09:07:24] [COMBAT] Taras Melnyk 'Phantom' killed Sergei Kovalenko 'Ghost' using wpn_pm
[09:07:24] [COMBAT] Jake Volkov 'Shadow' killed BlindDog using wpn_fn2000
[09:07:25] [INBOUND] Initial +2 stalkers, +1 mutants (remaining S=924 M=619)
[09:07:25] [MISSION] Vasyl accepted ScoutPoi @ Red Forest (160 RU)
[09:07:25] [TASK] Vasyl → AcceptMission [ScoutPoi] (goal=AcceptMission)
[09:07:25] [GOAL] Vasyl achieved AcceptMission
[09:07:26] [COMBAT] Igor Ivanov 'Raven' killed Bohdan Bondarenko 'Raven' using wpn_aksu
[09:07:26] [GEAR] Igor looted [helm_helm_hardhat] via combat
[09:07:27] [INBOUND] Initial +2 stalkers, +2 mutants (remaining S=922 M=617)
[09:07:27] [MISSION] Damir accepted ScoutPoi @ Rostok (160 RU)
[09:07:27] [TASK] Damir → AcceptMission [ScoutPoi] (goal=AcceptMission)
[09:07:27] [GOAL] Damir achieved AcceptMission
[09:07:27] [COMBAT] Ivan Petrenko 'Ash' killed Dog using wpn_sg550
[09:07:27] [COMBAT] Connor Petrenko 'Spark' killed Dmytro Bondarenko 'Stitch' using wpn_sg550
[09:07:27] [GEAR] Connor looted [wpn_fn2000, wpn_sg550] via combat
[09:07:28] [COMBAT] Andriy Popov 'Bullet' killed Controller using wpn_fn2000
[09:07:29] [INBOUND] Initial +2 stalkers, +1 mutants (remaining S=920 M=616)
[09:07:29] [MISSION] Dmytro accepted ScoutPoi @ Kopachi (190 RU)
[09:07:29] [TASK] Dmytro → AcceptMission [ScoutPoi] (goal=AcceptMission)
[09:07:29] [GOAL] Dmytro achieved AcceptMission
[09:07:30] [INBOUND] Initial +2 stalkers, +2 mutants (remaining S=918 M=614)
[09:07:30] [MISSION] Karl accepted ScoutPoi @ Buriakivka Waste Site (236 RU)
[09:07:30] [TASK] Karl → AcceptMission [ScoutPoi] (goal=AcceptMission)
[09:07:30] [GOAL] Karl achieved AcceptMission
[09:07:32] [INBOUND] Initial +2 stalkers, +1 mutants (remaining S=916 M=613)
[09:07:32] [COMBAT] Oleksiy Petrov 'Fox' killed Poltergeist using wpn_ak74
[09:07:32] [MISSION] Oleksiy accepted ScoutPoi @ Generators (236 RU)
[09:07:32] [TASK] Oleksiy → AcceptMission [ScoutPoi] (goal=AcceptMission)
[09:07:32] [GOAL] Oleksiy achieved AcceptMission
[09:07:34] [INBOUND] Initial +3 stalkers, +1 mutants (remaining S=913 M=612)
[09:07:34] [CORPSE] Despawned 7 bodies (lifetime=19)
[09:07:34] [MISSION] Sergei accepted ScoutPoi @ Dead City (Chernobyl-2 Settlement) (196 RU)
[09:07:34] [TASK] Sergei → AcceptMission [ScoutPoi] (goal=AcceptMission)
[09:07:34] [GOAL] Sergei achieved AcceptMission
[09:07:34] [COMBAT] Vasyl Bondarenko 'Bone' killed Giorgi Bondarenko 'Mole' using wpn_mp5
[09:07:35] [COMBAT] Dmitri Volkov 'Stitch' killed Connor Bondarenko 'Broken Nose' using wpn_sg550
[09:07:35] [GEAR] Dmitri looted [wpn_fn2000, wpn_sg550, helm_exo] via combat
[09:07:35] [INBOUND] Initial +2 stalkers, +2 mutants (remaining S=911 M=610)
[09:07:35] [SNAPSHOT] real=7.2min game=D0 00:14 alive S=196 M=200 corpses=634 lootable=362 gammaGear out=92 helm=169 avgRU=890 leaderGoals trade=1 mission=67 emission=Dormant nextIn=105gmin desperate=0 hungry=0 interval deaths=25 combats=47 tasks=17 gearLoot=3 gearBuy=0 missions=17 corpseDespawn=14 trickleSpawns=0 ranks=[Rookie:181,Trainee:2,Experienced:12,Professional:1] goals=[CompleteMission::66,Idle:39,Traveling:2,AcceptMission::1] leaders: Nikolai[Rookie/Idle], Dmitri[Rookie/CompleteMission:], Mikhail[Rookie/Idle], Viktor[Rookie/CompleteMission:], Bakhyt[Rookie/CompleteMission:]
[09:07:35] [COMBAT] Alibek Sokolov 'Crow' killed Flesh using wpn_ak74
[09:07:35] [MISSION] Pavel accepted ScoutPoi @ Agroprom (164 RU)
[09:07:35] [TASK] Pavel → AcceptMission [ScoutPoi] (goal=AcceptMission)
[09:07:35] [GOAL] Pavel achieved AcceptMission
[09:07:36] [COMBAT] Dmytro Kovalenko 'Phantom' killed Bloodsucker using wpn_ak74
[09:07:36] [COMBAT] Nikolai Petrenko 'Ash' killed Oleg Kovalenko 'Scar' using wpn_mp5
[09:07:36] [GEAR] Nikolai looted [wpn_ak74, wpn_fort12, arm_freedom, helm_helm_ranger] via combat
[09:07:37] [INBOUND] Initial +2 stalkers, +1 mutants (remaining S=909 M=609)
[09:07:37] [MISSION] Dmytro accepted ScoutPoi @ Deserted Hospital (200 RU)
[09:07:37] [TASK] Dmytro → AcceptMission [ScoutPoi] (goal=AcceptMission)
[09:07:37] [GOAL] Dmytro achieved AcceptMission
[09:07:38] [COMBAT] Alexei Bondarenko 'Viper' killed Controller using wpn_aksu
[09:07:38] [INBOUND] Initial +2 stalkers, +2 mutants (remaining S=907 M=607)
[09:07:39] [MISSION] Zura accepted ScoutPoi @ Dark Valley (190 RU)
[09:07:39] [TASK] Zura → AcceptMission [ScoutPoi] (goal=AcceptMission)
[09:07:39] [GOAL] Zura achieved AcceptMission
[09:07:40] [MISSION] Ivan accepted ScoutPoi @ Limansk (210 RU)
[09:07:40] [TASK] Ivan → AcceptMission [ScoutPoi] (goal=AcceptMission)
[09:07:40] [GOAL] Ivan achieved AcceptMission
[09:07:40] [INBOUND] Initial +2 stalkers, +1 mutants (remaining S=905 M=606)
[09:07:41] [MISSION] Igor accepted ScoutPoi @ Limansk (210 RU)
[09:07:41] [TASK] Igor → AcceptMission [ScoutPoi] (goal=AcceptMission)
[09:07:41] [GOAL] Igor achieved AcceptMission
[09:07:42] [INBOUND] Initial +2 stalkers, +1 mutants (remaining S=903 M=605)
[09:07:42] [MISSION] Mikhail accepted ScoutPoi @ Dark Valley (190 RU)
[09:07:42] [TASK] Mikhail → AcceptMission [ScoutPoi] (goal=AcceptMission)
[09:07:42] [GOAL] Mikhail achieved AcceptMission
[09:07:42] [MISSION] Dmytro accepted ScoutPoi @ Great Swamps (160 RU)
[09:07:42] [TASK] Dmytro → AcceptMission [ScoutPoi] (goal=AcceptMission)
[09:07:42] [GOAL] Dmytro achieved AcceptMission
[09:07:43] [MISSION] Mykola accepted ScoutPoi @ Rostok (160 RU)
[09:07:43] [TASK] Mykola → AcceptMission [ScoutPoi] (goal=AcceptMission)
[09:07:43] [GOAL] Mykola achieved AcceptMission
[09:07:45] [INBOUND] Initial +2 stalkers, +2 mutants (remaining S=901 M=603)
[09:07:45] [MISSION] Alexei accepted ScoutPoi @ Kopachi (190 RU)
[09:07:45] [TASK] Alexei → AcceptMission [ScoutPoi] (goal=AcceptMission)
[09:07:45] [GOAL] Alexei achieved AcceptMission
[09:07:45] [MISSION] Dmytro accepted ScoutPoi @ Meadow (160 RU)
[09:07:45] [TASK] Dmytro → AcceptMission [ScoutPoi] (goal=AcceptMission)
[09:07:45] [GOAL] Dmytro achieved AcceptMission
[09:07:45] [COMBAT] Mykola Bondarenko 'Phantom' killed PsyDog using wpn_ak74
[09:07:45] [COMBAT] Mikhail Melnyk 'Spark' killed Bloodsucker using wpn_sg550
[09:07:46] [COMBAT] Taras Melnyk 'Razor' killed Burer using wpn_aksu
[09:07:46] [COMBAT] Alibek Melnyk 'Viper' killed Pseudodog using wpn_ak74
[09:07:46] [INBOUND] Initial +2 stalkers, +1 mutants (remaining S=899 M=602)
[09:07:47] [MISSION] Serhiy accepted ScoutPoi @ Great Swamps (160 RU)
[09:07:47] [TASK] Serhiy → AcceptMission [ScoutPoi] (goal=AcceptMission)
[09:07:47] [GOAL] Serhiy achieved AcceptMission
[09:07:48] [COMBAT] Dmitri Petrov 'Spark' killed Rat using wpn_mp5
[09:07:48] [INBOUND] Initial +2 stalkers, +1 mutants (remaining S=897 M=601)
[09:07:48] [MISSION] Igor accepted ScoutPoi @ Garbage (160 RU)
[09:07:48] [TASK] Igor → AcceptMission [ScoutPoi] (goal=AcceptMission)
[09:07:48] [GOAL] Igor achieved AcceptMission
[09:07:49] [COMBAT] Yuriy Ivanov 'Mole' killed Bloodsucker using wpn_ak74
[09:07:49] [COMBAT] Oleksiy Bondarenko 'Spark' killed PsyDog using wpn_ak74
[09:07:49] [COMBAT] Mikhail Petrenko 'Jackal' killed Andrei Shevchenko 'Raven' using wpn_aksu
[09:07:49] [GEAR] Mikhail looted [wpn_fn2000, wpn_fort12, helm_gas] via combat
[09:07:50] [INBOUND] Initial +2 stalkers, +2 mutants (remaining S=895 M=599)
[09:07:50] [COMBAT] Nikolai Petrenko 'Phantom' killed Alexei Petrenko 'Phantom' using wpn_ak74
[09:07:50] [GEAR] Nikolai looted [wpn_fn2000, wpn_mp5, out_exo_merc_wood_outfit] via combat
[09:07:50] [MISSION] Andriy accepted ScoutPoi @ Dark Valley (190 RU)
[09:07:50] [TASK] Andriy → AcceptMission [ScoutPoi] (goal=AcceptMission)
[09:07:50] [GOAL] Andriy achieved AcceptMission
[09:07:52] [INBOUND] Initial +2 stalkers, +1 mutants (remaining S=893 M=598)
[09:07:52] [CORPSE] Despawned 10 bodies (lifetime=29)
[09:07:52] [COMBAT] Vasyl Petrov 'Shadow' killed Burer using wpn_aksu
[09:07:53] [INBOUND] Initial +2 stalkers, +2 mutants (remaining S=891 M=596)
[09:07:54] [INBOUND] Initial +2 stalkers, +1 mutants (remaining S=889 M=595)
[09:07:54] [MISSION] Vasyl accepted ScoutPoi @ Red Forest (160 RU)
[09:07:54] [TASK] Vasyl → AcceptMission [ScoutPoi] (goal=AcceptMission)
[09:07:54] [GOAL] Vasyl achieved AcceptMission
[09:07:55] [COMBAT] Sergei Shevchenko 'Ash' killed Bloodsucker using wpn_sg550
[09:07:55] [TASK] Tobias → TradeRun [poi_macro_6] (goal=VisitTrader)
[09:07:55] [GOAL] Tobias achieved VisitTrader
[09:07:55] [MISSION] Tobias accepted ScoutPoi @ Duga Radar (176 RU)
[09:07:55] [TASK] Tobias → AcceptMission [ScoutPoi] (goal=AcceptMission)
[09:07:55] [GOAL] Tobias achieved AcceptMission
[09:07:56] [INBOUND] Initial +2 stalkers, +1 mutants (remaining S=887 M=594)
[09:07:56] [COMBAT] Ivan Sokolov 'Viper' killed Controller using wpn_ak74
[09:07:56] [COMBAT] Andriy Sokolov 'Stitch' killed Burer using wpn_ak74
[09:07:57] [INBOUND] Initial +3 stalkers, +2 mutants (remaining S=884 M=592)
[09:07:58] [MISSION] Andriy accepted ScoutPoi @ Truck Cemetery (200 RU)
[09:07:58] [TASK] Andriy → AcceptMission [ScoutPoi] (goal=AcceptMission)
[09:07:58] [GOAL] Andriy achieved AcceptMission
[09:07:59] [COMBAT] Andriy Shevchenko 'Raven' killed Bloodsucker using wpn_aksu
[09:07:59] [INBOUND] Initial +2 stalkers, +1 mutants (remaining S=882 M=591)
[09:08:01] [INBOUND] Initial +2 stalkers, +2 mutants (remaining S=880 M=589)
[09:08:02] [INBOUND] Initial +2 stalkers, +1 mutants (remaining S=878 M=588)
[09:08:02] [MISSION] Pierre accepted ScoutPoi @ Great Swamps (160 RU)
[09:08:02] [TASK] Pierre → AcceptMission [ScoutPoi] (goal=AcceptMission)
[09:08:02] [GOAL] Pierre achieved AcceptMission
[09:08:04] [INBOUND] Initial +2 stalkers, +1 mutants (remaining S=876 M=587)
[09:08:04] [MISSION] Frank accepted ScoutPoi @ Dead City (Chernobyl-2 Settlement) (196 RU)
[09:08:04] [TASK] Frank → AcceptMission [ScoutPoi] (goal=AcceptMission)
[09:08:04] [GOAL] Frank achieved AcceptMission
[09:08:06] [INBOUND] Initial +2 stalkers, +2 mutants (remaining S=874 M=585)
[09:08:06] [SNAPSHOT] real=7.7min game=D0 00:14 alive S=200 M=210 corpses=672 lootable=386 gammaGear out=99 helm=173 avgRU=885 leaderGoals trade=1 mission=74 emission=Dormant nextIn=104gmin desperate=0 hungry=0 interval deaths=33 combats=48 tasks=19 gearLoot=3 gearBuy=0 missions=18 corpseDespawn=10 trickleSpawns=0 ranks=[Rookie:188,Trainee:1,Experienced:10,Professional:1] goals=[CompleteMission::72,Idle:40,AcceptMission::2,VisitTrader::1] leaders: Nikolai[Rookie/Idle], Mikhail[Rookie/Idle], Viktor[Rookie/CompleteMission:], Bakhyt[Rookie/CompleteMission:], Pavel[Rookie/CompleteMission:]
[09:08:06] [MISSION] Jake accepted ScoutPoi @ Buriakivka Waste Site (236 RU)
[09:08:06] [TASK] Jake → AcceptMission [ScoutPoi] (goal=AcceptMission)
[09:08:06] [GOAL] Jake achieved AcceptMission
[09:08:06] [MISSION] Dmytro accepted ScoutPoi @ Pripyat (196 RU)
[09:08:06] [TASK] Dmytro → AcceptMission [ScoutPoi] (goal=AcceptMission)
[09:08:06] [GOAL] Dmytro achieved AcceptMission
[09:08:08] [INBOUND] Initial +2 stalkers, +1 mutants (remaining S=872 M=584)
[09:08:08] [CORPSE] Despawned 15 bodies (lifetime=44)
[09:08:08] [MISSION] Serhiy accepted ScoutPoi @ Yantar (160 RU)
[09:08:08] [TASK] Serhiy → AcceptMission [ScoutPoi] (goal=AcceptMission)
[09:08:08] [GOAL] Serhiy achieved AcceptMission
[09:08:08] [COMBAT] Oleg Volkov 'Scar' killed Igor Melnyk 'Razor' using wpn_pm
[09:08:08] [GEAR] Oleg looted [wpn_sg550, wpn_fort12, out_stalker_bear_outfit, helm_helm_m50] via combat
[09:08:09] [INBOUND] Initial +2 stalkers, +2 mutants (remaining S=870 M=582)
[09:08:09] [MISSION] Oleksiy accepted ScoutPoi @ Limansk (210 RU)
[09:08:09] [TASK] Oleksiy → AcceptMission [ScoutPoi] (goal=AcceptMission)
[09:08:09] [GOAL] Oleksiy achieved AcceptMission
[09:08:10] [COMBAT] Mykola Ivanov 'Spark' killed Poltergeist using wpn_fn2000
[09:08:10] [COMBAT] Serhiy Popov 'Badger' killed PsyDog using wpn_aksu
[09:08:11] [COMBAT] Taras Melnyk 'Razor' killed BlindDog using wpn_pm
[09:08:11] [INBOUND] Initial +2 stalkers, +1 mutants (remaining S=868 M=581)
[09:08:11] [MISSION] Dmytro accepted ScoutPoi @ Meadow (160 RU)
[09:08:11] [TASK] Dmytro → AcceptMission [ScoutPoi] (goal=AcceptMission)
[09:08:11] [GOAL] Dmytro achieved AcceptMission
[09:08:12] [COMBAT] Serhiy Volkov 'Wolf' killed Boar using wpn_fn2000
[09:08:13] [INBOUND] Initial +2 stalkers, +1 mutants (remaining S=866 M=580)
[09:08:13] [MISSION] Yuriy accepted ScoutPoi @ Garbage (160 RU)
[09:08:13] [TASK] Yuriy → AcceptMission [ScoutPoi] (goal=AcceptMission)
[09:08:13] [GOAL] Yuriy achieved AcceptMission
[09:08:13] [TASK] Yuriy → TradeRun [poi_macro_5] (goal=VisitTrader)
[09:08:13] [GOAL] Yuriy achieved VisitTrader
[09:08:13] [MISSION] Yuriy accepted ScoutPoi @ Zalissya (160 RU)
[09:08:13] [TASK] Yuriy → AcceptMission [ScoutPoi] (goal=AcceptMission)
[09:08:13] [GOAL] Yuriy achieved AcceptMission
[09:08:13] [RANK] Nodar Petrov 'Two-Fingers' → Trainee
[RankSystem] Nodar Petrov 'Two-Fingers' promoted to Trainee!
[09:08:13] [COMBAT] Nodar Petrov 'Two-Fingers' killed Snork using wpn_spas12
[09:08:14] [COMBAT] Mykola Ivanov 'Phantom' killed Pseudodog using wpn_aksu
[09:08:14] [INBOUND] Initial +2 stalkers, +2 mutants (remaining S=864 M=578)
[09:08:14] [MISSION] Oleksiy accepted ScoutPoi @ Garbage (160 RU)
[09:08:14] [TASK] Oleksiy → AcceptMission [ScoutPoi] (goal=AcceptMission)
[09:08:14] [GOAL] Oleksiy achieved AcceptMission
[09:08:15] [COMBAT] Mikhail Volkov 'Jackal' killed Dog using wpn_ak74
[09:08:15] [INBOUND] Initial +2 stalkers, +1 mutants (remaining S=862 M=577)
[09:08:16] [COMBAT] Dmytro Petrov 'Bullet' killed Burer using wpn_fn2000
[09:08:16] [COMBAT] Giorgi Shevchenko 'Bullet' killed Fracture using wpn_svd
[09:08:16] [COMBAT] Jake Volkov 'Shadow' killed Pseudodog using wpn_fn2000
[09:08:17] [INBOUND] Initial +2 stalkers, +1 mutants (remaining S=860 M=576)
[09:08:17] [MISSION] Tobias accepted ScoutPoi @ Cordon (160 RU)
[09:08:17] [TASK] Tobias → AcceptMission [ScoutPoi] (goal=AcceptMission)
[09:08:17] [GOAL] Tobias achieved AcceptMission
[09:08:17] [MISSION] Alexei accepted ScoutPoi @ Dead City (Chernobyl-2 Settlement) (196 RU)
[09:08:17] [TASK] Alexei → AcceptMission [ScoutPoi] (goal=AcceptMission)
[09:08:17] [GOAL] Alexei achieved AcceptMission
[09:08:17] [COMBAT] Karl Popov 'Wolf' killed Boar using wpn_aksu
[09:08:17] [COMBAT] Andriy Melnyk 'Badger' killed Burer using wpn_aksu
[09:08:18] [INBOUND] Initial +3 stalkers, +2 mutants (remaining S=857 M=574)
[09:08:18] [COMBAT] Connor Bondarenko 'Shadow' killed Burer using wpn_mp5
[09:08:19] [COMBAT] Alexei Sokolov 'Lucky' killed Snork using wpn_pm
[09:08:19] [COMBAT] Vasyl Shevchenko 'Bullet' killed Pseudodog using wpn_fn2000
[09:08:19] [INBOUND] Initial +2 stalkers, +1 mutants (remaining S=855 M=573)
[09:08:20] [COMBAT] Armen Petrenko 'Razor' killed Dmytro Petrenko 'Bullet' using wpn_aksu
[09:08:20] [COMBAT] Viktor Sokolov 'Shadow' killed Igor Ivanov 'Phantom' using wpn_aksu
[09:08:20] [GEAR] Viktor looted [wpn_fn2000, wpn_sg550, arm_exo, helm_helm_battle] via combat
[09:08:20] [COMBAT] Ivan Petrenko 'Ash' killed Poltergeist using wpn_sg550
[09:08:20] [INBOUND] Initial +2 stalkers, +2 mutants (remaining S=853 M=571)
[09:08:21] [MISSION] Viktor accepted ScoutPoi @ Dead City (Chernobyl-2 Settlement) (196 RU)
[09:08:21] [TASK] Viktor → AcceptMission [ScoutPoi] (goal=AcceptMission)
[09:08:21] [GOAL] Viktor achieved AcceptMission
[09:08:21] [COMBAT] Dmitri Shevchenko 'Scar' killed Viktor Volkov 'Razor' using wpn_sg550
[09:08:21] [GEAR] Dmitri looted [wpn_fn2000] via combat
[09:08:22] [INBOUND] Initial +2 stalkers, +1 mutants (remaining S=851 M=570)
[09:08:22] [CORPSE] Despawned 11 bodies (lifetime=55)
[09:08:22] [MISSION] Timur accepted ScoutPoi @ Limansk (210 RU)
[09:08:22] [TASK] Timur → AcceptMission [ScoutPoi] (goal=AcceptMission)
[09:08:22] [GOAL] Timur achieved AcceptMission
[09:08:23] [MISSION] Nodar accepted ScoutPoi @ Red Forest (160 RU)
[09:08:23] [TASK] Nodar → AcceptMission [ScoutPoi] (goal=AcceptMission)
[09:08:23] [GOAL] Nodar achieved AcceptMission
[09:08:24] [INBOUND] Initial +2 stalkers, +1 mutants (remaining S=849 M=569)
[09:08:24] [MISSION] Nikolai accepted ScoutPoi @ Red Forest (160 RU)
[09:08:24] [TASK] Nikolai → AcceptMission [ScoutPoi] (goal=AcceptMission)
[09:08:24] [GOAL] Nikolai achieved AcceptMission
[09:08:25] [COMBAT] Zura Popov 'Whisper' killed Flesh using wpn_sg550
[09:08:25] [INBOUND] Initial +2 stalkers, +2 mutants (remaining S=847 M=567)
[09:08:25] [MISSION] Dmitri accepted ScoutPoi @ Deserted Hospital (200 RU)
[09:08:25] [TASK] Dmitri → AcceptMission [ScoutPoi] (goal=AcceptMission)
[09:08:25] [GOAL] Dmitri achieved AcceptMission
[09:08:26] [COMBAT] Ivan Volkov 'Ash' killed Fracture using wpn_fn2000
[09:08:26] [COMBAT] Igor Petrenko 'Bone' killed Snork using wpn_aksu
[09:08:27] [INBOUND] Initial +2 stalkers, +1 mutants (remaining S=845 M=566)
[09:08:27] [MISSION] Sean accepted ScoutPoi @ Duga Radar (176 RU)
[09:08:27] [TASK] Sean → AcceptMission [ScoutPoi] (goal=AcceptMission)
[09:08:27] [GOAL] Sean achieved AcceptMission
[09:08:28] [COMBAT] Oleg Melnyk 'Fox' killed Alibek Sokolov 'Crow' using wpn_ak74
[09:08:28] [INBOUND] Initial +2 stalkers, +2 mutants (remaining S=843 M=564)
[09:08:29] [MISSION] Nikolai accepted ScoutPoi @ Agroprom (164 RU)
[09:08:29] [TASK] Nikolai → AcceptMission [ScoutPoi] (goal=AcceptMission)
[09:08:29] [GOAL] Nikolai achieved AcceptMission
[09:08:29] [COMBAT] Serhiy Bondarenko 'Phantom' killed Bloodsucker using wpn_ak74
[09:08:29] [COMBAT] Nodar Petrov 'Two-Fingers' killed Lurker using wpn_spas12
[09:08:29] [COMBAT] Alexei Kovalenko 'Stitch' killed Fracture using wpn_ak74
[09:08:29] [COMBAT] Oleksiy Bondarenko 'Fox' killed Pavel Popov 'Scar' using wpn_pm
[09:08:29] [GEAR] Oleksiy looted [wpn_sg550, wpn_mp5, arm_duty] via combat
[09:08:30] [INBOUND] Initial +2 stalkers, +1 mutants (remaining S=841 M=563)
[09:08:30] [MISSION] Oleksiy accepted ScoutPoi @ Pripyat (196 RU)
[09:08:30] [TASK] Oleksiy → AcceptMission [ScoutPoi] (goal=AcceptMission)
[09:08:30] [GOAL] Oleksiy achieved AcceptMission
[09:08:31] [COMBAT] Sergei Ivanov 'Fox' killed Pseudodog using wpn_fn2000
[09:08:32] [INBOUND] Initial +2 stalkers, +1 mutants (remaining S=839 M=562)
[09:08:32] [MISSION] Serhiy accepted ScoutPoi @ Jupiter (Pripyat Industrial) (196 RU)
[09:08:32] [TASK] Serhiy → AcceptMission [ScoutPoi] (goal=AcceptMission)
[09:08:32] [GOAL] Serhiy achieved AcceptMission
[09:08:32] [COMBAT] Giorgi Kovalenko 'Broken Nose' killed Lurker using wpn_fn2000
[09:08:32] [COMBAT] Dmytro Kovalenko 'Razor' killed Snork using wpn_ak74
[09:08:33] [RANK] Mykola Ivanov 'Phantom' → Trainee
[RankSystem] Mykola Ivanov 'Phantom' promoted to Trainee!
[09:08:33] [COMBAT] Mykola Ivanov 'Phantom' killed BlindDog using wpn_aksu
[09:08:33] [INBOUND] Initial +2 stalkers, +2 mutants (remaining S=837 M=560)
[09:08:33] [MISSION] Viktor accepted ScoutPoi @ Generators (236 RU)
[09:08:33] [TASK] Viktor → AcceptMission [ScoutPoi] (goal=AcceptMission)
[09:08:33] [GOAL] Viktor achieved AcceptMission
[09:08:33] [COMBAT] Vasyl Bondarenko 'Bone' killed Giorgi Shevchenko 'Phantom' using wpn_mp5
[09:08:34] [COMBAT] Jake Petrenko 'Phantom' killed Burer using wpn_aksu
[09:08:34] [RANK] Igor Petrenko 'Bullet' → Trainee
[RankSystem] Igor Petrenko 'Bullet' promoted to Trainee!
[09:08:34] [COMBAT] Igor Petrenko 'Bullet' killed Bloodsucker using wpn_mp5
[09:08:35] [INBOUND] Initial +2 stalkers, +1 mutants (remaining S=835 M=559)
[09:08:35] [MISSION] Alexei accepted ScoutPoi @ Deserted Hospital (200 RU)
[09:08:35] [TASK] Alexei → AcceptMission [ScoutPoi] (goal=AcceptMission)
[09:08:35] [GOAL] Alexei achieved AcceptMission
[09:08:35] [MISSION] Alibek accepted ScoutPoi @ Agroprom (164 RU)
[09:08:35] [TASK] Alibek → AcceptMission [ScoutPoi] (goal=AcceptMission)
[09:08:35] [GOAL] Alibek achieved AcceptMission
[09:08:36] [COMBAT] Oleg Ivanov 'Bullet' killed Snork using wpn_ak74
[09:08:36] [INBOUND] Initial +2 stalkers, +2 mutants (remaining S=833 M=557)
[09:08:36] [SNAPSHOT] real=8.2min game=D0 00:15 alive S=200 M=209 corpses=716 lootable=408 gammaGear out=99 helm=171 avgRU=881 leaderGoals trade=0 mission=73 emission=Dormant nextIn=103gmin desperate=0 hungry=0 interval deaths=41 combats=70 tasks=23 gearLoot=4 gearBuy=0 missions=22 corpseDespawn=26 trickleSpawns=0 ranks=[Rookie:187,Trainee:4,Experienced:8,Professional:1] goals=[CompleteMission::72,Idle:39,AcceptMission::1] leaders: Oleg[Rookie/AcceptMission:], Alexei[Rookie/CompleteMission:], Alibek[Rookie/CompleteMission:], Viktor[Rookie/CompleteMission:], Serhiy[Rookie/CompleteMission:]
[09:08:36] [MISSION] Oleg accepted ScoutPoi @ Dead City (Chernobyl-2 Settlement) (196 RU)
[09:08:36] [TASK] Oleg → AcceptMission [ScoutPoi] (goal=AcceptMission)
[09:08:36] [GOAL] Oleg achieved AcceptMission
[09:08:37] [TASK] Bakhyt → TradeRun [poi_macro_6] (goal=VisitTrader)
[09:08:37] [GOAL] Bakhyt achieved VisitTrader
[09:08:37] [MISSION] Bakhyt accepted ScoutPoi @ Garbage (160 RU)
[09:08:37] [TASK] Bakhyt → AcceptMission [ScoutPoi] (goal=AcceptMission)
[09:08:37] [GOAL] Bakhyt achieved AcceptMission
[09:08:38] [INBOUND] Initial +3 stalkers, +1 mutants (remaining S=830 M=556)
[09:08:38] [CORPSE] Despawned 7 bodies (lifetime=62)
[09:08:38] [MISSION] Oleg accepted ScoutPoi @ Wild Territory (176 RU)
[09:08:38] [TASK] Oleg → AcceptMission [ScoutPoi] (goal=AcceptMission)
[09:08:38] [GOAL] Oleg achieved AcceptMission
[09:08:38] [MISSION] Yuriy accepted ScoutPoi @ Kopachi (190 RU)
[09:08:38] [TASK] Yuriy → AcceptMission [ScoutPoi] (goal=AcceptMission)
[09:08:38] [GOAL] Yuriy achieved AcceptMission
[09:08:39] [COMBAT] Oleg Popov 'Ash' killed Poltergeist using wpn_ak74
[09:08:39] [RANK] Alibek Melnyk 'Viper' → Trainee
[RankSystem] Alibek Melnyk 'Viper' promoted to Trainee!
[09:08:39] [COMBAT] Alibek Melnyk 'Viper' killed Bloodsucker using wpn_ak74
[09:08:40] [INBOUND] Initial +2 stalkers, +1 mutants (remaining S=828 M=555)
[09:08:40] [MISSION] Andrei accepted ScoutPoi @ Agroprom (164 RU)
[09:08:40] [TASK] Andrei → AcceptMission [ScoutPoi] (goal=AcceptMission)
[09:08:40] [GOAL] Andrei achieved AcceptMission
[09:08:41] [INBOUND] Initial +2 stalkers, +2 mutants (remaining S=826 M=553)
[09:08:41] [MISSION] Yuriy accepted ScoutPoi @ Zalissya (160 RU)
[09:08:41] [TASK] Yuriy → AcceptMission [ScoutPoi] (goal=AcceptMission)
[09:08:41] [GOAL] Yuriy achieved AcceptMission
[09:08:42] [COMBAT] Dmytro Sokolov 'Badger' killed Giorgi Shevchenko 'Bullet' using wpn_fn2000
[09:08:42] [GEAR] Dmytro looted [out_merc_nighthunter_outfit, helm_helm_protective] via combat
[09:08:42] [COMBAT] Zura Petrenko 'Ash' killed Taras Bondarenko 'Bone' using wpn_ak74
[09:08:42] [GEAR] Zura looted [helm_helm_respirator_old] via combat
[09:08:43] [INBOUND] Initial +2 stalkers, +1 mutants (remaining S=824 M=552)
[09:08:43] [MISSION] Mykola accepted ScoutPoi @ Generators (236 RU)
[09:08:43] [TASK] Mykola → AcceptMission [ScoutPoi] (goal=AcceptMission)
[09:08:43] [GOAL] Mykola achieved AcceptMission
[09:08:44] [COMBAT] Andriy Melnyk 'Badger' killed Snork using wpn_aksu
[09:08:44] [COMBAT] Igor Petrenko 'Bone' killed Pseudodog using wpn_aksu
[09:08:45] [INBOUND] Initial +2 stalkers, +1 mutants (remaining S=822 M=551)
[09:08:45] [MISSION] Serhiy accepted ScoutPoi @ Yantar (160 RU)
[09:08:45] [TASK] Serhiy → AcceptMission [ScoutPoi] (goal=AcceptMission)
[09:08:45] [GOAL] Serhiy achieved AcceptMission
[09:08:45] [COMBAT] Sergei Melnyk 'Wolf' killed Snork using wpn_sg550
[09:08:47] [INBOUND] Initial +2 stalkers, +2 mutants (remaining S=820 M=549)
[09:08:47] [COMBAT] Alexei Ivanov 'Badger' killed Pierre Ivanov 'Bullet' using wpn_ak74
[09:08:47] [GEAR] Alexei looted [wpn_sg550] via combat
[09:08:48] [COMBAT] Oleksiy Sokolov 'Viper' killed Oleg Petrov 'Two-Fingers' using wpn_fn2000
[09:08:48] [INBOUND] Initial +2 stalkers, +1 mutants (remaining S=818 M=548)
[09:08:48] [MISSION] Oleg accepted ScoutPoi @ Meadow (160 RU)
[09:08:48] [TASK] Oleg → AcceptMission [ScoutPoi] (goal=AcceptMission)
[09:08:48] [GOAL] Oleg achieved AcceptMission
[09:08:48] [COMBAT] Connor Bondarenko 'Shadow' killed Mykola Bondarenko 'Bullet' using wpn_mp5
[09:08:48] [GEAR] Connor looted [out_stalker_tigerstripe_outfit] via combat
[09:08:49] [COMBAT] Taras Melnyk 'Razor' killed Boar using wpn_pm
[09:08:49] [COMBAT] Oleg Volkov 'Scar' killed Boar using wpn_sg550
[09:08:50] [INBOUND] Initial +2 stalkers, +2 mutants (remaining S=816 M=546)
[09:08:50] [MISSION] Yuriy accepted ScoutPoi @ Agroprom (164 RU)
[09:08:50] [TASK] Yuriy → AcceptMission [ScoutPoi] (goal=AcceptMission)
[09:08:50] [GOAL] Yuriy achieved AcceptMission
[09:08:50] [COMBAT] Mikhail Melnyk 'Spark' killed Pavel Petrenko 'Raven' using wpn_sg550
[09:08:50] [GEAR] Mikhail looted [wpn_pm] via combat
[09:08:50] [COMBAT] Oleg Melnyk 'Fox' killed Dmitri Bondarenko 'Ash' using wpn_ak74
[09:08:50] [GEAR] Oleg looted [helm_helm_respirator_gp5] via combat
[09:08:51] [INBOUND] Initial +2 stalkers, +1 mutants (remaining S=814 M=545)
[09:08:51] [MISSION] Oleksiy accepted ScoutPoi @ Wild Territory (176 RU)
[09:08:51] [TASK] Oleksiy → AcceptMission [ScoutPoi] (goal=AcceptMission)
[09:08:51] [GOAL] Oleksiy achieved AcceptMission
[09:08:53] [INBOUND] Initial +2 stalkers, +1 mutants (remaining S=812 M=544)
[09:08:53] [MISSION] Dmitri accepted ScoutPoi @ Agroprom (164 RU)
[09:08:53] [TASK] Dmitri → AcceptMission [ScoutPoi] (goal=AcceptMission)
[09:08:53] [GOAL] Dmitri achieved AcceptMission
[09:08:54] [COMBAT] Nikolai Melnyk 'Wolf' killed Pseudogiant using wpn_fn2000
[09:08:54] [INBOUND] Initial +2 stalkers, +2 mutants (remaining S=810 M=542)
[09:08:54] [CORPSE] Despawned 15 bodies (lifetime=77)
[09:08:54] [MISSION] Nikolai accepted ScoutPoi @ Jupiter (Pripyat Industrial) (196 RU)
[09:08:54] [TASK] Nikolai → AcceptMission [ScoutPoi] (goal=AcceptMission)
[09:08:54] [GOAL] Nikolai achieved AcceptMission
[09:08:56] [INBOUND] Initial +2 stalkers, +1 mutants (remaining S=808 M=541)
[09:08:56] [MISSION] Viktor accepted ScoutPoi @ Great Swamps (160 RU)
[09:08:56] [TASK] Viktor → AcceptMission [ScoutPoi] (goal=AcceptMission)
[09:08:56] [GOAL] Viktor achieved AcceptMission
[09:08:56] [MISSION] Tobias accepted ScoutPoi @ Dead City (Chernobyl-2 Settlement) (196 RU)
[09:08:56] [TASK] Tobias → AcceptMission [ScoutPoi] (goal=AcceptMission)
[09:08:56] [GOAL] Tobias achieved AcceptMission
[09:08:56] [COMBAT] Oleksiy Bondarenko 'Fox' killed Boar using wpn_sg550
[09:08:57] [COMBAT] Andriy Shevchenko 'Ghost' killed Fracture using wpn_fort12
[09:08:57] [INBOUND] Initial +2 stalkers, +2 mutants (remaining S=806 M=539)
[09:08:57] [MISSION] Viktor accepted ScoutPoi @ Dark Valley (190 RU)
[09:08:57] [TASK] Viktor → AcceptMission [ScoutPoi] (goal=AcceptMission)
[09:08:57] [GOAL] Viktor achieved AcceptMission
[09:08:58] [RANK] Andriy Sokolov 'Stitch' → Trainee
[RankSystem] Andriy Sokolov 'Stitch' promoted to Trainee!
[09:08:58] [COMBAT] Andriy Sokolov 'Stitch' killed Chimera using wpn_ak74
[09:08:58] [COMBAT] Vasyl Shevchenko 'Bullet' killed Bloodsucker using wpn_fn2000
[09:08:59] [COMBAT] Vasyl Popov 'Stitch' killed Poltergeist using wpn_aksu
[09:08:59] [INBOUND] Initial +2 stalkers, +1 mutants (remaining S=804 M=538)
[09:09:00] [INBOUND] Initial +3 stalkers, +1 mutants (remaining S=801 M=537)
[09:09:01] [MISSION] Serhiy accepted ScoutPoi @ Wild Territory (176 RU)
[09:09:01] [TASK] Serhiy → AcceptMission [ScoutPoi] (goal=AcceptMission)
[09:09:01] [GOAL] Serhiy achieved AcceptMission
[09:09:02] [INBOUND] Initial +2 stalkers, +2 mutants (remaining S=799 M=535)
[09:09:02] [MISSION] Oleg accepted ScoutPoi @ Meadow (160 RU)
[09:09:02] [TASK] Oleg → AcceptMission [ScoutPoi] (goal=AcceptMission)
[09:09:02] [GOAL] Oleg achieved AcceptMission
[09:09:03] [INBOUND] Initial +2 stalkers, +1 mutants (remaining S=797 M=534)
[09:09:03] [MISSION] Andriy accepted ScoutPoi @ Garbage (160 RU)
[09:09:03] [TASK] Andriy → AcceptMission [ScoutPoi] (goal=AcceptMission)
[09:09:03] [GOAL] Andriy achieved AcceptMission
[09:09:04] [RANK] Dmytro Petrov 'Bullet' → Trainee
[RankSystem] Dmytro Petrov 'Bullet' promoted to Trainee!
[09:09:04] [COMBAT] Dmytro Petrov 'Bullet' killed PsyDog using wpn_fn2000
[09:09:04] [COMBAT] Armen Bondarenko 'Spark' killed Lurker using wpn_fn2000
[09:09:04] [COMBAT] Yuriy Popov 'Scar' killed Boar using wpn_fn2000
[09:09:05] [INBOUND] Initial +2 stalkers, +2 mutants (remaining S=795 M=532)
[09:09:05] [MISSION] Damir accepted ScoutPoi @ Army Warehouses (168 RU)
[09:09:05] [TASK] Damir → AcceptMission [ScoutPoi] (goal=AcceptMission)
[09:09:05] [GOAL] Damir achieved AcceptMission
[09:09:05] [MISSION] Nikolai accepted ScoutPoi @ Cordon (160 RU)
[09:09:05] [TASK] Nikolai → AcceptMission [ScoutPoi] (goal=AcceptMission)
[09:09:05] [GOAL] Nikolai achieved AcceptMission
[09:09:06] [INBOUND] Initial +2 stalkers, +1 mutants (remaining S=793 M=531)
[09:09:06] [COMBAT] Dmytro Kovalenko 'Scar' killed Ivan Petrenko 'Ash' using wpn_aksu
[09:09:06] [GEAR] Dmytro looted [arm_duty, helm_gas] via combat
[09:09:07] [COMBAT] Taras Bondarenko 'Fox' killed Poltergeist using wpn_fn2000
[09:09:07] [INBOUND] Initial +2 stalkers, +1 mutants (remaining S=791 M=530)
[09:09:07] [SNAPSHOT] real=8.7min game=D0 00:16 alive S=196 M=219 corpses=757 lootable=439 gammaGear out=95 helm=170 avgRU=877 leaderGoals trade=0 mission=79 emission=Dormant nextIn=102gmin desperate=0 hungry=0 interval deaths=46 combats=63 tasks=22 gearLoot=7 gearBuy=0 missions=21 corpseDespawn=22 trickleSpawns=0 ranks=[Rookie:183,Trainee:5,Experienced:7,Professional:1] goals=[CompleteMission::77,Idle:32,AcceptMission::2] leaders: Dmytro[Rookie/AcceptMission:], Mikhail[Rookie/AcceptMission:], Yuriy[Rookie/Idle], Damir[Rookie/CompleteMission:], Nikolai[Rookie/CompleteMission:]
[09:09:07] [MISSION] Dmytro accepted ScoutPoi @ Wild Territory (176 RU)
[09:09:07] [TASK] Dmytro → AcceptMission [ScoutPoi] (goal=AcceptMission)
[09:09:07] [GOAL] Dmytro achieved AcceptMission
[09:09:07] [MISSION] Mikhail accepted ScoutPoi @ Dead City (Chernobyl-2 Settlement) (196 RU)
[09:09:07] [TASK] Mikhail → AcceptMission [ScoutPoi] (goal=AcceptMission)
[09:09:07] [GOAL] Mikhail achieved AcceptMission
[09:09:08] [COMBAT] Oleg Volkov 'Scar' killed Flesh using wpn_sg550
[09:09:09] [INBOUND] Initial +2 stalkers, +2 mutants (remaining S=789 M=528)
[09:09:09] [CORPSE] Despawned 8 bodies (lifetime=85)
[09:09:09] [MISSION] Mikhail arrived for ScoutPoi @ Hidden Shack (travel=992m, work=303s game)
[09:09:09] [MISSION] Jake accepted ScoutPoi @ Duga Radar (176 RU)
[09:09:09] [TASK] Jake → AcceptMission [ScoutPoi] (goal=AcceptMission)
[09:09:09] [GOAL] Jake achieved AcceptMission
[09:09:09] [MISSION] Mikhail arrived for ScoutPoi @ Hidden Shack (travel=992m, work=303s game)
[09:09:10] [INBOUND] Initial +2 stalkers, +1 mutants (remaining S=787 M=527)
[09:09:10] [MISSION] Damir accepted ScoutPoi @ Limansk (210 RU)
[09:09:10] [TASK] Damir → AcceptMission [ScoutPoi] (goal=AcceptMission)
[09:09:10] [GOAL] Damir achieved AcceptMission
[09:09:10] [MISSION] Dmytro accepted ScoutPoi @ Red Forest (160 RU)
[09:09:10] [TASK] Dmytro → AcceptMission [ScoutPoi] (goal=AcceptMission)
[09:09:10] [GOAL] Dmytro achieved AcceptMission
[09:09:11] [COMBAT] Alexei Petrenko 'Bullet' killed Lurker using wpn_fn2000
[09:09:11] [COMBAT] Oleksiy Volkov 'Ghost' killed Pseudodog using wpn_ak74
[09:09:12] [COMBAT] Alexei Kovalenko 'Jackal' killed Poltergeist using wpn_fn2000
[09:09:12] [COMBAT] Jake Ivanov 'Scar' killed Snork using wpn_mp5
[09:09:12] [INBOUND] Initial +2 stalkers, +1 mutants (remaining S=785 M=526)
[09:09:13] [COMBAT] Ivan Volkov 'Ash' killed Karl Shevchenko 'Phantom' using wpn_fn2000
[09:09:13] [COMBAT] Dmytro Bondarenko 'Spark' killed Pseudodog using wpn_fn2000
[09:09:14] [INBOUND] Initial +2 stalkers, +2 mutants (remaining S=783 M=524)
[09:09:14] [MISSION] Dmitri accepted ScoutPoi @ Deserted Hospital (200 RU)
[09:09:14] [TASK] Dmitri → AcceptMission [ScoutPoi] (goal=AcceptMission)
[09:09:14] [GOAL] Dmitri achieved AcceptMission
[09:09:14] [MISSION] Mikhail arrived for ScoutPoi @ Hidden Shack (travel=992m, work=303s game)
[09:09:14] [COMBAT] Mykola Popov 'Razor' killed Mykola Bondarenko 'Stitches' using wpn_ak74
[09:09:14] [GEAR] Mykola looted [wpn_pm] via combat
[09:09:15] [COMBAT] Pavel Bondarenko 'Wolf' killed Dog using wpn_ak74
[09:09:15] [COMBAT] Bohdan Volkov 'Crow' killed Poltergeist using wpn_ak74
[09:09:15] [COMBAT] Andriy Popov 'Bullet' killed Bloodsucker using wpn_fn2000
[09:09:15] [INBOUND] Initial +2 stalkers, +1 mutants (remaining S=781 M=523)
[09:09:15] [MISSION] Alibek accepted ScoutPoi @ Rostok (160 RU)
[09:09:15] [TASK] Alibek → AcceptMission [ScoutPoi] (goal=AcceptMission)
[09:09:15] [GOAL] Alibek achieved AcceptMission
[09:09:15] [MISSION] Sergei accepted ScoutPoi @ Pripyat (196 RU)
[09:09:15] [TASK] Sergei → AcceptMission [ScoutPoi] (goal=AcceptMission)
[09:09:15] [GOAL] Sergei achieved AcceptMission
[09:09:16] [MISSION] Mikhail arrived for ScoutPoi @ Hidden Shack (travel=992m, work=303s game)
[09:09:16] [COMBAT] Viktor Petrov 'Scar' killed Alexei Ivanov 'Badger' using wpn_sg550
[09:09:16] [GEAR] Viktor looted [wpn_sg550, arm_exo, helm_exo] via combat
[09:09:16] [COMBAT] Andriy Kovalenko 'Mole' killed Fracture using wpn_ak74
[09:09:17] [INBOUND] Initial +2 stalkers, +2 mutants (remaining S=779 M=521)
[09:09:17] [COMBAT] Sergei Melnyk 'Wolf' killed Poltergeist using wpn_sg550
[09:09:17] [TASK] Oleksiy → FulfillMission [ScoutPoi] (goal=CompleteMission)
[09:09:17] [MISSION] Oleksiy objective done ScoutPoi @ Forgotten Outpost → return to Garbage
[09:09:17] [TASK] Oleksiy → FulfillMission [ScoutPoi] (goal=CompleteMission)
[09:09:17] [MISSION] Oleksiy objective done ScoutPoi @ Roadside Cache (Chernoby-Dark Val) → return to Limansk
[09:09:17] [TASK] Serhiy → FulfillMission [ScoutPoi] (goal=CompleteMission)
[09:09:17] [MISSION] Serhiy objective done ScoutPoi @ Collapsed Camp → return to Yantar
[09:09:17] [TASK] Dmytro → FulfillMission [ScoutPoi] (goal=CompleteMission)
[09:09:17] [MISSION] Dmytro objective done ScoutPoi @ Mutant Den #1 near Chernobyl Town → return to Pripyat
[09:09:17] [TASK] Pierre → FulfillMission [ScoutPoi] (goal=CompleteMission)
[09:09:17] [MISSION] Pierre objective done ScoutPoi @ Overgrown Bus → return to Great Swamps
[09:09:17] [TASK] Andriy → FulfillMission [ScoutPoi] (goal=CompleteMission)
[09:09:17] [MISSION] Andriy objective done ScoutPoi @ Hidden Cairn → return to Truck Cemetery
[09:09:17] [TASK] Vasyl → FulfillMission [ScoutPoi] (goal=CompleteMission)
[09:09:17] [MISSION] Vasyl objective done ScoutPoi @ Ruined Watchtower → return to Red Forest
[09:09:17] [TASK] Sergei → FulfillMission [ScoutPoi] (goal=CompleteMission)
[09:09:17] [MISSION] Sergei objective done ScoutPoi @ Mutant Den #1 near Chernobyl Town → return to Dead City (Chernobyl-2 Settlement)
[09:09:17] [TASK] Professor → FulfillMission [ScoutPoi] (goal=CompleteMission)
[09:09:17] [MISSION] Professor objective done ScoutPoi @ Collapsed Camp → return to Yantar
[09:09:17] [TASK] Dmytro → FulfillMission [ScoutPoi] (goal=CompleteMission)
[09:09:17] [MISSION] Dmytro objective done ScoutPoi @ Forgotten Outpost → return to Wild Territory
[09:09:17] [TASK] Mikhail → FulfillMission [ScoutPoi] (goal=CompleteMission)
[09:09:17] [MISSION] Mikhail objective done ScoutPoi @ Mutant Den #1 near Chernobyl Town → return to Dead City (Chernobyl-2 Settlement)
[09:09:17] [TASK] Damir → FulfillMission [ScoutPoi] (goal=CompleteMission)
[09:09:17] [MISSION] Damir objective done ScoutPoi @ Windswept Bus → return to Army Warehouses
[09:09:17] [TASK] Nikolai → FulfillMission [ScoutPoi] (goal=CompleteMission)
[09:09:17] [MISSION] Nikolai objective done ScoutPoi @ Ruined Pillbox → return to Cordon
[09:09:17] [TASK] Andriy → FulfillMission [ScoutPoi] (goal=CompleteMission)
[09:09:17] [MISSION] Andriy objective done ScoutPoi @ Forgotten Outpost → return to Garbage
[09:09:17] [TASK] Oleg → FulfillMission [ScoutPoi] (goal=CompleteMission)
[09:09:17] [MISSION] Oleg objective done ScoutPoi @ Hidden Shack → return to Meadow
[09:09:17] [TASK] Serhiy → FulfillMission [ScoutPoi] (goal=CompleteMission)
[09:09:17] [MISSION] Serhiy objective done ScoutPoi @ Forgotten Outpost → return to Wild Territory
[09:09:17] [TASK] Viktor → FulfillMission [ScoutPoi] (goal=CompleteMission)
[09:09:17] [MISSION] Viktor objective done ScoutPoi @ Pillbox Rest (Meadow-Garbage) → return to Dark Valley
[09:09:17] [TASK] Viktor → FulfillMission [ScoutPoi] (goal=CompleteMission)
[09:09:17] [MISSION] Viktor objective done ScoutPoi @ Overgrown Bus → return to Great Swamps
[09:09:17] [TASK] Tobias → FulfillMission [ScoutPoi] (goal=CompleteMission)
[09:09:17] [MISSION] Tobias objective done ScoutPoi @ Mutant Den #1 near Chernobyl Town → return to Dead City (Chernobyl-2 Settlement)
[09:09:17] [TASK] Nikolai → FulfillMission [ScoutPoi] (goal=CompleteMission)
[09:09:17] [MISSION] Nikolai objective done ScoutPoi @ Lenin Statue Square → return to Jupiter (Pripyat Industrial)
[09:09:17] [TASK] Dmitri → FulfillMission [ScoutPoi] (goal=CompleteMission)
[09:09:17] [MISSION] Dmitri objective done ScoutPoi @ Abandoned Outpost → return to Agroprom
[09:09:17] [TASK] Oleksiy → FulfillMission [ScoutPoi] (goal=CompleteMission)
[09:09:17] [MISSION] Oleksiy objective done ScoutPoi @ Forgotten Outpost → return to Wild Territory
[09:09:17] [TASK] Yuriy → FulfillMission [ScoutPoi] (goal=CompleteMission)
[09:09:17] [MISSION] Yuriy objective done ScoutPoi @ Abandoned Outpost → return to Agroprom
[09:09:17] [TASK] Oleg → FulfillMission [ScoutPoi] (goal=CompleteMission)
[09:09:17] [MISSION] Oleg objective done ScoutPoi @ Hidden Shack → return to Meadow
[09:09:17] [TASK] Serhiy → FulfillMission [ScoutPoi] (goal=CompleteMission)
[09:09:17] [MISSION] Serhiy objective done ScoutPoi @ Collapsed Camp → return to Yantar
[09:09:17] [TASK] Mykola → FulfillMission [ScoutPoi] (goal=CompleteMission)
[09:09:17] [MISSION] Mykola objective done ScoutPoi @ Forgotten Lean-to → return to Generators
[09:09:17] [TASK] Yuriy → FulfillMission [ScoutPoi] (goal=CompleteMission)
[09:09:17] [MISSION] Yuriy objective done ScoutPoi @ Derelict Stash → return to Zalissya
[09:09:17] [TASK] Andrei → FulfillMission [ScoutPoi] (goal=CompleteMission)
[09:09:17] [MISSION] Andrei objective done ScoutPoi @ Abandoned Outpost → return to Agroprom
[09:09:17] [TASK] Oleg → FulfillMission [ScoutPoi] (goal=CompleteMission)
[09:09:17] [MISSION] Oleg objective done ScoutPoi @ Forgotten Outpost → return to Wild Territory
[09:09:17] [TASK] Oleg → FulfillMission [ScoutPoi] (goal=CompleteMission)
[09:09:17] [MISSION] Oleg objective done ScoutPoi @ Mutant Den #1 near Chernobyl Town → return to Dead City (Chernobyl-2 Settlement)
[09:09:17] [TASK] Alexei → FulfillMission [ScoutPoi] (goal=CompleteMission)
[09:09:17] [MISSION] Alexei objective done ScoutPoi @ Military Research Base → return to Deserted Hospital
[09:09:17] [TASK] Alibek → FulfillMission [ScoutPoi] (goal=CompleteMission)
[09:09:17] [MISSION] Alibek objective done ScoutPoi @ Abandoned Outpost → return to Agroprom
[09:09:17] [TASK] Viktor → FulfillMission [ScoutPoi] (goal=CompleteMission)
[09:09:17] [MISSION] Viktor objective done ScoutPoi @ Forgotten Lean-to → return to Generators
[09:09:17] [TASK] Oleksiy → FulfillMission [ScoutPoi] (goal=CompleteMission)
[09:09:17] [MISSION] Oleksiy objective done ScoutPoi @ Mutant Den #1 near Chernobyl Town → return to Pripyat
[09:09:17] [TASK] Nikolai → FulfillMission [ScoutPoi] (goal=CompleteMission)
[09:09:17] [MISSION] Nikolai objective done ScoutPoi @ Abandoned Outpost → return to Agroprom
[09:09:17] [TASK] Sean → FulfillMission [ScoutPoi] (goal=CompleteMission)
[09:09:17] [MISSION] Sean objective done ScoutPoi @ Makeshift Hut → return to Duga Radar
[09:09:17] [TASK] Dmitri → FulfillMission [ScoutPoi] (goal=CompleteMission)
[09:09:17] [MISSION] Dmitri objective done ScoutPoi @ Military Research Base → return to Deserted Hospital
[09:09:17] [TASK] Viktor → FulfillMission [ScoutPoi] (goal=CompleteMission)
[09:09:17] [MISSION] Viktor objective done ScoutPoi @ Mutant Den #1 near Chernobyl Town → return to Dead City (Chernobyl-2 Settlement)
[09:09:17] [TASK] Bakhyt → FulfillMission [ScoutPoi] (goal=CompleteMission)
[09:09:17] [MISSION] Bakhyt objective done ScoutPoi @ Makeshift Hut → return to Duga Radar
[09:09:17] [TASK] Pavel → FulfillMission [ScoutPoi] (goal=CompleteMission)
[09:09:17] [MISSION] Pavel objective done ScoutPoi @ Derelict Stash → return to Zalissya
[09:09:17] [TASK] Serhiy → FulfillMission [ScoutPoi] (goal=CompleteMission)
[09:09:17] [MISSION] Serhiy objective done ScoutPoi @ Collapsed Cairn → return to Rostok
[09:09:17] [TASK] Taras → FulfillMission [ScoutPoi] (goal=CompleteMission)
[09:09:17] [MISSION] Taras objective done ScoutPoi @ Derelict Stash → return to Zalissya
[09:09:17] [TASK] Jake → FulfillMission [ScoutPoi] (goal=CompleteMission)
[09:09:17] [MISSION] Jake objective done ScoutPoi @ Mutant Den #1 near Chernobyl Town → return to Dead City (Chernobyl-2 Settlement)
[09:09:17] [TASK] Mikhail → FulfillMission [ScoutPoi] (goal=CompleteMission)
[09:09:17] [MISSION] Mikhail objective done ScoutPoi @ Hidden Shack → return to Meadow
[09:09:17] [TASK] Serhiy → FulfillMission [ScoutPoi] (goal=CompleteMission)
[09:09:17] [MISSION] Serhiy objective done ScoutPoi @ Mutant Den #1 near Chernobyl Town → return to Pripyat
[09:09:17] [TASK] Ivan → FulfillMission [ScoutPoi] (goal=CompleteMission)
[09:09:17] [MISSION] Ivan objective done ScoutPoi @ Roadside Cache (Chernoby-Dark Val) → return to Limansk
[09:09:17] [TASK] Andriy → FulfillMission [ScoutPoi] (goal=CompleteMission)
[09:09:17] [MISSION] Andriy objective done ScoutPoi @ Pillbox Rest (Meadow-Garbage) → return to Dark Valley
[09:09:17] [TASK] Serhiy → FulfillMission [ScoutPoi] (goal=CompleteMission)
[09:09:17] [MISSION] Serhiy objective done ScoutPoi @ Overgrown Bus → return to Great Swamps
[09:09:17] [TASK] Dmytro → FulfillMission [ScoutPoi] (goal=CompleteMission)
[09:09:17] [MISSION] Dmytro objective done ScoutPoi @ Overgrown Bus → return to Great Swamps
[09:09:17] [TASK] Vasyl → FulfillMission [ScoutPoi] (goal=CompleteMission)
[09:09:17] [MISSION] Vasyl objective done ScoutPoi @ Collapsed Camp → return to Yantar
[09:09:17] [TASK] Andriy → FulfillMission [ScoutPoi] (goal=CompleteMission)
[09:09:17] [MISSION] Andriy objective done ScoutPoi @ Mutant Den #1 near Chernobyl Town → return to Pripyat
[09:09:17] [TASK] Karl → FulfillMission [ScoutPoi] (goal=CompleteMission)
[09:09:17] [MISSION] Karl objective done ScoutPoi @ Collapsed Camp → return to Yantar
[09:09:17] [TASK] Serhiy → FulfillMission [ScoutPoi] (goal=CompleteMission)
[09:09:17] [MISSION] Serhiy objective done ScoutPoi @ Derelict Stash → return to Zalissya
[09:09:17] [TASK] Timur → FulfillMission [ScoutPoi] (goal=CompleteMission)
[09:09:17] [MISSION] Timur objective done ScoutPoi @ Mutant Den #1 near Chernobyl Town → return to Pripyat
[09:09:17] [TASK] Pavel → FulfillMission [ScoutPoi] (goal=CompleteMission)
[09:09:17] [MISSION] Pavel objective done ScoutPoi @ Windswept Bus → return to Army Warehouses
[09:09:17] [TASK] Zura → FulfillMission [ScoutPoi] (goal=CompleteMission)
[09:09:17] [MISSION] Zura objective done ScoutPoi @ Forgotten Lean-to → return to Generators
[09:09:17] [TASK] Pavel → FulfillMission [ScoutPoi] (goal=CompleteMission)
[09:09:17] [MISSION] Pavel objective done ScoutPoi @ Forgotten Lean-to → return to Generators
[09:09:17] [TASK] Ivan → FulfillMission [ScoutPoi] (goal=CompleteMission)
[09:09:17] [MISSION] Ivan objective done ScoutPoi @ Forgotten Lean-to → return to Generators
[09:09:17] [TASK] Taras → FulfillMission [ScoutPoi] (goal=CompleteMission)
[09:09:17] [MISSION] Taras objective done ScoutPoi @ Pillbox Rest (Rostok-Truck Ce) → return to Buriakivka Waste Site
[09:09:17] [TASK] Andriy → FulfillMission [ScoutPoi] (goal=CompleteMission)
[09:09:17] [MISSION] Andriy objective done ScoutPoi @ Ruined Watchtower → return to Red Forest
[09:09:17] [TASK] Heinrich → FulfillMission [ScoutPoi] (goal=CompleteMission)
[09:09:17] [MISSION] Heinrich objective done ScoutPoi @ Forgotten Outpost → return to Wild Territory
[09:09:17] [TASK] Alibek → FulfillMission [ScoutPoi] (goal=CompleteMission)
[09:09:17] [MISSION] Alibek objective done ScoutPoi @ Collapsed Cairn → return to Rostok
[09:09:17] [TASK] Sergei → FulfillMission [ScoutPoi] (goal=CompleteMission)
[09:09:17] [MISSION] Sergei objective done ScoutPoi @ Mutant Den #1 near Chernobyl Town → return to Pripyat
[09:09:17] [TASK] Dmitri → FulfillMission [ScoutPoi] (goal=CompleteMission)
[09:09:17] [MISSION] Dmitri objective done ScoutPoi @ Military Research Base → return to Deserted Hospital
[09:09:17] [TASK] Damir → FulfillMission [ScoutPoi] (goal=CompleteMission)
[09:09:17] [MISSION] Damir objective done ScoutPoi @ Roadside Cache (Chernoby-Dark Val) → return to Limansk
[09:09:17] [TASK] Dmytro → FulfillMission [ScoutPoi] (goal=CompleteMission)
[09:09:17] [MISSION] Dmytro objective done ScoutPoi @ Ruined Watchtower → return to Red Forest
[09:09:17] [TASK] Jake → FulfillMission [ScoutPoi] (goal=CompleteMission)
[09:09:17] [MISSION] Jake objective done ScoutPoi @ Makeshift Hut → return to Duga Radar
[09:09:17] [TASK] Mikhail → FulfillMission [ScoutPoi] (goal=CompleteMission)
[09:09:17] [MISSION] Mikhail objective done ScoutPoi @ Pillbox Rest (Agroprom-Yantar) → return to Zaton
[09:09:17] [TASK] Sergei → FulfillMission [ScoutPoi] (goal=CompleteMission)
[09:09:17] [MISSION] Sergei objective done ScoutPoi @ Hidden Cairn → return to Truck Cemetery
[09:09:17] [TASK] Jake → FulfillMission [ScoutPoi] (goal=CompleteMission)
[09:09:17] [MISSION] Jake objective done ScoutPoi @ Pillbox Rest (Rostok-Truck Ce) → return to Buriakivka Waste Site
[09:09:17] [TASK] Lasha → FulfillMission [ScoutPoi] (goal=CompleteMission)
[09:09:17] [MISSION] Lasha objective done ScoutPoi @ Collapsed Camp → return to Yantar
[09:09:17] [TASK] Serhiy → FulfillMission [ScoutPoi] (goal=CompleteMission)
[09:09:17] [MISSION] Serhiy objective done ScoutPoi @ Pillbox Rest (Rostok-Truck Ce) → return to Buriakivka Waste Site
[09:09:17] [TASK] Jake → FulfillMission [ScoutPoi] (goal=CompleteMission)
[09:09:17] [MISSION] Jake objective done ScoutPoi @ Collapsed Camp → return to Yantar
[09:09:17] [TASK] Igor → FulfillMission [ScoutPoi] (goal=CompleteMission)
[09:09:17] [MISSION] Igor objective done ScoutPoi @ Collapsed Camp → return to Yantar
[09:09:17] [TASK] Ivan → FulfillMission [ScoutPoi] (goal=CompleteMission)
[09:09:17] [MISSION] Ivan objective done ScoutPoi @ Mutant Den #1 near Chernobyl Town → return to Pripyat
[09:09:17] [TASK] Dmytro → FulfillMission [ScoutPoi] (goal=CompleteMission)
[09:09:17] [MISSION] Dmytro objective done ScoutPoi @ Ruined Watchtower → return to Red Forest
[09:09:17] [TASK] Yuriy → FulfillMission [ScoutPoi] (goal=CompleteMission)
[09:09:17] [MISSION] Yuriy objective done ScoutPoi @ Mutant Den #1 near Chernobyl Town → return to Pripyat
[09:09:17] [TASK] Vasyl → FulfillMission [ScoutPoi] (goal=CompleteMission)
[09:09:17] [MISSION] Vasyl objective done ScoutPoi @ Collapsed Camp → return to Yantar
[09:09:17] [TASK] Nodar → FulfillMission [ScoutPoi] (goal=CompleteMission)
[09:09:17] [MISSION] Nodar objective done ScoutPoi @ Pillbox Rest (Meadow-Garbage) → return to Dark Valley
[09:09:17] [TASK] Nodar → FulfillMission [ScoutPoi] (goal=CompleteMission)
[09:09:17] [MISSION] Nodar objective done ScoutPoi @ Ruined Watchtower → return to Red Forest
[09:09:19] [INBOUND] Initial +2 stalkers, +1 mutants (remaining S=777 M=520)
[09:09:19] [TASK] Dmytro → TurnInMission [ScoutPoi] (goal=CompleteMission)
[09:09:19] [MISSION] Dmytro turned in ScoutPoi @ Wild Territory (+176 RU)
[09:09:19] [GOAL] Dmytro achieved CompleteMission
[09:09:19] [TASK] Mikhail → TurnInMission [ScoutPoi] (goal=CompleteMission)
[09:09:19] [MISSION] Mikhail turned in ScoutPoi @ Dead City (Chernobyl-2 Settlement) (+196 RU)
[09:09:19] [GOAL] Mikhail achieved CompleteMission
[09:09:19] [TASK] Damir → TurnInMission [ScoutPoi] (goal=CompleteMission)
[09:09:19] [MISSION] Damir turned in ScoutPoi @ Army Warehouses (+168 RU)
[09:09:19] [GOAL] Damir achieved CompleteMission
[09:09:19] [TASK] Nikolai → TurnInMission [ScoutPoi] (goal=CompleteMission)
[09:09:19] [MISSION] Nikolai turned in ScoutPoi @ Cordon (+160 RU)
[09:09:19] [GOAL] Nikolai achieved CompleteMission
[09:09:19] [TASK] Serhiy → TurnInMission [ScoutPoi] (goal=CompleteMission)
[09:09:19] [MISSION] Serhiy turned in ScoutPoi @ Wild Territory (+176 RU)
[09:09:19] [GOAL] Serhiy achieved CompleteMission
[09:09:19] [TASK] Viktor → TurnInMission [ScoutPoi] (goal=CompleteMission)
[09:09:19] [MISSION] Viktor turned in ScoutPoi @ Dark Valley (+190 RU)
[09:09:19] [GOAL] Viktor achieved CompleteMission
[09:09:19] [TASK] Viktor → TurnInMission [ScoutPoi] (goal=CompleteMission)
[09:09:19] [MISSION] Viktor turned in ScoutPoi @ Great Swamps (+160 RU)
[09:09:19] [GOAL] Viktor achieved CompleteMission
[09:09:19] [TASK] Oleksiy → TurnInMission [ScoutPoi] (goal=CompleteMission)
[09:09:19] [MISSION] Oleksiy turned in ScoutPoi @ Wild Territory (+176 RU)
[09:09:19] [GOAL] Oleksiy achieved CompleteMission
[09:09:19] [TASK] Serhiy → TurnInMission [ScoutPoi] (goal=CompleteMission)
[09:09:19] [MISSION] Serhiy turned in ScoutPoi @ Yantar (+160 RU)
[09:09:19] [GOAL] Serhiy achieved CompleteMission
[09:09:19] [TASK] Mykola → TurnInMission [ScoutPoi] (goal=CompleteMission)
[09:09:19] [MISSION] Mykola turned in ScoutPoi @ Generators (+236 RU)
[09:09:19] [GOAL] Mykola achieved CompleteMission
[09:09:19] [TASK] Oleg → TurnInMission [ScoutPoi] (goal=CompleteMission)
[09:09:19] [MISSION] Oleg turned in ScoutPoi @ Wild Territory (+176 RU)
[09:09:19] [GOAL] Oleg achieved CompleteMission
[09:09:19] [TASK] Viktor → TurnInMission [ScoutPoi] (goal=CompleteMission)
[09:09:19] [MISSION] Viktor turned in ScoutPoi @ Generators (+236 RU)
[09:09:19] [GOAL] Viktor achieved CompleteMission
[09:09:19] [TASK] Pavel → TurnInMission [ScoutPoi] (goal=CompleteMission)
[09:09:19] [MISSION] Pavel turned in ScoutPoi @ Zalissya (+160 RU)
[09:09:19] [GOAL] Pavel achieved CompleteMission
[09:09:19] [TASK] Serhiy → TurnInMission [ScoutPoi] (goal=CompleteMission)
[09:09:19] [MISSION] Serhiy turned in ScoutPoi @ Rostok (+160 RU)
[09:09:19] [GOAL] Serhiy achieved CompleteMission
[09:09:19] [TASK] Taras → TurnInMission [ScoutPoi] (goal=CompleteMission)
[09:09:19] [MISSION] Taras turned in ScoutPoi @ Zalissya (+160 RU)
[09:09:19] [GOAL] Taras achieved CompleteMission
[09:09:19] [TASK] Ivan → TurnInMission [ScoutPoi] (goal=CompleteMission)
[09:09:19] [MISSION] Ivan turned in ScoutPoi @ Limansk (+210 RU)
[09:09:19] [GOAL] Ivan achieved CompleteMission
[09:09:19] [TASK] Andriy → TurnInMission [ScoutPoi] (goal=CompleteMission)
[09:09:19] [MISSION] Andriy turned in ScoutPoi @ Dark Valley (+190 RU)
[09:09:19] [GOAL] Andriy achieved CompleteMission
[09:09:19] [TASK] Serhiy → TurnInMission [ScoutPoi] (goal=CompleteMission)
[09:09:19] [MISSION] Serhiy turned in ScoutPoi @ Great Swamps (+160 RU)
[09:09:19] [GOAL] Serhiy achieved CompleteMission
[09:09:19] [TASK] Dmytro → TurnInMission [ScoutPoi] (goal=CompleteMission)
[09:09:19] [MISSION] Dmytro turned in ScoutPoi @ Great Swamps (+160 RU)
[09:09:19] [GOAL] Dmytro achieved CompleteMission
[09:09:19] [TASK] Vasyl → TurnInMission [ScoutPoi] (goal=CompleteMission)
[09:09:19] [MISSION] Vasyl turned in ScoutPoi @ Yantar (+160 RU)
[09:09:19] [GOAL] Vasyl achieved CompleteMission
[09:09:19] [TASK] Karl → TurnInMission [ScoutPoi] (goal=CompleteMission)
[09:09:19] [MISSION] Karl turned in ScoutPoi @ Yantar (+160 RU)
[09:09:19] [GOAL] Karl achieved CompleteMission
[09:09:19] [TASK] Serhiy → TurnInMission [ScoutPoi] (goal=CompleteMission)
[09:09:19] [MISSION] Serhiy turned in ScoutPoi @ Zalissya (+160 RU)
[09:09:19] [GOAL] Serhiy achieved CompleteMission
[09:09:19] [TASK] Zura → TurnInMission [ScoutPoi] (goal=CompleteMission)
[09:09:19] [MISSION] Zura turned in ScoutPoi @ Generators (+236 RU)
[09:09:19] [GOAL] Zura achieved CompleteMission
[09:09:19] [TASK] Pavel → TurnInMission [ScoutPoi] (goal=CompleteMission)
[09:09:19] [MISSION] Pavel turned in ScoutPoi @ Generators (+236 RU)
[09:09:19] [GOAL] Pavel achieved CompleteMission
[09:09:19] [TASK] Ivan → TurnInMission [ScoutPoi] (goal=CompleteMission)
[09:09:19] [MISSION] Ivan turned in ScoutPoi @ Generators (+236 RU)
[09:09:19] [GOAL] Ivan achieved CompleteMission
[09:09:19] [TASK] Taras → TurnInMission [ScoutPoi] (goal=CompleteMission)
[09:09:19] [MISSION] Taras turned in ScoutPoi @ Buriakivka Waste Site (+236 RU)
[09:09:19] [GOAL] Taras achieved CompleteMission
[09:09:19] [TASK] Andriy → TurnInMission [ScoutPoi] (goal=CompleteMission)
[09:09:19] [MISSION] Andriy turned in ScoutPoi @ Red Forest (+160 RU)
[09:09:19] [GOAL] Andriy achieved CompleteMission
[09:09:19] [TASK] Heinrich → TurnInMission [ScoutPoi] (goal=CompleteMission)
[09:09:19] [MISSION] Heinrich turned in ScoutPoi @ Wild Territory (+176 RU)
[09:09:19] [GOAL] Heinrich achieved CompleteMission
[09:09:19] [MISSION] Giorgi accepted ScoutPoi @ Truck Cemetery (200 RU)
[09:09:19] [TASK] Giorgi → AcceptMission [ScoutPoi] (goal=AcceptMission)
[09:09:19] [GOAL] Giorgi achieved AcceptMission
[09:09:19] [TASK] Alibek → TurnInMission [ScoutPoi] (goal=CompleteMission)
[09:09:19] [MISSION] Alibek turned in ScoutPoi @ Rostok (+160 RU)
[09:09:19] [GOAL] Alibek achieved CompleteMission
[09:09:19] [TASK] Sergei → TurnInMission [ScoutPoi] (goal=CompleteMission)
[09:09:19] [MISSION] Sergei turned in ScoutPoi @ Pripyat (+196 RU)
[09:09:19] [GOAL] Sergei achieved CompleteMission
[09:09:19] [TASK] Dmitri → TurnInMission [ScoutPoi] (goal=CompleteMission)
[09:09:19] [MISSION] Dmitri turned in ScoutPoi @ Deserted Hospital (+200 RU)
[09:09:19] [GOAL] Dmitri achieved CompleteMission
[09:09:19] [TASK] Damir → TurnInMission [ScoutPoi] (goal=CompleteMission)
[09:09:19] [MISSION] Damir turned in ScoutPoi @ Limansk (+210 RU)
[09:09:19] [GOAL] Damir achieved CompleteMission
[09:09:19] [TASK] Dmytro → TurnInMission [ScoutPoi] (goal=CompleteMission)
[09:09:19] [MISSION] Dmytro turned in ScoutPoi @ Red Forest (+160 RU)
[09:09:19] [GOAL] Dmytro achieved CompleteMission
[09:09:19] [TASK] Jake → TurnInMission [ScoutPoi] (goal=CompleteMission)
[09:09:19] [MISSION] Jake turned in ScoutPoi @ Duga Radar (+176 RU)
[09:09:19] [GOAL] Jake achieved CompleteMission
[09:09:19] [TASK] Mikhail → TurnInMission [ScoutPoi] (goal=CompleteMission)
[09:09:19] [MISSION] Mikhail turned in ScoutPoi @ Zaton (+240 RU)
[09:09:19] [GOAL] Mikhail achieved CompleteMission
[09:09:19] [TASK] Sergei → TurnInMission [ScoutPoi] (goal=CompleteMission)
[09:09:19] [MISSION] Sergei turned in ScoutPoi @ Truck Cemetery (+200 RU)
[09:09:19] [GOAL] Sergei achieved CompleteMission
[09:09:19] [TASK] Jake → TurnInMission [ScoutPoi] (goal=CompleteMission)
[09:09:19] [MISSION] Jake turned in ScoutPoi @ Buriakivka Waste Site (+236 RU)
[09:09:19] [GOAL] Jake achieved CompleteMission
[09:09:19] [TASK] Lasha → TurnInMission [ScoutPoi] (goal=CompleteMission)
[09:09:19] [MISSION] Lasha turned in ScoutPoi @ Yantar (+160 RU)
[09:09:19] [GOAL] Lasha achieved CompleteMission
[09:09:19] [TASK] Serhiy → TurnInMission [ScoutPoi] (goal=CompleteMission)
[09:09:19] [MISSION] Serhiy turned in ScoutPoi @ Buriakivka Waste Site (+236 RU)
[09:09:19] [GOAL] Serhiy achieved CompleteMission
[09:09:19] [TASK] Jake → TurnInMission [ScoutPoi] (goal=CompleteMission)
[09:09:19] [MISSION] Jake turned in ScoutPoi @ Yantar (+160 RU)
[09:09:19] [GOAL] Jake achieved CompleteMission
[09:09:19] [TASK] Igor → TurnInMission [ScoutPoi] (goal=CompleteMission)
[09:09:19] [MISSION] Igor turned in ScoutPoi @ Yantar (+160 RU)
[09:09:19] [GOAL] Igor achieved CompleteMission
[09:09:19] [TASK] Dmytro → TurnInMission [ScoutPoi] (goal=CompleteMission)
[09:09:19] [MISSION] Dmytro turned in ScoutPoi @ Red Forest (+160 RU)
[09:09:19] [GOAL] Dmytro achieved CompleteMission
[09:09:19] [TASK] Vasyl → TurnInMission [ScoutPoi] (goal=CompleteMission)
[09:09:19] [MISSION] Vasyl turned in ScoutPoi @ Yantar (+160 RU)
[09:09:19] [GOAL] Vasyl achieved CompleteMission
[09:09:19] [TASK] Nodar → TurnInMission [ScoutPoi] (goal=CompleteMission)
[09:09:19] [MISSION] Nodar turned in ScoutPoi @ Dark Valley (+190 RU)
[09:09:19] [GOAL] Nodar achieved CompleteMission
[09:09:19] [TASK] Nodar → TurnInMission [ScoutPoi] (goal=CompleteMission)
[09:09:19] [MISSION] Nodar turned in ScoutPoi @ Red Forest (+160 RU)
[09:09:19] [GOAL] Nodar achieved CompleteMission
[09:09:20] [TASK] Oleksiy → TurnInMission [ScoutPoi] (goal=CompleteMission)
[09:09:20] [MISSION] Oleksiy turned in ScoutPoi @ Limansk (+210 RU)
[09:09:20] [GOAL] Oleksiy achieved CompleteMission
[09:09:20] [TASK] Serhiy → TurnInMission [ScoutPoi] (goal=CompleteMission)
[09:09:20] [MISSION] Serhiy turned in ScoutPoi @ Yantar (+160 RU)
[09:09:20] [GOAL] Serhiy achieved CompleteMission
[09:09:20] [TASK] Pierre → TurnInMission [ScoutPoi] (goal=CompleteMission)
[09:09:20] [MISSION] Pierre turned in ScoutPoi @ Great Swamps (+160 RU)
[09:09:20] [GOAL] Pierre achieved CompleteMission
[09:09:20] [TASK] Andriy → TurnInMission [ScoutPoi] (goal=CompleteMission)
[09:09:20] [MISSION] Andriy turned in ScoutPoi @ Truck Cemetery (+200 RU)
[09:09:20] [GOAL] Andriy achieved CompleteMission
[09:09:20] [TASK] Vasyl → TurnInMission [ScoutPoi] (goal=CompleteMission)
[09:09:20] [MISSION] Vasyl turned in ScoutPoi @ Red Forest (+160 RU)
[09:09:20] [GOAL] Vasyl achieved CompleteMission
[09:09:20] [TASK] Professor → TurnInMission [ScoutPoi] (goal=CompleteMission)
[09:09:20] [MISSION] Professor turned in ScoutPoi @ Yantar (+160 RU)
[09:09:20] [GOAL] Professor achieved CompleteMission
[09:09:20] [MISSION] Dmytro accepted ScoutPoi @ Wild Territory (176 RU)
[09:09:20] [TASK] Dmytro → AcceptMission [ScoutPoi] (goal=AcceptMission)
[09:09:20] [GOAL] Dmytro achieved AcceptMission
[09:09:20] [MISSION] Mikhail accepted ScoutPoi @ Dead City (Chernobyl-2 Settlement) (196 RU)
[09:09:20] [TASK] Mikhail → AcceptMission [ScoutPoi] (goal=AcceptMission)
[09:09:20] [GOAL] Mikhail achieved AcceptMission
[09:09:20] [MISSION] Damir accepted ScoutPoi @ Army Warehouses (168 RU)
[09:09:20] [TASK] Damir → AcceptMission [ScoutPoi] (goal=AcceptMission)
[09:09:20] [GOAL] Damir achieved AcceptMission
[09:09:20] [MISSION] Nikolai accepted ScoutPoi @ Cordon (160 RU)
[09:09:20] [TASK] Nikolai → AcceptMission [ScoutPoi] (goal=AcceptMission)
[09:09:20] [GOAL] Nikolai achieved AcceptMission
[09:09:20] [MISSION] Serhiy accepted ScoutPoi @ Wild Territory (176 RU)
[09:09:20] [TASK] Serhiy → AcceptMission [ScoutPoi] (goal=AcceptMission)
[09:09:20] [GOAL] Serhiy achieved AcceptMission
[09:09:20] [MISSION] Viktor accepted ScoutPoi @ Dark Valley (190 RU)
[09:09:20] [TASK] Viktor → AcceptMission [ScoutPoi] (goal=AcceptMission)
[09:09:20] [GOAL] Viktor achieved AcceptMission
[09:09:20] [MISSION] Viktor accepted ScoutPoi @ Great Swamps (160 RU)
[09:09:20] [TASK] Viktor → AcceptMission [ScoutPoi] (goal=AcceptMission)
[09:09:20] [GOAL] Viktor achieved AcceptMission
[09:09:20] [MISSION] Oleksiy accepted ScoutPoi @ Wild Territory (176 RU)
[09:09:20] [TASK] Oleksiy → AcceptMission [ScoutPoi] (goal=AcceptMission)
[09:09:20] [GOAL] Oleksiy achieved AcceptMission
[09:09:20] [MISSION] Serhiy accepted ScoutPoi @ Yantar (160 RU)
[09:09:20] [TASK] Serhiy → AcceptMission [ScoutPoi] (goal=AcceptMission)
[09:09:20] [GOAL] Serhiy achieved AcceptMission
[09:09:20] [MISSION] Mykola accepted ScoutPoi @ Generators (236 RU)
[09:09:20] [TASK] Mykola → AcceptMission [ScoutPoi] (goal=AcceptMission)
[09:09:20] [GOAL] Mykola achieved AcceptMission
[09:09:20] [MISSION] Oleg accepted ScoutPoi @ Wild Territory (176 RU)
[09:09:20] [TASK] Oleg → AcceptMission [ScoutPoi] (goal=AcceptMission)
[09:09:20] [GOAL] Oleg achieved AcceptMission
[09:09:20] [MISSION] Viktor accepted ScoutPoi @ Generators (236 RU)
[09:09:20] [TASK] Viktor → AcceptMission [ScoutPoi] (goal=AcceptMission)
[09:09:20] [GOAL] Viktor achieved AcceptMission
[09:09:20] [MISSION] Pavel accepted ScoutPoi @ Zalissya (160 RU)
[09:09:20] [TASK] Pavel → AcceptMission [ScoutPoi] (goal=AcceptMission)
[09:09:20] [GOAL] Pavel achieved AcceptMission
[09:09:20] [MISSION] Serhiy accepted ScoutPoi @ Rostok (160 RU)
[09:09:20] [TASK] Serhiy → AcceptMission [ScoutPoi] (goal=AcceptMission)
[09:09:20] [GOAL] Serhiy achieved AcceptMission
[09:09:20] [MISSION] Taras accepted ScoutPoi @ Zalissya (160 RU)
[09:09:20] [TASK] Taras → AcceptMission [ScoutPoi] (goal=AcceptMission)
[09:09:20] [GOAL] Taras achieved AcceptMission
[09:09:20] [MISSION] Ivan accepted ScoutPoi @ Limansk (210 RU)
[09:09:20] [TASK] Ivan → AcceptMission [ScoutPoi] (goal=AcceptMission)
[09:09:20] [GOAL] Ivan achieved AcceptMission
[09:09:20] [MISSION] Andriy accepted ScoutPoi @ Dark Valley (190 RU)
[09:09:20] [TASK] Andriy → AcceptMission [ScoutPoi] (goal=AcceptMission)
[09:09:20] [GOAL] Andriy achieved AcceptMission
[09:09:20] [MISSION] Serhiy accepted ScoutPoi @ Great Swamps (160 RU)
[09:09:20] [TASK] Serhiy → AcceptMission [ScoutPoi] (goal=AcceptMission)
[09:09:20] [GOAL] Serhiy achieved AcceptMission
[09:09:20] [MISSION] Dmytro accepted ScoutPoi @ Great Swamps (160 RU)
[09:09:20] [TASK] Dmytro → AcceptMission [ScoutPoi] (goal=AcceptMission)
[09:09:20] [GOAL] Dmytro achieved AcceptMission
[09:09:20] [MISSION] Vasyl accepted ScoutPoi @ Yantar (160 RU)
[09:09:20] [TASK] Vasyl → AcceptMission [ScoutPoi] (goal=AcceptMission)
[09:09:20] [GOAL] Vasyl achieved AcceptMission
[09:09:20] [MISSION] Karl accepted ScoutPoi @ Yantar (160 RU)
[09:09:20] [TASK] Karl → AcceptMission [ScoutPoi] (goal=AcceptMission)
[09:09:20] [GOAL] Karl achieved AcceptMission
[09:09:20] [MISSION] Serhiy accepted ScoutPoi @ Zalissya (160 RU)
[09:09:20] [TASK] Serhiy → AcceptMission [ScoutPoi] (goal=AcceptMission)
[09:09:20] [GOAL] Serhiy achieved AcceptMission
[09:09:20] [MISSION] Zura accepted ScoutPoi @ Generators (236 RU)
[09:09:20] [TASK] Zura → AcceptMission [ScoutPoi] (goal=AcceptMission)
[09:09:20] [GOAL] Zura achieved AcceptMission
[09:09:20] [MISSION] Pavel accepted ScoutPoi @ Generators (236 RU)
[09:09:20] [TASK] Pavel → AcceptMission [ScoutPoi] (goal=AcceptMission)
[09:09:20] [GOAL] Pavel achieved AcceptMission
[09:09:20] [MISSION] Ivan accepted ScoutPoi @ Generators (236 RU)
[09:09:20] [TASK] Ivan → AcceptMission [ScoutPoi] (goal=AcceptMission)
[09:09:20] [GOAL] Ivan achieved AcceptMission
[09:09:20] [MISSION] Taras accepted ScoutPoi @ Buriakivka Waste Site (236 RU)
[09:09:20] [TASK] Taras → AcceptMission [ScoutPoi] (goal=AcceptMission)
[09:09:20] [GOAL] Taras achieved AcceptMission
[09:09:20] [MISSION] Andriy accepted ScoutPoi @ Red Forest (160 RU)
[09:09:20] [TASK] Andriy → AcceptMission [ScoutPoi] (goal=AcceptMission)
[09:09:20] [GOAL] Andriy achieved AcceptMission
[09:09:20] [MISSION] Heinrich accepted ScoutPoi @ Wild Territory (176 RU)
[09:09:20] [TASK] Heinrich → AcceptMission [ScoutPoi] (goal=AcceptMission)
[09:09:20] [GOAL] Heinrich achieved AcceptMission
[09:09:20] [MISSION] Alibek accepted ScoutPoi @ Rostok (160 RU)
[09:09:20] [TASK] Alibek → AcceptMission [ScoutPoi] (goal=AcceptMission)
[09:09:20] [GOAL] Alibek achieved AcceptMission
[09:09:20] [MISSION] Sergei accepted ScoutPoi @ Pripyat (196 RU)
[09:09:20] [TASK] Sergei → AcceptMission [ScoutPoi] (goal=AcceptMission)
[09:09:20] [GOAL] Sergei achieved AcceptMission
[09:09:20] [MISSION] Dmitri accepted ScoutPoi @ Deserted Hospital (200 RU)
[09:09:20] [TASK] Dmitri → AcceptMission [ScoutPoi] (goal=AcceptMission)
[09:09:20] [GOAL] Dmitri achieved AcceptMission
[09:09:20] [MISSION] Damir accepted ScoutPoi @ Limansk (210 RU)
[09:09:20] [TASK] Damir → AcceptMission [ScoutPoi] (goal=AcceptMission)
[09:09:20] [GOAL] Damir achieved AcceptMission
[09:09:20] [MISSION] Dmytro accepted ScoutPoi @ Red Forest (160 RU)
[09:09:20] [TASK] Dmytro → AcceptMission [ScoutPoi] (goal=AcceptMission)
[09:09:20] [GOAL] Dmytro achieved AcceptMission
[09:09:20] [MISSION] Mikhail accepted ScoutPoi @ Zaton (240 RU)
[09:09:20] [TASK] Mikhail → AcceptMission [ScoutPoi] (goal=AcceptMission)
[09:09:20] [GOAL] Mikhail achieved AcceptMission
[09:09:20] [MISSION] Sergei accepted ScoutPoi @ Truck Cemetery (200 RU)
[09:09:20] [TASK] Sergei → AcceptMission [ScoutPoi] (goal=AcceptMission)
[09:09:20] [GOAL] Sergei achieved AcceptMission
[09:09:20] [MISSION] Jake accepted ScoutPoi @ Buriakivka Waste Site (236 RU)
[09:09:20] [TASK] Jake → AcceptMission [ScoutPoi] (goal=AcceptMission)
[09:09:20] [GOAL] Jake achieved AcceptMission
[09:09:20] [MISSION] Lasha accepted ScoutPoi @ Yantar (160 RU)
[09:09:20] [TASK] Lasha → AcceptMission [ScoutPoi] (goal=AcceptMission)
[09:09:20] [GOAL] Lasha achieved AcceptMission
[09:09:20] [MISSION] Serhiy accepted ScoutPoi @ Buriakivka Waste Site (236 RU)
[09:09:20] [TASK] Serhiy → AcceptMission [ScoutPoi] (goal=AcceptMission)
[09:09:20] [GOAL] Serhiy achieved AcceptMission
[09:09:20] [MISSION] Jake accepted ScoutPoi @ Yantar (160 RU)
[09:09:20] [TASK] Jake → AcceptMission [ScoutPoi] (goal=AcceptMission)
[09:09:20] [GOAL] Jake achieved AcceptMission
[09:09:20] [MISSION] Igor accepted ScoutPoi @ Yantar (160 RU)
[09:09:20] [TASK] Igor → AcceptMission [ScoutPoi] (goal=AcceptMission)
[09:09:20] [GOAL] Igor achieved AcceptMission
[09:09:20] [MISSION] Dmytro accepted ScoutPoi @ Red Forest (160 RU)
[09:09:20] [TASK] Dmytro → AcceptMission [ScoutPoi] (goal=AcceptMission)
[09:09:20] [GOAL] Dmytro achieved AcceptMission
[09:09:20] [MISSION] Vasyl accepted ScoutPoi @ Yantar (160 RU)
[09:09:20] [TASK] Vasyl → AcceptMission [ScoutPoi] (goal=AcceptMission)
[09:09:20] [GOAL] Vasyl achieved AcceptMission
[09:09:20] [MISSION] Nodar accepted ScoutPoi @ Dark Valley (190 RU)
[09:09:20] [TASK] Nodar → AcceptMission [ScoutPoi] (goal=AcceptMission)
[09:09:20] [GOAL] Nodar achieved AcceptMission
[09:09:20] [MISSION] Nodar accepted ScoutPoi @ Red Forest (160 RU)
[09:09:20] [TASK] Nodar → AcceptMission [ScoutPoi] (goal=AcceptMission)
[09:09:20] [GOAL] Nodar achieved AcceptMission
[09:09:20] [MISSION] Oleksiy accepted ScoutPoi @ Limansk (210 RU)
[09:09:20] [TASK] Oleksiy → AcceptMission [ScoutPoi] (goal=AcceptMission)
[09:09:20] [GOAL] Oleksiy achieved AcceptMission
[09:09:20] [MISSION] Serhiy accepted ScoutPoi @ Yantar (160 RU)
[09:09:20] [TASK] Serhiy → AcceptMission [ScoutPoi] (goal=AcceptMission)
[09:09:20] [GOAL] Serhiy achieved AcceptMission
[09:09:20] [MISSION] Pierre accepted ScoutPoi @ Great Swamps (160 RU)
[09:09:20] [TASK] Pierre → AcceptMission [ScoutPoi] (goal=AcceptMission)
[09:09:20] [GOAL] Pierre achieved AcceptMission
[09:09:20] [MISSION] Andriy accepted ScoutPoi @ Truck Cemetery (200 RU)
[09:09:20] [TASK] Andriy → AcceptMission [ScoutPoi] (goal=AcceptMission)
[09:09:20] [GOAL] Andriy achieved AcceptMission
[09:09:21] [MISSION] Vasyl accepted ScoutPoi @ Red Forest (160 RU)
[09:09:21] [TASK] Vasyl → AcceptMission [ScoutPoi] (goal=AcceptMission)
[09:09:21] [GOAL] Vasyl achieved AcceptMission
[09:09:21] [MISSION] Professor accepted ScoutPoi @ Yantar (160 RU)
[09:09:21] [TASK] Professor → AcceptMission [ScoutPoi] (goal=AcceptMission)
[09:09:21] [GOAL] Professor achieved AcceptMission
[09:09:27] [INBOUND] Initial +3 stalkers, +1 mutants (remaining S=774 M=519)
[09:09:27] [MISSION] Pierre accepted ScoutPoi @ Yantar (160 RU)
[09:09:27] [TASK] Pierre → AcceptMission [ScoutPoi] (goal=AcceptMission)
[09:09:27] [GOAL] Pierre achieved AcceptMission
info: Microsoft.AspNetCore.Hosting.Diagnostics[1]
      Request starting HTTP/1.1 GET http://localhost:5050/ - - -
info: Microsoft.AspNetCore.Routing.EndpointMiddleware[0]
      Executing endpoint 'HTTP: GET /'
info: Microsoft.AspNetCore.Routing.EndpointMiddleware[1]
      Executed endpoint 'HTTP: GET /'
info: Microsoft.AspNetCore.Hosting.Diagnostics[2]
      Request finished HTTP/1.1 GET http://localhost:5050/ - 200 - text/html 92.1527ms
info: Microsoft.AspNetCore.Hosting.Diagnostics[1]
      Request starting HTTP/1.1 GET http://localhost:5050/api/world - - -
info: Microsoft.AspNetCore.Routing.EndpointMiddleware[0]
      Executing endpoint 'HTTP: GET /api/world'
info: Microsoft.AspNetCore.Http.Result.JsonResult[3]
      Writing value of type '<>f__AnonymousType0`9' as Json.
info: Microsoft.AspNetCore.Routing.EndpointMiddleware[1]
      Executed endpoint 'HTTP: GET /api/world'
info: Microsoft.AspNetCore.Hosting.Diagnostics[2]
      Request finished HTTP/1.1 GET http://localhost:5050/api/world - 200 - application/json;+charset=utf-8 104.1797ms
info: Microsoft.AspNetCore.Hosting.Diagnostics[1]
      Request starting HTTP/1.1 GET http://localhost:5050/api/leaderboard - - -
info: Microsoft.AspNetCore.Routing.EndpointMiddleware[0]
      Executing endpoint 'HTTP: GET /api/leaderboard'
info: Microsoft.AspNetCore.Http.Result.JsonResult[3]
      Writing value of type '<>f__AnonymousType11`2' as Json.
info: Microsoft.AspNetCore.Routing.EndpointMiddleware[1]
      Executed endpoint 'HTTP: GET /api/leaderboard'
info: Microsoft.AspNetCore.Hosting.Diagnostics[2]
      Request finished HTTP/1.1 GET http://localhost:5050/api/leaderboard - 200 - application/json;+charset=utf-8 30.2678ms
[WebVisualizerServer] Client 34432dca-6a6a-42e7-a256-a9c6c307d3b9 connected.
[09:09:29] [INBOUND] Initial +2 stalkers, +2 mutants (remaining S=772 M=517)
[09:09:29] [MISSION] Ivan accepted ScoutPoi @ Dead City (Chernobyl-2 Settlement) (196 RU)
[09:09:29] [TASK] Ivan → AcceptMission [ScoutPoi] (goal=AcceptMission)
[09:09:29] [GOAL] Ivan achieved AcceptMission
info: Microsoft.AspNetCore.Hosting.Diagnostics[1]
      Request starting HTTP/1.1 GET http://localhost:5050/api/state - - -
info: Microsoft.AspNetCore.Routing.EndpointMiddleware[0]
      Executing endpoint 'HTTP: GET /api/state'
info: Microsoft.AspNetCore.Http.Result.JsonResult[3]
      Writing value of type '<>f__AnonymousType6`4' as Json.
info: Microsoft.AspNetCore.Routing.EndpointMiddleware[1]
      Executed endpoint 'HTTP: GET /api/state'
info: Microsoft.AspNetCore.Hosting.Diagnostics[2]
      Request finished HTTP/1.1 GET http://localhost:5050/api/state - 200 - application/json;+charset=utf-8 41.0989ms
[09:09:31] [INBOUND] Initial +2 stalkers, +1 mutants (remaining S=770 M=516)
[09:09:31] [MISSION] Bohdan accepted ScoutPoi @ Agroprom (164 RU)
[09:09:31] [TASK] Bohdan → AcceptMission [ScoutPoi] (goal=AcceptMission)
[09:09:31] [GOAL] Bohdan achieved AcceptMission
[09:09:31] [COMBAT] Mykola Shevchenko 'Stitch' killed Boar using wpn_fn2000
[09:09:31] [COMBAT] Serhiy Shevchenko 'Jackal' killed Vasyl Volkov 'Stitch' using wpn_aksu
[09:09:31] [GEAR] Serhiy looted [wpn_ak74, out_monolith_trenchcoat_outfit] via combat
[09:09:32] [INBOUND] Initial +2 stalkers, +2 mutants (remaining S=768 M=514)
[09:09:32] [CORPSE] Despawned 23 bodies (lifetime=108)
[09:09:32] [MISSION] Igor accepted ScoutPoi @ Kopachi (190 RU)
[09:09:32] [TASK] Igor → AcceptMission [ScoutPoi] (goal=AcceptMission)
[09:09:32] [GOAL] Igor achieved AcceptMission
info: Microsoft.AspNetCore.Hosting.Diagnostics[1]
      Request starting HTTP/1.1 GET http://localhost:5050/api/state - - -
info: Microsoft.AspNetCore.Routing.EndpointMiddleware[0]
      Executing endpoint 'HTTP: GET /api/state'
info: Microsoft.AspNetCore.Http.Result.JsonResult[3]
      Writing value of type '<>f__AnonymousType6`4' as Json.
info: Microsoft.AspNetCore.Routing.EndpointMiddleware[1]
      Executed endpoint 'HTTP: GET /api/state'
info: Microsoft.AspNetCore.Hosting.Diagnostics[2]
      Request finished HTTP/1.1 GET http://localhost:5050/api/state - 200 - application/json;+charset=utf-8 1.6640ms
[09:09:33] [INBOUND] Initial +2 stalkers, +1 mutants (remaining S=766 M=513)
info: Microsoft.AspNetCore.Hosting.Diagnostics[1]
      Request starting HTTP/1.1 GET http://localhost:5050/api/leaderboard - - -
info: Microsoft.AspNetCore.Routing.EndpointMiddleware[0]
      Executing endpoint 'HTTP: GET /api/leaderboard'
info: Microsoft.AspNetCore.Http.Result.JsonResult[3]
      Writing value of type '<>f__AnonymousType11`2' as Json.
info: Microsoft.AspNetCore.Routing.EndpointMiddleware[1]
      Executed endpoint 'HTTP: GET /api/leaderboard'
info: Microsoft.AspNetCore.Hosting.Diagnostics[2]
      Request finished HTTP/1.1 GET http://localhost:5050/api/leaderboard - 200 - application/json;+charset=utf-8 1.5269ms
info: Microsoft.AspNetCore.Hosting.Diagnostics[1]
      Request starting HTTP/1.1 GET http://localhost:5050/api/state - - -
info: Microsoft.AspNetCore.Routing.EndpointMiddleware[0]
      Executing endpoint 'HTTP: GET /api/state'
info: Microsoft.AspNetCore.Http.Result.JsonResult[3]
      Writing value of type '<>f__AnonymousType6`4' as Json.
info: Microsoft.AspNetCore.Routing.EndpointMiddleware[1]
      Executed endpoint 'HTTP: GET /api/state'
info: Microsoft.AspNetCore.Hosting.Diagnostics[2]
      Request finished HTTP/1.1 GET http://localhost:5050/api/state - 200 - application/json;+charset=utf-8 1.6045ms
[09:09:34] [INBOUND] Initial +2 stalkers, +1 mutants (remaining S=764 M=512)
[09:09:34] [MISSION] Bohdan accepted ScoutPoi @ Meadow (160 RU)
[09:09:34] [TASK] Bohdan → AcceptMission [ScoutPoi] (goal=AcceptMission)
[09:09:34] [GOAL] Bohdan achieved AcceptMission
[09:09:35] [COMBAT] Connor Popov 'Fox' killed Ivan Shevchenko 'Wolf' using wpn_mp5
[09:09:35] [COMBAT] Andriy Petrov 'Stitch' killed Boar using wpn_fn2000
[09:09:36] [INBOUND] Initial +2 stalkers, +2 mutants (remaining S=762 M=510)
[09:09:36] [MISSION] Vasyl accepted ScoutPoi @ Kopachi (190 RU)
[09:09:36] [TASK] Vasyl → AcceptMission [ScoutPoi] (goal=AcceptMission)
[09:09:36] [GOAL] Vasyl achieved AcceptMission
[09:09:36] [COMBAT] Serhiy Popov 'Crow' killed Dog using wpn_aksu
info: Microsoft.AspNetCore.Hosting.Diagnostics[1]
      Request starting HTTP/1.1 GET http://localhost:5050/api/state - - -
info: Microsoft.AspNetCore.Routing.EndpointMiddleware[0]
      Executing endpoint 'HTTP: GET /api/state'
info: Microsoft.AspNetCore.Http.Result.JsonResult[3]
      Writing value of type '<>f__AnonymousType6`4' as Json.
info: Microsoft.AspNetCore.Routing.EndpointMiddleware[1]
      Executed endpoint 'HTTP: GET /api/state'
info: Microsoft.AspNetCore.Hosting.Diagnostics[2]
      Request finished HTTP/1.1 GET http://localhost:5050/api/state - 200 - application/json;+charset=utf-8 1.5866ms
[09:09:36] [COMBAT] Dmytro Petrov 'Bullet' killed Lurker using wpn_fn2000
[09:09:37] [INBOUND] Initial +2 stalkers, +1 mutants (remaining S=760 M=509)
[09:09:37] [MISSION] Pavel accepted ScoutPoi @ Agroprom (164 RU)
[09:09:37] [TASK] Pavel → AcceptMission [ScoutPoi] (goal=AcceptMission)
[09:09:37] [GOAL] Pavel achieved AcceptMission
[09:09:38] [COMBAT] Igor Petrenko 'Phantom' killed PsyDog using wpn_fn2000
[09:09:38] [INBOUND] Initial +2 stalkers, +2 mutants (remaining S=758 M=507)
[09:09:38] [SNAPSHOT] real=9.2min game=D0 00:17 alive S=195 M=226 corpses=776 lootable=449 gammaGear out=92 helm=167 avgRU=920 leaderGoals trade=0 mission=54 emission=Dormant nextIn=101gmin desperate=0 hungry=0 interval deaths=34 combats=50 tasks=197 gearLoot=3 gearBuy=0 missions=117 corpseDespawn=31 trickleSpawns=0 ranks=[Rookie:180,Trainee:5,Experienced:5,Professional:5] goals=[CompleteMission::53,Idle:31,Traveling:23,AcceptMission::1] leaders: Sergei[Rookie/AcceptMission:], Pavel[Rookie/CompleteMission:], Bohdan[Rookie/CompleteMission:], Vasyl[Rookie/CompleteMission:], Bohdan[Rookie/CompleteMission:]
[09:09:38] [MISSION] Sergei accepted ScoutPoi @ Zaton (240 RU)
[09:09:38] [TASK] Sergei → AcceptMission [ScoutPoi] (goal=AcceptMission)
[09:09:38] [GOAL] Sergei achieved AcceptMission
info: Microsoft.AspNetCore.Hosting.Diagnostics[1]
      Request starting HTTP/1.1 GET http://localhost:5050/api/state - - -
info: Microsoft.AspNetCore.Routing.EndpointMiddleware[0]
      Executing endpoint 'HTTP: GET /api/state'
info: Microsoft.AspNetCore.Hosting.Diagnostics[1]
      Request starting HTTP/1.1 GET http://localhost:5050/api/leaderboard - - -
info: Microsoft.AspNetCore.Http.Result.JsonResult[3]
      Writing value of type '<>f__AnonymousType6`4' as Json.
info: Microsoft.AspNetCore.Routing.EndpointMiddleware[0]
      Executing endpoint 'HTTP: GET /api/leaderboard'
info: Microsoft.AspNetCore.Http.Result.JsonResult[3]
      Writing value of type '<>f__AnonymousType11`2' as Json.
info: Microsoft.AspNetCore.Routing.EndpointMiddleware[1]
      Executed endpoint 'HTTP: GET /api/leaderboard'
info: Microsoft.AspNetCore.Hosting.Diagnostics[2]
      Request finished HTTP/1.1 GET http://localhost:5050/api/leaderboard - 200 - application/json;+charset=utf-8 1.1249ms
info: Microsoft.AspNetCore.Routing.EndpointMiddleware[1]
      Executed endpoint 'HTTP: GET /api/state'
info: Microsoft.AspNetCore.Hosting.Diagnostics[2]
      Request finished HTTP/1.1 GET http://localhost:5050/api/state - 200 - application/json;+charset=utf-8 2.3333ms
[09:09:39] [TASK] Mikhail → TradeRun [poi_macro_1] (goal=VisitTrader)
[09:09:39] [GOAL] Mikhail achieved VisitTrader
[09:09:39] [TASK] Zura → TradeRun [poi_macro_5] (goal=VisitTrader)
[09:09:39] [GOAL] Zura achieved VisitTrader
[09:09:39] [MISSION] Mikhail accepted ScoutPoi @ Agroprom (164 RU)
[09:09:39] [TASK] Mikhail → AcceptMission [ScoutPoi] (goal=AcceptMission)
[09:09:39] [GOAL] Mikhail achieved AcceptMission
[09:09:39] [MISSION] Zura accepted ScoutPoi @ Zalissya (160 RU)
[09:09:39] [TASK] Zura → AcceptMission [ScoutPoi] (goal=AcceptMission)
[09:09:39] [GOAL] Zura achieved AcceptMission
[09:09:39] [INBOUND] Initial +2 stalkers, +1 mutants (remaining S=756 M=506)
[09:09:39] [COMBAT] Heinrich Popov 'Phantom' killed Viktor Popov 'Wolf' using wpn_mp5
[09:09:39] [GEAR] Heinrich looted [helm_helm_hardhat] via combat
[09:09:40] [COMBAT] Heinrich Sokolov 'Crow' killed Poltergeist using wpn_fn2000
[09:09:40] [RANK] Vasyl Popov 'Stitch' → Trainee
[RankSystem] Vasyl Popov 'Stitch' promoted to Trainee!
[09:09:40] [COMBAT] Vasyl Popov 'Stitch' killed Bloodsucker using wpn_aksu
info: Microsoft.AspNetCore.Hosting.Diagnostics[1]
      Request starting HTTP/1.1 GET http://localhost:5050/api/state - - -
info: Microsoft.AspNetCore.Routing.EndpointMiddleware[0]
      Executing endpoint 'HTTP: GET /api/state'
info: Microsoft.AspNetCore.Http.Result.JsonResult[3]
      Writing value of type '<>f__AnonymousType6`4' as Json.
info: Microsoft.AspNetCore.Routing.EndpointMiddleware[1]
      Executed endpoint 'HTTP: GET /api/state'
info: Microsoft.AspNetCore.Hosting.Diagnostics[2]
      Request finished HTTP/1.1 GET http://localhost:5050/api/state - 200 - application/json;+charset=utf-8 1.9200ms
[09:09:41] [INBOUND] Initial +2 stalkers, +1 mutants (remaining S=754 M=505)
[09:09:41] [MISSION] Heinrich accepted ScoutPoi @ Meadow (160 RU)
[09:09:41] [TASK] Heinrich → AcceptMission [ScoutPoi] (goal=AcceptMission)
[09:09:41] [GOAL] Heinrich achieved AcceptMission
[09:09:41] [COMBAT] Yuriy Shevchenko 'Jackal' killed Lasha Bondarenko 'Scar' using wpn_aksu
[09:09:41] [COMBAT] Viktor Sokolov 'Shadow' killed Rat using wpn_fn2000
[09:09:41] [COMBAT] Oleg Ivanov 'Bullet' killed Controller using wpn_ak74
[09:09:42] [INBOUND] Initial +2 stalkers, +2 mutants (remaining S=752 M=503)
info: Microsoft.AspNetCore.Hosting.Diagnostics[1]
      Request starting HTTP/1.1 GET http://localhost:5050/api/state - - -
info: Microsoft.AspNetCore.Routing.EndpointMiddleware[0]
      Executing endpoint 'HTTP: GET /api/state'
info: Microsoft.AspNetCore.Http.Result.JsonResult[3]
      Writing value of type '<>f__AnonymousType6`4' as Json.
info: Microsoft.AspNetCore.Routing.EndpointMiddleware[1]
      Executed endpoint 'HTTP: GET /api/state'
info: Microsoft.AspNetCore.Hosting.Diagnostics[2]
      Request finished HTTP/1.1 GET http://localhost:5050/api/state - 200 - application/json;+charset=utf-8 2.1243ms
[09:09:42] [COMBAT] Tobias Shevchenko 'Stitch' killed Snork using wpn_sg550
[09:09:43] [INBOUND] Initial +2 stalkers, +1 mutants (remaining S=750 M=502)
[09:09:43] [MISSION] Oleksiy accepted ScoutPoi @ Army Warehouses (168 RU)
[09:09:43] [TASK] Oleksiy → AcceptMission [ScoutPoi] (goal=AcceptMission)
[09:09:43] [GOAL] Oleksiy achieved AcceptMission
[09:09:43] [COMBAT] Dmytro Kovalenko 'Scar' killed Mikhail Melnyk 'Spark' using wpn_aksu
[09:09:43] [GEAR] Dmytro looted [wpn_sg550, wpn_pm, helm_tactic] via combat
info: Microsoft.AspNetCore.Hosting.Diagnostics[1]
      Request starting HTTP/1.1 GET http://localhost:5050/api/leaderboard - - -
info: Microsoft.AspNetCore.Routing.EndpointMiddleware[0]
      Executing endpoint 'HTTP: GET /api/leaderboard'
info: Microsoft.AspNetCore.Http.Result.JsonResult[3]
      Writing value of type '<>f__AnonymousType11`2' as Json.
info: Microsoft.AspNetCore.Routing.EndpointMiddleware[1]
      Executed endpoint 'HTTP: GET /api/leaderboard'
info: Microsoft.AspNetCore.Hosting.Diagnostics[2]
      Request finished HTTP/1.1 GET http://localhost:5050/api/leaderboard - 200 - application/json;+charset=utf-8 0.9227ms
[09:09:43] [COMBAT] Nikolai Petrenko 'Ash' killed Poltergeist using wpn_ak74
[09:09:44] [INBOUND] Initial +3 stalkers, +1 mutants (remaining S=747 M=501)
[09:09:44] [CORPSE] Despawned 21 bodies (lifetime=129)
[09:09:44] [MISSION] Alibek accepted ScoutPoi @ Dark Valley (190 RU)
[09:09:44] [TASK] Alibek → AcceptMission [ScoutPoi] (goal=AcceptMission)
[09:09:44] [GOAL] Alibek achieved AcceptMission
info: Microsoft.AspNetCore.Hosting.Diagnostics[1]
      Request starting HTTP/1.1 GET http://localhost:5050/api/state - - -
info: Microsoft.AspNetCore.Routing.EndpointMiddleware[0]
      Executing endpoint 'HTTP: GET /api/state'
info: Microsoft.AspNetCore.Http.Result.JsonResult[3]
      Writing value of type '<>f__AnonymousType6`4' as Json.
info: Microsoft.AspNetCore.Routing.EndpointMiddleware[1]
      Executed endpoint 'HTTP: GET /api/state'
info: Microsoft.AspNetCore.Hosting.Diagnostics[2]
      Request finished HTTP/1.1 GET http://localhost:5050/api/state - 200 - application/json;+charset=utf-8 2.0143ms
[09:09:45] [COMBAT] Taras Petrenko 'Scar' killed Controller using wpn_fn2000
[09:09:45] [COMBAT] Serhiy Volkov 'Wolf' killed Fracture using wpn_fn2000
[09:09:46] [INBOUND] Initial +2 stalkers, +2 mutants (remaining S=745 M=499)
[09:09:46] [MISSION] Taras accepted ScoutPoi @ Garbage (160 RU)
[09:09:46] [TASK] Taras → AcceptMission [ScoutPoi] (goal=AcceptMission)
[09:09:46] [GOAL] Taras achieved AcceptMission
[09:09:46] [COMBAT] Bakhyt Melnyk 'Scar' killed Dog using wpn_svd
[09:09:46] [COMBAT] Sergei Shevchenko 'Ash' killed Poltergeist using wpn_sg550
[09:09:46] [COMBAT] Yuriy Sokolov 'Mole' killed Pseudodog using wpn_aksu
info: Microsoft.AspNetCore.Hosting.Diagnostics[1]
      Request starting HTTP/1.1 GET http://localhost:5050/api/state - - -
info: Microsoft.AspNetCore.Routing.EndpointMiddleware[0]
      Executing endpoint 'HTTP: GET /api/state'
info: Microsoft.AspNetCore.Http.Result.JsonResult[3]
      Writing value of type '<>f__AnonymousType6`4' as Json.
info: Microsoft.AspNetCore.Routing.EndpointMiddleware[1]
      Executed endpoint 'HTTP: GET /api/state'
info: Microsoft.AspNetCore.Hosting.Diagnostics[2]
      Request finished HTTP/1.1 GET http://localhost:5050/api/state - 200 - application/json;+charset=utf-8 1.7506ms
[09:09:47] [INBOUND] Initial +2 stalkers, +1 mutants (remaining S=743 M=498)
[09:09:47] [MISSION] Alexei accepted ScoutPoi @ Agroprom (164 RU)
[09:09:47] [TASK] Alexei → AcceptMission [ScoutPoi] (goal=AcceptMission)
[09:09:47] [GOAL] Alexei achieved AcceptMission
[09:09:47] [COMBAT] Oleg Ivanov 'Crow' killed Alibek Bondarenko 'Wolf' using wpn_sg550
[09:09:47] [GEAR] Oleg looted [wpn_mp5, arm_duty] via combat
[09:09:47] [COMBAT] Oleg Bondarenko 'Shadow' killed BlindDog using wpn_mp5
[09:09:48] [INBOUND] Initial +2 stalkers, +2 mutants (remaining S=741 M=496)
[09:09:48] [MISSION] Pavel accepted ScoutPoi @ Rostok (160 RU)
[09:09:48] [TASK] Pavel → AcceptMission [ScoutPoi] (goal=AcceptMission)
[09:09:48] [GOAL] Pavel achieved AcceptMission
[09:09:48] [COMBAT] Pavel Volkov 'Stitch' killed Rat using wpn_aksu
info: Microsoft.AspNetCore.Hosting.Diagnostics[1]
      Request starting HTTP/1.1 GET http://localhost:5050/api/state - - -
info: Microsoft.AspNetCore.Hosting.Diagnostics[1]
      Request starting HTTP/1.1 GET http://localhost:5050/api/leaderboard - - -
info: Microsoft.AspNetCore.Routing.EndpointMiddleware[0]
      Executing endpoint 'HTTP: GET /api/leaderboard'
info: Microsoft.AspNetCore.Routing.EndpointMiddleware[0]
      Executing endpoint 'HTTP: GET /api/state'
info: Microsoft.AspNetCore.Http.Result.JsonResult[3]
      Writing value of type '<>f__AnonymousType6`4' as Json.
info: Microsoft.AspNetCore.Http.Result.JsonResult[3]
      Writing value of type '<>f__AnonymousType11`2' as Json.
info: Microsoft.AspNetCore.Routing.EndpointMiddleware[1]
      Executed endpoint 'HTTP: GET /api/leaderboard'
info: Microsoft.AspNetCore.Hosting.Diagnostics[2]
      Request finished HTTP/1.1 GET http://localhost:5050/api/leaderboard - 200 - application/json;+charset=utf-8 0.8763ms
info: Microsoft.AspNetCore.Routing.EndpointMiddleware[1]
      Executed endpoint 'HTTP: GET /api/state'
info: Microsoft.AspNetCore.Hosting.Diagnostics[2]
      Request finished HTTP/1.1 GET http://localhost:5050/api/state - 200 - application/json;+charset=utf-8 1.6461ms
[09:09:49] [COMBAT] Nikolai Shevchenko 'Fox' killed PsyDog using wpn_aksu
[09:09:49] [INBOUND] Initial +2 stalkers, +1 mutants (remaining S=739 M=495)
[09:09:49] [MISSION] Armen accepted ScoutPoi @ Rostok (160 RU)
[09:09:49] [TASK] Armen → AcceptMission [ScoutPoi] (goal=AcceptMission)
[09:09:49] [GOAL] Armen achieved AcceptMission
info: Microsoft.AspNetCore.Hosting.Diagnostics[1]
      Request starting HTTP/1.1 GET http://localhost:5050/api/state - - -
info: Microsoft.AspNetCore.Routing.EndpointMiddleware[0]
      Executing endpoint 'HTTP: GET /api/state'
info: Microsoft.AspNetCore.Http.Result.JsonResult[3]
      Writing value of type '<>f__AnonymousType6`4' as Json.
info: Microsoft.AspNetCore.Routing.EndpointMiddleware[1]
      Executed endpoint 'HTTP: GET /api/state'
info: Microsoft.AspNetCore.Hosting.Diagnostics[2]
      Request finished HTTP/1.1 GET http://localhost:5050/api/state - 200 - application/json;+charset=utf-8 1.6224ms
[09:09:51] [INBOUND] Initial +2 stalkers, +1 mutants (remaining S=737 M=494)
[09:09:51] [COMBAT] Pavel Sokolov 'Fox' killed Burer using wpn_fn2000
[09:09:52] [INBOUND] Initial +2 stalkers, +2 mutants (remaining S=735 M=492)
[09:09:52] [MISSION] Bohdan accepted ScoutPoi @ Cordon (160 RU)
[09:09:52] [TASK] Bohdan → AcceptMission [ScoutPoi] (goal=AcceptMission)
[09:09:52] [GOAL] Bohdan achieved AcceptMission
info: Microsoft.AspNetCore.Hosting.Diagnostics[1]
      Request starting HTTP/1.1 GET http://localhost:5050/api/state - - -
info: Microsoft.AspNetCore.Routing.EndpointMiddleware[0]
      Executing endpoint 'HTTP: GET /api/state'
info: Microsoft.AspNetCore.Http.Result.JsonResult[3]
      Writing value of type '<>f__AnonymousType6`4' as Json.
info: Microsoft.AspNetCore.Routing.EndpointMiddleware[1]
      Executed endpoint 'HTTP: GET /api/state'
info: Microsoft.AspNetCore.Hosting.Diagnostics[2]
      Request finished HTTP/1.1 GET http://localhost:5050/api/state - 200 - application/json;+charset=utf-8 3.2846ms
[09:09:53] [COMBAT] Nodar Kovalenko 'Ghost' killed Lurker using wpn_mp5
[09:09:53] [COMBAT] Ivan Kovalenko 'Shadow' killed Snork using wpn_fn2000
[09:09:53] [INBOUND] Initial +2 stalkers, +1 mutants (remaining S=733 M=491)
[09:09:53] [MISSION] Taras accepted ScoutPoi @ Rostok (160 RU)
[09:09:53] [TASK] Taras → AcceptMission [ScoutPoi] (goal=AcceptMission)
[09:09:53] [GOAL] Taras achieved AcceptMission
[09:09:53] [MISSION] Taras accepted ScoutPoi @ Yantar (160 RU)
[09:09:53] [TASK] Taras → AcceptMission [ScoutPoi] (goal=AcceptMission)
[09:09:53] [GOAL] Taras achieved AcceptMission
info: Microsoft.AspNetCore.Hosting.Diagnostics[1]
      Request starting HTTP/1.1 GET http://localhost:5050/api/leaderboard - - -
info: Microsoft.AspNetCore.Routing.EndpointMiddleware[0]
      Executing endpoint 'HTTP: GET /api/leaderboard'
info: Microsoft.AspNetCore.Http.Result.JsonResult[3]
      Writing value of type '<>f__AnonymousType11`2' as Json.
info: Microsoft.AspNetCore.Routing.EndpointMiddleware[1]
      Executed endpoint 'HTTP: GET /api/leaderboard'
info: Microsoft.AspNetCore.Hosting.Diagnostics[2]
      Request finished HTTP/1.1 GET http://localhost:5050/api/leaderboard - 200 - application/json;+charset=utf-8 1.4666ms
[09:09:54] [COMBAT] Marcus Sokolov 'Stitch' killed Flesh using wpn_fn2000
info: Microsoft.AspNetCore.Hosting.Diagnostics[1]
      Request starting HTTP/1.1 GET http://localhost:5050/api/state - - -
info: Microsoft.AspNetCore.Routing.EndpointMiddleware[0]
      Executing endpoint 'HTTP: GET /api/state'
info: Microsoft.AspNetCore.Http.Result.JsonResult[3]
      Writing value of type '<>f__AnonymousType6`4' as Json.
info: Microsoft.AspNetCore.Routing.EndpointMiddleware[1]
      Executed endpoint 'HTTP: GET /api/state'
info: Microsoft.AspNetCore.Hosting.Diagnostics[2]
      Request finished HTTP/1.1 GET http://localhost:5050/api/state - 200 - application/json;+charset=utf-8 1.2944ms
[09:09:54] [INBOUND] Initial +2 stalkers, +2 mutants (remaining S=731 M=489)
[09:09:55] [MISSION] Viktor accepted ScoutPoi @ Kopachi (190 RU)
[09:09:55] [TASK] Viktor → AcceptMission [ScoutPoi] (goal=AcceptMission)
[09:09:55] [GOAL] Viktor achieved AcceptMission
[09:09:55] [MISSION] Andriy accepted ScoutPoi @ Cordon (160 RU)
[09:09:55] [TASK] Andriy → AcceptMission [ScoutPoi] (goal=AcceptMission)
[09:09:55] [GOAL] Andriy achieved AcceptMission
[09:09:55] [MISSION] Dmitri accepted ScoutPoi @ Truck Cemetery (200 RU)
[09:09:55] [TASK] Dmitri → AcceptMission [ScoutPoi] (goal=AcceptMission)
[09:09:55] [GOAL] Dmitri achieved AcceptMission
[09:09:55] [COMBAT] Bohdan Ivanov 'Viper' killed Snork using wpn_ak74
[09:09:56] [INBOUND] Initial +2 stalkers, +1 mutants (remaining S=729 M=488)
[09:09:56] [MISSION] Zura accepted ScoutPoi @ Garbage (160 RU)
[09:09:56] [TASK] Zura → AcceptMission [ScoutPoi] (goal=AcceptMission)
[09:09:56] [GOAL] Zura achieved AcceptMission
info: Microsoft.AspNetCore.Hosting.Diagnostics[1]
      Request starting HTTP/1.1 GET http://localhost:5050/api/state - - -
info: Microsoft.AspNetCore.Routing.EndpointMiddleware[0]
      Executing endpoint 'HTTP: GET /api/state'
info: Microsoft.AspNetCore.Http.Result.JsonResult[3]
      Writing value of type '<>f__AnonymousType6`4' as Json.
info: Microsoft.AspNetCore.Routing.EndpointMiddleware[1]
      Executed endpoint 'HTTP: GET /api/state'
info: Microsoft.AspNetCore.Hosting.Diagnostics[2]
      Request finished HTTP/1.1 GET http://localhost:5050/api/state - 200 - application/json;+charset=utf-8 1.2269ms
[09:09:56] [COMBAT] Mikhail Volkov 'Jackal' killed Snork using wpn_ak74
[09:09:57] [COMBAT] Nikolai Volkov 'Mole' killed Sergei Ivanov 'Ugly' using wpn_ak74
[09:09:57] [GEAR] Nikolai looted [out_stalker_salamander_outfit, helm_helm_hardhat] via combat
[09:09:57] [INBOUND] Initial +2 stalkers, +1 mutants (remaining S=727 M=487)
[09:09:57] [CORPSE] Despawned 11 bodies (lifetime=140)
[09:09:58] [COMBAT] Oleksiy Volkov 'Ghost' killed Snork using wpn_ak74
[09:09:58] [COMBAT] Andrei Popov 'Mole' killed Lurker using wpn_sg550
info: Microsoft.AspNetCore.Hosting.Diagnostics[1]
      Request starting HTTP/1.1 GET http://localhost:5050/api/leaderboard - - -
info: Microsoft.AspNetCore.Hosting.Diagnostics[1]
      Request starting HTTP/1.1 GET http://localhost:5050/api/state - - -
info: Microsoft.AspNetCore.Routing.EndpointMiddleware[0]
      Executing endpoint 'HTTP: GET /api/leaderboard'
info: Microsoft.AspNetCore.Routing.EndpointMiddleware[0]
      Executing endpoint 'HTTP: GET /api/state'
info: Microsoft.AspNetCore.Http.Result.JsonResult[3]
      Writing value of type '<>f__AnonymousType6`4' as Json.
info: Microsoft.AspNetCore.Http.Result.JsonResult[3]
      Writing value of type '<>f__AnonymousType11`2' as Json.
info: Microsoft.AspNetCore.Routing.EndpointMiddleware[1]
      Executed endpoint 'HTTP: GET /api/leaderboard'
info: Microsoft.AspNetCore.Hosting.Diagnostics[2]
      Request finished HTTP/1.1 GET http://localhost:5050/api/leaderboard - 200 - application/json;+charset=utf-8 2.3093ms
info: Microsoft.AspNetCore.Routing.EndpointMiddleware[1]
      Executed endpoint 'HTTP: GET /api/state'
info: Microsoft.AspNetCore.Hosting.Diagnostics[2]
      Request finished HTTP/1.1 GET http://localhost:5050/api/state - 200 - application/json;+charset=utf-8 3.0936ms
[09:09:59] [INBOUND] Initial +2 stalkers, +2 mutants (remaining S=725 M=485)
[09:09:59] [COMBAT] Timur Ivanov 'Razor' killed Alexei Melnyk 'Two-Fingers' using wpn_sg550
[09:09:59] [MISSION] Yuriy accepted ScoutPoi @ Garbage (160 RU)
[09:09:59] [TASK] Yuriy → AcceptMission [ScoutPoi] (goal=AcceptMission)
[09:09:59] [GOAL] Yuriy achieved AcceptMission
[09:09:59] [MISSION] Pavel accepted ScoutPoi @ Dark Valley (190 RU)
[09:09:59] [TASK] Pavel → AcceptMission [ScoutPoi] (goal=AcceptMission)
[09:09:59] [GOAL] Pavel achieved AcceptMission
[09:10:00] [RANK] Dmitri Shevchenko 'Crow' → Trainee
[RankSystem] Dmitri Shevchenko 'Crow' promoted to Trainee!
info: Microsoft.AspNetCore.Hosting.Diagnostics[1]
      Request starting HTTP/1.1 GET http://localhost:5050/api/state - - -
info: Microsoft.AspNetCore.Routing.EndpointMiddleware[0]
      Executing endpoint 'HTTP: GET /api/state'
info: Microsoft.AspNetCore.Http.Result.JsonResult[3]
      Writing value of type '<>f__AnonymousType6`4' as Json.
info: Microsoft.AspNetCore.Routing.EndpointMiddleware[1]
      Executed endpoint 'HTTP: GET /api/state'
info: Microsoft.AspNetCore.Hosting.Diagnostics[2]
      Request finished HTTP/1.1 GET http://localhost:5050/api/state - 200 - application/json;+charset=utf-8 1.9797ms
[09:10:01] [INBOUND] Initial +2 stalkers, +1 mutants (remaining S=723 M=484)
[09:10:01] [MISSION] Pavel accepted ScoutPoi @ Kopachi (190 RU)
[09:10:01] [TASK] Pavel → AcceptMission [ScoutPoi] (goal=AcceptMission)
[09:10:01] [GOAL] Pavel achieved AcceptMission
[09:10:01] [MISSION] Oleksiy accepted ScoutPoi @ Red Forest (160 RU)
[09:10:01] [TASK] Oleksiy → AcceptMission [ScoutPoi] (goal=AcceptMission)
[09:10:01] [GOAL] Oleksiy achieved AcceptMission
[09:10:02] [INBOUND] Initial +2 stalkers, +2 mutants (remaining S=721 M=482)
info: Microsoft.AspNetCore.Hosting.Diagnostics[1]
      Request starting HTTP/1.1 GET http://localhost:5050/api/state - - -
info: Microsoft.AspNetCore.Routing.EndpointMiddleware[0]
      Executing endpoint 'HTTP: GET /api/state'
info: Microsoft.AspNetCore.Http.Result.JsonResult[3]
      Writing value of type '<>f__AnonymousType6`4' as Json.
info: Microsoft.AspNetCore.Routing.EndpointMiddleware[1]
      Executed endpoint 'HTTP: GET /api/state'
info: Microsoft.AspNetCore.Hosting.Diagnostics[2]
      Request finished HTTP/1.1 GET http://localhost:5050/api/state - 200 - application/json;+charset=utf-8 2.5786ms
[09:10:02] [MISSION] Taras accepted ScoutPoi @ Generators (236 RU)
[09:10:02] [TASK] Taras → AcceptMission [ScoutPoi] (goal=AcceptMission)
[09:10:02] [GOAL] Taras achieved AcceptMission
[09:10:03] [COMBAT] Heinrich Bondarenko 'Knuckle' killed PsyDog using wpn_fn2000
info: Microsoft.AspNetCore.Hosting.Diagnostics[1]
      Request starting HTTP/1.1 GET http://localhost:5050/api/leaderboard - - -
info: Microsoft.AspNetCore.Routing.EndpointMiddleware[0]
      Executing endpoint 'HTTP: GET /api/leaderboard'
info: Microsoft.AspNetCore.Http.Result.JsonResult[3]
      Writing value of type '<>f__AnonymousType11`2' as Json.
info: Microsoft.AspNetCore.Routing.EndpointMiddleware[1]
      Executed endpoint 'HTTP: GET /api/leaderboard'
info: Microsoft.AspNetCore.Hosting.Diagnostics[2]
      Request finished HTTP/1.1 GET http://localhost:5050/api/leaderboard - 200 - application/json;+charset=utf-8 1.4522ms
[09:10:04] [INBOUND] Initial +3 stalkers, +1 mutants (remaining S=718 M=481)
[09:10:04] [MISSION] Andrei accepted ScoutPoi @ Meadow (160 RU)
[09:10:04] [TASK] Andrei → AcceptMission [ScoutPoi] (goal=AcceptMission)
[09:10:04] [GOAL] Andrei achieved AcceptMission
info: Microsoft.AspNetCore.Hosting.Diagnostics[1]
      Request starting HTTP/1.1 GET http://localhost:5050/api/state - - -
info: Microsoft.AspNetCore.Routing.EndpointMiddleware[0]
      Executing endpoint 'HTTP: GET /api/state'
info: Microsoft.AspNetCore.Http.Result.JsonResult[3]
      Writing value of type '<>f__AnonymousType6`4' as Json.
info: Microsoft.AspNetCore.Routing.EndpointMiddleware[1]
      Executed endpoint 'HTTP: GET /api/state'
info: Microsoft.AspNetCore.Hosting.Diagnostics[2]
      Request finished HTTP/1.1 GET http://localhost:5050/api/state - 200 - application/json;+charset=utf-8 1.9924ms
[09:10:05] [COMBAT] Nikolai Bondarenko 'Shadow' killed Poltergeist using wpn_fn2000
[09:10:05] [INBOUND] Initial +2 stalkers, +1 mutants (remaining S=716 M=480)
[09:10:06] [COMBAT] Rustam Kovalenko 'Wolf' killed Burer using wpn_ak74
info: Microsoft.AspNetCore.Hosting.Diagnostics[1]
      Request starting HTTP/1.1 GET http://localhost:5050/api/state - - -
info: Microsoft.AspNetCore.Routing.EndpointMiddleware[0]
      Executing endpoint 'HTTP: GET /api/state'
info: Microsoft.AspNetCore.Http.Result.JsonResult[3]
      Writing value of type '<>f__AnonymousType6`4' as Json.
info: Microsoft.AspNetCore.Routing.EndpointMiddleware[1]
      Executed endpoint 'HTTP: GET /api/state'
info: Microsoft.AspNetCore.Hosting.Diagnostics[2]
      Request finished HTTP/1.1 GET http://localhost:5050/api/state - 200 - application/json;+charset=utf-8 2.5389ms
[09:10:07] [INBOUND] Initial +2 stalkers, +2 mutants (remaining S=714 M=478)
[09:10:07] [MISSION] Dmytro accepted ScoutPoi @ Meadow (160 RU)
[09:10:07] [TASK] Dmytro → AcceptMission [ScoutPoi] (goal=AcceptMission)
[09:10:07] [GOAL] Dmytro achieved AcceptMission
info: Microsoft.AspNetCore.Hosting.Diagnostics[1]
      Request starting HTTP/1.1 GET http://localhost:5050/api/state - - -
info: Microsoft.AspNetCore.Hosting.Diagnostics[1]
      Request starting HTTP/1.1 GET http://localhost:5050/api/leaderboard - - -
info: Microsoft.AspNetCore.Routing.EndpointMiddleware[0]
      Executing endpoint 'HTTP: GET /api/state'
info: Microsoft.AspNetCore.Routing.EndpointMiddleware[0]
      Executing endpoint 'HTTP: GET /api/leaderboard'
info: Microsoft.AspNetCore.Http.Result.JsonResult[3]
      Writing value of type '<>f__AnonymousType6`4' as Json.
info: Microsoft.AspNetCore.Http.Result.JsonResult[3]
      Writing value of type '<>f__AnonymousType11`2' as Json.
info: Microsoft.AspNetCore.Routing.EndpointMiddleware[1]
      Executed endpoint 'HTTP: GET /api/leaderboard'
info: Microsoft.AspNetCore.Hosting.Diagnostics[2]
      Request finished HTTP/1.1 GET http://localhost:5050/api/leaderboard - 200 - application/json;+charset=utf-8 1.2459ms
info: Microsoft.AspNetCore.Routing.EndpointMiddleware[1]
      Executed endpoint 'HTTP: GET /api/state'
info: Microsoft.AspNetCore.Hosting.Diagnostics[2]
      Request finished HTTP/1.1 GET http://localhost:5050/api/state - 200 - application/json;+charset=utf-8 2.4005ms
[09:10:08] [INBOUND] Initial +2 stalkers, +1 mutants (remaining S=712 M=477)
[09:10:08] [SNAPSHOT] real=9.7min game=D0 00:18 alive S=200 M=231 corpses=810 lootable=472 gammaGear out=98 helm=177 avgRU=898 leaderGoals trade=0 mission=56 emission=Dormant nextIn=100gmin desperate=0 hungry=0 interval deaths=41 combats=66 tasks=26 gearLoot=4 gearBuy=0 missions=24 corpseDespawn=32 trickleSpawns=0 ranks=[Rookie:189,Trainee:4,Experienced:3,Professional:4] goals=[CompleteMission::54,Idle:39,Traveling:12,AcceptMission::2] leaders: Andriy[Rookie/Idle], Taras[Rookie/CompleteMission:], Pavel[Rookie/CompleteMission:], Zura[Rookie/CompleteMission:], Viktor[Rookie/CompleteMission:]
[09:10:08] [MISSION] Vasyl accepted ScoutPoi @ Kopachi (190 RU)
[09:10:08] [TASK] Vasyl → AcceptMission [ScoutPoi] (goal=AcceptMission)
[09:10:08] [GOAL] Vasyl achieved AcceptMission
[09:10:08] [MISSION] Bakhyt accepted ScoutPoi @ Jupiter (Pripyat Industrial) (196 RU)
[09:10:08] [TASK] Bakhyt → AcceptMission [ScoutPoi] (goal=AcceptMission)
[09:10:08] [GOAL] Bakhyt achieved AcceptMission
[09:10:09] [COMBAT] Vasyl Ivanov 'Mole' killed Snork using wpn_ak74
[09:10:10] [INBOUND] Initial +2 stalkers, +1 mutants (remaining S=710 M=476)
[09:10:10] [MISSION] Oleksiy accepted ScoutPoi @ Chernobyl Town (160 RU)
[09:10:10] [TASK] Oleksiy → AcceptMission [ScoutPoi] (goal=AcceptMission)
[09:10:10] [GOAL] Oleksiy achieved AcceptMission
[09:10:10] [COMBAT] Serhiy Ivanov 'Viper' killed Poltergeist using wpn_fn2000
info: Microsoft.AspNetCore.Hosting.Diagnostics[1]
      Request starting HTTP/1.1 GET http://localhost:5050/api/state - - -
info: Microsoft.AspNetCore.Routing.EndpointMiddleware[0]
      Executing endpoint 'HTTP: GET /api/state'
info: Microsoft.AspNetCore.Http.Result.JsonResult[3]
      Writing value of type '<>f__AnonymousType6`4' as Json.
info: Microsoft.AspNetCore.Routing.EndpointMiddleware[1]
      Executed endpoint 'HTTP: GET /api/state'
info: Microsoft.AspNetCore.Hosting.Diagnostics[2]
      Request finished HTTP/1.1 GET http://localhost:5050/api/state - 200 - application/json;+charset=utf-8 1.5850ms
[09:10:11] [INBOUND] Initial +2 stalkers, +2 mutants (remaining S=708 M=474)
[09:10:11] [MISSION] Andriy accepted ScoutPoi @ Zalissya (160 RU)
[09:10:11] [TASK] Andriy → AcceptMission [ScoutPoi] (goal=AcceptMission)
[09:10:11] [GOAL] Andriy achieved AcceptMission
[09:10:12] [COMBAT] Dmitri Bondarenko 'Bullet' killed Ivan Shevchenko 'Shadow' using wpn_aksu
[09:10:12] [GEAR] Dmitri looted [wpn_fn2000, out_monolith_proto_exo_outfit] via combat
[09:10:12] [COMBAT] Ivan Kovalenko 'Shadow' killed Controller using wpn_fn2000
[09:10:12] [COMBAT] Nikolai Shevchenko 'Fox' killed Bloodsucker using wpn_aksu
[09:10:12] [INBOUND] Initial +2 stalkers, +1 mutants (remaining S=706 M=473)
[09:10:12] [CORPSE] Despawned 22 bodies (lifetime=162)
info: Microsoft.AspNetCore.Hosting.Diagnostics[1]
      Request starting HTTP/1.1 GET http://localhost:5050/api/state - - -
info: Microsoft.AspNetCore.Routing.EndpointMiddleware[0]
      Executing endpoint 'HTTP: GET /api/state'
info: Microsoft.AspNetCore.Http.Result.JsonResult[3]
      Writing value of type '<>f__AnonymousType6`4' as Json.
info: Microsoft.AspNetCore.Routing.EndpointMiddleware[1]
      Executed endpoint 'HTTP: GET /api/state'
info: Microsoft.AspNetCore.Hosting.Diagnostics[2]
      Request finished HTTP/1.1 GET http://localhost:5050/api/state - 200 - application/json;+charset=utf-8 1.2357ms
[09:10:12] [MISSION] Nikolai accepted ScoutPoi @ Pripyat (196 RU)
[09:10:12] [TASK] Nikolai → AcceptMission [ScoutPoi] (goal=AcceptMission)
[09:10:12] [GOAL] Nikolai achieved AcceptMission
[09:10:13] [COMBAT] Sergei Ivanov 'Fox' killed Andrei Melnyk 'Badger' using wpn_fn2000
[09:10:13] [GEAR] Sergei looted [wpn_fort12] via combat
[09:10:13] [COMBAT] Dmytro Bondarenko 'Spark' killed Taras Melnyk 'Spark' using wpn_fn2000
info: Microsoft.AspNetCore.Hosting.Diagnostics[1]
      Request starting HTTP/1.1 GET http://localhost:5050/api/leaderboard - - -
info: Microsoft.AspNetCore.Routing.EndpointMiddleware[0]
      Executing endpoint 'HTTP: GET /api/leaderboard'
info: Microsoft.AspNetCore.Http.Result.JsonResult[3]
      Writing value of type '<>f__AnonymousType11`2' as Json.
info: Microsoft.AspNetCore.Routing.EndpointMiddleware[1]
      Executed endpoint 'HTTP: GET /api/leaderboard'
info: Microsoft.AspNetCore.Hosting.Diagnostics[2]
      Request finished HTTP/1.1 GET http://localhost:5050/api/leaderboard - 200 - application/json;+charset=utf-8 0.9039ms
[09:10:14] [INBOUND] Initial +2 stalkers, +2 mutants (remaining S=704 M=471)
[09:10:14] [MISSION] Andriy accepted ScoutPoi @ Meadow (160 RU)
[09:10:14] [TASK] Andriy → AcceptMission [ScoutPoi] (goal=AcceptMission)
[09:10:14] [GOAL] Andriy achieved AcceptMission
[09:10:14] [COMBAT] Oleksiy Volkov 'Scar' killed Burer using wpn_aksu
[09:10:14] [COMBAT] Andrei Popov 'Raven' killed Snork using wpn_sg550
info: Microsoft.AspNetCore.Hosting.Diagnostics[1]
      Request starting HTTP/1.1 GET http://localhost:5050/api/state - - -
info: Microsoft.AspNetCore.Routing.EndpointMiddleware[0]
      Executing endpoint 'HTTP: GET /api/state'
info: Microsoft.AspNetCore.Http.Result.JsonResult[3]
      Writing value of type '<>f__AnonymousType6`4' as Json.
info: Microsoft.AspNetCore.Routing.EndpointMiddleware[1]
      Executed endpoint 'HTTP: GET /api/state'
info: Microsoft.AspNetCore.Hosting.Diagnostics[2]
      Request finished HTTP/1.1 GET http://localhost:5050/api/state - 200 - application/json;+charset=utf-8 1.1959ms
[09:10:15] [INBOUND] Initial +2 stalkers, +1 mutants (remaining S=702 M=470)
[09:10:15] [MISSION] Dmitri accepted ScoutPoi @ Jupiter (Pripyat Industrial) (196 RU)
[09:10:15] [TASK] Dmitri → AcceptMission [ScoutPoi] (goal=AcceptMission)
[09:10:15] [GOAL] Dmitri achieved AcceptMission
[09:10:15] [COMBAT] Oleg Bondarenko 'Shadow' killed Bloodsucker using wpn_mp5
[09:10:16] [INBOUND] Initial +2 stalkers, +1 mutants (remaining S=700 M=469)
[09:10:16] [MISSION] Taras accepted ScoutPoi @ Buriakivka Waste Site (236 RU)
[09:10:16] [TASK] Taras → AcceptMission [ScoutPoi] (goal=AcceptMission)
[09:10:16] [GOAL] Taras achieved AcceptMission
info: Microsoft.AspNetCore.Hosting.Diagnostics[1]
      Request starting HTTP/1.1 GET http://localhost:5050/api/state - - -
info: Microsoft.AspNetCore.Routing.EndpointMiddleware[0]
      Executing endpoint 'HTTP: GET /api/state'
info: Microsoft.AspNetCore.Http.Result.JsonResult[3]
      Writing value of type '<>f__AnonymousType6`4' as Json.
info: Microsoft.AspNetCore.Routing.EndpointMiddleware[1]
      Executed endpoint 'HTTP: GET /api/state'
info: Microsoft.AspNetCore.Hosting.Diagnostics[2]
      Request finished HTTP/1.1 GET http://localhost:5050/api/state - 200 - application/json;+charset=utf-8 2.6285ms
[09:10:17] [COMBAT] Taras Petrov 'Fox' killed Nodar Kovalenko 'Ghost' using wpn_fn2000
[09:10:17] [GEAR] Taras looted [out_nomad_outfit] via combat
[09:10:17] [RANK] Yuriy Popov 'Scar' → Trainee
[RankSystem] Yuriy Popov 'Scar' promoted to Trainee!
[09:10:17] [COMBAT] Yuriy Popov 'Scar' killed Lurker using wpn_fn2000
[09:10:18] [INBOUND] Initial +2 stalkers, +2 mutants (remaining S=698 M=467)
[09:10:18] [COMBAT] Pavel Kovalenko 'Wolf' killed Bloodsucker using wpn_ak74
[09:10:18] [COMBAT] Taras Melnyk 'Scar' killed Viktor Kovalenko 'Scar' using wpn_mp5
[09:10:18] [GEAR] Taras looted [wpn_fn2000, wpn_fort12, helm_helm_ranger] via combat
info: Microsoft.AspNetCore.Hosting.Diagnostics[1]
      Request starting HTTP/1.1 GET http://localhost:5050/api/state - - -
info: Microsoft.AspNetCore.Hosting.Diagnostics[1]
      Request starting HTTP/1.1 GET http://localhost:5050/api/leaderboard - - -
info: Microsoft.AspNetCore.Routing.EndpointMiddleware[0]
      Executing endpoint 'HTTP: GET /api/leaderboard'
info: Microsoft.AspNetCore.Routing.EndpointMiddleware[0]
      Executing endpoint 'HTTP: GET /api/state'
info: Microsoft.AspNetCore.Http.Result.JsonResult[3]
      Writing value of type '<>f__AnonymousType6`4' as Json.
info: Microsoft.AspNetCore.Http.Result.JsonResult[3]
      Writing value of type '<>f__AnonymousType11`2' as Json.
info: Microsoft.AspNetCore.Routing.EndpointMiddleware[1]
      Executed endpoint 'HTTP: GET /api/leaderboard'
info: Microsoft.AspNetCore.Hosting.Diagnostics[2]
      Request finished HTTP/1.1 GET http://localhost:5050/api/leaderboard - 200 - application/json;+charset=utf-8 1.8500ms
info: Microsoft.AspNetCore.Routing.EndpointMiddleware[1]
      Executed endpoint 'HTTP: GET /api/state'
info: Microsoft.AspNetCore.Hosting.Diagnostics[2]
      Request finished HTTP/1.1 GET http://localhost:5050/api/state - 200 - application/json;+charset=utf-8 3.3741ms
[09:10:18] [COMBAT] Serhiy Shevchenko 'Jackal' killed Nikolai Bondarenko 'Shadow' using wpn_ak74
[09:10:18] [GEAR] Serhiy looted [wpn_fn2000, out_monolith_exolight_outfit, helm_helm_protective] via combat
[09:10:18] [COMBAT] Mikhail Sokolov 'Shadow' killed Fracture using wpn_sg550
[09:10:20] [INBOUND] Initial +2 stalkers, +1 mutants (remaining S=696 M=466)
[09:10:20] [MISSION] Zura accepted ScoutPoi @ Army Warehouses (168 RU)
[09:10:20] [TASK] Zura → AcceptMission [ScoutPoi] (goal=AcceptMission)
[09:10:20] [GOAL] Zura achieved AcceptMission
[09:10:20] [COMBAT] Viktor Bondarenko 'Badger' killed Rat using wpn_aksu
[09:10:20] [COMBAT] Oleksiy Ivanov 'Ghost' killed BlindDog using wpn_ak74
info: Microsoft.AspNetCore.Hosting.Diagnostics[1]
      Request starting HTTP/1.1 GET http://localhost:5050/api/state - - -
info: Microsoft.AspNetCore.Routing.EndpointMiddleware[0]
      Executing endpoint 'HTTP: GET /api/state'
info: Microsoft.AspNetCore.Http.Result.JsonResult[3]
      Writing value of type '<>f__AnonymousType6`4' as Json.
info: Microsoft.AspNetCore.Routing.EndpointMiddleware[1]
      Executed endpoint 'HTTP: GET /api/state'
info: Microsoft.AspNetCore.Hosting.Diagnostics[2]
      Request finished HTTP/1.1 GET http://localhost:5050/api/state - 200 - application/json;+charset=utf-8 1.8931ms
[09:10:21] [INBOUND] Initial +2 stalkers, +2 mutants (remaining S=694 M=464)
[09:10:21] [MISSION] Yuriy accepted ScoutPoi @ Zalissya (160 RU)
[09:10:21] [TASK] Yuriy → AcceptMission [ScoutPoi] (goal=AcceptMission)
[09:10:21] [GOAL] Yuriy achieved AcceptMission
[09:10:22] [COMBAT] Serhiy Melnyk 'Mole' killed Snork using wpn_ak74
info: Microsoft.AspNetCore.Hosting.Diagnostics[1]
      Request starting HTTP/1.1 GET http://localhost:5050/api/state - - -
info: Microsoft.AspNetCore.Routing.EndpointMiddleware[0]
      Executing endpoint 'HTTP: GET /api/state'
info: Microsoft.AspNetCore.Http.Result.JsonResult[3]
      Writing value of type '<>f__AnonymousType6`4' as Json.
info: Microsoft.AspNetCore.Routing.EndpointMiddleware[1]
      Executed endpoint 'HTTP: GET /api/state'
info: Microsoft.AspNetCore.Hosting.Diagnostics[2]
      Request finished HTTP/1.1 GET http://localhost:5050/api/state - 200 - application/json;+charset=utf-8 2.0393ms
[09:10:23] [INBOUND] Initial +3 stalkers, +1 mutants (remaining S=691 M=463)
[09:10:23] [MISSION] Bakhyt accepted ScoutPoi @ Dark Valley (190 RU)
[09:10:23] [TASK] Bakhyt → AcceptMission [ScoutPoi] (goal=AcceptMission)
[09:10:23] [GOAL] Bakhyt achieved AcceptMission
info: Microsoft.AspNetCore.Hosting.Diagnostics[1]
      Request starting HTTP/1.1 GET http://localhost:5050/api/leaderboard - - -
info: Microsoft.AspNetCore.Routing.EndpointMiddleware[0]
      Executing endpoint 'HTTP: GET /api/leaderboard'
info: Microsoft.AspNetCore.Http.Result.JsonResult[3]
      Writing value of type '<>f__AnonymousType11`2' as Json.
info: Microsoft.AspNetCore.Routing.EndpointMiddleware[1]
      Executed endpoint 'HTTP: GET /api/leaderboard'
info: Microsoft.AspNetCore.Hosting.Diagnostics[2]
      Request finished HTTP/1.1 GET http://localhost:5050/api/leaderboard - 200 - application/json;+charset=utf-8 1.4847ms
[09:10:23] [COMBAT] Pavel Bondarenko 'Wolf' killed Boar using wpn_ak74
info: Microsoft.AspNetCore.Hosting.Diagnostics[1]
      Request starting HTTP/1.1 GET http://localhost:5050/api/state - - -
info: Microsoft.AspNetCore.Routing.EndpointMiddleware[0]
      Executing endpoint 'HTTP: GET /api/state'
info: Microsoft.AspNetCore.Http.Result.JsonResult[3]
      Writing value of type '<>f__AnonymousType6`4' as Json.
info: Microsoft.AspNetCore.Routing.EndpointMiddleware[1]
      Executed endpoint 'HTTP: GET /api/state'
info: Microsoft.AspNetCore.Hosting.Diagnostics[2]
      Request finished HTTP/1.1 GET http://localhost:5050/api/state - 200 - application/json;+charset=utf-8 1.7806ms
[09:10:24] [INBOUND] Initial +2 stalkers, +1 mutants (remaining S=689 M=462)
[09:10:25] [COMBAT] Lars Bondarenko 'Spark' killed Pseudodog using wpn_svd
[09:10:25] [COMBAT] Alexei Bondarenko 'Viper' killed Bloodsucker using wpn_aksu
[09:10:26] [INBOUND] Initial +2 stalkers, +2 mutants (remaining S=687 M=460)
[09:10:26] [MISSION] Sergei accepted ScoutPoi @ Wild Territory (176 RU)
[09:10:26] [TASK] Sergei → AcceptMission [ScoutPoi] (goal=AcceptMission)
[09:10:26] [GOAL] Sergei achieved AcceptMission
[09:10:26] [COMBAT] Igor Bondarenko 'Crow' killed Lurker using wpn_fn2000
info: Microsoft.AspNetCore.Hosting.Diagnostics[1]
      Request starting HTTP/1.1 GET http://localhost:5050/api/state - - -
info: Microsoft.AspNetCore.Routing.EndpointMiddleware[0]
      Executing endpoint 'HTTP: GET /api/state'
info: Microsoft.AspNetCore.Http.Result.JsonResult[3]
      Writing value of type '<>f__AnonymousType6`4' as Json.
info: Microsoft.AspNetCore.Routing.EndpointMiddleware[1]
      Executed endpoint 'HTTP: GET /api/state'
info: Microsoft.AspNetCore.Hosting.Diagnostics[2]
      Request finished HTTP/1.1 GET http://localhost:5050/api/state - 200 - application/json;+charset=utf-8 2.5218ms
[09:10:28] [INBOUND] Initial +2 stalkers, +1 mutants (remaining S=685 M=459)
[09:10:28] [CORPSE] Despawned 15 bodies (lifetime=177)
[09:10:28] [MISSION] Zura accepted ScoutPoi @ Garbage (160 RU)
[09:10:28] [TASK] Zura → AcceptMission [ScoutPoi] (goal=AcceptMission)
[09:10:28] [GOAL] Zura achieved AcceptMission
[09:10:28] [MISSION] Bohdan accepted ScoutPoi @ Army Warehouses (168 RU)
[09:10:28] [TASK] Bohdan → AcceptMission [ScoutPoi] (goal=AcceptMission)
[09:10:28] [GOAL] Bohdan achieved AcceptMission
info: Microsoft.AspNetCore.Hosting.Diagnostics[1]
      Request starting HTTP/1.1 GET http://localhost:5050/api/state - - -
info: Microsoft.AspNetCore.Hosting.Diagnostics[1]
      Request starting HTTP/1.1 GET http://localhost:5050/api/leaderboard - - -
info: Microsoft.AspNetCore.Routing.EndpointMiddleware[0]
      Executing endpoint 'HTTP: GET /api/leaderboard'
info: Microsoft.AspNetCore.Routing.EndpointMiddleware[0]
      Executing endpoint 'HTTP: GET /api/state'
info: Microsoft.AspNetCore.Http.Result.JsonResult[3]
      Writing value of type '<>f__AnonymousType6`4' as Json.
info: Microsoft.AspNetCore.Http.Result.JsonResult[3]
      Writing value of type '<>f__AnonymousType11`2' as Json.
info: Microsoft.AspNetCore.Routing.EndpointMiddleware[1]
      Executed endpoint 'HTTP: GET /api/leaderboard'
info: Microsoft.AspNetCore.Hosting.Diagnostics[2]
      Request finished HTTP/1.1 GET http://localhost:5050/api/leaderboard - 200 - application/json;+charset=utf-8 1.0188ms
info: Microsoft.AspNetCore.Routing.EndpointMiddleware[1]
      Executed endpoint 'HTTP: GET /api/state'
info: Microsoft.AspNetCore.Hosting.Diagnostics[2]
      Request finished HTTP/1.1 GET http://localhost:5050/api/state - 200 - application/json;+charset=utf-8 1.9937ms
[09:10:28] [COMBAT] Nikolai Volkov 'Mole' killed PsyDog using wpn_ak74
[09:10:29] [COMBAT] Andriy Shevchenko 'Wolf' killed Rat using wpn_ak74
[09:10:29] [COMBAT] Andrei Popov 'Ghost' killed Lurker using wpn_ak74
[09:10:29] [MISSION] Marcus accepted ScoutPoi @ Truck Cemetery (200 RU)
[09:10:29] [TASK] Marcus → AcceptMission [ScoutPoi] (goal=AcceptMission)
[09:10:29] [GOAL] Marcus achieved AcceptMission
[09:10:29] [INBOUND] Initial +2 stalkers, +2 mutants (remaining S=683 M=457)
[09:10:29] [MISSION] Bohdan arrived for ScoutPoi @ Abandoned Outpost (travel=522m, work=226s game)
[09:10:29] [MISSION] Pavel accepted ScoutPoi @ Garbage (160 RU)
[09:10:29] [TASK] Pavel → AcceptMission [ScoutPoi] (goal=AcceptMission)
[09:10:29] [GOAL] Pavel achieved AcceptMission
[09:10:30] [MISSION] Bohdan arrived for ScoutPoi @ Abandoned Outpost (travel=522m, work=226s game)
[09:10:30] [COMBAT] Armen Bondarenko 'Mole' killed Fracture using wpn_mp5
info: Microsoft.AspNetCore.Hosting.Diagnostics[1]
      Request starting HTTP/1.1 GET http://localhost:5050/api/state - - -
info: Microsoft.AspNetCore.Routing.EndpointMiddleware[0]
      Executing endpoint 'HTTP: GET /api/state'
info: Microsoft.AspNetCore.Http.Result.JsonResult[3]
      Writing value of type '<>f__AnonymousType6`4' as Json.
info: Microsoft.AspNetCore.Routing.EndpointMiddleware[1]
      Executed endpoint 'HTTP: GET /api/state'
info: Microsoft.AspNetCore.Hosting.Diagnostics[2]
      Request finished HTTP/1.1 GET http://localhost:5050/api/state - 200 - application/json;+charset=utf-8 2.3513ms
[09:10:31] [INBOUND] Initial +2 stalkers, +1 mutants (remaining S=681 M=456)
[09:10:31] [MISSION] Vasyl accepted ScoutPoi @ Pripyat (196 RU)
[09:10:31] [TASK] Vasyl → AcceptMission [ScoutPoi] (goal=AcceptMission)
[09:10:31] [GOAL] Vasyl achieved AcceptMission
[09:10:31] [MISSION] Bohdan arrived for ScoutPoi @ Abandoned Outpost (travel=522m, work=226s game)
[09:10:31] [COMBAT] Professor Sakharov killed PsyDog using wpn_fn2000
[09:10:31] [MISSION] Andriy accepted ScoutPoi @ Red Forest (160 RU)
[09:10:31] [TASK] Andriy → AcceptMission [ScoutPoi] (goal=AcceptMission)
[09:10:31] [GOAL] Andriy achieved AcceptMission
[09:10:32] [INBOUND] Initial +2 stalkers, +1 mutants (remaining S=679 M=455)
[09:10:32] [MISSION] Oleksiy accepted ScoutPoi @ Limansk (210 RU)
[09:10:32] [TASK] Oleksiy → AcceptMission [ScoutPoi] (goal=AcceptMission)
[09:10:32] [GOAL] Oleksiy achieved AcceptMission
info: Microsoft.AspNetCore.Hosting.Diagnostics[1]
      Request starting HTTP/1.1 GET http://localhost:5050/api/state - - -
info: Microsoft.AspNetCore.Routing.EndpointMiddleware[0]
      Executing endpoint 'HTTP: GET /api/state'
info: Microsoft.AspNetCore.Http.Result.JsonResult[3]
      Writing value of type '<>f__AnonymousType6`4' as Json.
info: Microsoft.AspNetCore.Routing.EndpointMiddleware[1]
      Executed endpoint 'HTTP: GET /api/state'
info: Microsoft.AspNetCore.Hosting.Diagnostics[2]
      Request finished HTTP/1.1 GET http://localhost:5050/api/state - 200 - application/json;+charset=utf-8 1.6265ms
[09:10:33] [INBOUND] Initial +2 stalkers, +2 mutants (remaining S=677 M=453)
[09:10:33] [MISSION] Oleg accepted ScoutPoi @ Garbage (160 RU)
[09:10:33] [TASK] Oleg → AcceptMission [ScoutPoi] (goal=AcceptMission)
[09:10:33] [GOAL] Oleg achieved AcceptMission
info: Microsoft.AspNetCore.Hosting.Diagnostics[1]
      Request starting HTTP/1.1 GET http://localhost:5050/api/leaderboard - - -
info: Microsoft.AspNetCore.Routing.EndpointMiddleware[0]
      Executing endpoint 'HTTP: GET /api/leaderboard'
info: Microsoft.AspNetCore.Http.Result.JsonResult[3]
      Writing value of type '<>f__AnonymousType11`2' as Json.
info: Microsoft.AspNetCore.Routing.EndpointMiddleware[1]
      Executed endpoint 'HTTP: GET /api/leaderboard'
info: Microsoft.AspNetCore.Hosting.Diagnostics[2]
      Request finished HTTP/1.1 GET http://localhost:5050/api/leaderboard - 200 - application/json;+charset=utf-8 0.8382ms
[09:10:33] [MISSION] Bohdan arrived for ScoutPoi @ Abandoned Outpost (travel=522m, work=226s game)
info: Microsoft.AspNetCore.Hosting.Diagnostics[1]
      Request starting HTTP/1.1 GET http://localhost:5050/api/state - - -
info: Microsoft.AspNetCore.Routing.EndpointMiddleware[0]
      Executing endpoint 'HTTP: GET /api/state'
info: Microsoft.AspNetCore.Http.Result.JsonResult[3]
      Writing value of type '<>f__AnonymousType6`4' as Json.
info: Microsoft.AspNetCore.Routing.EndpointMiddleware[1]
      Executed endpoint 'HTTP: GET /api/state'
info: Microsoft.AspNetCore.Hosting.Diagnostics[2]
      Request finished HTTP/1.1 GET http://localhost:5050/api/state - 200 - application/json;+charset=utf-8 1.3739ms
[09:10:34] [INBOUND] Initial +2 stalkers, +1 mutants (remaining S=675 M=452)
[09:10:34] [MISSION] Ivan accepted ScoutPoi @ Red Forest (160 RU)
[09:10:34] [TASK] Ivan → AcceptMission [ScoutPoi] (goal=AcceptMission)
[09:10:34] [GOAL] Ivan achieved AcceptMission
[09:10:35] [COMBAT] Nikolai Shevchenko 'Fox' killed Alexei Bondarenko 'Stitch' using wpn_aksu
[09:10:35] [GEAR] Nikolai looted [arm_exo, helm_exo] via combat
[09:10:35] [COMBAT] Dmitri Petrenko 'Jackal' killed Snork using wpn_ak74
[09:10:35] [COMBAT] Bohdan Volkov 'Mole' killed Flesh using wpn_pm
[09:10:36] [INBOUND] Initial +2 stalkers, +1 mutants (remaining S=673 M=451)
[WebVisualizerServer] Client 34432dca-6a6a-42e7-a256-a9c6c307d3b9 disconnected.
[09:10:36] [COMBAT] Alexei Sokolov 'Bullet' killed Snork using wpn_ak74
[09:10:37] [INBOUND] Initial +2 stalkers, +2 mutants (remaining S=671 M=449)
[09:10:37] [RANK] Pavel Bondarenko 'Wolf' → Trainee
[RankSystem] Pavel Bondarenko 'Wolf' promoted to Trainee!
[09:10:37] [COMBAT] Pavel Bondarenko 'Wolf' killed Poltergeist using wpn_ak74
[09:10:37] [COMBAT] Dmytro Melnyk 'Crow' killed Bakhyt Sokolov 'Phantom' using wpn_ak74
[09:10:38] [COMBAT] Serhiy Shevchenko 'Jackal' killed Bloodsucker using wpn_fn2000
[09:10:38] [INBOUND] Initial +2 stalkers, +1 mutants (remaining S=669 M=448)
[09:10:38] [SNAPSHOT] real=10.2min game=D0 00:19 alive S=205 M=233 corpses=838 lootable=479 gammaGear out=103 helm=181 avgRU=885 leaderGoals trade=1 mission=63 emission=Dormant nextIn=99gmin desperate=0 hungry=0 interval deaths=38 combats=65 tasks=21 gearLoot=6 gearBuy=0 missions=21 corpseDespawn=37 trickleSpawns=0 ranks=[Rookie:196,Trainee:5,Experienced:1,Professional:3] goals=[CompleteMission::61,Idle:43,Traveling:7,AcceptMission::2] leaders: Andriy[Rookie/Idle], Taras[Rookie/CompleteMission:], Pavel[Rookie/CompleteMission:], Zura[Rookie/CompleteMission:], Viktor[Rookie/CompleteMission:]
[09:10:38] [MISSION] Alexei accepted ScoutPoi @ Jupiter (Pripyat Industrial) (196 RU)
[09:10:38] [TASK] Alexei → AcceptMission [ScoutPoi] (goal=AcceptMission)
[09:10:38] [GOAL] Alexei achieved AcceptMission
[09:10:38] [MISSION] Pavel accepted ScoutPoi @ Limansk (210 RU)
[09:10:38] [TASK] Pavel → AcceptMission [ScoutPoi] (goal=AcceptMission)
[09:10:38] [GOAL] Pavel achieved AcceptMission
[09:10:39] [COMBAT] Nikolai Petrenko 'Ash' killed BlindDog using wpn_ak74
[09:10:39] [MISSION] Pavel accepted ScoutPoi @ Yantar (160 RU)
[09:10:39] [TASK] Pavel → AcceptMission [ScoutPoi] (goal=AcceptMission)
[09:10:39] [GOAL] Pavel achieved AcceptMission
[09:10:41] [INBOUND] Initial +2 stalkers, +2 mutants (remaining S=667 M=446)
[09:10:41] [MISSION] Alexei accepted ScoutPoi @ Deserted Hospital (200 RU)
[09:10:41] [TASK] Alexei → AcceptMission [ScoutPoi] (goal=AcceptMission)
[09:10:41] [GOAL] Alexei achieved AcceptMission
[09:10:41] [MISSION] Sergei accepted ScoutPoi @ Rostok (160 RU)
[09:10:41] [TASK] Sergei → AcceptMission [ScoutPoi] (goal=AcceptMission)
[09:10:41] [GOAL] Sergei achieved AcceptMission
[09:10:43] [INBOUND] Initial +3 stalkers, +1 mutants (remaining S=664 M=445)
[09:10:43] [CORPSE] Despawned 21 bodies (lifetime=198)
[09:10:43] [COMBAT] Yuriy Sokolov 'Ugly' killed Bloodsucker using wpn_pm
[09:10:43] [MISSION] Sergei accepted ScoutPoi @ Buriakivka Waste Site (236 RU)
[09:10:43] [TASK] Sergei → AcceptMission [ScoutPoi] (goal=AcceptMission)
[09:10:43] [GOAL] Sergei achieved AcceptMission
[09:10:44] [INBOUND] Initial +2 stalkers, +1 mutants (remaining S=662 M=444)
[09:10:44] [MISSION] Andriy accepted ScoutPoi @ Yantar (160 RU)
[09:10:44] [TASK] Andriy → AcceptMission [ScoutPoi] (goal=AcceptMission)
[09:10:44] [GOAL] Andriy achieved AcceptMission
[09:10:45] [COMBAT] Oleksiy Volkov 'Ghost' killed Sergei Melnyk 'Bone' using wpn_ak74
[09:10:45] [GEAR] Oleksiy looted [wpn_fn2000, arm_exo] via combat
[09:10:45] [COMBAT] Dmytro Volkov 'Viper' killed Burer using wpn_ak74
[09:10:46] [INBOUND] Initial +2 stalkers, +2 mutants (remaining S=660 M=442)
[09:10:46] [MISSION] Timur accepted ScoutPoi @ Dark Valley (190 RU)
[09:10:46] [TASK] Timur → AcceptMission [ScoutPoi] (goal=AcceptMission)
[09:10:46] [GOAL] Timur achieved AcceptMission
[09:10:46] [COMBAT] Frank Popov 'Shadow' killed Snork using wpn_fort12
[09:10:47] [COMBAT] Andriy Petrov 'Scar' killed Flesh using wpn_pm
[09:10:48] [INBOUND] Initial +2 stalkers, +1 mutants (remaining S=658 M=441)
[09:10:48] [MISSION] Oleg accepted ScoutPoi @ Wild Territory (176 RU)
[09:10:48] [TASK] Oleg → AcceptMission [ScoutPoi] (goal=AcceptMission)
[09:10:48] [GOAL] Oleg achieved AcceptMission
[09:10:49] [COMBAT] Taras Bondarenko 'Viper' killed Controller using wpn_ak74
[09:10:50] [INBOUND] Initial +2 stalkers, +2 mutants (remaining S=656 M=439)
[09:10:50] [MISSION] Armen accepted ScoutPoi @ Meadow (160 RU)
[09:10:50] [TASK] Armen → AcceptMission [ScoutPoi] (goal=AcceptMission)
[09:10:50] [GOAL] Armen achieved AcceptMission
[09:10:50] [MISSION] Bohdan arrived for ScoutPoi @ Abandoned Outpost (travel=522m, work=226s game)
[09:10:50] [COMBAT] Vasyl Popov 'Raven' killed Karl Sokolov 'Bullet' using wpn_fn2000
[09:10:51] [INBOUND] Initial +2 stalkers, +1 mutants (remaining S=654 M=438)
[09:10:51] [MISSION] Nikolai accepted ScoutPoi @ Zalissya (160 RU)
[09:10:51] [TASK] Nikolai → AcceptMission [ScoutPoi] (goal=AcceptMission)
[09:10:51] [GOAL] Nikolai achieved AcceptMission
[09:10:52] [COMBAT] Yuriy Volkov 'Phantom' killed Flesh using wpn_ak74
[09:10:52] [COMBAT] Pavel Petrenko 'Bone' killed Serhiy Shevchenko 'Bullet' using wpn_svd
[09:10:52] [GEAR] Pavel looted [wpn_ak74, wpn_mp5, out_exolight_outfit] via combat
[09:10:52] [COMBAT] Rustam Ivanov 'Mole' killed Boar using wpn_spas12
[09:10:52] [RANK] Serhiy Bondarenko 'Phantom' → Experienced
[RankSystem] Serhiy Bondarenko 'Phantom' promoted to Experienced!
[09:10:52] [COMBAT] Serhiy Bondarenko 'Phantom' killed Rat using wpn_ak74
[09:10:53] [INBOUND] Initial +2 stalkers, +1 mutants (remaining S=652 M=437)
[09:10:53] [MISSION] Timur accepted ScoutPoi @ Great Swamps (160 RU)
[09:10:53] [TASK] Timur → AcceptMission [ScoutPoi] (goal=AcceptMission)
[09:10:53] [GOAL] Timur achieved AcceptMission
[09:10:53] [COMBAT] Zura Kovalenko 'Ash' killed Oleksiy Volkov 'Scar' using wpn_pm
[09:10:53] [GEAR] Zura looted [wpn_aksu, arm_freedom] via combat
[09:10:54] [COMBAT] Mykola Popov 'Razor' killed Bloodsucker using wpn_ak74
[09:10:54] [INBOUND] Initial +2 stalkers, +2 mutants (remaining S=650 M=435)
[09:10:54] [MISSION] Igor accepted ScoutPoi @ Yantar (160 RU)
[09:10:54] [TASK] Igor → AcceptMission [ScoutPoi] (goal=AcceptMission)
[09:10:54] [GOAL] Igor achieved AcceptMission
[09:10:55] [COMBAT] Igor Bondarenko 'Bone' killed Bloodsucker using wpn_ak74
[09:10:56] [INBOUND] Initial +2 stalkers, +1 mutants (remaining S=648 M=434)
[09:10:56] [MISSION] Pavel accepted ScoutPoi @ Dark Valley (190 RU)
[09:10:56] [TASK] Pavel → AcceptMission [ScoutPoi] (goal=AcceptMission)
[09:10:56] [GOAL] Pavel achieved AcceptMission
[09:10:57] [COMBAT] Karl Bondarenko 'Wolf' killed Marcus Ivanov 'Crow' using wpn_aksu
[09:10:57] [COMBAT] Tobias Shevchenko 'Stitch' killed Pseudodog using wpn_sg550
[09:10:57] [COMBAT] Dmitri Melnyk 'Razor' killed Pavel Sokolov 'Fox' using wpn_ak74
[09:10:57] [GEAR] Dmitri looted [wpn_fn2000, arm_exo, helm_gas] via combat
[09:10:58] [INBOUND] Initial +2 stalkers, +2 mutants (remaining S=646 M=432)
[09:10:58] [MISSION] Connor accepted ScoutPoi @ Duga Radar (176 RU)
[09:10:58] [TASK] Connor → AcceptMission [ScoutPoi] (goal=AcceptMission)
[09:10:58] [GOAL] Connor achieved AcceptMission
[09:10:58] [MISSION] Bohdan arrived for ScoutPoi @ Abandoned Outpost (travel=522m, work=226s game)
[09:10:58] [COMBAT] Yuriy Sokolov 'Ugly' killed Rat using wpn_pm
[09:10:58] [COMBAT] Pavel Bondarenko 'Ghost' killed Flesh using wpn_fort12
[09:10:58] [COMBAT] Professor Sakharov killed Dmitri Petrenko 'Jackal' using wpn_fn2000
[09:11:00] [INBOUND] Initial +2 stalkers, +1 mutants (remaining S=644 M=431)
[09:11:00] [CORPSE] Despawned 14 bodies (lifetime=212)
[09:11:00] [COMBAT] Nikolai Kovalenko 'Shadow' killed Flesh using wpn_aksu
[09:11:00] [TASK] Andriy → FulfillMission [ScoutPoi] (goal=CompleteMission)
[09:11:00] [MISSION] Andriy objective done ScoutPoi @ Collapsed Camp → return to Yantar
[09:11:00] [TASK] Taras → FulfillMission [ScoutPoi] (goal=CompleteMission)
[09:11:00] [MISSION] Taras objective done ScoutPoi @ Pillbox Rest (Rostok-Truck Ce) → return to Buriakivka Waste Site
[09:11:00] [TASK] Dmitri → FulfillMission [ScoutPoi] (goal=CompleteMission)
[09:11:00] [MISSION] Dmitri objective done ScoutPoi @ Lenin Statue Square → return to Jupiter (Pripyat Industrial)
[09:11:00] [TASK] Andriy → FulfillMission [ScoutPoi] (goal=CompleteMission)
[09:11:00] [MISSION] Andriy objective done ScoutPoi @ Hidden Shack → return to Meadow
[09:11:00] [TASK] Oleksiy → FulfillMission [ScoutPoi] (goal=CompleteMission)
[09:11:00] [MISSION] Oleksiy objective done ScoutPoi @ Fishing Hamlet → return to Chernobyl Town
[09:11:00] [TASK] Vasyl → FulfillMission [ScoutPoi] (goal=CompleteMission)
[09:11:00] [MISSION] Vasyl objective done ScoutPoi @ Abandoned Outpost → return to Kopachi
[09:11:00] [TASK] Sergei → FulfillMission [ScoutPoi] (goal=CompleteMission)
[09:11:00] [MISSION] Sergei objective done ScoutPoi @ Mutant Den #1 near Chernobyl Town → return to Pripyat
[09:11:00] [TASK] Marcus → FulfillMission [ScoutPoi] (goal=CompleteMission)
[09:11:00] [MISSION] Marcus objective done ScoutPoi @ Hidden Cairn → return to Truck Cemetery
[09:11:00] [TASK] Oleg → FulfillMission [ScoutPoi] (goal=CompleteMission)
[09:11:00] [MISSION] Oleg objective done ScoutPoi @ Forgotten Outpost → return to Garbage
[09:11:00] [TASK] Jake → FulfillMission [ScoutPoi] (goal=CompleteMission)
[09:11:00] [MISSION] Jake objective done ScoutPoi @ Pillbox Rest (Rostok-Truck Ce) → return to Buriakivka Waste Site
[09:11:00] [TASK] Jake → FulfillMission [ScoutPoi] (goal=CompleteMission)
[09:11:00] [MISSION] Jake objective done ScoutPoi @ Collapsed Camp → return to Yantar
[09:11:00] [TASK] Igor → FulfillMission [ScoutPoi] (goal=CompleteMission)
[09:11:00] [MISSION] Igor objective done ScoutPoi @ Collapsed Camp → return to Yantar
[09:11:00] [TASK] Andriy → FulfillMission [ScoutPoi] (goal=CompleteMission)
[09:11:00] [MISSION] Andriy objective done ScoutPoi @ Ruined Watchtower → return to Red Forest
[09:11:00] [TASK] Pavel → FulfillMission [ScoutPoi] (goal=CompleteMission)
[09:11:00] [MISSION] Pavel objective done ScoutPoi @ Collapsed Camp → return to Yantar
[09:11:00] [TASK] Oleksiy → FulfillMission [ScoutPoi] (goal=CompleteMission)
[09:11:00] [MISSION] Oleksiy objective done ScoutPoi @ Roadside Cache (Chernoby-Dark Val) → return to Limansk
[09:11:00] [TASK] Vasyl → FulfillMission [ScoutPoi] (goal=CompleteMission)
[09:11:00] [MISSION] Vasyl objective done ScoutPoi @ Mutant Den #1 near Chernobyl Town → return to Pripyat
[09:11:00] [TASK] Zura → FulfillMission [ScoutPoi] (goal=CompleteMission)
[09:11:00] [MISSION] Zura objective done ScoutPoi @ Forgotten Outpost → return to Garbage
[09:11:00] [TASK] Bohdan → FulfillMission [ScoutPoi] (goal=CompleteMission)
[09:11:00] [MISSION] Bohdan objective done ScoutPoi @ Windswept Bus → return to Army Warehouses
[09:11:00] [TASK] Sergei → FulfillMission [ScoutPoi] (goal=CompleteMission)
[09:11:00] [MISSION] Sergei objective done ScoutPoi @ Forgotten Outpost → return to Wild Territory
[09:11:00] [TASK] Bakhyt → FulfillMission [ScoutPoi] (goal=CompleteMission)
[09:11:00] [MISSION] Bakhyt objective done ScoutPoi @ Pillbox Rest (Meadow-Garbage) → return to Dark Valley
[09:11:00] [TASK] Yuriy → FulfillMission [ScoutPoi] (goal=CompleteMission)
[09:11:00] [MISSION] Yuriy objective done ScoutPoi @ Derelict Stash → return to Zalissya
[09:11:00] [TASK] Sergei → FulfillMission [ScoutPoi] (goal=CompleteMission)
[09:11:00] [MISSION] Sergei objective done ScoutPoi @ Pillbox Rest (Rostok-Truck Ce) → return to Buriakivka Waste Site
[09:11:00] [TASK] Professor → FulfillMission [ScoutPoi] (goal=CompleteMission)
[09:11:00] [MISSION] Professor objective done ScoutPoi @ Collapsed Camp → return to Yantar
[09:11:00] [TASK] Taras → FulfillMission [ScoutPoi] (goal=CompleteMission)
[09:11:00] [MISSION] Taras objective done ScoutPoi @ Forgotten Lean-to → return to Generators
[09:11:00] [TASK] Pavel → FulfillMission [ScoutPoi] (goal=CompleteMission)
[09:11:00] [MISSION] Pavel objective done ScoutPoi @ Abandoned Outpost → return to Kopachi
[09:11:00] [TASK] Zura → FulfillMission [ScoutPoi] (goal=CompleteMission)
[09:11:00] [MISSION] Zura objective done ScoutPoi @ Forgotten Outpost → return to Garbage
[09:11:00] [TASK] Viktor → FulfillMission [ScoutPoi] (goal=CompleteMission)
[09:11:00] [MISSION] Viktor objective done ScoutPoi @ Abandoned Outpost → return to Kopachi
[09:11:00] [TASK] Taras → FulfillMission [ScoutPoi] (goal=CompleteMission)
[09:11:00] [MISSION] Taras objective done ScoutPoi @ Collapsed Camp → return to Yantar
[09:11:00] [TASK] Bohdan → FulfillMission [ScoutPoi] (goal=CompleteMission)
[09:11:00] [MISSION] Bohdan objective done ScoutPoi @ Ruined Pillbox → return to Cordon
[09:11:00] [TASK] Pavel → FulfillMission [ScoutPoi] (goal=CompleteMission)
[09:11:00] [MISSION] Pavel objective done ScoutPoi @ Abandoned Outpost → return to Agroprom
[09:11:00] [TASK] Bohdan → FulfillMission [ScoutPoi] (goal=CompleteMission)
[09:11:00] [MISSION] Bohdan objective done ScoutPoi @ Hidden Shack → return to Meadow
[09:11:00] [TASK] Connor → FulfillMission [ScoutPoi] (goal=CompleteMission)
[09:11:00] [MISSION] Connor objective done ScoutPoi @ Makeshift Hut → return to Duga Radar
[09:11:00] [TASK] Pavel → FulfillMission [ScoutPoi] (goal=CompleteMission)
[09:11:00] [MISSION] Pavel objective done ScoutPoi @ Pillbox Rest (Meadow-Garbage) → return to Dark Valley
[09:11:00] [TASK] Igor → FulfillMission [ScoutPoi] (goal=CompleteMission)
[09:11:00] [MISSION] Igor objective done ScoutPoi @ Collapsed Camp → return to Yantar
[09:11:00] [TASK] Timur → FulfillMission [ScoutPoi] (goal=CompleteMission)
[09:11:00] [MISSION] Timur objective done ScoutPoi @ Overgrown Bus → return to Great Swamps
[09:11:00] [TASK] Nikolai → FulfillMission [ScoutPoi] (goal=CompleteMission)
[09:11:00] [MISSION] Nikolai objective done ScoutPoi @ Derelict Stash → return to Zalissya
[09:11:00] [TASK] Ivan → FulfillMission [ScoutPoi] (goal=CompleteMission)
[09:11:00] [MISSION] Ivan objective done ScoutPoi @ Ruined Watchtower → return to Red Forest
[09:11:00] [TASK] Pavel → FulfillMission [ScoutPoi] (goal=CompleteMission)
[09:11:00] [MISSION] Pavel objective done ScoutPoi @ Collapsed Cairn → return to Rostok
[09:11:00] [TASK] Alibek → FulfillMission [ScoutPoi] (goal=CompleteMission)
[09:11:00] [MISSION] Alibek objective done ScoutPoi @ Pillbox Rest (Meadow-Garbage) → return to Dark Valley
[09:11:00] [TASK] Bohdan → FulfillMission [ScoutPoi] (goal=CompleteMission)
[09:11:00] [MISSION] Bohdan objective done ScoutPoi @ Abandoned Outpost → return to Agroprom
[09:11:00] [TASK] Dmytro → FulfillMission [ScoutPoi] (goal=CompleteMission)
[09:11:00] [MISSION] Dmytro objective done ScoutPoi @ Forgotten Outpost → return to Wild Territory
[09:11:00] [TASK] Nikolai → FulfillMission [ScoutPoi] (goal=CompleteMission)
[09:11:00] [MISSION] Nikolai objective done ScoutPoi @ Ruined Pillbox → return to Cordon
[09:11:00] [TASK] Serhiy → FulfillMission [ScoutPoi] (goal=CompleteMission)
[09:11:00] [MISSION] Serhiy objective done ScoutPoi @ Forgotten Outpost → return to Wild Territory
[09:11:00] [TASK] Pavel → FulfillMission [ScoutPoi] (goal=CompleteMission)
[09:11:00] [MISSION] Pavel objective done ScoutPoi @ Pillbox Rest (Meadow-Garbage) → return to Dark Valley
[09:11:00] [TASK] Viktor → FulfillMission [ScoutPoi] (goal=CompleteMission)
[09:11:00] [MISSION] Viktor objective done ScoutPoi @ Overgrown Bus → return to Great Swamps
[09:11:00] [TASK] Mykola → FulfillMission [ScoutPoi] (goal=CompleteMission)
[09:11:00] [MISSION] Mykola objective done ScoutPoi @ Forgotten Lean-to → return to Generators
[09:11:00] [TASK] Viktor → FulfillMission [ScoutPoi] (goal=CompleteMission)
[09:11:00] [MISSION] Viktor objective done ScoutPoi @ Forgotten Lean-to → return to Generators
[09:11:00] [TASK] Taras → FulfillMission [ScoutPoi] (goal=CompleteMission)
[09:11:00] [MISSION] Taras objective done ScoutPoi @ Derelict Stash → return to Zalissya
[09:11:00] [TASK] Ivan → FulfillMission [ScoutPoi] (goal=CompleteMission)
[09:11:00] [MISSION] Ivan objective done ScoutPoi @ Roadside Cache (Chernoby-Dark Val) → return to Limansk
[09:11:00] [TASK] Alexei → FulfillMission [ScoutPoi] (goal=CompleteMission)
[09:11:00] [MISSION] Alexei objective done ScoutPoi @ Military Research Base → return to Deserted Hospital
[09:11:00] [TASK] Sergei → FulfillMission [ScoutPoi] (goal=CompleteMission)
[09:11:00] [MISSION] Sergei objective done ScoutPoi @ Collapsed Cairn → return to Rostok
[09:11:00] [TASK] Alexei → FulfillMission [ScoutPoi] (goal=CompleteMission)
[09:11:00] [MISSION] Alexei objective done ScoutPoi @ Lenin Statue Square → return to Jupiter (Pripyat Industrial)
[09:11:00] [TASK] Pavel → FulfillMission [ScoutPoi] (goal=CompleteMission)
[09:11:00] [MISSION] Pavel objective done ScoutPoi @ Roadside Cache (Chernoby-Dark Val) → return to Limansk
[09:11:00] [TASK] Andrei → FulfillMission [ScoutPoi] (goal=CompleteMission)
[09:11:00] [MISSION] Andrei objective done ScoutPoi @ Hidden Shack → return to Meadow
[09:11:00] [TASK] Yuriy → FulfillMission [ScoutPoi] (goal=CompleteMission)
[09:11:00] [MISSION] Yuriy objective done ScoutPoi @ Forgotten Outpost → return to Garbage
[09:11:00] [TASK] Armen → FulfillMission [ScoutPoi] (goal=CompleteMission)
[09:11:00] [MISSION] Armen objective done ScoutPoi @ Collapsed Cairn → return to Rostok
[09:11:00] [TASK] Andriy → FulfillMission [ScoutPoi] (goal=CompleteMission)
[09:11:00] [MISSION] Andriy objective done ScoutPoi @ Pillbox Rest (Meadow-Garbage) → return to Dark Valley
[09:11:00] [TASK] Serhiy → FulfillMission [ScoutPoi] (goal=CompleteMission)
[09:11:00] [MISSION] Serhiy objective done ScoutPoi @ Overgrown Bus → return to Great Swamps
[09:11:00] [TASK] Dmytro → FulfillMission [ScoutPoi] (goal=CompleteMission)
[09:11:00] [MISSION] Dmytro objective done ScoutPoi @ Overgrown Bus → return to Great Swamps
[09:11:00] [TASK] Serhiy → FulfillMission [ScoutPoi] (goal=CompleteMission)
[09:11:00] [MISSION] Serhiy objective done ScoutPoi @ Derelict Stash → return to Zalissya
[09:11:00] [TASK] Zura → FulfillMission [ScoutPoi] (goal=CompleteMission)
[09:11:00] [MISSION] Zura objective done ScoutPoi @ Forgotten Lean-to → return to Generators
[09:11:00] [TASK] Pavel → FulfillMission [ScoutPoi] (goal=CompleteMission)
[09:11:00] [MISSION] Pavel objective done ScoutPoi @ Forgotten Lean-to → return to Generators
[09:11:00] [TASK] Ivan → FulfillMission [ScoutPoi] (goal=CompleteMission)
[09:11:00] [MISSION] Ivan objective done ScoutPoi @ Forgotten Lean-to → return to Generators
[09:11:00] [TASK] Armen → FulfillMission [ScoutPoi] (goal=CompleteMission)
[09:11:00] [MISSION] Armen objective done ScoutPoi @ Hidden Shack → return to Meadow
[09:11:00] [TASK] Oleg → FulfillMission [ScoutPoi] (goal=CompleteMission)
[09:11:00] [MISSION] Oleg objective done ScoutPoi @ Forgotten Outpost → return to Wild Territory
[09:11:00] [TASK] Timur → FulfillMission [ScoutPoi] (goal=CompleteMission)
[09:11:00] [MISSION] Timur objective done ScoutPoi @ Pillbox Rest (Meadow-Garbage) → return to Dark Valley
[09:11:00] [COMBAT] Alibek Shevchenko 'The Butcher' killed Ivan Ivanov 'Razor' using wpn_spas12
[09:11:00] [GEAR] Alibek looted [wpn_ak74, arm_duty, helm_gas] via combat
[09:11:01] [INBOUND] Initial +2 stalkers, +1 mutants (remaining S=642 M=430)
[09:11:01] [TASK] Taras → TurnInMission [ScoutPoi] (goal=CompleteMission)
[09:11:01] [MISSION] Taras turned in ScoutPoi @ Generators (+236 RU)
[09:11:01] [GOAL] Taras achieved CompleteMission
[09:11:01] [TASK] Taras → TurnInMission [ScoutPoi] (goal=CompleteMission)
[09:11:01] [MISSION] Taras turned in ScoutPoi @ Yantar (+160 RU)
[09:11:01] [GOAL] Taras achieved CompleteMission
[09:11:01] [TASK] Bohdan → TurnInMission [ScoutPoi] (goal=CompleteMission)
[09:11:01] [MISSION] Bohdan turned in ScoutPoi @ Cordon (+160 RU)
[09:11:01] [GOAL] Bohdan achieved CompleteMission
[09:11:01] [TASK] Connor → TurnInMission [ScoutPoi] (goal=CompleteMission)
[09:11:01] [MISSION] Connor turned in ScoutPoi @ Duga Radar (+176 RU)
[09:11:01] [GOAL] Connor achieved CompleteMission
[09:11:01] [TASK] Pavel → TurnInMission [ScoutPoi] (goal=CompleteMission)
[09:11:01] [MISSION] Pavel turned in ScoutPoi @ Dark Valley (+190 RU)
[09:11:01] [GOAL] Pavel achieved CompleteMission
[09:11:01] [TASK] Igor → TurnInMission [ScoutPoi] (goal=CompleteMission)
[09:11:01] [MISSION] Igor turned in ScoutPoi @ Yantar (+160 RU)
[09:11:01] [GOAL] Igor achieved CompleteMission
[09:11:01] [TASK] Timur → TurnInMission [ScoutPoi] (goal=CompleteMission)
[09:11:01] [MISSION] Timur turned in ScoutPoi @ Great Swamps (+160 RU)
[09:11:01] [GOAL] Timur achieved CompleteMission
[09:11:02] [TASK] Nikolai → TurnInMission [ScoutPoi] (goal=CompleteMission)
[09:11:02] [MISSION] Nikolai turned in ScoutPoi @ Zalissya (+160 RU)
[09:11:02] [GOAL] Nikolai achieved CompleteMission
[09:11:02] [TASK] Ivan → TurnInMission [ScoutPoi] (goal=CompleteMission)
[09:11:02] [MISSION] Ivan turned in ScoutPoi @ Red Forest (+160 RU)
[09:11:02] [GOAL] Ivan achieved CompleteMission
[09:11:02] [TASK] Alibek → TurnInMission [ScoutPoi] (goal=CompleteMission)
[09:11:02] [MISSION] Alibek turned in ScoutPoi @ Dark Valley (+190 RU)
[09:11:02] [GOAL] Alibek achieved CompleteMission
[09:11:02] [TASK] Dmytro → TurnInMission [ScoutPoi] (goal=CompleteMission)
[09:11:02] [MISSION] Dmytro turned in ScoutPoi @ Wild Territory (+176 RU)
[09:11:02] [GOAL] Dmytro achieved CompleteMission
[09:11:02] [TASK] Nikolai → TurnInMission [ScoutPoi] (goal=CompleteMission)
[09:11:02] [MISSION] Nikolai turned in ScoutPoi @ Cordon (+160 RU)
[09:11:02] [GOAL] Nikolai achieved CompleteMission
[09:11:02] [TASK] Serhiy → TurnInMission [ScoutPoi] (goal=CompleteMission)
[09:11:02] [MISSION] Serhiy turned in ScoutPoi @ Wild Territory (+176 RU)
[09:11:02] [GOAL] Serhiy achieved CompleteMission
[09:11:02] [TASK] Pavel → TurnInMission [ScoutPoi] (goal=CompleteMission)
[09:11:02] [MISSION] Pavel turned in ScoutPoi @ Dark Valley (+190 RU)
[09:11:02] [GOAL] Pavel achieved CompleteMission
[09:11:02] [TASK] Viktor → TurnInMission [ScoutPoi] (goal=CompleteMission)
[09:11:02] [MISSION] Viktor turned in ScoutPoi @ Great Swamps (+160 RU)
[09:11:02] [GOAL] Viktor achieved CompleteMission
[09:11:02] [TASK] Mykola → TurnInMission [ScoutPoi] (goal=CompleteMission)
[09:11:02] [MISSION] Mykola turned in ScoutPoi @ Generators (+236 RU)
[09:11:02] [GOAL] Mykola achieved CompleteMission
[09:11:02] [TASK] Viktor → TurnInMission [ScoutPoi] (goal=CompleteMission)
[09:11:02] [MISSION] Viktor turned in ScoutPoi @ Generators (+236 RU)
[09:11:02] [GOAL] Viktor achieved CompleteMission
[09:11:02] [TASK] Taras → TurnInMission [ScoutPoi] (goal=CompleteMission)
[09:11:02] [MISSION] Taras turned in ScoutPoi @ Zalissya (+160 RU)
[09:11:02] [GOAL] Taras achieved CompleteMission
[09:11:02] [TASK] Ivan → TurnInMission [ScoutPoi] (goal=CompleteMission)
[09:11:02] [MISSION] Ivan turned in ScoutPoi @ Limansk (+210 RU)
[09:11:02] [GOAL] Ivan achieved CompleteMission
[09:11:02] [TASK] Sergei → TurnInMission [ScoutPoi] (goal=CompleteMission)
[09:11:02] [MISSION] Sergei turned in ScoutPoi @ Rostok (+160 RU)
[09:11:02] [GOAL] Sergei achieved CompleteMission
[09:11:02] [TASK] Pavel → TurnInMission [ScoutPoi] (goal=CompleteMission)
[09:11:02] [MISSION] Pavel turned in ScoutPoi @ Limansk (+210 RU)
[09:11:02] [GOAL] Pavel achieved CompleteMission
[09:11:02] [TASK] Armen → TurnInMission [ScoutPoi] (goal=CompleteMission)
[09:11:02] [MISSION] Armen turned in ScoutPoi @ Rostok (+160 RU)
[09:11:02] [GOAL] Armen achieved CompleteMission
[09:11:02] [TASK] Andriy → TurnInMission [ScoutPoi] (goal=CompleteMission)
[09:11:02] [MISSION] Andriy turned in ScoutPoi @ Dark Valley (+190 RU)
[09:11:02] [GOAL] Andriy achieved CompleteMission
[09:11:02] [TASK] Serhiy → TurnInMission [ScoutPoi] (goal=CompleteMission)
[09:11:02] [MISSION] Serhiy turned in ScoutPoi @ Great Swamps (+160 RU)
[09:11:02] [GOAL] Serhiy achieved CompleteMission
[09:11:02] [TASK] Dmytro → TurnInMission [ScoutPoi] (goal=CompleteMission)
[09:11:02] [MISSION] Dmytro turned in ScoutPoi @ Great Swamps (+160 RU)
[09:11:02] [GOAL] Dmytro achieved CompleteMission
[09:11:02] [TASK] Serhiy → TurnInMission [ScoutPoi] (goal=CompleteMission)
[09:11:02] [MISSION] Serhiy turned in ScoutPoi @ Zalissya (+160 RU)
[09:11:02] [GOAL] Serhiy achieved CompleteMission
[09:11:02] [TASK] Zura → TurnInMission [ScoutPoi] (goal=CompleteMission)
[09:11:02] [MISSION] Zura turned in ScoutPoi @ Generators (+236 RU)
[09:11:02] [GOAL] Zura achieved CompleteMission
[09:11:02] [TASK] Pavel → TurnInMission [ScoutPoi] (goal=CompleteMission)
[09:11:02] [MISSION] Pavel turned in ScoutPoi @ Generators (+236 RU)
[09:11:02] [GOAL] Pavel achieved CompleteMission
[09:11:02] [TASK] Ivan → TurnInMission [ScoutPoi] (goal=CompleteMission)
[09:11:02] [MISSION] Ivan turned in ScoutPoi @ Generators (+236 RU)
[09:11:02] [GOAL] Ivan achieved CompleteMission
[09:11:02] [TASK] Oleg → TurnInMission [ScoutPoi] (goal=CompleteMission)
[09:11:02] [MISSION] Oleg turned in ScoutPoi @ Wild Territory (+176 RU)
[09:11:02] [GOAL] Oleg achieved CompleteMission
[09:11:02] [TASK] Timur → TurnInMission [ScoutPoi] (goal=CompleteMission)
[09:11:02] [MISSION] Timur turned in ScoutPoi @ Dark Valley (+190 RU)
[09:11:02] [GOAL] Timur achieved CompleteMission
[09:11:02] [TASK] Andriy → TurnInMission [ScoutPoi] (goal=CompleteMission)
[09:11:02] [MISSION] Andriy turned in ScoutPoi @ Yantar (+160 RU)
[09:11:02] [GOAL] Andriy achieved CompleteMission
[09:11:02] [TASK] Taras → TurnInMission [ScoutPoi] (goal=CompleteMission)
[09:11:02] [MISSION] Taras turned in ScoutPoi @ Buriakivka Waste Site (+236 RU)
[09:11:02] [GOAL] Taras achieved CompleteMission
[09:11:02] [TASK] Marcus → TurnInMission [ScoutPoi] (goal=CompleteMission)
[09:11:02] [MISSION] Marcus turned in ScoutPoi @ Truck Cemetery (+200 RU)
[09:11:02] [GOAL] Marcus achieved CompleteMission
[09:11:02] [TASK] Jake → TurnInMission [ScoutPoi] (goal=CompleteMission)
[09:11:02] [MISSION] Jake turned in ScoutPoi @ Buriakivka Waste Site (+236 RU)
[09:11:02] [GOAL] Jake achieved CompleteMission
[09:11:02] [TASK] Jake → TurnInMission [ScoutPoi] (goal=CompleteMission)
[09:11:02] [MISSION] Jake turned in ScoutPoi @ Yantar (+160 RU)
[09:11:02] [GOAL] Jake achieved CompleteMission
[09:11:02] [TASK] Igor → TurnInMission [ScoutPoi] (goal=CompleteMission)
[09:11:02] [MISSION] Igor turned in ScoutPoi @ Yantar (+160 RU)
[09:11:02] [GOAL] Igor achieved CompleteMission
[09:11:02] [TASK] Andriy → TurnInMission [ScoutPoi] (goal=CompleteMission)
[09:11:02] [MISSION] Andriy turned in ScoutPoi @ Red Forest (+160 RU)
[09:11:02] [GOAL] Andriy achieved CompleteMission
[09:11:02] [TASK] Pavel → TurnInMission [ScoutPoi] (goal=CompleteMission)
[09:11:02] [MISSION] Pavel turned in ScoutPoi @ Yantar (+160 RU)
[09:11:02] [GOAL] Pavel achieved CompleteMission
[09:11:02] [TASK] Oleksiy → TurnInMission [ScoutPoi] (goal=CompleteMission)
[09:11:02] [MISSION] Oleksiy turned in ScoutPoi @ Limansk (+210 RU)
[09:11:02] [GOAL] Oleksiy achieved CompleteMission
[09:11:02] [TASK] Zura → TurnInMission [ScoutPoi] (goal=CompleteMission)
[09:11:02] [MISSION] Zura turned in ScoutPoi @ Garbage (+160 RU)
[09:11:02] [GOAL] Zura achieved CompleteMission
[09:11:02] [TASK] Sergei → TurnInMission [ScoutPoi] (goal=CompleteMission)
[09:11:02] [MISSION] Sergei turned in ScoutPoi @ Wild Territory (+176 RU)
[09:11:02] [GOAL] Sergei achieved CompleteMission
[09:11:02] [TASK] Bakhyt → TurnInMission [ScoutPoi] (goal=CompleteMission)
[09:11:02] [MISSION] Bakhyt turned in ScoutPoi @ Dark Valley (+190 RU)
[09:11:02] [GOAL] Bakhyt achieved CompleteMission
[09:11:02] [TASK] Yuriy → TurnInMission [ScoutPoi] (goal=CompleteMission)
[09:11:02] [MISSION] Yuriy turned in ScoutPoi @ Zalissya (+160 RU)
[09:11:02] [GOAL] Yuriy achieved CompleteMission
[09:11:02] [TASK] Sergei → TurnInMission [ScoutPoi] (goal=CompleteMission)
[09:11:02] [MISSION] Sergei turned in ScoutPoi @ Buriakivka Waste Site (+236 RU)
[09:11:02] [GOAL] Sergei achieved CompleteMission
[09:11:02] [TASK] Professor → TurnInMission [ScoutPoi] (goal=CompleteMission)
[09:11:02] [MISSION] Professor turned in ScoutPoi @ Yantar (+160 RU)
[09:11:02] [GOAL] Professor achieved CompleteMission
[09:11:02] [MISSION] Taras accepted ScoutPoi @ Generators (236 RU)
[09:11:02] [TASK] Taras → AcceptMission [ScoutPoi] (goal=AcceptMission)
[09:11:02] [GOAL] Taras achieved AcceptMission
[09:11:02] [MISSION] Taras accepted ScoutPoi @ Yantar (160 RU)
[09:11:02] [TASK] Taras → AcceptMission [ScoutPoi] (goal=AcceptMission)
[09:11:02] [GOAL] Taras achieved AcceptMission
[09:11:02] [MISSION] Bohdan accepted ScoutPoi @ Cordon (160 RU)
[09:11:02] [TASK] Bohdan → AcceptMission [ScoutPoi] (goal=AcceptMission)
[09:11:02] [GOAL] Bohdan achieved AcceptMission
[09:11:02] [MISSION] Connor accepted ScoutPoi @ Duga Radar (176 RU)
[09:11:02] [TASK] Connor → AcceptMission [ScoutPoi] (goal=AcceptMission)
[09:11:02] [GOAL] Connor achieved AcceptMission
[09:11:02] [MISSION] Pavel accepted ScoutPoi @ Dark Valley (190 RU)
[09:11:02] [TASK] Pavel → AcceptMission [ScoutPoi] (goal=AcceptMission)
[09:11:02] [GOAL] Pavel achieved AcceptMission
[09:11:02] [MISSION] Igor accepted ScoutPoi @ Yantar (160 RU)
[09:11:02] [TASK] Igor → AcceptMission [ScoutPoi] (goal=AcceptMission)
[09:11:02] [GOAL] Igor achieved AcceptMission
[09:11:02] [MISSION] Timur accepted ScoutPoi @ Great Swamps (160 RU)
[09:11:02] [TASK] Timur → AcceptMission [ScoutPoi] (goal=AcceptMission)
[09:11:02] [GOAL] Timur achieved AcceptMission
[09:11:02] [MISSION] Nikolai accepted ScoutPoi @ Zalissya (160 RU)
[09:11:02] [TASK] Nikolai → AcceptMission [ScoutPoi] (goal=AcceptMission)
[09:11:02] [GOAL] Nikolai achieved AcceptMission
[09:11:02] [MISSION] Ivan accepted ScoutPoi @ Red Forest (160 RU)
[09:11:02] [TASK] Ivan → AcceptMission [ScoutPoi] (goal=AcceptMission)
[09:11:02] [GOAL] Ivan achieved AcceptMission
[09:11:02] [MISSION] Alibek accepted ScoutPoi @ Dark Valley (190 RU)
[09:11:02] [TASK] Alibek → AcceptMission [ScoutPoi] (goal=AcceptMission)
[09:11:02] [GOAL] Alibek achieved AcceptMission
[09:11:02] [MISSION] Dmytro accepted ScoutPoi @ Wild Territory (176 RU)
[09:11:02] [TASK] Dmytro → AcceptMission [ScoutPoi] (goal=AcceptMission)
[09:11:02] [GOAL] Dmytro achieved AcceptMission
[09:11:02] [MISSION] Nikolai accepted ScoutPoi @ Cordon (160 RU)
[09:11:02] [TASK] Nikolai → AcceptMission [ScoutPoi] (goal=AcceptMission)
[09:11:02] [GOAL] Nikolai achieved AcceptMission
[09:11:02] [MISSION] Serhiy accepted ScoutPoi @ Wild Territory (176 RU)
[09:11:02] [TASK] Serhiy → AcceptMission [ScoutPoi] (goal=AcceptMission)
[09:11:02] [GOAL] Serhiy achieved AcceptMission
[09:11:02] [MISSION] Pavel accepted ScoutPoi @ Dark Valley (190 RU)
[09:11:02] [TASK] Pavel → AcceptMission [ScoutPoi] (goal=AcceptMission)
[09:11:02] [GOAL] Pavel achieved AcceptMission
[09:11:02] [MISSION] Viktor accepted ScoutPoi @ Great Swamps (160 RU)
[09:11:02] [TASK] Viktor → AcceptMission [ScoutPoi] (goal=AcceptMission)
[09:11:02] [GOAL] Viktor achieved AcceptMission
[09:11:02] [MISSION] Mykola accepted ScoutPoi @ Generators (236 RU)
[09:11:02] [TASK] Mykola → AcceptMission [ScoutPoi] (goal=AcceptMission)
[09:11:02] [GOAL] Mykola achieved AcceptMission
[09:11:02] [MISSION] Viktor accepted ScoutPoi @ Generators (236 RU)
[09:11:02] [TASK] Viktor → AcceptMission [ScoutPoi] (goal=AcceptMission)
[09:11:02] [GOAL] Viktor achieved AcceptMission
[09:11:02] [MISSION] Taras accepted ScoutPoi @ Zalissya (160 RU)
[09:11:02] [TASK] Taras → AcceptMission [ScoutPoi] (goal=AcceptMission)
[09:11:02] [GOAL] Taras achieved AcceptMission
[09:11:02] [MISSION] Ivan accepted ScoutPoi @ Limansk (210 RU)
[09:11:02] [TASK] Ivan → AcceptMission [ScoutPoi] (goal=AcceptMission)
[09:11:02] [GOAL] Ivan achieved AcceptMission
[09:11:02] [MISSION] Sergei accepted ScoutPoi @ Rostok (160 RU)
[09:11:02] [TASK] Sergei → AcceptMission [ScoutPoi] (goal=AcceptMission)
[09:11:02] [GOAL] Sergei achieved AcceptMission
[09:11:02] [MISSION] Pavel accepted ScoutPoi @ Limansk (210 RU)
[09:11:02] [TASK] Pavel → AcceptMission [ScoutPoi] (goal=AcceptMission)
[09:11:02] [GOAL] Pavel achieved AcceptMission
[09:11:02] [MISSION] Armen accepted ScoutPoi @ Rostok (160 RU)
[09:11:02] [TASK] Armen → AcceptMission [ScoutPoi] (goal=AcceptMission)
[09:11:02] [GOAL] Armen achieved AcceptMission
[09:11:02] [MISSION] Andriy accepted ScoutPoi @ Dark Valley (190 RU)
[09:11:02] [TASK] Andriy → AcceptMission [ScoutPoi] (goal=AcceptMission)
[09:11:02] [GOAL] Andriy achieved AcceptMission
[09:11:02] [MISSION] Serhiy accepted ScoutPoi @ Great Swamps (160 RU)
[09:11:02] [TASK] Serhiy → AcceptMission [ScoutPoi] (goal=AcceptMission)
[09:11:02] [GOAL] Serhiy achieved AcceptMission
[09:11:02] [MISSION] Dmytro accepted ScoutPoi @ Great Swamps (160 RU)
[09:11:02] [TASK] Dmytro → AcceptMission [ScoutPoi] (goal=AcceptMission)
[09:11:02] [GOAL] Dmytro achieved AcceptMission
[09:11:02] [MISSION] Serhiy accepted ScoutPoi @ Zalissya (160 RU)
[09:11:02] [TASK] Serhiy → AcceptMission [ScoutPoi] (goal=AcceptMission)
[09:11:02] [GOAL] Serhiy achieved AcceptMission
[09:11:02] [MISSION] Zura accepted ScoutPoi @ Generators (236 RU)
[09:11:02] [TASK] Zura → AcceptMission [ScoutPoi] (goal=AcceptMission)
[09:11:02] [GOAL] Zura achieved AcceptMission
[09:11:02] [MISSION] Pavel accepted ScoutPoi @ Generators (236 RU)
[09:11:02] [TASK] Pavel → AcceptMission [ScoutPoi] (goal=AcceptMission)
[09:11:02] [GOAL] Pavel achieved AcceptMission
[09:11:02] [MISSION] Ivan accepted ScoutPoi @ Generators (236 RU)
[09:11:02] [TASK] Ivan → AcceptMission [ScoutPoi] (goal=AcceptMission)
[09:11:02] [GOAL] Ivan achieved AcceptMission
[09:11:02] [MISSION] Oleg accepted ScoutPoi @ Wild Territory (176 RU)
[09:11:02] [TASK] Oleg → AcceptMission [ScoutPoi] (goal=AcceptMission)
[09:11:02] [GOAL] Oleg achieved AcceptMission
[09:11:02] [MISSION] Timur accepted ScoutPoi @ Dark Valley (190 RU)
[09:11:02] [TASK] Timur → AcceptMission [ScoutPoi] (goal=AcceptMission)
[09:11:02] [GOAL] Timur achieved AcceptMission
[09:11:02] [MISSION] Andriy accepted ScoutPoi @ Yantar (160 RU)
[09:11:02] [TASK] Andriy → AcceptMission [ScoutPoi] (goal=AcceptMission)
[09:11:02] [GOAL] Andriy achieved AcceptMission
[09:11:02] [MISSION] Taras accepted ScoutPoi @ Buriakivka Waste Site (236 RU)
[09:11:02] [TASK] Taras → AcceptMission [ScoutPoi] (goal=AcceptMission)
[09:11:02] [GOAL] Taras achieved AcceptMission
[09:11:02] [MISSION] Marcus accepted ScoutPoi @ Truck Cemetery (200 RU)
[09:11:02] [TASK] Marcus → AcceptMission [ScoutPoi] (goal=AcceptMission)
[09:11:02] [GOAL] Marcus achieved AcceptMission
[09:11:02] [MISSION] Jake accepted ScoutPoi @ Buriakivka Waste Site (236 RU)
[09:11:02] [TASK] Jake → AcceptMission [ScoutPoi] (goal=AcceptMission)
[09:11:02] [GOAL] Jake achieved AcceptMission
[09:11:02] [MISSION] Jake accepted ScoutPoi @ Yantar (160 RU)
[09:11:02] [TASK] Jake → AcceptMission [ScoutPoi] (goal=AcceptMission)
[09:11:02] [GOAL] Jake achieved AcceptMission
[09:11:02] [MISSION] Igor accepted ScoutPoi @ Yantar (160 RU)
[09:11:02] [TASK] Igor → AcceptMission [ScoutPoi] (goal=AcceptMission)
[09:11:02] [GOAL] Igor achieved AcceptMission
[09:11:02] [MISSION] Andriy accepted ScoutPoi @ Red Forest (160 RU)
[09:11:02] [TASK] Andriy → AcceptMission [ScoutPoi] (goal=AcceptMission)
[09:11:02] [GOAL] Andriy achieved AcceptMission
[09:11:02] [MISSION] Pavel accepted ScoutPoi @ Yantar (160 RU)
[09:11:02] [TASK] Pavel → AcceptMission [ScoutPoi] (goal=AcceptMission)
[09:11:02] [GOAL] Pavel achieved AcceptMission
[09:11:02] [MISSION] Oleksiy accepted ScoutPoi @ Limansk (210 RU)
[09:11:02] [TASK] Oleksiy → AcceptMission [ScoutPoi] (goal=AcceptMission)
[09:11:02] [GOAL] Oleksiy achieved AcceptMission
[09:11:02] [MISSION] Zura accepted ScoutPoi @ Garbage (160 RU)
[09:11:02] [TASK] Zura → AcceptMission [ScoutPoi] (goal=AcceptMission)
[09:11:02] [GOAL] Zura achieved AcceptMission
[09:11:02] [MISSION] Sergei accepted ScoutPoi @ Wild Territory (176 RU)
[09:11:02] [TASK] Sergei → AcceptMission [ScoutPoi] (goal=AcceptMission)
[09:11:02] [GOAL] Sergei achieved AcceptMission
[09:11:02] [MISSION] Bakhyt accepted ScoutPoi @ Dark Valley (190 RU)
[09:11:02] [TASK] Bakhyt → AcceptMission [ScoutPoi] (goal=AcceptMission)
[09:11:02] [GOAL] Bakhyt achieved AcceptMission
[09:11:02] [MISSION] Yuriy accepted ScoutPoi @ Zalissya (160 RU)
[09:11:02] [TASK] Yuriy → AcceptMission [ScoutPoi] (goal=AcceptMission)
[09:11:02] [GOAL] Yuriy achieved AcceptMission
[09:11:02] [MISSION] Sergei accepted ScoutPoi @ Buriakivka Waste Site (236 RU)
[09:11:02] [TASK] Sergei → AcceptMission [ScoutPoi] (goal=AcceptMission)
[09:11:02] [GOAL] Sergei achieved AcceptMission
[09:11:02] [MISSION] Professor accepted ScoutPoi @ Yantar (160 RU)
[09:11:02] [TASK] Professor → AcceptMission [ScoutPoi] (goal=AcceptMission)
[09:11:02] [GOAL] Professor achieved AcceptMission
[09:11:08] [COMBAT] Oleksiy Petrov 'Phantom' killed Mykola Melnyk 'Crow' using wpn_sg550
[09:11:08] [COMBAT] Serhiy Shevchenko 'Mole' killed BlindDog using wpn_pm
[09:11:09] [INBOUND] Initial +2 stalkers, +2 mutants (remaining S=640 M=428)
[09:11:09] [SNAPSHOT] real=10.7min game=D0 00:20 alive S=197 M=237 corpses=856 lootable=482 gammaGear out=101 helm=178 avgRU=921 leaderGoals trade=0 mission=45 emission=Dormant nextIn=98gmin desperate=0 hungry=0 interval deaths=37 combats=53 tasks=173 gearLoot=5 gearBuy=0 missions=107 corpseDespawn=35 trickleSpawns=0 ranks=[Rookie:175,Trainee:17,Experienced:2,Professional:3] goals=[Idle:45,CompleteMission::44,Traveling:20,AcceptMission::1] leaders: Andriy[Rookie/Idle], Taras[Rookie/CompleteMission:], Pavel[Rookie/Traveling], Zura[Rookie/Traveling], Viktor[Rookie/Traveling]
[09:11:09] [MISSION] Serhiy accepted ScoutPoi @ Yantar (160 RU)
[09:11:09] [TASK] Serhiy → AcceptMission [ScoutPoi] (goal=AcceptMission)
[09:11:09] [GOAL] Serhiy achieved AcceptMission
[09:11:09] [COMBAT] Oleg Popov 'Badger' killed Rat using wpn_fort12
[09:11:09] [COMBAT] Zura Petrenko 'Knuckle' killed Bloodsucker using wpn_fort12
[09:11:10] [INBOUND] Initial +2 stalkers, +1 mutants (remaining S=638 M=427)
[09:11:11] [COMBAT] Sergei Shevchenko 'Ash' killed PsyDog using wpn_sg550
[09:11:12] [INBOUND] Initial +3 stalkers, +1 mutants (remaining S=635 M=426)
[09:11:12] [COMBAT] Oleg Bondarenko 'Shadow' killed Bloodsucker using wpn_mp5
[09:11:12] [COMBAT] Mikhail Shevchenko 'Spark' killed Sergei Bondarenko 'Spark' using wpn_fn2000
[09:11:12] [GEAR] Mikhail looted [wpn_fn2000] via combat
[09:11:13] [COMBAT] Andrei Popov 'Ghost' killed Pseudodog using wpn_ak74
[09:11:13] [COMBAT] Alibek Shevchenko 'Stitch' killed Lurker using wpn_ak74
[09:11:14] [INBOUND] Initial +2 stalkers, +2 mutants (remaining S=633 M=424)
[09:11:14] [MISSION] Andrei accepted ScoutPoi @ Rostok (160 RU)
[09:11:14] [TASK] Andrei → AcceptMission [ScoutPoi] (goal=AcceptMission)
[09:11:14] [GOAL] Andrei achieved AcceptMission
[09:11:14] [COMBAT] Oleksiy Kovalenko 'Shadow' killed Tushkano using wpn_ak74
[09:11:14] [COMBAT] Bohdan Petrov 'Badger' killed Chimera using wpn_fn2000
[09:11:15] [COMBAT] Sergei Sokolov 'Phantom' killed Dmytro Shevchenko 'Bullet' using wpn_mp5
[09:11:15] [GEAR] Sergei looted [helm_helm_respirator] via combat
[09:11:15] [INBOUND] Initial +2 stalkers, +1 mutants (remaining S=631 M=423)
[09:11:15] [RANK] Marcus Sokolov 'Stitch' → Trainee
[RankSystem] Marcus Sokolov 'Stitch' promoted to Trainee!
[09:11:15] [COMBAT] Marcus Sokolov 'Stitch' killed Fracture using wpn_fn2000
[09:11:16] [COMBAT] Bohdan Ivanov 'Ghost' killed Controller using wpn_pm
[09:11:16] [COMBAT] Armen Shevchenko 'Ghost' killed Snork using wpn_fn2000
[09:11:16] [MISSION] Dmitri accepted ScoutPoi @ Rostok (160 RU)
[09:11:16] [TASK] Dmitri → AcceptMission [ScoutPoi] (goal=AcceptMission)
[09:11:16] [GOAL] Dmitri achieved AcceptMission
[09:11:17] [COMBAT] Jake Petrenko 'Phantom' killed Taras Melnyk 'Badger' using wpn_aksu
[09:11:18] [INBOUND] Initial +2 stalkers, +2 mutants (remaining S=629 M=421)
[09:11:18] [MISSION] Damir accepted ScoutPoi @ Agroprom (164 RU)
[09:11:18] [TASK] Damir → AcceptMission [ScoutPoi] (goal=AcceptMission)
[09:11:18] [GOAL] Damir achieved AcceptMission
[09:11:19] [INBOUND] Initial +2 stalkers, +1 mutants (remaining S=627 M=420)
[09:11:19] [MISSION] Mykola accepted ScoutPoi @ Limansk (210 RU)
[09:11:19] [TASK] Mykola → AcceptMission [ScoutPoi] (goal=AcceptMission)
[09:11:19] [GOAL] Mykola achieved AcceptMission
[09:11:20] [COMBAT] Alexei Bondarenko 'Bone' killed Pavel Petrenko 'Bone' using wpn_ak74
[09:11:20] [GEAR] Alexei looted [out_exolight_outfit] via combat
[09:11:20] [COMBAT] Viktor Ivanov 'Ghost' killed Burer using wpn_fn2000
[09:11:21] [INBOUND] Initial +2 stalkers, +1 mutants (remaining S=625 M=419)
[09:11:21] [COMBAT] Alexei Petrenko 'Bullet' killed PsyDog using wpn_fn2000
[09:11:21] [RANK] Viktor Kovalenko 'Scar' → Experienced
[RankSystem] Viktor Kovalenko 'Scar' promoted to Experienced!
[09:11:21] [COMBAT] Viktor Kovalenko 'Scar' killed Boar using wpn_ak74
[09:11:21] [COMBAT] Serhiy Shevchenko 'Ash' killed Bloodsucker using wpn_ak74
[09:11:22] [COMBAT] Rustam Kovalenko 'Wolf' killed Flesh using wpn_ak74
[09:11:22] [COMBAT] Yuriy Volkov 'Phantom' killed Fracture using wpn_ak74
[09:11:23] [INBOUND] Initial +2 stalkers, +2 mutants (remaining S=623 M=417)
[09:11:23] [CORPSE] Despawned 16 bodies (lifetime=228)
[09:11:23] [MISSION] Pavel accepted ScoutPoi @ Army Warehouses (168 RU)
[09:11:23] [TASK] Pavel → AcceptMission [ScoutPoi] (goal=AcceptMission)
[09:11:23] [GOAL] Pavel achieved AcceptMission
[09:11:23] [MISSION] Oleksiy accepted ScoutPoi @ Yantar (160 RU)
[09:11:23] [TASK] Oleksiy → AcceptMission [ScoutPoi] (goal=AcceptMission)
[09:11:23] [GOAL] Oleksiy achieved AcceptMission
[09:11:25] [INBOUND] Initial +2 stalkers, +1 mutants (remaining S=621 M=416)
[09:11:25] [MISSION] Frank accepted ScoutPoi @ Dark Valley (190 RU)
[09:11:25] [TASK] Frank → AcceptMission [ScoutPoi] (goal=AcceptMission)
[09:11:25] [GOAL] Frank achieved AcceptMission
[09:11:25] [COMBAT] Armen Volkov 'Bullet' killed BlindDog using wpn_aksu
[09:11:27] [INBOUND] Initial +2 stalkers, +2 mutants (remaining S=619 M=414)
[09:11:27] [COMBAT] Professor Sakharov killed Lurker using wpn_fn2000
[09:11:27] [COMBAT] Nikolai Ivanov 'Crow' killed Fracture using wpn_ak74
[09:11:29] [INBOUND] Initial +2 stalkers, +1 mutants (remaining S=617 M=413)
[09:11:29] [MISSION] Dmytro accepted ScoutPoi @ Kopachi (190 RU)
[09:11:29] [TASK] Dmytro → AcceptMission [ScoutPoi] (goal=AcceptMission)
[09:11:29] [GOAL] Dmytro achieved AcceptMission
[09:11:29] [COMBAT] Yuriy Sokolov 'Ugly' killed Rat using wpn_pm
[09:11:30] [COMBAT] Alibek Shevchenko 'The Butcher' killed Poltergeist using wpn_ak74
[09:11:30] [COMBAT] Jake Ivanov 'Scar' killed Snork using wpn_mp5
[09:11:30] [INBOUND] Initial +2 stalkers, +1 mutants (remaining S=615 M=412)
[09:11:30] [MISSION] Sergei accepted ScoutPoi @ Army Warehouses (168 RU)
[09:11:30] [TASK] Sergei → AcceptMission [ScoutPoi] (goal=AcceptMission)
[09:11:30] [GOAL] Sergei achieved AcceptMission
[09:11:31] [TASK] Sean → TradeRun [poi_macro_5] (goal=VisitTrader)
[09:11:31] [GOAL] Sean achieved VisitTrader
[09:11:31] [MISSION] Sean accepted ScoutPoi @ Wild Territory (176 RU)
[09:11:31] [TASK] Sean → AcceptMission [ScoutPoi] (goal=AcceptMission)
[09:11:31] [GOAL] Sean achieved AcceptMission
[09:11:31] [COMBAT] Alexei Sokolov 'Bullet' killed Tushkano using wpn_ak74
[09:11:32] [INBOUND] Initial +2 stalkers, +2 mutants (remaining S=613 M=410)
[09:11:34] [INBOUND] Initial +2 stalkers, +1 mutants (remaining S=611 M=409)
[09:11:34] [MISSION] Oleg accepted ScoutPoi @ Deserted Hospital (200 RU)
[09:11:34] [TASK] Oleg → AcceptMission [ScoutPoi] (goal=AcceptMission)
[09:11:34] [GOAL] Oleg achieved AcceptMission
[09:11:34] [COMBAT] Serhiy Shevchenko 'Mole' killed Dog using wpn_pm
[09:11:35] [COMBAT] Serhiy Volkov 'Scar' killed Zura Petrenko 'Knuckle' using wpn_ak74
[09:11:36] [INBOUND] Initial +3 stalkers, +2 mutants (remaining S=608 M=407)
[09:11:36] [COMBAT] Bohdan Petrov 'Badger' killed Fracture using wpn_fn2000
[09:11:37] [COMBAT] Dmitri Bondarenko 'Bullet' killed Lurker using wpn_fn2000
[09:11:38] [INBOUND] Initial +2 stalkers, +1 mutants (remaining S=606 M=406)
[09:11:38] [MISSION] Dmitri accepted ScoutPoi @ Rostok (160 RU)
[09:11:38] [TASK] Dmitri → AcceptMission [ScoutPoi] (goal=AcceptMission)
[09:11:38] [GOAL] Dmitri achieved AcceptMission
[09:11:39] [COMBAT] Alexei Bondarenko 'Bone' killed Snork using wpn_ak74
[09:11:40] [INBOUND] Initial +2 stalkers, +1 mutants (remaining S=604 M=405)
[09:11:40] [SNAPSHOT] real=11.2min game=D0 00:21 alive S=208 M=232 corpses=893 lootable=494 gammaGear out=107 helm=187 avgRU=906 leaderGoals trade=0 mission=44 emission=Dormant nextIn=97gmin desperate=0 hungry=0 interval deaths=25 combats=53 tasks=14 gearLoot=3 gearBuy=0 missions=13 corpseDespawn=16 trickleSpawns=0 ranks=[Rookie:189,Trainee:14,Experienced:2,Professional:3] goals=[Idle:51,CompleteMission::44,Traveling:16] leaders: Andriy[Rookie/Idle], Taras[Rookie/CompleteMission:], Viktor[Rookie/Traveling], Bohdan[Rookie/CompleteMission:], Oleksiy[Rookie/Idle]
[09:11:40] [RANK] Dmitri Shevchenko 'Crow' → Experienced
[RankSystem] Dmitri Shevchenko 'Crow' promoted to Experienced!
[09:11:40] [COMBAT] Dmitri Shevchenko 'Crow' killed Chimera using wpn_ak74
[09:11:40] [COMBAT] Andriy Melnyk 'Badger' killed Controller using wpn_aksu
[09:11:41] [INBOUND] Initial +2 stalkers, +2 mutants (remaining S=602 M=403)
[09:11:41] [CORPSE] Despawned 11 bodies (lifetime=239)
[09:11:41] [MISSION] Heinrich accepted ScoutPoi @ Yantar (160 RU)
[09:11:41] [TASK] Heinrich → AcceptMission [ScoutPoi] (goal=AcceptMission)
[09:11:41] [GOAL] Heinrich achieved AcceptMission
[09:11:42] [COMBAT] Alexei Kovalenko 'Stitch' killed Burer using wpn_ak74
[09:11:42] [COMBAT] Andrei Melnyk 'Wolf' killed Controller using wpn_ak74
[09:11:43] [INBOUND] Initial +2 stalkers, +1 mutants (remaining S=600 M=402)
[09:11:43] [COMBAT] Rustam Ivanov 'Mole' killed Fracture using wpn_spas12
[09:11:43] [MISSION] Dmitri accepted ScoutPoi @ Army Warehouses (168 RU)
[09:11:43] [TASK] Dmitri → AcceptMission [ScoutPoi] (goal=AcceptMission)
[09:11:43] [GOAL] Dmitri achieved AcceptMission
[09:11:45] [INBOUND] Initial +2 stalkers, +1 mutants (remaining S=598 M=401)
[09:11:45] [MISSION] Dmytro accepted ScoutPoi @ Dead City (Chernobyl-2 Settlement) (196 RU)
[09:11:45] [TASK] Dmytro → AcceptMission [ScoutPoi] (goal=AcceptMission)
[09:11:45] [GOAL] Dmytro achieved AcceptMission
[09:11:45] [COMBAT] Taras Bondarenko 'Viper' killed Rat using wpn_ak74
[09:11:45] [COMBAT] Mikhail Ivanov 'Ghost' killed Viktor Petrov 'Bullet' using wpn_aksu
[09:11:45] [GEAR] Mikhail looted [wpn_sg550, arm_exo, helm_helm_spartan] via combat
[09:11:45] [COMBAT] Oleg Volkov 'Scar' killed Flesh using wpn_sg550
[09:11:46] [COMBAT] Andrei Petrov 'Phantom' killed Rat using wpn_ak74
[09:11:46] [COMBAT] Alibek Shevchenko 'Stitch' killed Dmitri Volkov 'Wolf' using wpn_ak74
[09:11:46] [GEAR] Alibek looted [wpn_ak74, wpn_mp5, arm_duty, helm_helm_tactic] via combat
[09:11:46] [COMBAT] Sergei Ivanov 'Fox' killed Bloodsucker using wpn_fn2000
[09:11:47] [INBOUND] Initial +2 stalkers, +2 mutants (remaining S=596 M=399)
[09:11:48] [INBOUND] Initial +2 stalkers, +1 mutants (remaining S=594 M=398)
[09:11:48] [MISSION] Alibek accepted ScoutPoi @ Rostok (160 RU)
[09:11:48] [TASK] Alibek → AcceptMission [ScoutPoi] (goal=AcceptMission)
[09:11:48] [GOAL] Alibek achieved AcceptMission
[09:11:51] [INBOUND] Initial +2 stalkers, +2 mutants (remaining S=592 M=396)
[09:11:51] [RANK] Ivan Volkov 'Ash' → Experienced
[RankSystem] Ivan Volkov 'Ash' promoted to Experienced!
[09:11:51] [COMBAT] Ivan Volkov 'Ash' killed Poltergeist using wpn_fn2000
[09:11:52] [INBOUND] Initial +2 stalkers, +1 mutants (remaining S=590 M=395)
[09:11:52] [MISSION] Nikolai accepted ScoutPoi @ Deserted Hospital (200 RU)
[09:11:52] [TASK] Nikolai → AcceptMission [ScoutPoi] (goal=AcceptMission)
[09:11:52] [GOAL] Nikolai achieved AcceptMission
[09:11:53] [COMBAT] Pavel Popov 'Viper' killed PsyDog using wpn_fn2000
[09:11:53] [COMBAT] Sean Ivanov 'Stitch' killed Dog using wpn_ak74
[09:11:53] [COMBAT] Serhiy Petrenko 'Stitch' killed Tushkano using wpn_ak74
[09:11:53] [COMBAT] Nikolai Volkov 'Mole' killed Snork using wpn_ak74
[09:11:54] [INBOUND] Initial +2 stalkers, +1 mutants (remaining S=588 M=394)
[09:11:54] [MISSION] Nikolai accepted ScoutPoi @ Cordon (160 RU)
[09:11:54] [TASK] Nikolai → AcceptMission [ScoutPoi] (goal=AcceptMission)
[09:11:54] [GOAL] Nikolai achieved AcceptMission
[09:11:55] [COMBAT] Dmitri Shevchenko 'Crow' killed Rustam Kovalenko 'Wolf' using wpn_ak74
[09:11:55] [COMBAT] Vasyl Popov 'Raven' killed Fracture using wpn_fn2000
[09:11:56] [INBOUND] Initial +2 stalkers, +2 mutants (remaining S=586 M=392)
[09:11:56] [MISSION] Pierre accepted ScoutPoi @ Duga Radar (176 RU)
[09:11:56] [TASK] Pierre → AcceptMission [ScoutPoi] (goal=AcceptMission)
[09:11:56] [GOAL] Pierre achieved AcceptMission
[09:11:58] [INBOUND] Initial +2 stalkers, +1 mutants (remaining S=584 M=391)
[09:12:00] [INBOUND] Initial +3 stalkers, +2 mutants (remaining S=581 M=389)
[09:12:00] [CORPSE] Despawned 19 bodies (lifetime=258)
[09:12:00] [MISSION] Ivan accepted ScoutPoi @ Army Warehouses (168 RU)
[09:12:00] [TASK] Ivan → AcceptMission [ScoutPoi] (goal=AcceptMission)
[09:12:00] [GOAL] Ivan achieved AcceptMission
[09:12:01] [INBOUND] Initial +2 stalkers, +1 mutants (remaining S=579 M=388)
[09:12:01] [MISSION] Alexei accepted ScoutPoi @ Rostok (160 RU)
[09:12:01] [TASK] Alexei → AcceptMission [ScoutPoi] (goal=AcceptMission)
[09:12:01] [GOAL] Alexei achieved AcceptMission
[09:12:02] [COMBAT] Andriy Kovalenko 'Fox' killed Frank Bondarenko 'Knuckle' using wpn_ak74
[09:12:02] [GEAR] Andriy looted [wpn_sg550, out_merc_nighthunter_outfit] via combat
[09:12:02] [COMBAT] Rustam Ivanov 'Mole' killed Dmitri Sokolov 'Badger' using wpn_spas12
[09:12:02] [GEAR] Rustam looted [wpn_ak74, out_stalker_bear_outfit, helm_helm_ach7] via combat
[09:12:03] [INBOUND] Initial +2 stalkers, +1 mutants (remaining S=577 M=387)
[09:12:03] [MISSION] Sergei accepted ScoutPoi @ Wild Territory (176 RU)
[09:12:03] [TASK] Sergei → AcceptMission [ScoutPoi] (goal=AcceptMission)
[09:12:03] [GOAL] Sergei achieved AcceptMission
[09:12:04] [RANK] Alibek Shevchenko 'The Butcher' → Trainee
[RankSystem] Alibek Shevchenko 'The Butcher' promoted to Trainee!
[09:12:04] [COMBAT] Alibek Shevchenko 'The Butcher' killed Snork using wpn_ak74
[09:12:05] [INBOUND] Initial +2 stalkers, +2 mutants (remaining S=575 M=385)
[09:12:05] [MISSION] Oleksiy accepted ScoutPoi @ Jupiter (Pripyat Industrial) (196 RU)
[09:12:05] [TASK] Oleksiy → AcceptMission [ScoutPoi] (goal=AcceptMission)
[09:12:05] [GOAL] Oleksiy achieved AcceptMission
[09:12:05] [COMBAT] Alexei Shevchenko 'Ash' killed Bloodsucker using wpn_ak74
[09:12:06] [COMBAT] Alexei Sokolov 'Lucky' killed Snork using wpn_pm
[09:12:07] [INBOUND] Initial +2 stalkers, +1 mutants (remaining S=573 M=384)
[09:12:07] [MISSION] Vasyl accepted ScoutPoi @ Chernobyl Town (160 RU)
[09:12:07] [TASK] Vasyl → AcceptMission [ScoutPoi] (goal=AcceptMission)
[09:12:07] [GOAL] Vasyl achieved AcceptMission
[09:12:07] [COMBAT] Ivan Kovalenko 'Shadow' killed Pseudodog using wpn_fn2000
[09:12:07] [RANK] Nikolai Ivanov 'Crow' → Trainee
[RankSystem] Nikolai Ivanov 'Crow' promoted to Trainee!
[09:12:07] [COMBAT] Nikolai Ivanov 'Crow' killed Dog using wpn_ak74
[09:12:08] [INBOUND] Initial +2 stalkers, +2 mutants (remaining S=571 M=382)
[09:12:08] [MISSION] Alexei accepted ScoutPoi @ Deserted Hospital (200 RU)
[09:12:08] [TASK] Alexei → AcceptMission [ScoutPoi] (goal=AcceptMission)
[09:12:08] [GOAL] Alexei achieved AcceptMission
[09:12:09] [COMBAT] Bohdan Sokolov 'Mole' killed BlindDog using wpn_ak74
[09:12:09] [COMBAT] Serhiy Petrenko 'Stitch' killed Flesh using wpn_ak74
[09:12:10] [INBOUND] Initial +2 stalkers, +1 mutants (remaining S=569 M=381)
[09:12:10] [SNAPSHOT] real=11.7min game=D0 00:22 alive S=218 M=234 corpses=910 lootable=498 gammaGear out=111 helm=193 avgRU=900 leaderGoals trade=0 mission=56 emission=Dormant nextIn=97gmin desperate=0 hungry=0 interval deaths=25 combats=47 tasks=13 gearLoot=4 gearBuy=0 missions=13 corpseDespawn=30 trickleSpawns=0 ranks=[Rookie:198,Trainee:14,Experienced:4,Professional:2] goals=[CompleteMission::55,Idle:51,Traveling:11,AcceptMission::1] leaders: Andriy[Rookie/Idle], Taras[Rookie/CompleteMission:], Bohdan[Rookie/CompleteMission:], Oleksiy[Rookie/Idle], Pavel[Rookie/Idle]
[09:12:10] [MISSION] Frank accepted ScoutPoi @ Yantar (160 RU)
[09:12:10] [TASK] Frank → AcceptMission [ScoutPoi] (goal=AcceptMission)
[09:12:10] [GOAL] Frank achieved AcceptMission
[09:12:11] [COMBAT] Sergei Popov 'Shadow' killed Chimera using wpn_ak74
[09:12:11] [COMBAT] Professor Sakharov killed Fracture using wpn_fn2000
[09:12:12] [INBOUND] Initial +2 stalkers, +1 mutants (remaining S=567 M=380)
[09:12:12] [MISSION] Andrei accepted ScoutPoi @ Agroprom (164 RU)
[09:12:12] [TASK] Andrei → AcceptMission [ScoutPoi] (goal=AcceptMission)
[09:12:12] [GOAL] Andrei achieved AcceptMission
[09:12:12] [COMBAT] Pavel Bondarenko 'Wolf' killed Boar using wpn_ak74
[09:12:13] [COMBAT] Vasyl Popov 'Raven' killed Dmitri Petrov 'Wolf' using wpn_fn2000
[09:12:14] [INBOUND] Initial +2 stalkers, +2 mutants (remaining S=565 M=378)
[09:12:14] [MISSION] Taras accepted ScoutPoi @ Truck Cemetery (200 RU)
[09:12:14] [TASK] Taras → AcceptMission [ScoutPoi] (goal=AcceptMission)
[09:12:14] [GOAL] Taras achieved AcceptMission
[09:12:14] [COMBAT] Pavel Melnyk 'One-Eye' killed Bloodsucker using wpn_pm
[09:12:15] [COMBAT] Mikhail Kovalenko 'Razor' killed Bloodsucker using wpn_aksu
[09:12:15] [COMBAT] Alexei Petrenko 'Bullet' killed Burer using wpn_fn2000
[09:12:16] [INBOUND] Initial +2 stalkers, +1 mutants (remaining S=563 M=377)
[09:12:18] [INBOUND] Initial +2 stalkers, +1 mutants (remaining S=561 M=376)
[09:12:18] [CORPSE] Despawned 25 bodies (lifetime=283)
[09:12:18] [MISSION] Bakhyt accepted ScoutPoi @ Chernobyl Town (160 RU)
[09:12:18] [TASK] Bakhyt → AcceptMission [ScoutPoi] (goal=AcceptMission)
[09:12:18] [GOAL] Bakhyt achieved AcceptMission
[09:12:19] [COMBAT] Serhiy Popov 'Stitch' killed Fracture using wpn_ak74
[09:12:20] [INBOUND] Initial +2 stalkers, +2 mutants (remaining S=559 M=374)
[09:12:20] [MISSION] Oleksiy accepted ScoutPoi @ Limansk (210 RU)
[09:12:20] [TASK] Oleksiy → AcceptMission [ScoutPoi] (goal=AcceptMission)
[09:12:20] [GOAL] Oleksiy achieved AcceptMission
[09:12:20] [COMBAT] Dmitri Shevchenko 'Crow' killed Igor Petrenko 'Stitch' using wpn_ak74
[09:12:20] [GEAR] Dmitri looted [wpn_pm] via combat
[09:12:21] [COMBAT] Tobias Shevchenko 'Stitch' killed BlindDog using wpn_sg550
[09:12:21] [COMBAT] Bakhyt Melnyk 'Scar' killed Bloodsucker using wpn_svd
[09:12:22] [INBOUND] Initial +2 stalkers, +1 mutants (remaining S=557 M=373)
[09:12:22] [COMBAT] Pavel Ivanov 'Bullet' killed Fracture using wpn_fort12
[09:12:22] [COMBAT] Alexei Petrenko 'Viper' killed Lurker using wpn_aksu
[09:12:23] [INBOUND] Initial +2 stalkers, +2 mutants (remaining S=555 M=371)
[09:12:24] [COMBAT] Andrei Bondarenko 'Bullet' killed Snork using wpn_pm
[09:12:25] [INBOUND] Initial +3 stalkers, +1 mutants (remaining S=552 M=370)
[09:12:25] [MISSION] Mykola accepted ScoutPoi @ Limansk (210 RU)
[09:12:25] [TASK] Mykola → AcceptMission [ScoutPoi] (goal=AcceptMission)
[09:12:25] [GOAL] Mykola achieved AcceptMission
[09:12:26] [COMBAT] Armen Volkov 'Bullet' killed Pavel Sokolov 'Ghost' using wpn_aksu
[09:12:26] [COMBAT] Dmytro Kovalenko 'Scar' killed Rustam Ivanov 'Mole' using wpn_sg550
[09:12:27] [INBOUND] Initial +552 stalkers, +370 mutants (remaining S=552 M=370)
[Population] Staggered initial spawn complete (duration elapsed).
[09:12:28] [SPAWN] Trickle +1 stalkers, +0 mutants
[09:12:28] [MISSION] Dmytro accepted ScoutPoi @ Generators (236 RU)
[09:12:28] [TASK] Dmytro → AcceptMission [ScoutPoi] (goal=AcceptMission)
[09:12:28] [GOAL] Dmytro achieved AcceptMission
[09:12:28] [MISSION] Taras accepted ScoutPoi @ Wild Territory (176 RU)
[09:12:28] [TASK] Taras → AcceptMission [ScoutPoi] (goal=AcceptMission)
[09:12:28] [GOAL] Taras achieved AcceptMission
[09:12:28] [MISSION] Serhiy accepted ScoutPoi @ Jupiter (Pripyat Industrial) (196 RU)
[09:12:28] [TASK] Serhiy → AcceptMission [ScoutPoi] (goal=AcceptMission)
[09:12:28] [GOAL] Serhiy achieved AcceptMission
[09:12:28] [MISSION] Vasyl accepted ScoutPoi @ Army Warehouses (168 RU)
[09:12:28] [TASK] Vasyl → AcceptMission [ScoutPoi] (goal=AcceptMission)
[09:12:28] [GOAL] Vasyl achieved AcceptMission
[09:12:28] [MISSION] Ivan accepted ScoutPoi @ Zalissya (160 RU)
[09:12:28] [TASK] Ivan → AcceptMission [ScoutPoi] (goal=AcceptMission)
[09:12:28] [GOAL] Ivan achieved AcceptMission
[09:12:28] [MISSION] Zura accepted ScoutPoi @ Zalissya (160 RU)
[09:12:28] [TASK] Zura → AcceptMission [ScoutPoi] (goal=AcceptMission)
[09:12:28] [GOAL] Zura achieved AcceptMission
[09:12:28] [MISSION] Dmitri accepted ScoutPoi @ Kopachi (190 RU)
[09:12:28] [TASK] Dmitri → AcceptMission [ScoutPoi] (goal=AcceptMission)
[09:12:28] [GOAL] Dmitri achieved AcceptMission
[09:12:28] [MISSION] Giorgi accepted ScoutPoi @ Zalissya (160 RU)
[09:12:28] [TASK] Giorgi → AcceptMission [ScoutPoi] (goal=AcceptMission)
[09:12:28] [GOAL] Giorgi achieved AcceptMission
[09:12:28] [MISSION] Armen accepted ScoutPoi @ Agroprom (164 RU)
[09:12:28] [TASK] Armen → AcceptMission [ScoutPoi] (goal=AcceptMission)
[09:12:28] [GOAL] Armen achieved AcceptMission
[09:12:28] [MISSION] Vasyl accepted ScoutPoi @ Duga Radar (176 RU)
[09:12:28] [TASK] Vasyl → AcceptMission [ScoutPoi] (goal=AcceptMission)
[09:12:28] [GOAL] Vasyl achieved AcceptMission
[09:12:28] [MISSION] Bohdan accepted ScoutPoi @ Red Forest (160 RU)
[09:12:28] [TASK] Bohdan → AcceptMission [ScoutPoi] (goal=AcceptMission)
[09:12:28] [GOAL] Bohdan achieved AcceptMission
[09:12:28] [MISSION] Sergei accepted ScoutPoi @ Wild Territory (176 RU)
[09:12:28] [TASK] Sergei → AcceptMission [ScoutPoi] (goal=AcceptMission)
[09:12:28] [GOAL] Sergei achieved AcceptMission
[09:12:28] [MISSION] Igor accepted ScoutPoi @ Army Warehouses (168 RU)
[09:12:28] [TASK] Igor → AcceptMission [ScoutPoi] (goal=AcceptMission)
[09:12:28] [GOAL] Igor achieved AcceptMission
[09:12:28] [MISSION] Viktor accepted ScoutPoi @ Rostok (160 RU)
[09:12:28] [TASK] Viktor → AcceptMission [ScoutPoi] (goal=AcceptMission)
[09:12:28] [GOAL] Viktor achieved AcceptMission
[09:12:28] [MISSION] Ivan accepted ScoutPoi @ Deserted Hospital (200 RU)
[09:12:28] [TASK] Ivan → AcceptMission [ScoutPoi] (goal=AcceptMission)
[09:12:28] [GOAL] Ivan achieved AcceptMission
[09:12:28] [MISSION] Sergei accepted ScoutPoi @ Meadow (160 RU)
[09:12:28] [TASK] Sergei → AcceptMission [ScoutPoi] (goal=AcceptMission)
[09:12:28] [GOAL] Sergei achieved AcceptMission
[09:12:28] [MISSION] Vasyl accepted ScoutPoi @ Limansk (210 RU)
[09:12:28] [TASK] Vasyl → AcceptMission [ScoutPoi] (goal=AcceptMission)
[09:12:28] [GOAL] Vasyl achieved AcceptMission
[09:12:28] [MISSION] Alibek accepted ScoutPoi @ Meadow (160 RU)
[09:12:28] [TASK] Alibek → AcceptMission [ScoutPoi] (goal=AcceptMission)
[09:12:28] [GOAL] Alibek achieved AcceptMission
[09:12:28] [MISSION] Nikolai accepted ScoutPoi @ Rostok (160 RU)
[09:12:28] [TASK] Nikolai → AcceptMission [ScoutPoi] (goal=AcceptMission)
[09:12:28] [GOAL] Nikolai achieved AcceptMission
[09:12:28] [MISSION] Bohdan accepted ScoutPoi @ Generators (236 RU)
[09:12:28] [TASK] Bohdan → AcceptMission [ScoutPoi] (goal=AcceptMission)
[09:12:28] [GOAL] Bohdan achieved AcceptMission
[09:12:28] [MISSION] Dmytro accepted ScoutPoi @ Wild Territory (176 RU)
[09:12:28] [TASK] Dmytro → AcceptMission [ScoutPoi] (goal=AcceptMission)
[09:12:28] [GOAL] Dmytro achieved AcceptMission
[09:12:28] [MISSION] Yuriy accepted ScoutPoi @ Garbage (160 RU)
[09:12:28] [TASK] Yuriy → AcceptMission [ScoutPoi] (goal=AcceptMission)
[09:12:28] [GOAL] Yuriy achieved AcceptMission
[09:12:28] [MISSION] Sergei accepted ScoutPoi @ Yantar (160 RU)
[09:12:28] [TASK] Sergei → AcceptMission [ScoutPoi] (goal=AcceptMission)
[09:12:28] [GOAL] Sergei achieved AcceptMission
[09:12:28] [MISSION] Viktor accepted ScoutPoi @ Dark Valley (190 RU)
[09:12:28] [TASK] Viktor → AcceptMission [ScoutPoi] (goal=AcceptMission)
[09:12:28] [GOAL] Viktor achieved AcceptMission
[09:12:28] [MISSION] Taras accepted ScoutPoi @ Kopachi (190 RU)
[09:12:28] [TASK] Taras → AcceptMission [ScoutPoi] (goal=AcceptMission)
[09:12:28] [GOAL] Taras achieved AcceptMission
[09:12:28] [MISSION] Vasyl accepted ScoutPoi @ Army Warehouses (168 RU)
[09:12:28] [TASK] Vasyl → AcceptMission [ScoutPoi] (goal=AcceptMission)
[09:12:28] [GOAL] Vasyl achieved AcceptMission
[09:12:28] [MISSION] Viktor accepted ScoutPoi @ Generators (236 RU)
[09:12:28] [TASK] Viktor → AcceptMission [ScoutPoi] (goal=AcceptMission)
[09:12:28] [GOAL] Viktor achieved AcceptMission
[09:12:28] [MISSION] Dmitri accepted ScoutPoi @ Pripyat (196 RU)
[09:12:28] [TASK] Dmitri → AcceptMission [ScoutPoi] (goal=AcceptMission)
[09:12:28] [GOAL] Dmitri achieved AcceptMission
[09:12:28] [MISSION] Mykola accepted ScoutPoi @ Agroprom (164 RU)
[09:12:28] [TASK] Mykola → AcceptMission [ScoutPoi] (goal=AcceptMission)
[09:12:28] [GOAL] Mykola achieved AcceptMission
[09:12:28] [MISSION] Oleksiy accepted ScoutPoi @ Garbage (160 RU)
[09:12:28] [TASK] Oleksiy → AcceptMission [ScoutPoi] (goal=AcceptMission)
[09:12:28] [GOAL] Oleksiy achieved AcceptMission
[09:12:29] [MISSION] Taras accepted ScoutPoi @ Army Warehouses (168 RU)
[09:12:29] [TASK] Taras → AcceptMission [ScoutPoi] (goal=AcceptMission)
[09:12:29] [GOAL] Taras achieved AcceptMission
[09:12:29] [MISSION] Bohdan accepted ScoutPoi @ Rostok (160 RU)
[09:12:29] [TASK] Bohdan → AcceptMission [ScoutPoi] (goal=AcceptMission)
[09:12:29] [GOAL] Bohdan achieved AcceptMission
[09:12:29] [MISSION] Bohdan accepted ScoutPoi @ Zalissya (160 RU)
[09:12:29] [TASK] Bohdan → AcceptMission [ScoutPoi] (goal=AcceptMission)
[09:12:29] [GOAL] Bohdan achieved AcceptMission
[09:12:29] [MISSION] Serhiy accepted ScoutPoi @ Truck Cemetery (200 RU)
[09:12:29] [TASK] Serhiy → AcceptMission [ScoutPoi] (goal=AcceptMission)
[09:12:29] [GOAL] Serhiy achieved AcceptMission
[09:12:29] [MISSION] Mykola accepted ScoutPoi @ Jupiter (Pripyat Industrial) (196 RU)
[09:12:29] [TASK] Mykola → AcceptMission [ScoutPoi] (goal=AcceptMission)
[09:12:29] [GOAL] Mykola achieved AcceptMission
[09:12:29] [MISSION] Igor accepted ScoutPoi @ Pripyat (196 RU)
[09:12:29] [TASK] Igor → AcceptMission [ScoutPoi] (goal=AcceptMission)
[09:12:29] [GOAL] Igor achieved AcceptMission
[09:12:29] [MISSION] Andriy accepted ScoutPoi @ Deserted Hospital (200 RU)
[09:12:29] [TASK] Andriy → AcceptMission [ScoutPoi] (goal=AcceptMission)
[09:12:29] [GOAL] Andriy achieved AcceptMission
[09:12:29] [MISSION] Oleksiy accepted ScoutPoi @ Wild Territory (176 RU)
[09:12:29] [TASK] Oleksiy → AcceptMission [ScoutPoi] (goal=AcceptMission)
[09:12:29] [GOAL] Oleksiy achieved AcceptMission
[09:12:29] [MISSION] Giorgi accepted ScoutPoi @ Deserted Hospital (200 RU)
[09:12:29] [TASK] Giorgi → AcceptMission [ScoutPoi] (goal=AcceptMission)
[09:12:29] [GOAL] Giorgi achieved AcceptMission
[09:12:29] [MISSION] Oleksiy accepted ScoutPoi @ Zalissya (160 RU)
[09:12:29] [TASK] Oleksiy → AcceptMission [ScoutPoi] (goal=AcceptMission)
[09:12:29] [GOAL] Oleksiy achieved AcceptMission
[09:12:29] [MISSION] Serhiy accepted ScoutPoi @ Zalissya (160 RU)
[09:12:29] [TASK] Serhiy → AcceptMission [ScoutPoi] (goal=AcceptMission)
[09:12:29] [GOAL] Serhiy achieved AcceptMission
[09:12:29] [MISSION] Dmitri accepted ScoutPoi @ Limansk (210 RU)
[09:12:29] [TASK] Dmitri → AcceptMission [ScoutPoi] (goal=AcceptMission)
[09:12:29] [GOAL] Dmitri achieved AcceptMission
[09:12:29] [MISSION] Yuriy accepted ScoutPoi @ Kopachi (190 RU)
[09:12:29] [TASK] Yuriy → AcceptMission [ScoutPoi] (goal=AcceptMission)
[09:12:29] [GOAL] Yuriy achieved AcceptMission
[09:12:29] [MISSION] Pierre accepted ScoutPoi @ Dead City (Chernobyl-2 Settlement) (196 RU)
[09:12:29] [TASK] Pierre → AcceptMission [ScoutPoi] (goal=AcceptMission)
[09:12:29] [GOAL] Pierre achieved AcceptMission
[09:12:29] [MISSION] Oleg accepted ScoutPoi @ Dark Valley (190 RU)
[09:12:29] [TASK] Oleg → AcceptMission [ScoutPoi] (goal=AcceptMission)
[09:12:29] [GOAL] Oleg achieved AcceptMission
[09:12:29] [MISSION] Armen accepted ScoutPoi @ Agroprom (164 RU)
[09:12:29] [TASK] Armen → AcceptMission [ScoutPoi] (goal=AcceptMission)
[09:12:29] [GOAL] Armen achieved AcceptMission
[09:12:29] [MISSION] Bohdan accepted ScoutPoi @ Limansk (210 RU)
[09:12:29] [TASK] Bohdan → AcceptMission [ScoutPoi] (goal=AcceptMission)
[09:12:29] [GOAL] Bohdan achieved AcceptMission
[09:12:29] [MISSION] Vasyl accepted ScoutPoi @ Rostok (160 RU)
[09:12:29] [TASK] Vasyl → AcceptMission [ScoutPoi] (goal=AcceptMission)
[09:12:29] [GOAL] Vasyl achieved AcceptMission
[09:12:29] [MISSION] Ivan accepted ScoutPoi @ Truck Cemetery (200 RU)
[09:12:29] [TASK] Ivan → AcceptMission [ScoutPoi] (goal=AcceptMission)
[09:12:29] [GOAL] Ivan achieved AcceptMission
[09:12:29] [MISSION] Sergei accepted ScoutPoi @ Pripyat (196 RU)
[09:12:29] [TASK] Sergei → AcceptMission [ScoutPoi] (goal=AcceptMission)
[09:12:29] [GOAL] Sergei achieved AcceptMission
[09:12:29] [MISSION] Lasha accepted ScoutPoi @ Duga Radar (176 RU)
[09:12:29] [TASK] Lasha → AcceptMission [ScoutPoi] (goal=AcceptMission)
[09:12:29] [GOAL] Lasha achieved AcceptMission
[09:12:29] [MISSION] Oleksiy accepted ScoutPoi @ Dark Valley (190 RU)
[09:12:29] [TASK] Oleksiy → AcceptMission [ScoutPoi] (goal=AcceptMission)
[09:12:29] [GOAL] Oleksiy achieved AcceptMission
[09:12:29] [MISSION] Mykola accepted ScoutPoi @ Meadow (160 RU)
[09:12:29] [TASK] Mykola → AcceptMission [ScoutPoi] (goal=AcceptMission)
[09:12:29] [GOAL] Mykola achieved AcceptMission
[09:12:29] [MISSION] Serhiy accepted ScoutPoi @ Deserted Hospital (200 RU)
[09:12:29] [TASK] Serhiy → AcceptMission [ScoutPoi] (goal=AcceptMission)
[09:12:29] [GOAL] Serhiy achieved AcceptMission
[09:12:29] [MISSION] Oleksiy accepted ScoutPoi @ Army Warehouses (168 RU)
[09:12:29] [TASK] Oleksiy → AcceptMission [ScoutPoi] (goal=AcceptMission)
[09:12:29] [GOAL] Oleksiy achieved AcceptMission
[09:12:29] [MISSION] Andrei accepted ScoutPoi @ Chernobyl Town (160 RU)
[09:12:29] [TASK] Andrei → AcceptMission [ScoutPoi] (goal=AcceptMission)
[09:12:29] [GOAL] Andrei achieved AcceptMission
[09:12:29] [MISSION] Marcus accepted ScoutPoi @ Yantar (160 RU)
[09:12:29] [TASK] Marcus → AcceptMission [ScoutPoi] (goal=AcceptMission)
[09:12:29] [GOAL] Marcus achieved AcceptMission
[09:12:29] [MISSION] Igor accepted ScoutPoi @ Deserted Hospital (200 RU)
[09:12:29] [TASK] Igor → AcceptMission [ScoutPoi] (goal=AcceptMission)
[09:12:29] [GOAL] Igor achieved AcceptMission
[09:12:29] [MISSION] Taras accepted ScoutPoi @ Rostok (160 RU)
[09:12:29] [TASK] Taras → AcceptMission [ScoutPoi] (goal=AcceptMission)
[09:12:29] [GOAL] Taras achieved AcceptMission
[09:12:29] [MISSION] Viktor accepted ScoutPoi @ Kopachi (190 RU)
[09:12:29] [TASK] Viktor → AcceptMission [ScoutPoi] (goal=AcceptMission)
[09:12:29] [GOAL] Viktor achieved AcceptMission
[09:12:29] [MISSION] Dmitri accepted ScoutPoi @ Cordon (160 RU)
[09:12:29] [TASK] Dmitri → AcceptMission [ScoutPoi] (goal=AcceptMission)
[09:12:29] [GOAL] Dmitri achieved AcceptMission
[09:12:29] [MISSION] Dmitri accepted ScoutPoi @ Agroprom (164 RU)
[09:12:29] [TASK] Dmitri → AcceptMission [ScoutPoi] (goal=AcceptMission)
[09:12:29] [GOAL] Dmitri achieved AcceptMission
[09:12:29] [MISSION] Oleg accepted ScoutPoi @ Garbage (160 RU)
[09:12:29] [TASK] Oleg → AcceptMission [ScoutPoi] (goal=AcceptMission)
[09:12:29] [GOAL] Oleg achieved AcceptMission
[09:12:29] [MISSION] Bohdan accepted ScoutPoi @ Duga Radar (176 RU)
[09:12:29] [TASK] Bohdan → AcceptMission [ScoutPoi] (goal=AcceptMission)
[09:12:29] [GOAL] Bohdan achieved AcceptMission
[09:12:29] [MISSION] Armen accepted ScoutPoi @ Pripyat (196 RU)
[09:12:29] [TASK] Armen → AcceptMission [ScoutPoi] (goal=AcceptMission)
[09:12:29] [GOAL] Armen achieved AcceptMission
[09:12:29] [MISSION] Tobias accepted ScoutPoi @ Duga Radar (176 RU)
[09:12:29] [TASK] Tobias → AcceptMission [ScoutPoi] (goal=AcceptMission)
[09:12:29] [GOAL] Tobias achieved AcceptMission
[09:12:29] [MISSION] Igor accepted ScoutPoi @ Agroprom (164 RU)
[09:12:29] [TASK] Igor → AcceptMission [ScoutPoi] (goal=AcceptMission)
[09:12:29] [GOAL] Igor achieved AcceptMission
[09:12:29] [MISSION] Pavel accepted ScoutPoi @ Chernobyl Town (160 RU)
[09:12:29] [TASK] Pavel → AcceptMission [ScoutPoi] (goal=AcceptMission)
[09:12:29] [GOAL] Pavel achieved AcceptMission
[09:12:29] [MISSION] Mikhail accepted ScoutPoi @ Limansk (210 RU)
[09:12:29] [TASK] Mikhail → AcceptMission [ScoutPoi] (goal=AcceptMission)
[09:12:29] [GOAL] Mikhail achieved AcceptMission
[09:12:29] [MISSION] Bohdan accepted ScoutPoi @ Wild Territory (176 RU)
[09:12:29] [TASK] Bohdan → AcceptMission [ScoutPoi] (goal=AcceptMission)
[09:12:29] [GOAL] Bohdan achieved AcceptMission
[09:12:29] [MISSION] Ivan accepted ScoutPoi @ Garbage (160 RU)
[09:12:29] [TASK] Ivan → AcceptMission [ScoutPoi] (goal=AcceptMission)
[09:12:29] [GOAL] Ivan achieved AcceptMission
[09:12:29] [MISSION] Sean accepted ScoutPoi @ Meadow (160 RU)
[09:12:29] [TASK] Sean → AcceptMission [ScoutPoi] (goal=AcceptMission)
[09:12:29] [GOAL] Sean achieved AcceptMission
[09:12:29] [MISSION] Viktor accepted ScoutPoi @ Chernobyl Town (160 RU)
[09:12:29] [TASK] Viktor → AcceptMission [ScoutPoi] (goal=AcceptMission)
[09:12:29] [GOAL] Viktor achieved AcceptMission
[09:12:29] [MISSION] Lasha accepted ScoutPoi @ Chernobyl Town (160 RU)
[09:12:29] [TASK] Lasha → AcceptMission [ScoutPoi] (goal=AcceptMission)
[09:12:29] [GOAL] Lasha achieved AcceptMission
[09:12:29] [MISSION] Oleksiy accepted ScoutPoi @ Agroprom (164 RU)
[09:12:29] [TASK] Oleksiy → AcceptMission [ScoutPoi] (goal=AcceptMission)
[09:12:29] [GOAL] Oleksiy achieved AcceptMission
[09:12:29] [MISSION] Oleksiy accepted ScoutPoi @ Generators (236 RU)
[09:12:29] [TASK] Oleksiy → AcceptMission [ScoutPoi] (goal=AcceptMission)
[09:12:29] [GOAL] Oleksiy achieved AcceptMission
[09:12:29] [MISSION] Alibek accepted ScoutPoi @ Pripyat (196 RU)
[09:12:29] [TASK] Alibek → AcceptMission [ScoutPoi] (goal=AcceptMission)
[09:12:29] [GOAL] Alibek achieved AcceptMission
[09:12:29] [MISSION] Alexei accepted ScoutPoi @ Pripyat (196 RU)
[09:12:29] [TASK] Alexei → AcceptMission [ScoutPoi] (goal=AcceptMission)
[09:12:29] [GOAL] Alexei achieved AcceptMission
[09:12:29] [MISSION] Pavel accepted ScoutPoi @ Pripyat (196 RU)
[09:12:29] [TASK] Pavel → AcceptMission [ScoutPoi] (goal=AcceptMission)
[09:12:29] [GOAL] Pavel achieved AcceptMission
[09:12:29] [MISSION] Sergei accepted ScoutPoi @ Limansk (210 RU)
[09:12:29] [TASK] Sergei → AcceptMission [ScoutPoi] (goal=AcceptMission)
[09:12:29] [GOAL] Sergei achieved AcceptMission
[09:12:29] [MISSION] Taras accepted ScoutPoi @ Deserted Hospital (200 RU)
[09:12:29] [TASK] Taras → AcceptMission [ScoutPoi] (goal=AcceptMission)
[09:12:29] [GOAL] Taras achieved AcceptMission
[09:12:29] [MISSION] Alexei accepted ScoutPoi @ Limansk (210 RU)
[09:12:29] [TASK] Alexei → AcceptMission [ScoutPoi] (goal=AcceptMission)
[09:12:29] [GOAL] Alexei achieved AcceptMission
[09:12:29] [MISSION] Oleksiy accepted ScoutPoi @ Yantar (160 RU)
[09:12:29] [TASK] Oleksiy → AcceptMission [ScoutPoi] (goal=AcceptMission)
[09:12:29] [GOAL] Oleksiy achieved AcceptMission
[09:12:29] [MISSION] Vasyl accepted ScoutPoi @ Meadow (160 RU)
[09:12:29] [TASK] Vasyl → AcceptMission [ScoutPoi] (goal=AcceptMission)
[09:12:29] [GOAL] Vasyl achieved AcceptMission
[09:12:29] [MISSION] Serhiy accepted ScoutPoi @ Pripyat (196 RU)
[09:12:29] [TASK] Serhiy → AcceptMission [ScoutPoi] (goal=AcceptMission)
[09:12:29] [GOAL] Serhiy achieved AcceptMission
[09:12:29] [MISSION] Sean accepted ScoutPoi @ Yantar (160 RU)
[09:12:29] [TASK] Sean → AcceptMission [ScoutPoi] (goal=AcceptMission)
[09:12:29] [GOAL] Sean achieved AcceptMission
[09:12:29] [MISSION] Vasyl accepted ScoutPoi @ Zalissya (160 RU)
[09:12:29] [TASK] Vasyl → AcceptMission [ScoutPoi] (goal=AcceptMission)
[09:12:29] [GOAL] Vasyl achieved AcceptMission
[09:12:29] [MISSION] Taras accepted ScoutPoi @ Red Forest (160 RU)
[09:12:29] [TASK] Taras → AcceptMission [ScoutPoi] (goal=AcceptMission)
[09:12:29] [GOAL] Taras achieved AcceptMission
[09:12:29] [MISSION] Lasha accepted ScoutPoi @ Garbage (160 RU)
[09:12:29] [TASK] Lasha → AcceptMission [ScoutPoi] (goal=AcceptMission)
[09:12:29] [GOAL] Lasha achieved AcceptMission
[09:12:29] [MISSION] Yuriy accepted ScoutPoi @ Pripyat (196 RU)
[09:12:29] [TASK] Yuriy → AcceptMission [ScoutPoi] (goal=AcceptMission)
[09:12:29] [GOAL] Yuriy achieved AcceptMission
[09:12:29] [MISSION] Rustam accepted ScoutPoi @ Garbage (160 RU)
[09:12:29] [TASK] Rustam → AcceptMission [ScoutPoi] (goal=AcceptMission)
[09:12:29] [GOAL] Rustam achieved AcceptMission
[09:12:29] [MISSION] Andriy accepted ScoutPoi @ Chernobyl Town (160 RU)
[09:12:29] [TASK] Andriy → AcceptMission [ScoutPoi] (goal=AcceptMission)
[09:12:29] [GOAL] Andriy achieved AcceptMission
[09:12:29] [MISSION] Connor accepted ScoutPoi @ Dead City (Chernobyl-2 Settlement) (196 RU)
[09:12:29] [TASK] Connor → AcceptMission [ScoutPoi] (goal=AcceptMission)
[09:12:29] [GOAL] Connor achieved AcceptMission
[09:12:29] [MISSION] Dmytro accepted ScoutPoi @ Red Forest (160 RU)
[09:12:29] [TASK] Dmytro → AcceptMission [ScoutPoi] (goal=AcceptMission)
[09:12:29] [GOAL] Dmytro achieved AcceptMission
[09:12:29] [MISSION] Armen accepted ScoutPoi @ Duga Radar (176 RU)
[09:12:29] [TASK] Armen → AcceptMission [ScoutPoi] (goal=AcceptMission)
[09:12:29] [GOAL] Armen achieved AcceptMission
[09:12:29] [MISSION] Taras accepted ScoutPoi @ Zaton (240 RU)
[09:12:29] [TASK] Taras → AcceptMission [ScoutPoi] (goal=AcceptMission)
[09:12:29] [GOAL] Taras achieved AcceptMission
[09:12:29] [MISSION] Jake accepted ScoutPoi @ Truck Cemetery (200 RU)
[09:12:29] [TASK] Jake → AcceptMission [ScoutPoi] (goal=AcceptMission)
[09:12:29] [GOAL] Jake achieved AcceptMission
[09:12:29] [MISSION] Vasyl accepted ScoutPoi @ Garbage (160 RU)
[09:12:29] [TASK] Vasyl → AcceptMission [ScoutPoi] (goal=AcceptMission)
[09:12:29] [GOAL] Vasyl achieved AcceptMission
[09:12:29] [MISSION] Yuriy accepted ScoutPoi @ Great Swamps (160 RU)
[09:12:29] [TASK] Yuriy → AcceptMission [ScoutPoi] (goal=AcceptMission)
[09:12:29] [GOAL] Yuriy achieved AcceptMission
[09:12:29] [MISSION] Lasha accepted ScoutPoi @ Chernobyl Town (160 RU)
[09:12:29] [TASK] Lasha → AcceptMission [ScoutPoi] (goal=AcceptMission)
[09:12:29] [GOAL] Lasha achieved AcceptMission
[09:12:29] [MISSION] Alibek accepted ScoutPoi @ Garbage (160 RU)
[09:12:29] [TASK] Alibek → AcceptMission [ScoutPoi] (goal=AcceptMission)
[09:12:29] [GOAL] Alibek achieved AcceptMission
[09:12:29] [MISSION] Andriy accepted ScoutPoi @ Red Forest (160 RU)
[09:12:29] [TASK] Andriy → AcceptMission [ScoutPoi] (goal=AcceptMission)
[09:12:29] [GOAL] Andriy achieved AcceptMission
[09:12:29] [MISSION] Bohdan accepted ScoutPoi @ Agroprom (164 RU)
[09:12:29] [TASK] Bohdan → AcceptMission [ScoutPoi] (goal=AcceptMission)
[09:12:29] [GOAL] Bohdan achieved AcceptMission
[09:12:29] [MISSION] Yuriy accepted ScoutPoi @ Limansk (210 RU)
[09:12:29] [TASK] Yuriy → AcceptMission [ScoutPoi] (goal=AcceptMission)
[09:12:29] [GOAL] Yuriy achieved AcceptMission
[09:12:29] [MISSION] Oleg accepted ScoutPoi @ Deserted Hospital (200 RU)
[09:12:29] [TASK] Oleg → AcceptMission [ScoutPoi] (goal=AcceptMission)
[09:12:29] [GOAL] Oleg achieved AcceptMission
[09:12:29] [MISSION] Heinrich accepted ScoutPoi @ Truck Cemetery (200 RU)
[09:12:29] [TASK] Heinrich → AcceptMission [ScoutPoi] (goal=AcceptMission)
[09:12:29] [GOAL] Heinrich achieved AcceptMission
[09:12:29] [MISSION] Ivan accepted ScoutPoi @ Jupiter (Pripyat Industrial) (196 RU)
[09:12:29] [TASK] Ivan → AcceptMission [ScoutPoi] (goal=AcceptMission)
[09:12:29] [GOAL] Ivan achieved AcceptMission
[09:12:29] [MISSION] Viktor accepted ScoutPoi @ Army Warehouses (168 RU)
[09:12:29] [TASK] Viktor → AcceptMission [ScoutPoi] (goal=AcceptMission)
[09:12:29] [GOAL] Viktor achieved AcceptMission
[09:12:29] [MISSION] Damir accepted ScoutPoi @ Cordon (160 RU)
[09:12:29] [TASK] Damir → AcceptMission [ScoutPoi] (goal=AcceptMission)
[09:12:29] [GOAL] Damir achieved AcceptMission
[09:12:29] [MISSION] Bohdan accepted ScoutPoi @ Wild Territory (176 RU)
[09:12:29] [TASK] Bohdan → AcceptMission [ScoutPoi] (goal=AcceptMission)
[09:12:29] [GOAL] Bohdan achieved AcceptMission
[09:12:29] [MISSION] Karl accepted ScoutPoi @ Dark Valley (190 RU)
[09:12:29] [TASK] Karl → AcceptMission [ScoutPoi] (goal=AcceptMission)
[09:12:29] [GOAL] Karl achieved AcceptMission
[09:12:29] [MISSION] Oleg accepted ScoutPoi @ Limansk (210 RU)
[09:12:29] [TASK] Oleg → AcceptMission [ScoutPoi] (goal=AcceptMission)
[09:12:29] [GOAL] Oleg achieved AcceptMission
[09:12:29] [MISSION] Yuriy accepted ScoutPoi @ Buriakivka Waste Site (236 RU)
[09:12:29] [TASK] Yuriy → AcceptMission [ScoutPoi] (goal=AcceptMission)
[09:12:29] [GOAL] Yuriy achieved AcceptMission
[09:12:29] [MISSION] Oleg accepted ScoutPoi @ Cordon (160 RU)
[09:12:29] [TASK] Oleg → AcceptMission [ScoutPoi] (goal=AcceptMission)
[09:12:29] [GOAL] Oleg achieved AcceptMission
[09:12:29] [MISSION] Bohdan accepted ScoutPoi @ Pripyat (196 RU)
[09:12:29] [TASK] Bohdan → AcceptMission [ScoutPoi] (goal=AcceptMission)
[09:12:29] [GOAL] Bohdan achieved AcceptMission
[09:12:29] [MISSION] Igor accepted ScoutPoi @ Cordon (160 RU)
[09:12:29] [TASK] Igor → AcceptMission [ScoutPoi] (goal=AcceptMission)
[09:12:29] [GOAL] Igor achieved AcceptMission
[09:12:29] [MISSION] Timur accepted ScoutPoi @ Limansk (210 RU)
[09:12:29] [TASK] Timur → AcceptMission [ScoutPoi] (goal=AcceptMission)
[09:12:29] [GOAL] Timur achieved AcceptMission
[09:12:29] [MISSION] Bohdan accepted ScoutPoi @ Yantar (160 RU)
[09:12:29] [TASK] Bohdan → AcceptMission [ScoutPoi] (goal=AcceptMission)
[09:12:29] [GOAL] Bohdan achieved AcceptMission
[09:12:29] [MISSION] Mykola accepted ScoutPoi @ Yantar (160 RU)
[09:12:29] [TASK] Mykola → AcceptMission [ScoutPoi] (goal=AcceptMission)
[09:12:29] [GOAL] Mykola achieved AcceptMission
[09:12:29] [MISSION] Bohdan accepted ScoutPoi @ Truck Cemetery (200 RU)
[09:12:29] [TASK] Bohdan → AcceptMission [ScoutPoi] (goal=AcceptMission)
[09:12:29] [GOAL] Bohdan achieved AcceptMission
[09:12:29] [MISSION] Yuriy accepted ScoutPoi @ Meadow (160 RU)
[09:12:29] [TASK] Yuriy → AcceptMission [ScoutPoi] (goal=AcceptMission)
[09:12:29] [GOAL] Yuriy achieved AcceptMission
[09:12:29] [MISSION] Vasyl accepted ScoutPoi @ Pripyat (196 RU)
[09:12:29] [TASK] Vasyl → AcceptMission [ScoutPoi] (goal=AcceptMission)
[09:12:29] [GOAL] Vasyl achieved AcceptMission
[09:12:29] [MISSION] Mykola accepted ScoutPoi @ Meadow (160 RU)
[09:12:29] [TASK] Mykola → AcceptMission [ScoutPoi] (goal=AcceptMission)
[09:12:29] [GOAL] Mykola achieved AcceptMission
[09:12:29] [MISSION] Dmitri accepted ScoutPoi @ Red Forest (160 RU)
[09:12:29] [TASK] Dmitri → AcceptMission [ScoutPoi] (goal=AcceptMission)
[09:12:29] [GOAL] Dmitri achieved AcceptMission
[09:12:29] [MISSION] Bohdan accepted ScoutPoi @ Great Swamps (160 RU)
[09:12:29] [TASK] Bohdan → AcceptMission [ScoutPoi] (goal=AcceptMission)
[09:12:29] [GOAL] Bohdan achieved AcceptMission
[09:12:29] [MISSION] Sergei accepted ScoutPoi @ Garbage (160 RU)
[09:12:29] [TASK] Sergei → AcceptMission [ScoutPoi] (goal=AcceptMission)
[09:12:29] [GOAL] Sergei achieved AcceptMission
[09:12:29] [MISSION] Lasha accepted ScoutPoi @ Yantar (160 RU)
[09:12:29] [TASK] Lasha → AcceptMission [ScoutPoi] (goal=AcceptMission)
[09:12:29] [GOAL] Lasha achieved AcceptMission
[09:12:29] [MISSION] Andrei accepted ScoutPoi @ Agroprom (164 RU)
[09:12:29] [TASK] Andrei → AcceptMission [ScoutPoi] (goal=AcceptMission)
[09:12:29] [GOAL] Andrei achieved AcceptMission
[09:12:29] [MISSION] Giorgi accepted ScoutPoi @ Limansk (210 RU)
[09:12:29] [TASK] Giorgi → AcceptMission [ScoutPoi] (goal=AcceptMission)
[09:12:29] [GOAL] Giorgi achieved AcceptMission
[09:12:29] [MISSION] Andrei accepted ScoutPoi @ Truck Cemetery (200 RU)
[09:12:29] [TASK] Andrei → AcceptMission [ScoutPoi] (goal=AcceptMission)
[09:12:29] [GOAL] Andrei achieved AcceptMission
[09:12:29] [MISSION] Dmitri accepted ScoutPoi @ Meadow (160 RU)
[09:12:29] [TASK] Dmitri → AcceptMission [ScoutPoi] (goal=AcceptMission)
[09:12:29] [GOAL] Dmitri achieved AcceptMission
[09:12:29] [MISSION] Timur accepted ScoutPoi @ Jupiter (Pripyat Industrial) (196 RU)
[09:12:29] [TASK] Timur → AcceptMission [ScoutPoi] (goal=AcceptMission)
[09:12:29] [GOAL] Timur achieved AcceptMission
[09:12:29] [MISSION] Yuriy accepted ScoutPoi @ Deserted Hospital (200 RU)
[09:12:29] [TASK] Yuriy → AcceptMission [ScoutPoi] (goal=AcceptMission)
[09:12:29] [GOAL] Yuriy achieved AcceptMission
[09:12:29] [MISSION] Sergei accepted ScoutPoi @ Yantar (160 RU)
[09:12:29] [TASK] Sergei → AcceptMission [ScoutPoi] (goal=AcceptMission)
[09:12:29] [GOAL] Sergei achieved AcceptMission
[09:12:29] [MISSION] Dmitri accepted ScoutPoi @ Chernobyl Town (160 RU)
[09:12:29] [TASK] Dmitri → AcceptMission [ScoutPoi] (goal=AcceptMission)
[09:12:29] [GOAL] Dmitri achieved AcceptMission
[09:12:29] [MISSION] Dmitri accepted ScoutPoi @ Yantar (160 RU)
[09:12:29] [TASK] Dmitri → AcceptMission [ScoutPoi] (goal=AcceptMission)
[09:12:29] [GOAL] Dmitri achieved AcceptMission
[09:12:29] [MISSION] Alexei accepted ScoutPoi @ Agroprom (164 RU)
[09:12:29] [TASK] Alexei → AcceptMission [ScoutPoi] (goal=AcceptMission)
[09:12:29] [GOAL] Alexei achieved AcceptMission
[09:12:29] [MISSION] Nikolai accepted ScoutPoi @ Generators (236 RU)
[09:12:29] [TASK] Nikolai → AcceptMission [ScoutPoi] (goal=AcceptMission)
[09:12:29] [GOAL] Nikolai achieved AcceptMission
[09:12:29] [MISSION] Nikolai accepted ScoutPoi @ Agroprom (164 RU)
[09:12:29] [TASK] Nikolai → AcceptMission [ScoutPoi] (goal=AcceptMission)
[09:12:29] [GOAL] Nikolai achieved AcceptMission
[09:12:29] [MISSION] Andrei accepted ScoutPoi @ Limansk (210 RU)
[09:12:29] [TASK] Andrei → AcceptMission [ScoutPoi] (goal=AcceptMission)
[09:12:29] [GOAL] Andrei achieved AcceptMission
[09:12:29] [MISSION] Andriy accepted ScoutPoi @ Jupiter (Pripyat Industrial) (196 RU)
[09:12:29] [TASK] Andriy → AcceptMission [ScoutPoi] (goal=AcceptMission)
[09:12:29] [GOAL] Andriy achieved AcceptMission
[09:12:29] [MISSION] Yuriy accepted ScoutPoi @ Chernobyl Town (160 RU)
[09:12:29] [TASK] Yuriy → AcceptMission [ScoutPoi] (goal=AcceptMission)
[09:12:29] [GOAL] Yuriy achieved AcceptMission
[09:12:29] [MISSION] Igor accepted ScoutPoi @ Chernobyl Town (160 RU)
[09:12:29] [TASK] Igor → AcceptMission [ScoutPoi] (goal=AcceptMission)
[09:12:29] [GOAL] Igor achieved AcceptMission
[09:12:29] [MISSION] Connor accepted ScoutPoi @ Dead City (Chernobyl-2 Settlement) (196 RU)
[09:12:29] [TASK] Connor → AcceptMission [ScoutPoi] (goal=AcceptMission)
[09:12:29] [GOAL] Connor achieved AcceptMission
[09:12:29] [MISSION] Igor accepted ScoutPoi @ Zalissya (160 RU)
[09:12:29] [TASK] Igor → AcceptMission [ScoutPoi] (goal=AcceptMission)
[09:12:29] [GOAL] Igor achieved AcceptMission
[09:12:29] [MISSION] Yuriy accepted ScoutPoi @ Red Forest (160 RU)
[09:12:29] [TASK] Yuriy → AcceptMission [ScoutPoi] (goal=AcceptMission)
[09:12:29] [GOAL] Yuriy achieved AcceptMission
[09:12:39] [COMBAT] Bakhyt Petrenko 'Wolf' killed Pseudodog using wpn_pm
[09:12:39] [COMBAT] Taras Bondarenko 'Fox' killed Chimera using wpn_fn2000
[09:12:39] [COMBAT] Vasyl Sokolov 'Spark' killed BlindDog using wpn_mp5
[09:12:39] [COMBAT] Serhiy Bondarenko 'Phantom' killed BlindDog using wpn_ak74
[09:12:40] [SNAPSHOT] real=12.3min game=D0 00:22 alive S=766 M=599 corpses=923 lootable=505 gammaGear out=419 helm=662 avgRU=863 leaderGoals trade=1 mission=199 emission=Dormant nextIn=96gmin desperate=0 hungry=0 interval deaths=22 combats=38 tasks=152 gearLoot=1 gearBuy=0 missions=152 corpseDespawn=25 trickleSpawns=1 ranks=[Rookie:746,Trainee:14,Experienced:4,Professional:2] goals=[CompleteMission::199,Idle:110,Traveling:10,VisitTrader::1] leaders: Andriy[Rookie/Idle], Taras[Rookie/CompleteMission:], Oleksiy[Rookie/Idle], Bohdan[Rookie/Idle], Andrei[Rookie/Idle]
[09:12:41] [COMBAT] Vasyl Petrov 'Ghost' killed Lurker using wpn_fn2000
[09:12:41] [COMBAT] Yuriy Petrov 'Viper' killed Damir Melnyk 'Two-Fingers' using wpn_aksu
[09:12:41] [COMBAT] Alibek Petrenko 'Spark' killed Snork using wpn_ak74
[09:12:41] [COMBAT] Taras Volkov 'Razor' killed Burer using wpn_ak74
[09:12:42] [COMBAT] Sergei Kovalenko 'Fox' killed Snork using wpn_mp5
[09:12:43] [COMBAT] Lars Popov 'Fox' killed Pseudodog using wpn_aksu
[09:12:43] [COMBAT] Oleg Petrov 'Bone' killed Pseudogiant using wpn_fn2000
[09:12:43] [COMBAT] Dmytro Petrenko 'Bone' killed Bohdan Ivanov 'Ash' using wpn_ak74
[09:12:43] [GEAR] Dmytro looted [wpn_fort12] via combat
[09:12:46] [COMBAT] Bohdan Ivanov 'Viper' killed Bloodsucker using wpn_ak74
[09:12:47] [COMBAT] Timur Petrov 'Ash' killed Flesh using wpn_aksu
[09:12:49] [CORPSE] Despawned 11 bodies (lifetime=294)
[09:12:49] [COMBAT] Alexei Bondarenko 'Bone' killed PsyDog using wpn_ak74
[09:12:49] [COMBAT] Serhiy Volkov 'Scar' killed Flesh using wpn_ak74
[09:12:50] [TASK] Vasyl → TradeRun [poi_macro_8] (goal=VisitTrader)
[09:12:50] [GOAL] Vasyl achieved VisitTrader
[09:12:50] [MISSION] Vasyl accepted ScoutPoi @ Zalissya (160 RU)
[09:12:50] [TASK] Vasyl → AcceptMission [ScoutPoi] (goal=AcceptMission)
[09:12:50] [GOAL] Vasyl achieved AcceptMission
[09:12:50] [COMBAT] Serhiy Petrenko 'Stitch' killed BlindDog using wpn_ak74
[09:12:50] [RANK] Sergei Ivanov 'Fox' → Trainee
[RankSystem] Sergei Ivanov 'Fox' promoted to Trainee!
[09:12:50] [COMBAT] Sergei Ivanov 'Fox' killed BlindDog using wpn_fn2000
[09:12:50] [COMBAT] Ivan Petrov 'Wolf' killed BlindDog using wpn_mp5
[09:12:50] [COMBAT] Alexei Shevchenko 'Wolf' killed Bloodsucker using wpn_ak74
[09:12:50] [MISSION] Nikolai accepted ScoutPoi @ Wild Territory (176 RU)
[09:12:50] [TASK] Nikolai → AcceptMission [ScoutPoi] (goal=AcceptMission)
[09:12:50] [GOAL] Nikolai achieved AcceptMission
[09:12:51] [COMBAT] Alexei Kovalenko 'Stitch' killed Poltergeist using wpn_ak74
[09:12:51] [COMBAT] Nikolai Ivanov 'Crow' killed BlindDog using wpn_ak74
[09:12:53] [COMBAT] Pierre Melnyk 'Jackal' killed Snork using wpn_fn2000
[09:12:53] [COMBAT] Jake Ivanov 'Scar' killed BlindDog using wpn_mp5
[09:12:56] [COMBAT] Vasyl Melnyk 'Jackal' killed PsyDog using wpn_spas12
[09:12:56] [COMBAT] Dmitri Shevchenko 'Crow' killed Lurker using wpn_ak74
[09:12:57] [COMBAT] Mikhail Shevchenko 'Spark' killed Dmytro Kovalenko 'Raven' using wpn_fn2000
[09:12:57] [GEAR] Mikhail looted [arm_exo, helm_exo] via combat
[09:12:59] [RANK] Oleg Bondarenko 'Shadow' → Trainee
[RankSystem] Oleg Bondarenko 'Shadow' promoted to Trainee!
[09:12:59] [COMBAT] Oleg Bondarenko 'Shadow' killed Lurker using wpn_mp5
[09:12:59] [COMBAT] Bohdan Petrov 'Badger' killed Pseudodog using wpn_fn2000
[09:13:01] [COMBAT] Dmitri Volkov 'Stitch' killed Tushkano using wpn_fn2000
[09:13:01] [RANK] Pavel Ivanov 'Bullet' → Trainee
[RankSystem] Pavel Ivanov 'Bullet' promoted to Trainee!
[09:13:01] [COMBAT] Pavel Ivanov 'Bullet' killed Snork using wpn_fort12
[09:13:03] [COMBAT] Sergei Ivanov 'Razor' killed BlindDog using wpn_sg550
[09:13:03] [COMBAT] Dmitri Melnyk 'Razor' killed Tushkano using wpn_fn2000
[09:13:05] [COMBAT] Sergei Bondarenko 'Raven' killed Andriy Bondarenko 'Badger' using wpn_ak74
[09:13:05] [COMBAT] Pavel Popov 'Viper' killed Poltergeist using wpn_fn2000
[09:13:05] [COMBAT] Viktor Kovalenko 'Scar' killed Rat using wpn_ak74
[09:13:07] [COMBAT] Mikhail Sokolov 'Shadow' killed Tushkano using wpn_sg550
[09:13:09] [COMBAT] Vasyl Popov 'Stitch' killed Andrei Popov 'Ash' using wpn_pm
[09:13:09] [GEAR] Vasyl looted [wpn_fn2000, wpn_fort12, out_monolith_trenchcoat_outfit] via combat
[09:13:10] [COMBAT] Timur Ivanov 'Razor' killed Poltergeist using wpn_sg550
[09:13:11] [SNAPSHOT] real=12.8min game=D0 00:23 alive S=703 M=569 corpses=1005 lootable=559 gammaGear out=388 helm=605 avgRU=860 leaderGoals trade=0 mission=183 emission=Dormant nextIn=95gmin desperate=0 hungry=0 interval deaths=63 combats=93 tasks=3 gearLoot=3 gearBuy=0 missions=2 corpseDespawn=11 trickleSpawns=0 ranks=[Rookie:685,Trainee:13,Experienced:4,Professional:1] goals=[CompleteMission::183,Idle:103,Traveling:7] leaders: Andriy[Rookie/Idle], Bohdan[Rookie/Idle], Andrei[Rookie/Idle], Mikhail[Rookie/Idle], Dmytro[Rookie/CompleteMission:]
[09:13:11] [CORPSE] Despawned 20 bodies (lifetime=314)
[09:13:11] [COMBAT] Mikhail Popov 'Shadow' killed BlindDog using wpn_fort12
[09:13:12] [COMBAT] Andrei Shevchenko 'Spark' killed Boar using wpn_mp5
[09:13:12] [COMBAT] Andriy Petrenko 'Jackal' killed Lurker using wpn_ak74
[09:13:12] [COMBAT] Oleksiy Petrenko 'Mole' killed Burer using wpn_ak74
[09:13:12] [COMBAT] Pavel Petrov 'Fox' killed Igor Ivanov 'Scar' using wpn_mp5
[09:13:12] [GEAR] Pavel looted [wpn_pm] via combat
[09:13:12] [COMBAT] Ivan Popov 'Bullet' killed Rat using wpn_ak74
[09:13:12] [COMBAT] Nikolai Petrenko 'Fox' killed Sean Sokolov 'Viper' using wpn_fn2000
[09:13:12] [COMBAT] Bakhyt Ivanov 'Badger' killed BlindDog using wpn_fn2000
[09:13:12] [COMBAT] Bakhyt Kovalenko 'Scar' killed Dmytro Melnyk 'Viper' using wpn_sg550
[09:13:12] [GEAR] Bakhyt looted [helm_helm_respirator_old] via combat
[09:13:12] [COMBAT] Oleksiy Sokolov 'Mole' killed Lurker using wpn_fn2000
[09:13:12] [COMBAT] Pavel Petrenko 'Razor' killed Snork using wpn_ak74
[09:13:12] [COMBAT] Mikhail Ivanov 'Stitch' killed Fracture using wpn_mp5
[09:13:12] [COMBAT] Yuriy Popov 'Fox' killed Dmytro Ivanov 'Wolf' using wpn_ak74
[09:13:12] [COMBAT] Rustam Melnyk 'Crow' killed Lurker using wpn_sg550
[09:13:12] [COMBAT] Nikolai Kovalenko 'Viper' killed PsyDog using wpn_ak74
[09:13:12] [COMBAT] Yuriy Volkov 'Ghost' killed Bloodsucker using wpn_fn2000
[09:13:12] [COMBAT] Oleksiy Petrov 'Spark' killed Tushkano using wpn_ak74
[09:13:12] [COMBAT] Andrei Volkov 'Wolf' killed Rustam Ivanov 'Shadow' using wpn_ak74
[09:13:13] [COMBAT] Oleg Shevchenko 'Ghost' killed Bloodsucker using wpn_fn2000
[09:13:14] [COMBAT] Vasyl Bondarenko 'Ghost' killed Alibek Petrenko 'Stitch' using wpn_fn2000
[09:13:14] [COMBAT] Oleksiy Popov 'Stitch' killed Fracture using wpn_fn2000
[09:13:15] [COMBAT] Taras Bondarenko 'Bullet' killed Serhiy Popov 'Bone' using wpn_mp5
[09:13:15] [COMBAT] Nikolai Sokolov 'Crow' killed Pseudogiant using wpn_fn2000
[09:13:15] [COMBAT] Bohdan Kovalenko 'Wolf' killed BlindDog using wpn_ak74
[09:13:15] [COMBAT] Mikhail Ivanov 'Shadow' killed Poltergeist using wpn_fn2000
[09:13:15] [COMBAT] Vasyl Sokolov 'Ash' killed Flesh using wpn_ak74
[09:13:15] [COMBAT] Pierre Ivanov 'Wolf' killed Alexei Bondarenko 'Bone' using wpn_sg550
[09:13:15] [GEAR] Pierre looted [wpn_sg550, helm_exo] via combat
[09:13:15] [COMBAT] Connor Popov 'Bullet' killed Giorgi Popov 'Fox' using wpn_svd
[09:13:15] [GEAR] Connor looted [wpn_ak74, helm_helm_ranger] via combat
[09:13:15] [COMBAT] Serhiy Melnyk 'Razor' killed Snork using wpn_fn2000
[09:13:15] [COMBAT] Andrei Volkov 'Badger' killed Dog using wpn_pm
[09:13:15] [COMBAT] Yuriy Melnyk 'Ash' killed Rat using wpn_sg550
[09:13:15] [COMBAT] Oleg Melnyk 'Wolf' killed Poltergeist using wpn_ak74
[09:13:15] [MISSION] Taras accepted ScoutPoi @ Cordon (160 RU)
[09:13:15] [TASK] Taras → AcceptMission [ScoutPoi] (goal=AcceptMission)
[09:13:15] [GOAL] Taras achieved AcceptMission
[09:13:16] [COMBAT] Pavel Melnyk 'Wolf' killed Snork using wpn_fn2000
[09:13:16] [COMBAT] Ivan Petrov 'Spark' killed Boar using wpn_ak74
[09:13:16] [COMBAT] Oleksiy Petrov 'Spark' killed Poltergeist using wpn_pm
[09:13:16] [COMBAT] Vasyl Kovalenko 'Stitch' killed Flesh using wpn_ak74
[09:13:16] [COMBAT] Bakhyt Melnyk 'Shadow' killed Bloodsucker using wpn_aksu
[09:13:17] [SPAWN] Trickle +1 stalkers, +0 mutants
[09:13:17] [COMBAT] Bohdan Melnyk 'Broken Nose' killed Nikolai Popov 'Viper' using wpn_fort12
[09:13:17] [GEAR] Bohdan looted [helm_helm_bandana] via combat
[09:13:17] [MISSION] Dmytro accepted ScoutPoi @ Limansk (210 RU)
[09:13:17] [TASK] Dmytro → AcceptMission [ScoutPoi] (goal=AcceptMission)
[09:13:17] [GOAL] Dmytro achieved AcceptMission
[09:13:17] [COMBAT] Bohdan Kovalenko 'Crow' killed Poltergeist using wpn_pm
[09:13:17] [COMBAT] Dmitri Ivanov 'Scar' killed Bloodsucker using wpn_sg550
[09:13:17] [COMBAT] Mikhail Volkov 'Mole' killed Boar using wpn_ak74
[09:13:17] [COMBAT] Andrei Popov 'Ghost' killed BlindDog using wpn_ak74
[09:13:18] [COMBAT] Damir Shevchenko 'Wolf' killed Poltergeist using wpn_fn2000
[09:13:18] [COMBAT] Oleg Ivanov 'Ghost' killed BlindDog using wpn_mp5
[09:13:18] [COMBAT] Bohdan Popov 'Spark' killed Dog using wpn_mp5
[09:13:18] [COMBAT] Sean Shevchenko 'Viper' killed Fracture using wpn_mp5
[09:13:18] [COMBAT] Serhiy Kovalenko 'Ash' killed Pavel Ivanov 'Jackal' using wpn_mp5
[09:13:18] [GEAR] Serhiy looted [wpn_ak74, wpn_fort12, out_scientific_outfit, helm_helm_battle] via combat
[09:13:18] [COMBAT] Bakhyt Ivanov 'Bullet' killed Yuriy Melnyk 'Bone' using wpn_sg550
[09:13:18] [GEAR] Bakhyt looted [wpn_fort12, helm_helm_respirator_gp5] via combat
[09:13:18] [MISSION] Nodar accepted ScoutPoi @ Cordon (160 RU)
[09:13:18] [TASK] Nodar → AcceptMission [ScoutPoi] (goal=AcceptMission)
[09:13:18] [GOAL] Nodar achieved AcceptMission
[09:13:18] [COMBAT] Damir Melnyk 'Ash' killed Bloodsucker using wpn_fn2000
[09:13:18] [COMBAT] Oleg Volkov 'Lucky' killed Chimera using wpn_pm
[09:13:18] [COMBAT] Alexei Ivanov 'Stitch' killed Snork using wpn_ak74
[09:13:18] [COMBAT] Jake Volkov 'Shadow' killed Flesh using wpn_pm
[09:13:18] [COMBAT] Vasyl Popov 'Bullet' killed Rat using wpn_ak74
[09:13:18] [COMBAT] Yuriy Melnyk 'Crow' killed Snork using wpn_fort12
[09:13:18] [RANK] Serhiy Bondarenko 'Phantom' → Professional
[RankSystem] Serhiy Bondarenko 'Phantom' promoted to Professional!
[09:13:18] [COMBAT] Serhiy Bondarenko 'Phantom' killed Boar using wpn_ak74
[09:13:19] [COMBAT] Vasyl Shevchenko 'Razor' killed BlindDog using wpn_mp5
[09:13:19] [COMBAT] Yuriy Shevchenko 'Ugly' killed Snork using wpn_spas12
[09:13:19] [COMBAT] Zura Ivanov 'Fox' killed Burer using wpn_ak74
[09:13:19] [COMBAT] Ivan Petrov 'Wolf' killed Flesh using wpn_mp5
[09:13:19] [COMBAT] Bohdan Petrenko 'Phantom' killed Chimera using wpn_ak74
[09:13:19] [COMBAT] Bakhyt Petrov 'Razor' killed Controller using wpn_fn2000
[09:13:19] [COMBAT] Yuriy Kovalenko 'Ghost' killed Tushkano using wpn_aksu
[09:13:19] [COMBAT] Taras Ivanov 'Bullet' killed Bloodsucker using wpn_aksu
[09:13:19] [COMBAT] Bohdan Melnyk 'Raven' killed Snork using wpn_sg550
[09:13:20] [COMBAT] Sergei Bondarenko 'Stitch' killed Lurker using wpn_ak74
[09:13:20] [COMBAT] Nikolai Petrov 'Phantom' killed Fracture using wpn_aksu
[09:13:20] [COMBAT] Andriy Petrenko 'Badger' killed Pseudodog using wpn_fn2000
[09:13:20] [COMBAT] Oleg Petrenko 'Viper' killed Controller using wpn_fn2000
[09:13:20] [MISSION] Oleg accepted ScoutPoi @ Limansk (210 RU)
[09:13:20] [TASK] Oleg → AcceptMission [ScoutPoi] (goal=AcceptMission)
[09:13:20] [GOAL] Oleg achieved AcceptMission
[09:13:21] [COMBAT] Viktor Sokolov 'Badger' killed Vasyl Popov 'Raven' using wpn_spas12
[09:13:21] [GEAR] Viktor looted [wpn_fn2000, wpn_sg550, arm_exo, helm_helm_spartan] via combat
[09:13:21] [COMBAT] Andriy Petrenko 'Bullet' killed Burer using wpn_pm
[09:13:21] [COMBAT] Marcus Shevchenko 'The Rat' killed Controller using wpn_fn2000
[09:13:21] [COMBAT] Andriy Melnyk 'Stitch' killed Viktor Kovalenko 'Crow' using wpn_ak74
[09:13:21] [GEAR] Andriy looted [wpn_ak74, wpn_fort12, arm_duty, helm_gas] via combat
[09:13:21] [COMBAT] Oleksiy Petrenko 'Phantom' killed Pseudodog using wpn_fort12
[09:13:21] [COMBAT] Damir Bondarenko 'Shadow' killed Bloodsucker using wpn_ak74
[09:13:21] [COMBAT] Alexei Sokolov 'Lucky' killed Bloodsucker using wpn_pm
[09:13:22] [COMBAT] Andriy Shevchenko 'Crow' killed Pseudodog using wpn_pm
[09:13:22] [COMBAT] Oleg Ivanov 'Ghost' killed Fracture using wpn_ak74
[09:13:22] [COMBAT] Dmitri Volkov 'Mole' killed Flesh using wpn_ak74
[09:13:22] [MISSION] Yuriy accepted ScoutPoi @ Zalissya (160 RU)
[09:13:22] [TASK] Yuriy → AcceptMission [ScoutPoi] (goal=AcceptMission)
[09:13:22] [GOAL] Yuriy achieved AcceptMission
[09:13:22] [COMBAT] Vasyl Ivanov 'Wolf' killed Pavel Volkov 'Wolf' using wpn_ak74
[09:13:22] [GEAR] Vasyl looted [wpn_ak74, helm_bandana] via combat
[09:13:22] [COMBAT] Igor Melnyk 'Phantom' killed Bloodsucker using wpn_pm
[09:13:22] [COMBAT] Alibek Shevchenko 'Stitch' killed Snork using wpn_ak74
[09:13:23] [COMBAT] Sergei Melnyk 'Crow' killed Dmitri Kovalenko 'Mole' using wpn_ak74
[09:13:23] [COMBAT] Pavel Melnyk 'Mole' killed Lurker using wpn_aksu
[09:13:23] [COMBAT] Giorgi Bondarenko 'Mole' killed Fracture using wpn_fn2000
[09:13:23] [MISSION] Igor accepted ScoutPoi @ Limansk (210 RU)
[09:13:23] [TASK] Igor → AcceptMission [ScoutPoi] (goal=AcceptMission)
[09:13:23] [GOAL] Igor achieved AcceptMission
[09:13:23] [COMBAT] Mykola Petrov 'Stitch' killed Burer using wpn_ak74
[09:13:23] [COMBAT] Timur Popov 'Wolf' killed Serhiy Volkov 'Wolf' using wpn_ak74
[09:13:23] [GEAR] Timur looted [wpn_fn2000, wpn_sg550, arm_exo, helm_helm_battle] via combat
[09:13:23] [COMBAT] Nikolai Petrenko 'Wolf' killed Boar using wpn_ak74
[09:13:24] [COMBAT] Alexei Petrov 'Ash' killed Pseudodog using wpn_aksu
[09:13:24] [COMBAT] Giorgi Petrenko 'Bullet' killed Poltergeist using wpn_ak74
[09:13:24] [COMBAT] Oleksiy Petrov 'Broken Nose' killed BlindDog using wpn_spas12
[09:13:24] [COMBAT] Andrei Petrov 'Phantom' killed Bloodsucker using wpn_ak74
[09:13:24] [COMBAT] Dmitri Shevchenko 'Spark' killed Andrei Petrenko 'Wolf' using wpn_ak74
[09:13:24] [GEAR] Dmitri looted [helm_helm_respirator_old] via combat
[09:13:25] [COMBAT] Vasyl Kovalenko 'Jackal' killed Bohdan Kovalenko 'Fox' using wpn_ak74
[09:13:25] [GEAR] Vasyl looted [wpn_fort12] via combat
[09:13:25] [COMBAT] Dmitri Melnyk 'Razor' killed Snork using wpn_fn2000
[09:13:25] [COMBAT] Connor Volkov 'Lucky' killed PsyDog using wpn_svd
[09:13:26] [COMBAT] Viktor Sokolov 'Scar' killed Alibek Shevchenko 'Wolf' using wpn_ak74
[09:13:26] [COMBAT] Viktor Sokolov 'Jackal' killed Snork using wpn_ak74
[09:13:26] [COMBAT] Dmytro Petrenko 'Bone' killed Burer using wpn_ak74
[09:13:26] [COMBAT] Marcus Volkov 'Ash' killed Lurker using wpn_sg550
[09:13:26] [COMBAT] Mykola Popov 'Razor' killed Pseudodog using wpn_ak74
[09:13:26] [COMBAT] Dmytro Melnyk 'Crow' killed Boar using wpn_aksu
[09:13:26] [COMBAT] Yuriy Petrov 'Viper' killed Tushkano using wpn_aksu
[09:13:26] [COMBAT] Oleksiy Shevchenko 'Jackal' killed Snork using wpn_ak74
[09:13:26] [COMBAT] Alexei Kovalenko 'Jackal' killed Fracture using wpn_fn2000
[09:13:26] [COMBAT] Andriy Melnyk 'Scar' killed Zura Bondarenko 'Ash' using wpn_aksu
[09:13:26] [GEAR] Andriy looted [wpn_ak74, out_dolg_pantsir_outfit] via combat
[09:13:26] [MISSION] Sergei accepted ScoutPoi @ Zalissya (160 RU)
[09:13:26] [TASK] Sergei → AcceptMission [ScoutPoi] (goal=AcceptMission)
[09:13:26] [GOAL] Sergei achieved AcceptMission
[09:13:26] [COMBAT] Armen Volkov 'Wolf' killed Dmytro Melnyk 'Badger' using wpn_ak74
[09:13:26] [MISSION] Andrei accepted ScoutPoi @ Yantar (160 RU)
[09:13:26] [TASK] Andrei → AcceptMission [ScoutPoi] (goal=AcceptMission)
[09:13:26] [GOAL] Andrei achieved AcceptMission
[09:13:28] [COMBAT] Tobias Sokolov 'Raven' killed Fracture using wpn_fn2000
[09:13:28] [COMBAT] Giorgi Melnyk 'Fox' killed Lars Kovalenko 'Crow' using wpn_ak74
[09:13:28] [GEAR] Giorgi looted [wpn_sg550, wpn_mp5, out_exo_merc_grass_outfit, helm_helm_tactic] via combat
[09:13:28] [COMBAT] Mikhail Kovalenko 'Razor' killed PsyDog using wpn_aksu
[09:13:28] [COMBAT] Dmytro Kovalenko 'Scar' killed Tushkano using wpn_sg550
[09:13:28] [COMBAT] Bohdan Bondarenko 'Shadow' killed Rat using wpn_aksu
[09:13:28] [COMBAT] Viktor Petrov 'Mole' killed Burer using wpn_ak74
[09:13:28] [COMBAT] Yuriy Sokolov 'Ugly' killed Taras Shevchenko 'Ash' using wpn_pm
[09:13:28] [GEAR] Yuriy looted [wpn_aksu, wpn_pm, out_cs_stalker_outfit] via combat
[09:13:28] [COMBAT] Vasyl Sokolov 'Spark' killed Bloodsucker using wpn_mp5
[09:13:29] [COMBAT] Vasyl Petrenko 'Spark' killed Oleksiy Petrov 'Ghost' using wpn_ak74
[09:13:29] [COMBAT] Viktor Melnyk 'Jackal' killed Snork using wpn_ak74
[09:13:29] [COMBAT] Sergei Popov 'Razor' killed Pseudodog using wpn_fort12
[09:13:30] [COMBAT] Lasha Petrov 'Ash' killed Ivan Petrov 'Bone' using wpn_sg550
[09:13:30] [CORPSE] Despawned 21 bodies (lifetime=335)
[09:13:30] [COMBAT] Andriy Bondarenko 'Viper' killed Bloodsucker using wpn_aksu
[09:13:30] [COMBAT] Alexei Bondarenko 'Bullet' killed Oleksiy Petrov 'Phantom' using wpn_ak74
[09:13:31] [GEAR] Alexei looted [wpn_sg550, arm_duty, helm_helm_tactic] via combat
[09:13:31] [COMBAT] Sergei Ivanov 'Fox' killed Lurker using wpn_fn2000
[09:13:31] [COMBAT] Zura Ivanov 'Badger' killed BlindDog using wpn_ak74
[09:13:32] [COMBAT] Sergei Petrenko 'Ash' killed Boar using wpn_fn2000
[09:13:32] [MISSION] Dmytro accepted ScoutPoi @ Cordon (160 RU)
[09:13:32] [TASK] Dmytro → AcceptMission [ScoutPoi] (goal=AcceptMission)
[09:13:32] [GOAL] Dmytro achieved AcceptMission
[09:13:32] [COMBAT] Sergei Ivanov 'Razor' killed Zura Melnyk 'Knuckle' using wpn_sg550
[09:13:32] [GEAR] Sergei looted [wpn_fort12] via combat
[09:13:32] [COMBAT] Bohdan Petrenko 'Jackal' killed Pseudodog using wpn_aksu
[09:13:33] [COMBAT] Serhiy Melnyk 'Wolf' killed Fracture using wpn_ak74
[09:13:33] [COMBAT] Igor Kovalenko 'Viper' killed Yuriy Shevchenko 'Ugly' using wpn_sg550
[09:13:33] [GEAR] Igor looted [helm_helm_respirator] via combat
[09:13:33] [TASK] Bakhyt → TradeRun [poi_macro_6] (goal=VisitTrader)
[09:13:33] [GOAL] Bakhyt achieved VisitTrader
[09:13:33] [COMBAT] Zura Melnyk 'Bullet' killed Pseudodog using wpn_ak74
[09:13:33] [MISSION] Bakhyt accepted ScoutPoi @ Agroprom (164 RU)
[09:13:33] [TASK] Bakhyt → AcceptMission [ScoutPoi] (goal=AcceptMission)
[09:13:33] [GOAL] Bakhyt achieved AcceptMission
[09:13:34] [COMBAT] Lasha Popov 'Shadow' killed Snork using wpn_fn2000
[09:13:34] [COMBAT] Taras Melnyk 'Fox' killed Snork using wpn_aksu
[09:13:35] [COMBAT] Karl Kovalenko 'Badger' killed Poltergeist using wpn_aksu
[09:13:35] [COMBAT] Ivan Petrov 'Raven' killed Snork using wpn_fn2000
[09:13:36] [COMBAT] Bohdan Melnyk 'Badger' killed Pseudodog using wpn_aksu
[09:13:36] [RANK] Dmytro Kovalenko 'Razor' → Trainee
[RankSystem] Dmytro Kovalenko 'Razor' promoted to Trainee!
[09:13:36] [COMBAT] Dmytro Kovalenko 'Razor' killed Boar using wpn_ak74
[09:13:36] [COMBAT] Alexei Popov 'Jackal' killed Boar using wpn_ak74
[09:13:36] [COMBAT] Damir Bondarenko 'Shadow' killed Burer using wpn_ak74
[09:13:36] [COMBAT] Zura Volkov 'Razor' killed Fracture using wpn_fn2000
[09:13:36] [COMBAT] Taras Kovalenko 'Wolf' killed Chimera using wpn_fn2000
[09:13:36] [COMBAT] Andrei Volkov 'Badger' killed Oleksiy Popov 'Phantom' using wpn_pm
[09:13:36] [GEAR] Andrei looted [wpn_aksu, out_stalker_predator_outfit, helm_helm_respirator] via combat
[09:13:37] [COMBAT] Pavel Petrenko 'Razor' killed Boar using wpn_ak74
[09:13:37] [COMBAT] Mikhail Shevchenko 'Spark' killed Bloodsucker using wpn_fn2000
[09:13:37] [COMBAT] Andrei Shevchenko 'Spark' killed Oleg Petrenko 'Ash' using wpn_mp5
[09:13:37] [GEAR] Andrei looted [arm_exo, helm_helm_metro] via combat
[09:13:37] [COMBAT] Igor Sokolov 'Bone' killed Tushkano using wpn_sg550
[09:13:37] [TASK] Nodar → TradeRun [poi_macro_12] (goal=VisitTrader)
[09:13:37] [GOAL] Nodar achieved VisitTrader
[09:13:37] [MISSION] Nodar accepted ScoutPoi @ Wild Territory (176 RU)
[09:13:37] [TASK] Nodar → AcceptMission [ScoutPoi] (goal=AcceptMission)
[09:13:37] [GOAL] Nodar achieved AcceptMission
[09:13:38] [COMBAT] Yuriy Melnyk 'Ash' killed Tushkano using wpn_sg550
[09:13:38] [COMBAT] Mikhail Sokolov 'Bullet' killed Controller using wpn_fn2000
[09:13:38] [COMBAT] Yuriy Petrov 'Spark' killed Flesh using wpn_pm
[09:13:38] [COMBAT] Lasha Ivanov 'Bullet' killed Flesh using wpn_ak74
[09:13:38] [COMBAT] Giorgi Sokolov 'Ghost' killed PsyDog using wpn_ak74
[09:13:39] [COMBAT] Oleksiy Melnyk 'Bullet' killed Bloodsucker using wpn_sg550
[09:13:39] [RANK] Nikolai Petrenko 'Ash' → Trainee
[RankSystem] Nikolai Petrenko 'Ash' promoted to Trainee!
[09:13:39] [COMBAT] Nikolai Petrenko 'Ash' killed Flesh using wpn_ak74
[09:13:39] [COMBAT] Nikolai Popov 'Crow' killed Dog using wpn_ak74
[09:13:39] [COMBAT] Armen Ivanov 'Wolf' killed Bloodsucker using wpn_svd
[09:13:39] [COMBAT] Yuriy Melnyk 'Crow' killed Flesh using wpn_fort12
[09:13:39] [COMBAT] Damir Shevchenko 'Wolf' killed Lurker using wpn_fn2000
[09:13:39] [COMBAT] Ivan Petrov 'Bullet' killed Snork using wpn_ak74
[09:13:39] [COMBAT] Igor Kovalenko 'Mole' killed Viktor Petrenko 'Jackal' using wpn_mp5
[09:13:39] [GEAR] Igor looted [wpn_mp5, arm_duty] via combat
[09:13:39] [COMBAT] Andrei Kovalenko 'Scar' killed Bloodsucker using wpn_mp5
[09:13:40] [COMBAT] Bakhyt Ivanov 'Bullet' killed Vasyl Petrenko 'Raven' using wpn_sg550
[09:13:40] [COMBAT] Oleg Ivanov 'Ghost' killed Nodar Petrenko 'Bullet' using wpn_ak74
[09:13:40] [GEAR] Oleg looted [out_stalker_outfit] via combat
[09:13:40] [COMBAT] Igor Volkov 'Jackal' killed Snork using wpn_ak74
[09:13:40] [COMBAT] Sergei Sokolov 'Razor' killed Poltergeist using wpn_ak74
[09:13:40] [COMBAT] Andriy Bondarenko 'Raven' killed Flesh using wpn_sg550
[09:13:40] [COMBAT] Alexei Ivanov 'Raven' killed Tushkano using wpn_sg550
[09:13:41] [MISSION] Andrei accepted ScoutPoi @ Zalissya (160 RU)
[09:13:41] [TASK] Andrei → AcceptMission [ScoutPoi] (goal=AcceptMission)
[09:13:41] [GOAL] Andrei achieved AcceptMission
[09:13:41] [MISSION] Zura accepted ScoutPoi @ Chernobyl Town (160 RU)
[09:13:41] [TASK] Zura → AcceptMission [ScoutPoi] (goal=AcceptMission)
[09:13:41] [GOAL] Zura achieved AcceptMission
[09:13:41] [COMBAT] Andrei Melnyk 'Jackal' killed Rat using wpn_fn2000
[09:13:41] [COMBAT] Mykola Popov 'Badger' killed Bloodsucker using wpn_pm
[09:13:42] [SNAPSHOT] real=13.3min game=D0 00:24 alive S=511 M=438 corpses=1288 lootable=711 gammaGear out=282 helm=449 avgRU=861 leaderGoals trade=2 mission=146 emission=Dormant nextIn=95gmin desperate=0 hungry=0 interval deaths=193 combats=324 tasks=15 gearLoot=23 gearBuy=0 missions=13 corpseDespawn=41 trickleSpawns=1 ranks=[Rookie:493,Trainee:14,Experienced:2,Professional:2] goals=[CompleteMission::146,Idle:92,Traveling:3,VisitTrader::2] leaders: Andriy[Rookie/Idle], Bohdan[Rookie/Idle], Andrei[Rookie/Idle], Mikhail[Rookie/Idle], Dmytro[Rookie/CompleteMission:]
[09:13:42] [COMBAT] Sergei Bondarenko 'Mole' killed Flesh using wpn_sg550
[09:13:43] [COMBAT] Andrei Volkov 'Wolf' killed Boar using wpn_ak74
[09:13:43] [COMBAT] Bohdan Sokolov 'Crow' killed Flesh using wpn_ak74
[09:13:43] [COMBAT] Alibek Petrenko 'The Rat' killed Rustam Popov 'Phantom' using wpn_spas12
[09:13:43] [GEAR] Alibek looted [wpn_ak74, out_stalker_bear_outfit] via combat
[09:13:43] [MISSION] Oleksiy accepted ScoutPoi @ Limansk (210 RU)
[09:13:43] [TASK] Oleksiy → AcceptMission [ScoutPoi] (goal=AcceptMission)
[09:13:43] [GOAL] Oleksiy achieved AcceptMission
[09:13:44] [COMBAT] Sergei Melnyk 'Crow' killed Frank Ivanov 'Ugly' using wpn_ak74
[09:13:44] [GEAR] Sergei looted [wpn_fn2000, helm_exo] via combat
[09:13:44] [COMBAT] Armen Popov 'Raven' killed Karl Sokolov 'Shadow' using wpn_ak74
[09:13:44] [GEAR] Armen looted [wpn_sg550] via combat
[09:13:44] [COMBAT] Oleg Melnyk 'Ghost' killed Timur Shevchenko 'Fox' using wpn_pm
[09:13:44] [GEAR] Oleg looted [wpn_ak74, out_stalker_autumn_outfit] via combat
[09:13:44] [COMBAT] Jake Ivanov 'Scar' killed Fracture using wpn_mp5
[09:13:45] [COMBAT] Andriy Petrov 'Ash' killed Snork using wpn_aksu
[09:13:45] [COMBAT] Taras Ivanov 'Ghost' killed Poltergeist using wpn_mp5
[09:13:45] [COMBAT] Igor Melnyk 'Shadow' killed Oleksiy Petrenko 'Phantom' using wpn_sg550
[09:13:45] [COMBAT] Sean Petrenko 'Stitch' killed Bohdan Popov 'Spark' using wpn_fn2000
[09:13:45] [COMBAT] Tobias Sokolov 'Raven' killed Flesh using wpn_fn2000
[09:13:45] [COMBAT] Bohdan Melnyk 'Ghost' killed Boar using wpn_aksu
[09:13:45] [COMBAT] Bohdan Bondarenko 'Razor' killed Lurker using wpn_ak74
[09:13:45] [COMBAT] Pavel Sokolov 'Fox' killed Lurker using wpn_spas12
[09:13:45] [COMBAT] Jake Volkov 'Shadow' killed Bohdan Melnyk 'Broken Nose' using wpn_pm
[09:13:45] [GEAR] Jake looted [wpn_fort12, wpn_fort12, helm_helm_bandana] via combat
[09:13:45] [COMBAT] Oleksiy Sokolov 'Mole' killed Snork using wpn_fn2000
[09:13:47] [COMBAT] Taras Sokolov 'Bullet' killed Tushkano using wpn_ak74
[09:13:47] [CORPSE] Despawned 18 bodies (lifetime=353)
[09:13:48] [RANK] Bohdan Petrov 'Badger' → Trainee
[RankSystem] Bohdan Petrov 'Badger' promoted to Trainee!
[09:13:48] [COMBAT] Bohdan Petrov 'Badger' killed BlindDog using wpn_fn2000
[09:13:48] [COMBAT] Pavel Ivanov 'Bullet' killed Dmitri Melnyk 'Razor' using wpn_fort12
[09:13:48] [GEAR] Pavel looted [wpn_fn2000, arm_exo, helm_gas] via combat
[09:13:48] [COMBAT] Zura Volkov 'Ghost' killed Tushkano using wpn_ak74
[09:13:48] [COMBAT] Pierre Shevchenko 'Ghost' killed Boar using wpn_sg550
[09:13:48] [MISSION] Oleg accepted ScoutPoi @ Zalissya (160 RU)
[09:13:48] [TASK] Oleg → AcceptMission [ScoutPoi] (goal=AcceptMission)
[09:13:48] [GOAL] Oleg achieved AcceptMission
[09:13:48] [COMBAT] Tobias Melnyk 'Two-Fingers' killed Pavel Petrov 'Fox' using wpn_svd
[09:13:48] [GEAR] Tobias looted [wpn_mp5] via combat
[09:13:49] [MISSION] Andrei accepted ScoutPoi @ Dark Valley (190 RU)
[09:13:49] [TASK] Andrei → AcceptMission [ScoutPoi] (goal=AcceptMission)
[09:13:49] [GOAL] Andrei achieved AcceptMission
[09:13:51] [COMBAT] Taras Bondarenko 'Stitch' killed Lurker using wpn_pm
[09:13:51] [COMBAT] Oleg Shevchenko 'Bone' killed Lurker using wpn_fort12
[09:13:53] [COMBAT] Andriy Melnyk 'Scar' killed Dog using wpn_ak74
[09:13:54] [COMBAT] Ivan Popov 'Bullet' killed Flesh using wpn_ak74
[09:13:54] [COMBAT] Andrei Bondarenko 'Bullet' killed Fracture using wpn_pm
[09:13:54] [COMBAT] Sergei Kovalenko 'Fox' killed BlindDog using wpn_mp5
[09:13:54] [COMBAT] Yuriy Volkov 'Viper' killed Bloodsucker using wpn_sg550
[09:13:55] [COMBAT] Bohdan Sokolov 'Bone' killed Fracture using wpn_ak74
[09:13:55] [COMBAT] Dmytro Volkov 'Viper' killed Snork using wpn_fn2000
[09:13:55] [COMBAT] Bakhyt Shevchenko 'Bullet' killed Pseudodog using wpn_sg550
[09:13:55] [COMBAT] Oleg Bondarenko 'Mole' killed Bloodsucker using wpn_fn2000
[09:13:55] [COMBAT] Mikhail Volkov 'Jackal' killed Snork using wpn_ak74
[09:13:56] [COMBAT] Igor Sokolov 'Fox' killed PsyDog using wpn_ak74
[09:13:56] [COMBAT] Viktor Kovalenko 'Scar' killed BlindDog using wpn_ak74
[09:13:57] [COMBAT] Andriy Melnyk 'Ghost' killed PsyDog using wpn_ak74
[09:13:57] [RANK] Sergei Shevchenko 'Ash' → Trainee
[RankSystem] Sergei Shevchenko 'Ash' promoted to Trainee!
[09:13:57] [COMBAT] Sergei Shevchenko 'Ash' killed Lurker using wpn_sg550
[09:13:57] [TASK] Yuriy → TradeRun [poi_macro_5] (goal=VisitTrader)
[09:13:57] [GOAL] Yuriy achieved VisitTrader
[09:13:58] [MISSION] Yuriy accepted ScoutPoi @ Garbage (160 RU)
[09:13:58] [TASK] Yuriy → AcceptMission [ScoutPoi] (goal=AcceptMission)
[09:13:58] [GOAL] Yuriy achieved AcceptMission
[09:13:58] [COMBAT] Dmitri Ivanov 'Scar' killed Viktor Sokolov 'Badger' using wpn_sg550
[09:13:58] [GEAR] Dmitri looted [wpn_fn2000, wpn_sg550, helm_helm_spartan] via combat
[09:13:59] [COMBAT] Damir Kovalenko 'Phantom' killed Chimera using wpn_ak74
[09:13:59] [TASK] Andriy → TradeRun [poi_macro_0] (goal=VisitTrader)
[09:13:59] [GOAL] Andriy achieved VisitTrader
[09:14:00] [MISSION] Andriy accepted ScoutPoi @ Cordon (160 RU)
[09:14:00] [TASK] Andriy → AcceptMission [ScoutPoi] (goal=AcceptMission)
[09:14:00] [GOAL] Andriy achieved AcceptMission
[09:14:01] [COMBAT] Vasyl Popov 'Bullet' killed PsyDog using wpn_ak74
[09:14:01] [COMBAT] Alexei Popov 'Jackal' killed Flesh using wpn_ak74
[09:14:02] [COMBAT] Lasha Ivanov 'Bullet' killed Sergei Bondarenko 'Spark' using wpn_ak74
[09:14:02] [GEAR] Lasha looted [wpn_pm] via combat
[09:14:02] [COMBAT] Oleksiy Bondarenko 'Ghost' killed Tushkano using wpn_pm
[09:14:02] [COMBAT] Alexei Ivanov 'Raven' killed Snork using wpn_sg550
[09:14:03] [COMBAT] Dmitri Shevchenko 'Viper' killed Connor Volkov 'Lucky' using wpn_ak74
[09:14:03] [GEAR] Dmitri looted [out_merc_exolight_outfit] via combat
[09:14:03] [COMBAT] Dmytro Petrenko 'Viper' killed Lurker using wpn_fn2000
[09:14:04] [COMBAT] Sergei Popov 'Razor' killed Rat using wpn_fort12
[09:14:04] [COMBAT] Karl Melnyk 'Knuckle' killed Lurker using wpn_spas12
[09:14:04] [COMBAT] Marcus Volkov 'Ash' killed Bloodsucker using wpn_sg550
[09:14:04] [COMBAT] Taras Volkov 'Spark' killed Lurker using wpn_pm
[09:14:05] [COMBAT] Viktor Sokolov 'Scar' killed Timur Popov 'Wolf' using wpn_ak74
[09:14:05] [GEAR] Viktor looted [wpn_fn2000, wpn_sg550] via combat
[09:14:05] [COMBAT] Dmytro Melnyk 'Bullet' killed Bloodsucker using wpn_pm
[09:14:05] [COMBAT] Yuriy Shevchenko 'Spark' killed Tushkano using wpn_ak74
[09:14:06] [COMBAT] Taras Shevchenko 'Bullet' killed Andriy Petrenko 'Bullet' using wpn_fn2000
[09:14:06] [GEAR] Taras looted [wpn_pm] via combat
[09:14:06] [COMBAT] Dmitri Ivanov 'Badger' killed Igor Melnyk 'Phantom' using wpn_fn2000
[09:14:06] [COMBAT] Pavel Popov 'Viper' killed Lurker using wpn_fn2000
[09:14:07] [COMBAT] Mikhail Popov 'Shadow' killed Fracture using wpn_fort12
[09:14:07] [COMBAT] Sergei Bondarenko 'Mole' killed Alexei Petrov 'Ash' using wpn_sg550
[09:14:08] [CORPSE] Despawned 18 bodies (lifetime=371)
[09:14:08] [COMBAT] Igor Petrov 'Spark' killed Oleg Volkov 'Spark' using wpn_pm
[09:14:08] [GEAR] Igor looted [wpn_ak74, wpn_fort12, out_stalker_drought_outfit] via combat
[09:14:08] [MISSION] Pavel accepted ScoutPoi @ Zalissya (160 RU)
[09:14:08] [TASK] Pavel → AcceptMission [ScoutPoi] (goal=AcceptMission)
[09:14:08] [GOAL] Pavel achieved AcceptMission
[09:14:08] [COMBAT] Nikolai Petrenko 'Ash' killed PsyDog using wpn_ak74
[09:14:08] [COMBAT] Alibek Bondarenko 'Viper' killed Boar using wpn_ak74
[09:14:09] [COMBAT] Vasyl Kovalenko 'Stitch' killed BlindDog using wpn_ak74
[09:14:09] [COMBAT] Jake Volkov 'Shadow' killed Burer using wpn_fort12
[09:14:09] [COMBAT] Dmytro Melnyk 'Crow' killed BlindDog using wpn_aksu
[09:14:10] [COMBAT] Yuriy Shevchenko 'Fox' killed Chimera using wpn_fn2000
[09:14:10] [COMBAT] Mykola Ivanov 'Scar' killed Bloodsucker using wpn_fn2000
[09:14:10] [RANK] Bakhyt Melnyk 'Shadow' → Trainee
[RankSystem] Bakhyt Melnyk 'Shadow' promoted to Trainee!
[09:14:10] [COMBAT] Bakhyt Melnyk 'Shadow' killed Bloodsucker using wpn_aksu
[09:14:11] [COMBAT] Bakhyt Melnyk 'Jackal' killed Taras Kovalenko 'Wolf' using wpn_pm
[09:14:11] [GEAR] Bakhyt looted [wpn_fn2000, arm_exo, helm_helm_exo] via combat
[09:14:12] [COMBAT] Bohdan Petrov 'Wolf' killed Sergei Ivanov 'Fox' using wpn_mp5
[09:14:12] [GEAR] Bohdan looted [wpn_fn2000, helm_exo] via combat
[09:14:13] [COMBAT] Oleg Popov 'Phantom' killed Dog using wpn_aksu
[09:14:14] [SNAPSHOT] real=13.8min game=D0 00:25 alive S=409 M=384 corpses=1408 lootable=782 gammaGear out=228 helm=358 avgRU=862 leaderGoals trade=3 mission=112 emission=Dormant nextIn=94gmin desperate=0 hungry=0 interval deaths=102 combats=156 tasks=8 gearLoot=15 gearBuy=0 missions=6 corpseDespawn=36 trickleSpawns=0 ranks=[Rookie:391,Trainee:15,Experienced:1,Professional:2] goals=[CompleteMission::112,Idle:82,VisitTrader::3,Traveling:2] leaders: Andriy[Rookie/Idle], Bohdan[Rookie/Idle], Andrei[Rookie/Idle], Mikhail[Rookie/Idle], Dmytro[Rookie/CompleteMission:]
[09:14:14] [COMBAT] Pavel Petrenko 'Razor' killed Rat using wpn_ak74
[09:14:14] [COMBAT] Bakhyt Petrov 'Mole' killed Controller using wpn_pm
[09:14:15] [COMBAT] Taras Bondarenko 'Bullet' killed Andriy Melnyk 'Scar' using wpn_mp5
[09:14:15] [GEAR] Taras looted [out_dolg_pantsir_outfit] via combat
[09:14:15] [COMBAT] Andrei Petrov 'Phantom' killed PsyDog using wpn_ak74
[09:14:16] [TASK] Oleksiy → TradeRun [poi_macro_12] (goal=VisitTrader)
[09:14:16] [GOAL] Oleksiy achieved VisitTrader
[09:14:16] [MISSION] Oleksiy accepted ScoutPoi @ Truck Cemetery (200 RU)
[09:14:16] [TASK] Oleksiy → AcceptMission [ScoutPoi] (goal=AcceptMission)
[09:14:16] [GOAL] Oleksiy achieved AcceptMission
[09:14:18] [MISSION] Jake accepted ScoutPoi @ Truck Cemetery (200 RU)
[09:14:18] [TASK] Jake → AcceptMission [ScoutPoi] (goal=AcceptMission)
[09:14:18] [GOAL] Jake achieved AcceptMission
[09:14:18] [COMBAT] Vasyl Petrov 'Ghost' killed Pseudodog using wpn_fn2000
[09:14:18] [COMBAT] Igor Sokolov 'Fox' killed Fracture using wpn_mp5
[09:14:19] [RANK] Oleg Ivanov 'Ghost' → Experienced
[RankSystem] Oleg Ivanov 'Ghost' promoted to Experienced!
[09:14:19] [COMBAT] Ivan Bondarenko 'Shadow' killed Snork using wpn_aksu
[09:14:19] [COMBAT] Armen Ivanov 'Wolf' killed Flesh using wpn_svd
[09:14:21] [COMBAT] Lasha Bondarenko 'Razor' killed Boar using wpn_svd
[09:14:21] [COMBAT] Serhiy Petrov 'Wolf' killed BlindDog using wpn_fn2000
[09:14:21] [COMBAT] Igor Kovalenko 'Mole' killed Vasyl Popov 'Bullet' using wpn_mp5
[09:14:21] [GEAR] Igor looted [wpn_mp5, arm_duty, helm_gas] via combat
[09:14:22] [RANK] Nikolai Ivanov 'Crow' → Experienced
[RankSystem] Nikolai Ivanov 'Crow' promoted to Experienced!
[09:14:22] [COMBAT] Nikolai Ivanov 'Crow' killed Oleg Ivanov 'Ghost' using wpn_ak74
[09:14:22] [GEAR] Nikolai looted [wpn_ak74, out_stalker_outfit, helm_helm_ach7ex] via combat
[09:14:22] [COMBAT] Mikhail Sokolov 'Shadow' killed Controller using wpn_sg550
[09:14:24] [COMBAT] Bohdan Melnyk 'Bone' killed Lurker using wpn_ak74
[09:14:25] [COMBAT] Yuriy Kovalenko 'Bullet' killed Bloodsucker using wpn_ak74
[09:14:25] [MISSION] Bohdan accepted ScoutPoi @ Cordon (160 RU)
[09:14:25] [TASK] Bohdan → AcceptMission [ScoutPoi] (goal=AcceptMission)
[09:14:25] [GOAL] Bohdan achieved AcceptMission
[09:14:25] [COMBAT] Bohdan Petrov 'Mole' killed Lurker using wpn_ak74
[09:14:27] [COMBAT] Yuriy Petrov 'Viper' killed Zura Volkov 'Wolf' using wpn_aksu
[09:14:27] [GEAR] Yuriy looted [wpn_sg550, out_stalker_graphite_outfit] via combat
[09:14:27] [COMBAT] Bohdan Sokolov 'Bullet' killed Flesh using wpn_ak74
[09:14:27] [COMBAT] Serhiy Kovalenko 'Raven' killed BlindDog using wpn_pm
[09:14:27] [COMBAT] Igor Petrov 'Stitch' killed Lurker using wpn_ak74
[09:14:28] [COMBAT] Bakhyt Ivanov 'Badger' killed Boar using wpn_fn2000
[09:14:29] [COMBAT] Heinrich Volkov 'Bullet' killed Burer using wpn_svd
[09:14:29] [COMBAT] Connor Petrov 'Raven' killed Vasyl Sokolov 'Spark' using wpn_svd
[09:14:29] [GEAR] Connor looted [wpn_mp5, helm_helm_m40] via combat
[09:14:29] [COMBAT] Ivan Melnyk 'Ash' killed Burer using wpn_sg550
[09:14:29] [COMBAT] Oleg Melnyk 'Spark' killed BlindDog using wpn_ak74
[09:14:30] [COMBAT] Bohdan Kovalenko 'Crow' killed Lasha Petrov 'Ash' using wpn_pm
[09:14:30] [GEAR] Bohdan looted [wpn_sg550, arm_duty, helm_tactic] via combat
[09:14:32] [CORPSE] Despawned 16 bodies (lifetime=387)
[09:14:32] [COMBAT] Sean Petrenko 'Stitch' killed Lurker using wpn_fn2000
[09:14:33] [COMBAT] Mykola Petrov 'Bone' killed BlindDog using wpn_pm
[09:14:33] [COMBAT] Serhiy Sokolov 'Stitch' killed Pavel Petrenko 'Razor' using wpn_pm
[09:14:33] [GEAR] Serhiy looted [wpn_ak74, out_scientific_outfit] via combat
[09:14:35] [COMBAT] Oleksiy Shevchenko 'Jackal' killed Lurker using wpn_ak74
[09:14:35] [COMBAT] Taras Sokolov 'Raven' killed Pseudodog using wpn_ak74
[09:14:35] [COMBAT] Marcus Volkov 'Ash' killed Controller using wpn_sg550
[09:14:35] [COMBAT] Nikolai Ivanov 'Raven' killed Pseudodog using wpn_ak74
[09:14:36] [COMBAT] Pavel Popov 'Badger' killed Controller using wpn_fn2000
[09:14:36] [COMBAT] Bohdan Petrov 'Stitches' killed Lasha Ivanov 'Bullet' using wpn_svd
[09:14:36] [GEAR] Bohdan looted [out_specops_outfit] via combat
[09:14:37] [COMBAT] Taras Sokolov 'Bullet' killed Rat using wpn_ak74
[09:14:37] [COMBAT] Andriy Petrenko 'Badger' killed PsyDog using wpn_fn2000
[09:14:38] [SPAWN] Trickle +1 stalkers, +0 mutants
[09:14:38] [MISSION] Mykola accepted ScoutPoi @ Buriakivka Waste Site (236 RU)
[09:14:38] [TASK] Mykola → AcceptMission [ScoutPoi] (goal=AcceptMission)
[09:14:38] [GOAL] Mykola achieved AcceptMission
[09:14:38] [COMBAT] Andriy Petrov 'Ash' killed Bloodsucker using wpn_aksu
[09:14:38] [COMBAT] Armen Popov 'Raven' killed Mikhail Shevchenko 'Spark' using wpn_ak74
[09:14:38] [GEAR] Armen looted [wpn_fn2000, wpn_sg550, helm_exo] via combat
[09:14:41] [COMBAT] Sergei Popov 'Razor' killed Flesh using wpn_fort12
[09:14:42] [COMBAT] Oleksiy Petrov 'Broken Nose' killed Serhiy Petrenko 'Raven' using wpn_spas12
[09:14:42] [GEAR] Oleksiy looted [out_stalker_autumn_outfit] via combat
[09:14:42] [COMBAT] Nikolai Bondarenko 'Raven' killed Snork using wpn_ak74
[09:14:44] [COMBAT] Andrei Petrov 'Ghost' killed Burer using wpn_ak74
[09:14:45] [TASK] Dmitri → TradeRun [poi_macro_5] (goal=VisitTrader)
[09:14:45] [GOAL] Dmitri achieved VisitTrader
[09:14:45] [MISSION] Dmitri accepted ScoutPoi @ Agroprom (164 RU)
[09:14:45] [TASK] Dmitri → AcceptMission [ScoutPoi] (goal=AcceptMission)
[09:14:45] [GOAL] Dmitri achieved AcceptMission
[09:14:45] [COMBAT] Oleg Melnyk 'Ghost' killed Boar using wpn_ak74
[09:14:46] [SNAPSHOT] real=14.4min game=D0 00:25 alive S=372 M=350 corpses=1464 lootable=806 gammaGear out=205 helm=326 avgRU=862 leaderGoals trade=1 mission=99 emission=Dormant nextIn=93gmin desperate=0 hungry=0 interval deaths=38 combats=72 tasks=7 gearLoot=10 gearBuy=0 missions=5 corpseDespawn=16 trickleSpawns=1 ranks=[Rookie:355,Trainee:14,Experienced:2,Professional:1] goals=[CompleteMission::99,Idle:82,VisitTrader::1,Traveling:1] leaders: Andriy[Rookie/Idle], Bohdan[Rookie/Idle], Andrei[Rookie/Idle], Mikhail[Rookie/Idle], Dmytro[Rookie/CompleteMission:]
[09:14:46] [COMBAT] Pierre Shevchenko 'Ghost' killed Boar using wpn_sg550
[09:14:47] [COMBAT] Andrei Bondarenko 'Bullet' killed Pseudodog using wpn_pm
[09:14:50] [COMBAT] Taras Bondarenko 'Bullet' killed Tushkano using wpn_mp5
[09:14:50] [COMBAT] Ivan Kovalenko 'Bone' killed Chimera using wpn_ak74
[09:14:51] [COMBAT] Sergei Bondarenko 'Mole' killed Pseudodog using wpn_sg550
[09:14:51] [COMBAT] Ivan Petrov 'Wolf' killed Dog using wpn_mp5
[09:14:51] [COMBAT] Nikolai Ivanov 'Wolf' killed Controller using wpn_aksu
[09:14:52] [COMBAT] Dmitri Petrenko 'Scar' killed Yuriy Sokolov 'Viper' using wpn_ak74
[09:14:52] [GEAR] Dmitri looted [wpn_fort12, out_nomad_outfit, helm_helm_ach7ex] via combat
[09:14:54] [MISSION] Serhiy accepted ScoutPoi @ Great Swamps (160 RU)
[09:14:54] [TASK] Serhiy → AcceptMission [ScoutPoi] (goal=AcceptMission)
[09:14:54] [GOAL] Serhiy achieved AcceptMission
[09:14:57] [COMBAT] Vasyl Sokolov 'Fox' killed Pseudodog using wpn_ak74
[09:14:58] [CORPSE] Despawned 18 bodies (lifetime=405)
[09:14:59] [COMBAT] Vasyl Kovalenko 'Scar' killed Tushkano using wpn_spas12
[09:15:00] [COMBAT] Nodar Petrov 'Mole' killed Taras Shevchenko 'Bullet' using wpn_mp5
[09:15:00] [GEAR] Nodar looted [wpn_fn2000, wpn_pm, arm_exo, helm_exo] via combat
[09:15:02] [COMBAT] Mikhail Popov 'Fox' killed Dmitri Ivanov 'Scar' using wpn_aksu
[09:15:02] [GEAR] Mikhail looted [wpn_fn2000, wpn_sg550, out_specops_outfit, helm_helm_spartan] via combat
[09:15:03] [COMBAT] Yuriy Ivanov 'Jackal' killed Snork using wpn_fn2000
[09:15:03] [COMBAT] Vasyl Volkov 'Ghost' killed Yuriy Melnyk 'Crow' using wpn_pm
[09:15:03] [GEAR] Vasyl looted [wpn_fort12, helm_helm_respirator] via combat
[09:15:04] [RANK] Pavel Bondarenko 'Wolf' → Experienced
[RankSystem] Pavel Bondarenko 'Wolf' promoted to Experienced!
[09:15:04] [COMBAT] Pavel Bondarenko 'Wolf' killed BlindDog using wpn_ak74
[09:15:08] [TASK] Pierre → TradeRun [poi_macro_6] (goal=VisitTrader)
[09:15:08] [GOAL] Pierre achieved VisitTrader
[09:15:08] [MISSION] Pierre accepted ScoutPoi @ Duga Radar (176 RU)
[09:15:08] [TASK] Pierre → AcceptMission [ScoutPoi] (goal=AcceptMission)
[09:15:08] [GOAL] Pierre achieved AcceptMission
[09:15:08] [COMBAT] Taras Ivanov 'Jackal' killed Tushkano using wpn_aksu
[09:15:09] [COMBAT] Bohdan Ivanov 'Shadow' killed Lurker using wpn_aksu
[09:15:10] [COMBAT] Viktor Sokolov 'Scar' killed Damir Kovalenko 'Ash' using wpn_fn2000
[09:15:10] [COMBAT] Pierre Melnyk 'Spark' killed Rat using wpn_sg550
[09:15:11] [COMBAT] Taras Ivanov 'Ghost' killed Lurker using wpn_mp5
[09:15:11] [COMBAT] Nikolai Petrenko 'Wolf' killed Nikolai Popov 'Spark' using wpn_ak74
[09:15:11] [GEAR] Nikolai looted [out_specops_outfit, helm_helm_m50] via combat
[09:15:12] [SPAWN] Trickle +3 stalkers, +0 mutants
[09:15:12] [MISSION] Bohdan accepted ScoutPoi @ Great Swamps (160 RU)
[09:15:12] [TASK] Bohdan → AcceptMission [ScoutPoi] (goal=AcceptMission)
[09:15:12] [GOAL] Bohdan achieved AcceptMission
[09:15:13] [COMBAT] Serhiy Ivanov 'Raven' killed Bloodsucker using wpn_fn2000
[09:15:14] [COMBAT] Andriy Kovalenko 'Fox' killed Lurker using wpn_sg550
[09:15:14] [COMBAT] Armen Popov 'Raven' killed Lurker using wpn_fn2000
[09:15:15] [COMBAT] Oleg Shevchenko 'Viper' killed Snork using wpn_ak74
[09:15:15] [COMBAT] Tobias Melnyk 'Two-Fingers' killed Taras Bondarenko 'Bullet' using wpn_mp5
[09:15:15] [GEAR] Tobias looted [out_dolg_pantsir_outfit, helm_helm_tactic] via combat
[09:15:15] [COMBAT] Zura Ivanov 'Badger' killed Pseudodog using wpn_ak74
[09:15:17] [SNAPSHOT] real=14.9min game=D0 00:26 alive S=336 M=330 corpses=1505 lootable=828 gammaGear out=184 helm=299 avgRU=864 leaderGoals trade=1 mission=88 emission=Dormant nextIn=93gmin desperate=0 hungry=0 interval deaths=39 combats=59 tasks=4 gearLoot=6 gearBuy=0 missions=3 corpseDespawn=18 trickleSpawns=3 ranks=[Rookie:321,Trainee:11,Experienced:3,Professional:1] goals=[CompleteMission::88,Idle:79,VisitTrader::1,Traveling:1] leaders: Andriy[Rookie/Idle], Bohdan[Rookie/Idle], Andrei[Rookie/Idle], Mikhail[Rookie/Idle], Dmytro[Rookie/CompleteMission:]
[09:15:17] [COMBAT] Vasyl Sokolov 'Fox' killed Fracture using wpn_ak74
[09:15:18] [COMBAT] Dmytro Petrov 'Mole' killed Poltergeist using wpn_ak74
[09:15:18] [MISSION] Igor accepted ScoutPoi @ Zalissya (160 RU)
[09:15:18] [TASK] Igor → AcceptMission [ScoutPoi] (goal=AcceptMission)
[09:15:18] [GOAL] Igor achieved AcceptMission
[09:15:18] [TASK] Tobias → TradeRun [poi_macro_12] (goal=VisitTrader)
[09:15:18] [GOAL] Tobias achieved VisitTrader
[09:15:19] [MISSION] Tobias accepted ScoutPoi @ Truck Cemetery (200 RU)
[09:15:19] [TASK] Tobias → AcceptMission [ScoutPoi] (goal=AcceptMission)
[09:15:19] [GOAL] Tobias achieved AcceptMission
[09:15:21] [COMBAT] Mikhail Popov 'Shadow' killed Snork using wpn_fort12
[09:15:22] [CORPSE] Despawned 26 bodies (lifetime=431)
[09:15:22] [COMBAT] Ivan Popov 'Bullet' killed Fracture using wpn_ak74
[09:15:22] [COMBAT] Oleg Melnyk 'Ghost' killed Serhiy Volkov 'Scar' using wpn_ak74
[09:15:22] [GEAR] Oleg looted [wpn_ak74, wpn_fort12] via combat
[09:15:26] [COMBAT] Oleksiy Petrov 'Spark' killed Igor Petrov 'Stitch' using wpn_ak74
[09:15:26] [GEAR] Oleksiy looted [wpn_ak74, out_scientific_outfit] via combat
[09:15:26] [RANK] Andrei Bondarenko 'Bullet' → Trainee
[RankSystem] Andrei Bondarenko 'Bullet' promoted to Trainee!
[09:15:26] [COMBAT] Andrei Bondarenko 'Bullet' killed Rat using wpn_pm
[09:15:28] [COMBAT] Nikolai Bondarenko 'Raven' killed Rat using wpn_ak74
[09:15:28] [COMBAT] Bakhyt Ivanov 'Badger' killed Pseudodog using wpn_fn2000
[09:15:29] [COMBAT] Timur Sokolov 'Shadow' killed Controller using wpn_fn2000
[09:15:29] [COMBAT] Armen Petrenko 'Bone' killed Bohdan Petrov 'Stitches' using wpn_ak74
[09:15:29] [GEAR] Armen looted [wpn_sg550, helm_exo] via combat
[09:15:30] [COMBAT] Giorgi Sokolov 'Ghost' killed Marcus Volkov 'Ash' using wpn_ak74
[09:15:30] [GEAR] Giorgi looted [wpn_sg550, out_exo_outfit] via combat
[09:15:32] [COMBAT] Bohdan Volkov 'Mole' killed Bloodsucker using wpn_pm
[09:15:32] [COMBAT] Vasyl Petrov 'Ghost' killed Bloodsucker using wpn_fn2000
[09:15:33] [SPAWN] Trickle +0 stalkers, +1 mutants
[09:15:33] [COMBAT] Taras Ivanov 'Jackal' killed BlindDog using wpn_aksu
[09:15:34] [COMBAT] Taras Sokolov 'Raven' killed Chimera using wpn_ak74
[09:15:37] [COMBAT] Oleg Popov 'Phantom' killed Tushkano using wpn_aksu
[09:15:41] [COMBAT] Sergei Shevchenko 'Ash' killed Burer using wpn_sg550
[09:15:43] [COMBAT] Viktor Petrov 'Mole' killed PsyDog using wpn_ak74
[09:15:46] [COMBAT] Igor Ivanov 'Raven' killed Lurker using wpn_fort12
[09:15:47] [COMBAT] Yuriy Melnyk 'Crow' killed Flesh using wpn_fn2000
[09:15:48] [SNAPSHOT] real=15.4min game=D0 00:26 alive S=305 M=314 corpses=1527 lootable=840 gammaGear out=169 helm=271 avgRU=864 leaderGoals trade=2 mission=72 emission=Dormant nextIn=92gmin desperate=0 hungry=0 interval deaths=31 combats=48 tasks=3 gearLoot=4 gearBuy=0 missions=2 corpseDespawn=26 trickleSpawns=1 ranks=[Rookie:291,Trainee:10,Experienced:3,Professional:1] goals=[Idle:78,CompleteMission::72,VisitTrader::2,Traveling:1] leaders: Andriy[Rookie/Idle], Bohdan[Rookie/Idle], Andrei[Rookie/Idle], Mikhail[Rookie/Idle], Dmytro[Rookie/CompleteMission:]
[09:15:48] [COMBAT] Serhiy Bondarenko 'Bullet' killed Flesh using wpn_mp5
[09:15:48] [COMBAT] Nikolai Shevchenko 'Ghost' killed Snork using wpn_fn2000
[09:15:49] [CORPSE] Despawned 24 bodies (lifetime=455)
[09:15:51] [COMBAT] Oleksiy Petrov 'Broken Nose' killed Fracture using wpn_spas12
[09:15:52] [COMBAT] Dmytro Melnyk 'Crow' killed Oleg Petrenko 'The Butcher' using wpn_aksu
[09:15:52] [GEAR] Dmytro looted [wpn_pm] via combat
[09:15:53] [RANK] Ivan Kovalenko 'Shadow' → Trainee
[RankSystem] Ivan Kovalenko 'Shadow' promoted to Trainee!
[09:15:53] [COMBAT] Ivan Kovalenko 'Shadow' killed Fracture using wpn_fn2000
[09:15:53] [COMBAT] Tobias Melnyk 'Whisper' killed Controller using wpn_fn2000
[09:15:53] [SPAWN] Trickle +1 stalkers, +0 mutants
[09:15:54] [MISSION] Taras accepted ScoutPoi @ Great Swamps (160 RU)
[09:15:54] [TASK] Taras → AcceptMission [ScoutPoi] (goal=AcceptMission)
[09:15:54] [GOAL] Taras achieved AcceptMission
[09:15:54] [MISSION] Heinrich accepted ScoutPoi @ Wild Territory (176 RU)
[09:15:54] [TASK] Heinrich → AcceptMission [ScoutPoi] (goal=AcceptMission)
[09:15:54] [GOAL] Heinrich achieved AcceptMission
[09:15:56] [COMBAT] Giorgi Sokolov 'Ghost' killed Burer using wpn_sg550
[09:15:56] [RANK] Bakhyt Ivanov 'Badger' → Trainee
[RankSystem] Bakhyt Ivanov 'Badger' promoted to Trainee!
[09:15:56] [COMBAT] Bakhyt Ivanov 'Badger' killed BlindDog using wpn_fn2000
[09:15:57] [COMBAT] Tobias Melnyk 'Two-Fingers' killed Oleksiy Sokolov 'Stitch' using wpn_mp5
[09:15:57] [MISSION] Vasyl accepted ScoutPoi @ Cordon (160 RU)
[09:15:57] [TASK] Vasyl → AcceptMission [ScoutPoi] (goal=AcceptMission)
[09:15:57] [GOAL] Vasyl achieved AcceptMission
[09:15:58] [COMBAT] Oleg Melnyk 'Ghost' killed Taras Petrov 'Scar' using wpn_ak74
[09:15:58] [GEAR] Oleg looted [out_cs_medium_outfit, helm_helm_m40] via combat
[09:15:58] [COMBAT] Heinrich Popov 'Jackal' killed Bloodsucker using wpn_ak74
[09:15:59] [COMBAT] Viktor Sokolov 'Scar' killed Snork using wpn_fn2000
[09:15:59] [COMBAT] Andriy Kovalenko 'Fox' killed Pseudodog using wpn_sg550
[09:16:01] [COMBAT] Nikolai Ivanov 'Crow' killed Lurker using wpn_ak74
[09:16:01] [COMBAT] Timur Ivanov 'Razor' killed Connor Popov 'Bullet' using wpn_sg550
[09:16:01] [GEAR] Timur looted [arm_seva, helm_helm_ranger] via combat
[09:16:01] [COMBAT] Oleksiy Petrov 'Spark' killed PsyDog using wpn_ak74
[09:16:05] [COMBAT] Oleksiy Bondarenko 'Ghost' killed Bloodsucker using wpn_pm
[09:16:05] [COMBAT] Oleksiy Melnyk 'Bullet' killed Pseudodog using wpn_sg550
[09:16:06] [CORPSE] Despawned 33 bodies (lifetime=488)
[09:16:06] [COMBAT] Yuriy Volkov 'Viper' killed Lasha Popov 'Shadow' using wpn_sg550
[09:16:06] [GEAR] Yuriy looted [wpn_fn2000, wpn_sg550] via combat
[09:16:06] [COMBAT] Oleg Melnyk 'Spark' killed Snork using wpn_ak74
[09:16:08] [COMBAT] Alexei Popov 'Jackal' killed Snork using wpn_ak74
[09:16:11] [COMBAT] Damir Melnyk 'Ash' killed Snork using wpn_fn2000
[09:16:11] [COMBAT] Mikhail Popov 'Fox' killed Boar using wpn_fn2000
[09:16:11] [COMBAT] Sergei Sokolov 'Razor' killed PsyDog using wpn_ak74
[09:16:13] [COMBAT] Bohdan Bondarenko 'Shadow' killed Controller using wpn_aksu
[09:16:15] [COMBAT] Connor Petrov 'Raven' killed Flesh using wpn_mp5
[09:16:16] [COMBAT] Igor Popov 'Badger' killed Bloodsucker using wpn_ak74
[09:16:19] [COMBAT] Andriy Melnyk 'Ghost' killed PsyDog using wpn_ak74
[09:16:20] [SNAPSHOT] real=15.9min game=D0 00:27 alive S=271 M=291 corpses=1528 lootable=833 gammaGear out=150 helm=243 avgRU=866 leaderGoals trade=2 mission=62 emission=Dormant nextIn=91gmin desperate=0 hungry=0 interval deaths=35 combats=58 tasks=3 gearLoot=4 gearBuy=0 missions=3 corpseDespawn=57 trickleSpawns=1 ranks=[Rookie:256,Trainee:11,Experienced:3,Professional:1] goals=[Idle:73,CompleteMission::62,VisitTrader::2] leaders: Andriy[Rookie/Idle], Bohdan[Rookie/Idle], Andrei[Rookie/Idle], Mikhail[Rookie/Idle], Dmytro[Rookie/CompleteMission:]
[09:16:25] [COMBAT] Pavel Bondarenko 'Wolf' killed Flesh using wpn_ak74
[09:16:26] [COMBAT] Dmytro Melnyk 'Crow' killed Snork using wpn_aksu
[09:16:26] [COMBAT] Oleksiy Popov 'Stitch' killed Lurker using wpn_fn2000
[09:16:29] [CORPSE] Despawned 27 bodies (lifetime=515)
[09:16:29] [COMBAT] Dmytro Petrenko 'Phantom' killed Bohdan Petrov 'Badger' using wpn_pm
[09:16:29] [GEAR] Dmytro looted [wpn_fn2000, out_military_monolit_outfit, helm_gas] via combat
[09:16:32] [COMBAT] Oleksiy Petrov 'Spark' killed Oleg Kovalenko 'Ash' using wpn_ak74
[09:16:32] [GEAR] Oleksiy looted [wpn_ak74, out_specops_outfit, helm_tactic] via combat
[09:16:35] [TASK] Mikhail → TradeRun [poi_macro_3] (goal=VisitTrader)
[09:16:35] [GOAL] Mikhail achieved VisitTrader
[09:16:35] [MISSION] Mikhail accepted ScoutPoi @ Zalissya (160 RU)
[09:16:35] [TASK] Mikhail → AcceptMission [ScoutPoi] (goal=AcceptMission)
[09:16:35] [GOAL] Mikhail achieved AcceptMission
[09:16:35] [COMBAT] Viktor Sokolov 'Scar' killed Pseudodog using wpn_fn2000
[09:16:36] [COMBAT] Giorgi Petrenko 'Bullet' killed Chimera using wpn_ak74
[09:16:38] [COMBAT] Oleksiy Petrov 'Broken Nose' killed Burer using wpn_spas12
[09:16:39] [RANK] Alexei Popov 'Jackal' → Trainee
[RankSystem] Alexei Popov 'Jackal' promoted to Trainee!
[09:16:39] [COMBAT] Alexei Popov 'Jackal' killed Snork using wpn_ak74
[09:16:39] [MISSION] Nikolai accepted ScoutPoi @ Great Swamps (160 RU)
[09:16:39] [TASK] Nikolai → AcceptMission [ScoutPoi] (goal=AcceptMission)
[09:16:39] [GOAL] Nikolai achieved AcceptMission
[09:16:39] [COMBAT] Bohdan Ivanov 'Shadow' killed Snork using wpn_aksu
[09:16:39] [COMBAT] Bohdan Ivanov 'Jackal' killed Bloodsucker using wpn_aksu
[09:16:40] [COMBAT] Bakhyt Melnyk 'Scar' killed BlindDog using wpn_svd
[09:16:44] [TASK] Connor → TradeRun [poi_macro_8] (goal=VisitTrader)
[09:16:44] [GOAL] Connor achieved VisitTrader
[09:16:44] [COMBAT] Dmytro Petrov 'Mole' killed Pseudodog using wpn_ak74
[09:16:44] [MISSION] Connor accepted ScoutPoi @ Zalissya (160 RU)
[09:16:44] [TASK] Connor → AcceptMission [ScoutPoi] (goal=AcceptMission)
[09:16:44] [GOAL] Connor achieved AcceptMission
[09:16:47] [COMBAT] Igor Popov 'Badger' killed BlindDog using wpn_ak74
[09:16:49] [CORPSE] Despawned 28 bodies (lifetime=543)
[09:16:49] [COMBAT] Armen Ivanov 'Wolf' killed Pseudodog using wpn_svd
[09:16:49] [COMBAT] Bohdan Popov 'Ghost' killed Tushkano using wpn_ak74
[09:16:51] [SNAPSHOT] real=16.4min game=D0 00:28 alive S=252 M=277 corpses=1506 lootable=819 gammaGear out=139 helm=224 avgRU=866 leaderGoals trade=0 mission=57 emission=Dormant nextIn=90gmin desperate=0 hungry=0 interval deaths=19 combats=33 tasks=5 gearLoot=2 gearBuy=0 missions=3 corpseDespawn=55 trickleSpawns=0 ranks=[Rookie:238,Trainee:10,Experienced:3,Professional:1] goals=[Idle:70,CompleteMission::57] leaders: Andriy[Rookie/Idle], Bohdan[Rookie/Idle], Andrei[Rookie/Idle], Mikhail[Rookie/Idle], Dmytro[Rookie/CompleteMission:]
[09:16:51] [RANK] Dmytro Melnyk 'Crow' → Trainee
[RankSystem] Dmytro Melnyk 'Crow' promoted to Trainee!
[09:16:51] [COMBAT] Dmytro Melnyk 'Crow' killed Fracture using wpn_aksu
[09:16:53] [COMBAT] Igor Ivanov 'Raven' killed Fracture using wpn_fort12
[09:16:55] [COMBAT] Sergei Kovalenko 'Fox' killed Snork using wpn_mp5
[09:16:55] [COMBAT] Serhiy Melnyk 'Razor' killed Flesh using wpn_fn2000
[09:16:55] [COMBAT] Bohdan Bondarenko 'Razor' killed Bloodsucker using wpn_ak74
[09:16:55] [RANK] Viktor Sokolov 'Scar' → Trainee
[RankSystem] Viktor Sokolov 'Scar' promoted to Trainee!
[09:16:55] [COMBAT] Viktor Sokolov 'Scar' killed Bloodsucker using wpn_fn2000
[09:16:55] [COMBAT] Mikhail Volkov 'Ghost' killed Burer using wpn_ak74
[09:16:56] [COMBAT] Alexei Ivanov 'Stitch' killed Boar using wpn_ak74
[09:16:58] [COMBAT] Serhiy Sokolov 'Stitch' killed Mikhail Petrenko 'Raven' using wpn_ak74
[09:16:58] [GEAR] Serhiy looted [helm_helm_ach7ex] via combat
[09:16:59] [MISSION] Giorgi accepted ScoutPoi @ Zalissya (160 RU)
[09:16:59] [TASK] Giorgi → AcceptMission [ScoutPoi] (goal=AcceptMission)
[09:16:59] [GOAL] Giorgi achieved AcceptMission
[09:17:00] [COMBAT] Oleg Ivanov 'Ghost' killed Fracture using wpn_mp5
[09:17:04] [COMBAT] Taras Ivanov 'Jackal' killed Snork using wpn_aksu
[09:17:04] [COMBAT] Giorgi Bondarenko 'Mole' killed Boar using wpn_fn2000
[09:17:04] [COMBAT] Igor Popov 'Badger' killed Pseudodog using wpn_ak74
[09:17:05] [COMBAT] Andriy Melnyk 'Ghost' killed Boar using wpn_ak74
[09:17:05] [RANK] Mikhail Popov 'Shadow' → Trainee
[RankSystem] Mikhail Popov 'Shadow' promoted to Trainee!
[09:17:05] [COMBAT] Mikhail Popov 'Shadow' killed Snork using wpn_fort12
[09:17:06] [CORPSE] Despawned 31 bodies (lifetime=574)
[09:17:07] [COMBAT] Dmytro Volkov 'Viper' killed Fracture using wpn_fn2000
[09:17:09] [SPAWN] Trickle +1 stalkers, +0 mutants
[09:17:09] [MISSION] Sergei accepted ScoutPoi @ Dark Valley (190 RU)
[09:17:09] [TASK] Sergei → AcceptMission [ScoutPoi] (goal=AcceptMission)
[09:17:09] [GOAL] Sergei achieved AcceptMission
[09:17:11] [COMBAT] Mykola Popov 'Razor' killed Lurker using wpn_ak74
[09:17:15] [COMBAT] Viktor Sokolov 'Scar' killed Rat using wpn_fn2000
[09:17:18] [COMBAT] Heinrich Popov 'Jackal' killed Rat using wpn_ak74
[09:17:19] [COMBAT] Pavel Bondarenko 'Wolf' killed Fracture using wpn_ak74
[09:17:20] [COMBAT] Vasyl Sokolov 'Fox' killed Poltergeist using wpn_ak74
[09:17:20] [COMBAT] Andrei Bondarenko 'Bullet' killed Sergei Petrov 'Razor' using wpn_pm
[09:17:20] [GEAR] Andrei looted [wpn_aksu, wpn_pm, out_stalker_salamander_outfit] via combat
[09:17:20] [COMBAT] Alexei Ivanov 'Stitch' killed BlindDog using wpn_ak74
[09:17:22] [SNAPSHOT] real=16.9min game=D0 00:29 alive S=229 M=256 corpses=1520 lootable=818 gammaGear out=125 helm=203 avgRU=866 leaderGoals trade=1 mission=49 emission=Dormant nextIn=89gmin desperate=0 hungry=0 interval deaths=24 combats=45 tasks=2 gearLoot=2 gearBuy=0 missions=2 corpseDespawn=31 trickleSpawns=1 ranks=[Rookie:214,Trainee:11,Experienced:3,Professional:1] goals=[Idle:62,CompleteMission::49,VisitTrader::1] leaders: Andriy[Rookie/Idle], Andrei[Rookie/Idle], Mikhail[Rookie/Idle], Dmytro[Rookie/CompleteMission:], Mykola[Rookie/Idle]
[09:17:22] [CORPSE] Despawned 27 bodies (lifetime=601)
[09:17:22] [COMBAT] Giorgi Bondarenko 'Mole' killed BlindDog using wpn_fn2000
[09:17:23] [COMBAT] Oleg Bondarenko 'Ghost' killed Fracture using wpn_aksu
[09:17:25] [COMBAT] Karl Melnyk 'Knuckle' killed Snork using wpn_spas12
[09:17:26] [COMBAT] Mykola Shevchenko 'Crow' killed Snork using wpn_mp5
[09:17:29] [COMBAT] Tobias Melnyk 'Whisper' killed Pseudodog using wpn_fn2000
[09:17:37] [CORPSE] Despawned 34 bodies (lifetime=635)
[09:17:45] [COMBAT] Oleksiy Petrov 'Bone' killed BlindDog using wpn_ak74
[09:17:46] [COMBAT] Nikolai Ivanov 'Wolf' killed Pseudodog using wpn_aksu
[09:17:46] [RANK] Vasyl Sokolov 'Fox' → Trainee
[RankSystem] Vasyl Sokolov 'Fox' promoted to Trainee!
[09:17:46] [COMBAT] Vasyl Sokolov 'Fox' killed Tushkano using wpn_ak74
[09:17:52] [SPAWN] Trickle +1 stalkers, +0 mutants
[09:17:52] [SNAPSHOT] real=17.4min game=D0 00:30 alive S=216 M=248 corpses=1481 lootable=788 gammaGear out=114 helm=190 avgRU=867 leaderGoals trade=1 mission=47 emission=Dormant nextIn=88gmin desperate=0 hungry=0 interval deaths=14 combats=22 tasks=0 gearLoot=0 gearBuy=0 missions=0 corpseDespawn=61 trickleSpawns=1 ranks=[Rookie:201,Trainee:12,Experienced:2,Professional:1] goals=[Idle:60,CompleteMission::46,AcceptMission::1,VisitTrader::1] leaders: Karl[Rookie/AcceptMission:], Andriy[Rookie/Idle], Andrei[Rookie/Idle], Mikhail[Rookie/Idle], Dmytro[Rookie/CompleteMission:]
[09:17:52] [MISSION] Karl accepted ScoutPoi @ Buriakivka Waste Site (236 RU)
[09:17:52] [TASK] Karl → AcceptMission [ScoutPoi] (goal=AcceptMission)
[09:17:52] [GOAL] Karl achieved AcceptMission
[09:17:53] [COMBAT] Bohdan Petrenko 'Phantom' killed Fracture using wpn_ak74
[09:17:54] [CORPSE] Despawned 25 bodies (lifetime=660)
[09:17:54] [COMBAT] Igor Popov 'Badger' killed Tobias Melnyk 'Whisper' using wpn_ak74
[09:17:54] [GEAR] Igor looted [wpn_fn2000, out_exo_merc_grass_outfit, helm_gas] via combat
[09:17:58] [COMBAT] Pavel Bondarenko 'Wolf' killed Snork using wpn_ak74
[09:17:59] [COMBAT] Zura Ivanov 'Badger' killed Fracture using wpn_ak74
[09:18:07] [SPAWN] Trickle +1 stalkers, +0 mutants
[09:18:07] [MISSION] Dmitri accepted ScoutPoi @ Pripyat (196 RU)
[09:18:07] [TASK] Dmitri → AcceptMission [ScoutPoi] (goal=AcceptMission)
[09:18:07] [GOAL] Dmitri achieved AcceptMission
[09:18:08] [MISSION] Oleksiy arrived for ScoutPoi @ Forgotten Outpost (travel=822m, work=276s game)
[09:18:09] [SPAWN] Trickle +0 stalkers, +1 mutants
[09:18:11] [CORPSE] Despawned 53 bodies (lifetime=713)
[09:18:11] [TASK] Pavel → FulfillMission [ScoutPoi] (goal=CompleteMission)
[09:18:11] [MISSION] Pavel objective done ScoutPoi @ Forgotten Lean-to → return to Generators
[09:18:11] [TASK] Bohdan → FulfillMission [ScoutPoi] (goal=CompleteMission)
[09:18:11] [MISSION] Bohdan objective done ScoutPoi @ Overgrown Bus → return to Great Swamps
[09:18:11] [TASK] Mykola → FulfillMission [ScoutPoi] (goal=CompleteMission)
[09:18:11] [MISSION] Mykola objective done ScoutPoi @ Pillbox Rest (Rostok-Truck Ce) → return to Buriakivka Waste Site
[09:18:11] [TASK] Andrei → FulfillMission [ScoutPoi] (goal=CompleteMission)
[09:18:11] [MISSION] Andrei objective done ScoutPoi @ Pillbox Rest (Meadow-Garbage) → return to Dark Valley
[09:18:11] [TASK] Taras → FulfillMission [ScoutPoi] (goal=CompleteMission)
[09:18:11] [MISSION] Taras objective done ScoutPoi @ Pillbox Rest (Rostok-Truck Ce) → return to Buriakivka Waste Site
[09:18:11] [TASK] Jake → FulfillMission [ScoutPoi] (goal=CompleteMission)
[09:18:11] [MISSION] Jake objective done ScoutPoi @ Collapsed Camp → return to Yantar
[09:18:11] [TASK] Dmitri → FulfillMission [ScoutPoi] (goal=CompleteMission)
[09:18:11] [MISSION] Dmitri objective done ScoutPoi @ Mutant Den #1 near Chernobyl Town → return to Pripyat
[09:18:11] [TASK] Karl → FulfillMission [ScoutPoi] (goal=CompleteMission)
[09:18:11] [MISSION] Karl objective done ScoutPoi @ Pillbox Rest (Rostok-Truck Ce) → return to Buriakivka Waste Site
[09:18:11] [TASK] Dmytro → FulfillMission [ScoutPoi] (goal=CompleteMission)
[09:18:11] [MISSION] Dmytro objective done ScoutPoi @ Forgotten Lean-to → return to Generators
[09:18:11] [TASK] Heinrich → FulfillMission [ScoutPoi] (goal=CompleteMission)
[09:18:11] [MISSION] Heinrich objective done ScoutPoi @ Forgotten Outpost → return to Wild Territory
[09:18:11] [TASK] Nikolai → FulfillMission [ScoutPoi] (goal=CompleteMission)
[09:18:11] [MISSION] Nikolai objective done ScoutPoi @ Overgrown Bus → return to Great Swamps
[09:18:11] [TASK] Bohdan → FulfillMission [ScoutPoi] (goal=CompleteMission)
[09:18:11] [MISSION] Bohdan objective done ScoutPoi @ Forgotten Lean-to → return to Generators
[09:18:11] [TASK] Viktor → FulfillMission [ScoutPoi] (goal=CompleteMission)
[09:18:11] [MISSION] Viktor objective done ScoutPoi @ Forgotten Lean-to → return to Generators
[09:18:11] [TASK] Taras → FulfillMission [ScoutPoi] (goal=CompleteMission)
[09:18:11] [MISSION] Taras objective done ScoutPoi @ Windswept Bus → return to Army Warehouses
[09:18:11] [TASK] Serhiy → FulfillMission [ScoutPoi] (goal=CompleteMission)
[09:18:11] [MISSION] Serhiy objective done ScoutPoi @ Derelict Stash → return to Zalissya
[09:18:11] [TASK] Dmitri → FulfillMission [ScoutPoi] (goal=CompleteMission)
[09:18:11] [MISSION] Dmitri objective done ScoutPoi @ Roadside Cache (Chernoby-Dark Val) → return to Limansk
[09:18:11] [TASK] Armen → FulfillMission [ScoutPoi] (goal=CompleteMission)
[09:18:11] [MISSION] Armen objective done ScoutPoi @ Abandoned Outpost → return to Agroprom
[09:18:11] [TASK] Ivan → FulfillMission [ScoutPoi] (goal=CompleteMission)
[09:18:11] [MISSION] Ivan objective done ScoutPoi @ Hidden Cairn → return to Truck Cemetery
[09:18:11] [TASK] Vasyl → FulfillMission [ScoutPoi] (goal=CompleteMission)
[09:18:11] [MISSION] Vasyl objective done ScoutPoi @ Ruined Pillbox → return to Cordon
[09:18:11] [TASK] Andrei → FulfillMission [ScoutPoi] (goal=CompleteMission)
[09:18:11] [MISSION] Andrei objective done ScoutPoi @ Collapsed Camp → return to Yantar
[09:18:11] [TASK] Igor → FulfillMission [ScoutPoi] (goal=CompleteMission)
[09:18:11] [MISSION] Igor objective done ScoutPoi @ Military Research Base → return to Deserted Hospital
[09:18:11] [TASK] Dmitri → FulfillMission [ScoutPoi] (goal=CompleteMission)
[09:18:11] [MISSION] Dmitri objective done ScoutPoi @ Abandoned Outpost → return to Agroprom
[09:18:11] [TASK] Oleksiy → FulfillMission [ScoutPoi] (goal=CompleteMission)
[09:18:11] [MISSION] Oleksiy objective done ScoutPoi @ Forgotten Lean-to → return to Generators
[09:18:11] [TASK] Alexei → FulfillMission [ScoutPoi] (goal=CompleteMission)
[09:18:11] [MISSION] Alexei objective done ScoutPoi @ Mutant Den #1 near Chernobyl Town → return to Pripyat
[09:18:11] [TASK] Igor → FulfillMission [ScoutPoi] (goal=CompleteMission)
[09:18:11] [MISSION] Igor objective done ScoutPoi @ Roadside Cache (Chernoby-Dark Val) → return to Limansk
[09:18:11] [TASK] Alexei → FulfillMission [ScoutPoi] (goal=CompleteMission)
[09:18:11] [MISSION] Alexei objective done ScoutPoi @ Roadside Cache (Chernoby-Dark Val) → return to Limansk
[09:18:11] [TASK] Sean → FulfillMission [ScoutPoi] (goal=CompleteMission)
[09:18:11] [MISSION] Sean objective done ScoutPoi @ Collapsed Camp → return to Yantar
[09:18:11] [TASK] Armen → FulfillMission [ScoutPoi] (goal=CompleteMission)
[09:18:11] [MISSION] Armen objective done ScoutPoi @ Makeshift Hut → return to Duga Radar
[09:18:11] [TASK] Taras → FulfillMission [ScoutPoi] (goal=CompleteMission)
[09:18:11] [MISSION] Taras objective done ScoutPoi @ Pillbox Rest (Agroprom-Yantar) → return to Zaton
[09:18:11] [TASK] Bohdan → FulfillMission [ScoutPoi] (goal=CompleteMission)
[09:18:11] [MISSION] Bohdan objective done ScoutPoi @ Forgotten Outpost → return to Wild Territory
[09:18:11] [TASK] Karl → FulfillMission [ScoutPoi] (goal=CompleteMission)
[09:18:11] [MISSION] Karl objective done ScoutPoi @ Pillbox Rest (Meadow-Garbage) → return to Dark Valley
[09:18:11] [TASK] Timur → FulfillMission [ScoutPoi] (goal=CompleteMission)
[09:18:11] [MISSION] Timur objective done ScoutPoi @ Roadside Cache (Chernoby-Dark Val) → return to Limansk
[09:18:11] [TASK] Bohdan → FulfillMission [ScoutPoi] (goal=CompleteMission)
[09:18:11] [MISSION] Bohdan objective done ScoutPoi @ Collapsed Camp → return to Yantar
[09:18:11] [TASK] Mykola → FulfillMission [ScoutPoi] (goal=CompleteMission)
[09:18:11] [MISSION] Mykola objective done ScoutPoi @ Hidden Shack → return to Meadow
[09:18:11] [TASK] Andrei → FulfillMission [ScoutPoi] (goal=CompleteMission)
[09:18:11] [MISSION] Andrei objective done ScoutPoi @ Abandoned Outpost → return to Agroprom
[09:18:11] [TASK] Giorgi → FulfillMission [ScoutPoi] (goal=CompleteMission)
[09:18:11] [MISSION] Giorgi objective done ScoutPoi @ Roadside Cache (Chernoby-Dark Val) → return to Limansk
[09:18:11] [TASK] Sergei → FulfillMission [ScoutPoi] (goal=CompleteMission)
[09:18:11] [MISSION] Sergei objective done ScoutPoi @ Collapsed Camp → return to Yantar
[09:18:11] [TASK] Nikolai → FulfillMission [ScoutPoi] (goal=CompleteMission)
[09:18:11] [MISSION] Nikolai objective done ScoutPoi @ Forgotten Lean-to → return to Generators
[09:18:11] [TASK] Frank → FulfillMission [ScoutPoi] (goal=CompleteMission)
[09:18:11] [MISSION] Frank objective done ScoutPoi @ Collapsed Camp → return to Yantar
[09:18:11] [TASK] Sergei → FulfillMission [ScoutPoi] (goal=CompleteMission)
[09:18:11] [MISSION] Sergei objective done ScoutPoi @ Forgotten Outpost → return to Wild Territory
[09:18:11] [TASK] Pavel → FulfillMission [ScoutPoi] (goal=CompleteMission)
[09:18:11] [MISSION] Pavel objective done ScoutPoi @ Pillbox Rest (Meadow-Garbage) → return to Dark Valley
[09:18:11] [TASK] Viktor → FulfillMission [ScoutPoi] (goal=CompleteMission)
[09:18:11] [MISSION] Viktor objective done ScoutPoi @ Overgrown Bus → return to Great Swamps
[09:18:11] [TASK] Mykola → FulfillMission [ScoutPoi] (goal=CompleteMission)
[09:18:11] [MISSION] Mykola objective done ScoutPoi @ Forgotten Lean-to → return to Generators
[09:18:11] [TASK] Viktor → FulfillMission [ScoutPoi] (goal=CompleteMission)
[09:18:11] [MISSION] Viktor objective done ScoutPoi @ Forgotten Lean-to → return to Generators
[09:18:11] [TASK] Zura → FulfillMission [ScoutPoi] (goal=CompleteMission)
[09:18:11] [MISSION] Zura objective done ScoutPoi @ Forgotten Lean-to → return to Generators
[09:18:13] [TASK] Dmitri → TurnInMission [ScoutPoi] (goal=CompleteMission)
[09:18:13] [MISSION] Dmitri turned in ScoutPoi @ Pripyat (+196 RU)
[09:18:13] [GOAL] Dmitri achieved CompleteMission
[09:18:13] [TASK] Karl → TurnInMission [ScoutPoi] (goal=CompleteMission)
[09:18:13] [MISSION] Karl turned in ScoutPoi @ Buriakivka Waste Site (+236 RU)
[09:18:13] [GOAL] Karl achieved CompleteMission
[09:18:13] [TASK] Dmytro → TurnInMission [ScoutPoi] (goal=CompleteMission)
[09:18:13] [MISSION] Dmytro turned in ScoutPoi @ Generators (+236 RU)
[09:18:13] [GOAL] Dmytro achieved CompleteMission
[09:18:13] [TASK] Heinrich → TurnInMission [ScoutPoi] (goal=CompleteMission)
[09:18:13] [MISSION] Heinrich turned in ScoutPoi @ Wild Territory (+176 RU)
[09:18:13] [GOAL] Heinrich achieved CompleteMission
[09:18:13] [TASK] Nikolai → TurnInMission [ScoutPoi] (goal=CompleteMission)
[09:18:13] [MISSION] Nikolai turned in ScoutPoi @ Great Swamps (+160 RU)
[09:18:13] [GOAL] Nikolai achieved CompleteMission
[09:18:13] [TASK] Bohdan → TurnInMission [ScoutPoi] (goal=CompleteMission)
[09:18:13] [MISSION] Bohdan turned in ScoutPoi @ Generators (+236 RU)
[09:18:13] [GOAL] Bohdan achieved CompleteMission
[09:18:13] [TASK] Viktor → TurnInMission [ScoutPoi] (goal=CompleteMission)
[09:18:13] [MISSION] Viktor turned in ScoutPoi @ Generators (+236 RU)
[09:18:13] [GOAL] Viktor achieved CompleteMission
[09:18:13] [TASK] Serhiy → TurnInMission [ScoutPoi] (goal=CompleteMission)
[09:18:13] [MISSION] Serhiy turned in ScoutPoi @ Zalissya (+160 RU)
[09:18:13] [GOAL] Serhiy achieved CompleteMission
[09:18:13] [TASK] Dmitri → TurnInMission [ScoutPoi] (goal=CompleteMission)
[09:18:13] [MISSION] Dmitri turned in ScoutPoi @ Limansk (+210 RU)
[09:18:13] [GOAL] Dmitri achieved CompleteMission
[09:18:13] [TASK] Ivan → TurnInMission [ScoutPoi] (goal=CompleteMission)
[09:18:13] [MISSION] Ivan turned in ScoutPoi @ Truck Cemetery (+200 RU)
[09:18:13] [GOAL] Ivan achieved CompleteMission
[09:18:13] [TASK] Andrei → TurnInMission [ScoutPoi] (goal=CompleteMission)
[09:18:13] [MISSION] Andrei turned in ScoutPoi @ Yantar (+160 RU)
[09:18:13] [GOAL] Andrei achieved CompleteMission
[09:18:13] [TASK] Oleksiy → TurnInMission [ScoutPoi] (goal=CompleteMission)
[09:18:13] [MISSION] Oleksiy turned in ScoutPoi @ Generators (+236 RU)
[09:18:13] [GOAL] Oleksiy achieved CompleteMission
[09:18:13] [TASK] Igor → TurnInMission [ScoutPoi] (goal=CompleteMission)
[09:18:13] [MISSION] Igor turned in ScoutPoi @ Limansk (+210 RU)
[09:18:13] [GOAL] Igor achieved CompleteMission
[09:18:13] [TASK] Alexei → TurnInMission [ScoutPoi] (goal=CompleteMission)
[09:18:13] [MISSION] Alexei turned in ScoutPoi @ Limansk (+210 RU)
[09:18:13] [GOAL] Alexei achieved CompleteMission
[09:18:13] [TASK] Sean → TurnInMission [ScoutPoi] (goal=CompleteMission)
[09:18:13] [MISSION] Sean turned in ScoutPoi @ Yantar (+160 RU)
[09:18:13] [GOAL] Sean achieved CompleteMission
[09:18:13] [TASK] Taras → TurnInMission [ScoutPoi] (goal=CompleteMission)
[09:18:13] [MISSION] Taras turned in ScoutPoi @ Zaton (+240 RU)
[09:18:13] [GOAL] Taras achieved CompleteMission
[09:18:13] [TASK] Bohdan → TurnInMission [ScoutPoi] (goal=CompleteMission)
[09:18:13] [MISSION] Bohdan turned in ScoutPoi @ Wild Territory (+176 RU)
[09:18:13] [GOAL] Bohdan achieved CompleteMission
[09:18:13] [TASK] Karl → TurnInMission [ScoutPoi] (goal=CompleteMission)
[09:18:13] [MISSION] Karl turned in ScoutPoi @ Dark Valley (+190 RU)
[09:18:13] [GOAL] Karl achieved CompleteMission
[09:18:13] [TASK] Timur → TurnInMission [ScoutPoi] (goal=CompleteMission)
[09:18:13] [MISSION] Timur turned in ScoutPoi @ Limansk (+210 RU)
[09:18:13] [GOAL] Timur achieved CompleteMission
[09:18:13] [TASK] Bohdan → TurnInMission [ScoutPoi] (goal=CompleteMission)
[09:18:13] [MISSION] Bohdan turned in ScoutPoi @ Yantar (+160 RU)
[09:18:13] [GOAL] Bohdan achieved CompleteMission
[09:18:13] [TASK] Giorgi → TurnInMission [ScoutPoi] (goal=CompleteMission)
[09:18:13] [MISSION] Giorgi turned in ScoutPoi @ Limansk (+210 RU)
[09:18:13] [GOAL] Giorgi achieved CompleteMission
[09:18:13] [TASK] Sergei → TurnInMission [ScoutPoi] (goal=CompleteMission)
[09:18:13] [MISSION] Sergei turned in ScoutPoi @ Yantar (+160 RU)
[09:18:13] [GOAL] Sergei achieved CompleteMission
[09:18:13] [TASK] Nikolai → TurnInMission [ScoutPoi] (goal=CompleteMission)
[09:18:13] [MISSION] Nikolai turned in ScoutPoi @ Generators (+236 RU)
[09:18:13] [GOAL] Nikolai achieved CompleteMission
[09:18:13] [TASK] Frank → TurnInMission [ScoutPoi] (goal=CompleteMission)
[09:18:13] [MISSION] Frank turned in ScoutPoi @ Yantar (+160 RU)
[09:18:13] [GOAL] Frank achieved CompleteMission
[09:18:13] [TASK] Sergei → TurnInMission [ScoutPoi] (goal=CompleteMission)
[09:18:13] [MISSION] Sergei turned in ScoutPoi @ Wild Territory (+176 RU)
[09:18:13] [GOAL] Sergei achieved CompleteMission
[09:18:13] [TASK] Pavel → TurnInMission [ScoutPoi] (goal=CompleteMission)
[09:18:13] [MISSION] Pavel turned in ScoutPoi @ Dark Valley (+190 RU)
[09:18:13] [GOAL] Pavel achieved CompleteMission
[09:18:13] [TASK] Viktor → TurnInMission [ScoutPoi] (goal=CompleteMission)
[09:18:13] [MISSION] Viktor turned in ScoutPoi @ Great Swamps (+160 RU)
[09:18:13] [GOAL] Viktor achieved CompleteMission
[09:18:13] [TASK] Mykola → TurnInMission [ScoutPoi] (goal=CompleteMission)
[09:18:13] [MISSION] Mykola turned in ScoutPoi @ Generators (+236 RU)
[09:18:13] [GOAL] Mykola achieved CompleteMission
[09:18:13] [TASK] Viktor → TurnInMission [ScoutPoi] (goal=CompleteMission)
[09:18:13] [MISSION] Viktor turned in ScoutPoi @ Generators (+236 RU)
[09:18:13] [GOAL] Viktor achieved CompleteMission
[09:18:13] [TASK] Zura → TurnInMission [ScoutPoi] (goal=CompleteMission)
[09:18:13] [MISSION] Zura turned in ScoutPoi @ Generators (+236 RU)
[09:18:13] [GOAL] Zura achieved CompleteMission
[09:18:13] [TASK] Pavel → TurnInMission [ScoutPoi] (goal=CompleteMission)
[09:18:13] [MISSION] Pavel turned in ScoutPoi @ Generators (+236 RU)
[09:18:13] [GOAL] Pavel achieved CompleteMission
[09:18:13] [TASK] Bohdan → TurnInMission [ScoutPoi] (goal=CompleteMission)
[09:18:13] [MISSION] Bohdan turned in ScoutPoi @ Great Swamps (+160 RU)
[09:18:13] [GOAL] Bohdan achieved CompleteMission
[09:18:13] [TASK] Mykola → TurnInMission [ScoutPoi] (goal=CompleteMission)
[09:18:13] [MISSION] Mykola turned in ScoutPoi @ Buriakivka Waste Site (+236 RU)
[09:18:13] [GOAL] Mykola achieved CompleteMission
[09:18:13] [TASK] Andrei → TurnInMission [ScoutPoi] (goal=CompleteMission)
[09:18:13] [MISSION] Andrei turned in ScoutPoi @ Dark Valley (+190 RU)
[09:18:13] [GOAL] Andrei achieved CompleteMission
[09:18:13] [TASK] Taras → TurnInMission [ScoutPoi] (goal=CompleteMission)
[09:18:13] [MISSION] Taras turned in ScoutPoi @ Buriakivka Waste Site (+236 RU)
[09:18:13] [GOAL] Taras achieved CompleteMission
[09:18:13] [TASK] Jake → TurnInMission [ScoutPoi] (goal=CompleteMission)
[09:18:13] [MISSION] Jake turned in ScoutPoi @ Yantar (+160 RU)
[09:18:13] [GOAL] Jake achieved CompleteMission
[09:18:13] [MISSION] Dmitri accepted ScoutPoi @ Pripyat (196 RU)
[09:18:13] [TASK] Dmitri → AcceptMission [ScoutPoi] (goal=AcceptMission)
[09:18:13] [GOAL] Dmitri achieved AcceptMission
[09:18:13] [MISSION] Karl accepted ScoutPoi @ Buriakivka Waste Site (236 RU)
[09:18:13] [TASK] Karl → AcceptMission [ScoutPoi] (goal=AcceptMission)
[09:18:13] [GOAL] Karl achieved AcceptMission
[09:18:13] [MISSION] Dmytro accepted ScoutPoi @ Generators (236 RU)
[09:18:13] [TASK] Dmytro → AcceptMission [ScoutPoi] (goal=AcceptMission)
[09:18:13] [GOAL] Dmytro achieved AcceptMission
[09:18:13] [MISSION] Heinrich accepted ScoutPoi @ Wild Territory (176 RU)
[09:18:13] [TASK] Heinrich → AcceptMission [ScoutPoi] (goal=AcceptMission)
[09:18:13] [GOAL] Heinrich achieved AcceptMission
[09:18:13] [MISSION] Nikolai accepted ScoutPoi @ Great Swamps (160 RU)
[09:18:13] [TASK] Nikolai → AcceptMission [ScoutPoi] (goal=AcceptMission)
[09:18:13] [GOAL] Nikolai achieved AcceptMission
[09:18:13] [MISSION] Bohdan accepted ScoutPoi @ Generators (236 RU)
[09:18:13] [TASK] Bohdan → AcceptMission [ScoutPoi] (goal=AcceptMission)
[09:18:13] [GOAL] Bohdan achieved AcceptMission
[09:18:13] [MISSION] Viktor accepted ScoutPoi @ Generators (236 RU)
[09:18:13] [TASK] Viktor → AcceptMission [ScoutPoi] (goal=AcceptMission)
[09:18:13] [GOAL] Viktor achieved AcceptMission
[09:18:13] [MISSION] Serhiy accepted ScoutPoi @ Zalissya (160 RU)
[09:18:13] [TASK] Serhiy → AcceptMission [ScoutPoi] (goal=AcceptMission)
[09:18:13] [GOAL] Serhiy achieved AcceptMission
[09:18:13] [MISSION] Dmitri accepted ScoutPoi @ Limansk (210 RU)
[09:18:13] [TASK] Dmitri → AcceptMission [ScoutPoi] (goal=AcceptMission)
[09:18:13] [GOAL] Dmitri achieved AcceptMission
[09:18:13] [MISSION] Ivan accepted ScoutPoi @ Truck Cemetery (200 RU)
[09:18:13] [TASK] Ivan → AcceptMission [ScoutPoi] (goal=AcceptMission)
[09:18:13] [GOAL] Ivan achieved AcceptMission
[09:18:13] [MISSION] Andrei accepted ScoutPoi @ Yantar (160 RU)
[09:18:13] [TASK] Andrei → AcceptMission [ScoutPoi] (goal=AcceptMission)
[09:18:13] [GOAL] Andrei achieved AcceptMission
[09:18:14] [MISSION] Oleksiy accepted ScoutPoi @ Generators (236 RU)
[09:18:14] [TASK] Oleksiy → AcceptMission [ScoutPoi] (goal=AcceptMission)
[09:18:14] [GOAL] Oleksiy achieved AcceptMission
[09:18:14] [MISSION] Igor accepted ScoutPoi @ Limansk (210 RU)
[09:18:14] [TASK] Igor → AcceptMission [ScoutPoi] (goal=AcceptMission)
[09:18:14] [GOAL] Igor achieved AcceptMission
[09:18:14] [MISSION] Alexei accepted ScoutPoi @ Limansk (210 RU)
[09:18:14] [TASK] Alexei → AcceptMission [ScoutPoi] (goal=AcceptMission)
[09:18:14] [GOAL] Alexei achieved AcceptMission
[09:18:14] [MISSION] Sean accepted ScoutPoi @ Yantar (160 RU)
[09:18:14] [TASK] Sean → AcceptMission [ScoutPoi] (goal=AcceptMission)
[09:18:14] [GOAL] Sean achieved AcceptMission
[09:18:14] [MISSION] Taras accepted ScoutPoi @ Zaton (240 RU)
[09:18:14] [TASK] Taras → AcceptMission [ScoutPoi] (goal=AcceptMission)
[09:18:14] [GOAL] Taras achieved AcceptMission
[09:18:14] [MISSION] Bohdan accepted ScoutPoi @ Wild Territory (176 RU)
[09:18:14] [TASK] Bohdan → AcceptMission [ScoutPoi] (goal=AcceptMission)
[09:18:14] [GOAL] Bohdan achieved AcceptMission
[09:18:14] [MISSION] Karl accepted ScoutPoi @ Dark Valley (190 RU)
[09:18:14] [TASK] Karl → AcceptMission [ScoutPoi] (goal=AcceptMission)
[09:18:14] [GOAL] Karl achieved AcceptMission
[09:18:14] [MISSION] Timur accepted ScoutPoi @ Limansk (210 RU)
[09:18:14] [TASK] Timur → AcceptMission [ScoutPoi] (goal=AcceptMission)
[09:18:14] [GOAL] Timur achieved AcceptMission
[09:18:14] [MISSION] Bohdan accepted ScoutPoi @ Yantar (160 RU)
[09:18:14] [TASK] Bohdan → AcceptMission [ScoutPoi] (goal=AcceptMission)
[09:18:14] [GOAL] Bohdan achieved AcceptMission
[09:18:14] [MISSION] Giorgi accepted ScoutPoi @ Limansk (210 RU)
[09:18:14] [TASK] Giorgi → AcceptMission [ScoutPoi] (goal=AcceptMission)
[09:18:14] [GOAL] Giorgi achieved AcceptMission
[09:18:14] [MISSION] Sergei accepted ScoutPoi @ Yantar (160 RU)
[09:18:14] [TASK] Sergei → AcceptMission [ScoutPoi] (goal=AcceptMission)
[09:18:14] [GOAL] Sergei achieved AcceptMission
[09:18:14] [MISSION] Nikolai accepted ScoutPoi @ Generators (236 RU)
[09:18:14] [TASK] Nikolai → AcceptMission [ScoutPoi] (goal=AcceptMission)
[09:18:14] [GOAL] Nikolai achieved AcceptMission
[09:18:14] [MISSION] Frank accepted ScoutPoi @ Yantar (160 RU)
[09:18:14] [TASK] Frank → AcceptMission [ScoutPoi] (goal=AcceptMission)
[09:18:14] [GOAL] Frank achieved AcceptMission
[09:18:14] [MISSION] Sergei accepted ScoutPoi @ Wild Territory (176 RU)
[09:18:14] [TASK] Sergei → AcceptMission [ScoutPoi] (goal=AcceptMission)
[09:18:14] [GOAL] Sergei achieved AcceptMission
[09:18:14] [MISSION] Pavel accepted ScoutPoi @ Dark Valley (190 RU)
[09:18:14] [TASK] Pavel → AcceptMission [ScoutPoi] (goal=AcceptMission)
[09:18:14] [GOAL] Pavel achieved AcceptMission
[09:18:14] [MISSION] Viktor accepted ScoutPoi @ Great Swamps (160 RU)
[09:18:14] [TASK] Viktor → AcceptMission [ScoutPoi] (goal=AcceptMission)
[09:18:14] [GOAL] Viktor achieved AcceptMission
[09:18:14] [MISSION] Mykola accepted ScoutPoi @ Generators (236 RU)
[09:18:14] [TASK] Mykola → AcceptMission [ScoutPoi] (goal=AcceptMission)
[09:18:14] [GOAL] Mykola achieved AcceptMission
[09:18:14] [MISSION] Viktor accepted ScoutPoi @ Generators (236 RU)
[09:18:14] [TASK] Viktor → AcceptMission [ScoutPoi] (goal=AcceptMission)
[09:18:14] [GOAL] Viktor achieved AcceptMission
[09:18:14] [MISSION] Zura accepted ScoutPoi @ Generators (236 RU)
[09:18:14] [TASK] Zura → AcceptMission [ScoutPoi] (goal=AcceptMission)
[09:18:14] [GOAL] Zura achieved AcceptMission
[09:18:14] [MISSION] Pavel accepted ScoutPoi @ Generators (236 RU)
[09:18:14] [TASK] Pavel → AcceptMission [ScoutPoi] (goal=AcceptMission)
[09:18:14] [GOAL] Pavel achieved AcceptMission
[09:18:14] [MISSION] Bohdan accepted ScoutPoi @ Great Swamps (160 RU)
[09:18:14] [TASK] Bohdan → AcceptMission [ScoutPoi] (goal=AcceptMission)
[09:18:14] [GOAL] Bohdan achieved AcceptMission
[09:18:14] [MISSION] Mykola accepted ScoutPoi @ Buriakivka Waste Site (236 RU)
[09:18:14] [TASK] Mykola → AcceptMission [ScoutPoi] (goal=AcceptMission)
[09:18:14] [GOAL] Mykola achieved AcceptMission
[09:18:14] [MISSION] Andrei accepted ScoutPoi @ Dark Valley (190 RU)
[09:18:14] [TASK] Andrei → AcceptMission [ScoutPoi] (goal=AcceptMission)
[09:18:14] [GOAL] Andrei achieved AcceptMission
[09:18:14] [MISSION] Jake accepted ScoutPoi @ Yantar (160 RU)
[09:18:14] [TASK] Jake → AcceptMission [ScoutPoi] (goal=AcceptMission)
[09:18:14] [GOAL] Jake achieved AcceptMission
[09:18:22] [MISSION] Karl accepted ScoutPoi @ Buriakivka Waste Site (236 RU)
[09:18:22] [TASK] Karl → AcceptMission [ScoutPoi] (goal=AcceptMission)
[09:18:22] [GOAL] Karl achieved AcceptMission
[09:18:22] [SNAPSHOT] real=18.0min game=D0 00:31 alive S=206 M=246 corpses=1417 lootable=763 gammaGear out=110 helm=180 avgRU=898 leaderGoals trade=1 mission=35 emission=Dormant nextIn=88gmin desperate=0 hungry=0 interval deaths=11 combats=14 tasks=119 gearLoot=1 gearBuy=0 missions=74 corpseDespawn=78 trickleSpawns=2 ranks=[Rookie:187,Trainee:12,Experienced:5,Professional:1,Veteran:1] goals=[Idle:65,CompleteMission::35,Traveling:1,VisitTrader::1] leaders: Dmitri[Rookie/CompleteMission:], Karl[Rookie/CompleteMission:], Andriy[Rookie/Idle], Andrei[Rookie/Idle], Mikhail[Rookie/Idle]
[09:18:25] [TASK] Bohdan → TradeRun [poi_macro_9] (goal=VisitTrader)
[09:18:25] [GOAL] Bohdan achieved VisitTrader
[09:18:25] [MISSION] Bohdan accepted ScoutPoi @ Truck Cemetery (200 RU)
[09:18:25] [TASK] Bohdan → AcceptMission [ScoutPoi] (goal=AcceptMission)
[09:18:25] [GOAL] Bohdan achieved AcceptMission
[09:18:31] [COMBAT] Dmytro Melnyk 'Crow' killed Rat using wpn_aksu
[09:18:33] [CORPSE] Despawned 38 bodies (lifetime=751)
[09:18:38] [MISSION] Zura accepted ScoutPoi @ Truck Cemetery (200 RU)
[09:18:38] [TASK] Zura → AcceptMission [ScoutPoi] (goal=AcceptMission)
[09:18:38] [GOAL] Zura achieved AcceptMission
[09:18:39] [COMBAT] Andriy Ivanov 'Razor' killed Fracture using wpn_ak74
[09:18:39] [RANK] Bohdan Sokolov 'Crow' → Trainee
[RankSystem] Bohdan Sokolov 'Crow' promoted to Trainee!
[09:18:47] [COMBAT] Rustam Ivanov 'Jackal' killed Bloodsucker using wpn_aksu
[09:18:48] [SPAWN] Trickle +1 stalkers, +0 mutants
[09:18:48] [MISSION] Yuriy accepted ScoutPoi @ Garbage (160 RU)
[09:18:48] [TASK] Yuriy → AcceptMission [ScoutPoi] (goal=AcceptMission)
[09:18:48] [GOAL] Yuriy achieved AcceptMission
[09:18:50] [COMBAT] Bohdan Bondarenko 'Shadow' killed Poltergeist using wpn_aksu
[09:18:52] [SPAWN] Trickle +0 stalkers, +1 mutants
[09:18:52] [CORPSE] Despawned 45 bodies (lifetime=796)
[09:18:52] [COMBAT] Andrei Volkov 'Wolf' killed PsyDog using wpn_ak74
[09:18:53] [SNAPSHOT] real=18.5min game=D0 00:32 alive S=197 M=242 corpses=1349 lootable=735 gammaGear out=104 helm=172 avgRU=898 leaderGoals trade=0 mission=33 emission=Dormant nextIn=87gmin desperate=0 hungry=0 interval deaths=10 combats=15 tasks=4 gearLoot=0 gearBuy=0 missions=3 corpseDespawn=83 trickleSpawns=2 ranks=[Rookie:179,Trainee:11,Experienced:5,Professional:1,Veteran:1] goals=[Idle:66,CompleteMission::33] leaders: Yuriy[Rookie/CompleteMission:], Dmitri[Rookie/CompleteMission:], Karl[Rookie/CompleteMission:], Andriy[Rookie/Idle], Andrei[Rookie/Idle]
[09:18:59] [COMBAT] Igor Kovalenko 'Lucky' killed Lurker using wpn_fn2000
[09:18:59] [COMBAT] Lars Ivanov 'Fox' killed Snork using wpn_aksu
[09:19:00] [SPAWN] Trickle +1 stalkers, +0 mutants
[09:19:00] [MISSION] Mikhail accepted ScoutPoi @ Truck Cemetery (200 RU)
[09:19:00] [TASK] Mikhail → AcceptMission [ScoutPoi] (goal=AcceptMission)
[09:19:00] [GOAL] Mikhail achieved AcceptMission
[09:19:01] [COMBAT] Igor Melnyk 'Shadow' killed Burer using wpn_sg550
[09:19:03] [COMBAT] Oleg Ivanov 'Ghost' killed Bloodsucker using wpn_mp5
[09:19:05] [COMBAT] Mikhail Popov 'Shadow' killed Bohdan Sokolov 'Crow' using wpn_fort12
[09:19:05] [GEAR] Mikhail looted [wpn_ak74, out_scientific_outfit, helm_helm_protective] via combat
[09:19:08] [SPAWN] Trickle +0 stalkers, +1 mutants
[09:19:08] [COMBAT] Yuriy Ivanov 'Spark' killed Chimera using wpn_ak74
[09:19:09] [MISSION] Oleksiy accepted ScoutPoi @ Great Swamps (160 RU)
[09:19:09] [TASK] Oleksiy → AcceptMission [ScoutPoi] (goal=AcceptMission)
[09:19:09] [GOAL] Oleksiy achieved AcceptMission
[09:19:10] [CORPSE] Despawned 43 bodies (lifetime=839)
[09:19:15] [COMBAT] Yuriy Bondarenko 'Ghost' killed Tushkano using wpn_pm
[09:19:17] [SPAWN] Trickle +0 stalkers, +1 mutants
[09:19:19] [COMBAT] Oleksiy Bondarenko 'Ghost' killed Pseudodog using wpn_pm
[09:19:22] [COMBAT] Bohdan Kovalenko 'Wolf' killed Poltergeist using wpn_ak74
[09:19:24] [SPAWN] Trickle +0 stalkers, +1 mutants
[09:19:24] [SNAPSHOT] real=19.0min game=D0 00:32 alive S=190 M=237 corpses=1322 lootable=715 gammaGear out=100 helm=165 avgRU=894 leaderGoals trade=0 mission=32 emission=Dormant nextIn=86gmin desperate=0 hungry=0 interval deaths=8 combats=16 tasks=2 gearLoot=1 gearBuy=0 missions=2 corpseDespawn=43 trickleSpawns=4 ranks=[Rookie:174,Trainee:10,Experienced:5,Professional:1] goals=[Idle:63,CompleteMission::32] leaders: Mikhail[Rookie/CompleteMission:], Yuriy[Rookie/CompleteMission:], Dmitri[Rookie/CompleteMission:], Karl[Rookie/CompleteMission:], Andriy[Rookie/Idle]
[09:19:27] [CORPSE] Despawned 32 bodies (lifetime=871)
[09:19:29] [SPAWN] Trickle +0 stalkers, +1 mutants
[09:19:29] [RANK] Andrei Shevchenko 'Spark' → Trainee
[RankSystem] Andrei Shevchenko 'Spark' promoted to Trainee!
[09:19:29] [COMBAT] Andrei Shevchenko 'Spark' killed Pseudodog using wpn_mp5
[09:19:30] [COMBAT] Andriy Kovalenko 'Fox' killed Rat using wpn_sg550
[09:19:34] [SPAWN] Trickle +0 stalkers, +1 mutants
[09:19:37] [RANK] Igor Popov 'Badger' → Trainee
[RankSystem] Igor Popov 'Badger' promoted to Trainee!
[09:19:37] [COMBAT] Igor Popov 'Badger' killed Lurker using wpn_fn2000
[09:19:38] [RANK] Sergei Kovalenko 'Fox' → Experienced
[RankSystem] Sergei Kovalenko 'Fox' promoted to Experienced!
[09:19:38] [COMBAT] Sergei Kovalenko 'Fox' killed Pseudodog using wpn_mp5
[09:19:39] [COMBAT] Serhiy Sokolov 'Stitch' killed Tushkano using wpn_ak74
[09:19:44] [CORPSE] Despawned 23 bodies (lifetime=894)
[09:19:46] [RANK] Andriy Kovalenko 'Fox' → Trainee
[RankSystem] Andriy Kovalenko 'Fox' promoted to Trainee!
[09:19:46] [COMBAT] Andriy Kovalenko 'Fox' killed Fracture using wpn_sg550
[09:19:47] [SPAWN] Trickle +2 stalkers, +0 mutants
[09:19:51] [COMBAT] Viktor Petrov 'Mole' killed Bloodsucker using wpn_ak74
[09:19:51] [COMBAT] Oleksiy Petrov 'Bone' killed Mikhail Popov 'Shadow' using wpn_ak74
[09:19:51] [GEAR] Oleksiy looted [wpn_pm] via combat
[09:19:54] [SNAPSHOT] real=19.5min game=D0 00:33 alive S=184 M=232 corpses=1282 lootable=691 gammaGear out=93 helm=160 avgRU=894 leaderGoals trade=0 mission=30 emission=Dormant nextIn=85gmin desperate=0 hungry=0 interval deaths=8 combats=15 tasks=0 gearLoot=1 gearBuy=0 missions=0 corpseDespawn=55 trickleSpawns=4 ranks=[Rookie:168,Trainee:9,Experienced:6,Professional:1] goals=[Idle:64,CompleteMission::30] leaders: Mikhail[Rookie/CompleteMission:], Dmitri[Rookie/CompleteMission:], Karl[Rookie/CompleteMission:], Sergei[Rookie/Idle], Andriy[Rookie/Idle]
[09:19:59] [SPAWN] Trickle +4 stalkers, +0 mutants
[09:19:59] [MISSION] Dmitri accepted ScoutPoi @ Rostok (160 RU)
[09:19:59] [TASK] Dmitri → AcceptMission [ScoutPoi] (goal=AcceptMission)
[09:19:59] [GOAL] Dmitri achieved AcceptMission
[09:20:00] [COMBAT] Sergei Sokolov 'Razor' killed Rat using wpn_ak74
[09:20:01] [CORPSE] Despawned 20 bodies (lifetime=914)
[09:20:02] [RANK] Mikhail Sokolov 'Shadow' → Trainee
[RankSystem] Mikhail Sokolov 'Shadow' promoted to Trainee!
[09:20:02] [COMBAT] Mikhail Sokolov 'Shadow' killed Burer using wpn_sg550
[09:20:18] [CORPSE] Despawned 29 bodies (lifetime=943)
[09:20:19] [COMBAT] Andrei Volkov 'Wolf' killed Poltergeist using wpn_ak74
[09:20:20] [SPAWN] Trickle +1 stalkers, +0 mutants
[09:20:20] [MISSION] Sergei accepted ScoutPoi @ Agroprom (164 RU)
[09:20:20] [TASK] Sergei → AcceptMission [ScoutPoi] (goal=AcceptMission)
[09:20:20] [GOAL] Sergei achieved AcceptMission
[09:20:25] [SPAWN] Trickle +0 stalkers, +1 mutants
[09:20:25] [SNAPSHOT] real=20.0min game=D0 00:34 alive S=188 M=230 corpses=1237 lootable=662 gammaGear out=95 helm=164 avgRU=893 leaderGoals trade=0 mission=32 emission=Dormant nextIn=84gmin desperate=0 hungry=0 interval deaths=1 combats=4 tasks=2 gearLoot=0 gearBuy=0 missions=2 corpseDespawn=49 trickleSpawns=6 ranks=[Rookie:171,Trainee:10,Experienced:6,Professional:1] goals=[Idle:63,CompleteMission::32] leaders: Mikhail[Rookie/CompleteMission:], Dmitri[Rookie/CompleteMission:], Karl[Rookie/CompleteMission:], Sergei[Rookie/CompleteMission:], Dmitri[Rookie/CompleteMission:]
[09:20:27] [COMBAT] Ivan Melnyk 'Ash' killed Bloodsucker using wpn_sg550
[09:20:31] [COMBAT] Viktor Kovalenko 'Scar' killed Snork using wpn_ak74
[09:20:31] [RANK] Serhiy Sokolov 'Stitch' → Trainee
[RankSystem] Serhiy Sokolov 'Stitch' promoted to Trainee!
[09:20:31] [COMBAT] Serhiy Sokolov 'Stitch' killed Lurker using wpn_ak74
[09:20:35] [CORPSE] Despawned 63 bodies (lifetime=1006)
[09:20:37] [SPAWN] Trickle +1 stalkers, +0 mutants
[09:20:41] [COMBAT] Dmitri Sokolov 'Bullet' killed Lurker using wpn_ak74
[09:20:46] [COMBAT] Igor Popov 'Badger' killed Flesh using wpn_fn2000
[09:20:49] [COMBAT] Frank Popov 'Ash' killed Poltergeist using wpn_mp5
[09:20:51] [SPAWN] Trickle +1 stalkers, +0 mutants
[09:20:51] [MISSION] Frank accepted ScoutPoi @ Jupiter (Pripyat Industrial) (196 RU)
[09:20:51] [TASK] Frank → AcceptMission [ScoutPoi] (goal=AcceptMission)
[09:20:51] [GOAL] Frank achieved AcceptMission
[09:20:52] [CORPSE] Despawned 60 bodies (lifetime=1066)
[09:20:54] [SPAWN] Trickle +1 stalkers, +0 mutants
[09:20:54] [MISSION] Taras accepted ScoutPoi @ Cordon (160 RU)
[09:20:54] [TASK] Taras → AcceptMission [ScoutPoi] (goal=AcceptMission)
[09:20:54] [GOAL] Taras achieved AcceptMission
[09:20:56] [SPAWN] Trickle +1 stalkers, +0 mutants
[09:20:56] [SNAPSHOT] real=20.5min game=D0 00:35 alive S=190 M=224 corpses=1122 lootable=563 gammaGear out=95 helm=165 avgRU=893 leaderGoals trade=0 mission=35 emission=Dormant nextIn=83gmin desperate=0 hungry=0 interval deaths=2 combats=8 tasks=2 gearLoot=0 gearBuy=0 missions=2 corpseDespawn=123 trickleSpawns=4 ranks=[Rookie:172,Trainee:11,Experienced:6,Professional:1] goals=[Idle:64,CompleteMission::34,AcceptMission::1] leaders: Mikhail[Rookie/CompleteMission:], Dmitri[Rookie/CompleteMission:], Armen[Rookie/Idle], Karl[Rookie/CompleteMission:], Sergei[Rookie/CompleteMission:]
[09:20:56] [MISSION] Viktor accepted ScoutPoi @ Wild Territory (176 RU)
[09:20:56] [TASK] Viktor → AcceptMission [ScoutPoi] (goal=AcceptMission)
[09:20:56] [GOAL] Viktor achieved AcceptMission
[09:20:57] [COMBAT] Dmitri Melnyk 'Phantom' killed Rat using wpn_mp5
[09:21:10] [CORPSE] Despawned 149 bodies (lifetime=1215)
[09:21:13] [SPAWN] Trickle +5 stalkers, +1 mutants
[09:21:14] [MISSION] Bohdan accepted ScoutPoi @ Dead City (Chernobyl-2 Settlement) (196 RU)
[09:21:14] [TASK] Bohdan → AcceptMission [ScoutPoi] (goal=AcceptMission)
[09:21:14] [GOAL] Bohdan achieved AcceptMission
[09:21:14] [MISSION] Nodar accepted ScoutPoi @ Truck Cemetery (200 RU)
[09:21:14] [TASK] Nodar → AcceptMission [ScoutPoi] (goal=AcceptMission)
[09:21:14] [GOAL] Nodar achieved AcceptMission
[09:21:19] [COMBAT] Pavel Melnyk 'One-Eye' killed Oleksiy Petrov 'Bone' using wpn_pm
[09:21:19] [GEAR] Pavel looted [wpn_ak74, wpn_pm, out_military_monolit_outfit, helm_helm_protective] via combat
[09:21:20] [COMBAT] Serhiy Ivanov 'Raven' killed Snork using wpn_fn2000
[09:21:21] [SPAWN] Trickle +4 stalkers, +0 mutants
[09:21:21] [MISSION] Zura accepted ScoutPoi @ Great Swamps (160 RU)
[09:21:21] [TASK] Zura → AcceptMission [ScoutPoi] (goal=AcceptMission)
[09:21:21] [GOAL] Zura achieved AcceptMission
[09:21:21] [MISSION] Karl accepted ScoutPoi @ Yantar (160 RU)
[09:21:21] [TASK] Karl → AcceptMission [ScoutPoi] (goal=AcceptMission)
[09:21:21] [GOAL] Karl achieved AcceptMission
[09:21:22] [TASK] Sergei → TradeRun [poi_macro_8] (goal=VisitTrader)
[09:21:22] [GOAL] Sergei achieved VisitTrader
[09:21:22] [MISSION] Sergei accepted ScoutPoi @ Zalissya (160 RU)
[09:21:22] [TASK] Sergei → AcceptMission [ScoutPoi] (goal=AcceptMission)
[09:21:22] [GOAL] Sergei achieved AcceptMission
[09:21:27] [SNAPSHOT] real=21.0min game=D0 00:36 alive S=194 M=223 corpses=980 lootable=435 gammaGear out=100 helm=167 avgRU=892 leaderGoals trade=0 mission=37 emission=Dormant nextIn=82gmin desperate=0 hungry=0 interval deaths=5 combats=7 tasks=7 gearLoot=1 gearBuy=0 missions=6 corpseDespawn=149 trickleSpawns=10 ranks=[Rookie:176,Trainee:11,Experienced:6,Professional:1] goals=[Idle:64,CompleteMission::37] leaders: Dmitri[Rookie/CompleteMission:], Armen[Rookie/Idle], Karl[Rookie/CompleteMission:], Dmitri[Rookie/CompleteMission:], Sergei[Rookie/Idle]
[09:21:29] [CORPSE] Despawned 85 bodies (lifetime=1300)
[09:21:30] [COMBAT] Damir Melnyk 'Ash' killed Controller using wpn_fn2000
[09:21:32] [SPAWN] Trickle +0 stalkers, +1 mutants
[09:21:37] [SPAWN] Trickle +0 stalkers, +1 mutants
[09:21:46] [CORPSE] Despawned 62 bodies (lifetime=1362)
[09:21:51] [MISSION] Sergei accepted ScoutPoi @ Truck Cemetery (200 RU)
[09:21:51] [TASK] Sergei → AcceptMission [ScoutPoi] (goal=AcceptMission)
[09:21:51] [GOAL] Sergei achieved AcceptMission
[09:21:52] [COMBAT] Timur Petrov 'Stitch' killed Burer using wpn_ak74
[09:21:56] [SPAWN] Trickle +1 stalkers, +0 mutants
[09:21:56] [MISSION] Pierre accepted ScoutPoi @ Duga Radar (176 RU)
[09:21:56] [TASK] Pierre → AcceptMission [ScoutPoi] (goal=AcceptMission)
[09:21:56] [GOAL] Pierre achieved AcceptMission
[09:21:56] [COMBAT] Dmitri Petrov 'Crow' killed PsyDog using wpn_fn2000
[09:21:56] [RANK] Armen Ivanov 'Wolf' → Trainee
[RankSystem] Armen Ivanov 'Wolf' promoted to Trainee!
[09:21:56] [COMBAT] Armen Ivanov 'Wolf' killed Lurker using wpn_svd
[09:21:58] [SNAPSHOT] real=21.5min game=D0 00:37 alive S=191 M=221 corpses=841 lootable=313 gammaGear out=97 helm=165 avgRU=892 leaderGoals trade=0 mission=35 emission=Dormant nextIn=82gmin desperate=0 hungry=0 interval deaths=4 combats=8 tasks=2 gearLoot=0 gearBuy=0 missions=2 corpseDespawn=147 trickleSpawns=3 ranks=[Rookie:172,Trainee:12,Experienced:6,Professional:1] goals=[Idle:63,CompleteMission::35] leaders: Dmitri[Rookie/CompleteMission:], Armen[Rookie/Idle], Karl[Rookie/CompleteMission:], Dmitri[Rookie/CompleteMission:], Sergei[Rookie/Idle]
[09:22:03] [CORPSE] Despawned 37 bodies (lifetime=1399)
[09:22:09] [MISSION] Nikolai accepted ScoutPoi @ Yantar (160 RU)
[09:22:09] [TASK] Nikolai → AcceptMission [ScoutPoi] (goal=AcceptMission)
[09:22:09] [GOAL] Nikolai achieved AcceptMission
[09:22:10] [SPAWN] Trickle +1 stalkers, +0 mutants
[09:22:14] [COMBAT] Dmytro Petrov 'Phantom' killed Pseudodog using wpn_mp5
[09:22:16] [TASK] Nikolai → TradeRun [poi_macro_8] (goal=VisitTrader)
[09:22:16] [GOAL] Nikolai achieved VisitTrader
[09:22:16] [MISSION] Nikolai accepted ScoutPoi @ Dark Valley (190 RU)
[09:22:16] [TASK] Nikolai → AcceptMission [ScoutPoi] (goal=AcceptMission)
[09:22:16] [GOAL] Nikolai achieved AcceptMission
[09:22:20] [CORPSE] Despawned 34 bodies (lifetime=1433)
[09:22:21] [COMBAT] Igor Melnyk 'Shadow' killed Bloodsucker using wpn_sg550
[09:22:26] [MISSION] Yuriy accepted ScoutPoi @ Rostok (160 RU)
[09:22:26] [TASK] Yuriy → AcceptMission [ScoutPoi] (goal=AcceptMission)
[09:22:26] [GOAL] Yuriy achieved AcceptMission
[09:22:27] [COMBAT] Sergei Kovalenko 'Fox' killed Snork using wpn_mp5
[09:22:29] [SNAPSHOT] real=22.1min game=D0 00:38 alive S=184 M=218 corpses=781 lootable=266 gammaGear out=91 helm=158 avgRU=890 leaderGoals trade=0 mission=32 emission=Dormant nextIn=81gmin desperate=0 hungry=0 interval deaths=8 combats=11 tasks=4 gearLoot=0 gearBuy=0 missions=3 corpseDespawn=71 trickleSpawns=1 ranks=[Rookie:169,Trainee:9,Experienced:6] goals=[Idle:63,CompleteMission::32] leaders: Dmitri[Rookie/CompleteMission:], Armen[Rookie/Idle], Karl[Rookie/CompleteMission:], Sergei[Rookie/Idle], Andriy[Rookie/Idle]
[09:22:38] [CORPSE] Despawned 33 bodies (lifetime=1466)
[09:22:40] [RANK] Pavel Melnyk 'One-Eye' → Experienced
[RankSystem] Pavel Melnyk 'One-Eye' promoted to Experienced!
[09:22:40] [COMBAT] Pavel Melnyk 'One-Eye' killed Pseudodog using wpn_ak74
[09:22:52] [COMBAT] Karl Kovalenko 'Bone' killed Rat using wpn_mp5
[09:22:55] [CORPSE] Despawned 26 bodies (lifetime=1492)
[09:22:57] [COMBAT] Dmytro Petrov 'Phantom' killed Bloodsucker using wpn_mp5
[09:23:00] [SNAPSHOT] real=22.6min game=D0 00:39 alive S=180 M=215 corpses=729 lootable=226 gammaGear out=90 helm=154 avgRU=889 leaderGoals trade=0 mission=29 emission=Dormant nextIn=80gmin desperate=0 hungry=0 interval deaths=4 combats=7 tasks=0 gearLoot=0 gearBuy=0 missions=0 corpseDespawn=59 trickleSpawns=0 ranks=[Rookie:165,Trainee:8,Experienced:7] goals=[Idle:62,CompleteMission::29] leaders: Dmitri[Rookie/CompleteMission:], Armen[Rookie/Idle], Karl[Rookie/CompleteMission:], Sergei[Rookie/Idle], Andriy[Rookie/Idle]
[09:23:03] [SPAWN] Trickle +1 stalkers, +1 mutants
[09:23:03] [MISSION] Jake accepted ScoutPoi @ Dark Valley (190 RU)
[09:23:03] [TASK] Jake → AcceptMission [ScoutPoi] (goal=AcceptMission)
[09:23:03] [GOAL] Jake achieved AcceptMission
[09:23:05] [COMBAT] Nikolai Popov 'Jackal' killed Dmitri Volkov 'Phantom' using wpn_ak74
[09:23:05] [GEAR] Nikolai looted [wpn_fn2000, wpn_sg550, arm_exo] via combat
[09:23:08] [RANK] Oleksiy Bondarenko 'Ghost' → Trainee
[RankSystem] Oleksiy Bondarenko 'Ghost' promoted to Trainee!
[09:23:08] [COMBAT] Oleksiy Bondarenko 'Ghost' killed Lurker using wpn_pm
[09:23:11] [COMBAT] Serhiy Ivanov 'Raven' killed Controller using wpn_fn2000
[09:23:12] [CORPSE] Despawned 22 bodies (lifetime=1514)
[09:23:14] [COMBAT] Dmitri Sokolov 'Bullet' killed Rat using wpn_ak74
[09:23:18] [COMBAT] Alexei Kovalenko 'Jackal' killed Snork using wpn_fn2000
[09:23:23] [RANK] Oleg Ivanov 'Ghost' → Trainee
[RankSystem] Oleg Ivanov 'Ghost' promoted to Trainee!
[09:23:23] [COMBAT] Oleg Ivanov 'Ghost' killed Controller using wpn_mp5
[09:23:24] [COMBAT] Karl Kovalenko 'Bone' killed Pseudodog using wpn_mp5
[09:23:25] [COMBAT] Pavel Melnyk 'One-Eye' killed Chimera using wpn_ak74
[09:23:27] [SPAWN] Trickle +1 stalkers, +0 mutants
[09:23:27] [MISSION] Sergei accepted ScoutPoi @ Agroprom (164 RU)
[09:23:27] [TASK] Sergei → AcceptMission [ScoutPoi] (goal=AcceptMission)
[09:23:27] [GOAL] Sergei achieved AcceptMission
[09:23:29] [CORPSE] Despawned 20 bodies (lifetime=1534)
[09:23:31] [SNAPSHOT] real=23.1min game=D0 00:40 alive S=179 M=209 corpses=697 lootable=196 gammaGear out=90 helm=154 avgRU=888 leaderGoals trade=0 mission=29 emission=Dormant nextIn=79gmin desperate=2 hungry=0 interval deaths=3 combats=10 tasks=2 gearLoot=1 gearBuy=0 missions=2 corpseDespawn=42 trickleSpawns=3 ranks=[Rookie:162,Trainee:10,Experienced:7] goals=[Idle:62,CompleteMission::29] leaders: Armen[Rookie/Idle], Karl[Rookie/CompleteMission:], Jake[Rookie/CompleteMission:], Sergei[Rookie/Idle], Andriy[Rookie/Idle]
[09:23:34] [COMBAT] Oleksiy Melnyk 'Bullet' killed Chimera using wpn_sg550
[09:23:36] [SPAWN] Trickle +1 stalkers, +0 mutants
[09:23:36] [MISSION] Dmitri accepted ScoutPoi @ Deserted Hospital (200 RU)
[09:23:36] [TASK] Dmitri → AcceptMission [ScoutPoi] (goal=AcceptMission)
[09:23:36] [GOAL] Dmitri achieved AcceptMission
[09:23:44] [SPAWN] Trickle +0 stalkers, +1 mutants
[09:23:46] [CORPSE] Despawned 25 bodies (lifetime=1559)
[09:23:49] [SPAWN] Trickle +1 stalkers, +0 mutants
[09:23:49] [MISSION] Frank accepted ScoutPoi @ Army Warehouses (168 RU)
[09:23:49] [TASK] Frank → AcceptMission [ScoutPoi] (goal=AcceptMission)
[09:23:49] [GOAL] Frank achieved AcceptMission
[09:24:01] [SNAPSHOT] real=23.6min game=D0 00:40 alive S=177 M=209 corpses=677 lootable=187 gammaGear out=88 helm=153 avgRU=888 leaderGoals trade=0 mission=30 emission=Dormant nextIn=78gmin desperate=2 hungry=0 interval deaths=4 combats=5 tasks=2 gearLoot=0 gearBuy=0 missions=2 corpseDespawn=25 trickleSpawns=3 ranks=[Rookie:160,Trainee:10,Experienced:7] goals=[Idle:60,CompleteMission::30] leaders: Armen[Rookie/Idle], Karl[Rookie/CompleteMission:], Jake[Rookie/CompleteMission:], Sergei[Rookie/Idle], Andriy[Rookie/Idle]
[09:24:03] [SPAWN] Trickle +0 stalkers, +1 mutants
[09:24:03] [CORPSE] Despawned 11 bodies (lifetime=1570)
[09:24:04] [SPAWN] Trickle +1 stalkers, +1 mutants
[09:24:04] [MISSION] Bohdan accepted ScoutPoi @ Red Forest (160 RU)
[09:24:04] [TASK] Bohdan → AcceptMission [ScoutPoi] (goal=AcceptMission)
[09:24:04] [GOAL] Bohdan achieved AcceptMission
[09:24:11] [SPAWN] Trickle +1 stalkers, +0 mutants
[09:24:12] [MISSION] Bohdan accepted ScoutPoi @ Garbage (160 RU)
[09:24:12] [TASK] Bohdan → AcceptMission [ScoutPoi] (goal=AcceptMission)
[09:24:12] [GOAL] Bohdan achieved AcceptMission
[09:24:15] [COMBAT] Sergei Petrenko 'Viper' killed Controller using wpn_ak74
[09:24:19] [COMBAT] Dmytro Kovalenko 'Razor' killed Chimera using wpn_ak74
[09:24:19] [COMBAT] Bakhyt Volkov 'Wolf' killed Bloodsucker using wpn_fn2000
[09:24:20] [CORPSE] Despawned 16 bodies (lifetime=1586)
[09:24:23] [COMBAT] Jake Kovalenko 'Knuckle' killed Flesh using wpn_fort12
[09:24:32] [SNAPSHOT] real=24.1min game=D0 00:41 alive S=169 M=207 corpses=664 lootable=182 gammaGear out=87 helm=145 avgRU=890 leaderGoals trade=0 mission=31 emission=Dormant nextIn=77gmin desperate=2 hungry=0 interval deaths=10 combats=14 tasks=2 gearLoot=0 gearBuy=0 missions=2 corpseDespawn=27 trickleSpawns=4 ranks=[Rookie:152,Trainee:10,Experienced:7] goals=[Idle:55,CompleteMission::31] leaders: Karl[Rookie/CompleteMission:], Jake[Rookie/CompleteMission:], Sergei[Rookie/Idle], Andriy[Rookie/Idle], Andrei[Rookie/Idle]
[09:24:35] [CORPSE] Despawned 13 bodies (lifetime=1599)
[09:24:42] [MISSION] Sergei arrived for ScoutPoi @ Abandoned Outpost (travel=574m, work=226s game)
[09:24:42] [COMBAT] Bohdan Sokolov 'The Butcher' killed Lurker using wpn_spas12
[09:24:45] [TASK] Viktor → FulfillMission [ScoutPoi] (goal=CompleteMission)
[09:24:45] [MISSION] Viktor objective done ScoutPoi @ Forgotten Lean-to → return to Generators
[09:24:45] [TASK] Zura → FulfillMission [ScoutPoi] (goal=CompleteMission)
[09:24:45] [MISSION] Zura objective done ScoutPoi @ Forgotten Lean-to → return to Generators
[09:24:45] [TASK] Pavel → FulfillMission [ScoutPoi] (goal=CompleteMission)
[09:24:45] [MISSION] Pavel objective done ScoutPoi @ Forgotten Lean-to → return to Generators
[09:24:45] [TASK] Bohdan → FulfillMission [ScoutPoi] (goal=CompleteMission)
[09:24:45] [MISSION] Bohdan objective done ScoutPoi @ Forgotten Outpost → return to Garbage
[09:24:45] [TASK] Frank → FulfillMission [ScoutPoi] (goal=CompleteMission)
[09:24:45] [MISSION] Frank objective done ScoutPoi @ Windswept Bus → return to Army Warehouses
[09:24:45] [TASK] Dmitri → FulfillMission [ScoutPoi] (goal=CompleteMission)
[09:24:45] [MISSION] Dmitri objective done ScoutPoi @ Military Research Base → return to Deserted Hospital
[09:24:45] [TASK] Sergei → FulfillMission [ScoutPoi] (goal=CompleteMission)
[09:24:45] [MISSION] Sergei objective done ScoutPoi @ Abandoned Outpost → return to Agroprom
[09:24:45] [TASK] Karl → FulfillMission [ScoutPoi] (goal=CompleteMission)
[09:24:45] [MISSION] Karl objective done ScoutPoi @ Collapsed Camp → return to Yantar
[09:24:45] [TASK] Sergei → FulfillMission [ScoutPoi] (goal=CompleteMission)
[09:24:45] [MISSION] Sergei objective done ScoutPoi @ Hidden Cairn → return to Truck Cemetery
[09:24:45] [TASK] Viktor → FulfillMission [ScoutPoi] (goal=CompleteMission)
[09:24:45] [MISSION] Viktor objective done ScoutPoi @ Forgotten Outpost → return to Wild Territory
[09:24:45] [TASK] Mykola → FulfillMission [ScoutPoi] (goal=CompleteMission)
[09:24:45] [MISSION] Mykola objective done ScoutPoi @ Pillbox Rest (Rostok-Truck Ce) → return to Buriakivka Waste Site
[09:24:45] [TASK] Karl → FulfillMission [ScoutPoi] (goal=CompleteMission)
[09:24:45] [MISSION] Karl objective done ScoutPoi @ Pillbox Rest (Rostok-Truck Ce) → return to Buriakivka Waste Site
[09:24:45] [COMBAT] Jake Kovalenko 'Knuckle' killed Boar using wpn_fort12
[09:24:45] [TASK] Jake → FulfillMission [ScoutPoi] (goal=CompleteMission)
[09:24:45] [MISSION] Jake objective done ScoutPoi @ Pillbox Rest (Meadow-Garbage) → return to Dark Valley
[09:24:45] [TASK] Dmytro → FulfillMission [ScoutPoi] (goal=CompleteMission)
[09:24:45] [MISSION] Dmytro objective done ScoutPoi @ Forgotten Lean-to → return to Generators
[09:24:45] [TASK] Oleksiy → FulfillMission [ScoutPoi] (goal=CompleteMission)
[09:24:45] [MISSION] Oleksiy objective done ScoutPoi @ Overgrown Bus → return to Great Swamps
[09:24:45] [TASK] Bohdan → FulfillMission [ScoutPoi] (goal=CompleteMission)
[09:24:45] [MISSION] Bohdan objective done ScoutPoi @ Forgotten Lean-to → return to Generators
[09:24:45] [TASK] Viktor → FulfillMission [ScoutPoi] (goal=CompleteMission)
[09:24:45] [MISSION] Viktor objective done ScoutPoi @ Forgotten Lean-to → return to Generators
[09:24:45] [TASK] Serhiy → FulfillMission [ScoutPoi] (goal=CompleteMission)
[09:24:45] [MISSION] Serhiy objective done ScoutPoi @ Derelict Stash → return to Zalissya
[09:24:45] [TASK] Dmitri → FulfillMission [ScoutPoi] (goal=CompleteMission)
[09:24:45] [MISSION] Dmitri objective done ScoutPoi @ Roadside Cache (Chernoby-Dark Val) → return to Limansk
[09:24:45] [TASK] Andrei → FulfillMission [ScoutPoi] (goal=CompleteMission)
[09:24:45] [MISSION] Andrei objective done ScoutPoi @ Collapsed Camp → return to Yantar
[09:24:45] [TASK] Oleksiy → FulfillMission [ScoutPoi] (goal=CompleteMission)
[09:24:45] [MISSION] Oleksiy objective done ScoutPoi @ Forgotten Lean-to → return to Generators
[09:24:45] [TASK] Igor → FulfillMission [ScoutPoi] (goal=CompleteMission)
[09:24:45] [MISSION] Igor objective done ScoutPoi @ Roadside Cache (Chernoby-Dark Val) → return to Limansk
[09:24:45] [TASK] Alexei → FulfillMission [ScoutPoi] (goal=CompleteMission)
[09:24:45] [MISSION] Alexei objective done ScoutPoi @ Roadside Cache (Chernoby-Dark Val) → return to Limansk
[09:24:45] [TASK] Taras → FulfillMission [ScoutPoi] (goal=CompleteMission)
[09:24:45] [MISSION] Taras objective done ScoutPoi @ Pillbox Rest (Agroprom-Yantar) → return to Zaton
[09:24:45] [TASK] Timur → FulfillMission [ScoutPoi] (goal=CompleteMission)
[09:24:45] [MISSION] Timur objective done ScoutPoi @ Roadside Cache (Chernoby-Dark Val) → return to Limansk
[09:24:45] [TASK] Bohdan → FulfillMission [ScoutPoi] (goal=CompleteMission)
[09:24:45] [MISSION] Bohdan objective done ScoutPoi @ Collapsed Camp → return to Yantar
[09:24:45] [TASK] Nikolai → FulfillMission [ScoutPoi] (goal=CompleteMission)
[09:24:45] [MISSION] Nikolai objective done ScoutPoi @ Collapsed Camp → return to Yantar
[09:24:45] [TASK] Nikolai → FulfillMission [ScoutPoi] (goal=CompleteMission)
[09:24:45] [MISSION] Nikolai objective done ScoutPoi @ Forgotten Lean-to → return to Generators
[09:24:45] [TASK] Karl → FulfillMission [ScoutPoi] (goal=CompleteMission)
[09:24:45] [MISSION] Karl objective done ScoutPoi @ Pillbox Rest (Rostok-Truck Ce) → return to Buriakivka Waste Site
[09:24:45] [TASK] Frank → FulfillMission [ScoutPoi] (goal=CompleteMission)
[09:24:45] [MISSION] Frank objective done ScoutPoi @ Collapsed Camp → return to Yantar
[09:24:45] [TASK] Sergei → FulfillMission [ScoutPoi] (goal=CompleteMission)
[09:24:45] [MISSION] Sergei objective done ScoutPoi @ Forgotten Outpost → return to Wild Territory
[09:24:45] [TASK] Pavel → FulfillMission [ScoutPoi] (goal=CompleteMission)
[09:24:45] [MISSION] Pavel objective done ScoutPoi @ Pillbox Rest (Meadow-Garbage) → return to Dark Valley
[09:24:45] [TASK] Mykola → FulfillMission [ScoutPoi] (goal=CompleteMission)
[09:24:45] [MISSION] Mykola objective done ScoutPoi @ Forgotten Lean-to → return to Generators
[09:24:47] [TASK] Karl → TurnInMission [ScoutPoi] (goal=CompleteMission)
[09:24:47] [MISSION] Karl turned in ScoutPoi @ Buriakivka Waste Site (+236 RU)
[09:24:47] [GOAL] Karl achieved CompleteMission
[09:24:47] [TASK] Jake → TurnInMission [ScoutPoi] (goal=CompleteMission)
[09:24:47] [MISSION] Jake turned in ScoutPoi @ Dark Valley (+190 RU)
[09:24:47] [GOAL] Jake achieved CompleteMission
[09:24:47] [TASK] Dmytro → TurnInMission [ScoutPoi] (goal=CompleteMission)
[09:24:47] [MISSION] Dmytro turned in ScoutPoi @ Generators (+236 RU)
[09:24:47] [GOAL] Dmytro achieved CompleteMission
[09:24:47] [TASK] Oleksiy → TurnInMission [ScoutPoi] (goal=CompleteMission)
[09:24:47] [MISSION] Oleksiy turned in ScoutPoi @ Great Swamps (+160 RU)
[09:24:47] [GOAL] Oleksiy achieved CompleteMission
[09:24:47] [TASK] Bohdan → TurnInMission [ScoutPoi] (goal=CompleteMission)
[09:24:47] [MISSION] Bohdan turned in ScoutPoi @ Generators (+236 RU)
[09:24:47] [GOAL] Bohdan achieved CompleteMission
[09:24:47] [TASK] Viktor → TurnInMission [ScoutPoi] (goal=CompleteMission)
[09:24:47] [MISSION] Viktor turned in ScoutPoi @ Generators (+236 RU)
[09:24:47] [GOAL] Viktor achieved CompleteMission
[09:24:47] [TASK] Serhiy → TurnInMission [ScoutPoi] (goal=CompleteMission)
[09:24:47] [MISSION] Serhiy turned in ScoutPoi @ Zalissya (+160 RU)
[09:24:47] [GOAL] Serhiy achieved CompleteMission
[09:24:47] [TASK] Dmitri → TurnInMission [ScoutPoi] (goal=CompleteMission)
[09:24:47] [MISSION] Dmitri turned in ScoutPoi @ Limansk (+210 RU)
[09:24:47] [GOAL] Dmitri achieved CompleteMission
[09:24:47] [TASK] Andrei → TurnInMission [ScoutPoi] (goal=CompleteMission)
[09:24:47] [MISSION] Andrei turned in ScoutPoi @ Yantar (+160 RU)
[09:24:47] [GOAL] Andrei achieved CompleteMission
[09:24:47] [TASK] Oleksiy → TurnInMission [ScoutPoi] (goal=CompleteMission)
[09:24:47] [MISSION] Oleksiy turned in ScoutPoi @ Generators (+236 RU)
[09:24:47] [GOAL] Oleksiy achieved CompleteMission
[09:24:47] [TASK] Igor → TurnInMission [ScoutPoi] (goal=CompleteMission)
[09:24:47] [MISSION] Igor turned in ScoutPoi @ Limansk (+210 RU)
[09:24:47] [GOAL] Igor achieved CompleteMission
[09:24:47] [TASK] Alexei → TurnInMission [ScoutPoi] (goal=CompleteMission)
[09:24:47] [MISSION] Alexei turned in ScoutPoi @ Limansk (+210 RU)
[09:24:47] [GOAL] Alexei achieved CompleteMission
[09:24:47] [TASK] Taras → TurnInMission [ScoutPoi] (goal=CompleteMission)
[09:24:47] [MISSION] Taras turned in ScoutPoi @ Zaton (+240 RU)
[09:24:47] [GOAL] Taras achieved CompleteMission
[09:24:47] [TASK] Timur → TurnInMission [ScoutPoi] (goal=CompleteMission)
[09:24:47] [MISSION] Timur turned in ScoutPoi @ Limansk (+210 RU)
[09:24:47] [GOAL] Timur achieved CompleteMission
[09:24:47] [TASK] Bohdan → TurnInMission [ScoutPoi] (goal=CompleteMission)
[09:24:47] [MISSION] Bohdan turned in ScoutPoi @ Yantar (+160 RU)
[09:24:47] [GOAL] Bohdan achieved CompleteMission
[09:24:47] [TASK] Nikolai → TurnInMission [ScoutPoi] (goal=CompleteMission)
[09:24:47] [MISSION] Nikolai turned in ScoutPoi @ Yantar (+160 RU)
[09:24:47] [GOAL] Nikolai achieved CompleteMission
[09:24:47] [TASK] Nikolai → TurnInMission [ScoutPoi] (goal=CompleteMission)
[09:24:47] [MISSION] Nikolai turned in ScoutPoi @ Generators (+236 RU)
[09:24:47] [GOAL] Nikolai achieved CompleteMission
[09:24:47] [TASK] Karl → TurnInMission [ScoutPoi] (goal=CompleteMission)
[09:24:47] [MISSION] Karl turned in ScoutPoi @ Buriakivka Waste Site (+236 RU)
[09:24:47] [GOAL] Karl achieved CompleteMission
[09:24:47] [TASK] Frank → TurnInMission [ScoutPoi] (goal=CompleteMission)
[09:24:47] [MISSION] Frank turned in ScoutPoi @ Yantar (+160 RU)
[09:24:47] [GOAL] Frank achieved CompleteMission
[09:24:47] [TASK] Sergei → TurnInMission [ScoutPoi] (goal=CompleteMission)
[09:24:47] [MISSION] Sergei turned in ScoutPoi @ Wild Territory (+176 RU)
[09:24:47] [GOAL] Sergei achieved CompleteMission
[09:24:47] [TASK] Pavel → TurnInMission [ScoutPoi] (goal=CompleteMission)
[09:24:47] [MISSION] Pavel turned in ScoutPoi @ Dark Valley (+190 RU)
[09:24:47] [GOAL] Pavel achieved CompleteMission
[09:24:47] [TASK] Mykola → TurnInMission [ScoutPoi] (goal=CompleteMission)
[09:24:47] [MISSION] Mykola turned in ScoutPoi @ Generators (+236 RU)
[09:24:47] [GOAL] Mykola achieved CompleteMission
[09:24:47] [TASK] Viktor → TurnInMission [ScoutPoi] (goal=CompleteMission)
[09:24:47] [MISSION] Viktor turned in ScoutPoi @ Generators (+236 RU)
[09:24:47] [GOAL] Viktor achieved CompleteMission
[09:24:47] [TASK] Zura → TurnInMission [ScoutPoi] (goal=CompleteMission)
[09:24:47] [MISSION] Zura turned in ScoutPoi @ Generators (+236 RU)
[09:24:47] [GOAL] Zura achieved CompleteMission
[09:24:47] [TASK] Pavel → TurnInMission [ScoutPoi] (goal=CompleteMission)
[09:24:47] [MISSION] Pavel turned in ScoutPoi @ Generators (+236 RU)
[09:24:47] [GOAL] Pavel achieved CompleteMission
[09:24:47] [TASK] Karl → TurnInMission [ScoutPoi] (goal=CompleteMission)
[09:24:47] [MISSION] Karl turned in ScoutPoi @ Yantar (+160 RU)
[09:24:47] [GOAL] Karl achieved CompleteMission
[09:24:47] [TASK] Sergei → TurnInMission [ScoutPoi] (goal=CompleteMission)
[09:24:47] [MISSION] Sergei turned in ScoutPoi @ Truck Cemetery (+200 RU)
[09:24:47] [GOAL] Sergei achieved CompleteMission
[09:24:47] [TASK] Viktor → TurnInMission [ScoutPoi] (goal=CompleteMission)
[09:24:47] [MISSION] Viktor turned in ScoutPoi @ Wild Territory (+176 RU)
[09:24:47] [GOAL] Viktor achieved CompleteMission
[09:24:47] [TASK] Mykola → TurnInMission [ScoutPoi] (goal=CompleteMission)
[09:24:47] [MISSION] Mykola turned in ScoutPoi @ Buriakivka Waste Site (+236 RU)
[09:24:47] [GOAL] Mykola achieved CompleteMission
[09:24:47] [MISSION] Karl accepted ScoutPoi @ Buriakivka Waste Site (236 RU)
[09:24:47] [TASK] Karl → AcceptMission [ScoutPoi] (goal=AcceptMission)
[09:24:47] [GOAL] Karl achieved AcceptMission
[09:24:47] [MISSION] Jake accepted ScoutPoi @ Dark Valley (190 RU)
[09:24:47] [TASK] Jake → AcceptMission [ScoutPoi] (goal=AcceptMission)
[09:24:47] [GOAL] Jake achieved AcceptMission
[09:24:47] [MISSION] Dmytro accepted ScoutPoi @ Generators (236 RU)
[09:24:47] [TASK] Dmytro → AcceptMission [ScoutPoi] (goal=AcceptMission)
[09:24:47] [GOAL] Dmytro achieved AcceptMission
[09:24:47] [MISSION] Oleksiy accepted ScoutPoi @ Great Swamps (160 RU)
[09:24:47] [TASK] Oleksiy → AcceptMission [ScoutPoi] (goal=AcceptMission)
[09:24:47] [GOAL] Oleksiy achieved AcceptMission
[09:24:47] [MISSION] Bohdan accepted ScoutPoi @ Generators (236 RU)
[09:24:47] [TASK] Bohdan → AcceptMission [ScoutPoi] (goal=AcceptMission)
[09:24:47] [GOAL] Bohdan achieved AcceptMission
[09:24:47] [MISSION] Viktor accepted ScoutPoi @ Generators (236 RU)
[09:24:47] [TASK] Viktor → AcceptMission [ScoutPoi] (goal=AcceptMission)
[09:24:47] [GOAL] Viktor achieved AcceptMission
[09:24:48] [MISSION] Serhiy accepted ScoutPoi @ Zalissya (160 RU)
[09:24:48] [TASK] Serhiy → AcceptMission [ScoutPoi] (goal=AcceptMission)
[09:24:48] [GOAL] Serhiy achieved AcceptMission
[09:24:48] [MISSION] Dmitri accepted ScoutPoi @ Limansk (210 RU)
[09:24:48] [TASK] Dmitri → AcceptMission [ScoutPoi] (goal=AcceptMission)
[09:24:48] [GOAL] Dmitri achieved AcceptMission
[09:24:48] [MISSION] Andrei accepted ScoutPoi @ Yantar (160 RU)
[09:24:48] [TASK] Andrei → AcceptMission [ScoutPoi] (goal=AcceptMission)
[09:24:48] [GOAL] Andrei achieved AcceptMission
[09:24:48] [MISSION] Oleksiy accepted ScoutPoi @ Generators (236 RU)
[09:24:48] [TASK] Oleksiy → AcceptMission [ScoutPoi] (goal=AcceptMission)
[09:24:48] [GOAL] Oleksiy achieved AcceptMission
[09:24:48] [MISSION] Igor accepted ScoutPoi @ Limansk (210 RU)
[09:24:48] [TASK] Igor → AcceptMission [ScoutPoi] (goal=AcceptMission)
[09:24:48] [GOAL] Igor achieved AcceptMission
[09:24:48] [MISSION] Alexei accepted ScoutPoi @ Limansk (210 RU)
[09:24:48] [TASK] Alexei → AcceptMission [ScoutPoi] (goal=AcceptMission)
[09:24:48] [GOAL] Alexei achieved AcceptMission
[09:24:48] [MISSION] Taras accepted ScoutPoi @ Zaton (240 RU)
[09:24:48] [TASK] Taras → AcceptMission [ScoutPoi] (goal=AcceptMission)
[09:24:48] [GOAL] Taras achieved AcceptMission
[09:24:48] [MISSION] Timur accepted ScoutPoi @ Limansk (210 RU)
[09:24:48] [TASK] Timur → AcceptMission [ScoutPoi] (goal=AcceptMission)
[09:24:48] [GOAL] Timur achieved AcceptMission
[09:24:48] [MISSION] Bohdan accepted ScoutPoi @ Yantar (160 RU)
[09:24:48] [TASK] Bohdan → AcceptMission [ScoutPoi] (goal=AcceptMission)
[09:24:48] [GOAL] Bohdan achieved AcceptMission
[09:24:48] [MISSION] Nikolai accepted ScoutPoi @ Yantar (160 RU)
[09:24:48] [TASK] Nikolai → AcceptMission [ScoutPoi] (goal=AcceptMission)
[09:24:48] [GOAL] Nikolai achieved AcceptMission
[09:24:48] [MISSION] Nikolai accepted ScoutPoi @ Generators (236 RU)
[09:24:48] [TASK] Nikolai → AcceptMission [ScoutPoi] (goal=AcceptMission)
[09:24:48] [GOAL] Nikolai achieved AcceptMission
[09:24:48] [MISSION] Karl accepted ScoutPoi @ Buriakivka Waste Site (236 RU)
[09:24:48] [TASK] Karl → AcceptMission [ScoutPoi] (goal=AcceptMission)
[09:24:48] [GOAL] Karl achieved AcceptMission
[09:24:48] [MISSION] Frank accepted ScoutPoi @ Yantar (160 RU)
[09:24:48] [TASK] Frank → AcceptMission [ScoutPoi] (goal=AcceptMission)
[09:24:48] [GOAL] Frank achieved AcceptMission
[09:24:48] [MISSION] Sergei accepted ScoutPoi @ Wild Territory (176 RU)
[09:24:48] [TASK] Sergei → AcceptMission [ScoutPoi] (goal=AcceptMission)
[09:24:48] [GOAL] Sergei achieved AcceptMission
[09:24:48] [MISSION] Pavel accepted ScoutPoi @ Dark Valley (190 RU)
[09:24:48] [TASK] Pavel → AcceptMission [ScoutPoi] (goal=AcceptMission)
[09:24:48] [GOAL] Pavel achieved AcceptMission
[09:24:48] [MISSION] Mykola accepted ScoutPoi @ Generators (236 RU)
[09:24:48] [TASK] Mykola → AcceptMission [ScoutPoi] (goal=AcceptMission)
[09:24:48] [GOAL] Mykola achieved AcceptMission
[09:24:48] [MISSION] Viktor accepted ScoutPoi @ Generators (236 RU)
[09:24:48] [TASK] Viktor → AcceptMission [ScoutPoi] (goal=AcceptMission)
[09:24:48] [GOAL] Viktor achieved AcceptMission
[09:24:48] [MISSION] Zura accepted ScoutPoi @ Generators (236 RU)
[09:24:48] [TASK] Zura → AcceptMission [ScoutPoi] (goal=AcceptMission)
[09:24:48] [GOAL] Zura achieved AcceptMission
[09:24:48] [MISSION] Pavel accepted ScoutPoi @ Generators (236 RU)
[09:24:48] [TASK] Pavel → AcceptMission [ScoutPoi] (goal=AcceptMission)
[09:24:48] [GOAL] Pavel achieved AcceptMission
[09:24:48] [MISSION] Karl accepted ScoutPoi @ Yantar (160 RU)
[09:24:48] [TASK] Karl → AcceptMission [ScoutPoi] (goal=AcceptMission)
[09:24:48] [GOAL] Karl achieved AcceptMission
[09:24:48] [MISSION] Sergei accepted ScoutPoi @ Truck Cemetery (200 RU)
[09:24:48] [TASK] Sergei → AcceptMission [ScoutPoi] (goal=AcceptMission)
[09:24:48] [GOAL] Sergei achieved AcceptMission
[09:24:48] [MISSION] Viktor accepted ScoutPoi @ Wild Territory (176 RU)
[09:24:48] [TASK] Viktor → AcceptMission [ScoutPoi] (goal=AcceptMission)
[09:24:48] [GOAL] Viktor achieved AcceptMission
[09:24:48] [MISSION] Mykola accepted ScoutPoi @ Buriakivka Waste Site (236 RU)
[09:24:48] [TASK] Mykola → AcceptMission [ScoutPoi] (goal=AcceptMission)
[09:24:48] [GOAL] Mykola achieved AcceptMission
[09:24:56] [CORPSE] Despawned 14 bodies (lifetime=1613)
[09:24:56] [COMBAT] Viktor Sokolov 'Jackal' killed Chimera using wpn_ak74
[09:25:03] [SNAPSHOT] real=24.6min game=D0 00:42 alive S=167 M=204 corpses=642 lootable=171 gammaGear out=86 helm=143 avgRU=926 leaderGoals trade=0 mission=27 emission=Dormant nextIn=76gmin desperate=2 hungry=0 interval deaths=2 combats=5 tasks=91 gearLoot=0 gearBuy=0 missions=58 corpseDespawn=27 trickleSpawns=0 ranks=[Rookie:133,Trainee:24,Experienced:10] goals=[Idle:55,CompleteMission::27,Traveling:3] leaders: Karl[Trainee/CompleteMission:], Jake[Trainee/CompleteMission:], Sergei[Rookie/Idle], Andriy[Rookie/Idle], Andrei[Rookie/Idle]
[09:25:09] [RANK] Pavel Bondarenko 'Wolf' → Professional
[RankSystem] Pavel Bondarenko 'Wolf' promoted to Professional!
[09:25:09] [COMBAT] Pavel Bondarenko 'Wolf' killed Pseudodog using wpn_ak74
[09:25:10] [CORPSE] Despawned 7 bodies (lifetime=1620)
[09:25:13] [COMBAT] Viktor Sokolov 'Jackal' killed Controller using wpn_ak74
[09:25:20] [COMBAT] Zura Ivanov 'Fox' killed Bloodsucker using wpn_ak74
[09:25:24] [COMBAT] Frank Volkov 'Bone' killed BlindDog using wpn_ak74
[09:25:25] [CORPSE] Despawned 18 bodies (lifetime=1638)
[09:25:33] [SNAPSHOT] real=25.1min game=D0 00:43 alive S=163 M=200 corpses=625 lootable=168 gammaGear out=84 helm=139 avgRU=928 leaderGoals trade=0 mission=27 emission=Dormant nextIn=75gmin desperate=2 hungry=0 interval deaths=4 combats=8 tasks=0 gearLoot=0 gearBuy=0 missions=0 corpseDespawn=25 trickleSpawns=0 ranks=[Rookie:130,Trainee:23,Experienced:9,Professional:1] goals=[Idle:53,CompleteMission::27,Traveling:2] leaders: Karl[Trainee/CompleteMission:], Jake[Trainee/CompleteMission:], Sergei[Rookie/Idle], Andriy[Rookie/Idle], Andrei[Rookie/Idle]
[09:25:35] [SPAWN] Trickle +0 stalkers, +1 mutants
[09:25:38] [RANK] Serhiy Ivanov 'Raven' → Trainee
[RankSystem] Serhiy Ivanov 'Raven' promoted to Trainee!
[09:25:38] [COMBAT] Serhiy Ivanov 'Raven' killed Pseudodog using wpn_fn2000
[09:25:41] [CORPSE] Despawned 13 bodies (lifetime=1651)
[09:25:45] [COMBAT] Dmitri Ivanov 'Spark' killed BlindDog using wpn_ak74
[09:25:51] [RANK] Frank Popov 'Ash' → Experienced
[RankSystem] Frank Popov 'Ash' promoted to Experienced!
[09:25:51] [COMBAT] Frank Popov 'Ash' killed Pseudodog using wpn_mp5
[09:25:57] [CORPSE] Despawned 12 bodies (lifetime=1663)
[09:26:04] [SNAPSHOT] real=25.6min game=D0 00:44 alive S=163 M=198 corpses=603 lootable=158 gammaGear out=84 helm=139 avgRU=928 leaderGoals trade=0 mission=27 emission=Dormant nextIn=74gmin desperate=2 hungry=0 interval deaths=0 combats=3 tasks=0 gearLoot=0 gearBuy=0 missions=0 corpseDespawn=25 trickleSpawns=1 ranks=[Rookie:129,Trainee:23,Experienced:10,Professional:1] goals=[Idle:53,CompleteMission::27,Traveling:2] leaders: Karl[Trainee/CompleteMission:], Jake[Trainee/CompleteMission:], Sergei[Rookie/Idle], Andriy[Rookie/Idle], Andrei[Rookie/Idle]
[09:26:13] [CORPSE] Despawned 50 bodies (lifetime=1713)
[09:26:16] [SPAWN] Trickle +1 stalkers, +0 mutants
[09:26:16] [MISSION] Oleksiy accepted ScoutPoi @ Zalissya (160 RU)
[09:26:16] [TASK] Oleksiy → AcceptMission [ScoutPoi] (goal=AcceptMission)
[09:26:16] [GOAL] Oleksiy achieved AcceptMission
[09:26:22] [SPAWN] Trickle +2 stalkers, +0 mutants
[09:26:22] [MISSION] Alibek accepted ScoutPoi @ Truck Cemetery (200 RU)
[09:26:22] [TASK] Alibek → AcceptMission [ScoutPoi] (goal=AcceptMission)
[09:26:22] [GOAL] Alibek achieved AcceptMission
[09:26:30] [CORPSE] Despawned 11 bodies (lifetime=1724)
[09:26:35] [SNAPSHOT] real=26.2min game=D0 00:45 alive S=166 M=198 corpses=542 lootable=152 gammaGear out=86 helm=142 avgRU=927 leaderGoals trade=0 mission=29 emission=Dormant nextIn=73gmin desperate=2 hungry=0 interval deaths=0 combats=0 tasks=2 gearLoot=0 gearBuy=0 missions=2 corpseDespawn=61 trickleSpawns=3 ranks=[Rookie:132,Trainee:23,Experienced:10,Professional:1] goals=[Idle:53,CompleteMission::29,Traveling:2] leaders: Karl[Trainee/CompleteMission:], Alibek[Rookie/CompleteMission:], Oleksiy[Rookie/CompleteMission:], Jake[Trainee/CompleteMission:], Sergei[Rookie/Idle]
[09:26:38] [SPAWN] Trickle +1 stalkers, +0 mutants
[09:26:38] [MISSION] Bakhyt accepted ScoutPoi @ Limansk (210 RU)
[09:26:38] [TASK] Bakhyt → AcceptMission [ScoutPoi] (goal=AcceptMission)
[09:26:38] [GOAL] Bakhyt achieved AcceptMission
[09:26:43] [SPAWN] Trickle +0 stalkers, +1 mutants
[09:26:46] [CORPSE] Despawned 15 bodies (lifetime=1739)
[09:26:48] [SPAWN] Trickle +1 stalkers, +0 mutants
[09:26:48] [MISSION] Nikolai accepted ScoutPoi @ Pripyat (196 RU)
[09:26:48] [TASK] Nikolai → AcceptMission [ScoutPoi] (goal=AcceptMission)
[09:26:48] [GOAL] Nikolai achieved AcceptMission
[09:26:58] [SPAWN] Trickle +1 stalkers, +0 mutants
[09:26:58] [MISSION] Bohdan accepted ScoutPoi @ Yantar (160 RU)
[09:26:58] [TASK] Bohdan → AcceptMission [ScoutPoi] (goal=AcceptMission)
[09:26:58] [GOAL] Bohdan achieved AcceptMission
[09:27:03] [CORPSE] Despawned 8 bodies (lifetime=1747)
[09:27:05] [COMBAT] Frank Volkov 'Bone' killed Snork using wpn_ak74
[09:27:06] [SNAPSHOT] real=26.7min game=D0 00:46 alive S=169 M=198 corpses=520 lootable=146 gammaGear out=87 helm=145 avgRU=925 leaderGoals trade=0 mission=32 emission=Dormant nextIn=72gmin desperate=2 hungry=0 interval deaths=0 combats=1 tasks=3 gearLoot=0 gearBuy=0 missions=3 corpseDespawn=23 trickleSpawns=4 ranks=[Rookie:135,Trainee:23,Experienced:10,Professional:1] goals=[Idle:53,CompleteMission::32,Traveling:2] leaders: Karl[Trainee/CompleteMission:], Bohdan[Rookie/CompleteMission:], Nikolai[Rookie/CompleteMission:], Bakhyt[Rookie/CompleteMission:], Alibek[Rookie/CompleteMission:]
[09:27:13] [COMBAT] Dmitri Ivanov 'Spark' killed Flesh using wpn_ak74
[09:27:19] [CORPSE] Despawned 12 bodies (lifetime=1759)
[09:27:20] [SPAWN] Trickle +1 stalkers, +0 mutants
[09:27:20] [MISSION] Sergei accepted ScoutPoi @ Yantar (160 RU)
[09:27:20] [TASK] Sergei → AcceptMission [ScoutPoi] (goal=AcceptMission)
[09:27:20] [GOAL] Sergei achieved AcceptMission
[09:27:29] [SPAWN] Trickle +0 stalkers, +1 mutants
[09:27:29] [COMBAT] Dmitri Ivanov 'Spark' killed Boar using wpn_ak74
[09:27:29] [COMBAT] Nikolai Petrenko 'Mole' killed Lurker using wpn_fn2000
[09:27:35] [CORPSE] Despawned 7 bodies (lifetime=1766)
[09:27:37] [SNAPSHOT] real=27.2min game=D0 00:47 alive S=167 M=196 corpses=507 lootable=147 gammaGear out=86 helm=143 avgRU=923 leaderGoals trade=0 mission=31 emission=Dormant nextIn=71gmin desperate=2 hungry=0 interval deaths=3 combats=6 tasks=1 gearLoot=0 gearBuy=0 missions=1 corpseDespawn=19 trickleSpawns=2 ranks=[Rookie:135,Trainee:22,Experienced:9,Professional:1] goals=[Idle:53,CompleteMission::31,Traveling:2] leaders: Karl[Trainee/CompleteMission:], Sergei[Rookie/CompleteMission:], Bohdan[Rookie/CompleteMission:], Nikolai[Rookie/CompleteMission:], Bakhyt[Rookie/CompleteMission:]
[09:27:49] [SPAWN] Trickle +1 stalkers, +0 mutants
[09:27:49] [MISSION] Andrei accepted ScoutPoi @ Red Forest (160 RU)
[09:27:49] [TASK] Andrei → AcceptMission [ScoutPoi] (goal=AcceptMission)
[09:27:49] [GOAL] Andrei achieved AcceptMission
[09:27:51] [CORPSE] Despawned 15 bodies (lifetime=1781)
[09:28:03] [RANK] Viktor Sokolov 'Jackal' → Trainee
[RankSystem] Viktor Sokolov 'Jackal' promoted to Trainee!
[09:28:03] [COMBAT] Viktor Sokolov 'Jackal' killed Bloodsucker using wpn_ak74
[09:28:07] [SNAPSHOT] real=27.7min game=D0 00:48 alive S=164 M=195 corpses=497 lootable=148 gammaGear out=82 helm=140 avgRU=924 leaderGoals trade=0 mission=30 emission=Dormant nextIn=70gmin desperate=2 hungry=0 interval deaths=4 combats=5 tasks=1 gearLoot=0 gearBuy=0 missions=1 corpseDespawn=15 trickleSpawns=1 ranks=[Rookie:133,Trainee:21,Experienced:9,Professional:1] goals=[Idle:54,CompleteMission::30] leaders: Karl[Trainee/CompleteMission:], Sergei[Rookie/CompleteMission:], Nikolai[Rookie/CompleteMission:], Bakhyt[Rookie/CompleteMission:], Alibek[Rookie/CompleteMission:]
[09:28:07] [CORPSE] Despawned 22 bodies (lifetime=1803)
[09:28:12] [SPAWN] Trickle +1 stalkers, +0 mutants
[09:28:12] [MISSION] Vasyl accepted ScoutPoi @ Great Swamps (160 RU)
[09:28:12] [TASK] Vasyl → AcceptMission [ScoutPoi] (goal=AcceptMission)
[09:28:12] [GOAL] Vasyl achieved AcceptMission
[09:28:13] [COMBAT] Serhiy Ivanov 'Raven' killed Bloodsucker using wpn_fn2000
[09:28:16] [SPAWN] Trickle +0 stalkers, +1 mutants
[09:28:20] [SPAWN] Trickle +0 stalkers, +1 mutants
[09:28:24] [CORPSE] Despawned 70 bodies (lifetime=1873)
[09:28:27] [SPAWN] Trickle +0 stalkers, +1 mutants
[09:28:27] [MISSION] Timur accepted ScoutPoi @ Truck Cemetery (200 RU)
[09:28:27] [TASK] Timur → AcceptMission [ScoutPoi] (goal=AcceptMission)
[09:28:27] [GOAL] Timur achieved AcceptMission
[09:28:31] [COMBAT] Nikolai Popov 'Bone' killed PsyDog using wpn_ak74
[09:28:36] [COMBAT] Frank Volkov 'Bone' killed Rat using wpn_ak74
[09:28:39] [SNAPSHOT] real=28.2min game=D0 00:49 alive S=162 M=195 corpses=411 lootable=146 gammaGear out=82 helm=139 avgRU=923 leaderGoals trade=0 mission=29 emission=Dormant nextIn=69gmin desperate=2 hungry=0 interval deaths=3 combats=6 tasks=2 gearLoot=0 gearBuy=0 missions=2 corpseDespawn=92 trickleSpawns=4 ranks=[Rookie:131,Trainee:21,Experienced:9,Professional:1] goals=[Idle:54,CompleteMission::29] leaders: Karl[Trainee/CompleteMission:], Sergei[Rookie/CompleteMission:], Nikolai[Rookie/CompleteMission:], Bakhyt[Rookie/CompleteMission:], Oleksiy[Rookie/CompleteMission:]
[09:28:40] [CORPSE] Despawned 47 bodies (lifetime=1920)
[09:28:52] [SPAWN] Trickle +0 stalkers, +1 mutants
[09:28:52] [COMBAT] Timur Volkov 'Mole' killed Lurker using wpn_svd
[09:28:56] [CORPSE] Despawned 33 bodies (lifetime=1953)
[09:29:03] [SPAWN] Trickle +0 stalkers, +1 mutants
[09:29:06] [SPAWN] Trickle +1 stalkers, +0 mutants
[09:29:06] [MISSION] Dmytro accepted ScoutPoi @ Wild Territory (176 RU)
[09:29:06] [TASK] Dmytro → AcceptMission [ScoutPoi] (goal=AcceptMission)
[09:29:06] [GOAL] Dmytro achieved AcceptMission
[09:29:08] [SPAWN] Trickle +1 stalkers, +0 mutants
[09:29:08] [MISSION] Marcus accepted ScoutPoi @ Yantar (160 RU)
[09:29:08] [TASK] Marcus → AcceptMission [ScoutPoi] (goal=AcceptMission)
[09:29:08] [GOAL] Marcus achieved AcceptMission
[09:29:10] [SNAPSHOT] real=28.7min game=D0 00:50 alive S=164 M=196 corpses=332 lootable=138 gammaGear out=82 helm=140 avgRU=922 leaderGoals trade=0 mission=31 emission=Dormant nextIn=69gmin desperate=2 hungry=0 interval deaths=0 combats=1 tasks=2 gearLoot=0 gearBuy=0 missions=2 corpseDespawn=80 trickleSpawns=4 ranks=[Rookie:133,Trainee:21,Experienced:9,Professional:1] goals=[Idle:54,CompleteMission::31] leaders: Marcus[Rookie/CompleteMission:], Dmytro[Rookie/CompleteMission:], Karl[Trainee/CompleteMission:], Sergei[Rookie/CompleteMission:], Nikolai[Rookie/CompleteMission:]
[09:29:14] [CORPSE] Despawned 29 bodies (lifetime=1982)
[09:29:30] [CORPSE] Despawned 21 bodies (lifetime=2003)
[09:29:41] [SNAPSHOT] real=29.3min game=D0 00:51 alive S=163 M=196 corpses=283 lootable=131 gammaGear out=81 helm=139 avgRU=923 leaderGoals trade=0 mission=30 emission=Dormant nextIn=68gmin desperate=2 hungry=0 interval deaths=1 combats=1 tasks=0 gearLoot=0 gearBuy=0 missions=0 corpseDespawn=50 trickleSpawns=0 ranks=[Rookie:132,Trainee:21,Experienced:9,Professional:1] goals=[Idle:54,CompleteMission::30] leaders: Marcus[Rookie/CompleteMission:], Dmytro[Rookie/CompleteMission:], Karl[Trainee/CompleteMission:], Sergei[Rookie/CompleteMission:], Nikolai[Rookie/CompleteMission:]
[09:29:46] [CORPSE] Despawned 15 bodies (lifetime=2018)
[09:29:52] [SPAWN] Trickle +0 stalkers, +1 mutants
[09:29:59] [SPAWN] Trickle +0 stalkers, +1 mutants
[09:30:00] [COMBAT] Yuriy Volkov 'Viper' killed Snork using wpn_fn2000
[09:30:02] [CORPSE] Despawned 15 bodies (lifetime=2033)
[09:30:06] [SPAWN] Trickle +0 stalkers, +1 mutants
[09:30:10] [COMBAT] Taras Sokolov 'Stitch' killed Rat using wpn_ak74
[09:30:11] [COMBAT] Ivan Kovalenko 'Shadow' killed PsyDog using wpn_fn2000
[09:30:12] [SPAWN] Trickle +1 stalkers, +0 mutants
[09:30:12] [SNAPSHOT] real=29.8min game=D0 00:52 alive S=163 M=196 corpses=257 lootable=130 gammaGear out=80 helm=139 avgRU=923 leaderGoals trade=0 mission=31 emission=Dormant nextIn=67gmin desperate=2 hungry=0 interval deaths=1 combats=4 tasks=0 gearLoot=0 gearBuy=0 missions=0 corpseDespawn=30 trickleSpawns=4 ranks=[Rookie:133,Trainee:20,Experienced:9,Professional:1] goals=[Idle:53,CompleteMission::30,AcceptMission::1] leaders: Marcus[Rookie/CompleteMission:], Dmytro[Rookie/CompleteMission:], Karl[Trainee/CompleteMission:], Mikhail[Rookie/AcceptMission:], Sergei[Rookie/CompleteMission:]
[09:30:12] [MISSION] Mikhail accepted ScoutPoi @ Rostok (160 RU)
[09:30:12] [TASK] Mikhail → AcceptMission [ScoutPoi] (goal=AcceptMission)
[09:30:12] [GOAL] Mikhail achieved AcceptMission
info: Microsoft.Hosting.Lifetime[0]
      Application is shutting down...
